name,is_baseline,status,alpha,cl,cd,cm,ld,t_max,x_tmax,polar_file,dat_file,dz_u,dz_l,Au_0,Au_1,Au_2,Au_3,Au_4,Au_5,Al_0,Al_1,Al_2,Al_3,Al_4,Al_5
sample_000,True,ok,2.0,0.7196,0.00564,-0.1014,127.58865248226951,0.12030398624479416,0.3006012024048096,D:\BH\航空项目制\优化\yixingyouhua2(1)\yixingyouhua2\batch_run\polars\sample_000_polar.txt,D:\BH\航空项目制\优化\yixingyouhua2(1)\yixingyouhua2\batch_run\airfoils\sample_000.dat,0.0015574793,-3.86697e-05,0.21828767,0.23832163,0.30765553,0.1991259,0.30210088,0.25983377,-0.13451469,-0.06345951,-0.01589266,-0.07290444,0.02177084,-0.04373223
sample_001,False,ok,2.0,0.7529,0.00549,-0.1241,137.14025500910748,0.12289920928529677,0.39078156312625245,D:\BH\航空项目制\优化\yixingyouhua2(1)\yixingyouhua2\batch_run\polars\sample_001_polar.txt,D:\BH\航空项目制\优化\yixingyouhua2(1)\yixingyouhua2\batch_run\airfoils\sample_001.dat,0.0015574793,-3.86697e-05,0.1651805938091251,0.2526702605352214,0.2925011181802743,0.2631121281041482,0.3553060512965164,0.3109692160628581,-0.1748806554408391,-0.0277343022397906,-0.0044637631814985,-0.1361234734479509,0.0378587041712331,-0.0781325496323668
sample_002,False,ok,2.0,0.6468,0.00544,-0.0744,118.8970588235294,0.11199295423769838,0.2745490981963928,D:\BH\航空项目制\优化\yixingyouhua2(1)\yixingyouhua2\batch_run\polars\sample_002_polar.txt,D:\BH\航空项目制\优化\yixingyouhua2(1)\yixingyouhua2\batch_run\airfoils\sample_002.dat,0.0015574793,-3.86697e-05,0.234525201689593,0.2357369906601832,0.2754637674361016,0.150052872644112,0.2564661493184586,0.2005482391711376,-0.1188997513682393,-0.0379475875812572,-0.0298250276041407,-0.0851551655839046,0.0349467128378857,-0.0399096338305145
sample_003,False,ok,2.0,0.6995,0.00683,-0.1012,102.41581259150806,0.10865014388181661,0.2945891783567134,D:\BH\航空项目制\优化\yixingyouhua2(1)\yixingyouhua2\batch_run\polars\sample_003_polar.txt,D:\BH\航空项目制\优化\yixingyouhua2(1)\yixingyouhua2\batch_run\airfoils\sample_003.dat,0.0015574793,-3.86697e-05,0.2387602100969202,0.1804114279786528,0.2986017475130103,0.1544887703402984,0.3298208415773541,0.2592545724240523,-0.170719236053512,0.0005899724898557,-0.0742475648643719,-0.015303213174523,-0.0345165215036439,-0.0068286508511206
sample_004,False,ok,2.0,0.7027,0.00633,-0.0837,111.01105845181675,0.12324653719684694,0.23246492985971942,D:\BH\航空项目制\优化\yixingyouhua2(1)\yixingyouhua2\batch_run\polars\sample_004_polar.txt,D:\BH\航空项目制\优化\yixingyouhua2(1)\yixingyouhua2\batch_run\airfoils\sample_004.dat,0.0015574793,-3.86697e-05,0.2655097434695376,0.2664470689063937,0.3214158645230822,0.1547811827871275,0.2784896601670311,0.2845482712230083,-0.1528620463088402,-0.0510932484422531,0.0242485441505457,-0.0715875195776497,0.0208705918738173,-0.0919438851023406
sample_005,False,ok,2.0,0.6672,0.00643,-0.0846,103.76360808709175,0.11009752793766572,0.22645290581162322,D:\BH\航空项目制\优化\yixingyouhua2(1)\yixingyouhua2\batch_run\polars\sample_005_polar.txt,D:\BH\航空项目制\优化\yixingyouhua2(1)\yixingyouhua2\batch_run\airfoils\sample_005.dat,0.0015574793,-3.86697e-05,0.2273285203896555,0.2513095181180872,0.2494848712891188,0.1427919286032882,0.2399793465539498,0.270349482925762,-0.1770424709994809,-0.0061538398493552,-0.0184457660338799,-0.0747737309036492,-0.0412479424065044,-0.0010154892730397
sample_006,False,ok,2.0,0.6881,0.00555,-0.1046,123.98198198198199,0.12351418851802508,0.2865731462925851,D:\BH\航空项目制\优化\yixingyouhua2(1)\yixingyouhua2\batch_run\polars\sample_006_polar.txt,D:\BH\航空项目制\优化\yixingyouhua2(1)\yixingyouhua2\batch_run\airfoils\sample_006.dat,0.0015574793,-3.86697e-05,0.1700430750766448,0.2277941349954676,0.3624665428707716,0.1663862667656906,0.2709325377455999,0.257619126451943,-0.1713964879539312,-0.1013591856751654,0.0151313357876707,-0.0581222888404001,0.0280789093283556,-0.0612743024824561
sample_007,False,ok,2.0,0.6138,0.00533,-0.0887,115.1594746716698,0.1369445249490809,0.30861723446893785,D:\BH\航空项目制\优化\yixingyouhua2(1)\yixingyouhua2\batch_run\polars\sample_007_polar.txt,D:\BH\航空项目制\优化\yixingyouhua2(1)\yixingyouhua2\batch_run\airfoils\sample_007.dat,0.0015574793,-3.86697e-05,0.1634403750669834,0.250868021911225,0.3154504770957202,0.2079415133960248,0.2448754352076602,0.226496403902057,-0.1757296327865362,-0.1283541145114559,-0.0425569005068283,-0.1287529935279915,0.0163269582333289,-0.0626400343197253
sample_008,False,ok,2.0,0.6649,0.00616,-0.0922,107.9383116883117,0.1343354664716871,0.2725450901803607,D:\BH\航空项目制\优化\yixingyouhua2(1)\yixingyouhua2\batch_run\polars\sample_008_polar.txt,D:\BH\航空项目制\优化\yixingyouhua2(1)\yixingyouhua2\batch_run\airfoils\sample_008.dat,0.0015574793,-3.86697e-05,0.244892368286995,0.2473271591853994,0.2937262588562817,0.1484725373067115,0.3527869031124838,0.2841436794528243,-0.1646012237155684,-0.0972331910991734,-0.0744313268772164,-0.0806507951729283,-0.0123152910477261,-0.0621601878247369
sample_009,False,ok,2.0,0.7334,0.00572,-0.0967,128.21678321678323,0.12547102788344663,0.280561122244489,D:\BH\航空项目制\优化\yixingyouhua2(1)\yixingyouhua2\batch_run\polars\sample_009_polar.txt,D:\BH\航空项目制\优化\yixingyouhua2(1)\yixingyouhua2\batch_run\airfoils\sample_009.dat,0.0015574793,-3.86697e-05,0.2140963129070853,0.2974207003403259,0.2928253028218162,0.222442535535739,0.329235469673472,0.2275331287150697,-0.0864377320633264,-0.1003768386193701,0.0070931815883229,-0.0397732371497271,0.0417518953364808,-0.0792024909353599
sample_010,False,ok,2.0,0.7476,0.00633,-0.0983,118.10426540284361,0.11851939219287426,0.25851703406813625,D:\BH\航空项目制\优化\yixingyouhua2(1)\yixingyouhua2\batch_run\polars\sample_010_polar.txt,D:\BH\航空项目制\优化\yixingyouhua2(1)\yixingyouhua2\batch_run\airfoils\sample_010.dat,0.0015574793,-3.86697e-05,0.2518193161166133,0.2664967377922995,0.2985160293882144,0.182121695175051,0.3494810304259069,0.239936904304025,-0.1304566769745214,-0.047500416571288,0.0233016016407476,-0.0703667934561824,0.0093400586032194,-0.0369399300995275
sample_011,False,ok,2.0,0.7423,0.00577,-0.0927,128.6481802426343,0.14346059285815016,0.3006012024048096,D:\BH\航空项目制\优化\yixingyouhua2(1)\yixingyouhua2\batch_run\polars\sample_011_polar.txt,D:\BH\航空项目制\优化\yixingyouhua2(1)\yixingyouhua2\batch_run\airfoils\sample_011.dat,0.0015574793,-3.86697e-05,0.2698037148426942,0.3005786432945319,0.3599082114921679,0.1782031966918119,0.3633706067715986,0.2766042907956655,-0.1390499446384021,-0.048825368763035,-0.0757882882572026,-0.0622953691962554,-0.0331906113906065,-0.0615790737435926
sample_012,False,ok,2.0,0.7014,0.00573,-0.1107,122.40837696335079,0.13233116013633195,0.30861723446893785,D:\BH\航空项目制\优化\yixingyouhua2(1)\yixingyouhua2\batch_run\polars\sample_012_polar.txt,D:\BH\航空项目制\优化\yixingyouhua2(1)\yixingyouhua2\batch_run\airfoils\sample_012.dat,0.0015574793,-3.86697e-05,0.1971773113678926,0.249644901283607,0.3031843173240716,0.2303239236645107,0.3581778048681857,0.2857919703687983,-0.1928225270530283,-0.0815800132666599,-0.0423681703886726,-0.0807469679395107,-0.0033571049594311,-0.0862484464312059
sample_013,False,ok,2.0,0.6358,0.00609,-0.1016,104.40065681444993,0.1171636604368787,0.2725450901803607,D:\BH\航空项目制\优化\yixingyouhua2(1)\yixingyouhua2\batch_run\polars\sample_013_polar.txt,D:\BH\航空项目制\优化\yixingyouhua2(1)\yixingyouhua2\batch_run\airfoils\sample_013.dat,0.0015574793,-3.86697e-05,0.1892999675852417,0.1758984921091987,0.2561467940202303,0.1887674417251191,0.2581228410067736,0.2405052302864103,-0.1747129686334301,-0.1149305106002261,-0.0746648149210465,-0.0141057897991067,-0.0175852365642317,0.0009295091919365
sample_014,False,ok,2.0,0.6932,0.00624,-0.0972,111.08974358974359,0.10695004713313508,0.23847695390781562,D:\BH\航空项目制\优化\yixingyouhua2(1)\yixingyouhua2\batch_run\polars\sample_014_polar.txt,D:\BH\航空项目制\优化\yixingyouhua2(1)\yixingyouhua2\batch_run\airfoils\sample_014.dat,0.0015574793,-3.86697e-05,0.2117632964054006,0.2323711467049933,0.2639991904667618,0.1632659505507004,0.3212448757846838,0.2293343823067547,-0.1589746418792108,-0.0441360857548685,0.036059252785986,-0.0812565865979347,-0.0094144084444048,-0.0155489451275789
sample_015,False,ok,2.0,0.7656,0.00568,-0.0967,134.78873239436618,0.11735743419938577,0.2725450901803607,D:\BH\航空项目制\优化\yixingyouhua2(1)\yixingyouhua2\batch_run\polars\sample_015_polar.txt,D:\BH\航空项目制\优化\yixingyouhua2(1)\yixingyouhua2\batch_run\airfoils\sample_015.dat,0.0015574793,-3.86697e-05,0.251713517962622,0.291972378719094,0.2860503171206945,0.1476879283821332,0.2993053630254841,0.3096726462239291,-0.0775022893441904,-0.0404100689203473,-0.0110770350785335,-0.0780171125488848,0.0862602279702579,-0.0533304426950196
sample_016,False,ok,2.0,0.6898,0.00683,-0.1039,100.99560761346999,0.12536409116308295,0.2605210420841683,D:\BH\航空项目制\优化\yixingyouhua2(1)\yixingyouhua2\batch_run\polars\sample_016_polar.txt,D:\BH\航空项目制\优化\yixingyouhua2(1)\yixingyouhua2\batch_run\airfoils\sample_016.dat,0.0015574793,-3.86697e-05,0.2441238013174572,0.2008908646245595,0.2769305622754331,0.2272651861488413,0.3107006389225504,0.2250230926905254,-0.1883670736698357,-0.105327697111232,-0.0130107150996502,-0.08792051991138,-0.0325636838063796,0.0198602192168328
sample_017,False,ok,2.0,0.7647,0.00594,-0.1221,128.73737373737376,0.13550332747180388,0.3226452905811623,D:\BH\航空项目制\优化\yixingyouhua2(1)\yixingyouhua2\batch_run\polars\sample_017_polar.txt,D:\BH\航空项目制\优化\yixingyouhua2(1)\yixingyouhua2\batch_run\airfoils\sample_017.dat,0.0015574793,-3.86697e-05,0.1825703643125243,0.2822762669017492,0.3615489120258925,0.237330363413293,0.3640156001580682,0.2881846412897941,-0.1945050476710285,-0.0680797380516513,0.0203532982473524,-0.1126819982902586,0.0230274424305291,-0.0752913677835544
sample_018,False,ok,2.0,0.709,0.00599,-0.0882,118.36393989983306,0.12703819315011863,0.2945891783567134,D:\BH\航空项目制\优化\yixingyouhua2(1)\yixingyouhua2\batch_run\polars\sample_018_polar.txt,D:\BH\航空项目制\优化\yixingyouhua2(1)\yixingyouhua2\batch_run\airfoils\sample_018.dat,0.0015574793,-3.86697e-05,0.2381331288550652,0.2760017264774001,0.3096374387411251,0.2114605029149535,0.2713236545162655,0.2697565547392596,-0.1336215260777557,-0.0659365401061324,0.0145100261101894,-0.1191674641256024,-0.0413844952845667,-0.0310562752803393
sample_019,False,ok,2.0,0.6937,0.00546,-0.1177,127.05128205128206,0.11445117735256854,0.3386773547094188,D:\BH\航空项目制\优化\yixingyouhua2(1)\yixingyouhua2\batch_run\polars\sample_019_polar.txt,D:\BH\航空项目制\优化\yixingyouhua2(1)\yixingyouhua2\batch_run\airfoils\sample_019.dat,0.0015574793,-3.86697e-05,0.1557029783281983,0.1915975713370169,0.2920618079122461,0.2162514432232018,0.3127347977800456,0.2471380927160695,-0.1905588048984395,-0.063368997348944,-0.0205108186729964,-0.087717923397207,0.0121486855107465,-0.0178670138303349
sample_020,False,ok,2.0,0.7703,0.00536,-0.117,143.71268656716418,0.12286530784571781,0.31462925851703405,D:\BH\航空项目制\优化\yixingyouhua2(1)\yixingyouhua2\batch_run\polars\sample_020_polar.txt,D:\BH\航空项目制\优化\yixingyouhua2(1)\yixingyouhua2\batch_run\airfoils\sample_020.dat,0.0015574793,-3.86697e-05,0.1568727254903209,0.2846791188916749,0.3386700339015878,0.1657229100923259,0.3268904732342809,0.2617754463120531,-0.1010555520125386,-0.0841558879460197,0.0087668335945318,-0.0664724528322685,-0.0129840391879446,0.0190049775202803
sample_021,False,ok,2.0,0.6376,0.00609,-0.0801,104.69622331691296,0.11096273022746433,0.24649298597194386,D:\BH\航空项目制\优化\yixingyouhua2(1)\yixingyouhua2\batch_run\polars\sample_021_polar.txt,D:\BH\航空项目制\优化\yixingyouhua2(1)\yixingyouhua2\batch_run\airfoils\sample_021.dat,0.0015574793,-3.86697e-05,0.1831157861867101,0.2842725725190118,0.2679420344690296,0.164413233302148,0.297281691962206,0.2084518992906727,-0.1730469592869693,-0.0262285995360037,0.040234910716238,-0.101021349780819,0.0351476726444497,-0.1024807458547518
sample_022,False,ok,2.0,0.7101,0.00498,-0.1034,142.59036144578312,0.13680030895967477,0.3306613226452906,D:\BH\航空项目制\优化\yixingyouhua2(1)\yixingyouhua2\batch_run\polars\sample_022_polar.txt,D:\BH\航空项目制\优化\yixingyouhua2(1)\yixingyouhua2\batch_run\airfoils\sample_022.dat,0.0015574793,-3.86697e-05,0.1588816656035533,0.2859668172378775,0.3556483525952069,0.1806879120957122,0.2498567773738366,0.2893779792330793,-0.1381604584342694,-0.0769443609175255,-0.0461519950144967,-0.1280092442298395,-0.0212427223384067,0.0030553010991424
sample_023,False,ok,2.0,0.7438,0.00491,-0.1086,151.4867617107943,0.12807679835541677,0.34669338677354705,D:\BH\航空项目制\优化\yixingyouhua2(1)\yixingyouhua2\batch_run\polars\sample_023_polar.txt,D:\BH\航空项目制\优化\yixingyouhua2(1)\yixingyouhua2\batch_run\airfoils\sample_023.dat,0.0015574793,-3.86697e-05,0.1853611858923844,0.2634406172506963,0.3333708542595307,0.23819925350575,0.2648242041944823,0.3030786038385842,-0.1228194909354608,-0.0435413122608144,-0.0391239531008276,-0.1013823391307296,0.033585178074344,-0.0474930113062587
sample_024,False,ok,2.0,0.7647,0.00701,-0.1121,109.08701854493582,0.11690260733422823,0.2124248496993988,D:\BH\航空项目制\优化\yixingyouhua2(1)\yixingyouhua2\batch_run\polars\sample_024_polar.txt,D:\BH\航空项目制\优化\yixingyouhua2(1)\yixingyouhua2\batch_run\airfoils\sample_024.dat,0.0015574793,-3.86697e-05,0.2792734441049308,0.1989312377261247,0.3362663629050063,0.1452321352590087,0.3646704454946256,0.3071380401378349,-0.1570685412221623,-0.0710211235899054,0.0346711665035156,-0.0153938494102276,0.0661399046429396,-0.0706312765586665
sample_025,False,ok,2.0,0.5714,0.00622,-0.0634,91.86495176848875,0.11273166521722922,0.25851703406813625,D:\BH\航空项目制\优化\yixingyouhua2(1)\yixingyouhua2\batch_run\polars\sample_025_polar.txt,D:\BH\航空项目制\优化\yixingyouhua2(1)\yixingyouhua2\batch_run\airfoils\sample_025.dat,0.0015574793,-3.86697e-05,0.2149489447444444,0.2344128184350817,0.257749963592005,0.145214729971573,0.3056607270380184,0.2148451801943964,-0.1520944664958051,-0.0715977399391404,0.0244091105410158,-0.133467282242957,-0.0378367147202001,-0.1023745785505862
sample_026,False,ok,2.0,0.7913,0.00507,-0.1063,156.0749506903353,0.11809564187616858,0.3166332665330661,D:\BH\航空项目制\优化\yixingyouhua2(1)\yixingyouhua2\batch_run\polars\sample_026_polar.txt,D:\BH\航空项目制\优化\yixingyouhua2(1)\yixingyouhua2\batch_run\airfoils\sample_026.dat,0.0015574793,-3.86697e-05,0.2286201569826032,0.2622299688086042,0.3248557374368845,0.1842613340179168,0.2646732237475094,0.2621336607216485,-0.0715413977563287,-0.0377749388168405,-0.01790908682085,-0.0878232199289493,0.0693960906362512,0.0141249729213884
sample_027,False,ok,2.0,0.7559,0.0057,-0.108,132.6140350877193,0.13778666836269768,0.280561122244489,D:\BH\航空项目制\优化\yixingyouhua2(1)\yixingyouhua2\batch_run\polars\sample_027_polar.txt,D:\BH\航空项目制\优化\yixingyouhua2(1)\yixingyouhua2\batch_run\airfoils\sample_027.dat,0.0015574793,-3.86697e-05,0.2152341806051541,0.2895964456431233,0.3260837759876817,0.2458975170510842,0.2398413264464236,0.3136810055767272,-0.1271737526277961,-0.1246417443536486,-0.0194387434950266,-0.0273594522371193,-0.012144284637767,-0.0353719676817852
sample_028,False,ok,2.0,0.6953,0.00583,-0.1029,119.26243567753002,0.12916975361989666,0.250501002004008,D:\BH\航空项目制\优化\yixingyouhua2(1)\yixingyouhua2\batch_run\polars\sample_028_polar.txt,D:\BH\航空项目制\优化\yixingyouhua2(1)\yixingyouhua2\batch_run\airfoils\sample_028.dat,0.0015574793,-3.86697e-05,0.1884874614243062,0.2796917390971514,0.3132191493749112,0.1824397307360743,0.3152193604721302,0.1986221298467708,-0.1899583807407335,-0.0962370517314042,0.0002537908288357,-0.0297323689859215,0.0773993910874338,-0.0747254762441803
sample_029,False,ok,2.0,0.7005,0.00545,-0.0854,128.53211009174314,0.11945093558754555,0.3607214428857715,D:\BH\航空项目制\优化\yixingyouhua2(1)\yixingyouhua2\batch_run\polars\sample_029_polar.txt,D:\BH\航空项目制\优化\yixingyouhua2(1)\yixingyouhua2\batch_run\airfoils\sample_029.dat,0.0015574793,-3.86697e-05,0.2681994283684867,0.2119120679788831,0.3034015405877019,0.2420314518820326,0.3432556379793967,0.2073173337120212,-0.0724440999619273,-0.0738242957737204,0.0161928459109321,-0.1302600166193785,0.0402355176545558,-0.0740875232239993
sample_030,False,ok,2.0,0.6758,0.00558,-0.0853,121.1111111111111,0.12591810699139658,0.2865731462925851,D:\BH\航空项目制\优化\yixingyouhua2(1)\yixingyouhua2\batch_run\polars\sample_030_polar.txt,D:\BH\航空项目制\优化\yixingyouhua2(1)\yixingyouhua2\batch_run\airfoils\sample_030.dat,0.0015574793,-3.86697e-05,0.2445831967557356,0.2554733924028777,0.2724154623059979,0.1351510547536452,0.3251052509470057,0.2998241593554504,-0.0792617420465917,-0.1246914714205444,-0.0183855333604672,-0.1305203745420977,-0.0223851466120165,-0.0300908614315986
sample_031,False,ok,2.0,0.6135,0.00654,-0.0731,93.80733944954129,0.11829941977347425,0.24649298597194386,D:\BH\航空项目制\优化\yixingyouhua2(1)\yixingyouhua2\batch_run\polars\sample_031_polar.txt,D:\BH\航空项目制\优化\yixingyouhua2(1)\yixingyouhua2\batch_run\airfoils\sample_031.dat,0.0015574793,-3.86697e-05,0.2645736295262402,0.1798112530889965,0.3066920476909553,0.1347249652189677,0.2662505318486298,0.2136041572805981,-0.1594551311893989,-0.07322435005582,-0.0498949086057217,-0.040655631767438,-0.0068952461194127,-0.0552823430282122
sample_032,False,ok,2.0,0.801,0.00472,-0.1279,169.70338983050848,0.10670588903284003,0.37675350701402804,D:\BH\航空项目制\优化\yixingyouhua2(1)\yixingyouhua2\batch_run\polars\sample_032_polar.txt,D:\BH\航空项目制\优化\yixingyouhua2(1)\yixingyouhua2\batch_run\airfoils\sample_032.dat,0.0015574793,-3.86697e-05,0.1828094400251264,0.1844743785350489,0.3578218703237859,0.2119397587743797,0.3654597489531741,0.2894358183167761,-0.0718879110513073,-0.0480960827614187,0.031292747267678,-0.048718905465526,0.0746565472038612,-0.0668271086955574
sample_033,False,ok,2.0,0.7346,0.00511,-0.1114,143.7573385518591,0.12464959942939914,0.3607214428857715,D:\BH\航空项目制\优化\yixingyouhua2(1)\yixingyouhua2\batch_run\polars\sample_033_polar.txt,D:\BH\航空项目制\优化\yixingyouhua2(1)\yixingyouhua2\batch_run\airfoils\sample_033.dat,0.0015574793,-3.86697e-05,0.2253617188456316,0.1816427885994398,0.3286533241128797,0.2489634631294663,0.2956772785233079,0.3012733904144701,-0.1177565697366125,-0.0754300765454557,-0.0488769756933306,-0.0753905683516424,-0.0092568928994436,-0.0288649375566929
sample_034,False,ok,2.0,0.6253,0.00583,-0.0813,107.25557461406517,0.11044578703472971,0.23847695390781562,D:\BH\航空项目制\优化\yixingyouhua2(1)\yixingyouhua2\batch_run\polars\sample_034_polar.txt,D:\BH\航空项目制\优化\yixingyouhua2(1)\yixingyouhua2\batch_run\airfoils\sample_034.dat,0.0015574793,-3.86697e-05,0.2189961353756963,0.1742493655511368,0.3225224558329108,0.1469142327756541,0.245221379626075,0.2350541717023886,-0.1477557354830707,-0.110529094328953,0.042000930329654,-0.0268739706687733,-0.0385737653979482,-0.0606180943702372
sample_035,False,ok,2.0,0.7051,0.0061,-0.0882,115.59016393442622,0.10681926564487948,0.31462925851703405,D:\BH\航空项目制\优化\yixingyouhua2(1)\yixingyouhua2\batch_run\polars\sample_035_polar.txt,D:\BH\航空项目制\优化\yixingyouhua2(1)\yixingyouhua2\batch_run\airfoils\sample_035.dat,0.0015574793,-3.86697e-05,0.2635184469739045,0.2065150409233589,0.2961578373228707,0.1783562224986515,0.3170863751369947,0.3065560271054289,-0.0988972032902777,-0.0015137150983635,-0.0443317218958477,-0.01871842655486,-0.0104863376996917,-0.0818578186463513
sample_036,False,ok,2.0,0.6927,0.00572,-0.074,121.1013986013986,0.13097292019053586,0.2725450901803607,D:\BH\航空项目制\优化\yixingyouhua2(1)\yixingyouhua2\batch_run\polars\sample_036_polar.txt,D:\BH\航空项目制\优化\yixingyouhua2(1)\yixingyouhua2\batch_run\airfoils\sample_036.dat,0.0015574793,-3.86697e-05,0.2722241266832582,0.2683918292317571,0.3427550594143755,0.1660147563138587,0.2655616998179372,0.2384443082430588,-0.0939753645777877,-0.10131979209972,0.0040357132318533,-0.0650005235339823,-0.0331695689372815,-0.0515991460612557
sample_037,False,ok,2.0,0.7982,0.00664,-0.1159,120.21084337349397,0.11521046266453816,0.19839679358717432,D:\BH\航空项目制\优化\yixingyouhua2(1)\yixingyouhua2\batch_run\polars\sample_037_polar.txt,D:\BH\航空项目制\优化\yixingyouhua2(1)\yixingyouhua2\batch_run\airfoils\sample_037.dat,0.0015574793,-3.86697e-05,0.2480404995320552,0.2792423383810499,0.2876320502207059,0.153868412217071,0.3549567199477935,0.26967004398085,-0.1834592729711218,-0.0090007776931966,0.0384602419713539,-0.0138978917926782,0.0490071728386989,-0.0213022935958753
sample_038,False,ok,2.0,0.7351,0.006,-0.1071,122.51666666666667,0.12360076280862353,0.2885771543086172,D:\BH\航空项目制\优化\yixingyouhua2(1)\yixingyouhua2\batch_run\polars\sample_038_polar.txt,D:\BH\航空项目制\优化\yixingyouhua2(1)\yixingyouhua2\batch_run\airfoils\sample_038.dat,0.0015574793,-3.86697e-05,0.1745842042415524,0.3021334382595689,0.3053172455853088,0.1926595662208153,0.2567694899727007,0.2442670232226063,-0.1859983603811369,-0.0187294692949851,-0.013267490118042,-0.1093194444133566,0.0468962241794952,0.0038318637868303
sample_039,False,ok,2.0,0.805,0.00544,-0.1234,147.97794117647058,0.1099255956454307,0.2945891783567134,D:\BH\航空项目制\优化\yixingyouhua2(1)\yixingyouhua2\batch_run\polars\sample_039_polar.txt,D:\BH\航空项目制\优化\yixingyouhua2(1)\yixingyouhua2\batch_run\airfoils\sample_039.dat,0.0015574793,-3.86697e-05,0.1695827343111053,0.2566552214109869,0.3304675763178104,0.1744574112770173,0.3150512708603369,0.2502011920445957,-0.083636678785975,-0.0729322930281512,0.0400439118412966,-0.0232184205818643,0.039481239793212,0.0184995851511597
sample_040,False,ok,2.0,0.7477,0.00583,-0.1119,128.25042881646655,0.11160165501820593,0.344689378757515,D:\BH\航空项目制\优化\yixingyouhua2(1)\yixingyouhua2\batch_run\polars\sample_040_polar.txt,D:\BH\航空项目制\优化\yixingyouhua2(1)\yixingyouhua2\batch_run\airfoils\sample_040.dat,0.0015574793,-3.86697e-05,0.2045814719542069,0.2219842394293346,0.3085738470194691,0.2230048053767782,0.3166505478143962,0.2598221484671443,-0.1604521232139677,-0.0009125843989926,-0.015583078278519,-0.0586573922540765,0.0059425054764904,-0.0293812536110374
sample_041,False,ok,2.0,0.7874,0.00549,-0.1105,143.42440801457195,0.12161784088690679,0.3306613226452906,D:\BH\航空项目制\优化\yixingyouhua2(1)\yixingyouhua2\batch_run\polars\sample_041_polar.txt,D:\BH\航空项目制\优化\yixingyouhua2(1)\yixingyouhua2\batch_run\airfoils\sample_041.dat,0.0015574793,-3.86697e-05,0.2451189087971828,0.2629161021943529,0.2952112101251379,0.2425184231210191,0.3304377548143626,0.2907375086628397,-0.1065624481651744,-0.017719061381911,-0.0415956063542039,-0.0726934735647041,0.0444166664776371,-0.0394550522017907
sample_042,False,ok,2.0,0.6875,0.00514,-0.096,133.75486381322958,0.1191976880664225,0.3386773547094188,D:\BH\航空项目制\优化\yixingyouhua2(1)\yixingyouhua2\batch_run\polars\sample_042_polar.txt,D:\BH\航空项目制\优化\yixingyouhua2(1)\yixingyouhua2\batch_run\airfoils\sample_042.dat,0.0015574793,-3.86697e-05,0.1686577924684348,0.2776408914401752,0.2956272858740946,0.156611640820088,0.2823034904230844,0.3210528489183185,-0.1237126136356523,-0.0140172807345325,-0.0554765078263351,-0.1267145949168494,0.040411015042901,-0.0663092115201825
sample_043,False,ok,2.0,0.6899,0.00484,-0.0978,142.54132231404958,0.12928371046283751,0.3306613226452906,D:\BH\航空项目制\优化\yixingyouhua2(1)\yixingyouhua2\batch_run\polars\sample_043_polar.txt,D:\BH\航空项目制\优化\yixingyouhua2(1)\yixingyouhua2\batch_run\airfoils\sample_043.dat,0.0015574793,-3.86697e-05,0.1824492461567224,0.2483056412310671,0.2929816109400488,0.2344133268619301,0.2901847210573018,0.2107703957505576,-0.0848609351260796,-0.1091191494116234,-0.0680708092194652,-0.0809887596577982,0.0519018820631565,-0.0434005561852499
sample_044,False,ok,2.0,0.7181,0.00637,-0.0991,112.73155416012558,0.11832539048414434,0.23246492985971942,D:\BH\航空项目制\优化\yixingyouhua2(1)\yixingyouhua2\batch_run\polars\sample_044_polar.txt,D:\BH\航空项目制\优化\yixingyouhua2(1)\yixingyouhua2\batch_run\airfoils\sample_044.dat,0.0015574793,-3.86697e-05,0.2354204659079504,0.2557639299775505,0.2956075908202248,0.1604008783032082,0.2479466458379569,0.3193415073303234,-0.1972746697845852,-0.0099515828353552,-0.0278630316215083,-0.0280427330112934,-0.026845557195678,-0.0252718369209572
sample_045,False,ok,2.0,0.7269,0.00609,-0.0981,119.35960591133005,0.11361649590353787,0.2725450901803607,D:\BH\航空项目制\优化\yixingyouhua2(1)\yixingyouhua2\batch_run\polars\sample_045_polar.txt,D:\BH\航空项目制\优化\yixingyouhua2(1)\yixingyouhua2\batch_run\airfoils\sample_045.dat,0.0015574793,-3.86697e-05,0.2607740875760826,0.2041480133358068,0.3112359323624056,0.139264764781658,0.3112539337197525,0.2401915596516692,-0.1371156197292312,-0.0144242949970788,-0.0792915009862571,-0.009825298446369,0.0356231280714506,-0.012864709705181
sample_046,False,ok,2.0,0.6738,0.00589,-0.0996,114.39728353140916,0.12284360340284696,0.2745490981963928,D:\BH\航空项目制\优化\yixingyouhua2(1)\yixingyouhua2\batch_run\polars\sample_046_polar.txt,D:\BH\航空项目制\优化\yixingyouhua2(1)\yixingyouhua2\batch_run\airfoils\sample_046.dat,0.0015574793,-3.86697e-05,0.1822352784731007,0.2462467793162375,0.3307228106233236,0.1622067387890917,0.2897819416896574,0.2922949220468513,-0.1888887129687063,-0.0822731142712493,0.0316218780516911,-0.1130687008490346,0.0022301649990368,-0.0744252883243971
sample_047,False,ok,2.0,0.7596,0.00582,-0.1124,130.51546391752578,0.14150434798125378,0.2725450901803607,D:\BH\航空项目制\优化\yixingyouhua2(1)\yixingyouhua2\batch_run\polars\sample_047_polar.txt,D:\BH\航空项目制\优化\yixingyouhua2(1)\yixingyouhua2\batch_run\airfoils\sample_047.dat,0.0015574793,-3.86697e-05,0.2373386563568066,0.2709163476860798,0.3517649937456222,0.2040457194686382,0.3601422348580394,0.2028512862129918,-0.1741721819149946,-0.1096089284645737,-0.0221399499956615,-0.0667722245126848,0.0545443956733205,-0.0273208210207081
sample_048,False,ok,2.0,0.6948,0.00495,-0.1013,140.36363636363635,0.12020860948649376,0.3306613226452906,D:\BH\航空项目制\优化\yixingyouhua2(1)\yixingyouhua2\batch_run\polars\sample_048_polar.txt,D:\BH\航空项目制\优化\yixingyouhua2(1)\yixingyouhua2\batch_run\airfoils\sample_048.dat,0.0015574793,-3.86697e-05,0.1569580770823216,0.2865368790512029,0.2474427450716832,0.2345675305982508,0.3307557739399725,0.229540344288944,-0.0945906895618857,-0.1092060315023515,0.0248855170492557,-0.1264443877244198,-0.0029163346781297,-0.0317293119285182
sample_049,False,ok,2.0,0.7433,0.00712,-0.1098,104.39606741573034,0.11610676631979243,0.3166332665330661,D:\BH\航空项目制\优化\yixingyouhua2(1)\yixingyouhua2\batch_run\polars\sample_049_polar.txt,D:\BH\航空项目制\优化\yixingyouhua2(1)\yixingyouhua2\batch_run\airfoils\sample_049.dat,0.0015574793,-3.86697e-05,0.2622355088055311,0.1810707459251534,0.3129551728941011,0.2293430487977154,0.3439176491969273,0.2506010477097796,-0.1410237882420443,-0.0463340512172474,-0.0230788292649544,-0.0676724454608316,0.0657821227628554,-0.0407282641550861
sample_050,False,ok,2.0,0.6532,0.00601,-0.0854,108.68552412645592,0.11515392448469608,0.2444889779559118,D:\BH\航空项目制\优化\yixingyouhua2(1)\yixingyouhua2\batch_run\polars\sample_050_polar.txt,D:\BH\航空项目制\优化\yixingyouhua2(1)\yixingyouhua2\batch_run\airfoils\sample_050.dat,0.0015574793,-3.86697e-05,0.2268510644058292,0.2284394786619107,0.2444818167602629,0.1561003886982177,0.2381142269603902,0.2369885686433983,-0.1320886572528787,-0.102396938582572,0.003199743766306,-0.1094460333803326,0.0508924168178796,-0.0176993276681703
sample_051,False,ok,2.0,0.7954,0.00483,-0.1162,164.6790890269151,0.12438156126074798,0.3366733466933867,D:\BH\航空项目制\优化\yixingyouhua2(1)\yixingyouhua2\batch_run\polars\sample_051_polar.txt,D:\BH\航空项目制\优化\yixingyouhua2(1)\yixingyouhua2\batch_run\airfoils\sample_051.dat,0.0015574793,-3.86697e-05,0.1760396194909522,0.275002305844524,0.3682439082510964,0.1993234396846177,0.3233374016939591,0.2299526628852027,-0.0824164794579827,-0.0548027323528359,-0.0090228025035928,-0.0529225810206257,0.0186029043371243,0.0089910811245115
sample_052,False,ok,2.0,0.7397,0.00612,-0.0923,120.86601307189544,0.09998251774477016,0.23847695390781562,D:\BH\航空项目制\优化\yixingyouhua2(1)\yixingyouhua2\batch_run\polars\sample_052_polar.txt,D:\BH\航空项目制\优化\yixingyouhua2(1)\yixingyouhua2\batch_run\airfoils\sample_052.dat,0.0015574793,-3.86697e-05,0.2413436193565521,0.2444762998996092,0.2695838835520577,0.1687289746968887,0.2962292147600456,0.2348437406186862,-0.0812254253804882,-0.032003058736558,0.0451399702622808,-0.0148802139776241,0.0254987598519771,-0.0346725276995367
sample_053,False,ok,2.0,0.663,0.00689,-0.0779,96.22641509433963,0.10558622263817782,0.2124248496993988,D:\BH\航空项目制\优化\yixingyouhua2(1)\yixingyouhua2\batch_run\polars\sample_053_polar.txt,D:\BH\航空项目制\优化\yixingyouhua2(1)\yixingyouhua2\batch_run\airfoils\sample_053.dat,0.0015574793,-3.86697e-05,0.2821629171951469,0.1893192934131431,0.2578400775469515,0.1394052156630663,0.265999406651788,0.2530909248184612,-0.1216814974778257,-0.0505308005345201,0.0095841358703092,-0.0794367408695799,0.0549599527990661,-0.0570883677985632
sample_054,False,ok,2.0,0.7258,0.00565,-0.1173,128.46017699115046,0.1297341016791615,0.3226452905811623,D:\BH\航空项目制\优化\yixingyouhua2(1)\yixingyouhua2\batch_run\polars\sample_054_polar.txt,D:\BH\航空项目制\优化\yixingyouhua2(1)\yixingyouhua2\batch_run\airfoils\sample_054.dat,0.0015574793,-3.86697e-05,0.1560024768455154,0.2542931476229863,0.3486684742074948,0.2293842270991685,0.2666767959393987,0.3226843611286841,-0.180018933521518,-0.0751798363797049,-0.0136065578070258,-0.0908321441930675,0.0456904499891719,-0.0774901645429834
sample_055,False,ok,2.0,0.6403,0.00511,-0.0946,125.30332681017612,0.11095736336003456,0.3166332665330661,D:\BH\航空项目制\优化\yixingyouhua2(1)\yixingyouhua2\batch_run\polars\sample_055_polar.txt,D:\BH\航空项目制\优化\yixingyouhua2(1)\yixingyouhua2\batch_run\airfoils\sample_055.dat,0.0015574793,-3.86697e-05,0.1654489717587217,0.2258390640349422,0.243574079185012,0.1822349449769467,0.2549826735565658,0.3011531729418421,-0.1376219310312347,-0.0604563393900288,-0.0428332832048324,-0.1069036817830969,0.0347196789115901,-0.0660399648058714
sample_056,False,ok,2.0,0.7326,0.00562,-0.1155,130.355871886121,0.12908388783086916,0.2745490981963928,D:\BH\航空项目制\优化\yixingyouhua2(1)\yixingyouhua2\batch_run\polars\sample_056_polar.txt,D:\BH\航空项目制\优化\yixingyouhua2(1)\yixingyouhua2\batch_run\airfoils\sample_056.dat,0.0015574793,-3.86697e-05,0.2199105184956012,0.2107714616779451,0.3157859385475652,0.2394185496620929,0.239064579665326,0.241918241273871,-0.1897913340725179,-0.0996860677587391,-0.0374983447116076,-0.0595064616357647,0.0695123154892374,0.0050112810994326
sample_057,False,ok,2.0,0.759,0.00484,-0.1107,156.81818181818184,0.12296783265636912,0.3386773547094188,D:\BH\航空项目制\优化\yixingyouhua2(1)\yixingyouhua2\batch_run\polars\sample_057_polar.txt,D:\BH\航空项目制\优化\yixingyouhua2(1)\yixingyouhua2\batch_run\airfoils\sample_057.dat,0.0015574793,-3.86697e-05,0.1850945463967705,0.2486608869791228,0.3489439448871642,0.2217118946786134,0.2664882207741086,0.253810703895002,-0.1200530017991537,-0.0296045094668105,-0.0387784811113001,-0.069541944849933,0.03442264203898,-0.0103181809260966
sample_058,False,ok,2.0,0.7164,0.00624,-0.0742,114.80769230769232,0.12292001187908094,0.2725450901803607,D:\BH\航空项目制\优化\yixingyouhua2(1)\yixingyouhua2\batch_run\polars\sample_058_polar.txt,D:\BH\航空项目制\优化\yixingyouhua2(1)\yixingyouhua2\batch_run\airfoils\sample_058.dat,0.0015574793,-3.86697e-05,0.2664193431770375,0.2972252113199272,0.3493057635798028,0.1534561018630201,0.2398957098627968,0.2717468957581315,-0.1308993502091763,-0.0048639163892269,0.0301936315832036,-0.1246726363699781,0.0034053877160833,-0.0642314569781247
sample_059,False,ok,2.0,0.803,0.00608,-0.1318,132.07236842105263,0.11080243904695572,0.2945891783567134,D:\BH\航空项目制\优化\yixingyouhua2(1)\yixingyouhua2\batch_run\polars\sample_059_polar.txt,D:\BH\航空项目制\优化\yixingyouhua2(1)\yixingyouhua2\batch_run\airfoils\sample_059.dat,0.0015574793,-3.86697e-05,0.1765366691110504,0.2623637654511724,0.2975455652685525,0.175353286781402,0.3629199610879924,0.3203858206632454,-0.1473548282688872,-0.0378819505783251,0.0359961252657849,-0.0868197690808492,0.048915535549821,-0.0087001614228125
sample_060,False,ok,2.0,0.6745,0.00463,-0.0922,145.6803455723542,0.13393780001695657,0.35871743486973945,D:\BH\航空项目制\优化\yixingyouhua2(1)\yixingyouhua2\batch_run\polars\sample_060_polar.txt,D:\BH\航空项目制\优化\yixingyouhua2(1)\yixingyouhua2\batch_run\airfoils\sample_060.dat,0.0015574793,-3.86697e-05,0.1832363431909227,0.2431336876999225,0.3282826558484256,0.2116341015519951,0.3636502780015964,0.2009088819893343,-0.0718362811191398,-0.1058555588765626,-0.0773013814635906,-0.0684932708269672,-0.0391257465843022,-0.0558616936171096
sample_061,False,ok,2.0,0.8019,0.00516,-0.1134,155.40697674418604,0.11339860591224275,0.344689378757515,D:\BH\航空项目制\优化\yixingyouhua2(1)\yixingyouhua2\batch_run\polars\sample_061_polar.txt,D:\BH\航空项目制\优化\yixingyouhua2(1)\yixingyouhua2\batch_run\airfoils\sample_061.dat,0.0015574793,-3.86697e-05,0.2360965665544273,0.2455641057172848,0.2913590902948771,0.2537293862080648,0.2869252864340421,0.2626902098119136,-0.1013426824396637,-0.0046185226376062,-0.0146321035463423,-0.0810958342761089,0.0584904172710842,0.0015033534248435
sample_062,False,ok,2.0,0.7162,0.00559,-0.1011,128.12164579606437,0.11099645551665285,0.3226452905811623,D:\BH\航空项目制\优化\yixingyouhua2(1)\yixingyouhua2\batch_run\polars\sample_062_polar.txt,D:\BH\航空项目制\优化\yixingyouhua2(1)\yixingyouhua2\batch_run\airfoils\sample_062.dat,0.0015574793,-3.86697e-05,0.223997997968085,0.1882816396205742,0.310596950867595,0.2521053902237805,0.2765162715530678,0.1995742571307054,-0.1403555142340221,-0.0576889495015326,0.0226738627386681,-0.0517674860988199,-0.0230239329288575,-0.001265670198751
sample_063,False,ok,2.0,0.7574,0.00588,-0.1062,128.8095238095238,0.13015092362573505,0.2865731462925851,D:\BH\航空项目制\优化\yixingyouhua2(1)\yixingyouhua2\batch_run\polars\sample_063_polar.txt,D:\BH\航空项目制\优化\yixingyouhua2(1)\yixingyouhua2\batch_run\airfoils\sample_063.dat,0.0015574793,-3.86697e-05,0.2446769621624962,0.278405873159436,0.2715733285060457,0.2518685183249207,0.3525598963014144,0.2043808656787947,-0.1235305868737626,-0.0684274591715505,-0.0739803418472624,-0.0117593614947144,0.0315049576090029,-0.0271120119158734
sample_064,False,ok,2.0,0.8011,0.00512,-0.1381,156.46484375,0.10120277877487036,0.3607214428857715,D:\BH\航空项目制\优化\yixingyouhua2(1)\yixingyouhua2\batch_run\polars\sample_064_polar.txt,D:\BH\航空项目制\优化\yixingyouhua2(1)\yixingyouhua2\batch_run\airfoils\sample_064.dat,0.0015574793,-3.86697e-05,0.1606256729023552,0.1909209966664756,0.2678713206615466,0.2620059666342126,0.3159058783030616,0.3115607306523317,-0.0888454624150671,-0.071358154465542,0.025281041989894,-0.0453452425144245,0.076094518762183,-0.0220682745711181
sample_065,False,ok,2.0,0.7142,0.00664,-0.097,107.5602409638554,0.138577382966102,0.2124248496993988,D:\BH\航空项目制\优化\yixingyouhua2(1)\yixingyouhua2\batch_run\polars\sample_065_polar.txt,D:\BH\航空项目制\优化\yixingyouhua2(1)\yixingyouhua2\batch_run\airfoils\sample_065.dat,0.0015574793,-3.86697e-05,0.267764748779478,0.2950345503951589,0.2773879212945759,0.181049901622296,0.3069030630668269,0.2939068189377989,-0.1834817675873856,-0.1235068020198096,0.0206270163458429,-0.0616518777687957,0.0740505187596949,-0.0978863726002885
sample_066,False,ok,2.0,0.7711,0.00565,-0.1192,136.4778761061947,0.12156512791940219,0.344689378757515,D:\BH\航空项目制\优化\yixingyouhua2(1)\yixingyouhua2\batch_run\polars\sample_066_polar.txt,D:\BH\航空项目制\优化\yixingyouhua2(1)\yixingyouhua2\batch_run\airfoils\sample_066.dat,0.0015574793,-3.86697e-05,0.1775323004980746,0.2528020012143218,0.3503428103560408,0.2100802698806244,0.3300088770404198,0.2198491035398513,-0.171245163809971,-0.0084537712568784,-0.0051285918385942,-0.1135165036063014,0.0594520891730804,-0.0045081122614617
sample_067,False,ok,2.0,0.6802,0.00546,-0.0956,124.5787545787546,0.12523302075102088,0.2885771543086172,D:\BH\航空项目制\优化\yixingyouhua2(1)\yixingyouhua2\batch_run\polars\sample_067_polar.txt,D:\BH\航空项目制\优化\yixingyouhua2(1)\yixingyouhua2\batch_run\airfoils\sample_067.dat,0.0015574793,-3.86697e-05,0.2132334749116884,0.233374860605933,0.295346277653258,0.2015225385165314,0.2995858970405225,0.2264527610610096,-0.132064205887807,-0.0889142112404259,-0.0756700036334929,-0.0157319266081646,0.0494270383137164,-0.0745503619808291
sample_068,False,ok,2.0,0.6648,0.00647,-0.0966,102.75115919629056,0.10867291784892702,0.2885771543086172,D:\BH\航空项目制\优化\yixingyouhua2(1)\yixingyouhua2\batch_run\polars\sample_068_polar.txt,D:\BH\航空项目制\优化\yixingyouhua2(1)\yixingyouhua2\batch_run\airfoils\sample_068.dat,0.0015574793,-3.86697e-05,0.2218300810503819,0.1840558410493405,0.2813354617296661,0.2341242448588417,0.2770102479658629,0.3168611495454195,-0.1763750373257435,-0.0298342802494977,-0.0312320606637673,-0.0085617753656249,-0.0246934921978782,-0.106556662857312
sample_069,False,ok,2.0,0.7083,0.00544,-0.1056,130.20220588235293,0.14547556327278227,0.3006012024048096,D:\BH\航空项目制\优化\yixingyouhua2(1)\yixingyouhua2\batch_run\polars\sample_069_polar.txt,D:\BH\航空项目制\优化\yixingyouhua2(1)\yixingyouhua2\batch_run\airfoils\sample_069.dat,0.0015574793,-3.86697e-05,0.2318180370406555,0.2325551592975303,0.3719949746907454,0.1652155571100699,0.3255831682929811,0.2373355741405628,-0.1749269021167442,-0.1182903571573772,-0.079145134581993,-0.1071393472471392,0.0602858781395272,-0.0322256076467728
sample_070,False,ok,2.0,0.7577,0.00558,-0.1195,135.78853046594983,0.1202011468180682,0.3306613226452906,D:\BH\航空项目制\优化\yixingyouhua2(1)\yixingyouhua2\batch_run\polars\sample_070_polar.txt,D:\BH\航空项目制\优化\yixingyouhua2(1)\yixingyouhua2\batch_run\airfoils\sample_070.dat,0.0015574793,-3.86697e-05,0.190738599663515,0.2411596457427646,0.3084692632551196,0.2496912597938589,0.2907132122366615,0.2744217095338214,-0.1912575900350086,-0.0307486446089276,-0.0034783899272226,-0.0812230028132527,-0.019778830273618,0.0022431728021699
sample_071,False,ok,2.0,0.7155,0.00616,-0.0888,116.15259740259741,0.1400348941056352,0.2665330661322645,D:\BH\航空项目制\优化\yixingyouhua2(1)\yixingyouhua2\batch_run\polars\sample_071_polar.txt,D:\BH\航空项目制\优化\yixingyouhua2(1)\yixingyouhua2\batch_run\airfoils\sample_071.dat,0.0015574793,-3.86697e-05,0.2711532559439117,0.2867859741917864,0.3441837767275227,0.1748238766760354,0.3173460604298656,0.2813366664434548,-0.1563022572941368,-0.0740053337385114,-0.0369656057602185,-0.0830411076345602,0.0376153750473087,-0.1007761903060512
sample_072,False,ok,2.0,0.7259,0.00576,-0.1066,126.02430555555554,0.12053749295043963,0.30260521042084165,D:\BH\航空项目制\优化\yixingyouhua2(1)\yixingyouhua2\batch_run\polars\sample_072_polar.txt,D:\BH\航空项目制\优化\yixingyouhua2(1)\yixingyouhua2\batch_run\airfoils\sample_072.dat,0.0015574793,-3.86697e-05,0.1935998914854183,0.2476892061621743,0.3451638105580146,0.1788918505896915,0.3318506437749379,0.2399976449697364,-0.1634075412335699,-0.0569176516888602,0.0387297245777549,-0.1286078051179766,0.0704096501220644,-0.0651882909309489
sample_073,False,ok,2.0,0.863,0.00586,-0.1355,147.26962457337885,0.1271334424438137,0.2745490981963928,D:\BH\航空项目制\优化\yixingyouhua2(1)\yixingyouhua2\batch_run\polars\sample_073_polar.txt,D:\BH\航空项目制\优化\yixingyouhua2(1)\yixingyouhua2\batch_run\airfoils\sample_073.dat,0.0015574793,-3.86697e-05,0.2055386033582769,0.3012499523147905,0.3326271803799255,0.2461167315555624,0.3520988919186461,0.2468160555615196,-0.133539135364976,-0.0825281821415304,0.047895807198412,-0.0395704592056308,0.0685084995804134,0.007930847172331
sample_074,False,ok,2.0,0.7103,0.00649,-0.0981,109.44530046224962,0.1268406695346613,0.30861723446893785,D:\BH\航空项目制\优化\yixingyouhua2(1)\yixingyouhua2\batch_run\polars\sample_074_polar.txt,D:\BH\航空项目制\优化\yixingyouhua2(1)\yixingyouhua2\batch_run\airfoils\sample_074.dat,0.0015574793,-3.86697e-05,0.2652268020763603,0.2018073051843213,0.3215561057688288,0.2330488809209418,0.3082187545352725,0.2053549495211581,-0.172122423052029,-0.0808333721555743,0.0105236223443349,-0.1313504645185165,-0.0293966492718247,0.019783073913271
sample_075,False,ok,2.0,0.6913,0.00543,-0.1008,127.31123388581953,0.11560311500583453,0.30861723446893785,D:\BH\航空项目制\优化\yixingyouhua2(1)\yixingyouhua2\batch_run\polars\sample_075_polar.txt,D:\BH\航空项目制\优化\yixingyouhua2(1)\yixingyouhua2\batch_run\airfoils\sample_075.dat,0.0015574793,-3.86697e-05,0.1802268878032852,0.2296823012869725,0.3097061085946352,0.1935831421393725,0.2695797682820689,0.2891185298762243,-0.1444599937287933,-0.0495825331244995,-0.0342900964909288,-0.0338352876354759,-0.0084919263983554,-0.0637974710661184
sample_076,False,ok,2.0,0.7166,0.0052,-0.1195,137.80769230769232,0.1210859327061646,0.3226452905811623,D:\BH\航空项目制\优化\yixingyouhua2(1)\yixingyouhua2\batch_run\polars\sample_076_polar.txt,D:\BH\航空项目制\优化\yixingyouhua2(1)\yixingyouhua2\batch_run\airfoils\sample_076.dat,0.0015574793,-3.86697e-05,0.1640804072244252,0.2187991452138792,0.3006316149965276,0.2130375040838384,0.3187444045298715,0.2747705516692681,-0.1650643005682411,-0.0695357699797492,-0.0528345378118476,-0.0746633204089631,0.082717890358774,-0.0628748782690962
sample_077,False,ok,2.0,0.8165,0.00483,-0.1234,169.04761904761904,0.12474445886323829,0.3547094188376753,D:\BH\航空项目制\优化\yixingyouhua2(1)\yixingyouhua2\batch_run\polars\sample_077_polar.txt,D:\BH\航空项目制\优化\yixingyouhua2(1)\yixingyouhua2\batch_run\airfoils\sample_077.dat,0.0015574793,-3.86697e-05,0.2028695277060242,0.2646696340539516,0.3273303915541309,0.2559833067418268,0.3264479887478231,0.2782818278935529,-0.1058544104322945,-0.0237274278486855,-0.0386077314170211,-0.0605844090696761,0.0177307211311466,-0.0040859015815328
sample_078,False,ok,2.0,0.74,0.00478,-0.1203,154.81171548117155,0.11259085526566373,0.3547094188376753,D:\BH\航空项目制\优化\yixingyouhua2(1)\yixingyouhua2\batch_run\polars\sample_078_polar.txt,D:\BH\航空项目制\优化\yixingyouhua2(1)\yixingyouhua2\batch_run\airfoils\sample_078.dat,0.0015574793,-3.86697e-05,0.1564800096853081,0.2022463478588853,0.3072949696245015,0.1843187324596578,0.2753569135854614,0.3077833921162816,-0.1069803461814522,-0.0608050185618809,-0.0271944140969169,-0.1098903079642178,0.0466639027410682,0.0059965128276154
sample_079,False,ok,2.0,0.7359,0.0055,-0.1005,133.8,0.1374808289672277,0.30861723446893785,D:\BH\航空项目制\优化\yixingyouhua2(1)\yixingyouhua2\batch_run\polars\sample_079_polar.txt,D:\BH\航空项目制\优化\yixingyouhua2(1)\yixingyouhua2\batch_run\airfoils\sample_079.dat,0.0015574793,-3.86697e-05,0.2696860699657493,0.2296445065374215,0.35697786608619,0.1586438657107103,0.3605779532163669,0.2237070751935408,-0.1368702459796033,-0.0917486858873802,-0.0451383144726618,-0.1341990291109953,0.0166826187492175,0.0058539876637184
sample_080,False,ok,2.0,0.6902,0.0054,-0.0789,127.81481481481481,0.1303423796934142,0.30260521042084165,D:\BH\航空项目制\优化\yixingyouhua2(1)\yixingyouhua2\batch_run\polars\sample_080_polar.txt,D:\BH\航空项目制\优化\yixingyouhua2(1)\yixingyouhua2\batch_run\airfoils\sample_080.dat,0.0015574793,-3.86697e-05,0.2683918734878792,0.2661988887473695,0.3099495229658284,0.1956377047783316,0.321059664303199,0.2222064613145528,-0.0974161583142699,-0.0772298023651458,-0.0208133644218217,-0.1281559706651782,0.0433949873139889,-0.0777514746244024
sample_081,False,ok,2.0,0.7048,0.00501,-0.0868,140.67864271457086,0.1278815691755243,0.3166332665330661,D:\BH\航空项目制\优化\yixingyouhua2(1)\yixingyouhua2\batch_run\polars\sample_081_polar.txt,D:\BH\航空项目制\优化\yixingyouhua2(1)\yixingyouhua2\batch_run\airfoils\sample_081.dat,0.0015574793,-3.86697e-05,0.2203211674388233,0.2624639678659929,0.3584307779144827,0.1983350091327514,0.2439516850246267,0.2529453273341692,-0.1140573011454917,-0.0408536866627348,-0.0436740427678434,-0.0660757754952904,0.0153355640008023,-0.0621948347301593
sample_082,False,ok,2.0,0.7532,0.00611,-0.1046,123.27332242225859,0.11636321296324642,0.3226452905811623,D:\BH\航空项目制\优化\yixingyouhua2(1)\yixingyouhua2\batch_run\polars\sample_082_polar.txt,D:\BH\航空项目制\优化\yixingyouhua2(1)\yixingyouhua2\batch_run\airfoils\sample_082.dat,0.0015574793,-3.86697e-05,0.2576240273797358,0.1939555031380054,0.3292076638074048,0.2269798621349674,0.2538739121085609,0.2184590642254121,-0.1534541201279166,-0.0217024040418666,-0.0062716723378716,-0.1200353600152876,0.0756132333984966,0.0180204775275921
sample_083,False,ok,2.0,0.7109,0.00565,-0.1126,125.82300884955752,0.13457645642200777,0.280561122244489,D:\BH\航空项目制\优化\yixingyouhua2(1)\yixingyouhua2\batch_run\polars\sample_083_polar.txt,D:\BH\航空项目制\优化\yixingyouhua2(1)\yixingyouhua2\batch_run\airfoils\sample_083.dat,0.0015574793,-3.86697e-05,0.1964344206494157,0.2670151722922829,0.2479992764541602,0.2623882240868929,0.265757871681343,0.2887115837240237,-0.1613486580912323,-0.1264445826773445,-0.0787947750666014,-0.0295894760662936,0.0219507787792719,-0.033023522432253
sample_084,False,polar_parse_failed,,,,,,,,,,,,,,,,,,,,,,,
sample_085,False,ok,2.0,0.7803,0.00521,-0.1235,149.76967370441457,0.11874527653125594,0.30260521042084165,D:\BH\航空项目制\优化\yixingyouhua2(1)\yixingyouhua2\batch_run\polars\sample_085_polar.txt,D:\BH\航空项目制\优化\yixingyouhua2(1)\yixingyouhua2\batch_run\airfoils\sample_085.dat,0.0015574793,-3.86697e-05,0.1958647343888734,0.2272750013827199,0.3117583342205688,0.2583539264024179,0.3400199053890276,0.2167647647051325,-0.1212843918490387,-0.1094948704101082,0.0397752385147237,-0.05408442732198,0.0583406846758718,-0.0236645314996633
sample_086,False,ok,2.0,0.6951,0.00678,-0.0856,102.52212389380533,0.11633126589153045,0.24649298597194386,D:\BH\航空项目制\优化\yixingyouhua2(1)\yixingyouhua2\batch_run\polars\sample_086_polar.txt,D:\BH\航空项目制\优化\yixingyouhua2(1)\yixingyouhua2\batch_run\airfoils\sample_086.dat,0.0015574793,-3.86697e-05,0.2832103210668937,0.2073166630530267,0.2997695733312369,0.2434531774696615,0.2449303470377039,0.2161275550423014,-0.1599034764186377,-0.0223245924090082,-0.0330299975950995,-0.0114927121510236,0.0587288156927278,-0.0778546111530352
sample_087,False,ok,2.0,0.785,0.00574,-0.1237,136.7595818815331,0.12421167335160538,0.2665330661322645,D:\BH\航空项目制\优化\yixingyouhua2(1)\yixingyouhua2\batch_run\polars\sample_087_polar.txt,D:\BH\航空项目制\优化\yixingyouhua2(1)\yixingyouhua2\batch_run\airfoils\sample_087.dat,0.0015574793,-3.86697e-05,0.1969235623735148,0.2712630158516678,0.2748591905810462,0.2284498204441609,0.2593445419224473,0.3147450630887533,-0.1158328276760469,-0.127777079941587,0.0002193906144815,-0.0256422891266727,0.0814273617960102,-0.0184830155085648
sample_088,False,ok,2.0,0.6347,0.00551,-0.071,115.19056261343013,0.1306435355866694,0.280561122244489,D:\BH\航空项目制\优化\yixingyouhua2(1)\yixingyouhua2\batch_run\polars\sample_088_polar.txt,D:\BH\航空项目制\优化\yixingyouhua2(1)\yixingyouhua2\batch_run\airfoils\sample_088.dat,0.0015574793,-3.86697e-05,0.1955792902414036,0.2986999959403018,0.3437783864799042,0.1381317935433795,0.2611196253652123,0.206425724367307,-0.1226992369271001,-0.0782040547762997,-0.0346365065522188,-0.0561031233896735,0.036566268200228,-0.1080973738341036
sample_089,False,ok,2.0,0.7374,0.00586,-0.1005,125.83617747440275,0.1312352105904637,0.30861723446893785,D:\BH\航空项目制\优化\yixingyouhua2(1)\yixingyouhua2\batch_run\polars\sample_089_polar.txt,D:\BH\航空项目制\优化\yixingyouhua2(1)\yixingyouhua2\batch_run\airfoils\sample_089.dat,0.0015574793,-3.86697e-05,0.2711621083344506,0.2175040780579799,0.3242485498169709,0.1735851127712255,0.3622516267193979,0.2234675647581498,-0.1002167992673556,-0.0944537181069325,-0.0726004359006787,-0.0762823711271933,0.0080428680682858,0.007081699597534
sample_090,False,ok,2.0,0.751,0.00495,-0.1075,151.7171717171717,0.12683521077940224,0.3607214428857715,D:\BH\航空项目制\优化\yixingyouhua2(1)\yixingyouhua2\batch_run\polars\sample_090_polar.txt,D:\BH\航空项目制\优化\yixingyouhua2(1)\yixingyouhua2\batch_run\airfoils\sample_090.dat,0.0015574793,-3.86697e-05,0.2416856569428632,0.1931336246746683,0.340773020673512,0.2398930136214824,0.3068290716165123,0.2388659887500489,-0.0967153686459327,-0.0785674353583979,-0.0334465208615102,-0.1122935581021947,0.0373160491166567,-0.0083145196431364
sample_091,False,ok,2.0,0.7247,0.00617,-0.0998,117.45542949756889,0.13069247019325872,0.2444889779559118,D:\BH\航空项目制\优化\yixingyouhua2(1)\yixingyouhua2\batch_run\polars\sample_091_polar.txt,D:\BH\航空项目制\优化\yixingyouhua2(1)\yixingyouhua2\batch_run\airfoils\sample_091.dat,0.0015574793,-3.86697e-05,0.2283198388999336,0.2888558651076112,0.3255154608767101,0.1957594786832339,0.2748894356160004,0.2889758707344324,-0.1931676278264753,-0.0597122678079701,0.0060790206719849,-0.0434773325235245,0.0066700203894004,-0.0716947809968444
sample_092,False,ok,2.0,0.7516,0.00613,-0.093,122.61011419249593,0.12400664614612676,0.2725450901803607,D:\BH\航空项目制\优化\yixingyouhua2(1)\yixingyouhua2\batch_run\polars\sample_092_polar.txt,D:\BH\航空项目制\优化\yixingyouhua2(1)\yixingyouhua2\batch_run\airfoils\sample_092.dat,0.0015574793,-3.86697e-05,0.2472092622548711,0.2940259532711591,0.3346447466809117,0.1878237015263538,0.3019085790939044,0.2328963784785481,-0.1449026060596721,-0.0097407106250387,-0.0142466439428426,-0.0303802379306058,0.001941722394241,-0.0451049584017403
sample_093,False,ok,2.0,0.6834,0.00469,-0.0997,145.71428571428572,0.12024765254970782,0.35270541082164325,D:\BH\航空项目制\优化\yixingyouhua2(1)\yixingyouhua2\batch_run\polars\sample_093_polar.txt,D:\BH\航空项目制\优化\yixingyouhua2(1)\yixingyouhua2\batch_run\airfoils\sample_093.dat,0.0015574793,-3.86697e-05,0.1680956814805899,0.2428478542218974,0.2708988356388332,0.2087120945755197,0.2900543338420323,0.30999707879532,-0.0741213668438234,-0.1134161526954873,-0.0041596979389173,-0.1368586247344758,-0.0150608311659461,-0.0389715988551712
sample_094,False,ok,2.0,0.7391,0.00505,-0.0987,146.35643564356437,0.13814851363506014,0.3246492985971944,D:\BH\航空项目制\优化\yixingyouhua2(1)\yixingyouhua2\batch_run\polars\sample_094_polar.txt,D:\BH\航空项目制\优化\yixingyouhua2(1)\yixingyouhua2\batch_run\airfoils\sample_094.dat,0.0015574793,-3.86697e-05,0.2121223768818298,0.285746432708929,0.3553854085468032,0.2505292130815094,0.2598367140510401,0.2772440767837937,-0.1099735092046934,-0.0763014608862673,-0.0413226962675389,-0.0748589626938085,0.0097674402670797,-0.0609516974526866
sample_095,False,polar_parse_failed,,,,,,,,,,,,,,,,,,,,,,,
sample_096,False,ok,2.0,0.7403,0.00526,-0.1268,140.74144486692015,0.1260603840933664,0.3306613226452906,D:\BH\航空项目制\优化\yixingyouhua2(1)\yixingyouhua2\batch_run\polars\sample_096_polar.txt,D:\BH\航空项目制\优化\yixingyouhua2(1)\yixingyouhua2\batch_run\airfoils\sample_096.dat,0.0015574793,-3.86697e-05,0.177090380733094,0.1766333831308652,0.3693767462601423,0.1934213933318282,0.3395047689468365,0.2533059027075391,-0.1661262544675711,-0.0916956304175997,-0.0613485689786872,-0.0325951693550264,0.0375317012463398,-0.0210150826275704
sample_097,False,ok,2.0,0.6861,0.00569,-0.0919,120.57996485061513,0.12482887258786374,0.3306613226452906,D:\BH\航空项目制\优化\yixingyouhua2(1)\yixingyouhua2\batch_run\polars\sample_097_polar.txt,D:\BH\航空项目制\优化\yixingyouhua2(1)\yixingyouhua2\batch_run\airfoils\sample_097.dat,0.0015574793,-3.86697e-05,0.1903726750798091,0.2498349911214219,0.3680159305321829,0.1841267150650504,0.2968963033845453,0.1995137250421723,-0.1693058374438401,-0.0090999774030453,-0.0344423459903575,-0.0979209689925603,0.0471795022991572,-0.0720867900735434
sample_098,False,ok,2.0,0.7549,0.0061,-0.1083,123.75409836065573,0.1241130508627168,0.30861723446893785,D:\BH\航空项目制\优化\yixingyouhua2(1)\yixingyouhua2\batch_run\polars\sample_098_polar.txt,D:\BH\航空项目制\优化\yixingyouhua2(1)\yixingyouhua2\batch_run\airfoils\sample_098.dat,0.0015574793,-3.86697e-05,0.2316216084763154,0.2626870272489529,0.3093175258671377,0.2306258583802571,0.3643432160104611,0.2877323978066232,-0.1412222117315547,-0.0643901191215292,0.0280250274968585,-0.0992296418392509,-0.0108595221457138,-0.0612172530522888
sample_099,False,ok,2.0,0.6975,0.0058,-0.1034,120.25862068965519,0.11093283456860442,0.2725450901803607,D:\BH\航空项目制\优化\yixingyouhua2(1)\yixingyouhua2\batch_run\polars\sample_099_polar.txt,D:\BH\航空项目制\优化\yixingyouhua2(1)\yixingyouhua2\batch_run\airfoils\sample_099.dat,0.0015574793,-3.86697e-05,0.177947397764719,0.2440097449571807,0.2808565336012385,0.1635745071237423,0.2932824174630838,0.2577434644365037,-0.1626021418036762,-0.0339214552516352,-0.0337611900309926,-0.0131757759939766,-0.0153570305740344,-0.0240580636663045
sample_100,False,ok,2.0,0.7156,0.00529,-0.0892,135.27410207939508,0.13199305396624697,0.2945891783567134,D:\BH\航空项目制\优化\yixingyouhua2(1)\yixingyouhua2\batch_run\polars\sample_100_polar.txt,D:\BH\航空项目制\优化\yixingyouhua2(1)\yixingyouhua2\batch_run\airfoils\sample_100.dat,0.0015574793,-3.86697e-05,0.2400291116909914,0.2651316565484399,0.3142033067760426,0.2034251804246862,0.251151706036082,0.2286358850440282,-0.0838036711097604,-0.0989228427255163,-0.0648784624865047,-0.0498212997361882,0.027552452756258,-0.0199625728446676
sample_101,False,ok,2.0,0.6814,0.00562,-0.1028,121.24555160142349,0.11836932678993795,0.280561122244489,D:\BH\航空项目制\优化\yixingyouhua2(1)\yixingyouhua2\batch_run\polars\sample_101_polar.txt,D:\BH\航空项目制\优化\yixingyouhua2(1)\yixingyouhua2\batch_run\airfoils\sample_101.dat,0.0015574793,-3.86697e-05,0.1846985802102631,0.2409605512400641,0.2815837225998473,0.2304376538264489,0.3345985765937003,0.274216150208114,-0.1671534917325461,-0.0802283133132206,-0.0067285426701297,-0.0094140568609006,-0.0396548455609568,-0.1059438696620036
sample_102,False,ok,2.0,0.7048,0.00473,-0.104,149.0063424947146,0.13302302938641672,0.3607214428857715,D:\BH\航空项目制\优化\yixingyouhua2(1)\yixingyouhua2\batch_run\polars\sample_102_polar.txt,D:\BH\航空项目制\优化\yixingyouhua2(1)\yixingyouhua2\batch_run\airfoils\sample_102.dat,0.0015574793,-3.86697e-05,0.1711790306674495,0.2407148979783257,0.3270454029473371,0.2504740003992,0.2591736016997244,0.3177648817547892,-0.0865599998731508,-0.0927585701982796,-0.0723994191803019,-0.0938095040186995,0.0235999823368643,-0.0765482418661464
sample_103,False,ok,2.0,0.7313,0.00497,-0.1119,147.14285714285714,0.11938518903216627,0.3366733466933867,D:\BH\航空项目制\优化\yixingyouhua2(1)\yixingyouhua2\batch_run\polars\sample_103_polar.txt,D:\BH\航空项目制\优化\yixingyouhua2(1)\yixingyouhua2\batch_run\airfoils\sample_103.dat,0.0015574793,-3.86697e-05,0.1879394334361654,0.2420578071233086,0.2686148004851751,0.2617446387144212,0.2993331330315336,0.2957952811533441,-0.1075800054504678,-0.0945369435148467,0.0082703978358362,-0.1171633323407981,0.0693322853349241,-0.0728608236041185
sample_104,False,ok,2.0,0.6839,0.006,-0.0901,113.98333333333332,0.12173603298357417,0.2725450901803607,D:\BH\航空项目制\优化\yixingyouhua2(1)\yixingyouhua2\batch_run\polars\sample_104_polar.txt,D:\BH\航空项目制\优化\yixingyouhua2(1)\yixingyouhua2\batch_run\airfoils\sample_104.dat,0.0015574793,-3.86697e-05,0.2371630646194977,0.2473849930503631,0.2628335980140717,0.2596075600245067,0.332619655569861,0.1981860022423549,-0.1195526224194982,-0.1080109667688234,0.0144097012992964,-0.0553340566220345,0.0396579312941637,-0.1026833638257982
sample_105,False,ok,2.0,0.7781,0.00556,-0.1178,139.94604316546764,0.11403279990058743,0.2945891783567134,D:\BH\航空项目制\优化\yixingyouhua2(1)\yixingyouhua2\batch_run\polars\sample_105_polar.txt,D:\BH\航空项目制\优化\yixingyouhua2(1)\yixingyouhua2\batch_run\airfoils\sample_105.dat,0.0015574793,-3.86697e-05,0.2153506783274012,0.2023610588928536,0.3604268779750447,0.1582965917437883,0.3545242183753637,0.2343867406644531,-0.1079185939768981,-0.0839000498008872,0.0295419698020387,-0.0531288234343806,0.0726852480876698,-0.0209386086916649
sample_106,False,ok,2.0,0.6709,0.00495,-0.0837,135.53535353535352,0.12759692381858362,0.3226452905811623,D:\BH\航空项目制\优化\yixingyouhua2(1)\yixingyouhua2\batch_run\polars\sample_106_polar.txt,D:\BH\航空项目制\优化\yixingyouhua2(1)\yixingyouhua2\batch_run\airfoils\sample_106.dat,0.0015574793,-3.86697e-05,0.1983505081577448,0.2910668537031038,0.2997407888220254,0.1987836840567782,0.3078575520502635,0.2611505667829948,-0.0963094529034504,-0.0876376582924713,0.004084124572604,-0.1317938915799434,-0.0168799700098073,-0.0735785601379721
sample_107,False,ok,2.0,0.7432,0.00493,-0.1085,150.75050709939146,0.12137821423967927,0.3607214428857715,D:\BH\航空项目制\优化\yixingyouhua2(1)\yixingyouhua2\batch_run\polars\sample_107_polar.txt,D:\BH\航空项目制\优化\yixingyouhua2(1)\yixingyouhua2\batch_run\airfoils\sample_107.dat,0.0015574793,-3.86697e-05,0.1589732178312052,0.2994576180990902,0.2621444321070859,0.261844739245711,0.2631708019453881,0.3119981520984774,-0.0941164225325486,-0.0160172520343977,-0.0576104116419324,-0.1026665246793717,0.0457401083530137,-0.0464737695957858
sample_108,False,ok,2.0,0.656,0.00635,-0.0824,103.30708661417324,0.10446809290110456,0.25250501002004005,D:\BH\航空项目制\优化\yixingyouhua2(1)\yixingyouhua2\batch_run\polars\sample_108_polar.txt,D:\BH\航空项目制\优化\yixingyouhua2(1)\yixingyouhua2\batch_run\airfoils\sample_108.dat,0.0015574793,-3.86697e-05,0.2449006833194043,0.209294122432963,0.247648267361774,0.1400773639201681,0.3467817893033173,0.2881245490333629,-0.0784813808856589,-0.0814566019621841,0.0053792920846404,-0.0502255686807135,0.0211342099968339,-0.1042583747082551
sample_109,False,ok,2.0,0.6708,0.00532,-0.0991,126.09022556390977,0.13061909959854698,0.30260521042084165,D:\BH\航空项目制\优化\yixingyouhua2(1)\yixingyouhua2\batch_run\polars\sample_109_polar.txt,D:\BH\航空项目制\优化\yixingyouhua2(1)\yixingyouhua2\batch_run\airfoils\sample_109.dat,0.0015574793,-3.86697e-05,0.153452801220085,0.2570272379051908,0.3471128601371473,0.1574055116183347,0.2885622866223781,0.2470450050577502,-0.1220135034270143,-0.1163484866047366,-0.0564376484564334,-0.0503648237545008,0.0849857324741469,-0.0953568721304459
sample_110,False,ok,2.0,0.7086,0.00566,-0.1133,125.19434628975264,0.10928730330149211,0.35270541082164325,D:\BH\航空项目制\优化\yixingyouhua2(1)\yixingyouhua2\batch_run\polars\sample_110_polar.txt,D:\BH\航空项目制\优化\yixingyouhua2(1)\yixingyouhua2\batch_run\airfoils\sample_110.dat,0.0015574793,-3.86697e-05,0.1651564467475053,0.2344263516094447,0.263334847989697,0.2209724952986194,0.346250701947855,0.3107933697041002,-0.1656313636399413,-0.0193184796298247,-0.0139480912278654,-0.0794934061445578,0.034099740136694,-0.1025660825958793
sample_111,False,polar_parse_failed,,,,,,,,,,,,,,,,,,,,,,,
sample_112,False,ok,2.0,0.6849,0.00618,-0.1001,110.8252427184466,0.12789667064294902,0.280561122244489,D:\BH\航空项目制\优化\yixingyouhua2(1)\yixingyouhua2\batch_run\polars\sample_112_polar.txt,D:\BH\航空项目制\优化\yixingyouhua2(1)\yixingyouhua2\batch_run\airfoils\sample_112.dat,0.0015574793,-3.86697e-05,0.1845278410466081,0.3006379606173649,0.2452586864076074,0.2177717443494524,0.290991287194627,0.2502489330331605,-0.1942174627768034,-0.0469386302078255,-0.0539480892010477,-0.0963747234515274,-0.012070912841118,-0.0163944773656311
sample_113,False,ok,2.0,0.7092,0.00478,-0.1004,148.36820083682008,0.12591858230275446,0.3386773547094188,D:\BH\航空项目制\优化\yixingyouhua2(1)\yixingyouhua2\batch_run\polars\sample_113_polar.txt,D:\BH\航空项目制\优化\yixingyouhua2(1)\yixingyouhua2\batch_run\airfoils\sample_113.dat,0.0015574793,-3.86697e-05,0.1719225508276524,0.2870623383426905,0.2763320317865756,0.2406938346881199,0.2842980196613033,0.2788901754127912,-0.0934169017150628,-0.0960321121277095,-0.0025706410849963,-0.1127107690402622,-0.043044935635549,-0.0175609740974791
sample_114,False,ok,2.0,0.6888,0.00503,-0.0889,136.93836978131213,0.1285401790128257,0.30861723446893785,D:\BH\航空项目制\优化\yixingyouhua2(1)\yixingyouhua2\batch_run\polars\sample_114_polar.txt,D:\BH\航空项目制\优化\yixingyouhua2(1)\yixingyouhua2\batch_run\airfoils\sample_114.dat,0.0015574793,-3.86697e-05,0.2291625636882068,0.2258881114380609,0.3491090523466365,0.1965984060526537,0.2457096246691311,0.2334544530526508,-0.121394978614108,-0.0829629849008556,-0.0362993430237559,-0.0888097017441451,0.0247855983784192,-0.0383709973833621
sample_115,False,ok,2.0,0.7612,0.00587,-0.1007,129.67632027257238,0.12807804751027524,0.30260521042084165,D:\BH\航空项目制\优化\yixingyouhua2(1)\yixingyouhua2\batch_run\polars\sample_115_polar.txt,D:\BH\航空项目制\优化\yixingyouhua2(1)\yixingyouhua2\batch_run\airfoils\sample_115.dat,0.0015574793,-3.86697e-05,0.2403713355604055,0.2679318044399011,0.3709138064537269,0.2404704656177034,0.2608991138480037,0.2986769926344494,-0.1567858061506694,-0.0178798403909335,-0.009795804687221,-0.0446399621208509,0.0168625396823895,-0.0921294122638509
sample_116,False,ok,2.0,0.7475,0.00644,-0.1067,116.07142857142857,0.1295174934187926,0.22645290581162322,D:\BH\航空项目制\优化\yixingyouhua2(1)\yixingyouhua2\batch_run\polars\sample_116_polar.txt,D:\BH\航空项目制\优化\yixingyouhua2(1)\yixingyouhua2\batch_run\airfoils\sample_116.dat,0.0015574793,-3.86697e-05,0.247023643382338,0.2828651854298794,0.2922691979348882,0.1750331262736118,0.3216044586810824,0.3055036020668337,-0.1647358590736478,-0.0972856629551137,0.0170490809400381,-0.0318283499446281,0.0475163975778257,-0.0703248112311282
sample_117,False,ok,2.0,0.7112,0.00621,-0.0962,114.52495974235106,0.11618716657783174,0.31462925851703405,D:\BH\航空项目制\优化\yixingyouhua2(1)\yixingyouhua2\batch_run\polars\sample_117_polar.txt,D:\BH\航空项目制\优化\yixingyouhua2(1)\yixingyouhua2\batch_run\airfoils\sample_117.dat,0.0015574793,-3.86697e-05,0.2529441529535381,0.2098897785574325,0.3003031886690916,0.2436590676685155,0.3612478554934087,0.2056744054456505,-0.1297105355031742,-0.0525739368861276,0.0007087719419126,-0.064416576821461,0.0493335481321486,-0.095499153362707
sample_118,False,ok,2.0,0.8246,0.00533,-0.1397,154.7091932457786,0.13281297827709745,0.3306613226452906,D:\BH\航空项目制\优化\yixingyouhua2(1)\yixingyouhua2\batch_run\polars\sample_118_polar.txt,D:\BH\航空项目制\优化\yixingyouhua2(1)\yixingyouhua2\batch_run\airfoils\sample_118.dat,0.0015574793,-3.86697e-05,0.1875045918307216,0.2617835059005071,0.3307986176564427,0.2621243952086977,0.3550657137364899,0.3023257568624852,-0.1611932916621937,-0.0616374211201652,-0.0502856467368114,-0.055132866470444,0.0576398389444114,-0.0238678650089811
sample_119,False,ok,2.0,0.7516,0.00485,-0.1087,154.96907216494847,0.1204389980472876,0.344689378757515,D:\BH\航空项目制\优化\yixingyouhua2(1)\yixingyouhua2\batch_run\polars\sample_119_polar.txt,D:\BH\航空项目制\优化\yixingyouhua2(1)\yixingyouhua2\batch_run\airfoils\sample_119.dat,0.0015574793,-3.86697e-05,0.1713537114398463,0.2610678603817598,0.3516042901300522,0.1420150103357172,0.3360997940120029,0.2392519153395791,-0.0997142450010181,-0.0274396595929593,-0.0392373319158963,-0.0827317039262793,-0.0076169386137217,0.0192677255392774
sample_120,False,ok,2.0,0.7621,0.00507,-0.1053,150.3155818540434,0.132059714114431,0.3687374749498998,D:\BH\航空项目制\优化\yixingyouhua2(1)\yixingyouhua2\batch_run\polars\sample_120_polar.txt,D:\BH\航空项目制\优化\yixingyouhua2(1)\yixingyouhua2\batch_run\airfoils\sample_120.dat,0.0015574793,-3.86697e-05,0.1997600812801977,0.2869029703492802,0.3514282040109928,0.1915328408459218,0.3163978314148774,0.3245601179770858,-0.1006458610487277,-0.0120640737887804,-0.0526582810329331,-0.1310158054919449,-0.0329969620007421,-0.0127902533699259
sample_121,False,ok,2.0,0.7853,0.00645,-0.1028,121.75193798449612,0.13027230160938227,0.23847695390781562,D:\BH\航空项目制\优化\yixingyouhua2(1)\yixingyouhua2\batch_run\polars\sample_121_polar.txt,D:\BH\航空项目制\优化\yixingyouhua2(1)\yixingyouhua2\batch_run\airfoils\sample_121.dat,0.0015574793,-3.86697e-05,0.2752071854289334,0.2983773731375416,0.2757488845078467,0.2213070781985124,0.3011306358991054,0.261864493958059,-0.1125804355623456,-0.1043260689699201,0.0200197542384194,-0.0367819351618061,-0.0041252105804584,0.0035342282945961
sample_122,False,ok,2.0,0.6767,0.00666,-0.0877,101.6066066066066,0.12253489760694339,0.2444889779559118,D:\BH\航空项目制\优化\yixingyouhua2(1)\yixingyouhua2\batch_run\polars\sample_122_polar.txt,D:\BH\航空项目制\优化\yixingyouhua2(1)\yixingyouhua2\batch_run\airfoils\sample_122.dat,0.0015574793,-3.86697e-05,0.2268794448081366,0.3007260635973928,0.2772920452661011,0.1354180498149269,0.3368346328236472,0.3082424903976414,-0.1906699834498247,-0.013138963517939,-0.002786127011851,-0.1355246146466548,0.0387416632398959,-0.1086733602903093
sample_123,False,ok,2.0,0.647,0.00419,-0.0873,154.41527446300717,0.12186246642401236,0.41482965931863724,D:\BH\航空项目制\优化\yixingyouhua2(1)\yixingyouhua2\batch_run\polars\sample_123_polar.txt,D:\BH\航空项目制\优化\yixingyouhua2(1)\yixingyouhua2\batch_run\airfoils\sample_123.dat,0.0015574793,-3.86697e-05,0.187377726703298,0.1885166493724606,0.3545911841552766,0.2036994173811026,0.3666916480791089,0.2216858010030602,-0.1180425347066283,-0.0236091283101831,-0.0377419604047788,-0.101634236134205,-0.0386808542985028,-0.1037496067192807
sample_124,False,ok,2.0,0.6891,0.00609,-0.1015,113.15270935960592,0.10376890502573091,0.2725450901803607,D:\BH\航空项目制\优化\yixingyouhua2(1)\yixingyouhua2\batch_run\polars\sample_124_polar.txt,D:\BH\航空项目制\优化\yixingyouhua2(1)\yixingyouhua2\batch_run\airfoils\sample_124.dat,0.0015574793,-3.86697e-05,0.1562831588175906,0.2675287460426214,0.2469467190135685,0.1437911446296692,0.2776243269412314,0.3103546451012592,-0.1492127462413663,-0.0293326005402593,0.0178520805550468,-0.0855621789000355,-0.0210408802154419,-0.0198528771068477
sample_125,False,ok,2.0,0.7436,0.00585,-0.0985,127.11111111111111,0.10221597707569115,0.2725450901803607,D:\BH\航空项目制\优化\yixingyouhua2(1)\yixingyouhua2\batch_run\polars\sample_125_polar.txt,D:\BH\航空项目制\优化\yixingyouhua2(1)\yixingyouhua2\batch_run\airfoils\sample_125.dat,0.0015574793,-3.86697e-05,0.2111899512011288,0.2518004146983198,0.2885836346623902,0.1664679748260052,0.2529913707434288,0.2807393510558769,-0.1057784647215041,-0.0096081311845013,0.0211264668196709,-0.0398524656717155,0.0220873749516475,-0.0235963158981784
sample_126,False,ok,2.0,0.8374,0.00571,-0.137,146.6549912434326,0.11576818474487346,0.3166332665330661,D:\BH\航空项目制\优化\yixingyouhua2(1)\yixingyouhua2\batch_run\polars\sample_126_polar.txt,D:\BH\航空项目制\优化\yixingyouhua2(1)\yixingyouhua2\batch_run\airfoils\sample_126.dat,0.0015574793,-3.86697e-05,0.1750694426369867,0.2551383791299161,0.348010050932133,0.1755157262468154,0.3416371626766971,0.3170766039327223,-0.12409185966807,-0.0446060181535859,0.0209219970877095,-0.0663823576663743,0.0441194732186706,0.0173505594158272
sample_127,False,ok,2.0,0.6157,0.00563,-0.0815,109.36056838365899,0.12640550148682964,0.2865731462925851,D:\BH\航空项目制\优化\yixingyouhua2(1)\yixingyouhua2\batch_run\polars\sample_127_polar.txt,D:\BH\航空项目制\优化\yixingyouhua2(1)\yixingyouhua2\batch_run\airfoils\sample_127.dat,0.0015574793,-3.86697e-05,0.2034133451681586,0.20047019995065,0.3716246570498048,0.1352289425035572,0.2476646172309213,0.1960509126228413,-0.1935480733342952,-0.1000499744717954,0.0188354247806915,-0.1356969872506823,-0.0353323382157229,-0.0111248106553032
sample_128,False,ok,2.0,0.7562,0.00544,-0.0999,139.00735294117646,0.12145285413510773,0.2945891783567134,D:\BH\航空项目制\优化\yixingyouhua2(1)\yixingyouhua2\batch_run\polars\sample_128_polar.txt,D:\BH\航空项目制\优化\yixingyouhua2(1)\yixingyouhua2\batch_run\airfoils\sample_128.dat,0.0015574793,-3.86697e-05,0.2293196296786669,0.2766997810174525,0.3047645308386011,0.2126044382397391,0.2585814364173646,0.2523567394258157,-0.1112280788776759,-0.0577505406038551,0.0252263192267012,-0.1294722091103654,0.0598981125919386,-0.0102339273354861
sample_129,False,ok,2.0,0.7515,0.00527,-0.1128,142.5996204933586,0.10658027186768812,0.3306613226452906,D:\BH\航空项目制\优化\yixingyouhua2(1)\yixingyouhua2\batch_run\polars\sample_129_polar.txt,D:\BH\航空项目制\优化\yixingyouhua2(1)\yixingyouhua2\batch_run\airfoils\sample_129.dat,0.0015574793,-3.86697e-05,0.1551265450297434,0.2514301375221575,0.2936315569983277,0.2375670524784585,0.2723897650528379,0.3098195714004947,-0.0902592935819895,-0.0503014608166228,0.0285268246732495,-0.0249250852019427,-0.0174233736834225,-0.0473507176614666
sample_130,False,ok,2.0,0.6976,0.00722,-0.1029,96.62049861495845,0.13449735907144827,0.23246492985971942,D:\BH\航空项目制\优化\yixingyouhua2(1)\yixingyouhua2\batch_run\polars\sample_130_polar.txt,D:\BH\航空项目制\优化\yixingyouhua2(1)\yixingyouhua2\batch_run\airfoils\sample_130.dat,0.0015574793,-3.86697e-05,0.2810071366130836,0.2144646536247207,0.2897041861713263,0.2239612021191772,0.3338812897321674,0.2830284330204171,-0.1910418097627604,-0.1180389834757843,-0.0326999269567707,-0.0479009274272417,0.0270884468033104,-0.0692873849306392
sample_131,False,ok,2.0,0.7039,0.00506,-0.1073,139.11067193675888,0.118636040016523,0.35270541082164325,D:\BH\航空项目制\优化\yixingyouhua2(1)\yixingyouhua2\batch_run\polars\sample_131_polar.txt,D:\BH\航空项目制\优化\yixingyouhua2(1)\yixingyouhua2\batch_run\airfoils\sample_131.dat,0.0015574793,-3.86697e-05,0.1721811047647644,0.2553417919046568,0.2535850824462332,0.2082338206186318,0.3404256208710567,0.239427155946107,-0.1384217233467033,-0.0197808798148048,-0.0722673507215511,-0.131273947259573,0.0853488685930518,-0.0437814711704452
sample_132,False,ok,2.0,0.6728,0.00562,-0.1022,119.71530249110319,0.11689945667061767,0.2725450901803607,D:\BH\航空项目制\优化\yixingyouhua2(1)\yixingyouhua2\batch_run\polars\sample_132_polar.txt,D:\BH\航空项目制\优化\yixingyouhua2(1)\yixingyouhua2\batch_run\airfoils\sample_132.dat,0.0015574793,-3.86697e-05,0.1726531492323803,0.2533291235364438,0.2498394463843839,0.2092463846022708,0.3119988195684902,0.2098402908048406,-0.1640675747651804,-0.0805218290414202,-0.0203031179139462,-0.0562050168216946,0.0850893626583858,-0.0761687973757511
sample_133,False,ok,2.0,0.716,0.00673,-0.0988,106.3893016344725,0.11505064724899447,0.19238476953907813,D:\BH\航空项目制\优化\yixingyouhua2(1)\yixingyouhua2\batch_run\polars\sample_133_polar.txt,D:\BH\航空项目制\优化\yixingyouhua2(1)\yixingyouhua2\batch_run\airfoils\sample_133.dat,0.0015574793,-3.86697e-05,0.25194845738549,0.2437869335359687,0.2541523277898356,0.1663176265122369,0.275555200698694,0.2921457206689397,-0.1831516060792509,-0.0452645319298599,0.0192117345613392,-0.0190326895660706,-0.0250147838106401,-0.0153646118876331
sample_134,False,ok,2.0,0.6564,0.00519,-0.0818,126.47398843930635,0.11389162337005353,0.30260521042084165,D:\BH\航空项目制\优化\yixingyouhua2(1)\yixingyouhua2\batch_run\polars\sample_134_polar.txt,D:\BH\航空项目制\优化\yixingyouhua2(1)\yixingyouhua2\batch_run\airfoils\sample_134.dat,0.0015574793,-3.86697e-05,0.2013710368326777,0.2020797566052964,0.3487518243558691,0.1380029583184129,0.2982950619507458,0.2034016318649269,-0.073993424746586,-0.107643431069256,0.0077469511130039,-0.0315017113048329,-0.042446084970132,-0.04566182845913
sample_135,False,ok,2.0,0.6849,0.00598,-0.0942,114.53177257525083,0.12178661181741196,0.2865731462925851,D:\BH\航空项目制\优化\yixingyouhua2(1)\yixingyouhua2\batch_run\polars\sample_135_polar.txt,D:\BH\航空项目制\优化\yixingyouhua2(1)\yixingyouhua2\batch_run\airfoils\sample_135.dat,0.0015574793,-3.86697e-05,0.250317073722342,0.189750811981919,0.3201136003216728,0.1638719981058421,0.2713539863902535,0.3222876491054339,-0.1192470675685603,-0.0876579764943145,-0.0784663665005578,-0.0106406078380448,0.0273180199263874,-0.0816955791735183
sample_136,False,ok,2.0,0.6471,0.00484,-0.0908,133.69834710743802,0.12785960064469018,0.3607214428857715,D:\BH\航空项目制\优化\yixingyouhua2(1)\yixingyouhua2\batch_run\polars\sample_136_polar.txt,D:\BH\航空项目制\优化\yixingyouhua2(1)\yixingyouhua2\batch_run\airfoils\sample_136.dat,0.0015574793,-3.86697e-05,0.2137629768336119,0.1763099907309844,0.3400853351361748,0.2112515163595602,0.2637599596633409,0.2486756900972787,-0.1516202237447285,-0.0764758758231078,-0.0581162696383743,-0.1186133108948659,-0.0316573761464831,-0.033233587249544
sample_137,False,ok,2.0,0.6471,0.00583,-0.0905,110.99485420240137,0.1119349612060313,0.30260521042084165,D:\BH\航空项目制\优化\yixingyouhua2(1)\yixingyouhua2\batch_run\polars\sample_137_polar.txt,D:\BH\航空项目制\优化\yixingyouhua2(1)\yixingyouhua2\batch_run\airfoils\sample_137.dat,0.0015574793,-3.86697e-05,0.2082653414570574,0.197441795163942,0.2852970044451335,0.2237035402351739,0.2478992559517184,0.2354870799294637,-0.1867093325508737,-0.0169827606546795,-0.0507980563386455,-0.0573129149597786,0.0589969266115065,-0.0954029454141812
sample_138,False,ok,2.0,0.6882,0.00502,-0.1008,137.09163346613545,0.1308842841724344,0.39078156312625245,D:\BH\航空项目制\优化\yixingyouhua2(1)\yixingyouhua2\batch_run\polars\sample_138_polar.txt,D:\BH\航空项目制\优化\yixingyouhua2(1)\yixingyouhua2\batch_run\airfoils\sample_138.dat,0.0015574793,-3.86697e-05,0.220784937476357,0.1854147648970932,0.3667371127586826,0.2095435747612057,0.3641622209094128,0.306304200880875,-0.1494444126756272,-0.0359232683141196,-0.0763214031236768,-0.0902494766349915,-0.0340376225252356,-0.1022670741425069
sample_139,False,ok,2.0,0.7386,0.00576,-0.1004,128.22916666666666,0.13739770473687807,0.26452905811623245,D:\BH\航空项目制\优化\yixingyouhua2(1)\yixingyouhua2\batch_run\polars\sample_139_polar.txt,D:\BH\航空项目制\优化\yixingyouhua2(1)\yixingyouhua2\batch_run\airfoils\sample_139.dat,0.0015574793,-3.86697e-05,0.2155815302455393,0.2941482518422893,0.352254266407103,0.1497228565430371,0.246880178397245,0.2403650349705025,-0.1438558751237615,-0.1081977909803356,-0.036858834284403,-0.0090181930837378,-0.0069893529986852,0.0188213727006107
sample_140,False,ok,2.0,0.723,0.00647,-0.0946,111.74652241112828,0.1203204057091649,0.23046092184368736,D:\BH\航空项目制\优化\yixingyouhua2(1)\yixingyouhua2\batch_run\polars\sample_140_polar.txt,D:\BH\航空项目制\优化\yixingyouhua2(1)\yixingyouhua2\batch_run\airfoils\sample_140.dat,0.0015574793,-3.86697e-05,0.2637832902143169,0.2586131199599115,0.2688890273135093,0.1672655939136316,0.3523883495367459,0.2047893179175957,-0.1398690293240583,-0.0601608476597766,-0.0229757858303646,-0.0090693459715349,0.0413681945613081,-0.0442979429946062
sample_141,False,ok,2.0,0.6124,0.00512,-0.0676,119.609375,0.12608758331448391,0.30861723446893785,D:\BH\航空项目制\优化\yixingyouhua2(1)\yixingyouhua2\batch_run\polars\sample_141_polar.txt,D:\BH\航空项目制\优化\yixingyouhua2(1)\yixingyouhua2\batch_run\airfoils\sample_141.dat,0.0015574793,-3.86697e-05,0.2063497898529225,0.2707505194848656,0.2854905860853194,0.1430276192440758,0.2410773335285881,0.2710797806607886,-0.0791782724945383,-0.089156633999932,-0.0659498225102739,-0.1188720154925875,0.0324493094136076,-0.0960713699916967
sample_142,False,ok,2.0,0.6748,0.00534,-0.0725,126.36704119850187,0.11848544303415531,0.3106212424849699,D:\BH\航空项目制\优化\yixingyouhua2(1)\yixingyouhua2\batch_run\polars\sample_142_polar.txt,D:\BH\航空项目制\优化\yixingyouhua2(1)\yixingyouhua2\batch_run\airfoils\sample_142.dat,0.0015574793,-3.86697e-05,0.2771129538286984,0.2430244646544658,0.3250167724394461,0.1547072321567291,0.3262645407130642,0.2961648498709228,-0.0973312776114211,-0.0244354024821269,-0.0096455411997075,-0.1058364027229621,-0.013879671058434,-0.1077475427079202
sample_143,False,ok,2.0,0.7244,0.00492,-0.1046,147.2357723577236,0.11455632982766151,0.3386773547094188,D:\BH\航空项目制\优化\yixingyouhua2(1)\yixingyouhua2\batch_run\polars\sample_143_polar.txt,D:\BH\航空项目制\优化\yixingyouhua2(1)\yixingyouhua2\batch_run\airfoils\sample_143.dat,0.0015574793,-3.86697e-05,0.1922465958294046,0.2401427888419385,0.272547399988586,0.2196301608407609,0.2443049999494743,0.258075818886421,-0.1346696320470553,-0.0036926845407742,-0.0777709248067904,-0.0630143459191567,-8.607764330766099e-06,0.02094101993016
sample_144,False,ok,2.0,0.7153,0.00613,-0.0936,116.6884176182708,0.1352555887692769,0.3246492985971944,D:\BH\航空项目制\优化\yixingyouhua2(1)\yixingyouhua2\batch_run\polars\sample_144_polar.txt,D:\BH\航空项目制\优化\yixingyouhua2(1)\yixingyouhua2\batch_run\airfoils\sample_144.dat,0.0015574793,-3.86697e-05,0.2807451424328677,0.2138290785538479,0.3570851283334059,0.2361473350645459,0.2988054275937902,0.1982813563161001,-0.189523056210251,-0.0531083486805373,-0.0220022791067774,-0.1321892248629147,-0.0405726772432333,0.0145194613132344
sample_145,False,ok,2.0,0.7533,0.00489,-0.1144,154.04907975460122,0.12374576282406481,0.34669338677354705,D:\BH\航空项目制\优化\yixingyouhua2(1)\yixingyouhua2\batch_run\polars\sample_145_polar.txt,D:\BH\航空项目制\优化\yixingyouhua2(1)\yixingyouhua2\batch_run\airfoils\sample_145.dat,0.0015574793,-3.86697e-05,0.1790249926207902,0.2595206055262684,0.3043669504817352,0.2437548236696727,0.3499625721682428,0.2670047769065976,-0.0981897960987866,-0.0533841692248431,-0.0565294211148077,-0.047529820148504,0.053878127961249,-0.0780331000617764
sample_146,False,ok,2.0,0.6463,0.00635,-0.0788,101.77952755905513,0.11156734684390006,0.3366733466933867,D:\BH\航空项目制\优化\yixingyouhua2(1)\yixingyouhua2\batch_run\polars\sample_146_polar.txt,D:\BH\航空项目制\优化\yixingyouhua2(1)\yixingyouhua2\batch_run\airfoils\sample_146.dat,0.0015574793,-3.86697e-05,0.2695730426889404,0.1779816319868768,0.2566065075484302,0.1943628286745221,0.2834926785370619,0.2915853547693191,-0.0829258362093002,-0.0591722497862869,-0.0552805915978278,-0.1063967327942307,0.0333286686016176,-0.0743430296978673
sample_147,False,ok,2.0,0.6635,0.00562,-0.0893,118.06049822064057,0.11513562100419163,0.31462925851703405,D:\BH\航空项目制\优化\yixingyouhua2(1)\yixingyouhua2\batch_run\polars\sample_147_polar.txt,D:\BH\航空项目制\优化\yixingyouhua2(1)\yixingyouhua2\batch_run\airfoils\sample_147.dat,0.0015574793,-3.86697e-05,0.224624038246432,0.189544611461161,0.2891652344870075,0.1880690871942762,0.3285219909673377,0.2055828333251791,-0.0926462740329279,-0.0930060744505632,-0.0496347807974676,-0.0294990983413065,-0.016034180254167,-0.0417466967872239
sample_148,False,ok,2.0,0.7333,0.00585,-0.0977,125.35042735042734,0.12482110840196996,0.2665330661322645,D:\BH\航空项目制\优化\yixingyouhua2(1)\yixingyouhua2\batch_run\polars\sample_148_polar.txt,D:\BH\航空项目制\优化\yixingyouhua2(1)\yixingyouhua2\batch_run\airfoils\sample_148.dat,0.0015574793,-3.86697e-05,0.2662905937453912,0.2267021169403706,0.3192697453340022,0.1429594816674413,0.2503493930196508,0.2953820746017155,-0.126504977485451,-0.0818999594910626,-0.0347540057073402,-0.0799142285060951,0.0469355061475937,-0.0043441475080516
sample_149,False,ok,2.0,0.7499,0.00525,-0.1151,142.83809523809524,0.12493014486592,0.3166332665330661,D:\BH\航空项目制\优化\yixingyouhua2(1)\yixingyouhua2\batch_run\polars\sample_149_polar.txt,D:\BH\航空项目制\优化\yixingyouhua2(1)\yixingyouhua2\batch_run\airfoils\sample_149.dat,0.0015574793,-3.86697e-05,0.1942192316932073,0.2493761892948446,0.2897722044686815,0.1953587034541209,0.2949795047775581,0.3032714004500838,-0.1070639509943824,-0.0734394827340158,-0.0797873438609545,-0.0721974194131536,0.0525088892210482,-0.0104250209886905
sample_150,False,ok,2.0,0.7507,0.0058,-0.1158,129.43103448275863,0.11910818912146406,0.2665330661322645,D:\BH\航空项目制\优化\yixingyouhua2(1)\yixingyouhua2\batch_run\polars\sample_150_polar.txt,D:\BH\航空项目制\优化\yixingyouhua2(1)\yixingyouhua2\batch_run\airfoils\sample_150.dat,0.0015574793,-3.86697e-05,0.2033067811653431,0.2244482254621998,0.3380092278848846,0.1441525689929138,0.2777287727284374,0.3111673985407874,-0.1582535390406368,-0.0757917449980884,-0.0118686255964666,-0.0218828922898669,-0.0186638647507629,0.0116805419573433
sample_151,False,ok,2.0,0.7403,0.00584,-0.0994,126.76369863013699,0.1327189748169265,0.2865731462925851,D:\BH\航空项目制\优化\yixingyouhua2(1)\yixingyouhua2\batch_run\polars\sample_151_polar.txt,D:\BH\航空项目制\优化\yixingyouhua2(1)\yixingyouhua2\batch_run\airfoils\sample_151.dat,0.0015574793,-3.86697e-05,0.2225681075996382,0.2962475893146309,0.3424838230846745,0.1385724598259691,0.3642690683024471,0.2357679456960745,-0.1315744427812373,-0.0701715693663425,-0.0318747763781106,-0.055231954995249,-0.031375098553751,-0.0131771134280891
sample_152,False,ok,2.0,0.7202,0.00577,-0.1069,124.81802426343154,0.11925245078532704,0.3306613226452906,D:\BH\航空项目制\优化\yixingyouhua2(1)\yixingyouhua2\batch_run\polars\sample_152_polar.txt,D:\BH\航空项目制\优化\yixingyouhua2(1)\yixingyouhua2\batch_run\airfoils\sample_152.dat,0.0015574793,-3.86697e-05,0.1823432847864789,0.2731410846199947,0.2841836183411225,0.2499519308152359,0.3469283101206173,0.2413328151481108,-0.1737312868328699,-0.0205265523470795,-0.007219750786041,-0.0734670637570557,-0.002974976986636,-0.0738577364035057
sample_153,False,ok,2.0,0.7777,0.00495,-0.1115,157.1111111111111,0.10139829422272766,0.35270541082164325,D:\BH\航空项目制\优化\yixingyouhua2(1)\yixingyouhua2\batch_run\polars\sample_153_polar.txt,D:\BH\航空项目制\优化\yixingyouhua2(1)\yixingyouhua2\batch_run\airfoils\sample_153.dat,0.0015574793,-3.86697e-05,0.1921370853547675,0.2542620696375912,0.2616775037553281,0.2627841620622688,0.3167543339680327,0.2368243327630288,-0.0820352777796735,-0.000882900665673,0.0227216233731546,-0.0543734499839612,0.0846720406026901,-0.0576938129199892
sample_154,False,polar_parse_failed,,,,,,,,,,,,,,,,,,,,,,,
sample_155,False,ok,2.0,0.7062,0.00626,-0.082,112.81150159744409,0.11168176874395448,0.2885771543086172,D:\BH\航空项目制\优化\yixingyouhua2(1)\yixingyouhua2\batch_run\polars\sample_155_polar.txt,D:\BH\航空项目制\优化\yixingyouhua2(1)\yixingyouhua2\batch_run\airfoils\sample_155.dat,0.0015574793,-3.86697e-05,0.2609786075883064,0.2460557942688001,0.3074622044758049,0.1362140647060807,0.3449575284970595,0.2002282419271982,-0.1114483332832547,-0.0063460751462827,0.0064479313756485,-0.1316026373425088,0.0812024691324832,-0.0644683455154538
sample_156,False,ok,2.0,0.7074,0.00573,-0.0949,123.45549738219896,0.12717217145751364,0.2725450901803607,D:\BH\航空项目制\优化\yixingyouhua2(1)\yixingyouhua2\batch_run\polars\sample_156_polar.txt,D:\BH\航空项目制\优化\yixingyouhua2(1)\yixingyouhua2\batch_run\airfoils\sample_156.dat,0.0015574793,-3.86697e-05,0.2048038581223999,0.2886755247146607,0.3099963725657852,0.2108669129866152,0.3347188309751104,0.2088859058862125,-0.1239355442330659,-0.0954571779210352,-0.001551800283175,-0.0178566192114039,0.0303245624866916,-0.0955970134503483
sample_157,False,ok,2.0,0.6937,0.00501,-0.0911,138.46307385229542,0.12735841415734786,0.3306613226452906,D:\BH\航空项目制\优化\yixingyouhua2(1)\yixingyouhua2\batch_run\polars\sample_157_polar.txt,D:\BH\航空项目制\优化\yixingyouhua2(1)\yixingyouhua2\batch_run\airfoils\sample_157.dat,0.0015574793,-3.86697e-05,0.1623889161712022,0.2955229259529509,0.3456236674097337,0.1478367011434482,0.2421908886899373,0.2536526296602475,-0.119482121179571,-0.0116814440391287,-0.0706231369110109,-0.1330196180909261,0.0778087853380384,-0.0416304917603006
sample_158,False,ok,2.0,0.7248,0.00623,-0.0997,116.34028892455858,0.13520678544252251,0.2665330661322645,D:\BH\航空项目制\优化\yixingyouhua2(1)\yixingyouhua2\batch_run\polars\sample_158_polar.txt,D:\BH\航空项目制\优化\yixingyouhua2(1)\yixingyouhua2\batch_run\airfoils\sample_158.dat,0.0015574793,-3.86697e-05,0.2663587623397052,0.2513796379935979,0.285891170416636,0.2074295449417975,0.3065338348571602,0.2671617588639897,-0.1352277718748346,-0.1132719862286686,-0.0669006716975708,-0.0342529401876566,-0.0271365779929691,-0.0042275701222971
sample_159,False,ok,2.0,0.7553,0.0056,-0.1211,134.875,0.13551803830498593,0.3166332665330661,D:\BH\航空项目制\优化\yixingyouhua2(1)\yixingyouhua2\batch_run\polars\sample_159_polar.txt,D:\BH\航空项目制\优化\yixingyouhua2(1)\yixingyouhua2\batch_run\airfoils\sample_159.dat,0.0015574793,-3.86697e-05,0.1552241610187148,0.2838844606431454,0.3515899012791351,0.2310144723009362,0.3239771303008436,0.273005220633839,-0.1606749186498051,-0.0836663110836689,-0.0352718957490502,-0.0444296462957609,-0.01267420713184,-0.0318651190856712
sample_160,False,ok,2.0,0.7235,0.00561,-0.1111,128.96613190730838,0.1266959280192256,0.3366733466933867,D:\BH\航空项目制\优化\yixingyouhua2(1)\yixingyouhua2\batch_run\polars\sample_160_polar.txt,D:\BH\航空项目制\优化\yixingyouhua2(1)\yixingyouhua2\batch_run\airfoils\sample_160.dat,0.0015574793,-3.86697e-05,0.2316514314716482,0.188584232117988,0.33547457522216,0.2594304209714396,0.292922541636971,0.3178528138868907,-0.1638210267634481,-0.0561970851725594,-0.0669965254745005,-0.0499139241245947,0.0508388896765897,-0.1036148361929257
sample_161,False,ok,2.0,0.684,0.00608,-0.0871,112.5,0.13493577697448159,0.2444889779559118,D:\BH\航空项目制\优化\yixingyouhua2(1)\yixingyouhua2\batch_run\polars\sample_161_polar.txt,D:\BH\航空项目制\优化\yixingyouhua2(1)\yixingyouhua2\batch_run\airfoils\sample_161.dat,0.0015574793,-3.86697e-05,0.250051517821016,0.2735689397676143,0.3298875031478021,0.1879147289212155,0.2849214306226348,0.2240364531850572,-0.1863718817494423,-0.0919478321434681,0.0242324087237508,-0.1156691688044778,0.0796083591852076,-0.0975184650227951
sample_162,False,ok,2.0,0.7082,0.00433,-0.0937,163.55658198614321,0.11702746237140647,0.39078156312625245,D:\BH\航空项目制\优化\yixingyouhua2(1)\yixingyouhua2\batch_run\polars\sample_162_polar.txt,D:\BH\航空项目制\优化\yixingyouhua2(1)\yixingyouhua2\batch_run\airfoils\sample_162.dat,0.0015574793,-3.86697e-05,0.2000203604688896,0.2155447182913095,0.3455538488288536,0.2135903241996674,0.2912263780548529,0.2421881414836844,-0.0934559723900301,-0.0300965311575293,0.014681295505524,-0.1292771975148168,-0.0215117006276514,-0.032740874471715
sample_163,False,ok,2.0,0.7344,0.00578,-0.1137,127.05882352941177,0.10835455511670661,0.25851703406813625,D:\BH\航空项目制\优化\yixingyouhua2(1)\yixingyouhua2\batch_run\polars\sample_163_polar.txt,D:\BH\航空项目制\优化\yixingyouhua2(1)\yixingyouhua2\batch_run\airfoils\sample_163.dat,0.0015574793,-3.86697e-05,0.2009695539863007,0.2018414038220428,0.2670780798123487,0.2022520036806508,0.3077326653835381,0.1970069399190321,-0.1189971904951403,-0.107833887828128,0.0158478783276126,-0.015095190802956,0.0473456618077024,0.0190169751193629
sample_164,False,ok,2.0,0.7526,0.00518,-0.1086,145.2895752895753,0.1014380658545297,0.3166332665330661,D:\BH\航空项目制\优化\yixingyouhua2(1)\yixingyouhua2\batch_run\polars\sample_164_polar.txt,D:\BH\航空项目制\优化\yixingyouhua2(1)\yixingyouhua2\batch_run\airfoils\sample_164.dat,0.0015574793,-3.86697e-05,0.1897266419628395,0.2386615231345432,0.2904218816028569,0.1724660348844965,0.3502342694821703,0.2396909413538122,-0.0871575829712984,-0.0223928202475208,0.0204432265976975,-0.0602576081666371,0.0798609256668562,-0.0519524747966274
sample_165,False,ok,2.0,0.6969,0.00637,-0.0921,109.40345368916797,0.12399977370784354,0.25851703406813625,D:\BH\航空项目制\优化\yixingyouhua2(1)\yixingyouhua2\batch_run\polars\sample_165_polar.txt,D:\BH\航空项目制\优化\yixingyouhua2(1)\yixingyouhua2\batch_run\airfoils\sample_165.dat,0.0015574793,-3.86697e-05,0.2627933893812777,0.2351574447016084,0.2489551380963467,0.1793685469227438,0.3172040092122049,0.2331951243253806,-0.1108698399734735,-0.1004852068979908,-0.0773795332647962,-0.0100661292613605,-0.0307261193499659,0.0046091155418244
sample_166,False,ok,2.0,0.7033,0.00645,-0.0861,109.03875968992249,0.13772918955692276,0.280561122244489,D:\BH\航空项目制\优化\yixingyouhua2(1)\yixingyouhua2\batch_run\polars\sample_166_polar.txt,D:\BH\航空项目制\优化\yixingyouhua2(1)\yixingyouhua2\batch_run\airfoils\sample_166.dat,0.0015574793,-3.86697e-05,0.270819841368437,0.2900288526213391,0.3289017140774948,0.1674716193681749,0.3461605960802988,0.3005734585576996,-0.1625303741474594,-0.0398595636378507,-0.0638182270937296,-0.0845308251848944,-0.0196634881985273,-0.0927573269166785
sample_167,False,ok,2.0,0.7444,0.00518,-0.1127,143.7065637065637,0.1178416771861512,0.3366733466933867,D:\BH\航空项目制\优化\yixingyouhua2(1)\yixingyouhua2\batch_run\polars\sample_167_polar.txt,D:\BH\航空项目制\优化\yixingyouhua2(1)\yixingyouhua2\batch_run\airfoils\sample_167.dat,0.0015574793,-3.86697e-05,0.1954648928845284,0.1881354554786282,0.3665476701797834,0.2068605732077642,0.3472295027252973,0.2458513992706162,-0.082847983948056,-0.1233045828990626,0.0424476365627034,-0.0642764604226524,0.0313949154859981,-0.0638952988644422
sample_168,False,ok,2.0,0.7518,0.00602,-0.1181,124.88372093023256,0.11670670221359697,0.30861723446893785,D:\BH\航空项目制\优化\yixingyouhua2(1)\yixingyouhua2\batch_run\polars\sample_168_polar.txt,D:\BH\航空项目制\优化\yixingyouhua2(1)\yixingyouhua2\batch_run\airfoils\sample_168.dat,0.0015574793,-3.86697e-05,0.2145509587650056,0.2153649219410203,0.2537931270167947,0.2503336246227757,0.3557343135217338,0.2553541837256238,-0.0936121289505832,-0.1130576814596258,-0.0198047749245073,-0.0400960000439001,0.0239015960064271,-0.0158707926243397
sample_169,False,ok,2.0,0.7026,0.00461,-0.0944,152.40780911062905,0.11874548426683845,0.34669338677354705,D:\BH\航空项目制\优化\yixingyouhua2(1)\yixingyouhua2\batch_run\polars\sample_169_polar.txt,D:\BH\航空项目制\优化\yixingyouhua2(1)\yixingyouhua2\batch_run\airfoils\sample_169.dat,0.0015574793,-3.86697e-05,0.1881034348514777,0.2578188528889206,0.3277089498707669,0.1804601777730835,0.3632310976334425,0.2492510188625303,-0.0825158840374588,-0.0556810288348167,0.0020077725653405,-0.0897519262377612,-0.0010927195547903,-0.07973164259583
sample_170,False,ok,2.0,0.696,0.00598,-0.1066,116.38795986622073,0.11304824538991964,0.280561122244489,D:\BH\航空项目制\优化\yixingyouhua2(1)\yixingyouhua2\batch_run\polars\sample_170_polar.txt,D:\BH\航空项目制\优化\yixingyouhua2(1)\yixingyouhua2\batch_run\airfoils\sample_170.dat,0.0015574793,-3.86697e-05,0.154281698431101,0.285416858648655,0.2512336379460573,0.2086145884406733,0.3359576612908521,0.2319772590556008,-0.1823633815745362,-0.0275606877823562,-0.00245433503507,-0.0664930366311212,0.0374053876938896,-0.0672850964858316
sample_171,False,ok,2.0,0.6782,0.00579,-0.09,117.13298791018998,0.11476110776932635,0.280561122244489,D:\BH\航空项目制\优化\yixingyouhua2(1)\yixingyouhua2\batch_run\polars\sample_171_polar.txt,D:\BH\航空项目制\优化\yixingyouhua2(1)\yixingyouhua2\batch_run\airfoils\sample_171.dat,0.0015574793,-3.86697e-05,0.2046563200089836,0.2515133751826451,0.2656540592289336,0.2058053725718698,0.2785291929163493,0.2482167666701201,-0.1233732512726223,-0.0795402489415901,0.0174612889197886,-0.0757935847719704,-0.0313547561121388,-0.038706969972883
sample_172,False,ok,2.0,0.7445,0.00582,-0.09,127.92096219931273,0.11660240941137606,0.2865731462925851,D:\BH\航空项目制\优化\yixingyouhua2(1)\yixingyouhua2\batch_run\polars\sample_172_polar.txt,D:\BH\航空项目制\优化\yixingyouhua2(1)\yixingyouhua2\batch_run\airfoils\sample_172.dat,0.0015574793,-3.86697e-05,0.2803884526459345,0.2666752665994511,0.2606541252238977,0.1899843174630945,0.2846827827020317,0.2941126140075054,-0.100032703180386,-0.0255039925292777,-0.0042745961029447,-0.1320341434824838,-0.0155395122052355,0.0096465758469388
sample_173,False,ok,2.0,0.7519,0.0056,-0.1195,134.26785714285714,0.1250550263264198,0.2885771543086172,D:\BH\航空项目制\优化\yixingyouhua2(1)\yixingyouhua2\batch_run\polars\sample_173_polar.txt,D:\BH\航空项目制\优化\yixingyouhua2(1)\yixingyouhua2\batch_run\airfoils\sample_173.dat,0.0015574793,-3.86697e-05,0.1718842865562189,0.2805343541883316,0.2744186542072186,0.2150750682868438,0.2483451142447727,0.3102300427458923,-0.1526158493352901,-0.0852516918707279,-0.014530215572376,-0.1170919145314962,0.0854370495793643,-0.0059048926852252
sample_174,False,ok,2.0,0.6237,0.00677,-0.0722,92.12703101920236,0.12491372269688494,0.22044088176352702,D:\BH\航空项目制\优化\yixingyouhua2(1)\yixingyouhua2\batch_run\polars\sample_174_polar.txt,D:\BH\航空项目制\优化\yixingyouhua2(1)\yixingyouhua2\batch_run\airfoils\sample_174.dat,0.0015574793,-3.86697e-05,0.2805163709875773,0.2315454681144545,0.2553694086114842,0.1562232073013272,0.2895002540651411,0.247943087436016,-0.164386959694402,-0.0840152245264263,-0.0270444771052085,-0.091820607870443,0.0227800544543761,-0.0893491312565106
sample_175,False,ok,2.0,0.7522,0.00499,-0.101,150.74148296593188,0.0991155071288435,0.3006012024048096,D:\BH\航空项目制\优化\yixingyouhua2(1)\yixingyouhua2\batch_run\polars\sample_175_polar.txt,D:\BH\航空项目制\优化\yixingyouhua2(1)\yixingyouhua2\batch_run\airfoils\sample_175.dat,0.0015574793,-3.86697e-05,0.1848588848483191,0.2893278658638614,0.2455708840954327,0.1922053393643499,0.3213779776124444,0.2296552379954892,-0.0713260312441057,-0.0143492063589895,0.0440772951206134,-0.0511939720194111,-0.0280732346313848,0.0109337695748779
sample_176,False,ok,2.0,0.7432,0.00599,-0.0887,124.07345575959934,0.12241036128913461,0.3006012024048096,D:\BH\航空项目制\优化\yixingyouhua2(1)\yixingyouhua2\batch_run\polars\sample_176_polar.txt,D:\BH\航空项目制\优化\yixingyouhua2(1)\yixingyouhua2\batch_run\airfoils\sample_176.dat,0.0015574793,-3.86697e-05,0.2539295870577004,0.2885769648428407,0.3039455948338893,0.2560713680350286,0.292774980551298,0.264538872203358,-0.1017298675061919,-0.0438722200229634,0.0269777400172758,-0.0694518875677743,-0.0294941544936925,-0.0714251116501854
sample_177,False,ok,2.0,0.7522,0.00638,-0.1059,117.89968652037616,0.1273243565607526,0.24048096192384769,D:\BH\航空项目制\优化\yixingyouhua2(1)\yixingyouhua2\batch_run\polars\sample_177_polar.txt,D:\BH\航空项目制\优化\yixingyouhua2(1)\yixingyouhua2\batch_run\airfoils\sample_177.dat,0.0015574793,-3.86697e-05,0.2618655842510143,0.2429484938503538,0.3049676391897653,0.1733921687384539,0.3645646168959222,0.2175370081152728,-0.1276774049515944,-0.1260536649088509,0.0119036014653874,-0.0219472835332898,0.0008599625829432,-0.0028422849504961
sample_178,False,ok,2.0,0.6849,0.00611,-0.0791,112.09492635024549,0.12854696673360483,0.25250501002004005,D:\BH\航空项目制\优化\yixingyouhua2(1)\yixingyouhua2\batch_run\polars\sample_178_polar.txt,D:\BH\航空项目制\优化\yixingyouhua2(1)\yixingyouhua2\batch_run\airfoils\sample_178.dat,0.0015574793,-3.86697e-05,0.234374856186289,0.3029415821294291,0.3422061493291478,0.1383441465967606,0.2838064366225957,0.201851585571249,-0.1679855399060135,-0.0393450862837094,0.0121014698203189,-0.0934382456018383,0.06688047432252,-0.085118321400834
sample_179,False,ok,2.0,0.6546,0.00558,-0.0922,117.31182795698925,0.10590095988165993,0.23847695390781562,D:\BH\航空项目制\优化\yixingyouhua2(1)\yixingyouhua2\batch_run\polars\sample_179_polar.txt,D:\BH\航空项目制\优化\yixingyouhua2(1)\yixingyouhua2\batch_run\airfoils\sample_179.dat,0.0015574793,-3.86697e-05,0.1858470729306835,0.1983878885819847,0.3319425844203791,0.1506927297290095,0.2387566029366429,0.2292894597318205,-0.1784344858825692,-0.0585027312231623,0.0437072734993835,-0.0091983076611472,0.0581626637364378,-0.0939117333288608
sample_180,False,ok,2.0,0.8304,0.00629,-0.1139,132.01907790143085,0.11339618192136462,0.280561122244489,D:\BH\航空项目制\优化\yixingyouhua2(1)\yixingyouhua2\batch_run\polars\sample_180_polar.txt,D:\BH\航空项目制\优化\yixingyouhua2(1)\yixingyouhua2\batch_run\airfoils\sample_180.dat,0.0015574793,-3.86697e-05,0.2470809288044262,0.2951668798548719,0.2940786567638309,0.2438429377843862,0.3271674637977148,0.3209511706801229,-0.0968668988886012,-0.0079804379006327,0.0232721901157147,-0.0102683533996435,0.0077816112814619,-0.046075909689245
sample_181,False,ok,2.0,0.6871,0.00566,-0.0875,121.39575971731449,0.1173672954697145,0.3226452905811623,D:\BH\航空项目制\优化\yixingyouhua2(1)\yixingyouhua2\batch_run\polars\sample_181_polar.txt,D:\BH\航空项目制\优化\yixingyouhua2(1)\yixingyouhua2\batch_run\airfoils\sample_181.dat,0.0015574793,-3.86697e-05,0.2547354912724104,0.2147253115004702,0.2800614929656179,0.1997823911052273,0.2499379976497644,0.2433436737825542,-0.1389254810711554,-0.0163497608169504,-0.0664477366691268,-0.110821324377609,0.0246813022485152,-0.0073545356004647
sample_182,False,ok,2.0,0.6326,0.00548,-0.0675,115.43795620437957,0.11073436989939778,0.30260521042084165,D:\BH\航空项目制\优化\yixingyouhua2(1)\yixingyouhua2\batch_run\polars\sample_182_polar.txt,D:\BH\航空项目制\优化\yixingyouhua2(1)\yixingyouhua2\batch_run\airfoils\sample_182.dat,0.0015574793,-3.86697e-05,0.2556841044585177,0.2136084738497998,0.2759916960716047,0.1847768648476542,0.2505850512854862,0.2247490309287089,-0.0909436058859997,-0.0396235568701653,-0.0310406692418071,-0.0964749647289198,0.062604868165248,-0.0981712123402404
sample_183,False,ok,2.0,0.7661,0.00578,-0.1069,132.5432525951557,0.13910069367788172,0.30861723446893785,D:\BH\航空项目制\优化\yixingyouhua2(1)\yixingyouhua2\batch_run\polars\sample_183_polar.txt,D:\BH\航空项目制\优化\yixingyouhua2(1)\yixingyouhua2\batch_run\airfoils\sample_183.dat,0.0015574793,-3.86697e-05,0.2647820434588116,0.2507002318614963,0.3643512836294389,0.2383352726137374,0.3232247143927557,0.2911265380890927,-0.1441446727912872,-0.0869950447416341,-0.0077218168480711,-0.1239562068732355,0.0634056924771221,-0.0804629414386734
sample_184,False,ok,2.0,0.7352,0.00597,-0.1101,123.14907872696817,0.14837125271982227,0.2665330661322645,D:\BH\航空项目制\优化\yixingyouhua2(1)\yixingyouhua2\batch_run\polars\sample_184_polar.txt,D:\BH\航空项目制\优化\yixingyouhua2(1)\yixingyouhua2\batch_run\airfoils\sample_184.dat,0.0015574793,-3.86697e-05,0.2498284842994171,0.2722505689425041,0.3187264550445604,0.2238551132142001,0.2553772612948531,0.3235392255426752,-0.1926588998104152,-0.1211089611163892,-0.0688740097099783,-0.0973087016978032,0.0828952745974917,-0.0528705935213138
sample_185,False,ok,2.0,0.7348,0.00579,-0.1098,126.90846286701209,0.1343037287692769,0.3246492985971944,D:\BH\航空项目制\优化\yixingyouhua2(1)\yixingyouhua2\batch_run\polars\sample_185_polar.txt,D:\BH\航空项目制\优化\yixingyouhua2(1)\yixingyouhua2\batch_run\airfoils\sample_185.dat,0.0015574793,-3.86697e-05,0.22416745808543,0.242385936870537,0.3384222170041341,0.2287264361494749,0.2997719272484072,0.3121386307462654,-0.1833012943286739,-0.0461337824798401,-0.067122541663249,-0.0796583414562694,-0.0186112760639038,-0.0430661721787803
sample_186,False,ok,2.0,0.5859,0.00637,-0.0777,91.97802197802197,0.12263367522667429,0.2665330661322645,D:\BH\航空项目制\优化\yixingyouhua2(1)\yixingyouhua2\batch_run\polars\sample_186_polar.txt,D:\BH\航空项目制\优化\yixingyouhua2(1)\yixingyouhua2\batch_run\airfoils\sample_186.dat,0.0015574793,-3.86697e-05,0.2356768890431271,0.1857624176463143,0.2734727959877275,0.1598494294146168,0.2754163541333919,0.2489784833412722,-0.1669891469421547,-0.114685330158737,-0.0428493517820658,-0.11421442997429,0.0413281252923436,-0.094055703147369
sample_187,False,ok,2.0,0.6945,0.00486,-0.1037,142.90123456790124,0.12462552178385869,0.3306613226452906,D:\BH\航空项目制\优化\yixingyouhua2(1)\yixingyouhua2\batch_run\polars\sample_187_polar.txt,D:\BH\航空项目制\优化\yixingyouhua2(1)\yixingyouhua2\batch_run\airfoils\sample_187.dat,0.0015574793,-3.86697e-05,0.1604728548291453,0.2433526428804072,0.3021306587462026,0.2431632901731377,0.3203757192186495,0.2045993560493626,-0.1023932798275645,-0.103806064962855,-0.0510183886020773,-0.0187430279976564,0.0039722038736694,-0.0576209576072676
sample_188,False,ok,2.0,0.6721,0.00656,-0.0796,102.45426829268294,0.11578595878801042,0.2945891783567134,D:\BH\航空项目制\优化\yixingyouhua2(1)\yixingyouhua2\batch_run\polars\sample_188_polar.txt,D:\BH\航空项目制\优化\yixingyouhua2(1)\yixingyouhua2\batch_run\airfoils\sample_188.dat,0.0015574793,-3.86697e-05,0.2719875568214065,0.1856978935063062,0.2933328323142044,0.2402382307971625,0.2375872400010032,0.225223836772592,-0.0774476284881692,-0.1197730712468731,0.0320878381104498,-0.0901153583560215,-0.0099462308941985,-0.0289574682765569
sample_189,False,ok,2.0,0.6915,0.00618,-0.0855,111.89320388349515,0.13181278179388467,0.2745490981963928,D:\BH\航空项目制\优化\yixingyouhua2(1)\yixingyouhua2\batch_run\polars\sample_189_polar.txt,D:\BH\航空项目制\优化\yixingyouhua2(1)\yixingyouhua2\batch_run\airfoils\sample_189.dat,0.0015574793,-3.86697e-05,0.2265288208767018,0.2990061783725644,0.3465637743809237,0.1600887114311393,0.3581136924046514,0.2248215883009211,-0.1564810826119006,-0.0692742180726909,0.0332852992048582,-0.1219687421953174,0.0054123749714424,-0.09716289533978
sample_190,False,ok,2.0,0.6717,0.00524,-0.0817,128.18702290076337,0.12132469433556747,0.3226452905811623,D:\BH\航空项目制\优化\yixingyouhua2(1)\yixingyouhua2\batch_run\polars\sample_190_polar.txt,D:\BH\航空项目制\优化\yixingyouhua2(1)\yixingyouhua2\batch_run\airfoils\sample_190.dat,0.0015574793,-3.86697e-05,0.2047049726147406,0.2410196186416705,0.3583010211718459,0.195952821924798,0.2426688172410619,0.2508340905665407,-0.1100633413281439,-0.0582626672836258,0.0032991368409441,-0.0849698500068491,0.0216096100227989,-0.1011617577993842
sample_191,False,ok,2.0,0.7343,0.00594,-0.1025,123.61952861952861,0.10904254136134249,0.41482965931863724,D:\BH\航空项目制\优化\yixingyouhua2(1)\yixingyouhua2\batch_run\polars\sample_191_polar.txt,D:\BH\航空项目制\优化\yixingyouhua2(1)\yixingyouhua2\batch_run\airfoils\sample_191.dat,0.0015574793,-3.86697e-05,0.2210245840518171,0.2071919943002295,0.3098794812857536,0.2091182392664732,0.3593698355060817,0.2521123261447373,-0.1163916524923797,-0.0036390748969635,0.0305433577726763,-0.1377564403337639,0.0345132605846486,-0.0641602726555191
sample_192,False,ok,2.0,0.5657,0.00587,-0.0693,96.37137989778535,0.13223659463117843,0.30861723446893785,D:\BH\航空项目制\优化\yixingyouhua2(1)\yixingyouhua2\batch_run\polars\sample_192_polar.txt,D:\BH\航空项目制\优化\yixingyouhua2(1)\yixingyouhua2\batch_run\airfoils\sample_192.dat,0.0015574793,-3.86697e-05,0.1685747580929681,0.2873483021979299,0.2772096058208389,0.1874224746197135,0.2795910782382018,0.2144166948138284,-0.1840017776359407,-0.0760893995742812,-0.0490815623922862,-0.136583336930803,-0.0410167021498541,-0.0994143539216286
sample_193,False,ok,2.0,0.77,0.00664,-0.1024,115.96385542168674,0.12700972489583082,0.23847695390781562,D:\BH\航空项目制\优化\yixingyouhua2(1)\yixingyouhua2\batch_run\polars\sample_193_polar.txt,D:\BH\航空项目制\优化\yixingyouhua2(1)\yixingyouhua2\batch_run\airfoils\sample_193.dat,0.0015574793,-3.86697e-05,0.2760565381767037,0.2810201608821838,0.2783169814347705,0.2198018669170477,0.3383623721170631,0.2408625995930232,-0.1358142574828347,-0.0808863344184565,0.0363340007657026,-0.1004801012036331,0.0348269895589264,-0.0174971443282741
sample_194,False,ok,2.0,0.8356,0.00541,-0.1118,154.4547134935305,0.12365742269056261,0.2925851703406813,D:\BH\航空项目制\优化\yixingyouhua2(1)\yixingyouhua2\batch_run\polars\sample_194_polar.txt,D:\BH\航空项目制\优化\yixingyouhua2(1)\yixingyouhua2\batch_run\airfoils\sample_194.dat,0.0015574793,-3.86697e-05,0.2570125434485923,0.2834087434087035,0.3317058516422881,0.2428128987162078,0.2422980553215852,0.2990012985721952,-0.0906963070438539,-0.0350398007011016,-0.0127954298983559,-0.0228098959110666,0.0360527301673513,0.0007972664624109
sample_195,False,ok,2.0,0.6504,0.00611,-0.0915,106.44844517184943,0.12171777422249067,0.30861723446893785,D:\BH\航空项目制\优化\yixingyouhua2(1)\yixingyouhua2\batch_run\polars\sample_195_polar.txt,D:\BH\航空项目制\优化\yixingyouhua2(1)\yixingyouhua2\batch_run\airfoils\sample_195.dat,0.0015574793,-3.86697e-05,0.219797954475371,0.2042184701481312,0.3221652253475757,0.1698865829425552,0.2783692272621424,0.307055093018875,-0.1937451506959729,-0.0465326226935318,-0.0354679071581578,-0.1042231362058842,-0.0321850312852547,-0.0689582221285673
sample_196,False,ok,2.0,0.7303,0.00536,-0.1023,136.25,0.11356192753636063,0.344689378757515,D:\BH\航空项目制\优化\yixingyouhua2(1)\yixingyouhua2\batch_run\polars\sample_196_polar.txt,D:\BH\航空项目制\优化\yixingyouhua2(1)\yixingyouhua2\batch_run\airfoils\sample_196.dat,0.0015574793,-3.86697e-05,0.2004195756790303,0.2065089713592529,0.3715524469893602,0.2248409348027107,0.2817581554081834,0.2205680154824829,-0.132769444142702,-0.0241852559505029,0.0239662995089356,-0.0782798322305596,0.0838192949695415,-0.0841928779483393
sample_197,False,ok,2.0,0.6869,0.00621,-0.0969,110.61191626409017,0.10797380056195854,0.2665330661322645,D:\BH\航空项目制\优化\yixingyouhua2(1)\yixingyouhua2\batch_run\polars\sample_197_polar.txt,D:\BH\航空项目制\优化\yixingyouhua2(1)\yixingyouhua2\batch_run\airfoils\sample_197.dat,0.0015574793,-3.86697e-05,0.1794406623642821,0.2741541129791189,0.2654985888357244,0.1423769544543935,0.3238985088138725,0.302257046060476,-0.1514137446347566,0.000834145438415,-0.0445646543413579,-0.009295591644619,0.028922777106637,-0.1056890456847408
sample_198,False,ok,2.0,0.6805,0.005,-0.0827,136.1,0.1221759378165252,0.3366733466933867,D:\BH\航空项目制\优化\yixingyouhua2(1)\yixingyouhua2\batch_run\polars\sample_198_polar.txt,D:\BH\航空项目制\优化\yixingyouhua2(1)\yixingyouhua2\batch_run\airfoils\sample_198.dat,0.0015574793,-3.86697e-05,0.2090433514563143,0.2783022447329882,0.3226260425022044,0.1801962901847486,0.2790157763078301,0.3227952449217863,-0.1141880830872791,0.000992158809504,-0.0632391349864055,-0.0665995139172768,-0.0319941307613966,-0.0968718915947542
sample_199,False,ok,2.0,0.7777,0.00551,-0.1123,141.14337568058076,0.11839900444014147,0.3306613226452906,D:\BH\航空项目制\优化\yixingyouhua2(1)\yixingyouhua2\batch_run\polars\sample_199_polar.txt,D:\BH\航空项目制\优化\yixingyouhua2(1)\yixingyouhua2\batch_run\airfoils\sample_199.dat,0.0015574793,-3.86697e-05,0.198365420960493,0.2906161129860411,0.3125839351764485,0.2084257655243685,0.3662474155727735,0.3096465169084221,-0.1015944087181758,-0.0015802568289515,-0.0401634216960342,-0.0410771684501863,0.0847786171845563,-0.1085627862946146
sample_200,False,ok,2.0,0.6665,0.00484,-0.0962,137.70661157024793,0.10737296591684281,0.374749498997996,D:\BH\航空项目制\优化\yixingyouhua2(1)\yixingyouhua2\batch_run\polars\sample_200_polar.txt,D:\BH\航空项目制\优化\yixingyouhua2(1)\yixingyouhua2\batch_run\airfoils\sample_200.dat,0.0015574793,-3.86697e-05,0.1732428371835463,0.1982754019456271,0.285417545155175,0.1831137068088562,0.3412430822855701,0.2028061556575037,-0.1220862730771842,-0.0185654178677721,-0.050928320176646,-0.0531608625773562,-0.0296332335773719,-0.0284403521537246
sample_201,False,ok,2.0,0.611,0.00598,-0.0819,102.17391304347825,0.11797811264890999,0.3687374749498998,D:\BH\航空项目制\优化\yixingyouhua2(1)\yixingyouhua2\batch_run\polars\sample_201_polar.txt,D:\BH\航空项目制\优化\yixingyouhua2(1)\yixingyouhua2\batch_run\airfoils\sample_201.dat,0.0015574793,-3.86697e-05,0.2274226447580554,0.1773262998607785,0.2597502636496195,0.2227085464037844,0.315724379699477,0.3211723401861331,-0.0876761993750892,-0.0898319523697881,-0.0716479080662278,-0.0767118751786666,-0.0334949243117724,-0.1034433611691484
sample_202,False,ok,2.0,0.7324,0.00613,-0.0909,119.47797716150082,0.1373243524918642,0.3386773547094188,D:\BH\航空项目制\优化\yixingyouhua2(1)\yixingyouhua2\batch_run\polars\sample_202_polar.txt,D:\BH\航空项目制\优化\yixingyouhua2(1)\yixingyouhua2\batch_run\airfoils\sample_202.dat,0.0015574793,-3.86697e-05,0.237751537580151,0.295735052076976,0.3612599799969406,0.2161032684550146,0.2712270324938077,0.3213213748487476,-0.1483871957731115,-0.0072935700338734,-0.0474500597857684,-0.1276082649980228,-0.020155487839408,-0.0732072976602884
sample_203,False,ok,2.0,0.6612,0.00556,-0.0893,118.92086330935253,0.1213811252541751,0.3166332665330661,D:\BH\航空项目制\优化\yixingyouhua2(1)\yixingyouhua2\batch_run\polars\sample_203_polar.txt,D:\BH\航空项目制\优化\yixingyouhua2(1)\yixingyouhua2\batch_run\airfoils\sample_203.dat,0.0015574793,-3.86697e-05,0.2125763125647,0.2408587359158707,0.2440362495257172,0.1757526065880219,0.3089794721930118,0.2830814663824958,-0.0745264671472157,-0.1084151003821416,-0.0550301286122568,-0.1284857201542771,0.0438104096159747,-0.0570751675373346
sample_204,False,ok,2.0,0.6728,0.00496,-0.0945,135.64516129032256,0.11695813495756949,0.3366733466933867,D:\BH\航空项目制\优化\yixingyouhua2(1)\yixingyouhua2\batch_run\polars\sample_204_polar.txt,D:\BH\航空项目制\优化\yixingyouhua2(1)\yixingyouhua2\batch_run\airfoils\sample_204.dat,0.0015574793,-3.86697e-05,0.1747300847790208,0.2531707201114024,0.2674043122363427,0.2303470361964889,0.3508077488259973,0.1955998695919141,-0.1247388984575569,-0.0349062612724175,-0.0738277125344293,-0.0086473093813239,-0.0238200797508027,-0.0736672672928819
sample_205,False,ok,2.0,0.6566,0.00664,-0.0878,98.88554216867469,0.13475445410805653,0.26452905811623245,D:\BH\航空项目制\优化\yixingyouhua2(1)\yixingyouhua2\batch_run\polars\sample_205_polar.txt,D:\BH\航空项目制\优化\yixingyouhua2(1)\yixingyouhua2\batch_run\airfoils\sample_205.dat,0.0015574793,-3.86697e-05,0.2564571452172876,0.2562109134162202,0.2699852277233134,0.2445634812774864,0.2807252792423771,0.3237252822598663,-0.1881288359216726,-0.0994727606640865,-0.0103118636905036,-0.1330598767584519,-0.0208061669001962,-0.0946512713143237
sample_206,False,ok,2.0,0.6462,0.00584,-0.0834,110.65068493150686,0.1339010417867969,0.2885771543086172,D:\BH\航空项目制\优化\yixingyouhua2(1)\yixingyouhua2\batch_run\polars\sample_206_polar.txt,D:\BH\航空项目制\优化\yixingyouhua2(1)\yixingyouhua2\batch_run\airfoils\sample_206.dat,0.0015574793,-3.86697e-05,0.1660386777746651,0.301876112198455,0.3632876946331991,0.1945679028376281,0.2514683293744048,0.205170155231485,-0.1918730682072174,-0.0568376095436244,-0.0189772447595118,-0.0491004512584116,-0.0125878350018339,-0.0918204527239973
sample_207,False,ok,2.0,0.856,0.0052,-0.1209,164.6153846153846,0.11605452868091985,0.3226452905811623,D:\BH\航空项目制\优化\yixingyouhua2(1)\yixingyouhua2\batch_run\polars\sample_207_polar.txt,D:\BH\航空项目制\优化\yixingyouhua2(1)\yixingyouhua2\batch_run\airfoils\sample_207.dat,0.0015574793,-3.86697e-05,0.2320916489046495,0.275283251349493,0.3565036165265252,0.173121533756015,0.3023484860252184,0.3052303744835732,-0.0854070499070824,-0.0038280024494132,0.0221968933724455,-0.1042981261474824,0.0750616749880866,0.019331783521201
sample_208,False,ok,2.0,0.7305,0.0055,-0.1059,132.81818181818184,0.12569180065677926,0.344689378757515,D:\BH\航空项目制\优化\yixingyouhua2(1)\yixingyouhua2\batch_run\polars\sample_208_polar.txt,D:\BH\航空项目制\优化\yixingyouhua2(1)\yixingyouhua2\batch_run\airfoils\sample_208.dat,0.0015574793,-3.86697e-05,0.2434369733449188,0.1992884069579044,0.321195246163478,0.249842998902069,0.3598112755332928,0.2140210194881057,-0.1240244783254921,-0.0862876952998249,-0.0216170751543802,-0.081564459566489,0.0148475889222637,-0.0422174822587581
sample_209,False,ok,2.0,0.7716,0.00488,-0.1255,158.11475409836066,0.12038818708996958,0.37675350701402804,D:\BH\航空项目制\优化\yixingyouhua2(1)\yixingyouhua2\batch_run\polars\sample_209_polar.txt,D:\BH\航空项目制\优化\yixingyouhua2(1)\yixingyouhua2\batch_run\airfoils\sample_209.dat,0.0015574793,-3.86697e-05,0.1788064747295701,0.1919366124377594,0.3722378442678528,0.1977826879966727,0.297677943924421,0.3215679087037744,-0.1408370663433829,-0.0065913697091632,-0.0514500171721515,-0.1154623948406942,0.0859960095442467,-0.0340201087694895
sample_210,False,ok,2.0,0.6288,0.00531,-0.0881,118.4180790960452,0.123275274460717,0.3246492985971944,D:\BH\航空项目制\优化\yixingyouhua2(1)\yixingyouhua2\batch_run\polars\sample_210_polar.txt,D:\BH\航空项目制\优化\yixingyouhua2(1)\yixingyouhua2\batch_run\airfoils\sample_210.dat,0.0015574793,-3.86697e-05,0.1973548606722915,0.1868726291576551,0.3423687713280717,0.1726561870015181,0.2704571944688861,0.246738718082142,-0.1574148601193786,-0.0877986855313552,-0.0256119654660637,-0.1311640872164993,0.0483299601148587,-0.0914175413722334
sample_211,False,ok,2.0,0.7311,0.0056,-0.1288,130.55357142857142,0.1148010065551113,0.3006012024048096,D:\BH\航空项目制\优化\yixingyouhua2(1)\yixingyouhua2\batch_run\polars\sample_211_polar.txt,D:\BH\航空项目制\优化\yixingyouhua2(1)\yixingyouhua2\batch_run\airfoils\sample_211.dat,0.0015574793,-3.86697e-05,0.1573468587539911,0.1881794759257195,0.2818836285831803,0.1652716328618938,0.3370351555371645,0.242920683928609,-0.1300005209171837,-0.1178777257971766,-0.0667511809238891,-0.0170591514461665,0.0770970939563529,0.0157523715694721
sample_212,False,ok,2.0,0.7242,0.00692,-0.0973,104.65317919075144,0.12532859351795675,0.3386773547094188,D:\BH\航空项目制\优化\yixingyouhua2(1)\yixingyouhua2\batch_run\polars\sample_212_polar.txt,D:\BH\航空项目制\优化\yixingyouhua2(1)\yixingyouhua2\batch_run\airfoils\sample_212.dat,0.0015574793,-3.86697e-05,0.2827944937188944,0.1903935348759483,0.3383391619764727,0.2517684810073397,0.2464798196272518,0.283894405573948,-0.1712624310918727,-0.0100303536705226,-0.051123283143674,-0.1227756457383203,0.0733080645219726,-0.0571872149276101
sample_213,False,ok,2.0,0.7962,0.00508,-0.1238,156.73228346456693,0.12873324116781817,0.3226452905811623,D:\BH\航空项目制\优化\yixingyouhua2(1)\yixingyouhua2\batch_run\polars\sample_213_polar.txt,D:\BH\航空项目制\优化\yixingyouhua2(1)\yixingyouhua2\batch_run\airfoils\sample_213.dat,0.0015574793,-3.86697e-05,0.1842686161108769,0.2815357725612266,0.2968248025701357,0.2601242462999935,0.280146508984139,0.3106816267591865,-0.0922684434619404,-0.1188827809556044,0.0235715491596632,-0.1249001068201164,0.0334461208392572,0.0086410631306645
sample_214,False,ok,2.0,0.7053,0.0059,-0.1151,119.54237288135594,0.11672657779852144,0.2725450901803607,D:\BH\航空项目制\优化\yixingyouhua2(1)\yixingyouhua2\batch_run\polars\sample_214_polar.txt,D:\BH\航空项目制\优化\yixingyouhua2(1)\yixingyouhua2\batch_run\airfoils\sample_214.dat,0.0015574793,-3.86697e-05,0.1996521665157395,0.1787588896656964,0.3097820076235736,0.1787565471183316,0.276047348646752,0.3233016497472719,-0.1514794067486193,-0.1266842797904197,0.0083216647957018,-0.0777054323217774,0.083560598070516,-0.0614208924941671
sample_215,False,ok,2.0,0.7228,0.00695,-0.1138,104.0,0.12371705505595545,0.2124248496993988,D:\BH\航空项目制\优化\yixingyouhua2(1)\yixingyouhua2\batch_run\polars\sample_215_polar.txt,D:\BH\航空项目制\优化\yixingyouhua2(1)\yixingyouhua2\batch_run\airfoils\sample_215.dat,0.0015574793,-3.86697e-05,0.2477842370199025,0.2157886818740359,0.2759341603859392,0.218490909430275,0.3355757925747502,0.2831621161815721,-0.1989552744247726,-0.1094465693849492,0.0476602905047428,-0.0997588837416401,0.056686908240109,-0.0485791657903438
sample_216,False,ok,2.0,0.7279,0.00607,-0.1035,119.9176276771005,0.12273326453473843,0.2945891783567134,D:\BH\航空项目制\优化\yixingyouhua2(1)\yixingyouhua2\batch_run\polars\sample_216_polar.txt,D:\BH\航空项目制\优化\yixingyouhua2(1)\yixingyouhua2\batch_run\airfoils\sample_216.dat,0.0015574793,-3.86697e-05,0.2467987484916922,0.208609159354917,0.3586088791630315,0.1703356988883275,0.3044405425073136,0.2633485144188535,-0.1861103344663155,-0.0176272293856622,-0.044791754480603,-0.0744126454765416,0.0605309760438327,-0.0568963012931927
sample_217,False,ok,2.0,0.723,0.00664,-0.1032,108.88554216867469,0.1226834455290646,0.344689378757515,D:\BH\航空项目制\优化\yixingyouhua2(1)\yixingyouhua2\batch_run\polars\sample_217_polar.txt,D:\BH\航空项目制\优化\yixingyouhua2(1)\yixingyouhua2\batch_run\airfoils\sample_217.dat,0.0015574793,-3.86697e-05,0.2644244475048468,0.1876108477663103,0.3344965961311251,0.2612734124142745,0.3318198563439393,0.2666451758272528,-0.1545297070670002,-0.0666619009529273,0.0268850357246557,-0.1335422810636352,0.0737312553814759,-0.1009108632467511
sample_218,False,ok,2.0,0.704,0.0061,-0.1058,115.40983606557376,0.11715540947570159,0.3166332665330661,D:\BH\航空项目制\优化\yixingyouhua2(1)\yixingyouhua2\batch_run\polars\sample_218_polar.txt,D:\BH\航空项目制\优化\yixingyouhua2(1)\yixingyouhua2\batch_run\airfoils\sample_218.dat,0.0015574793,-3.86697e-05,0.1716582662846732,0.2614491363804268,0.3107222994370262,0.1588924121372549,0.33809648880073,0.3240233306796201,-0.161284865948371,-0.0416905124800818,0.013877960723994,-0.1136180909075482,-0.0257459919501403,-0.0572950658473236
sample_219,False,ok,2.0,0.6591,0.00537,-0.0947,122.73743016759778,0.1070773150042927,0.2785571142284569,D:\BH\航空项目制\优化\yixingyouhua2(1)\yixingyouhua2\batch_run\polars\sample_219_polar.txt,D:\BH\航空项目制\优化\yixingyouhua2(1)\yixingyouhua2\batch_run\airfoils\sample_219.dat,0.0015574793,-3.86697e-05,0.1602038882221718,0.2188336865320615,0.2978775308065641,0.1447943803620712,0.2470781653282939,0.2420706049906215,-0.1314144791400747,-0.0768002681052022,0.0008711681900828,-0.0291743895739396,0.0198156075956827,-0.042981922204243
sample_220,False,ok,2.0,0.76,0.0064,-0.0967,118.75,0.12785241553215987,0.23847695390781562,D:\BH\航空项目制\优化\yixingyouhua2(1)\yixingyouhua2\batch_run\polars\sample_220_polar.txt,D:\BH\航空项目制\优化\yixingyouhua2(1)\yixingyouhua2\batch_run\airfoils\sample_220.dat,0.0015574793,-3.86697e-05,0.27208266207273,0.2924673827573752,0.2665683862409137,0.2483961977089139,0.2814839406547714,0.2061324901626629,-0.1355131745548388,-0.0780566547195817,0.0224604251923858,-0.0714492440367896,0.0224795188906432,0.0068639101431822
sample_221,False,ok,2.0,0.72,0.00565,-0.1114,127.43362831858407,0.11465907791960708,0.344689378757515,D:\BH\航空项目制\优化\yixingyouhua2(1)\yixingyouhua2\batch_run\polars\sample_221_polar.txt,D:\BH\航空项目制\优化\yixingyouhua2(1)\yixingyouhua2\batch_run\airfoils\sample_221.dat,0.0015574793,-3.86697e-05,0.1866788960277502,0.2376490979656703,0.2783990413496909,0.2534777797141706,0.3220089889694543,0.2926906965074923,-0.1780845722398319,-0.0047687349850726,-0.0370969235748257,-0.0591111230614724,0.0393647714318978,-0.1054753107807254
sample_222,False,ok,2.0,0.7031,0.00731,-0.1008,96.18331053351572,0.11071802940026262,0.18837675350701402,D:\BH\航空项目制\优化\yixingyouhua2(1)\yixingyouhua2\batch_run\polars\sample_222_polar.txt,D:\BH\航空项目制\优化\yixingyouhua2(1)\yixingyouhua2\batch_run\airfoils\sample_222.dat,0.0015574793,-3.86697e-05,0.2640637973074118,0.1828770997541751,0.2791029479189716,0.1611722310866898,0.293226696419437,0.2902047629539227,-0.1871305383376058,-0.0505657438501524,0.0240744796652204,-0.0430388079026451,-0.0391899806210826,0.0015731183117568
sample_223,False,ok,2.0,0.7841,0.00614,-0.1175,127.70358306188926,0.1274258937223071,0.2725450901803607,D:\BH\航空项目制\优化\yixingyouhua2(1)\yixingyouhua2\batch_run\polars\sample_223_polar.txt,D:\BH\航空项目制\优化\yixingyouhua2(1)\yixingyouhua2\batch_run\airfoils\sample_223.dat,0.0015574793,-3.86697e-05,0.2444183971043608,0.2450984591966829,0.329677949109793,0.1695664900825561,0.3263177288699592,0.2613532729747826,-0.1710545944270408,-0.054744940559532,-0.0245938758844739,-0.0943520029950772,0.0582070667421744,0.0202710181217105
sample_224,False,ok,2.0,0.7193,0.00521,-0.1001,138.06142034548944,0.11533206373361635,0.374749498997996,D:\BH\航空项目制\优化\yixingyouhua2(1)\yixingyouhua2\batch_run\polars\sample_224_polar.txt,D:\BH\航空项目制\优化\yixingyouhua2(1)\yixingyouhua2\batch_run\airfoils\sample_224.dat,0.0015574793,-3.86697e-05,0.2081067508142448,0.2639040842731369,0.245364240507426,0.256989647197171,0.2918914966498153,0.3201664536086863,-0.110087992657799,-0.0128100091466833,-0.0250173870394452,-0.1229751682679003,0.0283368119381222,-0.068057084972095
sample_225,False,ok,2.0,0.6706,0.00452,-0.0969,148.36283185840708,0.11609258810559035,0.3386773547094188,D:\BH\航空项目制\优化\yixingyouhua2(1)\yixingyouhua2\batch_run\polars\sample_225_polar.txt,D:\BH\航空项目制\优化\yixingyouhua2(1)\yixingyouhua2\batch_run\airfoils\sample_225.dat,0.0015574793,-3.86697e-05,0.1637522258631416,0.2140106642071694,0.2817466473061139,0.2211928533466671,0.2423116493312165,0.209394901469629,-0.1049505104068964,-0.0714472183892426,-0.0750703637123597,-0.0289672262809087,-0.0348565794965872,0.0152123064409791
sample_226,False,ok,2.0,0.792,0.0055,-0.1225,144.00000000000003,0.10668404525326848,0.3226452905811623,D:\BH\航空项目制\优化\yixingyouhua2(1)\yixingyouhua2\batch_run\polars\sample_226_polar.txt,D:\BH\航空项目制\优化\yixingyouhua2(1)\yixingyouhua2\batch_run\airfoils\sample_226.dat,0.0015574793,-3.86697e-05,0.1813079781415608,0.2192087924962973,0.3462752484511595,0.2016555009313059,0.2853127182716578,0.3009598415389666,-0.1212453719758915,-0.0342727721615442,0.0417259060692062,-0.0357801496595756,-0.0018867328430341,-0.0045803255696865
sample_227,False,ok,2.0,0.7229,0.0053,-0.1124,136.39622641509433,0.12934418027018374,0.3166332665330661,D:\BH\航空项目制\优化\yixingyouhua2(1)\yixingyouhua2\batch_run\polars\sample_227_polar.txt,D:\BH\航空项目制\优化\yixingyouhua2(1)\yixingyouhua2\batch_run\airfoils\sample_227.dat,0.0015574793,-3.86697e-05,0.2003260319004924,0.2064162067665099,0.3538609478252096,0.2407929455464977,0.2809106045276838,0.2555012277185731,-0.1587824088780799,-0.1062344054611776,-0.0117770583837011,-0.0819010854392889,0.0542400489332387,-0.0561611262511045
sample_228,False,ok,2.0,0.7934,0.00539,-0.1255,147.19851576994435,0.12668043130578796,0.3386773547094188,D:\BH\航空项目制\优化\yixingyouhua2(1)\yixingyouhua2\batch_run\polars\sample_228_polar.txt,D:\BH\航空项目制\优化\yixingyouhua2(1)\yixingyouhua2\batch_run\airfoils\sample_228.dat,0.0015574793,-3.86697e-05,0.1754597820416814,0.2690240926799249,0.3578541885612037,0.1704273891788658,0.339766780386921,0.3194697182337352,-0.1421415912970519,-0.0268254024527872,-0.0387340969980378,-0.0875800614678372,-0.0045127372497287,0.0103079000846417
sample_229,False,ok,2.0,0.7872,0.00672,-0.1081,117.14285714285714,0.12122927359326033,0.25250501002004005,D:\BH\航空项目制\优化\yixingyouhua2(1)\yixingyouhua2\batch_run\polars\sample_229_polar.txt,D:\BH\航空项目制\优化\yixingyouhua2(1)\yixingyouhua2\batch_run\airfoils\sample_229.dat,0.0015574793,-3.86697e-05,0.2750386046639638,0.2656623958124502,0.3140076163534862,0.2129427077707722,0.3453394771913256,0.3094205879201057,-0.1670298547459155,-0.0031191270400529,-0.0026639089762672,-0.0358789459834981,-0.0162937036516284,-0.0447017407156535
sample_230,False,ok,2.0,0.7371,0.00567,-0.1069,130.0,0.11119645466044162,0.2945891783567134,D:\BH\航空项目制\优化\yixingyouhua2(1)\yixingyouhua2\batch_run\polars\sample_230_polar.txt,D:\BH\航空项目制\优化\yixingyouhua2(1)\yixingyouhua2\batch_run\airfoils\sample_230.dat,0.0015574793,-3.86697e-05,0.2054179277599944,0.2137921088787261,0.3439493375639721,0.170809818938144,0.2471683067652135,0.2896401019351254,-0.1502778034014846,-0.0183752948243512,-0.0153613659722946,-0.0447116371413968,0.0672990800675012,-0.0491510714135565
sample_231,False,ok,2.0,0.6626,0.0058,-0.0905,114.24137931034483,0.12249630496928973,0.280561122244489,D:\BH\航空项目制\优化\yixingyouhua2(1)\yixingyouhua2\batch_run\polars\sample_231_polar.txt,D:\BH\航空项目制\优化\yixingyouhua2(1)\yixingyouhua2\batch_run\airfoils\sample_231.dat,0.0015574793,-3.86697e-05,0.1621577617738774,0.2799286404957375,0.3274934847598772,0.1463185337452533,0.2787812672356217,0.2209252202184315,-0.1608132796737199,-0.0751313731874586,0.0175744429277429,-0.0891103266881666,-0.0079698478130086,-0.0392081877591622
sample_232,False,ok,2.0,0.6969,0.00567,-0.1055,122.91005291005291,0.11973471968194806,0.3306613226452906,D:\BH\航空项目制\优化\yixingyouhua2(1)\yixingyouhua2\batch_run\polars\sample_232_polar.txt,D:\BH\航空项目制\优化\yixingyouhua2(1)\yixingyouhua2\batch_run\airfoils\sample_232.dat,0.0015574793,-3.86697e-05,0.2176040933488281,0.1825040608006729,0.3445101754847839,0.1521218238054963,0.3543046682780725,0.2902958858230099,-0.1500505343285141,-0.0589645625180403,-0.037916128760201,-0.101773394647668,0.0486688981965216,-0.0773893522737879
sample_233,False,ok,2.0,0.7311,0.00564,-0.1002,129.62765957446808,0.11461102277532666,0.34669338677354705,D:\BH\航空项目制\优化\yixingyouhua2(1)\yixingyouhua2\batch_run\polars\sample_233_polar.txt,D:\BH\航空项目制\优化\yixingyouhua2(1)\yixingyouhua2\batch_run\airfoils\sample_233.dat,0.0015574793,-3.86697e-05,0.2372488951020221,0.2317616666252988,0.2504826697043002,0.2181458387479957,0.317706516989205,0.2457603674332751,-0.0881337981241766,-0.0411926887486874,-0.0432567786948166,-0.1055767721091987,0.0127708014879217,0.0098641990576597
sample_234,False,ok,2.0,0.6501,0.00676,-0.0732,96.16863905325444,0.11647388825260899,0.18236472945891782,D:\BH\航空项目制\优化\yixingyouhua2(1)\yixingyouhua2\batch_run\polars\sample_234_polar.txt,D:\BH\航空项目制\优化\yixingyouhua2(1)\yixingyouhua2\batch_run\airfoils\sample_234.dat,0.0015574793,-3.86697e-05,0.2740466836077583,0.2479110115723821,0.2802966412810843,0.1777391324001243,0.3242010335316365,0.1991244232138599,-0.1969200030190337,-0.0108178176890633,0.0343636912403348,-0.0399923196371082,-0.0341576542589798,-0.0980489192556728
sample_235,False,ok,2.0,0.6466,0.00596,-0.0911,108.48993288590603,0.12868192140902568,0.2945891783567134,D:\BH\航空项目制\优化\yixingyouhua2(1)\yixingyouhua2\batch_run\polars\sample_235_polar.txt,D:\BH\航空项目制\优化\yixingyouhua2(1)\yixingyouhua2\batch_run\airfoils\sample_235.dat,0.0015574793,-3.86697e-05,0.1643650732959305,0.2837205980779403,0.3088649664323167,0.1510368858721826,0.3273474428632225,0.3172903079729798,-0.1333904753331553,-0.1219212617723611,0.0136361870185551,-0.1210561562837041,-0.0282734923618923,-0.1012722504220668
sample_236,False,ok,2.0,0.7533,0.0051,-0.1108,147.70588235294116,0.11845882281669189,0.3166332665330661,D:\BH\航空项目制\优化\yixingyouhua2(1)\yixingyouhua2\batch_run\polars\sample_236_polar.txt,D:\BH\航空项目制\优化\yixingyouhua2(1)\yixingyouhua2\batch_run\airfoils\sample_236.dat,0.0015574793,-3.86697e-05,0.1892293932187033,0.2275161040680686,0.3342575119596597,0.2334497254203703,0.3085158810194479,0.2629763835321519,-0.0699016750808688,-0.1168652427647417,0.0198302552505118,-0.0158549240217527,-0.0021683960167619,-0.0533913353254936
sample_237,False,ok,2.0,0.6296,0.00524,-0.0781,120.15267175572521,0.12417608979688388,0.30260521042084165,D:\BH\航空项目制\优化\yixingyouhua2(1)\yixingyouhua2\batch_run\polars\sample_237_polar.txt,D:\BH\航空项目制\优化\yixingyouhua2(1)\yixingyouhua2\batch_run\airfoils\sample_237.dat,0.0015574793,-3.86697e-05,0.2031675607587225,0.2457900077523357,0.2746629301273577,0.2325234921462265,0.2481378949567112,0.2377969959264535,-0.1049935716425185,-0.1134701340647378,-0.0306075282317703,-0.0595952998453147,-0.0261071406576142,-0.0848334942096275
sample_238,False,ok,2.0,0.704,0.00565,-0.1016,124.60176991150442,0.10795303739608973,0.35871743486973945,D:\BH\航空项目制\优化\yixingyouhua2(1)\yixingyouhua2\batch_run\polars\sample_238_polar.txt,D:\BH\航空项目制\优化\yixingyouhua2(1)\yixingyouhua2\batch_run\airfoils\sample_238.dat,0.0015574793,-3.86697e-05,0.1985095196356068,0.2062906854327706,0.3007020420720157,0.1964336685661976,0.3188476960239483,0.3202944759823515,-0.1170409770839379,-0.0283102242510647,-0.013536630551362,-0.0477989125309814,-0.036361523138309,-0.0735403238862009
sample_239,False,ok,2.0,0.7985,0.00539,-0.1053,148.14471243042672,0.11236379423333637,0.344689378757515,D:\BH\航空项目制\优化\yixingyouhua2(1)\yixingyouhua2\batch_run\polars\sample_239_polar.txt,D:\BH\航空项目制\优化\yixingyouhua2(1)\yixingyouhua2\batch_run\airfoils\sample_239.dat,0.0015574793,-3.86697e-05,0.2762970614230198,0.205090884306298,0.3501440548906606,0.1805395488946215,0.3317049629698373,0.2477415787924903,-0.0763022259356834,-0.0045352116854109,-0.0119419471738122,-0.0820151742630312,0.0517219350722918,-0.0008804975891718
sample_240,False,ok,2.0,0.7156,0.00529,-0.099,135.27410207939508,0.11226138338005101,0.3226452905811623,D:\BH\航空项目制\优化\yixingyouhua2(1)\yixingyouhua2\batch_run\polars\sample_240_polar.txt,D:\BH\航空项目制\优化\yixingyouhua2(1)\yixingyouhua2\batch_run\airfoils\sample_240.dat,0.0015574793,-3.86697e-05,0.1898670083642955,0.2594651573979761,0.3095083369381032,0.1417995629504903,0.3425724573688889,0.2949988091580853,-0.096738292055204,-0.0106982988259633,-0.0480697894210999,-0.0579458865490664,0.0703449899192309,-0.0986789824661402
sample_241,False,ok,2.0,0.7369,0.00654,-0.0973,112.67584097859327,0.11659743241281963,0.24649298597194386,D:\BH\航空项目制\优化\yixingyouhua2(1)\yixingyouhua2\batch_run\polars\sample_241_polar.txt,D:\BH\航空项目制\优化\yixingyouhua2(1)\yixingyouhua2\batch_run\airfoils\sample_241.dat,0.0015574793,-3.86697e-05,0.2494736413220788,0.2757535209132472,0.2719012249720639,0.2288240468445652,0.3634133521962103,0.2262745453138115,-0.1524567898773542,-0.0167410951314434,-0.000648713370503,-0.0119887677581566,-0.0099618607249642,-0.071550607298746
sample_242,False,ok,2.0,0.6516,0.00528,-0.0948,123.4090909090909,0.1180084760478847,0.3386773547094188,D:\BH\航空项目制\优化\yixingyouhua2(1)\yixingyouhua2\batch_run\polars\sample_242_polar.txt,D:\BH\航空项目制\优化\yixingyouhua2(1)\yixingyouhua2\batch_run\airfoils\sample_242.dat,0.0015574793,-3.86697e-05,0.1950941394458519,0.1808087382041856,0.2799233494892017,0.2346515686399962,0.341449756589313,0.2313027555272986,-0.0857753561969753,-0.1258092505756596,-0.0508526024905013,-0.0203784810884682,-0.0236554264031314,-0.0908786426476266
sample_243,False,ok,2.0,0.755,0.00478,-0.1148,157.94979079497907,0.12767591472399364,0.374749498997996,D:\BH\航空项目制\优化\yixingyouhua2(1)\yixingyouhua2\batch_run\polars\sample_243_polar.txt,D:\BH\航空项目制\优化\yixingyouhua2(1)\yixingyouhua2\batch_run\airfoils\sample_243.dat,0.0015574793,-3.86697e-05,0.1776948124947054,0.2627920695083297,0.3166716447499381,0.2476542412423005,0.3040142317552131,0.2861312263466026,-0.1402957377295113,-0.0069657726292701,-0.0703655535773386,-0.0939361445219428,-0.0040087014333069,-0.0172256620487691
sample_244,False,ok,2.0,0.6688,0.00488,-0.0883,137.04918032786884,0.10687733565279511,0.30861723446893785,D:\BH\航空项目制\优化\yixingyouhua2(1)\yixingyouhua2\batch_run\polars\sample_244_polar.txt,D:\BH\航空项目制\优化\yixingyouhua2(1)\yixingyouhua2\batch_run\airfoils\sample_244.dat,0.0015574793,-3.86697e-05,0.1658331796801592,0.2765542492914472,0.2651858758472878,0.1634444652865351,0.2876275995301687,0.2956264548070041,-0.098648647292511,-0.0295446025060774,-0.0055845258723307,-0.0594355551319342,-0.0216217733423086,-0.0718632026835032
sample_245,False,ok,2.0,0.6655,0.00504,-0.0978,132.04365079365078,0.10961712778306787,0.3547094188376753,D:\BH\航空项目制\优化\yixingyouhua2(1)\yixingyouhua2\batch_run\polars\sample_245_polar.txt,D:\BH\航空项目制\优化\yixingyouhua2(1)\yixingyouhua2\batch_run\airfoils\sample_245.dat,0.0015574793,-3.86697e-05,0.1752693539924048,0.1876478655343478,0.2694706911495721,0.1745812381117518,0.312192074919556,0.2382640047078479,-0.0778058155514265,-0.0613337319306407,-0.074853863955582,-0.0885118834714846,0.0785163056484942,-0.0553465328519342
sample_246,False,ok,2.0,0.7662,0.00616,-0.1245,124.38311688311688,0.12466684319742115,0.25250501002004005,D:\BH\航空项目制\优化\yixingyouhua2(1)\yixingyouhua2\batch_run\polars\sample_246_polar.txt,D:\BH\航空项目制\优化\yixingyouhua2(1)\yixingyouhua2\batch_run\airfoils\sample_246.dat,0.0015574793,-3.86697e-05,0.2059821624204811,0.2721023482048155,0.2611315740849673,0.2459979507769102,0.3613563012337009,0.2727975192990002,-0.1784828051575589,-0.0907420337371058,0.0201643399046386,-0.0803469655219164,0.0832041965848645,-0.0559328763519502
sample_247,False,ok,2.0,0.6836,0.00524,-0.1119,130.45801526717557,0.11525204649278993,0.30861723446893785,D:\BH\航空项目制\优化\yixingyouhua2(1)\yixingyouhua2\batch_run\polars\sample_247_polar.txt,D:\BH\航空项目制\优化\yixingyouhua2(1)\yixingyouhua2\batch_run\airfoils\sample_247.dat,0.0015574793,-3.86697e-05,0.1593415146008469,0.1967291369707646,0.2969506471901087,0.2634900803057017,0.242893937790231,0.2350460798790245,-0.1959828454059439,-0.0639720584054843,-0.0299150893899969,-0.0224618221213384,0.0233221073348361,-0.0441302188244371
sample_248,False,ok,2.0,0.6388,0.00574,-0.0837,111.28919860627178,0.13472240633069224,0.3226452905811623,D:\BH\航空项目制\优化\yixingyouhua2(1)\yixingyouhua2\batch_run\polars\sample_248_polar.txt,D:\BH\航空项目制\优化\yixingyouhua2(1)\yixingyouhua2\batch_run\airfoils\sample_248.dat,0.0015574793,-3.86697e-05,0.1816053836255839,0.2632345750521664,0.3719344239099178,0.1475346663189789,0.3482444800738246,0.2096378824259713,-0.1631553482312042,-0.0703625803963038,-0.0349704357796758,-0.1079117581701426,-0.0428396561406193,-0.0813299224242299
sample_249,False,ok,2.0,0.7096,0.00552,-0.0877,128.55072463768116,0.12793346696943828,0.30861723446893785,D:\BH\航空项目制\优化\yixingyouhua2(1)\yixingyouhua2\batch_run\polars\sample_249_polar.txt,D:\BH\航空项目制\优化\yixingyouhua2(1)\yixingyouhua2\batch_run\airfoils\sample_249.dat,0.0015574793,-3.86697e-05,0.2736976648626795,0.218240096585094,0.3109734653184473,0.2296433913422546,0.2588010341956293,0.2196829911801841,-0.0890233141690483,-0.1061520517203523,-0.0244784105763267,-0.1003120187658131,0.0184722453773345,-0.0079864669243805
sample_250,False,ok,2.0,0.7343,0.00492,-0.108,149.2479674796748,0.12855557112598864,0.3366733466933867,D:\BH\航空项目制\优化\yixingyouhua2(1)\yixingyouhua2\batch_run\polars\sample_250_polar.txt,D:\BH\航空项目制\优化\yixingyouhua2(1)\yixingyouhua2\batch_run\airfoils\sample_250.dat,0.0015574793,-3.86697e-05,0.1613337740291716,0.2402620613656491,0.3703336550219919,0.2297346703375331,0.282660719562628,0.2222595272738331,-0.0729434842658741,-0.1014604935557867,-0.0422094365372568,-0.0354826475507313,0.0728193055859024,-0.0597740635850145
sample_251,False,ok,2.0,0.636,0.00625,-0.0738,101.75999999999999,0.12214038881595293,0.30260521042084165,D:\BH\航空项目制\优化\yixingyouhua2(1)\yixingyouhua2\batch_run\polars\sample_251_polar.txt,D:\BH\航空项目制\优化\yixingyouhua2(1)\yixingyouhua2\batch_run\airfoils\sample_251.dat,0.0015574793,-3.86697e-05,0.271862470834429,0.2010901416811309,0.2764343092552432,0.2408346081666094,0.2772202249890413,0.2081133204543478,-0.0960858220525943,-0.1196291083609276,0.0075871161845319,-0.1350228458155645,0.046532118888103,-0.0839359694937331
sample_252,False,ok,2.0,0.8329,0.00584,-0.1153,142.61986301369862,0.11480289101965462,0.2885771543086172,D:\BH\航空项目制\优化\yixingyouhua2(1)\yixingyouhua2\batch_run\polars\sample_252_polar.txt,D:\BH\航空项目制\优化\yixingyouhua2(1)\yixingyouhua2\batch_run\airfoils\sample_252.dat,0.0015574793,-3.86697e-05,0.2684882903381774,0.2248277868454578,0.3706380508087717,0.2374577914750181,0.2741120405340087,0.2605191681476879,-0.1341096240956403,-0.0066265149296733,0.0312199249883519,-0.029288775496754,0.0504164056429431,-0.011281693319197
sample_253,False,ok,2.0,0.7299,0.00549,-0.0945,132.95081967213113,0.12051875293433668,0.2885771543086172,D:\BH\航空项目制\优化\yixingyouhua2(1)\yixingyouhua2\batch_run\polars\sample_253_polar.txt,D:\BH\航空项目制\优化\yixingyouhua2(1)\yixingyouhua2\batch_run\airfoils\sample_253.dat,0.0015574793,-3.86697e-05,0.2601204432430332,0.2182027182635191,0.3481923957504254,0.137258061040559,0.2613153371966134,0.3093743443149895,-0.118463148518417,-0.0424917629774794,-0.0467679972276199,-0.0556777156066849,0.008252108404612,-0.026113425210474
sample_254,False,ok,2.0,0.7084,0.00599,-0.0979,118.26377295492489,0.11283234154109278,0.2444889779559118,D:\BH\航空项目制\优化\yixingyouhua2(1)\yixingyouhua2\batch_run\polars\sample_254_polar.txt,D:\BH\航空项目制\优化\yixingyouhua2(1)\yixingyouhua2\batch_run\airfoils\sample_254.dat,0.0015574793,-3.86697e-05,0.2184941285521796,0.2347678646363411,0.2594528897998189,0.1819974864212756,0.2372413043250382,0.2680736657000812,-0.1175942994323256,-0.1041449499529763,0.0187090487019466,-0.0250623083747316,-0.0402357783381408,0.0207787510897163
sample_255,False,ok,2.0,0.6117,0.00684,-0.0825,89.42982456140352,0.11564036421230181,0.2124248496993988,D:\BH\航空项目制\优化\yixingyouhua2(1)\yixingyouhua2\batch_run\polars\sample_255_polar.txt,D:\BH\航空项目制\优化\yixingyouhua2(1)\yixingyouhua2\batch_run\airfoils\sample_255.dat,0.0015574793,-3.86697e-05,0.2456813857333613,0.1797134115292902,0.2579186949808156,0.1504107794587463,0.2924246811585491,0.1948525906932285,-0.1714879558723352,-0.1148091230163598,0.0113538365846731,-0.0955375841880942,0.0683788238717713,-0.0599622879431428
sample_256,False,ok,2.0,0.7114,0.00647,-0.0886,109.95363214837712,0.11375168441119185,0.23246492985971942,D:\BH\航空项目制\优化\yixingyouhua2(1)\yixingyouhua2\batch_run\polars\sample_256_polar.txt,D:\BH\航空项目制\优化\yixingyouhua2(1)\yixingyouhua2\batch_run\airfoils\sample_256.dat,0.0015574793,-3.86697e-05,0.279942529123812,0.2051766652402754,0.3260076754269846,0.1692360565245474,0.2766751401071746,0.2707151139176668,-0.1316901974266342,-0.0529886117227906,0.017150598991996,-0.0283099730493966,0.0755894310504759,-0.1035291111875378
sample_257,False,ok,2.0,0.7089,0.0057,-0.1028,124.36842105263158,0.113287385258401,0.2885771543086172,D:\BH\航空项目制\优化\yixingyouhua2(1)\yixingyouhua2\batch_run\polars\sample_257_polar.txt,D:\BH\航空项目制\优化\yixingyouhua2(1)\yixingyouhua2\batch_run\airfoils\sample_257.dat,0.0015574793,-3.86697e-05,0.224456970486995,0.199345588189312,0.2938868753712217,0.1363006433713541,0.33101829755878,0.2735608202478706,-0.0898474533434644,-0.1179093426379635,0.0248214374715412,-0.1371343119620843,0.0819470327696872,-0.0333132429792226
sample_258,False,ok,2.0,0.8187,0.00619,-0.1096,132.2617124394184,0.1285108550751357,0.26452905811623245,D:\BH\航空项目制\优化\yixingyouhua2(1)\yixingyouhua2\batch_run\polars\sample_258_polar.txt,D:\BH\航空项目制\优化\yixingyouhua2(1)\yixingyouhua2\batch_run\airfoils\sample_258.dat,0.0015574793,-3.86697e-05,0.2795817207417752,0.2798942194673106,0.3552177408129597,0.2388665867712006,0.3165268228334458,0.2311541157822427,-0.1682171746733704,-0.0156989017220461,0.0262403172599548,-0.0743747037043845,0.061770496666912,-0.0286563443697775
sample_259,False,ok,2.0,0.7327,0.00451,-0.1041,162.46119733924613,0.1219824686317109,0.3607214428857715,D:\BH\航空项目制\优化\yixingyouhua2(1)\yixingyouhua2\batch_run\polars\sample_259_polar.txt,D:\BH\航空项目制\优化\yixingyouhua2(1)\yixingyouhua2\batch_run\airfoils\sample_259.dat,0.0015574793,-3.86697e-05,0.1949670946238804,0.2352544727343797,0.298879863785423,0.241317838482082,0.2780982690062092,0.2194301669690044,-0.0933445028702673,-0.0536454493661611,-0.0486215419582508,-0.0937630283098744,0.0053621122252828,0.0184384129900349
sample_260,False,ok,2.0,0.6695,0.0069,-0.0893,97.02898550724638,0.1294639472421969,0.22645290581162322,D:\BH\航空项目制\优化\yixingyouhua2(1)\yixingyouhua2\batch_run\polars\sample_260_polar.txt,D:\BH\航空项目制\优化\yixingyouhua2(1)\yixingyouhua2\batch_run\airfoils\sample_260.dat,0.0015574793,-3.86697e-05,0.2798914900164156,0.2165736955291802,0.2908160412438701,0.1904371171689345,0.2994392458908231,0.2662768777777676,-0.1772804692395897,-0.1112676553403398,0.0013401839337807,-0.0926361284533081,0.0432407204064164,-0.0805892091179786
sample_261,False,ok,2.0,0.7056,0.00648,-0.1112,108.8888888888889,0.12185605513716298,0.31462925851703405,D:\BH\航空项目制\优化\yixingyouhua2(1)\yixingyouhua2\batch_run\polars\sample_261_polar.txt,D:\BH\航空项目制\优化\yixingyouhua2(1)\yixingyouhua2\batch_run\airfoils\sample_261.dat,0.0015574793,-3.86697e-05,0.2289336144056382,0.2001594906482968,0.2848334882414396,0.2562865378189858,0.3638777103095956,0.2948303760135329,-0.1681016406762108,-0.0791573460417381,-0.0317256977406923,-0.0495862487509081,0.0109871843794557,-0.0910436591271397
sample_262,False,ok,2.0,0.7306,0.00573,-0.115,127.5043630017452,0.12465207692274277,0.2885771543086172,D:\BH\航空项目制\优化\yixingyouhua2(1)\yixingyouhua2\batch_run\polars\sample_262_polar.txt,D:\BH\航空项目制\优化\yixingyouhua2(1)\yixingyouhua2\batch_run\airfoils\sample_262.dat,0.0015574793,-3.86697e-05,0.1857791492287691,0.2361512403389608,0.3445996780306155,0.1631799447970082,0.3371278149524496,0.2819288458012053,-0.1589353552780962,-0.1097721433568423,0.0356477174051675,-0.1097527687398497,0.0198645186345577,-0.0344644141777409
sample_263,False,ok,2.0,0.7379,0.00619,-0.1226,119.20840064620356,0.09927183993513676,0.2865731462925851,D:\BH\航空项目制\优化\yixingyouhua2(1)\yixingyouhua2\batch_run\polars\sample_263_polar.txt,D:\BH\航空项目制\优化\yixingyouhua2(1)\yixingyouhua2\batch_run\airfoils\sample_263.dat,0.0015574793,-3.86697e-05,0.1807759959720672,0.1863528738155908,0.2928584896948306,0.1454175511829401,0.3521198156779603,0.2427445080206124,-0.1900680948001256,-0.020698049135717,0.0470833389179253,-0.1259551682353635,0.0565947079746443,0.0196790183929202
sample_264,False,ok,2.0,0.7919,0.00556,-0.1014,142.42805755395685,0.1280463640472662,0.30260521042084165,D:\BH\航空项目制\优化\yixingyouhua2(1)\yixingyouhua2\batch_run\polars\sample_264_polar.txt,D:\BH\航空项目制\优化\yixingyouhua2(1)\yixingyouhua2\batch_run\airfoils\sample_264.dat,0.0015574793,-3.86697e-05,0.2790349164411898,0.2550433641891488,0.3454494743912478,0.2234521844283893,0.3001957533395523,0.2855768581926114,-0.0742070461778016,-0.0563281367729176,-0.0493113964237243,-0.0119509627463357,0.040049170113332,-0.0578752385401483
sample_265,False,ok,2.0,0.7543,0.00609,-0.1114,123.85878489326765,0.12384724775655012,0.2665330661322645,D:\BH\航空项目制\优化\yixingyouhua2(1)\yixingyouhua2\batch_run\polars\sample_265_polar.txt,D:\BH\航空项目制\优化\yixingyouhua2(1)\yixingyouhua2\batch_run\airfoils\sample_265.dat,0.0015574793,-3.86697e-05,0.2056276946493409,0.2907892717022145,0.2935300254400931,0.1886676613400696,0.3227526140002981,0.2563684392963996,-0.1675067843346948,-0.0403229924029611,-0.0290544671520742,-0.0433827121184995,0.076543795152802,-0.0475895236287219
sample_266,False,ok,2.0,0.7286,0.00454,-0.1115,160.48458149779736,0.11472773120563988,0.34669338677354705,D:\BH\航空项目制\优化\yixingyouhua2(1)\yixingyouhua2\batch_run\polars\sample_266_polar.txt,D:\BH\航空项目制\优化\yixingyouhua2(1)\yixingyouhua2\batch_run\airfoils\sample_266.dat,0.0015574793,-3.86697e-05,0.171753128699924,0.2482659946737764,0.2450395988583354,0.2615975060030588,0.3535758799684556,0.2012401227712849,-0.1021643642785166,-0.0692543964541309,-0.0185917458994018,-0.0773494276092102,0.0550339374461374,-0.0427812241673336
sample_267,False,ok,2.0,0.7287,0.00653,-0.1002,111.59264931087289,0.12391922859413265,0.2004008016032064,D:\BH\航空项目制\优化\yixingyouhua2(1)\yixingyouhua2\batch_run\polars\sample_267_polar.txt,D:\BH\航空项目制\优化\yixingyouhua2(1)\yixingyouhua2\batch_run\airfoils\sample_267.dat,0.0015574793,-3.86697e-05,0.2482263726146097,0.2883543034119214,0.2532593806183233,0.2419056020259005,0.2403461124453519,0.2993456147267582,-0.1974480629889559,-0.0535735988670279,0.0390746759951889,-0.0386644107216381,0.07923806104201,-0.0974351773601493
sample_268,False,ok,2.0,0.7281,0.00646,-0.0941,112.70897832817337,0.13027289915704643,0.2745490981963928,D:\BH\航空项目制\优化\yixingyouhua2(1)\yixingyouhua2\batch_run\polars\sample_268_polar.txt,D:\BH\航空项目制\优化\yixingyouhua2(1)\yixingyouhua2\batch_run\airfoils\sample_268.dat,0.0015574793,-3.86697e-05,0.2490605559838302,0.2912388489777328,0.3365152165921186,0.1576071438366266,0.3474180577651059,0.2656321727007241,-0.180218504207207,-0.0246069534699494,0.0037121504367612,-0.1343155918171099,-0.0004285178017949,-0.0515103814721861
sample_269,False,ok,2.0,0.7372,0.00581,-0.1009,126.88468158347676,0.11024357774107749,0.2865731462925851,D:\BH\航空项目制\优化\yixingyouhua2(1)\yixingyouhua2\batch_run\polars\sample_269_polar.txt,D:\BH\航空项目制\优化\yixingyouhua2(1)\yixingyouhua2\batch_run\airfoils\sample_269.dat,0.0015574793,-3.86697e-05,0.154383587167008,0.2976005039097817,0.3309445456528871,0.1546372479519744,0.2579637787202811,0.2583767412533904,-0.1182872169544581,-0.0273797911759691,0.0459752928931956,-0.0527811189388412,0.0055054847499891,-0.021735782599495
sample_270,False,ok,2.0,0.667,0.00536,-0.0998,124.44029850746269,0.11939248447066222,0.344689378757515,D:\BH\航空项目制\优化\yixingyouhua2(1)\yixingyouhua2\batch_run\polars\sample_270_polar.txt,D:\BH\航空项目制\优化\yixingyouhua2(1)\yixingyouhua2\batch_run\airfoils\sample_270.dat,0.0015574793,-3.86697e-05,0.1678781685260422,0.1854997256577797,0.3586641196613058,0.1752828493258323,0.2729359602960934,0.2528917759098891,-0.1370422586268953,-0.1070643306805704,0.0296979839491472,-0.1348957949398385,-0.0116266110413783,-0.0282468103192123
sample_271,False,ok,2.0,0.6545,0.00545,-0.0765,120.09174311926606,0.11686899818578507,0.2945891783567134,D:\BH\航空项目制\优化\yixingyouhua2(1)\yixingyouhua2\batch_run\polars\sample_271_polar.txt,D:\BH\航空项目制\优化\yixingyouhua2(1)\yixingyouhua2\batch_run\airfoils\sample_271.dat,0.0015574793,-3.86697e-05,0.2512298216280845,0.2166928396210176,0.3044558694754258,0.1395599065081615,0.3246242609948826,0.2223455644007639,-0.0868779698726217,-0.0746223419255691,-0.032348876695439,-0.0765853963709453,0.0250666555512459,-0.0772334911272165
sample_272,False,ok,2.0,0.7379,0.00544,-0.1172,135.64338235294116,0.13173264899058054,0.3226452905811623,D:\BH\航空项目制\优化\yixingyouhua2(1)\yixingyouhua2\batch_run\polars\sample_272_polar.txt,D:\BH\航空项目制\优化\yixingyouhua2(1)\yixingyouhua2\batch_run\airfoils\sample_272.dat,0.0015574793,-3.86697e-05,0.1600241902325731,0.2621125854553368,0.3351256297746584,0.2324228865661105,0.2441987556289259,0.2872803451309964,-0.1648970174340737,-0.0821832345108894,-0.0215328674645957,-0.1193314367509931,0.049151285985268,-0.0136135771817414
sample_273,False,ok,2.0,0.7512,0.00488,-0.0882,153.9344262295082,0.12528814375740868,0.30861723446893785,D:\BH\航空项目制\优化\yixingyouhua2(1)\yixingyouhua2\batch_run\polars\sample_273_polar.txt,D:\BH\航空项目制\优化\yixingyouhua2(1)\yixingyouhua2\batch_run\airfoils\sample_273.dat,0.0015574793,-3.86697e-05,0.2458183163784368,0.2970618631179771,0.3124925024955185,0.2566064043545432,0.2402250796765936,0.2604282877556757,-0.069684529038995,-0.0486043894169678,-0.0033816039017981,-0.0726193002861056,0.0289898163628359,-0.0560232802960427
sample_274,False,ok,2.0,0.7163,0.0066,-0.0986,108.53030303030303,0.13619044288169338,0.22645290581162322,D:\BH\航空项目制\优化\yixingyouhua2(1)\yixingyouhua2\batch_run\polars\sample_274_polar.txt,D:\BH\航空项目制\优化\yixingyouhua2(1)\yixingyouhua2\batch_run\airfoils\sample_274.dat,0.0015574793,-3.86697e-05,0.2730191027168832,0.2732887389224154,0.2615207983264532,0.1611567776752054,0.2888699445167864,0.2958841904693372,-0.1747519117044272,-0.1067143432549186,-0.0413891896869679,-0.0755597966791177,0.0544763720253822,-0.0296420547591262
sample_275,False,ok,2.0,0.6777,0.00608,-0.0841,111.46381578947367,0.1163893820521696,0.3306613226452906,D:\BH\航空项目制\优化\yixingyouhua2(1)\yixingyouhua2\batch_run\polars\sample_275_polar.txt,D:\BH\航空项目制\优化\yixingyouhua2(1)\yixingyouhua2\batch_run\airfoils\sample_275.dat,0.0015574793,-3.86697e-05,0.2417665217620375,0.2078640709272401,0.3568516254444389,0.1361434602067524,0.3073373643606227,0.2410711676334974,-0.1602102284471331,-0.0001032557302292,-0.0159582054992142,-0.1225208448952399,-0.0107706926264503,-0.0497145248554464
sample_276,False,ok,2.0,0.776,0.00547,-0.1281,141.86471663619744,0.13153009879773261,0.31462925851703405,D:\BH\航空项目制\优化\yixingyouhua2(1)\yixingyouhua2\batch_run\polars\sample_276_polar.txt,D:\BH\航空项目制\优化\yixingyouhua2(1)\yixingyouhua2\batch_run\airfoils\sample_276.dat,0.0015574793,-3.86697e-05,0.2087593191971789,0.2031939682557801,0.3684733486129037,0.2094392845597997,0.3619252602284696,0.2762963318063141,-0.1572267200746755,-0.1069683868022098,-0.0412512936379577,-0.015970642256672,-0.0379367203242599,0.0004732380998647
sample_277,False,ok,2.0,0.6018,0.00653,-0.0647,92.15926493108729,0.11561269470273225,0.22444889779559116,D:\BH\航空项目制\优化\yixingyouhua2(1)\yixingyouhua2\batch_run\polars\sample_277_polar.txt,D:\BH\航空项目制\优化\yixingyouhua2(1)\yixingyouhua2\batch_run\airfoils\sample_277.dat,0.0015574793,-3.86697e-05,0.2613136786475485,0.2314215212926123,0.2432368991518678,0.1385403557129912,0.2688436334280834,0.2268916152143084,-0.1480421049955549,-0.0633998160027976,-0.0100870736905192,-0.1142820564200322,0.0425095076544597,-0.0939816802407232
sample_278,False,ok,2.0,0.7891,0.00506,-0.1026,155.9486166007905,0.12380732772822366,0.3226452905811623,D:\BH\航空项目制\优化\yixingyouhua2(1)\yixingyouhua2\batch_run\polars\sample_278_polar.txt,D:\BH\航空项目制\优化\yixingyouhua2(1)\yixingyouhua2\batch_run\airfoils\sample_278.dat,0.0015574793,-3.86697e-05,0.2633886300336707,0.2538482342357301,0.3645602998090068,0.2031256730859614,0.3272769856464235,0.3047077735355735,-0.0769631826227105,-0.0612300074757325,0.043818402538037,-0.1160854717503894,0.0358657270780243,-0.0589293469725517
sample_279,False,ok,2.0,0.6805,0.00589,-0.0914,115.53480475382003,0.11281199410646824,0.25250501002004005,D:\BH\航空项目制\优化\yixingyouhua2(1)\yixingyouhua2\batch_run\polars\sample_279_polar.txt,D:\BH\航空项目制\优化\yixingyouhua2(1)\yixingyouhua2\batch_run\airfoils\sample_279.dat,0.0015574793,-3.86697e-05,0.1853088654825148,0.2740384256702236,0.2954101940203171,0.1615540998806435,0.3121247346240137,0.1951092163348543,-0.155415015464485,-0.0473484808899201,0.0395304137447194,-0.0731360035907663,0.0794218944825721,-0.0867699974872518
sample_280,False,ok,2.0,0.7325,0.00644,-0.102,113.74223602484471,0.13006228186552726,0.2064128256513026,D:\BH\航空项目制\优化\yixingyouhua2(1)\yixingyouhua2\batch_run\polars\sample_280_polar.txt,D:\BH\航空项目制\优化\yixingyouhua2(1)\yixingyouhua2\batch_run\airfoils\sample_280.dat,0.0015574793,-3.86697e-05,0.250633936354019,0.2861275951282581,0.2781860148019102,0.1779691713933152,0.2989775240412268,0.233285261550292,-0.1938376325829099,-0.0915703908485836,0.0370987547121609,-0.0420060927928693,0.0634854182905051,-0.0385900333875088
sample_281,False,ok,2.0,0.7664,0.00597,-0.0958,128.3752093802345,0.12393758002713037,0.280561122244489,D:\BH\航空项目制\优化\yixingyouhua2(1)\yixingyouhua2\batch_run\polars\sample_281_polar.txt,D:\BH\航空项目制\优化\yixingyouhua2(1)\yixingyouhua2\batch_run\airfoils\sample_281.dat,0.0015574793,-3.86697e-05,0.2808334377739172,0.2717449580805353,0.2913981505221244,0.1599008758527828,0.3590136060074848,0.2374451424498994,-0.0743415072344761,-0.0491289522713159,-0.0646110310697389,-0.0490226636295718,0.075773472139845,-0.0348087098252623
sample_282,False,ok,2.0,0.6834,0.00535,-0.0974,127.73831775700936,0.12203525450670702,0.3166332665330661,D:\BH\航空项目制\优化\yixingyouhua2(1)\yixingyouhua2\batch_run\polars\sample_282_polar.txt,D:\BH\航空项目制\优化\yixingyouhua2(1)\yixingyouhua2\batch_run\airfoils\sample_282.dat,0.0015574793,-3.86697e-05,0.2089402224579713,0.1835341545597211,0.3726115684518533,0.13902912417616,0.3048733354574304,0.2798611022654522,-0.1132341168530356,-0.1177955465839859,0.0125091555285818,-0.115099517233696,0.0124175662369203,-0.0573871554760854
sample_283,False,ok,2.0,0.6937,0.00649,-0.1057,106.88751926040061,0.12506430203754162,0.2945891783567134,D:\BH\航空项目制\优化\yixingyouhua2(1)\yixingyouhua2\batch_run\polars\sample_283_polar.txt,D:\BH\航空项目制\优化\yixingyouhua2(1)\yixingyouhua2\batch_run\airfoils\sample_283.dat,0.0015574793,-3.86697e-05,0.2179234379250514,0.2479689085558842,0.2582946185675674,0.1986973740956261,0.3382028097546431,0.3164038321505379,-0.1875666748734628,-0.0455800582426195,-0.0727437495003116,-0.0866002297934495,-0.0239666652640807,-0.0355792306314218
sample_284,False,ok,2.0,0.756,0.00669,-0.1192,113.00448430493275,0.11016869640259867,0.38276553106212424,D:\BH\航空项目制\优化\yixingyouhua2(1)\yixingyouhua2\batch_run\polars\sample_284_polar.txt,D:\BH\航空项目制\优化\yixingyouhua2(1)\yixingyouhua2\batch_run\airfoils\sample_284.dat,0.0015574793,-3.86697e-05,0.2195811889337002,0.1736587485960908,0.295115560384801,0.2592164098407557,0.3440415816240059,0.2579414533614802,-0.1171400534001465,-0.0846848004390225,0.0448712474569806,-0.076961524006651,-0.0323538712376745,0.0148326217443817
sample_285,False,ok,2.0,0.7441,0.00653,-0.0986,113.95099540581928,0.1201206496776374,0.25250501002004005,D:\BH\航空项目制\优化\yixingyouhua2(1)\yixingyouhua2\batch_run\polars\sample_285_polar.txt,D:\BH\航空项目制\优化\yixingyouhua2(1)\yixingyouhua2\batch_run\airfoils\sample_285.dat,0.0015574793,-3.86697e-05,0.2365304854563276,0.3003662263472572,0.296071763333799,0.1406142886410001,0.3609032450099166,0.3215357235622389,-0.1328073144158237,-0.0367862903065913,0.013173603932965,-0.0624859615150419,-0.0103874595893935,-0.0647792545860468
sample_286,False,ok,2.0,0.7901,0.00598,-0.1147,132.12374581939798,0.1175464664577896,0.2945891783567134,D:\BH\航空项目制\优化\yixingyouhua2(1)\yixingyouhua2\batch_run\polars\sample_286_polar.txt,D:\BH\航空项目制\优化\yixingyouhua2(1)\yixingyouhua2\batch_run\airfoils\sample_286.dat,0.0015574793,-3.86697e-05,0.2379730701331039,0.219918633346895,0.3637584163142826,0.1775110068705857,0.2396875167902102,0.3183746192570579,-0.1571421745051234,-0.0247956442534676,0.0184339015541844,-0.1104156464718743,0.0507554208962011,0.0100394447887691
sample_287,False,ok,2.0,0.6782,0.00478,-0.0907,141.8828451882845,0.12013534684275973,0.344689378757515,D:\BH\航空项目制\优化\yixingyouhua2(1)\yixingyouhua2\batch_run\polars\sample_287_polar.txt,D:\BH\航空项目制\优化\yixingyouhua2(1)\yixingyouhua2\batch_run\airfoils\sample_287.dat,0.0015574793,-3.86697e-05,0.1662890040273612,0.2321468118535479,0.3670156144749549,0.1691771984532879,0.2415790519148564,0.2578991673063566,-0.1034019707306947,-0.0208711840821608,-0.0691288762541972,-0.0698007210741767,0.0616340025659459,-0.0819838080032945
sample_288,False,ok,2.0,0.7275,0.0066,-0.089,110.22727272727273,0.11735479869825917,0.23847695390781562,D:\BH\航空项目制\优化\yixingyouhua2(1)\yixingyouhua2\batch_run\polars\sample_288_polar.txt,D:\BH\航空项目制\优化\yixingyouhua2(1)\yixingyouhua2\batch_run\airfoils\sample_288.dat,0.0015574793,-3.86697e-05,0.2825181593643932,0.2474791185300082,0.2572433435684563,0.2401403325965052,0.2684457779298702,0.261062561136299,-0.0942746529038377,-0.089941310993154,0.0264872539864489,-0.03763414786638,0.0504582982935108,-0.0710133612733703
sample_289,False,ok,2.0,0.7107,0.00582,-0.0998,122.11340206185568,0.14139737374510922,0.35270541082164325,D:\BH\航空项目制\优化\yixingyouhua2(1)\yixingyouhua2\batch_run\polars\sample_289_polar.txt,D:\BH\航空项目制\优化\yixingyouhua2(1)\yixingyouhua2\batch_run\airfoils\sample_289.dat,0.0015574793,-3.86697e-05,0.1729664143442396,0.2963100970555737,0.3619937582747943,0.2182972732348848,0.2946084473688524,0.2289120082889866,-0.1754219387012941,-0.0162511539394373,-0.0765377747272352,-0.1360665018016788,-0.0162428685987719,-0.0148116722030853
sample_290,False,ok,2.0,0.7574,0.0049,-0.1082,154.57142857142856,0.12172948747885433,0.3987975951903807,D:\BH\航空项目制\优化\yixingyouhua2(1)\yixingyouhua2\batch_run\polars\sample_290_polar.txt,D:\BH\航空项目制\优化\yixingyouhua2(1)\yixingyouhua2\batch_run\airfoils\sample_290.dat,0.0015574793,-3.86697e-05,0.240880771908755,0.187451177123151,0.335524131611133,0.2636538157856455,0.3310863444949791,0.3028716131308051,-0.0764092548689317,-0.0343769790699731,-0.0376309752930321,-0.0923098910883825,0.044310057110816,-0.0814811356711718
sample_291,False,ok,2.0,0.6957,0.00618,-0.0866,112.57281553398059,0.12437666366140346,0.23847695390781562,D:\BH\航空项目制\优化\yixingyouhua2(1)\yixingyouhua2\batch_run\polars\sample_291_polar.txt,D:\BH\航空项目制\优化\yixingyouhua2(1)\yixingyouhua2\batch_run\airfoils\sample_291.dat,0.0015574793,-3.86697e-05,0.2735426837916864,0.229333842528238,0.3147762086220877,0.1443037748723542,0.2816735483114421,0.2478087934562708,-0.1251266441273155,-0.1021775082414965,-0.0148707425954881,-0.0199942991274085,0.0852465233919342,-0.0884524447540076
sample_292,False,ok,2.0,0.6466,0.00544,-0.0899,118.86029411764704,0.11548781676265357,0.2865731462925851,D:\BH\航空项目制\优化\yixingyouhua2(1)\yixingyouhua2\batch_run\polars\sample_292_polar.txt,D:\BH\航空项目制\优化\yixingyouhua2(1)\yixingyouhua2\batch_run\airfoils\sample_292.dat,0.0015574793,-3.86697e-05,0.1871868199159028,0.2108820945426014,0.3001910048512528,0.1733151490537101,0.3228387350629085,0.1953747173728998,-0.1136620003466946,-0.1235935408839135,0.0039181242762151,-0.0308338841265886,-0.0154092156663206,-0.061728119003272
sample_293,False,ok,2.0,0.7019,0.00507,-0.1129,138.44181459566076,0.12015355788017645,0.374749498997996,D:\BH\航空项目制\优化\yixingyouhua2(1)\yixingyouhua2\batch_run\polars\sample_293_polar.txt,D:\BH\航空项目制\优化\yixingyouhua2(1)\yixingyouhua2\batch_run\airfoils\sample_293.dat,0.0015574793,-3.86697e-05,0.1620654280980155,0.1905191471883243,0.3368191615691895,0.217949038838945,0.338875161031179,0.285549670249891,-0.1262778096893002,-0.0948941398234969,0.0100217186261609,-0.1147619493140766,0.0190912011573564,-0.0821910288669061
sample_294,False,ok,2.0,0.6711,0.00653,-0.0888,102.7718223583461,0.11342050170820167,0.2725450901803607,D:\BH\航空项目制\优化\yixingyouhua2(1)\yixingyouhua2\batch_run\polars\sample_294_polar.txt,D:\BH\航空项目制\优化\yixingyouhua2(1)\yixingyouhua2\batch_run\airfoils\sample_294.dat,0.0015574793,-3.86697e-05,0.2537681861213969,0.1788533752091474,0.31965510621049,0.2462929007013925,0.2765757390462455,0.2539518559422049,-0.1579241935112632,-0.0619325248301642,0.0182101564170552,-0.0272685748589753,-0.0074452375008112,-0.1077922024521505
sample_295,False,ok,2.0,0.724,0.00514,-0.101,140.85603112840468,0.12370320330802156,0.3166332665330661,D:\BH\航空项目制\优化\yixingyouhua2(1)\yixingyouhua2\batch_run\polars\sample_295_polar.txt,D:\BH\航空项目制\优化\yixingyouhua2(1)\yixingyouhua2\batch_run\airfoils\sample_295.dat,0.0015574793,-3.86697e-05,0.2300017431679525,0.2030929833642025,0.3627713073896814,0.1661911374242219,0.2417398454651605,0.2801861905104199,-0.1302424675819866,-0.068208438033419,-0.0251857790480662,-0.1086624286685564,0.0302507881308979,-0.0031118738298048
sample_296,False,ok,2.0,0.7552,0.00557,-0.1103,135.5834829443447,0.14417157920544915,0.30861723446893785,D:\BH\航空项目制\优化\yixingyouhua2(1)\yixingyouhua2\batch_run\polars\sample_296_polar.txt,D:\BH\航空项目制\优化\yixingyouhua2(1)\yixingyouhua2\batch_run\airfoils\sample_296.dat,0.0015574793,-3.86697e-05,0.2208106410571709,0.2769278081654048,0.3608787529797542,0.2142730451903044,0.3437589445569184,0.2948929541480004,-0.1097696302731835,-0.1231726394904892,-0.0686825785943108,-0.0380516103030854,0.0559293208899167,-0.0957801738813999
sample_297,False,ok,2.0,0.7508,0.00549,-0.1082,136.7577413479053,0.11347129153992648,0.3166332665330661,D:\BH\航空项目制\优化\yixingyouhua2(1)\yixingyouhua2\batch_run\polars\sample_297_polar.txt,D:\BH\航空项目制\优化\yixingyouhua2(1)\yixingyouhua2\batch_run\airfoils\sample_297.dat,0.0015574793,-3.86697e-05,0.2099378534454175,0.2375832970709616,0.2751301827989167,0.2566899773544686,0.2668710291395784,0.2615735303444973,-0.1103886565831775,-0.0685307510088699,0.0258190473226552,-0.0849081141902506,0.0014124494496303,0.0004517846833897
sample_298,False,ok,2.0,0.6713,0.00504,-0.0963,133.19444444444443,0.12152031846789313,0.3246492985971944,D:\BH\航空项目制\优化\yixingyouhua2(1)\yixingyouhua2\batch_run\polars\sample_298_polar.txt,D:\BH\航空项目制\优化\yixingyouhua2(1)\yixingyouhua2\batch_run\airfoils\sample_298.dat,0.0015574793,-3.86697e-05,0.159529979780742,0.2784645734855062,0.2451809331086384,0.2201440479878612,0.277501655865724,0.28520051624609,-0.0985273921754755,-0.0860050156803937,-0.0470326044993834,-0.0956497368308245,0.0179295722910942,-0.0610124381500207
sample_299,False,ok,2.0,0.8141,0.00471,-0.1225,172.84501061571126,0.10857357237368076,0.3547094188376753,D:\BH\航空项目制\优化\yixingyouhua2(1)\yixingyouhua2\batch_run\polars\sample_299_polar.txt,D:\BH\航空项目制\优化\yixingyouhua2(1)\yixingyouhua2\batch_run\airfoils\sample_299.dat,0.0015574793,-3.86697e-05,0.2172632609221187,0.1764193847560143,0.3601109389650799,0.2353461782873436,0.2747345159440154,0.2690384613189547,-0.0731028372272102,-0.0287687914113411,-0.0110319719949912,-0.0233138351243747,0.0716570013024322,-0.0066808618379042
sample_300,False,ok,2.0,0.6908,0.00431,-0.105,160.2784222737819,0.13521083427844213,0.406813627254509,D:\BH\航空项目制\优化\yixingyouhua2(1)\yixingyouhua2\batch_run\polars\sample_300_polar.txt,D:\BH\航空项目制\优化\yixingyouhua2(1)\yixingyouhua2\batch_run\airfoils\sample_300.dat,0.0015574793,-3.86697e-05,0.1566001256794519,0.1859496051355464,0.3718058601625066,0.2419974671676447,0.3139043608161933,0.2310529139615763,-0.0913585377657322,-0.0688326418721053,-0.0807080129506803,-0.123247620116967,-0.0260649375954592,-0.0228835507468159
sample_301,False,ok,2.0,0.631,0.00531,-0.0865,118.83239171374765,0.1301411172076074,0.2865731462925851,D:\BH\航空项目制\优化\yixingyouhua2(1)\yixingyouhua2\batch_run\polars\sample_301_polar.txt,D:\BH\航空项目制\优化\yixingyouhua2(1)\yixingyouhua2\batch_run\airfoils\sample_301.dat,0.0015574793,-3.86697e-05,0.203269477585261,0.2206303611670984,0.3348254252084267,0.1455468291455587,0.2963864655924159,0.2059267563925883,-0.1457937670506044,-0.1199008712406005,-0.0635765695816714,-0.0538573407978369,0.0730206492075613,-0.0963672810467871
sample_302,False,ok,2.0,0.7088,0.00545,-0.0911,130.05504587155963,0.12299059656952833,0.3226452905811623,D:\BH\航空项目制\优化\yixingyouhua2(1)\yixingyouhua2\batch_run\polars\sample_302_polar.txt,D:\BH\航空项目制\优化\yixingyouhua2(1)\yixingyouhua2\batch_run\airfoils\sample_302.dat,0.0015574793,-3.86697e-05,0.2560210345535684,0.2158844743124173,0.3440033084136544,0.1408257071580885,0.3122958697141542,0.2997732593328061,-0.0980558072854123,-0.0423097478295543,-0.0696798836533192,-0.0944218242970176,0.0744250940101792,-0.0852313077965773
sample_303,False,ok,2.0,0.5865,0.00493,-0.069,118.9655172413793,0.13288619125379453,0.3166332665330661,D:\BH\航空项目制\优化\yixingyouhua2(1)\yixingyouhua2\batch_run\polars\sample_303_polar.txt,D:\BH\航空项目制\优化\yixingyouhua2(1)\yixingyouhua2\batch_run\airfoils\sample_303.dat,0.0015574793,-3.86697e-05,0.1703897382238721,0.2852463734204701,0.2972654825506917,0.1536542885704078,0.2742251767566648,0.2263639900947751,-0.113377243685861,-0.0994231556501449,-0.071064561058742,-0.114627132562126,-0.0344402084711455,-0.0742442537032928
sample_304,False,ok,2.0,0.7331,0.00561,-0.1031,130.67736185383242,0.1158274653550849,0.25851703406813625,D:\BH\航空项目制\优化\yixingyouhua2(1)\yixingyouhua2\batch_run\polars\sample_304_polar.txt,D:\BH\航空项目制\优化\yixingyouhua2(1)\yixingyouhua2\batch_run\airfoils\sample_304.dat,0.0015574793,-3.86697e-05,0.2038297523029283,0.2555495207202511,0.2899924693461191,0.1710862538682505,0.2542369104254831,0.2195311518044857,-0.1243587288907949,-0.0790748032122606,0.0011761835566445,-0.0333632827366715,0.042713836254061,0.018720694386182
sample_305,False,ok,2.0,0.7401,0.00722,-0.1001,102.50692520775623,0.09394523523676326,0.21843687374749496,D:\BH\航空项目制\优化\yixingyouhua2(1)\yixingyouhua2\batch_run\polars\sample_305_polar.txt,D:\BH\航空项目制\优化\yixingyouhua2(1)\yixingyouhua2\batch_run\airfoils\sample_305.dat,0.0015574793,-3.86697e-05,0.2623795908091023,0.1931805011985129,0.2549364281077374,0.1912210166439549,0.3529474116903842,0.2236761637034855,-0.1139155534524697,0.0005799688606847,0.0355736007308096,-0.049973917916561,0.0661546195391822,-0.0410505285313825
sample_306,False,ok,2.0,0.6795,0.00576,-0.0878,117.96874999999999,0.13435581236405036,0.2945891783567134,D:\BH\航空项目制\优化\yixingyouhua2(1)\yixingyouhua2\batch_run\polars\sample_306_polar.txt,D:\BH\航空项目制\优化\yixingyouhua2(1)\yixingyouhua2\batch_run\airfoils\sample_306.dat,0.0015574793,-3.86697e-05,0.2396759048587474,0.2654562400414531,0.3089650620615728,0.2153603475944477,0.273740038958645,0.2430707197513751,-0.1708463291528512,-0.0511639876707908,-0.0801455931941912,-0.0711343445391061,0.016019645834793,-0.067445168127707
sample_307,False,ok,2.0,0.7429,0.00495,-0.101,150.08080808080808,0.12033193994626147,0.35270541082164325,D:\BH\航空项目制\优化\yixingyouhua2(1)\yixingyouhua2\batch_run\polars\sample_307_polar.txt,D:\BH\航空项目制\优化\yixingyouhua2(1)\yixingyouhua2\batch_run\airfoils\sample_307.dat,0.0015574793,-3.86697e-05,0.2250219945896004,0.2206983229542607,0.3569003382887241,0.1595297793899892,0.3509529703796006,0.25302423863055,-0.0836654640646039,-0.0171841323356146,-0.0685632742890512,-0.0674592603018804,0.0328272782479419,-0.0446411072760928
sample_308,False,ok,2.0,0.7626,0.00627,-0.1167,121.6267942583732,0.1348062888624462,0.2665330661322645,D:\BH\航空项目制\优化\yixingyouhua2(1)\yixingyouhua2\batch_run\polars\sample_308_polar.txt,D:\BH\航空项目制\优化\yixingyouhua2(1)\yixingyouhua2\batch_run\airfoils\sample_308.dat,0.0015574793,-3.86697e-05,0.2338716824627044,0.2751467685362758,0.3153387022053951,0.2319767018880123,0.3447742349155344,0.3139673811135384,-0.1919780622711337,-0.0875182003510539,0.0127860110044522,-0.0889847938194907,-0.0132209957107168,-0.0419489407301855
sample_309,False,polar_parse_failed,,,,,,,,,,,,,,,,,,,,,,,
sample_310,False,ok,2.0,0.7238,0.00546,-0.1181,132.56410256410257,0.09915069500818971,0.39078156312625245,D:\BH\航空项目制\优化\yixingyouhua2(1)\yixingyouhua2\batch_run\polars\sample_310_polar.txt,D:\BH\航空项目制\优化\yixingyouhua2(1)\yixingyouhua2\batch_run\airfoils\sample_310.dat,0.0015574793,-3.86697e-05,0.1537696202902735,0.183224666427421,0.2844403381849836,0.2266201744026948,0.2725482185753662,0.2878483920407099,-0.1558218788635673,-0.0078916484177336,0.030670716967269,-0.1194272628241101,0.0758565007869181,-0.0468067479728056
sample_311,False,ok,2.0,0.6827,0.00531,-0.094,128.56873822975518,0.11137719082889054,0.30861723446893785,D:\BH\航空项目制\优化\yixingyouhua2(1)\yixingyouhua2\batch_run\polars\sample_311_polar.txt,D:\BH\航空项目制\优化\yixingyouhua2(1)\yixingyouhua2\batch_run\airfoils\sample_311.dat,0.0015574793,-3.86697e-05,0.1990790184579275,0.2106303352241303,0.3194551067944433,0.1509018488344178,0.3306298370131674,0.2661778259368283,-0.0942113867954519,-0.0593210831272689,-0.0384008270241901,-0.0197567063564627,0.0263696958639569,-0.0983241615428981
sample_312,False,ok,2.0,0.7459,0.00567,-0.103,131.5520282186949,0.10027975553347533,0.3306613226452906,D:\BH\航空项目制\优化\yixingyouhua2(1)\yixingyouhua2\batch_run\polars\sample_312_polar.txt,D:\BH\航空项目制\优化\yixingyouhua2(1)\yixingyouhua2\batch_run\airfoils\sample_312.dat,0.0015574793,-3.86697e-05,0.2039379644253185,0.2501447700572251,0.2490543647602049,0.2545947365657899,0.2764254451532323,0.3085642928610675,-0.0860503255670831,-0.0166110820103996,0.0409423698775974,-0.0736141498999657,0.0583566103465885,-0.0883231622288515
sample_313,False,ok,2.0,0.7379,0.00563,-0.1213,131.06571936056838,0.13180306314803933,0.2865731462925851,D:\BH\航空项目制\优化\yixingyouhua2(1)\yixingyouhua2\batch_run\polars\sample_313_polar.txt,D:\BH\航空项目制\优化\yixingyouhua2(1)\yixingyouhua2\batch_run\airfoils\sample_313.dat,0.0015574793,-3.86697e-05,0.1547531914615566,0.2635661549790272,0.3617138485087569,0.1722699457882682,0.3547673837785441,0.2171764131947255,-0.1755153777317747,-0.1093505093651752,-0.0187050572576109,-0.0215762203858656,0.0514572411091099,-0.0381286940506401
sample_314,False,ok,2.0,0.7617,0.00695,-0.0942,109.59712230215828,0.12150390186059176,0.23046092184368736,D:\BH\航空项目制\优化\yixingyouhua2(1)\yixingyouhua2\batch_run\polars\sample_314_polar.txt,D:\BH\航空项目制\优化\yixingyouhua2(1)\yixingyouhua2\batch_run\airfoils\sample_314.dat,0.0015574793,-3.86697e-05,0.2826583265739785,0.3008708572820593,0.2547951165151749,0.2243315931878191,0.294735238043205,0.3015787703138833,-0.1468290171537361,-0.0165077298330016,0.0166022774204386,-0.0833729092466608,-0.0360802479190869,-0.0165481021736351
sample_315,False,ok,2.0,0.7902,0.00594,-0.0898,133.03030303030303,0.11382974947482792,0.2865731462925851,D:\BH\航空项目制\优化\yixingyouhua2(1)\yixingyouhua2\batch_run\polars\sample_315_polar.txt,D:\BH\航空项目制\优化\yixingyouhua2(1)\yixingyouhua2\batch_run\airfoils\sample_315.dat,0.0015574793,-3.86697e-05,0.2591369590342652,0.2981536406344176,0.3310607410856003,0.2252159240885484,0.2424152207394423,0.2835095592863055,-0.0733967001753623,0.0011512436938326,0.0307596202817037,-0.0100778891139992,-0.0400015218272063,-0.0372289221939566
sample_316,False,ok,2.0,0.6904,0.00577,-0.092,119.65337954939342,0.11896889026083003,0.2945891783567134,D:\BH\航空项目制\优化\yixingyouhua2(1)\yixingyouhua2\batch_run\polars\sample_316_polar.txt,D:\BH\航空项目制\优化\yixingyouhua2(1)\yixingyouhua2\batch_run\airfoils\sample_316.dat,0.0015574793,-3.86697e-05,0.1850869721880624,0.259829166632002,0.3547213383976904,0.1402596302962171,0.2875820630304072,0.2007333556204598,-0.1609445762537253,-0.0211772598066438,-0.0178295736995481,-0.057798279202233,0.0096183049300532,-0.0295470434544816
sample_317,False,ok,2.0,0.7084,0.00555,-0.0879,127.63963963963964,0.14169607182752852,0.30861723446893785,D:\BH\航空项目制\优化\yixingyouhua2(1)\yixingyouhua2\batch_run\polars\sample_317_polar.txt,D:\BH\航空项目制\优化\yixingyouhua2(1)\yixingyouhua2\batch_run\airfoils\sample_317.dat,0.0015574793,-3.86697e-05,0.2716723181081329,0.259801658120986,0.3102067947771504,0.1967292988609203,0.2941579743079717,0.2434729787591992,-0.0952906810558573,-0.1224165458620742,-0.068414010327337,-0.1275223479182579,-0.0084162336103908,0.003485658739105
sample_318,False,ok,2.0,0.7612,0.00615,-0.1221,123.77235772357723,0.12314668262569003,0.2865731462925851,D:\BH\航空项目制\优化\yixingyouhua2(1)\yixingyouhua2\batch_run\polars\sample_318_polar.txt,D:\BH\航空项目制\优化\yixingyouhua2(1)\yixingyouhua2\batch_run\airfoils\sample_318.dat,0.0015574793,-3.86697e-05,0.2264325908124703,0.2265213178739157,0.2770911347053575,0.1558246692639057,0.3567064540845855,0.3199112620814123,-0.1255505621967929,-0.0895580982167827,-0.0783415462243068,-0.0555764449052792,0.068620163308891,-0.0035527190811754
sample_319,False,ok,2.0,0.6359,0.00596,-0.0577,106.69463087248323,0.1253934700177503,0.3306613226452906,D:\BH\航空项目制\优化\yixingyouhua2(1)\yixingyouhua2\batch_run\polars\sample_319_polar.txt,D:\BH\航空项目制\优化\yixingyouhua2(1)\yixingyouhua2\batch_run\airfoils\sample_319.dat,0.0015574793,-3.86697e-05,0.2829905928031885,0.2259907117537391,0.3692160913612059,0.1521663514795007,0.2459609418606414,0.2585660314850315,-0.1222546798826088,-0.0034022039622673,-0.0517486476132199,-0.1145516718547634,-0.0335459575577242,-0.1071139763100339
sample_320,False,ok,2.0,0.8271,0.00593,-0.128,139.47723440134905,0.12579105623941256,0.25851703406813625,D:\BH\航空项目制\优化\yixingyouhua2(1)\yixingyouhua2\batch_run\polars\sample_320_polar.txt,D:\BH\航空项目制\优化\yixingyouhua2(1)\yixingyouhua2\batch_run\airfoils\sample_320.dat,0.0015574793,-3.86697e-05,0.2598932507451726,0.2134808519387565,0.3696676175889963,0.2426654201158919,0.2560450223318345,0.2931596875363224,-0.1914798501355813,-0.0583842972860512,0.020707922006522,-0.0373745683001741,0.0645152709580343,0.0033899117731253
sample_321,False,ok,2.0,0.7976,0.00444,-0.1201,179.63963963963963,0.10813046157039155,0.406813627254509,D:\BH\航空项目制\优化\yixingyouhua2(1)\yixingyouhua2\batch_run\polars\sample_321_polar.txt,D:\BH\航空项目制\优化\yixingyouhua2(1)\yixingyouhua2\batch_run\airfoils\sample_321.dat,0.0015574793,-3.86697e-05,0.2124218481512358,0.2046392604727277,0.3135789689024078,0.2589598621605912,0.3268044245073673,0.305983046839233,-0.0882981576566779,-0.0023339822753736,-0.0049931365233641,-0.0237023265060628,-0.0332992414818402,-0.0181896304873068
sample_322,False,ok,2.0,0.6744,0.00653,-0.0833,103.2771822358346,0.11498125232396086,0.22645290581162322,D:\BH\航空项目制\优化\yixingyouhua2(1)\yixingyouhua2\batch_run\polars\sample_322_polar.txt,D:\BH\航空项目制\优化\yixingyouhua2(1)\yixingyouhua2\batch_run\airfoils\sample_322.dat,0.0015574793,-3.86697e-05,0.2489358855980927,0.2576144134134595,0.2458965284047186,0.1943401761962963,0.259477841371624,0.1989558501824131,-0.1854492311563458,-0.0057465683483741,-0.0076133903341574,-0.1208335523594553,0.0537789278007093,-0.023482018206673
sample_323,False,ok,2.0,0.753,0.00602,-0.1073,125.08305647840531,0.13680616374357385,0.280561122244489,D:\BH\航空项目制\优化\yixingyouhua2(1)\yixingyouhua2\batch_run\polars\sample_323_polar.txt,D:\BH\航空项目制\优化\yixingyouhua2(1)\yixingyouhua2\batch_run\airfoils\sample_323.dat,0.0015574793,-3.86697e-05,0.2554720680894441,0.2657668725680678,0.3278000001555051,0.1971102597434398,0.3487604702388246,0.2766932929963218,-0.1556934777826638,-0.0776038297435869,-0.0598423251831441,-0.0489081628582762,0.0243709231984828,-0.0494879635963276
sample_324,False,ok,2.0,0.7819,0.00452,-0.1134,172.98672566371684,0.12437985265477998,0.35871743486973945,D:\BH\航空项目制\优化\yixingyouhua2(1)\yixingyouhua2\batch_run\polars\sample_324_polar.txt,D:\BH\航空项目制\优化\yixingyouhua2(1)\yixingyouhua2\batch_run\airfoils\sample_324.dat,0.0015574793,-3.86697e-05,0.2065875027586509,0.2334723761714791,0.3521137984065667,0.2485762892024519,0.3640920319425492,0.2191078380654878,-0.0716564734785907,-0.0600330242320913,-0.0379037783100452,-0.0145811810131962,0.0003653093424467,-0.0388658439344813
sample_325,False,ok,2.0,0.6703,0.00508,-0.0976,131.94881889763778,0.12887577981785847,0.3306613226452906,D:\BH\航空项目制\优化\yixingyouhua2(1)\yixingyouhua2\batch_run\polars\sample_325_polar.txt,D:\BH\航空项目制\优化\yixingyouhua2(1)\yixingyouhua2\batch_run\airfoils\sample_325.dat,0.0015574793,-3.86697e-05,0.157107162731849,0.2954128830565782,0.2530431836337353,0.2336484126757877,0.3401895055153745,0.1973017621100688,-0.1345081569954685,-0.0748665836785766,-0.065059618865709,-0.0909657791015562,0.000352603694292,-0.0406288972168239
sample_326,False,ok,2.0,0.6539,0.00422,-0.0863,154.9526066350711,0.11389913017963185,0.39679358717434865,D:\BH\航空项目制\优化\yixingyouhua2(1)\yixingyouhua2\batch_run\polars\sample_326_polar.txt,D:\BH\航空项目制\优化\yixingyouhua2(1)\yixingyouhua2\batch_run\airfoils\sample_326.dat,0.0015574793,-3.86697e-05,0.1599485796605818,0.201678071417095,0.3413077742994424,0.2400732700984737,0.2454751014544189,0.1969425004948385,-0.1106651417968002,0.0001641164546417,-0.0300667347397778,-0.0914354967105577,0.0141865268173708,-0.0657000226077296
sample_327,False,ok,2.0,0.7611,0.00568,-0.1189,133.99647887323943,0.13111951517201903,0.3547094188376753,D:\BH\航空项目制\优化\yixingyouhua2(1)\yixingyouhua2\batch_run\polars\sample_327_polar.txt,D:\BH\航空项目制\优化\yixingyouhua2(1)\yixingyouhua2\batch_run\airfoils\sample_327.dat,0.0015574793,-3.86697e-05,0.2358059992391794,0.1862014775921904,0.3591012175678165,0.242606141016742,0.2850692591835478,0.2683665496637469,-0.1882185966325935,-0.0270101535335428,-0.0751915392319632,-0.1175262329787425,0.0612608532581727,-0.0034255517630528
sample_328,False,ok,2.0,0.7623,0.00529,-0.1014,144.10207939508504,0.1327871327326616,0.3166332665330661,D:\BH\航空项目制\优化\yixingyouhua2(1)\yixingyouhua2\batch_run\polars\sample_328_polar.txt,D:\BH\航空项目制\优化\yixingyouhua2(1)\yixingyouhua2\batch_run\airfoils\sample_328.dat,0.0015574793,-3.86697e-05,0.224596366044471,0.2819530916853928,0.3677556900252274,0.2151740838531796,0.3528755128798149,0.2360949087783471,-0.0804807471082549,-0.1032903061466059,0.0386631255879141,-0.1222208954919258,0.0855144254759767,-0.0941084043040986
sample_329,False,ok,2.0,0.6308,0.00713,-0.0824,88.47124824684433,0.12656262801913212,0.25851703406813625,D:\BH\航空项目制\优化\yixingyouhua2(1)\yixingyouhua2\batch_run\polars\sample_329_polar.txt,D:\BH\航空项目制\优化\yixingyouhua2(1)\yixingyouhua2\batch_run\airfoils\sample_329.dat,0.0015574793,-3.86697e-05,0.2731179703577006,0.1892120411947371,0.3017190629154456,0.2240778210882355,0.3197745497561873,0.1975910129997131,-0.1868779000460362,-0.0878655627322708,-0.0276947372535506,-0.0722875223500171,0.0164659940760801,-0.0922734613919369
sample_330,False,ok,2.0,0.7079,0.00559,-0.103,126.63685152057243,0.11649956252817274,0.2745490981963928,D:\BH\航空项目制\优化\yixingyouhua2(1)\yixingyouhua2\batch_run\polars\sample_330_polar.txt,D:\BH\航空项目制\优化\yixingyouhua2(1)\yixingyouhua2\batch_run\airfoils\sample_330.dat,0.0015574793,-3.86697e-05,0.1885717720119155,0.2564960349434066,0.2505919933720811,0.1356027843800522,0.260939034667673,0.2998984772029304,-0.0924006647091501,-0.1045909328108689,-0.049171713421037,-0.0455998394064634,0.0109283197839816,0.0130867861670655
sample_331,False,ok,2.0,0.627,0.00549,-0.0712,114.20765027322405,0.12399214335684239,0.2725450901803607,D:\BH\航空项目制\优化\yixingyouhua2(1)\yixingyouhua2\batch_run\polars\sample_331_polar.txt,D:\BH\航空项目制\优化\yixingyouhua2(1)\yixingyouhua2\batch_run\airfoils\sample_331.dat,0.0015574793,-3.86697e-05,0.2232003234820217,0.2467170535640682,0.2974553141463584,0.1899154998084221,0.2414043249637291,0.2102526055640192,-0.0965978471884274,-0.1263065512148498,-0.0122901078367102,-0.0370368629925823,0.0174415063428709,-0.0989514618195437
sample_332,False,ok,2.0,0.6745,0.00586,-0.1102,115.10238907849829,0.10021620038735805,0.3366733466933867,D:\BH\航空项目制\优化\yixingyouhua2(1)\yixingyouhua2\batch_run\polars\sample_332_polar.txt,D:\BH\航空项目制\优化\yixingyouhua2(1)\yixingyouhua2\batch_run\airfoils\sample_332.dat,0.0015574793,-3.86697e-05,0.1605224397799996,0.188384558415139,0.2553022453103657,0.220688366586367,0.3078161329106928,0.2597350222267962,-0.1847374586270061,-0.032229334011825,0.0234464372160271,-0.1047493282807383,0.075107131924686,-0.0833591962252716
sample_333,False,ok,2.0,0.7801,0.00596,-0.1122,130.88926174496643,0.12403721159966875,0.25851703406813625,D:\BH\航空项目制\优化\yixingyouhua2(1)\yixingyouhua2\batch_run\polars\sample_333_polar.txt,D:\BH\航空项目制\优化\yixingyouhua2(1)\yixingyouhua2\batch_run\airfoils\sample_333.dat,0.0015574793,-3.86697e-05,0.2400954232043352,0.2469820709779564,0.3572964519730465,0.167538781413087,0.2691683750111598,0.2888674270278786,-0.1683995905456974,-0.0609828441534793,0.0389603477005374,-0.0991058163645616,0.0493102380874678,-0.0016134543031588
sample_334,False,ok,2.0,0.7544,0.00537,-0.1058,140.48417132216014,0.1101773216213389,0.3386773547094188,D:\BH\航空项目制\优化\yixingyouhua2(1)\yixingyouhua2\batch_run\polars\sample_334_polar.txt,D:\BH\航空项目制\优化\yixingyouhua2(1)\yixingyouhua2\batch_run\airfoils\sample_334.dat,0.0015574793,-3.86697e-05,0.2313660830871083,0.2225956866989624,0.2804994259198036,0.2475569360107917,0.3374854846692096,0.2154294866483556,-0.0999218518808313,-0.0280337280205561,-0.0175859874358075,-0.0320137320654862,0.0076012472799132,-0.0205187770974447
sample_335,False,ok,2.0,0.7086,0.00598,-0.0987,118.49498327759197,0.13031630077657597,0.250501002004008,D:\BH\航空项目制\优化\yixingyouhua2(1)\yixingyouhua2\batch_run\polars\sample_335_polar.txt,D:\BH\航空项目制\优化\yixingyouhua2(1)\yixingyouhua2\batch_run\airfoils\sample_335.dat,0.0015574793,-3.86697e-05,0.2474803331858878,0.2421685706406563,0.3108393352096781,0.1397442948403644,0.2738536334183216,0.2587033763849359,-0.1616036695031003,-0.0946203595329588,-0.0559543794357816,-0.0450370135512431,0.0725499027254661,-0.03036140674598
sample_336,False,ok,2.0,0.6796,0.00538,-0.0781,126.31970260223048,0.11958616548012307,0.2865731462925851,D:\BH\航空项目制\优化\yixingyouhua2(1)\yixingyouhua2\batch_run\polars\sample_336_polar.txt,D:\BH\航空项目制\优化\yixingyouhua2(1)\yixingyouhua2\batch_run\airfoils\sample_336.dat,0.0015574793,-3.86697e-05,0.2577884562471407,0.2581515366021483,0.2629082405318826,0.2013876946069105,0.2918051862238154,0.2469250393347684,-0.0830911934033228,-0.0645569631976227,-0.0427142626866169,-0.0463762228146918,-0.0301867693529367,-0.0507830018728022
sample_337,False,ok,2.0,0.7115,0.00601,-0.114,118.38602329450916,0.1202106931090261,0.2444889779559118,D:\BH\航空项目制\优化\yixingyouhua2(1)\yixingyouhua2\batch_run\polars\sample_337_polar.txt,D:\BH\航空项目制\优化\yixingyouhua2(1)\yixingyouhua2\batch_run\airfoils\sample_337.dat,0.0015574793,-3.86697e-05,0.2007255041658071,0.2373209645772386,0.2462847816160064,0.2575051971307943,0.3142937251310385,0.244680377739499,-0.1821275230216043,-0.1193440447868287,0.0482023329018619,-0.0977564100488319,0.0543457822328623,-0.0464123663523704
sample_338,False,ok,2.0,0.7566,0.00678,-0.1198,111.59292035398232,0.12486517890273785,0.2665330661322645,D:\BH\航空项目制\优化\yixingyouhua2(1)\yixingyouhua2\batch_run\polars\sample_338_polar.txt,D:\BH\航空项目制\优化\yixingyouhua2(1)\yixingyouhua2\batch_run\airfoils\sample_338.dat,0.0015574793,-3.86697e-05,0.2534326881427974,0.1934057808187124,0.321067934234115,0.2523162599683235,0.3032824305716805,0.3166249183071681,-0.1816569889303847,-0.108497493243944,0.0403932522565181,-0.0917499851433615,-0.0024809368538099,-0.0137325336242119
sample_339,False,ok,2.0,0.6819,0.00531,-0.113,128.4180790960452,0.12786830516141767,0.34669338677354705,D:\BH\航空项目制\优化\yixingyouhua2(1)\yixingyouhua2\batch_run\polars\sample_339_polar.txt,D:\BH\航空项目制\优化\yixingyouhua2(1)\yixingyouhua2\batch_run\airfoils\sample_339.dat,0.0015574793,-3.86697e-05,0.1682556067348825,0.17783233357845,0.3415946200018555,0.2065098932340034,0.2592037556105662,0.2725127862979258,-0.1874820243962924,-0.0872569752027817,-0.0584562873506682,-0.107812832310122,-0.030600207315069,0.0179141847153348
sample_340,False,ok,2.0,0.6922,0.00725,-0.0902,95.47586206896551,0.11300206098763642,0.30861723446893785,D:\BH\航空项目制\优化\yixingyouhua2(1)\yixingyouhua2\batch_run\polars\sample_340_polar.txt,D:\BH\航空项目制\优化\yixingyouhua2(1)\yixingyouhua2\batch_run\airfoils\sample_340.dat,0.0015574793,-3.86697e-05,0.278355462228242,0.1861326091462752,0.3002548156539879,0.1578164830383669,0.3558845095886231,0.2118052856917258,-0.1523705428732279,-0.0075947485057874,-0.0421222581156371,-0.1184541852980399,0.0596306324258874,-0.0377912900984685
sample_341,False,ok,2.0,0.6831,0.00438,-0.0901,155.95890410958904,0.11866169655030719,0.3607214428857715,D:\BH\航空项目制\优化\yixingyouhua2(1)\yixingyouhua2\batch_run\polars\sample_341_polar.txt,D:\BH\航空项目制\优化\yixingyouhua2(1)\yixingyouhua2\batch_run\airfoils\sample_341.dat,0.0015574793,-3.86697e-05,0.1796023158426642,0.2030245324584679,0.3675656598255321,0.1809857301573976,0.2549074010307978,0.2091404239602766,-0.0732014272517953,-0.0599596519855472,-0.0188456746521345,-0.1132198782924576,0.0309487575627274,-0.0249918471221908
sample_342,False,ok,2.0,0.817,0.00617,-0.1227,132.4149108589951,0.12870840549790571,0.25851703406813625,D:\BH\航空项目制\优化\yixingyouhua2(1)\yixingyouhua2\batch_run\polars\sample_342_polar.txt,D:\BH\航空项目制\优化\yixingyouhua2(1)\yixingyouhua2\batch_run\airfoils\sample_342.dat,0.0015574793,-3.86697e-05,0.2294818901729872,0.2909988038745898,0.3249698597815866,0.2194645553682439,0.3485029866065307,0.293406547663204,-0.1451475420097402,-0.0925712933722051,0.0431884365211569,-0.0240815324457312,-0.0275043359799674,-0.0048454025608357
sample_343,False,ok,2.0,0.6811,0.00731,-0.0924,93.17373461012313,0.11376196945417612,0.2124248496993988,D:\BH\航空项目制\优化\yixingyouhua2(1)\yixingyouhua2\batch_run\polars\sample_343_polar.txt,D:\BH\航空项目制\优化\yixingyouhua2(1)\yixingyouhua2\batch_run\airfoils\sample_343.dat,0.0015574793,-3.86697e-05,0.2801756940171619,0.1760866881042968,0.2507404899110079,0.217522817611538,0.2708215517009336,0.2386421596819962,-0.146242563935979,-0.1045245808580545,0.0385538697755745,-0.121307800686583,0.0772576256941117,-0.03344211255218
sample_344,False,ok,2.0,0.7011,0.00582,-0.0847,120.4639175257732,0.11982951729972048,0.2745490981963928,D:\BH\航空项目制\优化\yixingyouhua2(1)\yixingyouhua2\batch_run\polars\sample_344_polar.txt,D:\BH\航空项目制\优化\yixingyouhua2(1)\yixingyouhua2\batch_run\airfoils\sample_344.dat,0.0015574793,-3.86697e-05,0.2768232461180316,0.2339999807672517,0.3071079713429332,0.1433573256681893,0.2916184561126383,0.2923512583070291,-0.1219382333817619,-0.0513595647452771,-0.0012456904558349,-0.1378309956857392,0.0200792132161212,-0.0415204336931323
sample_345,False,ok,2.0,0.6684,0.00639,-0.081,104.60093896713616,0.13039343543949733,0.280561122244489,D:\BH\航空项目制\优化\yixingyouhua2(1)\yixingyouhua2\batch_run\polars\sample_345_polar.txt,D:\BH\航空项目制\优化\yixingyouhua2(1)\yixingyouhua2\batch_run\airfoils\sample_345.dat,0.0015574793,-3.86697e-05,0.2601651392101306,0.276462883126382,0.2449321645873346,0.2364249092595354,0.2706038361367932,0.2366495417538534,-0.1629854960271461,-0.0508079419343859,-0.0623029239697517,-0.1053919574693484,-0.0380039637476323,-0.0208345247472508
sample_346,False,ok,2.0,0.6842,0.00715,-0.1001,95.6923076923077,0.11521708991387483,0.2064128256513026,D:\BH\航空项目制\优化\yixingyouhua2(1)\yixingyouhua2\batch_run\polars\sample_346_polar.txt,D:\BH\航空项目制\优化\yixingyouhua2(1)\yixingyouhua2\batch_run\airfoils\sample_346.dat,0.0015574793,-3.86697e-05,0.2527471613008867,0.1900891189861342,0.2547859614240202,0.1955393735116786,0.3323064306094426,0.2199449852287014,-0.1602573975515125,-0.1222793453694275,0.0404896323949264,-0.034720465443403,0.0114358411479841,-0.0292188419679131
sample_347,False,ok,2.0,0.7363,0.00547,-0.1012,134.6069469835466,0.10912709649834587,0.2865731462925851,D:\BH\航空项目制\优化\yixingyouhua2(1)\yixingyouhua2\batch_run\polars\sample_347_polar.txt,D:\BH\航空项目制\优化\yixingyouhua2(1)\yixingyouhua2\batch_run\airfoils\sample_347.dat,0.0015574793,-3.86697e-05,0.2151297076789565,0.2283138846790041,0.2727651878164688,0.2380386851972392,0.2440422130216933,0.2549742757589314,-0.075880436811434,-0.0896508156491874,0.0159552788613212,-0.0124353932760957,0.0106896394368345,-0.0200199145189434
sample_348,False,ok,2.0,0.7124,0.00542,-0.1048,131.4391143911439,0.12716624718361685,0.30260521042084165,D:\BH\航空项目制\优化\yixingyouhua2(1)\yixingyouhua2\batch_run\polars\sample_348_polar.txt,D:\BH\航空项目制\优化\yixingyouhua2(1)\yixingyouhua2\batch_run\airfoils\sample_348.dat,0.0015574793,-3.86697e-05,0.2111256445185,0.2191467270902272,0.3426671814669572,0.2111375399402468,0.3104610511709049,0.2318006092468906,-0.1513247312448642,-0.0933341027283999,-0.0248189513827208,-0.0445033452078272,-0.0086308779508992,-0.0362403784005207
sample_349,False,ok,2.0,0.6705,0.00683,-0.0951,98.16983894582722,0.11346324328050363,0.30861723446893785,D:\BH\航空项目制\优化\yixingyouhua2(1)\yixingyouhua2\batch_run\polars\sample_349_polar.txt,D:\BH\航空项目制\优化\yixingyouhua2(1)\yixingyouhua2\batch_run\airfoils\sample_349.dat,0.0015574793,-3.86697e-05,0.2443213174359478,0.1871895227226283,0.2463255177760215,0.2339746692026641,0.314864648312991,0.2930160632027838,-0.1142953067215612,-0.095221484017686,-0.0174456224927251,-0.0730610323187565,-0.0291981850062592,-0.0440038360224499
sample_350,False,ok,2.0,0.6902,0.0051,-0.0935,135.33333333333334,0.1325775368917942,0.3226452905811623,D:\BH\航空项目制\优化\yixingyouhua2(1)\yixingyouhua2\batch_run\polars\sample_350_polar.txt,D:\BH\航空项目制\优化\yixingyouhua2(1)\yixingyouhua2\batch_run\airfoils\sample_350.dat,0.0015574793,-3.86697e-05,0.1736483037131774,0.2914922154441888,0.336421863114202,0.1535631812108301,0.2889663422562743,0.2800413266318121,-0.1026456056350181,-0.0831778355346272,-0.0405161749061122,-0.134514439533563,0.0411690062366015,-0.0584744347284503
sample_351,False,ok,2.0,0.696,0.00408,-0.1003,170.58823529411762,0.10120866118656852,0.374749498997996,D:\BH\航空项目制\优化\yixingyouhua2(1)\yixingyouhua2\batch_run\polars\sample_351_polar.txt,D:\BH\航空项目制\优化\yixingyouhua2(1)\yixingyouhua2\batch_run\airfoils\sample_351.dat,0.0015574793,-3.86697e-05,0.1628032322814613,0.2089584232709773,0.3094663594076007,0.1624993162837807,0.3320228776206134,0.2914020096327582,-0.070831161943506,-0.044484850746526,0.034941776780073,-0.0850553220632545,0.0055902365298854,-0.0682898100426368
sample_352,False,ok,2.0,0.7547,0.00542,-0.0936,139.24354243542436,0.12431678718744021,0.30260521042084165,D:\BH\航空项目制\优化\yixingyouhua2(1)\yixingyouhua2\batch_run\polars\sample_352_polar.txt,D:\BH\航空项目制\优化\yixingyouhua2(1)\yixingyouhua2\batch_run\airfoils\sample_352.dat,0.0015574793,-3.86697e-05,0.2769220593251104,0.2316384613057978,0.3238130089751658,0.2012764879035652,0.2547220345760541,0.2217809353687125,-0.0813859341979977,-0.0656855023381441,-0.0361017432292103,-0.0910189948692733,0.0642085198826755,0.0119811928504488
sample_353,False,ok,2.0,0.7841,0.00592,-0.1047,132.44932432432432,0.1187609804132578,0.25851703406813625,D:\BH\航空项目制\优化\yixingyouhua2(1)\yixingyouhua2\batch_run\polars\sample_353_polar.txt,D:\BH\航空项目制\优化\yixingyouhua2(1)\yixingyouhua2\batch_run\airfoils\sample_353.dat,0.0015574793,-3.86697e-05,0.2160154076844629,0.3028126583109354,0.3214699189294622,0.1678239403367375,0.2690326361852738,0.2322516023433698,-0.1178726274082443,-0.0514156822932895,0.0473105390700787,-0.0694180997422699,0.0763650192271236,0.0014062079884333
sample_354,False,ok,2.0,0.7387,0.00514,-0.1036,143.71595330739302,0.12663578066343945,0.3226452905811623,D:\BH\航空项目制\优化\yixingyouhua2(1)\yixingyouhua2\batch_run\polars\sample_354_polar.txt,D:\BH\航空项目制\优化\yixingyouhua2(1)\yixingyouhua2\batch_run\airfoils\sample_354.dat,0.0015574793,-3.86697e-05,0.1888743634228776,0.2668463899150342,0.339328990005337,0.2444824400729994,0.2588730188875937,0.2261353326916774,-0.1144493013270672,-0.0821369387386937,0.025385112825719,-0.1256205963377571,0.0816701175561816,-0.0422606981914545
sample_355,False,ok,2.0,0.697,0.00613,-0.0929,113.70309951060358,0.11082339534571264,0.23246492985971942,D:\BH\航空项目制\优化\yixingyouhua2(1)\yixingyouhua2\batch_run\polars\sample_355_polar.txt,D:\BH\航空项目制\优化\yixingyouhua2(1)\yixingyouhua2\batch_run\airfoils\sample_355.dat,0.0015574793,-3.86697e-05,0.2339573697944751,0.2212656126716035,0.3169860409549693,0.1584662478211666,0.2682846945878384,0.2733944377784989,-0.1740213590658765,-0.0218656330620335,0.0086313649878758,-0.0163514212384392,-0.0184386962426379,-0.0560630775162959
sample_356,False,ok,2.0,0.6491,0.00509,-0.1032,127.524557956778,0.12017143331332014,0.3246492985971944,D:\BH\航空项目制\优化\yixingyouhua2(1)\yixingyouhua2\batch_run\polars\sample_356_polar.txt,D:\BH\航空项目制\优化\yixingyouhua2(1)\yixingyouhua2\batch_run\airfoils\sample_356.dat,0.0015574793,-3.86697e-05,0.1545045418866141,0.2204780309646955,0.2790309916267131,0.1767817645010978,0.3551681048337773,0.2243427453929616,-0.157691342732397,-0.0858901869055135,-0.0547880602175002,-0.092990041149115,0.0319976578175613,-0.0653537010799482
sample_357,False,ok,2.0,0.7345,0.00567,-0.0995,129.5414462081129,0.13526357545223588,0.2865731462925851,D:\BH\航空项目制\优化\yixingyouhua2(1)\yixingyouhua2\batch_run\polars\sample_357_polar.txt,D:\BH\航空项目制\优化\yixingyouhua2(1)\yixingyouhua2\batch_run\airfoils\sample_357.dat,0.0015574793,-3.86697e-05,0.2464710700085889,0.2680602152081948,0.2990571911096074,0.2522489209083554,0.2701724684718103,0.2568995194873488,-0.1270864122843701,-0.1051201775466858,-0.0457066301720522,-0.041215238250801,-0.017369171446879,-0.0193034756231395
sample_358,False,ok,2.0,0.7104,0.0054,-0.0964,131.55555555555554,0.102834970215784,0.3226452905811623,D:\BH\航空项目制\优化\yixingyouhua2(1)\yixingyouhua2\batch_run\polars\sample_358_polar.txt,D:\BH\航空项目制\优化\yixingyouhua2(1)\yixingyouhua2\batch_run\airfoils\sample_358.dat,0.0015574793,-3.86697e-05,0.2126632974009472,0.1791147529219832,0.3321033478927663,0.2037871462599141,0.2742813758482606,0.234214691778181,-0.0959553332241846,-0.0541051673603214,0.0397408467863241,-0.0419288973714319,0.0217873431357982,-0.0575471534376201
sample_359,False,ok,2.0,0.7128,0.00583,-0.1023,122.26415094339622,0.11377902757790555,0.2945891783567134,D:\BH\航空项目制\优化\yixingyouhua2(1)\yixingyouhua2\batch_run\polars\sample_359_polar.txt,D:\BH\航空项目制\优化\yixingyouhua2(1)\yixingyouhua2\batch_run\airfoils\sample_359.dat,0.0015574793,-3.86697e-05,0.2053357842341955,0.2437305583990157,0.2940026664809185,0.2228996013164645,0.3088199919042526,0.2591652354072944,-0.1725611235976873,-0.0031698691463282,-0.0398137186734526,-0.0112953275039478,0.0213762021039677,-0.0916020656748858
sample_360,False,ok,2.0,0.7254,0.00544,-0.1245,133.34558823529412,0.12975589761650155,0.30861723446893785,D:\BH\航空项目制\优化\yixingyouhua2(1)\yixingyouhua2\batch_run\polars\sample_360_polar.txt,D:\BH\航空项目制\优化\yixingyouhua2(1)\yixingyouhua2\batch_run\airfoils\sample_360.dat,0.0015574793,-3.86697e-05,0.1734862048418788,0.2405205846721907,0.2631504325505496,0.2551300699098898,0.3333651355445091,0.2589827259931755,-0.1862549552957549,-0.1270398820380517,-0.0080003389530906,-0.1262727211958429,-0.0008364749633194,0.0089267005930851
sample_361,False,ok,2.0,0.7147,0.00598,-0.0913,119.51505016722408,0.13827223131163185,0.31462925851703405,D:\BH\航空项目制\优化\yixingyouhua2(1)\yixingyouhua2\batch_run\polars\sample_361_polar.txt,D:\BH\航空项目制\优化\yixingyouhua2(1)\yixingyouhua2\batch_run\airfoils\sample_361.dat,0.0015574793,-3.86697e-05,0.2767162359580046,0.2517072245890307,0.3381952565128364,0.2525941273372576,0.3110967455195782,0.2786793530839888,-0.1606931194250113,-0.0467971020565709,-0.0707387982740719,-0.0647508714046455,-0.0072713132664622,-0.1010136724214953
sample_362,False,ok,2.0,0.639,0.00534,-0.0938,119.66292134831461,0.11761827640205601,0.30861723446893785,D:\BH\航空项目制\优化\yixingyouhua2(1)\yixingyouhua2\batch_run\polars\sample_362_polar.txt,D:\BH\航空项目制\优化\yixingyouhua2(1)\yixingyouhua2\batch_run\airfoils\sample_362.dat,0.0015574793,-3.86697e-05,0.1804951429326721,0.2089005451279529,0.2938027082448789,0.154919806367991,0.353145966640341,0.2151116078643787,-0.1379390000874177,-0.075403181717865,-0.0734503703114929,-0.0443152395553535,0.0356748992725623,-0.0883858689520703
sample_363,False,ok,2.0,0.6962,0.0055,-0.1026,126.58181818181819,0.12595498053852702,0.2945891783567134,D:\BH\航空项目制\优化\yixingyouhua2(1)\yixingyouhua2\batch_run\polars\sample_363_polar.txt,D:\BH\航空项目制\优化\yixingyouhua2(1)\yixingyouhua2\batch_run\airfoils\sample_363.dat,0.0015574793,-3.86697e-05,0.1611977181429541,0.2761126615996913,0.3191158071047613,0.2270432114682471,0.3192158492083438,0.2201549689936345,-0.1432838749426122,-0.0974387668171676,-0.0035561759362108,-0.0202156092169923,0.0225601582770078,-0.0959654980260826
sample_364,False,ok,2.0,0.7565,0.00562,-0.1046,134.6085409252669,0.10366828447167578,0.3987975951903807,D:\BH\航空项目制\优化\yixingyouhua2(1)\yixingyouhua2\batch_run\polars\sample_364_polar.txt,D:\BH\航空项目制\优化\yixingyouhua2(1)\yixingyouhua2\batch_run\airfoils\sample_364.dat,0.0015574793,-3.86697e-05,0.2223651459371312,0.1853410931564528,0.3402867296132025,0.1944682868350294,0.3389998391545934,0.2145468097689236,-0.0957451771638338,-0.005651006750052,0.0447961323811656,-0.0995213446736908,0.0120229777675467,-0.0098965901345257
sample_365,False,ok,2.0,0.6991,0.00487,-0.0995,143.5523613963039,0.13306025824792844,0.344689378757515,D:\BH\航空项目制\优化\yixingyouhua2(1)\yixingyouhua2\batch_run\polars\sample_365_polar.txt,D:\BH\航空项目制\优化\yixingyouhua2(1)\yixingyouhua2\batch_run\airfoils\sample_365.dat,0.0015574793,-3.86697e-05,0.1947016293276184,0.2420108596083949,0.3472375828292509,0.2165356016130039,0.2811698363657665,0.2024460817996456,-0.159785869908744,-0.0426742170674609,-0.0686487048933789,-0.1232746942739959,0.0380731619579327,-0.0142678348109008
sample_366,False,ok,2.0,0.6282,0.00622,-0.0921,100.9967845659164,0.10498992860307704,0.31462925851703405,D:\BH\航空项目制\优化\yixingyouhua2(1)\yixingyouhua2\batch_run\polars\sample_366_polar.txt,D:\BH\航空项目制\优化\yixingyouhua2(1)\yixingyouhua2\batch_run\airfoils\sample_366.dat,0.0015574793,-3.86697e-05,0.192502430226456,0.1821338875869565,0.2428960233677662,0.2441516944258057,0.2373745716401852,0.2941611126421877,-0.1776143048802394,-0.0288928777805815,-0.0494084055054557,-0.0257215465562062,-0.0233999147328853,-0.0890381223016342
sample_367,False,ok,2.0,0.6931,0.00499,-0.1137,138.8977955911824,0.1139379467370788,0.35270541082164325,D:\BH\航空项目制\优化\yixingyouhua2(1)\yixingyouhua2\batch_run\polars\sample_367_polar.txt,D:\BH\航空项目制\优化\yixingyouhua2(1)\yixingyouhua2\batch_run\airfoils\sample_367.dat,0.0015574793,-3.86697e-05,0.1538493626956123,0.2200650024160427,0.2514643872837231,0.2107011782113538,0.3074585836848075,0.2856815386248041,-0.1529882976480931,-0.0383936295582117,-0.0748084873474233,-0.0825891454168848,0.0213358233583682,-0.0278092348784259
sample_368,False,ok,2.0,0.699,0.0047,-0.1096,148.72340425531914,0.12810322586097467,0.3687374749498998,D:\BH\航空项目制\优化\yixingyouhua2(1)\yixingyouhua2\batch_run\polars\sample_368_polar.txt,D:\BH\航空项目制\优化\yixingyouhua2(1)\yixingyouhua2\batch_run\airfoils\sample_368.dat,0.0015574793,-3.86697e-05,0.161827080728958,0.1865300161538445,0.3678091974180547,0.1994400141490822,0.2977783779790396,0.3206596061283615,-0.0822868676422507,-0.1225707077742711,-0.0373636757385581,-0.0874774965723108,-0.0328514350680228,-0.0456194168818567
sample_369,False,ok,2.0,0.7361,0.00548,-0.1044,134.32481751824818,0.11242185157788641,0.2945891783567134,D:\BH\航空项目制\优化\yixingyouhua2(1)\yixingyouhua2\batch_run\polars\sample_369_polar.txt,D:\BH\航空项目制\优化\yixingyouhua2(1)\yixingyouhua2\batch_run\airfoils\sample_369.dat,0.0015574793,-3.86697e-05,0.2220546612178233,0.200793752364317,0.3183153362822552,0.1979549760785825,0.2694877838554751,0.2628514763413471,-0.0972145348079353,-0.0844526411608821,0.0016493487136939,-0.0278706430490508,0.0139546553278019,-0.0192175324106153
sample_370,False,ok,2.0,0.7052,0.00572,-0.0877,123.2867132867133,0.12876572509649795,0.3006012024048096,D:\BH\航空项目制\优化\yixingyouhua2(1)\yixingyouhua2\batch_run\polars\sample_370_polar.txt,D:\BH\航空项目制\优化\yixingyouhua2(1)\yixingyouhua2\batch_run\airfoils\sample_370.dat,0.0015574793,-3.86697e-05,0.2439204754143956,0.2923123778839722,0.2702754923299568,0.2598010639268509,0.3046288286157568,0.2557281963410843,-0.1167112622469437,-0.0663686812484478,-0.0202111505867301,-0.0880915851421314,0.0125584864176379,-0.0882183847375912
sample_371,False,ok,2.0,0.7104,0.0058,-0.1011,122.48275862068967,0.12108101509667114,0.30861723446893785,D:\BH\航空项目制\优化\yixingyouhua2(1)\yixingyouhua2\batch_run\polars\sample_371_polar.txt,D:\BH\航空项目制\优化\yixingyouhua2(1)\yixingyouhua2\batch_run\airfoils\sample_371.dat,0.0015574793,-3.86697e-05,0.2296374612675531,0.2077876903851816,0.3243927774726957,0.2305068610705438,0.2894380449367,0.2754807382597264,-0.1522277402381376,-0.079621921130374,0.0156059309745815,-0.0816595290925348,-0.0408754876614865,-0.0397432808863416
sample_372,False,ok,2.0,0.762,0.00507,-0.1218,150.2958579881657,0.11463625414193748,0.3306613226452906,D:\BH\航空项目制\优化\yixingyouhua2(1)\yixingyouhua2\batch_run\polars\sample_372_polar.txt,D:\BH\航空项目制\优化\yixingyouhua2(1)\yixingyouhua2\batch_run\airfoils\sample_372.dat,0.0015574793,-3.86697e-05,0.153664374916293,0.2422510574726639,0.2827364384123213,0.2308169296376514,0.2830213019219044,0.3190631511769664,-0.0745452515883041,-0.1081643002225332,-0.0024958056806207,-0.0290870520327607,-0.0333775148077345,0.0026370926629794
sample_373,False,ok,2.0,0.7511,0.00674,-0.1134,111.43916913946587,0.13090999056344155,0.280561122244489,D:\BH\航空项目制\优化\yixingyouhua2(1)\yixingyouhua2\batch_run\polars\sample_373_polar.txt,D:\BH\航空项目制\优化\yixingyouhua2(1)\yixingyouhua2\batch_run\airfoils\sample_373.dat,0.0015574793,-3.86697e-05,0.2715725105307598,0.2196751833221388,0.2722811839365328,0.1910088276181529,0.3599949157390434,0.2865066954852319,-0.1176931768410791,-0.1254503234351313,-0.0625754779930775,-0.0919746165758342,0.06211454998887,0.0028377072695891
sample_374,False,ok,2.0,0.6993,0.00589,-0.0989,118.72665534804754,0.12455211164093859,0.30260521042084165,D:\BH\航空项目制\优化\yixingyouhua2(1)\yixingyouhua2\batch_run\polars\sample_374_polar.txt,D:\BH\航空项目制\优化\yixingyouhua2(1)\yixingyouhua2\batch_run\airfoils\sample_374.dat,0.0015574793,-3.86697e-05,0.2450211889526407,0.2311076842666435,0.2663303935978168,0.203548488169026,0.26254108300504,0.321398656997017,-0.1526965258165899,-0.0498737723852538,-0.0766342456997671,-0.1192087240784602,0.046403601330362,-0.0337752786001436
sample_375,False,ok,2.0,0.7325,0.00642,-0.1209,114.09657320872275,0.12940175491066858,0.280561122244489,D:\BH\航空项目制\优化\yixingyouhua2(1)\yixingyouhua2\batch_run\polars\sample_375_polar.txt,D:\BH\航空项目制\优化\yixingyouhua2(1)\yixingyouhua2\batch_run\airfoils\sample_375.dat,0.0015574793,-3.86697e-05,0.2284893431523707,0.2097620496057252,0.2894967034183723,0.2416055292973445,0.356007882304338,0.2532378117266921,-0.1979782103048448,-0.1158371685115526,-0.0014608329286768,-0.10995391217774,-0.0002300302388061,0.0061209881937586
sample_376,False,ok,2.0,0.7576,0.0055,-0.1243,137.74545454545455,0.12110036864815807,0.3306613226452906,D:\BH\航空项目制\优化\yixingyouhua2(1)\yixingyouhua2\batch_run\polars\sample_376_polar.txt,D:\BH\航空项目制\优化\yixingyouhua2(1)\yixingyouhua2\batch_run\airfoils\sample_376.dat,0.0015574793,-3.86697e-05,0.1597860361964833,0.2370688614474161,0.3293552969340189,0.2158993323824519,0.3001828907444778,0.3232393222460801,-0.1498037001602445,-0.0743091120466123,-0.0011382066165874,-0.0625322947256123,-0.0393802055651826,-0.0053835932823497
sample_377,False,ok,2.0,0.7029,0.00658,-0.1,106.82370820668693,0.11814228244748107,0.3166332665330661,D:\BH\航空项目制\优化\yixingyouhua2(1)\yixingyouhua2\batch_run\polars\sample_377_polar.txt,D:\BH\航空项目制\优化\yixingyouhua2(1)\yixingyouhua2\batch_run\airfoils\sample_377.dat,0.0015574793,-3.86697e-05,0.2544382929864679,0.1734843887059052,0.331912293872618,0.2192065389620093,0.3363835080360958,0.2550412296717748,-0.1353608328804742,-0.0668607663730694,-0.0220533404777069,-0.0564736359835233,0.0560238137950279,-0.0933792787017775
sample_378,False,ok,2.0,0.652,0.00503,-0.0944,129.62226640159048,0.12595951967109595,0.30861723446893785,D:\BH\航空项目制\优化\yixingyouhua2(1)\yixingyouhua2\batch_run\polars\sample_378_polar.txt,D:\BH\航空项目制\优化\yixingyouhua2(1)\yixingyouhua2\batch_run\airfoils\sample_378.dat,0.0015574793,-3.86697e-05,0.1578174467798085,0.2637532798211967,0.2821127667191817,0.1718535129069403,0.2378605682251837,0.2540660375626757,-0.142641476142162,-0.0883603271240291,-0.0519160043393821,-0.1315328349703849,0.0297005662329181,-0.0137533681032744
sample_379,False,ok,2.0,0.6971,0.00454,-0.0917,153.54625550660796,0.11199981313126306,0.3306613226452906,D:\BH\航空项目制\优化\yixingyouhua2(1)\yixingyouhua2\batch_run\polars\sample_379_polar.txt,D:\BH\航空项目制\优化\yixingyouhua2(1)\yixingyouhua2\batch_run\airfoils\sample_379.dat,0.0015574793,-3.86697e-05,0.1811365978456735,0.2595666037902693,0.3029632726217044,0.1930275041759412,0.2768766621539138,0.2781178685698821,-0.0803471270697115,-0.0504156108640532,0.0147565283517182,-0.0826349293466408,-0.0014540944292285,-0.0617807584014118
sample_380,False,ok,2.0,0.731,0.00539,-0.0963,135.62152133580705,0.12390424788076937,0.3006012024048096,D:\BH\航空项目制\优化\yixingyouhua2(1)\yixingyouhua2\batch_run\polars\sample_380_polar.txt,D:\BH\航空项目制\优化\yixingyouhua2(1)\yixingyouhua2\batch_run\airfoils\sample_380.dat,0.0015574793,-3.86697e-05,0.2511581086057027,0.2271170376316968,0.3149294209095357,0.2017533493600751,0.2845074053265388,0.2089885384623314,-0.0978763893052457,-0.0672508390334462,-0.0673527050145037,-0.0468805292940308,0.0809620514350728,-0.0259398871737024
sample_381,False,ok,2.0,0.6662,0.00552,-0.1148,120.68840579710145,0.12276238656947522,0.2865731462925851,D:\BH\航空项目制\优化\yixingyouhua2(1)\yixingyouhua2\batch_run\polars\sample_381_polar.txt,D:\BH\航空项目制\优化\yixingyouhua2(1)\yixingyouhua2\batch_run\airfoils\sample_381.dat,0.0015574793,-3.86697e-05,0.1594418573801151,0.2231339358013944,0.2467917626570738,0.253655394365703,0.3611936456102285,0.2364631860814562,-0.19160679228605,-0.1272493972573576,-0.0219206527148363,-0.0479943493624064,0.0112578749488927,-0.0838481798713477
sample_382,False,ok,2.0,0.7273,0.00551,-0.0989,131.99637023593465,0.11900403613549088,0.3306613226452906,D:\BH\航空项目制\优化\yixingyouhua2(1)\yixingyouhua2\batch_run\polars\sample_382_polar.txt,D:\BH\航空项目制\优化\yixingyouhua2(1)\yixingyouhua2\batch_run\airfoils\sample_382.dat,0.0015574793,-3.86697e-05,0.2235602316909939,0.2243367331251761,0.3452819787137806,0.2368960442944275,0.3232630275748516,0.2036669173379614,-0.1372437565191564,-0.0471727053240786,0.0162885883559613,-0.0501796254623848,-0.0238028144075147,-0.0477172727283978
sample_383,False,ok,2.0,0.6023,0.00545,-0.0693,110.51376146788989,0.11790655559981092,0.3006012024048096,D:\BH\航空项目制\优化\yixingyouhua2(1)\yixingyouhua2\batch_run\polars\sample_383_polar.txt,D:\BH\航空项目制\优化\yixingyouhua2(1)\yixingyouhua2\batch_run\airfoils\sample_383.dat,0.0015574793,-3.86697e-05,0.225422761970734,0.2464016446341339,0.2488516976158788,0.1552801294685643,0.3159984209402093,0.2206705288781249,-0.1295084291748078,-0.0440025606076622,-0.0690825776398255,-0.0984020092187287,-0.0231408094487493,-0.0733703270375018
sample_384,False,ok,2.0,0.7129,0.00486,-0.1075,146.6872427983539,0.12645132640009163,0.3607214428857715,D:\BH\航空项目制\优化\yixingyouhua2(1)\yixingyouhua2\batch_run\polars\sample_384_polar.txt,D:\BH\航空项目制\优化\yixingyouhua2(1)\yixingyouhua2\batch_run\airfoils\sample_384.dat,0.0015574793,-3.86697e-05,0.1653833371020694,0.2435058726607466,0.3406468031302282,0.1760381274004836,0.3426068792776859,0.2821137753962158,-0.1048735278065799,-0.0691493238924389,-0.0320733199379358,-0.1367189985280404,0.0467432195883944,-0.0610844391890524
sample_385,False,ok,2.0,0.6282,0.00554,-0.0797,113.39350180505416,0.12934949130950102,0.30260521042084165,D:\BH\航空项目制\优化\yixingyouhua2(1)\yixingyouhua2\batch_run\polars\sample_385_polar.txt,D:\BH\航空项目制\优化\yixingyouhua2(1)\yixingyouhua2\batch_run\airfoils\sample_385.dat,0.0015574793,-3.86697e-05,0.2057117836770597,0.2904972811475249,0.2443139713146755,0.14943958408834,0.3470223652045803,0.3182066284090242,-0.0892160277778659,-0.1069043637649325,-0.0701577823785858,-0.1106520475671306,-0.0394545317131435,-0.0812166194897593
sample_386,False,ok,2.0,0.8079,0.0056,-0.1191,144.26785714285714,0.1021582357197599,0.3006012024048096,D:\BH\航空项目制\优化\yixingyouhua2(1)\yixingyouhua2\batch_run\polars\sample_386_polar.txt,D:\BH\航空项目制\优化\yixingyouhua2(1)\yixingyouhua2\batch_run\airfoils\sample_386.dat,0.0015574793,-3.86697e-05,0.1968623390454851,0.2359869504085329,0.333946852096318,0.1768612679430267,0.2831114098322771,0.2937531229162924,-0.0987949766909491,-0.0174681898009172,0.0464037609253415,-0.0348807418465031,0.045840519077015,-0.0064176539102933
sample_387,False,ok,2.0,0.7441,0.00635,-0.109,117.18110236220473,0.11797115498737665,0.280561122244489,D:\BH\航空项目制\优化\yixingyouhua2(1)\yixingyouhua2\batch_run\polars\sample_387_polar.txt,D:\BH\航空项目制\优化\yixingyouhua2(1)\yixingyouhua2\batch_run\airfoils\sample_387.dat,0.0015574793,-3.86697e-05,0.2407060864877591,0.2224381195803653,0.2987593256008048,0.1757213038611217,0.2433980484725612,0.3108206581629518,-0.1843632636449376,0.0001346762519415,-0.0807367177742024,-0.05973118692925,0.0530164467948412,-5.5606428416052345e-05
sample_388,False,ok,2.0,0.6825,0.00678,-0.0795,100.6637168141593,0.10804236824911892,0.2064128256513026,D:\BH\航空项目制\优化\yixingyouhua2(1)\yixingyouhua2\batch_run\polars\sample_388_polar.txt,D:\BH\航空项目制\优化\yixingyouhua2(1)\yixingyouhua2\batch_run\airfoils\sample_388.dat,0.0015574793,-3.86697e-05,0.2781506818829795,0.2175220803698687,0.2742092689950128,0.1614939267632931,0.2813606797892341,0.27140691560287,-0.1200278725073771,-0.0551224059815873,0.0435497324088309,-0.0312285589001901,0.0189613898713291,-0.0932076382670998
sample_389,False,ok,2.0,0.7751,0.00557,-0.098,139.15619389587073,0.1254805382563405,0.2785571142284569,D:\BH\航空项目制\优化\yixingyouhua2(1)\yixingyouhua2\batch_run\polars\sample_389_polar.txt,D:\BH\航空项目制\优化\yixingyouhua2(1)\yixingyouhua2\batch_run\airfoils\sample_389.dat,0.0015574793,-3.86697e-05,0.2605912226334117,0.2807789916263605,0.3206057575683763,0.1514457414829158,0.2769080821264664,0.2970210124518462,-0.0814274366720145,-0.0575733771738066,-0.0463628620303108,-0.0348065114447451,0.0236938954414644,-0.0099617265202069
sample_390,False,ok,2.0,0.7117,0.00654,-0.0959,108.82262996941897,0.11213020019597704,0.25851703406813625,D:\BH\航空项目制\优化\yixingyouhua2(1)\yixingyouhua2\batch_run\polars\sample_390_polar.txt,D:\BH\航空项目制\优化\yixingyouhua2(1)\yixingyouhua2\batch_run\airfoils\sample_390.dat,0.0015574793,-3.86697e-05,0.249671845575959,0.2189712426313383,0.256248545138223,0.2529193383672991,0.302791187298042,0.2303427286828709,-0.1018119001949364,-0.1015185078581415,0.0377443550356918,-0.042409246725242,0.0363241188548973,-0.0624413650690263
sample_391,False,ok,2.0,0.6871,0.00594,-0.0899,115.67340067340068,0.10947234980325024,0.280561122244489,D:\BH\航空项目制\优化\yixingyouhua2(1)\yixingyouhua2\batch_run\polars\sample_391_polar.txt,D:\BH\航空项目制\优化\yixingyouhua2(1)\yixingyouhua2\batch_run\airfoils\sample_391.dat,0.0015574793,-3.86697e-05,0.1748725133566569,0.2883242613668502,0.2881763237789329,0.1716753468486178,0.2818211478498671,0.2215836212093175,-0.1460661007792798,-0.0026587771171368,0.012373103484647,-0.0822409181156866,0.0804899659361228,-0.0873467587797514
sample_392,False,ok,2.0,0.7832,0.00531,-0.1191,147.49529190207159,0.11377701019145793,0.3687374749498998,D:\BH\航空项目制\优化\yixingyouhua2(1)\yixingyouhua2\batch_run\polars\sample_392_polar.txt,D:\BH\航空项目制\优化\yixingyouhua2(1)\yixingyouhua2\batch_run\airfoils\sample_392.dat,0.0015574793,-3.86697e-05,0.1806979953024234,0.2869542376714363,0.2593475342266408,0.2122412892613622,0.3414128616248313,0.3143923005686944,-0.1057001822329294,-0.0080600729038819,-0.0078307105186245,-0.1258962850674286,0.0129878393661252,0.0064153921127723
sample_393,False,ok,2.0,0.7199,0.00588,-0.0861,122.43197278911565,0.11593281979585188,0.2885771543086172,D:\BH\航空项目制\优化\yixingyouhua2(1)\yixingyouhua2\batch_run\polars\sample_393_polar.txt,D:\BH\航空项目制\优化\yixingyouhua2(1)\yixingyouhua2\batch_run\airfoils\sample_393.dat,0.0015574793,-3.86697e-05,0.2493027329473208,0.2516425619760558,0.32454803789085,0.2069754824971911,0.2797263757033263,0.2260904147486822,-0.1157768000716139,-0.0372208237297177,0.0422076424661503,-0.1040958757230015,0.0459883728037907,-0.0713090253597736
sample_394,False,ok,2.0,0.6857,0.00622,-0.0939,110.2411575562701,0.10950953410402159,0.280561122244489,D:\BH\航空项目制\优化\yixingyouhua2(1)\yixingyouhua2\batch_run\polars\sample_394_polar.txt,D:\BH\航空项目制\优化\yixingyouhua2(1)\yixingyouhua2\batch_run\airfoils\sample_394.dat,0.0015574793,-3.86697e-05,0.1981511235965229,0.2560371313353773,0.2497182903678874,0.150839686280856,0.2411354909834601,0.3221867042197744,-0.1503111921685863,-0.0245125886113294,-0.008185407208622,-0.1225936126095756,-0.0372321973255073,0.0067719653172546
sample_395,False,ok,2.0,0.7179,0.00657,-0.1153,109.26940639269405,0.13131124513299972,0.2725450901803607,D:\BH\航空项目制\优化\yixingyouhua2(1)\yixingyouhua2\batch_run\polars\sample_395_polar.txt,D:\BH\航空项目制\优化\yixingyouhua2(1)\yixingyouhua2\batch_run\airfoils\sample_395.dat,0.0015574793,-3.86697e-05,0.2384285546729997,0.2154927607581451,0.2896014367876574,0.1848331685870478,0.3480044639844331,0.2797465914218711,-0.1974268294473554,-0.0981908251775144,-0.0568584159751871,-0.0944887330283124,0.0136994689034046,0.0043991138698031
sample_396,False,ok,2.0,0.713,0.00659,-0.0954,108.19423368740514,0.12526137108938418,0.23847695390781562,D:\BH\航空项目制\优化\yixingyouhua2(1)\yixingyouhua2\batch_run\polars\sample_396_polar.txt,D:\BH\航空项目制\优化\yixingyouhua2(1)\yixingyouhua2\batch_run\airfoils\sample_396.dat,0.0015574793,-3.86697e-05,0.2627295191541677,0.2584954080412454,0.2840146713286702,0.2173877865044341,0.2822480091004802,0.2749106125645665,-0.1936597654255612,-0.039506327810066,0.0081253699464393,-0.1257807097142362,0.047927128355055,-0.0602448127196119
sample_397,False,ok,2.0,0.7669,0.00494,-0.1159,155.2429149797571,0.13212634027748718,0.3386773547094188,D:\BH\航空项目制\优化\yixingyouhua2(1)\yixingyouhua2\batch_run\polars\sample_397_polar.txt,D:\BH\航空项目制\优化\yixingyouhua2(1)\yixingyouhua2\batch_run\airfoils\sample_397.dat,0.0015574793,-3.86697e-05,0.163916113941939,0.2816998100875587,0.3623487725304213,0.1818320093899983,0.3607382362137469,0.2721413518747527,-0.0855536753580579,-0.0931802931655255,-0.0144628040263123,-0.0898480988826065,-0.0188690635756309,-0.0084161980782314
sample_398,False,ok,2.0,0.7279,0.00586,-0.1089,124.21501706484642,0.12447859474675671,0.2945891783567134,D:\BH\航空项目制\优化\yixingyouhua2(1)\yixingyouhua2\batch_run\polars\sample_398_polar.txt,D:\BH\航空项目制\优化\yixingyouhua2(1)\yixingyouhua2\batch_run\airfoils\sample_398.dat,0.0015574793,-3.86697e-05,0.2348896747188207,0.1899380143220165,0.3644517658802091,0.1748965307587817,0.3344956367287979,0.202918954214028,-0.1795505108609691,-0.0855072789366312,0.0160869585867683,-0.1064831436996819,0.0062569816298487,0.0170146034642607
sample_399,False,ok,2.0,0.6971,0.00592,-0.1059,117.75337837837839,0.11945970629996733,0.2444889779559118,D:\BH\航空项目制\优化\yixingyouhua2(1)\yixingyouhua2\batch_run\polars\sample_399_polar.txt,D:\BH\航空项目制\优化\yixingyouhua2(1)\yixingyouhua2\batch_run\airfoils\sample_399.dat,0.0015574793,-3.86697e-05,0.2238836838084516,0.1852745302767039,0.3201983056624051,0.2042690907480582,0.2414941333369738,0.2621739737885095,-0.1841674361762726,-0.1133435701917307,0.0290035379146516,-0.0484530014988508,0.0215698687950338,-0.027243861674652
sample_400,False,ok,2.0,0.7348,0.00521,-0.0912,141.03646833013434,0.11948561614498097,0.3246492985971944,D:\BH\航空项目制\优化\yixingyouhua2(1)\yixingyouhua2\batch_run\polars\sample_400_polar.txt,D:\BH\航空项目制\优化\yixingyouhua2(1)\yixingyouhua2\batch_run\airfoils\sample_400.dat,0.0015574793,-3.86697e-05,0.2375158112453863,0.2274289688765538,0.3552796362417038,0.2450577750852647,0.2474771134153928,0.2078376368744916,-0.0943287287287076,-0.0616552360527928,0.0256910872746304,-0.0521459718162689,-0.0397488562675247,-0.0080912568196448
sample_401,False,ok,2.0,0.6886,0.00624,-0.1163,110.3525641025641,0.1196018302990272,0.280561122244489,D:\BH\航空项目制\优化\yixingyouhua2(1)\yixingyouhua2\batch_run\polars\sample_401_polar.txt,D:\BH\航空项目制\优化\yixingyouhua2(1)\yixingyouhua2\batch_run\airfoils\sample_401.dat,0.0015574793,-3.86697e-05,0.1926831428260134,0.1939302070034354,0.2999382043753245,0.1564458053723114,0.3493502661364617,0.3180971975605552,-0.1940901020665277,-0.0966177175648995,-0.0120304680318153,-0.1052812880628485,0.0379326562121525,-0.0532379137720108
sample_402,False,ok,2.0,0.7228,0.00628,-0.093,115.09554140127389,0.11196286265771822,0.2725450901803607,D:\BH\航空项目制\优化\yixingyouhua2(1)\yixingyouhua2\batch_run\polars\sample_402_polar.txt,D:\BH\航空项目制\优化\yixingyouhua2(1)\yixingyouhua2\batch_run\airfoils\sample_402.dat,0.0015574793,-3.86697e-05,0.2687703352335604,0.1905734437134921,0.3576251008909296,0.1568311872537365,0.2792870609602645,0.2812837174056308,-0.1505948728938303,-0.0118540500150737,-0.00728792118185,-0.0309815761723601,-0.0211867849855169,-0.0438799127970036
sample_403,False,ok,2.0,0.7535,0.00649,-0.0995,116.10169491525423,0.13964500144187028,0.25250501002004005,D:\BH\航空项目制\优化\yixingyouhua2(1)\yixingyouhua2\batch_run\polars\sample_403_polar.txt,D:\BH\航空项目制\优化\yixingyouhua2(1)\yixingyouhua2\batch_run\airfoils\sample_403.dat,0.0015574793,-3.86697e-05,0.2754520256681062,0.292800108678074,0.3550466898519098,0.1577500210940578,0.3350526892547187,0.2980616590061857,-0.1859594698099142,-0.0520454554297573,-0.0155184584422838,-0.107461919338087,0.0600487148925056,-0.079337197481329
sample_404,False,ok,2.0,0.7212,0.0059,-0.1111,122.23728813559322,0.10776418851708902,0.2665330661322645,D:\BH\航空项目制\优化\yixingyouhua2(1)\yixingyouhua2\batch_run\polars\sample_404_polar.txt,D:\BH\航空项目制\优化\yixingyouhua2(1)\yixingyouhua2\batch_run\airfoils\sample_404.dat,0.0015574793,-3.86697e-05,0.1904612830278813,0.2130140313444746,0.2728915391997052,0.1421723792765216,0.3249047061504779,0.2945502715858075,-0.0852251840799707,-0.1238166965100521,0.0112864537892992,-0.0168572333445589,0.0521788887028576,-0.0453490760067044
sample_405,False,ok,2.0,0.655,0.00496,-0.079,132.05645161290323,0.11120036148700674,0.30861723446893785,D:\BH\航空项目制\优化\yixingyouhua2(1)\yixingyouhua2\batch_run\polars\sample_405_polar.txt,D:\BH\航空项目制\优化\yixingyouhua2(1)\yixingyouhua2\batch_run\airfoils\sample_405.dat,0.0015574793,-3.86697e-05,0.2069224976184257,0.2443210932141017,0.287184717038849,0.1501825144867151,0.282357729204173,0.2219495750791529,-0.1042755412999182,-0.0316484729734566,-0.0340461240565852,-0.0679323937428976,-0.0133311759048105,-0.0418497182156482
sample_406,False,ok,2.0,0.6982,0.00588,-0.088,118.74149659863947,0.13259789121543403,0.280561122244489,D:\BH\航空项目制\优化\yixingyouhua2(1)\yixingyouhua2\batch_run\polars\sample_406_polar.txt,D:\BH\航空项目制\优化\yixingyouhua2(1)\yixingyouhua2\batch_run\airfoils\sample_406.dat,0.0015574793,-3.86697e-05,0.2585438688699382,0.2708314910795062,0.2775586719171444,0.1495720500856122,0.2863568215462176,0.3106104465334569,-0.0912067825149752,-0.1051667915498246,-0.0781576790575896,-0.0951461689677308,0.0529332769545225,-0.0540667565032318
sample_407,False,ok,2.0,0.7267,0.00605,-0.1053,120.11570247933885,0.10880904083819821,0.2725450901803607,D:\BH\航空项目制\优化\yixingyouhua2(1)\yixingyouhua2\batch_run\polars\sample_407_polar.txt,D:\BH\航空项目制\优化\yixingyouhua2(1)\yixingyouhua2\batch_run\airfoils\sample_407.dat,0.0015574793,-3.86697e-05,0.2321806938400868,0.1849709758384583,0.3511171894613573,0.1552245169682213,0.3497483152773212,0.2609014659747053,-0.1556082733797467,-0.0396576772110432,0.0221410297019502,-0.022169499235661,-0.003154724248914,-0.0616150560557844
sample_408,False,ok,2.0,0.6952,0.00636,-0.1012,109.30817610062893,0.11018507102506839,0.22444889779559116,D:\BH\航空项目制\优化\yixingyouhua2(1)\yixingyouhua2\batch_run\polars\sample_408_polar.txt,D:\BH\航空项目制\优化\yixingyouhua2(1)\yixingyouhua2\batch_run\airfoils\sample_408.dat,0.0015574793,-3.86697e-05,0.1905664829950716,0.2776816903154446,0.2460260786267715,0.1396123300063898,0.3459200809877973,0.2435404613795745,-0.1825475253812393,-0.0303771554311359,0.0299156907878051,-0.0873143953128856,0.0649575339082465,-0.061887242036389
sample_409,False,ok,2.0,0.7146,0.00644,-0.0906,110.96273291925465,0.12040352774131845,0.30861723446893785,D:\BH\航空项目制\优化\yixingyouhua2(1)\yixingyouhua2\batch_run\polars\sample_409_polar.txt,D:\BH\航空项目制\优化\yixingyouhua2(1)\yixingyouhua2\batch_run\airfoils\sample_409.dat,0.0015574793,-3.86697e-05,0.274515193834313,0.2127977442473111,0.335138501726915,0.179903892377273,0.3339509814932163,0.3003687673077277,-0.1152902801602742,-0.0753223031826895,0.04176579219849,-0.1351806941529394,-0.0301320443359826,-0.0556161098249057
sample_410,False,ok,2.0,0.6693,0.00552,-0.0918,121.25,0.11847919433402855,0.2945891783567134,D:\BH\航空项目制\优化\yixingyouhua2(1)\yixingyouhua2\batch_run\polars\sample_410_polar.txt,D:\BH\航空项目制\优化\yixingyouhua2(1)\yixingyouhua2\batch_run\airfoils\sample_410.dat,0.0015574793,-3.86697e-05,0.2152818542618798,0.2273828482662575,0.2778317466217786,0.1428388805957993,0.3324873059460871,0.2355722016205251,-0.1154761015607184,-0.0829434681957845,-0.0545242250067072,-0.064382326735405,-0.0097689280409898,-0.024354250131513
sample_411,False,ok,2.0,0.6454,0.00592,-0.0711,109.02027027027027,0.12421297679092175,0.2665330661322645,D:\BH\航空项目制\优化\yixingyouhua2(1)\yixingyouhua2\batch_run\polars\sample_411_polar.txt,D:\BH\航空项目制\优化\yixingyouhua2(1)\yixingyouhua2\batch_run\airfoils\sample_411.dat,0.0015574793,-3.86697e-05,0.2542205651638815,0.2463676812232896,0.3166449639534571,0.183796319373808,0.247026433548481,0.2364041860454101,-0.1420734197114404,-0.0621148732216877,-0.0168214376654402,-0.0645226199755396,-0.0007414954318037,-0.0979534782738094
sample_412,False,ok,2.0,0.6942,0.00568,-0.1045,122.21830985915493,0.1186169810319161,0.2945891783567134,D:\BH\航空项目制\优化\yixingyouhua2(1)\yixingyouhua2\batch_run\polars\sample_412_polar.txt,D:\BH\航空项目制\优化\yixingyouhua2(1)\yixingyouhua2\batch_run\airfoils\sample_412.dat,0.0015574793,-3.86697e-05,0.2027060812445799,0.2103932178321642,0.3271875075607898,0.228925909609111,0.3161960175948791,0.2567376587917803,-0.1837094345934169,-0.0807224579295292,0.0485129503017519,-0.0931023970851366,0.0038659213069952,-0.0869774944433534
sample_413,False,ok,2.0,0.7617,0.0055,-0.1036,138.4909090909091,0.1132781027356893,0.30861723446893785,D:\BH\航空项目制\优化\yixingyouhua2(1)\yixingyouhua2\batch_run\polars\sample_413_polar.txt,D:\BH\航空项目制\优化\yixingyouhua2(1)\yixingyouhua2\batch_run\airfoils\sample_413.dat,0.0015574793,-3.86697e-05,0.2349682729232402,0.2120789051089368,0.3589106143156569,0.18111803234604,0.3639240618416025,0.2090738718920734,-0.0801077669664274,-0.0721904678125096,0.0348733878098224,-0.0301760954905123,0.0045044317767833,-0.0357794092803118
sample_414,False,ok,2.0,0.6485,0.00548,-0.0949,118.33941605839416,0.11527865899438083,0.2725450901803607,D:\BH\航空项目制\优化\yixingyouhua2(1)\yixingyouhua2\batch_run\polars\sample_414_polar.txt,D:\BH\航空项目制\优化\yixingyouhua2(1)\yixingyouhua2\batch_run\airfoils\sample_414.dat,0.0015574793,-3.86697e-05,0.1778265849962247,0.2100472378919632,0.3103975850912308,0.1502706311860311,0.2556337884563831,0.2453466504479149,-0.1628101743966831,-0.0801206303853668,-0.0328130836894826,-0.0298319073731896,0.0377720677020961,-0.0649931450480669
sample_415,False,ok,2.0,0.6694,0.00469,-0.0914,142.72921108742005,0.10795866416511403,0.34669338677354705,D:\BH\航空项目制\优化\yixingyouhua2(1)\yixingyouhua2\batch_run\polars\sample_415_polar.txt,D:\BH\航空项目制\优化\yixingyouhua2(1)\yixingyouhua2\batch_run\airfoils\sample_415.dat,0.0015574793,-3.86697e-05,0.162731636496395,0.2045544564578881,0.348507886550893,0.1559597639591129,0.3248667363978812,0.2016047935205604,-0.0838651444792478,-0.069475214476081,0.0403136978328664,-0.0977958242661844,0.0384271436032719,-0.0776981104078057
sample_416,False,ok,2.0,0.6804,0.00628,-0.0834,108.34394904458598,0.10372656539467807,0.2605210420841683,D:\BH\航空项目制\优化\yixingyouhua2(1)\yixingyouhua2\batch_run\polars\sample_416_polar.txt,D:\BH\航空项目制\优化\yixingyouhua2(1)\yixingyouhua2\batch_run\airfoils\sample_416.dat,0.0015574793,-3.86697e-05,0.2679554124496716,0.1971355556860533,0.2683685991767927,0.1556053126928498,0.3169809225684185,0.3018382602010827,-0.0797095591638789,-0.0611359460197341,0.0166143255998881,-0.0650267086207407,0.0016635772390436,-0.0728396585778146
sample_417,False,ok,2.0,0.7215,0.00586,-0.0985,123.12286689419797,0.13340912344870343,0.2665330661322645,D:\BH\航空项目制\优化\yixingyouhua2(1)\yixingyouhua2\batch_run\polars\sample_417_polar.txt,D:\BH\航空项目制\优化\yixingyouhua2(1)\yixingyouhua2\batch_run\airfoils\sample_417.dat,0.0015574793,-3.86697e-05,0.2431866766166602,0.2697508321445692,0.3023172533588211,0.1417331928445939,0.3522662862304507,0.2169796037416213,-0.1196386329452424,-0.1119594966043797,-0.0545648995959952,-0.0686285604007152,0.073791045334907,-0.0304000051323957
sample_418,False,ok,2.0,0.776,0.00586,-0.124,132.4232081911263,0.11346038820750844,0.3306613226452906,D:\BH\航空项目制\优化\yixingyouhua2(1)\yixingyouhua2\batch_run\polars\sample_418_polar.txt,D:\BH\航空项目制\优化\yixingyouhua2(1)\yixingyouhua2\batch_run\airfoils\sample_418.dat,0.0015574793,-3.86697e-05,0.2023372022821037,0.2127168657608072,0.3265684479125473,0.2141494990809169,0.3158200502508974,0.2630921905905339,-0.1892217186139219,-0.0002389308330846,-0.0169503716934582,-0.0649073798204054,0.0339737695738168,0.0012225271835514
sample_419,False,polar_parse_failed,,,,,,,,,,,,,,,,,,,,,,,
sample_420,False,ok,2.0,0.7047,0.00523,-0.1074,134.7418738049713,0.12912186840975493,0.3246492985971944,D:\BH\航空项目制\优化\yixingyouhua2(1)\yixingyouhua2\batch_run\polars\sample_420_polar.txt,D:\BH\航空项目制\优化\yixingyouhua2(1)\yixingyouhua2\batch_run\airfoils\sample_420.dat,0.0015574793,-3.86697e-05,0.212169696416421,0.1966327505741146,0.3171015504426099,0.2163854243750543,0.2762701899161193,0.2756482877536378,-0.1266813222727889,-0.1150433515065672,-0.0628569566726496,-0.0891275816335515,0.0293208487010948,-0.0215250224900088
sample_421,False,ok,2.0,0.6537,0.00612,-0.0787,106.81372549019608,0.13641835347625986,0.2725450901803607,D:\BH\航空项目制\优化\yixingyouhua2(1)\yixingyouhua2\batch_run\polars\sample_421_polar.txt,D:\BH\航空项目制\优化\yixingyouhua2(1)\yixingyouhua2\batch_run\airfoils\sample_421.dat,0.0015574793,-3.86697e-05,0.2523268056106945,0.2917818988389227,0.2569281231651172,0.2447647442842566,0.2577929119947034,0.250387199399108,-0.1590612598691407,-0.0897914983516718,-0.0341931168714145,-0.1363427278675239,0.0565046279669488,-0.1006221096747479
sample_422,False,ok,2.0,0.7003,0.00583,-0.0977,120.12006861063465,0.10723509717837326,0.3006012024048096,D:\BH\航空项目制\优化\yixingyouhua2(1)\yixingyouhua2\batch_run\polars\sample_422_polar.txt,D:\BH\航空项目制\优化\yixingyouhua2(1)\yixingyouhua2\batch_run\airfoils\sample_422.dat,0.0015574793,-3.86697e-05,0.2016859277808801,0.2381378719046865,0.2476980722608185,0.2298687605871676,0.3504132766085279,0.2116861350697399,-0.1090002521898682,-0.0677976521188321,0.0271660597073079,-0.04657174332772,-0.0295620044424827,-0.045218122560261
sample_423,False,ok,2.0,0.6887,0.00448,-0.0953,153.72767857142858,0.1185121933632091,0.3687374749498998,D:\BH\航空项目制\优化\yixingyouhua2(1)\yixingyouhua2\batch_run\polars\sample_423_polar.txt,D:\BH\航空项目制\优化\yixingyouhua2(1)\yixingyouhua2\batch_run\airfoils\sample_423.dat,0.0015574793,-3.86697e-05,0.1733144368188662,0.243303840614289,0.2797814868205324,0.2489282510247988,0.249036938667777,0.2149834946452465,-0.1137401979911523,-0.0150426259802299,-0.0668052317424368,-0.1062282702528893,0.0417921994523122,-0.024858251290974
sample_424,False,ok,2.0,0.7248,0.0054,-0.1036,134.22222222222223,0.141147694014566,0.31462925851703405,D:\BH\航空项目制\优化\yixingyouhua2(1)\yixingyouhua2\batch_run\polars\sample_424_polar.txt,D:\BH\航空项目制\优化\yixingyouhua2(1)\yixingyouhua2\batch_run\airfoils\sample_424.dat,0.0015574793,-3.86697e-05,0.2049853787323768,0.3024420056492443,0.306931863399832,0.2152703997377121,0.3331124266142074,0.2636833862200123,-0.1364574707553759,-0.0881639802271817,-0.0733468598542614,-0.0901869522721587,-0.0205904336330984,-0.0221883105023567
sample_425,False,ok,2.0,0.7158,0.00561,-0.0903,127.59358288770052,0.12220877058296502,0.3987975951903807,D:\BH\航空项目制\优化\yixingyouhua2(1)\yixingyouhua2\batch_run\polars\sample_425_polar.txt,D:\BH\航空项目制\优化\yixingyouhua2(1)\yixingyouhua2\batch_run\airfoils\sample_425.dat,0.0015574793,-3.86697e-05,0.2747997654387965,0.1841297892376828,0.3359598033436937,0.2580801317658442,0.3566710954993423,0.2162955257204843,-0.0706409080083625,-0.0606476632588931,-0.003645739639318,-0.0907268733936266,-0.0290009134260869,-0.0479669215086182
sample_426,False,ok,2.0,0.6862,0.00662,-0.0807,103.65558912386707,0.11901709981158066,0.2124248496993988,D:\BH\航空项目制\优化\yixingyouhua2(1)\yixingyouhua2\batch_run\polars\sample_426_polar.txt,D:\BH\航空项目制\优化\yixingyouhua2(1)\yixingyouhua2\batch_run\airfoils\sample_426.dat,0.0015574793,-3.86697e-05,0.2603588544685192,0.2858761018068362,0.2580802206452102,0.2542793183849078,0.250982672701117,0.275048056550189,-0.1880022978655092,-0.0114844771129877,0.0458564742927756,-0.0884902857056447,-0.0299840452726592,-0.0911052829892281
sample_427,False,ok,2.0,0.7187,0.00514,-0.0989,139.82490272373542,0.12623311492495567,0.3166332665330661,D:\BH\航空项目制\优化\yixingyouhua2(1)\yixingyouhua2\batch_run\polars\sample_427_polar.txt,D:\BH\航空项目制\优化\yixingyouhua2(1)\yixingyouhua2\batch_run\airfoils\sample_427.dat,0.0015574793,-3.86697e-05,0.2222957113867909,0.2397138392149043,0.3086854156800545,0.2441989460583724,0.2669487528136182,0.2704273225290892,-0.1076526838081626,-0.0680100428401555,-0.067253287905087,-0.0432043655994556,0.0463467636486312,-0.0729869358383909
sample_428,False,ok,2.0,0.7781,0.00532,-0.1244,146.2593984962406,0.11681484071164575,0.3386773547094188,D:\BH\航空项目制\优化\yixingyouhua2(1)\yixingyouhua2\batch_run\polars\sample_428_polar.txt,D:\BH\航空项目制\优化\yixingyouhua2(1)\yixingyouhua2\batch_run\airfoils\sample_428.dat,0.0015574793,-3.86697e-05,0.1970064491785529,0.225404668667798,0.3134241082468965,0.1618407024265846,0.3506414330932326,0.307502466400856,-0.1289939927310171,-0.0317546927344284,-0.0403516836930821,-0.1079591785287972,0.0505550495147435,0.008137766861372
sample_429,False,ok,2.0,0.7351,0.0064,-0.0981,114.85937499999999,0.12516020225681215,0.22645290581162322,D:\BH\航空项目制\优化\yixingyouhua2(1)\yixingyouhua2\batch_run\polars\sample_429_polar.txt,D:\BH\航空项目制\优化\yixingyouhua2(1)\yixingyouhua2\batch_run\airfoils\sample_429.dat,0.0015574793,-3.86697e-05,0.257369536021318,0.2730715065810982,0.298709156118046,0.2029528598226072,0.329173685018347,0.2381183136526718,-0.1692090006980238,-0.0599000602017706,0.0142386378854366,-0.0121368018490966,0.009993195028442,-0.0658741190344787
sample_430,False,ok,2.0,0.6817,0.00497,-0.1011,137.16297786720324,0.12557201978143012,0.3306613226452906,D:\BH\航空项目制\优化\yixingyouhua2(1)\yixingyouhua2\batch_run\polars\sample_430_polar.txt,D:\BH\航空项目制\优化\yixingyouhua2(1)\yixingyouhua2\batch_run\airfoils\sample_430.dat,0.0015574793,-3.86697e-05,0.1988834982633116,0.1995576403817594,0.3202517991030641,0.2177516098084612,0.272246472368112,0.2321682679104796,-0.1341734628174206,-0.0987331662107,-0.0411408051834248,-0.1155955326515265,0.0836980533698702,-0.0519917166725383
sample_431,False,ok,2.0,0.6931,0.00485,-0.1038,142.90721649484536,0.1355850517858919,0.3607214428857715,D:\BH\航空项目制\优化\yixingyouhua2(1)\yixingyouhua2\batch_run\polars\sample_431_polar.txt,D:\BH\航空项目制\优化\yixingyouhua2(1)\yixingyouhua2\batch_run\airfoils\sample_431.dat,0.0015574793,-3.86697e-05,0.1655084326639994,0.2350335378298684,0.3599913067134074,0.2511765906896888,0.3353246465990539,0.2455568674642141,-0.1119264422534254,-0.113617521090437,-0.0241367530011189,-0.0971998637608556,0.0130420824581011,-0.1040197891751558
sample_432,False,ok,2.0,0.7593,0.00521,-0.0922,145.73896353166987,0.1289820515662165,0.3306613226452906,D:\BH\航空项目制\优化\yixingyouhua2(1)\yixingyouhua2\batch_run\polars\sample_432_polar.txt,D:\BH\航空项目制\优化\yixingyouhua2(1)\yixingyouhua2\batch_run\airfoils\sample_432.dat,0.0015574793,-3.86697e-05,0.258948445114712,0.2813042357247022,0.3330337493844553,0.1697416971362031,0.3598908967672317,0.2128600654897451,-0.0762317215594788,-0.0443519639142825,-0.0236630106210551,-0.1250244657454241,-0.0190494379998593,0.013496032766618
sample_433,False,ok,2.0,0.6457,0.00544,-0.1051,118.69485294117648,0.1203803144041323,0.35270541082164325,D:\BH\航空项目制\优化\yixingyouhua2(1)\yixingyouhua2\batch_run\polars\sample_433_polar.txt,D:\BH\航空项目制\优化\yixingyouhua2(1)\yixingyouhua2\batch_run\airfoils\sample_433.dat,0.0015574793,-3.86697e-05,0.1810162981057285,0.1780132285626624,0.2754135666543986,0.1792332588226511,0.2967366537835266,0.2984374875700983,-0.1696674194513671,-0.0764319162735225,-0.0793432687668033,-0.1304229336820702,0.0031478759102255,-0.0198099958055123
sample_434,False,ok,2.0,0.6532,0.00521,-0.094,125.37428023032629,0.12716429722940784,0.3246492985971944,D:\BH\航空项目制\优化\yixingyouhua2(1)\yixingyouhua2\batch_run\polars\sample_434_polar.txt,D:\BH\航空项目制\优化\yixingyouhua2(1)\yixingyouhua2\batch_run\airfoils\sample_434.dat,0.0015574793,-3.86697e-05,0.2015226054933889,0.2112517729128546,0.325096909833315,0.1449988508950317,0.3313719135966139,0.2699588496499693,-0.128809443292718,-0.0998993053431725,-0.0504874041151533,-0.1364328156418143,0.0502796589728359,-0.0782194866604759
sample_435,False,ok,2.0,0.7327,0.00505,-0.1027,145.0891089108911,0.13298923349135086,0.3306613226452906,D:\BH\航空项目制\优化\yixingyouhua2(1)\yixingyouhua2\batch_run\polars\sample_435_polar.txt,D:\BH\航空项目制\优化\yixingyouhua2(1)\yixingyouhua2\batch_run\airfoils\sample_435.dat,0.0015574793,-3.86697e-05,0.2430680133504327,0.182415287673483,0.3717497603347204,0.2539646579755309,0.263450779866145,0.2564614845605769,-0.0757897677482181,-0.125378400065016,-0.0641118365165999,-0.0360743883967757,0.0636921266072645,-0.071996195034033
sample_436,False,ok,2.0,0.7895,0.00608,-0.1015,129.85197368421052,0.11870226336040308,0.2785571142284569,D:\BH\航空项目制\优化\yixingyouhua2(1)\yixingyouhua2\batch_run\polars\sample_436_polar.txt,D:\BH\航空项目制\优化\yixingyouhua2(1)\yixingyouhua2\batch_run\airfoils\sample_436.dat,0.0015574793,-3.86697e-05,0.2665521312380653,0.2601996886636789,0.3326069703789981,0.2089103126186044,0.347819235478049,0.2020754388616893,-0.1140732850147114,-0.0328665622488167,0.0216172822150468,-0.0244782173286957,-0.0404385148651127,0.0094884320096209
sample_437,False,ok,2.0,0.6698,0.00572,-0.0946,117.09790209790208,0.11620891379544396,0.3386773547094188,D:\BH\航空项目制\优化\yixingyouhua2(1)\yixingyouhua2\batch_run\polars\sample_437_polar.txt,D:\BH\航空项目制\优化\yixingyouhua2(1)\yixingyouhua2\batch_run\airfoils\sample_437.dat,0.0015574793,-3.86697e-05,0.2146991548188843,0.2254598610170365,0.2438071149554075,0.1772315667586389,0.3622315878504866,0.267971103609401,-0.1067326163638567,-0.051028461791474,-0.0808180146589404,-0.0941631903694287,0.015070991606976,-0.052508209177422
sample_438,False,ok,2.0,0.6445,0.00526,-0.0994,122.52851711026615,0.1072891012588746,0.3226452905811623,D:\BH\航空项目制\优化\yixingyouhua2(1)\yixingyouhua2\batch_run\polars\sample_438_polar.txt,D:\BH\航空项目制\优化\yixingyouhua2(1)\yixingyouhua2\batch_run\airfoils\sample_438.dat,0.0015574793,-3.86697e-05,0.155934404023588,0.1996116978226922,0.2451247162100866,0.2098551070979386,0.3344186252825892,0.2345425412265488,-0.1151428964058355,-0.0850448953959582,-0.0465083638633029,-0.0169874562607933,0.0142523570518529,-0.0925148007748511
sample_439,False,ok,2.0,0.6396,0.00559,-0.0816,114.41860465116278,0.11076516765164388,0.2725450901803607,D:\BH\航空项目制\优化\yixingyouhua2(1)\yixingyouhua2\batch_run\polars\sample_439_polar.txt,D:\BH\航空项目制\优化\yixingyouhua2(1)\yixingyouhua2\batch_run\airfoils\sample_439.dat,0.0015574793,-3.86697e-05,0.2138154890550798,0.2303983114856889,0.2439185549668786,0.1647890866628106,0.2518644774233351,0.2763363973744719,-0.1165881115823238,-0.0722896007864039,-0.0209512605776202,-0.0788020840263451,-0.0159575763464675,-0.0462342842486083
sample_440,False,ok,2.0,0.6638,0.00605,-0.1041,109.7190082644628,0.10421968861487899,0.23046092184368736,D:\BH\航空项目制\优化\yixingyouhua2(1)\yixingyouhua2\batch_run\polars\sample_440_polar.txt,D:\BH\航空项目制\优化\yixingyouhua2(1)\yixingyouhua2\batch_run\airfoils\sample_440.dat,0.0015574793,-3.86697e-05,0.1843215337625586,0.1965057954705041,0.2472526472051936,0.2070233790432016,0.2489026933378514,0.2877525951277275,-0.1872411192023879,-0.0617917373081988,0.0130039706197333,-0.0353534792801508,0.068122098537343,-0.0891222841390204
sample_441,False,ok,2.0,0.6217,0.00485,-0.0652,128.18556701030928,0.14025894847815928,0.3306613226452906,D:\BH\航空项目制\优化\yixingyouhua2(1)\yixingyouhua2\batch_run\polars\sample_441_polar.txt,D:\BH\航空项目制\优化\yixingyouhua2(1)\yixingyouhua2\batch_run\airfoils\sample_441.dat,0.0015574793,-3.86697e-05,0.2314646786557031,0.2488687325120602,0.3635567293519238,0.1727464407453835,0.2759102372969249,0.2143240385267506,-0.0698427200324849,-0.1174142615346993,-0.0682659447121173,-0.1163771723653821,-0.0087646087696128,-0.0916977543389684
sample_442,False,ok,2.0,0.6729,0.00585,-0.087,115.02564102564104,0.11533647103528279,0.3667334669338677,D:\BH\航空项目制\优化\yixingyouhua2(1)\yixingyouhua2\batch_run\polars\sample_442_polar.txt,D:\BH\航空项目制\优化\yixingyouhua2(1)\yixingyouhua2\batch_run\airfoils\sample_442.dat,0.0015574793,-3.86697e-05,0.2362395724424347,0.1835770555720055,0.3478027885072255,0.2150219972255393,0.2839882921690966,0.2449061811275881,-0.1591507552339289,-0.0193541984413573,0.0074593249764872,-0.108230931133822,-0.0082787433363179,-0.0857946353135822
sample_443,False,ok,2.0,0.7493,0.00594,-0.1193,126.14478114478113,0.12359634744712727,0.25851703406813625,D:\BH\航空项目制\优化\yixingyouhua2(1)\yixingyouhua2\batch_run\polars\sample_443_polar.txt,D:\BH\航空项目制\优化\yixingyouhua2(1)\yixingyouhua2\batch_run\airfoils\sample_443.dat,0.0015574793,-3.86697e-05,0.2213199410771716,0.217293503440119,0.2855556430573149,0.2275270390560048,0.257451605680786,0.2917026835303217,-0.160378226007814,-0.1162612557871758,-0.0173093965355318,-0.0324864179173435,0.0573609375744736,-0.0084932217752145
sample_444,False,ok,2.0,0.789,0.00632,-0.1056,124.84177215189874,0.1306731110769584,0.2945891783567134,D:\BH\航空项目制\优化\yixingyouhua2(1)\yixingyouhua2\batch_run\polars\sample_444_polar.txt,D:\BH\航空项目制\优化\yixingyouhua2(1)\yixingyouhua2\batch_run\airfoils\sample_444.dat,0.0015574793,-3.86697e-05,0.2617908672905574,0.3014220749831927,0.287253599883474,0.2241441275619436,0.3020933847029921,0.2326521407879991,-0.1540028881623562,6.359005599546053e-05,-0.0718919169471717,-0.1005637937851701,0.0628853095125365,0.0191079300230977
sample_445,False,ok,2.0,0.7884,0.0055,-0.1337,143.34545454545454,0.13314756627785806,0.3006012024048096,D:\BH\航空项目制\优化\yixingyouhua2(1)\yixingyouhua2\batch_run\polars\sample_445_polar.txt,D:\BH\航空项目制\优化\yixingyouhua2(1)\yixingyouhua2\batch_run\airfoils\sample_445.dat,0.0015574793,-3.86697e-05,0.1739630634081876,0.2512051667744899,0.3558624904739149,0.1897015440146478,0.322446161134596,0.2879864983819333,-0.1729390335361426,-0.0835467289606596,-0.0605862321604593,-0.0433221473212175,0.0730922895247858,-0.0054495812937362
sample_446,False,ok,2.0,0.7413,0.00531,-0.1087,139.6045197740113,0.12379200551666857,0.30861723446893785,D:\BH\航空项目制\优化\yixingyouhua2(1)\yixingyouhua2\batch_run\polars\sample_446_polar.txt,D:\BH\航空项目制\优化\yixingyouhua2(1)\yixingyouhua2\batch_run\airfoils\sample_446.dat,0.0015574793,-3.86697e-05,0.1898315640771259,0.2553046272476139,0.3172002386994303,0.2136354227563067,0.3099617094013701,0.2651144205672744,-0.1032040521569407,-0.0918644005850276,-0.0276503954831833,-0.016502101017482,-0.0287483053917374,-0.0256841703616484
sample_447,False,ok,2.0,0.7874,0.00602,-0.1013,130.79734219269102,0.11616930626349892,0.2665330661322645,D:\BH\航空项目制\优化\yixingyouhua2(1)\yixingyouhua2\batch_run\polars\sample_447_polar.txt,D:\BH\航空项目制\优化\yixingyouhua2(1)\yixingyouhua2\batch_run\airfoils\sample_447.dat,0.0015574793,-3.86697e-05,0.238250664451956,0.2985852148599701,0.2846971523326587,0.2277321133817982,0.2462359247571058,0.2777376586510499,-0.1036928802782284,-0.0317238301662269,0.023051474203881,-0.0371178030559553,-0.0240881494544613,0.0120897538890909
sample_448,False,ok,2.0,0.7847,0.00588,-0.1134,133.45238095238093,0.1242893692177012,0.2945891783567134,D:\BH\航空项目制\优化\yixingyouhua2(1)\yixingyouhua2\batch_run\polars\sample_448_polar.txt,D:\BH\航空项目制\优化\yixingyouhua2(1)\yixingyouhua2\batch_run\airfoils\sample_448.dat,0.0015574793,-3.86697e-05,0.2665710134938309,0.2163991378544462,0.3434117829161649,0.1825912813880044,0.2938824338309661,0.311806409601494,-0.1431939526016397,-0.0335592522846753,-0.0687619456643251,-0.0356028757796216,0.0442478216029042,-0.0125046517429707
sample_449,False,ok,2.0,0.6873,0.00623,-0.0852,110.32102728731942,0.12291392271352522,0.2725450901803607,D:\BH\航空项目制\优化\yixingyouhua2(1)\yixingyouhua2\batch_run\polars\sample_449_polar.txt,D:\BH\航空项目制\优化\yixingyouhua2(1)\yixingyouhua2\batch_run\airfoils\sample_449.dat,0.0015574793,-3.86697e-05,0.2824855155955226,0.1827057597988274,0.366483442037849,0.2225407166845015,0.301561889888246,0.2302200554774801,-0.1378759191687723,-0.1016958852983734,0.0428467145044051,-0.0493986289906903,-0.005103279910875,-0.1057154292825471
sample_450,False,ok,2.0,0.726,0.00567,-0.1002,128.04232804232805,0.10450640426179814,0.280561122244489,D:\BH\航空项目制\优化\yixingyouhua2(1)\yixingyouhua2\batch_run\polars\sample_450_polar.txt,D:\BH\航空项目制\优化\yixingyouhua2(1)\yixingyouhua2\batch_run\airfoils\sample_450.dat,0.0015574793,-3.86697e-05,0.2183348573214635,0.1966410142328421,0.3078668339209759,0.1554123012531552,0.3216894212474074,0.1993002483534608,-0.0839389470310529,-0.0848151858407969,0.0310536177270407,-0.0180726668835106,-0.0263887725451938,0.0209175642482303
sample_451,False,ok,2.0,0.6774,0.00616,-0.0871,109.96753246753248,0.11653877637465752,0.24649298597194386,D:\BH\航空项目制\优化\yixingyouhua2(1)\yixingyouhua2\batch_run\polars\sample_451_polar.txt,D:\BH\航空项目制\优化\yixingyouhua2(1)\yixingyouhua2\batch_run\airfoils\sample_451.dat,0.0015574793,-3.86697e-05,0.2307085792171106,0.2531241922768291,0.2559688986397223,0.1767531999557114,0.3011863082428471,0.2431305596281041,-0.1231054268165915,-0.0873936727700534,-0.0023056238171007,-0.0246153431196055,-0.0384856895570385,-0.0408527042247276
sample_452,False,ok,2.0,0.6873,0.00717,-0.0955,95.85774058577405,0.12411745587378634,0.2444889779559118,D:\BH\航空项目制\优化\yixingyouhua2(1)\yixingyouhua2\batch_run\polars\sample_452_polar.txt,D:\BH\航空项目制\优化\yixingyouhua2(1)\yixingyouhua2\batch_run\airfoils\sample_452.dat,0.0015574793,-3.86697e-05,0.2759789660514101,0.1999119398452903,0.2992724965914989,0.1853052927641121,0.3444781693048895,0.2652105749903235,-0.1700608286319062,-0.0921768052712926,0.000627324464967,-0.091320190591269,-0.0075905651486022,-0.0448594244909051
sample_453,False,ok,2.0,0.7497,0.00552,-0.1142,135.81521739130437,0.11577230373170755,0.2945891783567134,D:\BH\航空项目制\优化\yixingyouhua2(1)\yixingyouhua2\batch_run\polars\sample_453_polar.txt,D:\BH\航空项目制\优化\yixingyouhua2(1)\yixingyouhua2\batch_run\airfoils\sample_453.dat,0.0015574793,-3.86697e-05,0.1783401890888842,0.2550789775801158,0.3035864737638071,0.2138750595734239,0.3264604673544328,0.2944483499522523,-0.103605656778516,-0.0927045625521365,0.0282503105331,-0.0472014407611797,0.0578474283587661,-0.0868135234947269
sample_454,False,ok,2.0,0.6952,0.00683,-0.086,101.78623718887262,0.10734073262116664,0.18637274549098196,D:\BH\航空项目制\优化\yixingyouhua2(1)\yixingyouhua2\batch_run\polars\sample_454_polar.txt,D:\BH\航空项目制\优化\yixingyouhua2(1)\yixingyouhua2\batch_run\airfoils\sample_454.dat,0.0015574793,-3.86697e-05,0.2700424044904213,0.2194106003178977,0.2671003878738412,0.1540457526973387,0.2699363524363378,0.2484100740704158,-0.1639656441584009,-0.0117835358163897,0.0197307606931282,-0.0304612201011527,-0.0048208028907124,-0.029029406845937
sample_455,False,ok,2.0,0.7251,0.00684,-0.1071,106.00877192982456,0.11574038320558978,0.22444889779559116,D:\BH\航空项目制\优化\yixingyouhua2(1)\yixingyouhua2\batch_run\polars\sample_455_polar.txt,D:\BH\航空项目制\优化\yixingyouhua2(1)\yixingyouhua2\batch_run\airfoils\sample_455.dat,0.0015574793,-3.86697e-05,0.2456277621191173,0.2235496779974259,0.2563483563313683,0.1980361132765599,0.3108760961563938,0.3079186421267568,-0.1540954335080307,-0.0913254779600829,0.0288985586797269,-0.0560604221228128,-0.0065857933014046,-0.0222444028901855
sample_456,False,ok,2.0,0.7878,0.00468,-0.1098,168.33333333333331,0.11751981176926135,0.406813627254509,D:\BH\航空项目制\优化\yixingyouhua2(1)\yixingyouhua2\batch_run\polars\sample_456_polar.txt,D:\BH\航空项目制\优化\yixingyouhua2(1)\yixingyouhua2\batch_run\airfoils\sample_456.dat,0.0015574793,-3.86697e-05,0.2260282760123236,0.2442920364434468,0.3343396578211407,0.2326884382245242,0.356522762473122,0.3159235900044825,-0.0711436895590828,-0.0201384307637667,0.0345890803439026,-0.1238728142092173,0.0081093504942852,-0.0577776839344574
sample_457,False,ok,2.0,0.6821,0.00558,-0.0969,122.24014336917564,0.12343178588357183,0.3166332665330661,D:\BH\航空项目制\优化\yixingyouhua2(1)\yixingyouhua2\batch_run\polars\sample_457_polar.txt,D:\BH\航空项目制\优化\yixingyouhua2(1)\yixingyouhua2\batch_run\airfoils\sample_457.dat,0.0015574793,-3.86697e-05,0.1637791483257853,0.2447169600029346,0.3656630124631511,0.2042281147432206,0.238209381641145,0.2562413543637634,-0.1623843583322496,-0.0653660781475006,0.0117517597268987,-0.0749844672497025,-0.0057328584815419,-0.0633506302185428
sample_458,False,ok,2.0,0.6691,0.00488,-0.0817,137.11065573770492,0.11039169604865724,0.3166332665330661,D:\BH\航空项目制\优化\yixingyouhua2(1)\yixingyouhua2\batch_run\polars\sample_458_polar.txt,D:\BH\航空项目制\优化\yixingyouhua2(1)\yixingyouhua2\batch_run\airfoils\sample_458.dat,0.0015574793,-3.86697e-05,0.1916910707728714,0.2502892061791996,0.2982192178353822,0.1765801578416245,0.2745051642476177,0.2160024599526011,-0.0805484496258746,-0.0260769906291375,-0.0456398790481432,-0.0334124696690232,0.0510762694303897,-0.0871739407831277
sample_459,False,ok,2.0,0.7051,0.00534,-0.0946,132.04119850187266,0.099494436231175,0.3226452905811623,D:\BH\航空项目制\优化\yixingyouhua2(1)\yixingyouhua2\batch_run\polars\sample_459_polar.txt,D:\BH\航空项目制\优化\yixingyouhua2(1)\yixingyouhua2\batch_run\airfoils\sample_459.dat,0.0015574793,-3.86697e-05,0.2006107619124699,0.1834350875047188,0.335646824230482,0.1907838085883371,0.2467060422383389,0.2077031783295945,-0.1167577920590817,-0.0145471009026945,0.0148848487472184,-0.0080225249697563,-0.0146437627023398,-0.0133468988329679
sample_460,False,ok,2.0,0.7788,0.00605,-0.116,128.72727272727275,0.13374786343431355,0.2665330661322645,D:\BH\航空项目制\优化\yixingyouhua2(1)\yixingyouhua2\batch_run\polars\sample_460_polar.txt,D:\BH\航空项目制\优化\yixingyouhua2(1)\yixingyouhua2\batch_run\airfoils\sample_460.dat,0.0015574793,-3.86697e-05,0.2156195528754742,0.2999770344015797,0.3306134309215116,0.2001193437799583,0.3290136459336072,0.3168320869378115,-0.1488242372516579,-0.0854712063677537,-0.0210212504210574,-0.0104344777172018,0.0301648895000178,-0.0669216467300205
sample_461,False,ok,2.0,0.7325,0.00538,-0.1159,136.15241635687732,0.11251237039742945,0.30861723446893785,D:\BH\航空项目制\优化\yixingyouhua2(1)\yixingyouhua2\batch_run\polars\sample_461_polar.txt,D:\BH\航空项目制\优化\yixingyouhua2(1)\yixingyouhua2\batch_run\airfoils\sample_461.dat,0.0015574793,-3.86697e-05,0.1661625519702115,0.195140001710891,0.3533783133068048,0.1876275281062413,0.2460897992872701,0.315307782032744,-0.1217145733405554,-0.0938100188493379,0.0200779441199376,-0.0402146885862102,0.0437544347391802,-0.0503051540937658
sample_462,False,ok,2.0,0.8275,0.00582,-0.1314,142.18213058419246,0.13142728986830782,0.3226452905811623,D:\BH\航空项目制\优化\yixingyouhua2(1)\yixingyouhua2\batch_run\polars\sample_462_polar.txt,D:\BH\航空项目制\优化\yixingyouhua2(1)\yixingyouhua2\batch_run\airfoils\sample_462.dat,0.0015574793,-3.86697e-05,0.18331603943174,0.2851782447834841,0.3614027636622399,0.2443007123608717,0.2621217308469709,0.312907857862011,-0.175020037152705,-0.0135396011709552,-0.0547160173642547,-0.0359454078532596,0.0202456425078556,0.0165357794097746
sample_463,False,ok,2.0,0.7348,0.00554,-0.1038,132.63537906137185,0.10139275218364242,0.3306613226452906,D:\BH\航空项目制\优化\yixingyouhua2(1)\yixingyouhua2\batch_run\polars\sample_463_polar.txt,D:\BH\航空项目制\优化\yixingyouhua2(1)\yixingyouhua2\batch_run\airfoils\sample_463.dat,0.0015574793,-3.86697e-05,0.2022066144067289,0.1988631591867863,0.3191846600691747,0.1709053554042486,0.297709400148752,0.2074476879610325,-0.1146063046547092,-0.0092984202451218,0.0104236533829641,-0.0677197017772032,0.0553401256834177,-0.0048084103366828
sample_464,False,ok,2.0,0.7513,0.00603,-0.1265,124.59369817578772,0.11302328994521148,0.344689378757515,D:\BH\航空项目制\优化\yixingyouhua2(1)\yixingyouhua2\batch_run\polars\sample_464_polar.txt,D:\BH\航空项目制\优化\yixingyouhua2(1)\yixingyouhua2\batch_run\airfoils\sample_464.dat,0.0015574793,-3.86697e-05,0.179954764578952,0.2195727801724641,0.2672107650763348,0.2199996298090324,0.3288869954230213,0.2752289032789778,-0.1890367939519803,-0.0264679826137597,-0.0177068313265873,-0.1205925236716586,0.0452867767036679,0.0126742356806266
sample_465,False,ok,2.0,0.8216,0.00654,-0.1209,125.62691131498471,0.1435123649639053,0.25250501002004005,D:\BH\航空项目制\优化\yixingyouhua2(1)\yixingyouhua2\batch_run\polars\sample_465_polar.txt,D:\BH\航空项目制\优化\yixingyouhua2(1)\yixingyouhua2\batch_run\airfoils\sample_465.dat,0.0015574793,-3.86697e-05,0.2817108478533298,0.2931920960210287,0.3146627004542578,0.2358709416158162,0.2965107731235744,0.3121923336761839,-0.1870629425572693,-0.0793306173967892,-0.030451120005229,-0.0857030906812224,0.0576637801452311,0.0072492513497315
sample_466,False,ok,2.0,0.682,0.00525,-0.0892,129.9047619047619,0.10008449168511155,0.3386773547094188,D:\BH\航空项目制\优化\yixingyouhua2(1)\yixingyouhua2\batch_run\polars\sample_466_polar.txt,D:\BH\航空项目制\优化\yixingyouhua2(1)\yixingyouhua2\batch_run\airfoils\sample_466.dat,0.0015574793,-3.86697e-05,0.1844271556695876,0.221128301114182,0.3059807538672557,0.1515704302550224,0.2502120982059579,0.3127047190067157,-0.0945239738508801,-0.0173783771625015,0.035458247504058,-0.1125642951974496,0.02624052341737,-0.0795941282040244
sample_467,False,ok,2.0,0.7013,0.00563,-0.0948,124.56483126110126,0.1269112935189305,0.30861723446893785,D:\BH\航空项目制\优化\yixingyouhua2(1)\yixingyouhua2\batch_run\polars\sample_467_polar.txt,D:\BH\航空项目制\优化\yixingyouhua2(1)\yixingyouhua2\batch_run\airfoils\sample_467.dat,0.0015574793,-3.86697e-05,0.1951836701882746,0.2989008122369389,0.3077794772096865,0.1518376543385517,0.3537615573581995,0.2623112474549491,-0.1381178105304701,-0.0355073431123952,-0.0473120702238006,-0.090850273019458,-0.0240669245845195,-0.0448511324027854
sample_468,False,ok,2.0,0.6619,0.0056,-0.0952,118.19642857142858,0.11137932826359889,0.35270541082164325,D:\BH\航空项目制\优化\yixingyouhua2(1)\yixingyouhua2\batch_run\polars\sample_468_polar.txt,D:\BH\航空项目制\优化\yixingyouhua2(1)\yixingyouhua2\batch_run\airfoils\sample_468.dat,0.0015574793,-3.86697e-05,0.1676268381671469,0.2359333951886375,0.2682172084768848,0.228020744288863,0.2651436868448771,0.294698986218713,-0.1596521074927716,-0.0125611202658365,-0.0272708574647321,-0.0968809211286392,0.0143498224154729,-0.1012985562620014
sample_469,False,ok,2.0,0.7515,0.00696,-0.104,107.97413793103448,0.12272652172571322,0.23847695390781562,D:\BH\航空项目制\优化\yixingyouhua2(1)\yixingyouhua2\batch_run\polars\sample_469_polar.txt,D:\BH\航空项目制\优化\yixingyouhua2(1)\yixingyouhua2\batch_run\airfoils\sample_469.dat,0.0015574793,-3.86697e-05,0.2742361641300812,0.2604358751175487,0.2717230453908885,0.2158466093471618,0.3571824945679522,0.2283467498069059,-0.1857036326255056,-0.0011994388749122,-0.0607002278354642,-0.0233837736108162,0.0513471530299879,-0.0457921866028081
sample_470,False,ok,2.0,0.6918,0.00559,-0.1241,123.75670840787119,0.12023238623009894,0.3607214428857715,D:\BH\航空项目制\优化\yixingyouhua2(1)\yixingyouhua2\batch_run\polars\sample_470_polar.txt,D:\BH\航空项目制\优化\yixingyouhua2(1)\yixingyouhua2\batch_run\airfoils\sample_470.dat,0.0015574793,-3.86697e-05,0.1549292254332328,0.1924486462705171,0.2482523529580855,0.2385436531186577,0.354151083064499,0.3218809387735618,-0.1509911688311939,-0.1019107968794464,-0.0794420829466338,-0.0564127618401149,-0.0182733294057614,-0.0349409975979304
sample_471,False,ok,2.0,0.631,0.00672,-0.0769,93.89880952380952,0.10418732385103475,0.2865731462925851,D:\BH\航空项目制\优化\yixingyouhua2(1)\yixingyouhua2\batch_run\polars\sample_471_polar.txt,D:\BH\航空项目制\优化\yixingyouhua2(1)\yixingyouhua2\batch_run\airfoils\sample_471.dat,0.0015574793,-3.86697e-05,0.2650537444491558,0.1781058924793673,0.2503875875297155,0.175866684830987,0.3357602447854457,0.268307382431369,-0.1102983252591356,-0.0369465529401421,-0.0450503257046236,-0.0361736097324,-0.0044790530357812,-0.1046107880708904
sample_472,False,ok,2.0,0.6382,0.00655,-0.089,97.43511450381679,0.1190200406977573,0.21843687374749496,D:\BH\航空项目制\优化\yixingyouhua2(1)\yixingyouhua2\batch_run\polars\sample_472_polar.txt,D:\BH\航空项目制\优化\yixingyouhua2(1)\yixingyouhua2\batch_run\airfoils\sample_472.dat,0.0015574793,-3.86697e-05,0.2402498029417847,0.2024970635721047,0.2883038391102792,0.1688616469521346,0.3320951844628355,0.2214578162988563,-0.1985729059658506,-0.0805975594892786,0.0027910673326568,-0.0459524410434299,0.0322983814989007,-0.104063500691474
sample_473,False,ok,2.0,0.6511,0.00638,-0.0801,102.05329153605015,0.1021620829229591,0.3106212424849699,D:\BH\航空项目制\优化\yixingyouhua2(1)\yixingyouhua2\batch_run\polars\sample_473_polar.txt,D:\BH\航空项目制\优化\yixingyouhua2(1)\yixingyouhua2\batch_run\airfoils\sample_473.dat,0.0015574793,-3.86697e-05,0.2404561423595319,0.1815813064500099,0.2863132443567811,0.172008603022507,0.3091505919542699,0.2322883054313077,-0.1121213397599886,-0.0306014769645552,-0.0005840060051685,-0.0641120321833301,-0.0048805371680385,-0.0755305585280334
sample_474,False,ok,2.0,0.7958,0.00604,-0.0943,131.7549668874172,0.12626977101455397,0.2665330661322645,D:\BH\航空项目制\优化\yixingyouhua2(1)\yixingyouhua2\batch_run\polars\sample_474_polar.txt,D:\BH\航空项目制\优化\yixingyouhua2(1)\yixingyouhua2\batch_run\airfoils\sample_474.dat,0.0015574793,-3.86697e-05,0.2779867106645872,0.2969448647338572,0.3430368126298336,0.2009138290207537,0.2430923562678666,0.2182881087201866,-0.1269030434258576,-0.0020634608574684,-0.0279757758942032,-0.0228124231424057,0.0267047873219838,0.0156175126443821
sample_475,False,ok,2.0,0.7181,0.00524,-0.098,137.04198473282443,0.12573128883365722,0.31462925851703405,D:\BH\航空项目制\优化\yixingyouhua2(1)\yixingyouhua2\batch_run\polars\sample_475_polar.txt,D:\BH\航空项目制\优化\yixingyouhua2(1)\yixingyouhua2\batch_run\airfoils\sample_475.dat,0.0015574793,-3.86697e-05,0.1932609947368417,0.2920643199086104,0.3113349077909187,0.1766700843265821,0.364887897024139,0.2619262841934149,-0.0949729780611906,-0.0654780718408537,-0.0406033971861383,-0.0411758324139794,-0.0231098476913747,-0.0625435519983125
sample_476,False,ok,2.0,0.7167,0.00521,-0.1129,137.56238003838772,0.1164105683964275,0.3306613226452906,D:\BH\航空项目制\优化\yixingyouhua2(1)\yixingyouhua2\batch_run\polars\sample_476_polar.txt,D:\BH\航空项目制\优化\yixingyouhua2(1)\yixingyouhua2\batch_run\airfoils\sample_476.dat,0.0015574793,-3.86697e-05,0.1859762848775485,0.1926398715713919,0.3365967120851051,0.1368334879222473,0.3596877330794332,0.2311111758379121,-0.1465530247236512,-0.0419522496429125,-0.076650987367534,-0.0382911675609682,0.0157239101583886,-0.0060799391835805
sample_477,False,ok,2.0,0.7287,0.00572,-0.112,127.3951048951049,0.12297940703760424,0.30861723446893785,D:\BH\航空项目制\优化\yixingyouhua2(1)\yixingyouhua2\batch_run\polars\sample_477_polar.txt,D:\BH\航空项目制\优化\yixingyouhua2(1)\yixingyouhua2\batch_run\airfoils\sample_477.dat,0.0015574793,-3.86697e-05,0.1673291428567467,0.3016155058829305,0.2792198376055663,0.16201538083896,0.3570626053794961,0.3241407177549942,-0.1440565460697956,-0.0258548718742132,-0.0759321535446924,-0.0567900173710821,0.0169982314566077,-0.0516959274285275
sample_478,False,ok,2.0,0.7212,0.00543,-0.0957,132.81767955801104,0.1441460777254034,0.3226452905811623,D:\BH\航空项目制\优化\yixingyouhua2(1)\yixingyouhua2\batch_run\polars\sample_478_polar.txt,D:\BH\航空项目制\优化\yixingyouhua2(1)\yixingyouhua2\batch_run\airfoils\sample_478.dat,0.0015574793,-3.86697e-05,0.213364964349599,0.2978718945226784,0.3582124855051485,0.2501446135100986,0.2933556661901711,0.2607612139611689,-0.129858567606086,-0.0969896647029967,-0.027564997958016,-0.0936953982473415,-0.0152493381117353,-0.0726747623891397
sample_479,False,ok,2.0,0.7432,0.00565,-0.1154,131.53982300884957,0.1301465357260916,0.2945891783567134,D:\BH\航空项目制\优化\yixingyouhua2(1)\yixingyouhua2\batch_run\polars\sample_479_polar.txt,D:\BH\航空项目制\优化\yixingyouhua2(1)\yixingyouhua2\batch_run\airfoils\sample_479.dat,0.0015574793,-3.86697e-05,0.1993412323464193,0.2688570669628453,0.2795829780830384,0.2262195680755264,0.326738516833793,0.2667982738128359,-0.1411696285689683,-0.1144105783752922,-0.0061582652741372,-0.1236103020947236,0.0535616345033596,-0.0202415747757964
sample_480,False,ok,2.0,0.7268,0.00566,-0.1061,128.40989399293287,0.13579454503479366,0.3006012024048096,D:\BH\航空项目制\优化\yixingyouhua2(1)\yixingyouhua2\batch_run\polars\sample_480_polar.txt,D:\BH\航空项目制\优化\yixingyouhua2(1)\yixingyouhua2\batch_run\airfoils\sample_480.dat,0.0015574793,-3.86697e-05,0.1957570536256406,0.2820911208461461,0.3532390073852987,0.1846194211587777,0.2935417083656544,0.3167085198970163,-0.1537621354384289,-0.0676723323702144,-0.0636583753669402,-0.0551805181421818,0.0531234005725937,-0.0918368373015503
sample_481,False,ok,2.0,0.7325,0.00611,-0.0993,119.88543371522096,0.12057225588042336,0.2865731462925851,D:\BH\航空项目制\优化\yixingyouhua2(1)\yixingyouhua2\batch_run\polars\sample_481_polar.txt,D:\BH\航空项目制\优化\yixingyouhua2(1)\yixingyouhua2\batch_run\airfoils\sample_481.dat,0.0015574793,-3.86697e-05,0.2110874016497876,0.2934493526110234,0.2712776606831025,0.1805851419215796,0.2401801475391977,0.2698512846500908,-0.1558657519653501,-0.0005062566149911,-0.0579564618135375,-0.1095424503469451,0.0690213924983946,-0.0016014698647638
sample_482,False,ok,2.0,0.633,0.006,-0.0804,105.5,0.11666953889689227,0.25250501002004005,D:\BH\航空项目制\优化\yixingyouhua2(1)\yixingyouhua2\batch_run\polars\sample_482_polar.txt,D:\BH\航空项目制\优化\yixingyouhua2(1)\yixingyouhua2\batch_run\airfoils\sample_482.dat,0.0015574793,-3.86697e-05,0.190966627252712,0.271555954755728,0.2779961647998834,0.1382826451619702,0.2886928684736386,0.2111661916229256,-0.1687240970308945,-0.0470871039856552,-0.0132056056021853,-0.0588639502091354,-0.0034027933182103,-0.0648672884219826
sample_483,False,ok,2.0,0.708,0.00567,-0.098,124.86772486772487,0.11751881087593398,0.3306613226452906,D:\BH\航空项目制\优化\yixingyouhua2(1)\yixingyouhua2\batch_run\polars\sample_483_polar.txt,D:\BH\航空项目制\优化\yixingyouhua2(1)\yixingyouhua2\batch_run\airfoils\sample_483.dat,0.0015574793,-3.86697e-05,0.1784865607251635,0.2622643742660273,0.3334059970924095,0.1610086289236063,0.2849571929132191,0.3175136410252189,-0.1286924224621408,-0.0164593710837951,-0.0264774724545058,-0.0780276693150189,-0.0145227265851143,-0.0625064368876936
sample_484,False,ok,2.0,0.7032,0.00463,-0.1141,151.87904967602594,0.11594912642665695,0.37675350701402804,D:\BH\航空项目制\优化\yixingyouhua2(1)\yixingyouhua2\batch_run\polars\sample_484_polar.txt,D:\BH\航空项目制\优化\yixingyouhua2(1)\yixingyouhua2\batch_run\airfoils\sample_484.dat,0.0015574793,-3.86697e-05,0.15679599073651,0.1981163339781264,0.2864516988357378,0.2182449006154256,0.2996383392432914,0.2868213154887291,-0.1268672471913394,-0.0567484206199355,-0.0478300859431256,-0.1081541047275633,0.023096383739008,-0.0269908600595198
sample_485,False,ok,2.0,0.7341,0.00601,-0.1092,122.14642262895175,0.11459950203576862,0.2444889779559118,D:\BH\航空项目制\优化\yixingyouhua2(1)\yixingyouhua2\batch_run\polars\sample_485_polar.txt,D:\BH\航空项目制\优化\yixingyouhua2(1)\yixingyouhua2\batch_run\airfoils\sample_485.dat,0.0015574793,-3.86697e-05,0.1812755821785226,0.2833228674818862,0.2888910040942508,0.1725994265962638,0.3024753657975586,0.2154850031831865,-0.1898534043546938,-0.0300749725780629,0.0314013184972521,-0.0618286052922727,0.0481737763908489,-0.0081477677111523
sample_486,False,ok,2.0,0.7284,0.00534,-0.1086,136.40449438202248,0.11595474340390727,0.3366733466933867,D:\BH\航空项目制\优化\yixingyouhua2(1)\yixingyouhua2\batch_run\polars\sample_486_polar.txt,D:\BH\航空项目制\优化\yixingyouhua2(1)\yixingyouhua2\batch_run\airfoils\sample_486.dat,0.0015574793,-3.86697e-05,0.1576473557544584,0.2903350182720505,0.2778663837568598,0.1997174877448806,0.348609141185984,0.2876400408115012,-0.1201875394306283,-0.0023810182294454,-0.0702781935341805,-0.0239197319197435,0.0073260252628401,-0.0678514224125243
sample_487,False,ok,2.0,0.7062,0.00609,-0.0924,115.96059113300494,0.11727153263650109,0.3607214428857715,D:\BH\航空项目制\优化\yixingyouhua2(1)\yixingyouhua2\batch_run\polars\sample_487_polar.txt,D:\BH\航空项目制\优化\yixingyouhua2(1)\yixingyouhua2\batch_run\airfoils\sample_487.dat,0.0015574793,-3.86697e-05,0.2746788215482799,0.1755183384284944,0.3429679094617238,0.1557842125644192,0.328285134062263,0.3224493435185021,-0.1090757146211437,-0.0067100414091747,-0.0791919994643107,-0.0711999514880673,-0.0184659570925118,-0.0458614052364693
sample_488,False,ok,2.0,0.6597,0.00615,-0.0944,107.26829268292683,0.1069421410344345,0.3006012024048096,D:\BH\航空项目制\优化\yixingyouhua2(1)\yixingyouhua2\batch_run\polars\sample_488_polar.txt,D:\BH\航空项目制\优化\yixingyouhua2(1)\yixingyouhua2\batch_run\airfoils\sample_488.dat,0.0015574793,-3.86697e-05,0.2064609394687757,0.1902312328672727,0.2668406135219892,0.1850668789694668,0.2708055375295068,0.2444257074122044,-0.1663209113216486,-0.0254876886727206,-0.0486547137748503,-0.0494395495077279,-0.0213929163306769,-0.0167633642126768
sample_489,False,ok,2.0,0.6707,0.00578,-0.0946,116.038062283737,0.13175564584952276,0.280561122244489,D:\BH\航空项目制\优化\yixingyouhua2(1)\yixingyouhua2\batch_run\polars\sample_489_polar.txt,D:\BH\航空项目制\优化\yixingyouhua2(1)\yixingyouhua2\batch_run\airfoils\sample_489.dat,0.0015574793,-3.86697e-05,0.2040239480620546,0.2633237743930988,0.312720811010227,0.1477973542242462,0.3205954046746746,0.2837511121951998,-0.1454040110160774,-0.1175164942652821,-0.0157776556095216,-0.1233732235182537,0.0431058972140222,-0.0831409104797501
sample_490,False,polar_parse_failed,,,,,,,,,,,,,,,,,,,,,,,
sample_491,False,ok,2.0,0.6894,0.00568,-0.094,121.37323943661971,0.10790414253126185,0.280561122244489,D:\BH\航空项目制\优化\yixingyouhua2(1)\yixingyouhua2\batch_run\polars\sample_491_polar.txt,D:\BH\航空项目制\优化\yixingyouhua2(1)\yixingyouhua2\batch_run\airfoils\sample_491.dat,0.0015574793,-3.86697e-05,0.2086406682946725,0.2060622601195069,0.3245741454682183,0.1836160494678121,0.2436448633464479,0.1998567940110759,-0.1699839393407568,-0.0041065410252302,-0.0241123660646871,-0.0162317940122442,0.038327078725807,-0.0316499011939741
sample_492,False,ok,2.0,0.7523,0.00412,-0.1096,182.59708737864077,0.10407118345518304,0.406813627254509,D:\BH\航空项目制\优化\yixingyouhua2(1)\yixingyouhua2\batch_run\polars\sample_492_polar.txt,D:\BH\航空项目制\优化\yixingyouhua2(1)\yixingyouhua2\batch_run\airfoils\sample_492.dat,0.0015574793,-3.86697e-05,0.1884294658851202,0.1866815262793903,0.3203931425394881,0.2598985467617181,0.2874441076493841,0.2352342358980918,-0.0806538852723339,-0.0256781412148712,0.0409751254299705,-0.0716068072234795,0.0147388478732825,-0.0254280414587316
sample_493,False,ok,2.0,0.6701,0.006,-0.0883,111.68333333333334,0.12851799143785708,0.2725450901803607,D:\BH\航空项目制\优化\yixingyouhua2(1)\yixingyouhua2\batch_run\polars\sample_493_polar.txt,D:\BH\航空项目制\优化\yixingyouhua2(1)\yixingyouhua2\batch_run\airfoils\sample_493.dat,0.0015574793,-3.86697e-05,0.2078473811692656,0.2854785763122892,0.2967671261296914,0.1839051941746212,0.3420288862908019,0.2196088510212922,-0.146037991607211,-0.1048085924663924,0.0296481590813269,-0.124061395944539,0.0235679478091562,-0.0876370941390062
sample_494,False,ok,2.0,0.7456,0.00579,-0.1266,128.77374784110535,0.10795839058375067,0.344689378757515,D:\BH\航空项目制\优化\yixingyouhua2(1)\yixingyouhua2\batch_run\polars\sample_494_polar.txt,D:\BH\航空项目制\优化\yixingyouhua2(1)\yixingyouhua2\batch_run\airfoils\sample_494.dat,0.0015574793,-3.86697e-05,0.1755785157098444,0.1858209411114879,0.2733469005202699,0.2279605150960476,0.2893205148802513,0.3114862943369876,-0.1533860843273384,-0.0564657130697189,-0.0058013227728834,-0.0926791126911083,0.0479598253760483,-0.0040230602590041
sample_495,False,polar_parse_failed,,,,,,,,,,,,,,,,,,,,,,,
sample_496,False,ok,2.0,0.7162,0.00588,-0.0959,121.80272108843536,0.12698113991806645,0.3226452905811623,D:\BH\航空项目制\优化\yixingyouhua2(1)\yixingyouhua2\batch_run\polars\sample_496_polar.txt,D:\BH\航空项目制\优化\yixingyouhua2(1)\yixingyouhua2\batch_run\airfoils\sample_496.dat,0.0015574793,-3.86697e-05,0.2385942990699768,0.2362767886867851,0.3495027268579131,0.2115351699811997,0.3151843161763739,0.2534842067225196,-0.1535863017728007,-0.0534640205112173,0.0066954145061752,-0.1169009508685444,-0.0055592360164729,-0.0604117275300026
sample_497,False,ok,2.0,0.813,0.00604,-0.1081,134.6026490066225,0.12152613477983482,0.2665330661322645,D:\BH\航空项目制\优化\yixingyouhua2(1)\yixingyouhua2\batch_run\polars\sample_497_polar.txt,D:\BH\航空项目制\优化\yixingyouhua2(1)\yixingyouhua2\batch_run\airfoils\sample_497.dat,0.0015574793,-3.86697e-05,0.2776146467124523,0.2584243463433488,0.3291115770343834,0.1869370077551966,0.2521335554720068,0.3138205787402559,-0.1174125881854261,-0.0324596114387593,-0.0064472443495741,-0.0628645916149473,0.0441743848296992,0.0091075351895507
sample_498,False,ok,2.0,0.7253,0.00432,-0.0944,167.8935185185185,0.12043427628463448,0.34669338677354705,D:\BH\航空项目制\优化\yixingyouhua2(1)\yixingyouhua2\batch_run\polars\sample_498_polar.txt,D:\BH\航空项目制\优化\yixingyouhua2(1)\yixingyouhua2\batch_run\airfoils\sample_498.dat,0.0015574793,-3.86697e-05,0.216407490138808,0.2183674400321176,0.3679085543320655,0.2179077386442792,0.2627004051453427,0.2544778379137116,-0.0783881048644824,-0.0632035664282906,0.0018276013881748,-0.0635440421186672,-0.0221664726284193,-0.0374247185901418
sample_499,False,ok,2.0,0.7619,0.00541,-0.0938,140.83179297597044,0.1154911144991198,0.2945891783567134,D:\BH\航空项目制\优化\yixingyouhua2(1)\yixingyouhua2\batch_run\polars\sample_499_polar.txt,D:\BH\航空项目制\优化\yixingyouhua2(1)\yixingyouhua2\batch_run\airfoils\sample_499.dat,0.0015574793,-3.86697e-05,0.2398888429691832,0.2882117341745756,0.3179549730517175,0.1786148540592811,0.3407108047101077,0.2174070366850032,-0.0791197306973937,-0.0250086771185769,0.0214895251208385,-0.0784828432604701,0.083993803928963,-0.0661249913093024
sample_500,False,ok,2.0,0.6746,0.00606,-0.0719,111.32013201320132,0.13021272553418983,0.25250501002004005,D:\BH\航空项目制\优化\yixingyouhua2(1)\yixingyouhua2\batch_run\polars\sample_500_polar.txt,D:\BH\航空项目制\优化\yixingyouhua2(1)\yixingyouhua2\batch_run\airfoils\sample_500.dat,0.0015574793,-3.86697e-05,0.2804320003465222,0.275806413918219,0.2768794833621408,0.1643129550081207,0.2805240537896911,0.2230084147452995,-0.0753709266059433,-0.1153187876645102,-0.0527763187312708,-0.0251351540253906,0.0671095327636917,-0.0945031964700283
sample_501,False,ok,2.0,0.7578,0.00615,-0.0914,123.21951219512195,0.1195491065273028,0.3006012024048096,D:\BH\航空项目制\优化\yixingyouhua2(1)\yixingyouhua2\batch_run\polars\sample_501_polar.txt,D:\BH\航空项目制\优化\yixingyouhua2(1)\yixingyouhua2\batch_run\airfoils\sample_501.dat,0.0015574793,-3.86697e-05,0.2673015287138683,0.2725446623075706,0.3116795349696826,0.2415790095015704,0.2903089302777288,0.2559772187877695,-0.110218155699004,-0.0281735360998885,0.0363861609186572,-0.0994987341777722,0.0099183007065288,-0.0545398440810651
sample_502,False,ok,2.0,0.6404,0.00565,-0.0803,113.34513274336284,0.127378914245264,0.30861723446893785,D:\BH\航空项目制\优化\yixingyouhua2(1)\yixingyouhua2\batch_run\polars\sample_502_polar.txt,D:\BH\航空项目制\优化\yixingyouhua2(1)\yixingyouhua2\batch_run\airfoils\sample_502.dat,0.0015574793,-3.86697e-05,0.1726134580773411,0.2840273677996432,0.3332117549103079,0.1524941488485311,0.2578873242801509,0.308642418012675,-0.1224458236140686,-0.0892817369417844,0.0023958287242502,-0.1144085246121524,-0.040727346924418,-0.0935550231708801
sample_503,False,ok,2.0,0.6724,0.00568,-0.1,118.38028169014085,0.11615414482803908,0.280561122244489,D:\BH\航空项目制\优化\yixingyouhua2(1)\yixingyouhua2\batch_run\polars\sample_503_polar.txt,D:\BH\航空项目制\优化\yixingyouhua2(1)\yixingyouhua2\batch_run\airfoils\sample_503.dat,0.0015574793,-3.86697e-05,0.1682949881149849,0.2453528025588121,0.3072090505798499,0.1963424447082596,0.3028008165637694,0.2432653716904083,-0.1873266372166903,-0.0385390286869561,-0.0261301116857452,-0.0094662283049628,0.0074713521592868,-0.0966748736278857
sample_504,False,ok,2.0,0.697,0.00533,-0.0864,130.76923076923077,0.12814261593558482,0.3166332665330661,D:\BH\航空项目制\优化\yixingyouhua2(1)\yixingyouhua2\batch_run\polars\sample_504_polar.txt,D:\BH\航空项目制\优化\yixingyouhua2(1)\yixingyouhua2\batch_run\airfoils\sample_504.dat,0.0015574793,-3.86697e-05,0.2328552673794562,0.2780769678673297,0.3159564545303621,0.1702289915649581,0.2966015923213552,0.2601799513819651,-0.1390022252697551,-0.0331258878099723,-0.0330984798754088,-0.1336047557535677,-0.0372831984974125,-0.0180005566847882
sample_505,False,ok,2.0,0.7462,0.00656,-0.1046,113.75,0.13043708949631103,0.23246492985971942,D:\BH\航空项目制\优化\yixingyouhua2(1)\yixingyouhua2\batch_run\polars\sample_505_polar.txt,D:\BH\航空项目制\优化\yixingyouhua2(1)\yixingyouhua2\batch_run\airfoils\sample_505.dat,0.0015574793,-3.86697e-05,0.2583046026424084,0.2797914451583183,0.2538847698399016,0.2389453303220356,0.2667539609771181,0.2692609156670994,-0.1755970875623452,-0.0839161562052578,-0.0092309546297932,-0.0546672151920163,0.00098746398313,0.0055042468185956
sample_506,False,ok,2.0,0.7248,0.00546,-0.0989,132.74725274725276,0.10240524255026547,0.3306613226452906,D:\BH\航空项目制\优化\yixingyouhua2(1)\yixingyouhua2\batch_run\polars\sample_506_polar.txt,D:\BH\航空项目制\优化\yixingyouhua2(1)\yixingyouhua2\batch_run\airfoils\sample_506.dat,0.0015574793,-3.86697e-05,0.2369526268558288,0.1756266909181209,0.3282688053919598,0.1636444437439149,0.3257320706883946,0.2737117010903257,-0.0835102056793755,-0.036872446977996,0.0208289772408759,-0.0720496007475937,0.0560978959277473,-0.0695632599733405
sample_507,False,ok,2.0,0.6403,0.00593,-0.0863,107.97639123102866,0.11643844374844255,0.3386773547094188,D:\BH\航空项目制\优化\yixingyouhua2(1)\yixingyouhua2\batch_run\polars\sample_507_polar.txt,D:\BH\航空项目制\优化\yixingyouhua2(1)\yixingyouhua2\batch_run\airfoils\sample_507.dat,0.0015574793,-3.86697e-05,0.2207132233251251,0.1937591042924276,0.2917252542517811,0.2394671995451586,0.2534266402484273,0.2721094332547973,-0.1782006420920809,-0.0209803770407493,-0.0626226241702508,-0.0507206384640472,-0.0374721276917808,-0.0908861150657666
sample_508,False,ok,2.0,0.7203,0.00594,-0.1214,121.26262626262627,0.13290504459823754,0.280561122244489,D:\BH\航空项目制\优化\yixingyouhua2(1)\yixingyouhua2\batch_run\polars\sample_508_polar.txt,D:\BH\航空项目制\优化\yixingyouhua2(1)\yixingyouhua2\batch_run\airfoils\sample_508.dat,0.0015574793,-3.86697e-05,0.1614260373061721,0.2893855973239382,0.2604662571689258,0.2073383026008052,0.3376039990433088,0.2695639024485002,-0.1876471073592122,-0.1165962716533808,-0.0211460693763658,-0.1332770442169871,0.0796665599440069,-0.0262580242883754
sample_509,False,ok,2.0,0.7224,0.00626,-0.0923,115.39936102236423,0.1378683110397152,0.22444889779559116,D:\BH\航空项目制\优化\yixingyouhua2(1)\yixingyouhua2\batch_run\polars\sample_509_polar.txt,D:\BH\航空项目制\优化\yixingyouhua2(1)\yixingyouhua2\batch_run\airfoils\sample_509.dat,0.0015574793,-3.86697e-05,0.2582353632723113,0.3018017100889797,0.3067335399429806,0.1532671344252318,0.277872965295627,0.2297432968494563,-0.1655278999383496,-0.1268852239963012,0.0407501054783467,-0.0847748910765111,0.024892592930881,-0.0097700984277087
sample_510,False,ok,2.0,0.6006,0.00618,-0.0792,97.18446601941748,0.12604512892773787,0.2444889779559118,D:\BH\航空项目制\优化\yixingyouhua2(1)\yixingyouhua2\batch_run\polars\sample_510_polar.txt,D:\BH\航空项目制\优化\yixingyouhua2(1)\yixingyouhua2\batch_run\airfoils\sample_510.dat,0.0015574793,-3.86697e-05,0.2214624681369145,0.2226696021392626,0.3008015107231696,0.1364327365230027,0.3033782450860519,0.2555912589808495,-0.1855970274379787,-0.1244522748077407,0.0255004922018289,-0.1314158637127696,-0.0157439664659472,-0.0925255994661316
sample_511,False,ok,2.0,0.6685,0.00573,-0.1132,116.66666666666667,0.1123379989331447,0.30861723446893785,D:\BH\航空项目制\优化\yixingyouhua2(1)\yixingyouhua2\batch_run\polars\sample_511_polar.txt,D:\BH\航空项目制\优化\yixingyouhua2(1)\yixingyouhua2\batch_run\airfoils\sample_511.dat,0.0015574793,-3.86697e-05,0.1580494884575888,0.1789233833514889,0.2601026654845217,0.1685029522944081,0.2674284662224728,0.324286223863743,-0.1418159216744458,-0.1110399797159842,-0.0603990094991423,-0.0476078826459444,-0.0343274096783623,0.010812200214714
sample_512,False,ok,2.0,0.7871,0.00671,-0.114,117.30253353204174,0.11322215205839364,0.19238476953907813,D:\BH\航空项目制\优化\yixingyouhua2(1)\yixingyouhua2\batch_run\polars\sample_512_polar.txt,D:\BH\航空项目制\优化\yixingyouhua2(1)\yixingyouhua2\batch_run\airfoils\sample_512.dat,0.0015574793,-3.86697e-05,0.2625981599736353,0.2393387971790058,0.2978336665485077,0.1353178345326956,0.3488179496546393,0.2527105916236611,-0.1785572323189815,-0.0235447463923053,0.0367842667822026,-0.0146780213995447,0.0423891971067325,0.0032722884918306
sample_513,False,ok,2.0,0.7361,0.0053,-0.1098,138.88679245283018,0.1155864563683812,0.344689378757515,D:\BH\航空项目制\优化\yixingyouhua2(1)\yixingyouhua2\batch_run\polars\sample_513_polar.txt,D:\BH\航空项目制\优化\yixingyouhua2(1)\yixingyouhua2\batch_run\airfoils\sample_513.dat,0.0015574793,-3.86697e-05,0.2218746228712418,0.1814986158827039,0.3177285106659725,0.223364282305558,0.2514946166097536,0.292790225600374,-0.1391777647443436,-0.0225286600541983,-0.0798837261559374,-0.020842302815632,-0.0356391114793635,0.0127660273687537
sample_514,False,ok,2.0,0.7192,0.00623,-0.0936,115.44141252006419,0.13658668115476463,0.25851703406813625,D:\BH\航空项目制\优化\yixingyouhua2(1)\yixingyouhua2\batch_run\polars\sample_514_polar.txt,D:\BH\航空项目制\优化\yixingyouhua2(1)\yixingyouhua2\batch_run\airfoils\sample_514.dat,0.0015574793,-3.86697e-05,0.2469352256898642,0.2980312244481317,0.3198751880167976,0.1570985034252455,0.3329811374720824,0.2330050765979209,-0.1592442521767499,-0.095835623294606,0.0145367367660506,-0.1362276462782751,0.0361052915601773,-0.0364054477235908
sample_515,False,ok,2.0,0.7196,0.00565,-0.1023,127.36283185840709,0.10928483259390327,0.3006012024048096,D:\BH\航空项目制\优化\yixingyouhua2(1)\yixingyouhua2\batch_run\polars\sample_515_polar.txt,D:\BH\航空项目制\优化\yixingyouhua2(1)\yixingyouhua2\batch_run\airfoils\sample_515.dat,0.0015574793,-3.86697e-05,0.1744043762573436,0.2609677559167934,0.308263844985112,0.2104424209998948,0.2975602222156521,0.2251300001657283,-0.1506715704772309,-0.0007120308136919,-0.0018272474489841,-0.0319422359855982,0.073391976460935,-0.0898762324001444
sample_516,False,ok,2.0,0.709,0.00482,-0.0952,147.0954356846473,0.12317553997152361,0.35270541082164325,D:\BH\航空项目制\优化\yixingyouhua2(1)\yixingyouhua2\batch_run\polars\sample_516_polar.txt,D:\BH\航空项目制\优化\yixingyouhua2(1)\yixingyouhua2\batch_run\airfoils\sample_516.dat,0.0015574793,-3.86697e-05,0.2133444882770763,0.2498892192451581,0.2665918769842014,0.259995317457922,0.3042503501932806,0.2132306736990805,-0.0771170430792154,-0.0816822633986895,-0.0266066424702609,-0.1162040555828705,0.0269847250725991,-0.0299640229336922
sample_517,False,ok,2.0,0.6655,0.00579,-0.1061,114.93955094991364,0.10869557030198022,0.25851703406813625,D:\BH\航空项目制\优化\yixingyouhua2(1)\yixingyouhua2\batch_run\polars\sample_517_polar.txt,D:\BH\航空项目制\优化\yixingyouhua2(1)\yixingyouhua2\batch_run\airfoils\sample_517.dat,0.0015574793,-3.86697e-05,0.1668774506629423,0.2049995126430068,0.2831250374204293,0.1855698818362078,0.2843525676830267,0.2967408814191881,-0.1799678855572011,-0.0777586233335598,0.0080701602655031,-0.0166142947314239,0.0179957445560772,-0.0952283503787621
sample_518,False,ok,2.0,0.7603,0.00508,-0.1155,149.66535433070865,0.09913030526902948,0.34669338677354705,D:\BH\航空项目制\优化\yixingyouhua2(1)\yixingyouhua2\batch_run\polars\sample_518_polar.txt,D:\BH\航空项目制\优化\yixingyouhua2(1)\yixingyouhua2\batch_run\airfoils\sample_518.dat,0.0015574793,-3.86697e-05,0.1725149157968338,0.2381762592654767,0.2515478968764748,0.1562874414255546,0.3300048260596069,0.2880137789569112,-0.0752374918350398,-0.0022511752040872,-0.0359457656751132,-0.0630763262769104,0.0307627079066068,0.0143209686955932
sample_519,False,ok,2.0,0.6676,0.00545,-0.0842,122.4954128440367,0.11273802681683592,0.3366733466933867,D:\BH\航空项目制\优化\yixingyouhua2(1)\yixingyouhua2\batch_run\polars\sample_519_polar.txt,D:\BH\航空项目制\优化\yixingyouhua2(1)\yixingyouhua2\batch_run\airfoils\sample_519.dat,0.0015574793,-3.86697e-05,0.2243081097065943,0.1768146764664373,0.3689985872477714,0.1650280822245558,0.3063090099025747,0.2200350518070798,-0.1109903276186751,-0.066072157759521,0.027569828404979,-0.080194270730985,-0.0200445736754341,-0.0739192352514225
sample_520,False,ok,2.0,0.7241,0.00583,-0.1015,124.20240137221269,0.10848928460715622,0.2665330661322645,D:\BH\航空项目制\优化\yixingyouhua2(1)\yixingyouhua2\batch_run\polars\sample_520_polar.txt,D:\BH\航空项目制\优化\yixingyouhua2(1)\yixingyouhua2\batch_run\airfoils\sample_520.dat,0.0015574793,-3.86697e-05,0.2280418086546862,0.2141907050555149,0.2820101757960224,0.1414501055813371,0.328203276761664,0.2086808801259476,-0.1041252038422016,-0.0797593510796548,0.0249775418577821,-0.1009557273235465,0.0866115321903771,-0.0032212759590225
sample_521,False,ok,2.0,0.7102,0.00551,-0.0938,128.8929219600726,0.13440977056036124,0.30260521042084165,D:\BH\航空项目制\优化\yixingyouhua2(1)\yixingyouhua2\batch_run\polars\sample_521_polar.txt,D:\BH\航空项目制\优化\yixingyouhua2(1)\yixingyouhua2\batch_run\airfoils\sample_521.dat,0.0015574793,-3.86697e-05,0.2381655303686352,0.2537329335199398,0.3619056388100198,0.1633506203607513,0.2615264033553551,0.3132992019735872,-0.1521892787344785,-0.0586896818515517,-0.0513927356319388,-0.1041372552302995,0.0028052925731164,-0.0492966390631424
sample_522,False,ok,2.0,0.7303,0.00616,-0.0938,118.5551948051948,0.11850919043968645,0.30260521042084165,D:\BH\航空项目制\优化\yixingyouhua2(1)\yixingyouhua2\batch_run\polars\sample_522_polar.txt,D:\BH\航空项目制\优化\yixingyouhua2(1)\yixingyouhua2\batch_run\airfoils\sample_522.dat,0.0015574793,-3.86697e-05,0.209757122664956,0.2942773551674199,0.3173697626674691,0.1797195192906686,0.2877444698863853,0.2802775058545097,-0.141403146708437,-0.0121741051250727,0.027623980642524,-0.1144297682425814,-0.0421938668905746,-0.0233399471829076
sample_523,False,ok,2.0,0.672,0.00535,-0.0812,125.60747663551403,0.11289192409457316,0.3226452905811623,D:\BH\航空项目制\优化\yixingyouhua2(1)\yixingyouhua2\batch_run\polars\sample_523_polar.txt,D:\BH\航空项目制\优化\yixingyouhua2(1)\yixingyouhua2\batch_run\airfoils\sample_523.dat,0.0015574793,-3.86697e-05,0.1608750518735027,0.3002156383764077,0.2958623954319653,0.204689806735174,0.2897043109880868,0.2002046705989675,-0.08472133736515,-0.0472720219117723,0.0382225510453927,-0.0830466774728316,0.0071211062396618,-0.0845285828696682
sample_524,False,ok,2.0,0.6561,0.00606,-0.0916,108.26732673267327,0.1070274629116188,0.2865731462925851,D:\BH\航空项目制\优化\yixingyouhua2(1)\yixingyouhua2\batch_run\polars\sample_524_polar.txt,D:\BH\航空项目制\优化\yixingyouhua2(1)\yixingyouhua2\batch_run\airfoils\sample_524.dat,0.0015574793,-3.86697e-05,0.1622827890192506,0.2705914071826161,0.2499572034126699,0.1670540912989705,0.3409475013239464,0.26128384016111,-0.1454684506497106,-0.0229936853966655,-0.0158786745985582,-0.0363797031614815,-0.0273262309907467,-0.0934761714169449
sample_525,False,polar_parse_failed,,,,,,,,,,,,,,,,,,,,,,,
sample_526,False,ok,2.0,0.7095,0.00646,-0.097,109.82972136222911,0.11848807365938335,0.280561122244489,D:\BH\航空项目制\优化\yixingyouhua2(1)\yixingyouhua2\batch_run\polars\sample_526_polar.txt,D:\BH\航空项目制\优化\yixingyouhua2(1)\yixingyouhua2\batch_run\airfoils\sample_526.dat,0.0015574793,-3.86697e-05,0.2583966200813828,0.2145316668005422,0.3276303344502224,0.1900985414567809,0.3478849275020644,0.2711794015124377,-0.1817214251408333,-0.0045130566763451,-0.0494629410235071,-0.0144659231367452,-0.0142094137473728,-0.0900855455801259
sample_527,False,ok,2.0,0.6918,0.0055,-0.0872,125.78181818181818,0.11375821400683712,0.30861723446893785,D:\BH\航空项目制\优化\yixingyouhua2(1)\yixingyouhua2\batch_run\polars\sample_527_polar.txt,D:\BH\航空项目制\优化\yixingyouhua2(1)\yixingyouhua2\batch_run\airfoils\sample_527.dat,0.0015574793,-3.86697e-05,0.209971827252792,0.2866683965465634,0.264435568845589,0.1942287279716317,0.2865414833912412,0.3152392075577213,-0.1122837141766091,-0.0095182049539748,-0.0296926714216823,-0.0660039105716956,-0.0095041474970061,-0.0866417548843428
sample_528,False,ok,2.0,0.7116,0.00528,-0.1027,134.77272727272728,0.13313064542302044,0.3306613226452906,D:\BH\航空项目制\优化\yixingyouhua2(1)\yixingyouhua2\batch_run\polars\sample_528_polar.txt,D:\BH\航空项目制\优化\yixingyouhua2(1)\yixingyouhua2\batch_run\airfoils\sample_528.dat,0.0015574793,-3.86697e-05,0.1709158801440524,0.274272325121273,0.3673821632348467,0.179315716190666,0.3431459491055019,0.2189054518616168,-0.1495458832072631,-0.0428291697349132,-0.0590101248051111,-0.0790984624260806,0.0047194962694966,-0.0443717474128054
sample_529,False,ok,2.0,0.782,0.00567,-0.1314,137.9188712522046,0.11029181038601711,0.30861723446893785,D:\BH\航空项目制\优化\yixingyouhua2(1)\yixingyouhua2\batch_run\polars\sample_529_polar.txt,D:\BH\航空项目制\优化\yixingyouhua2(1)\yixingyouhua2\batch_run\airfoils\sample_529.dat,0.0015574793,-3.86697e-05,0.1766506265910103,0.2094324278632638,0.3106757836212048,0.1896173698681024,0.3415452173207968,0.3063819519703989,-0.1373643595879632,-0.0718186645962112,0.0143293875966757,-0.0414997267249654,0.0067814322409681,0.0040447589438253
sample_530,False,ok,2.0,0.7002,0.00558,-0.1043,125.48387096774195,0.12506454934294753,0.344689378757515,D:\BH\航空项目制\优化\yixingyouhua2(1)\yixingyouhua2\batch_run\polars\sample_530_polar.txt,D:\BH\航空项目制\优化\yixingyouhua2(1)\yixingyouhua2\batch_run\airfoils\sample_530.dat,0.0015574793,-3.86697e-05,0.1689314497913288,0.2666019332568755,0.2846219100475873,0.2604062299973516,0.2409347346346557,0.2383895601518449,-0.1858450692316003,-0.0092494997442765,-0.0616811020885324,-0.1284528129313663,0.0771934829602343,-0.0396131415491168
sample_531,False,ok,2.0,0.6835,0.00552,-0.1005,123.82246376811595,0.12133311800980756,0.3166332665330661,D:\BH\航空项目制\优化\yixingyouhua2(1)\yixingyouhua2\batch_run\polars\sample_531_polar.txt,D:\BH\航空项目制\优化\yixingyouhua2(1)\yixingyouhua2\batch_run\airfoils\sample_531.dat,0.0015574793,-3.86697e-05,0.1982374929944265,0.2267395480608414,0.3281504588891862,0.2318747157600155,0.361998881989728,0.2049426555545475,-0.196518846797263,-0.0639973344782441,0.0414327121553397,-0.0954119514387438,-0.0417455276611209,-0.0766700359976309
sample_532,False,ok,2.0,0.7605,0.00593,-0.123,128.24620573355816,0.11043290250939958,0.3306613226452906,D:\BH\航空项目制\优化\yixingyouhua2(1)\yixingyouhua2\batch_run\polars\sample_532_polar.txt,D:\BH\航空项目制\优化\yixingyouhua2(1)\yixingyouhua2\batch_run\airfoils\sample_532.dat,0.0015574793,-3.86697e-05,0.167763314567826,0.2608806324623582,0.2540708907806843,0.2170481788545654,0.3436752190470499,0.2912178737681889,-0.149706610481677,-0.0348129544983282,0.0239995093686323,-0.133820012454856,0.06218709716593,-0.0239508327970329
sample_533,False,ok,2.0,0.6957,0.00598,-0.0969,116.33779264214047,0.14929590257962508,0.2865731462925851,D:\BH\航空项目制\优化\yixingyouhua2(1)\yixingyouhua2\batch_run\polars\sample_533_polar.txt,D:\BH\航空项目制\优化\yixingyouhua2(1)\yixingyouhua2\batch_run\airfoils\sample_533.dat,0.0015574793,-3.86697e-05,0.231012648344321,0.3015122546549335,0.3155183010040864,0.2531947738924484,0.3183962721615038,0.2804429612064607,-0.1781198665040734,-0.1138670984780088,-0.0601202948062896,-0.0729159969311156,-0.0187545904968253,-0.0951913420530259
sample_534,False,ok,2.0,0.6256,0.00704,-0.0804,88.86363636363636,0.12607501476167324,0.25851703406813625,D:\BH\航空项目制\优化\yixingyouhua2(1)\yixingyouhua2\batch_run\polars\sample_534_polar.txt,D:\BH\航空项目制\优化\yixingyouhua2(1)\yixingyouhua2\batch_run\airfoils\sample_534.dat,0.0015574793,-3.86697e-05,0.2794055928075687,0.1930681522412456,0.2446872681874452,0.2540887145412076,0.2435002524590099,0.2211624375381798,-0.1688348989877774,-0.1025916449602209,-0.046589532413728,-0.111013874356563,0.0642407814658464,-0.0655036554757132
sample_535,False,ok,2.0,0.7248,0.00497,-0.1016,145.83501006036218,0.13414303931859264,0.3306613226452906,D:\BH\航空项目制\优化\yixingyouhua2(1)\yixingyouhua2\batch_run\polars\sample_535_polar.txt,D:\BH\航空项目制\优化\yixingyouhua2(1)\yixingyouhua2\batch_run\airfoils\sample_535.dat,0.0015574793,-3.86697e-05,0.1933580815923138,0.2728832710133403,0.3286273027388884,0.2613734919698347,0.2607232662613569,0.2849717151386687,-0.108647661443119,-0.0905998251819779,-0.0366449737849557,-0.0712753572888832,-0.0136652558702995,-0.0531521082756769
sample_536,False,ok,2.0,0.7017,0.00592,-0.0975,118.5304054054054,0.12690205426834986,0.2945891783567134,D:\BH\航空项目制\优化\yixingyouhua2(1)\yixingyouhua2\batch_run\polars\sample_536_polar.txt,D:\BH\航空项目制\优化\yixingyouhua2(1)\yixingyouhua2\batch_run\airfoils\sample_536.dat,0.0015574793,-3.86697e-05,0.2050847626369299,0.2559558855720234,0.3631508417170215,0.162138052331224,0.2841539339084779,0.2977918183670271,-0.179157942567088,-0.0276137430135482,-0.0499931079062071,-0.0379029333412852,0.000588540061382,-0.0878838373081513
sample_537,False,ok,2.0,0.6039,0.00646,-0.0709,93.48297213622291,0.1335565249563759,0.23847695390781562,D:\BH\航空项目制\优化\yixingyouhua2(1)\yixingyouhua2\batch_run\polars\sample_537_polar.txt,D:\BH\航空项目制\优化\yixingyouhua2(1)\yixingyouhua2\batch_run\airfoils\sample_537.dat,0.0015574793,-3.86697e-05,0.2658582155364812,0.2485555194701164,0.248583604019609,0.1580122269206937,0.2799569480440991,0.204859872884506,-0.1794820653560758,-0.1098760113036026,-0.0479155509705807,-0.1235100500682683,-0.0071617849071802,-0.0343560061639235
sample_538,False,ok,2.0,0.6315,0.00637,-0.0803,99.13657770800627,0.12076655841467031,0.2945891783567134,D:\BH\航空项目制\优化\yixingyouhua2(1)\yixingyouhua2\batch_run\polars\sample_538_polar.txt,D:\BH\航空项目制\优化\yixingyouhua2(1)\yixingyouhua2\batch_run\airfoils\sample_538.dat,0.0015574793,-3.86697e-05,0.2535414505356332,0.1790283593303394,0.3204223883016249,0.2059319510044504,0.2915549582315437,0.231687848973217,-0.1510936171706365,-0.0975441797042039,0.0108448012642576,-0.1110614809405056,0.0173796744094119,-0.101516946638643
sample_539,False,ok,2.0,0.7594,0.00586,-0.1147,129.59044368600684,0.1211981196170866,0.2865731462925851,D:\BH\航空项目制\优化\yixingyouhua2(1)\yixingyouhua2\batch_run\polars\sample_539_polar.txt,D:\BH\航空项目制\优化\yixingyouhua2(1)\yixingyouhua2\batch_run\airfoils\sample_539.dat,0.0015574793,-3.86697e-05,0.219460093291342,0.2436322340203147,0.2810912920773472,0.1954241177840961,0.3387413827518577,0.2966030702693525,-0.0986100007486996,-0.1049092824946109,-0.0260808441525568,-0.0373585670112158,0.010309214703929,-0.0142426815812812
sample_540,False,ok,2.0,0.6876,0.00544,-0.0777,126.3970588235294,0.11773542990926608,0.30861723446893785,D:\BH\航空项目制\优化\yixingyouhua2(1)\yixingyouhua2\batch_run\polars\sample_540_polar.txt,D:\BH\航空项目制\优化\yixingyouhua2(1)\yixingyouhua2\batch_run\airfoils\sample_540.dat,0.0015574793,-3.86697e-05,0.2786116595511806,0.197599889033621,0.3523407315928344,0.1650999419964743,0.2391815932550314,0.2643778387576808,-0.1060979923922106,-0.0149301139987474,-0.0728144872575111,-0.0387944877882015,0.0449761162161454,-0.0842356949093239
sample_541,False,ok,2.0,0.7471,0.00542,-0.1146,137.84132841328412,0.12277125583095941,0.3366733466933867,D:\BH\航空项目制\优化\yixingyouhua2(1)\yixingyouhua2\batch_run\polars\sample_541_polar.txt,D:\BH\航空项目制\优化\yixingyouhua2(1)\yixingyouhua2\batch_run\airfoils\sample_541.dat,0.0015574793,-3.86697e-05,0.1855486976848993,0.273641308564245,0.2788935933773144,0.1882288731156392,0.3559231321069614,0.3002300996735449,-0.1186767507583547,-0.0331832951335095,-0.0704944403963257,-0.1077436692494505,0.0803348861372371,-0.0474298455747807
sample_542,False,ok,2.0,0.7443,0.00556,-0.1025,133.86690647482015,0.12570714184787804,0.30260521042084165,D:\BH\航空项目制\优化\yixingyouhua2(1)\yixingyouhua2\batch_run\polars\sample_542_polar.txt,D:\BH\航空项目制\优化\yixingyouhua2(1)\yixingyouhua2\batch_run\airfoils\sample_542.dat,0.0015574793,-3.86697e-05,0.2221140766861627,0.2526077230625635,0.3317620471236231,0.2077048387089648,0.3275425753146992,0.2749595267393806,-0.084107111195149,-0.124870330011346,0.042094720329779,-0.0886194457232393,-0.0177126958568877,-0.0450216100855644
sample_543,False,ok,2.0,0.7263,0.00552,-0.112,131.57608695652175,0.11329123969646598,0.34669338677354705,D:\BH\航空项目制\优化\yixingyouhua2(1)\yixingyouhua2\batch_run\polars\sample_543_polar.txt,D:\BH\航空项目制\优化\yixingyouhua2(1)\yixingyouhua2\batch_run\airfoils\sample_543.dat,0.0015574793,-3.86697e-05,0.1819940103990912,0.1958514331170502,0.3405071548004422,0.2269418572682976,0.2503965209322209,0.3187172393529061,-0.1573761771533275,-0.0414590417311602,0.0069717945660212,-0.058496289267504,-0.0340554504118756,-0.036666248577679
sample_544,False,ok,2.0,0.7013,0.00635,-0.1043,110.44094488188978,0.1184920117154857,0.3366733466933867,D:\BH\航空项目制\优化\yixingyouhua2(1)\yixingyouhua2\batch_run\polars\sample_544_polar.txt,D:\BH\航空项目制\优化\yixingyouhua2(1)\yixingyouhua2\batch_run\airfoils\sample_544.dat,0.0015574793,-3.86697e-05,0.1674375938321817,0.3020518556995055,0.2535572776372035,0.2131395567775805,0.3437902355083858,0.2961082185462532,-0.1811452096479578,-0.005238540691287,-0.0100290043744373,-0.1295843957483722,-0.0145687266007813,-0.0600278509735611
sample_545,False,ok,2.0,0.5815,0.00504,-0.0618,115.37698412698413,0.12918135291936805,0.344689378757515,D:\BH\航空项目制\优化\yixingyouhua2(1)\yixingyouhua2\batch_run\polars\sample_545_polar.txt,D:\BH\航空项目制\优化\yixingyouhua2(1)\yixingyouhua2\batch_run\airfoils\sample_545.dat,0.0015574793,-3.86697e-05,0.2567232167966118,0.1833677175333022,0.333285110808113,0.1742532267914052,0.3115731446616927,0.2060960455587955,-0.1045669095156112,-0.0982277185844278,-0.0572433152035548,-0.1269486523358236,-0.0380729835104354,-0.0961432784373073
sample_546,False,ok,2.0,0.7153,0.00616,-0.0957,116.12012987012989,0.11118405336921977,0.2925851703406813,D:\BH\航空项目制\优化\yixingyouhua2(1)\yixingyouhua2\batch_run\polars\sample_546_polar.txt,D:\BH\航空项目制\优化\yixingyouhua2(1)\yixingyouhua2\batch_run\airfoils\sample_546.dat,0.0015574793,-3.86697e-05,0.2466370034602198,0.2113469175723559,0.3027222040278232,0.2256876740463786,0.3004317809737573,0.2224071352273644,-0.1574844359262291,-0.0055280008127143,-0.0253152005330359,-0.0147753713995535,-0.0149639959661888,-0.0425397213288243
sample_547,False,ok,2.0,0.7287,0.00523,-0.1144,139.33078393881453,0.11066947039651612,0.3306613226452906,D:\BH\航空项目制\优化\yixingyouhua2(1)\yixingyouhua2\batch_run\polars\sample_547_polar.txt,D:\BH\航空项目制\优化\yixingyouhua2(1)\yixingyouhua2\batch_run\airfoils\sample_547.dat,0.0015574793,-3.86697e-05,0.1917815475621632,0.1910814894364678,0.2723683362753714,0.2209328813360618,0.2638068618555575,0.306794572601689,-0.0964572279807821,-0.1102794200656397,0.0228947892721218,-0.1187816769817025,0.0285206023936934,0.0030725964892416
sample_548,False,ok,2.0,0.7969,0.00547,-0.1328,145.6855575868373,0.11064621591237934,0.344689378757515,D:\BH\航空项目制\优化\yixingyouhua2(1)\yixingyouhua2\batch_run\polars\sample_548_polar.txt,D:\BH\航空项目制\优化\yixingyouhua2(1)\yixingyouhua2\batch_run\airfoils\sample_548.dat,0.0015574793,-3.86697e-05,0.1647763612148014,0.2184151346240158,0.3604723401346891,0.2186690846205395,0.3664407766059584,0.2314159136667958,-0.1734886304058935,-0.0180056582735527,0.0452380905500756,-0.0658503275043108,0.0765933028286845,-0.0371130428808779
sample_549,False,ok,2.0,0.7859,0.00583,-0.1129,134.80274442538595,0.12366911251480292,0.35270541082164325,D:\BH\航空项目制\优化\yixingyouhua2(1)\yixingyouhua2\batch_run\polars\sample_549_polar.txt,D:\BH\航空项目制\优化\yixingyouhua2(1)\yixingyouhua2\batch_run\airfoils\sample_549.dat,0.0015574793,-3.86697e-05,0.240522560617319,0.2320159700872511,0.3668515575847614,0.2409027116690169,0.3427630828985098,0.2822282842289215,-0.1450662987722994,-0.0213549408522556,0.0205524917336994,-0.1095867397462992,0.0484638704349705,-0.0785693472564715
sample_550,False,ok,2.0,0.7178,0.00534,-0.0936,134.41947565543072,0.11579923679207783,0.3166332665330661,D:\BH\航空项目制\优化\yixingyouhua2(1)\yixingyouhua2\batch_run\polars\sample_550_polar.txt,D:\BH\航空项目制\优化\yixingyouhua2(1)\yixingyouhua2\batch_run\airfoils\sample_550.dat,0.0015574793,-3.86697e-05,0.1773928031246395,0.2832571094530659,0.3350201701350297,0.1751458421484494,0.317663197239339,0.2335908130404367,-0.097767981569549,-0.0228430971593157,-0.0114938415971014,-0.0248276131490288,-0.0232172500079589,-0.0580663806703633
sample_551,False,ok,2.0,0.6462,0.00559,-0.1028,115.59928443649373,0.11438103059833335,0.2865731462925851,D:\BH\航空项目制\优化\yixingyouhua2(1)\yixingyouhua2\batch_run\polars\sample_551_polar.txt,D:\BH\航空项目制\优化\yixingyouhua2(1)\yixingyouhua2\batch_run\airfoils\sample_551.dat,0.0015574793,-3.86697e-05,0.1626461598287645,0.2114450490516919,0.2590119830352363,0.1698187118927545,0.2786374262113766,0.2503779509181248,-0.1705564094891021,-0.0827186732569882,-0.0477087378534708,-0.0862519825758507,0.079168855566292,-0.052941136784648
sample_552,False,ok,2.0,0.714,0.00482,-0.0952,148.13278008298755,0.12339278199173333,0.35270541082164325,D:\BH\航空项目制\优化\yixingyouhua2(1)\yixingyouhua2\batch_run\polars\sample_552_polar.txt,D:\BH\航空项目制\优化\yixingyouhua2(1)\yixingyouhua2\batch_run\airfoils\sample_552.dat,0.0015574793,-3.86697e-05,0.2410368467875547,0.2072852899426217,0.3184034710199862,0.2492083666559473,0.3049251797530244,0.206546627043131,-0.0899892468688682,-0.1016159808880633,0.0193106033752894,-0.1306481294369566,0.0204705911530384,-0.0279959825224424
sample_553,False,ok,2.0,0.7108,0.00528,-0.0988,134.62121212121212,0.11737997205773684,0.3366733466933867,D:\BH\航空项目制\优化\yixingyouhua2(1)\yixingyouhua2\batch_run\polars\sample_553_polar.txt,D:\BH\航空项目制\优化\yixingyouhua2(1)\yixingyouhua2\batch_run\airfoils\sample_553.dat,0.0015574793,-3.86697e-05,0.2206265836151612,0.1935227813354014,0.3597732395205711,0.2066153720969275,0.2373434089090586,0.3179264413305962,-0.1354400520691188,-0.0205647501764068,-0.0459556666993369,-0.0607346558247872,0.0699754928703099,-0.1076283492195845
sample_554,False,ok,2.0,0.6965,0.00614,-0.1051,113.43648208469057,0.13232989830798456,0.23246492985971942,D:\BH\航空项目制\优化\yixingyouhua2(1)\yixingyouhua2\batch_run\polars\sample_554_polar.txt,D:\BH\航空项目制\优化\yixingyouhua2(1)\yixingyouhua2\batch_run\airfoils\sample_554.dat,0.0015574793,-3.86697e-05,0.188203759190688,0.3022207510369905,0.2630400601671912,0.198485777093753,0.2673454933361393,0.27163618798453,-0.1964125514718819,-0.1241555594349644,0.0089262266459926,-0.0246397694089983,-0.0307553996330653,-0.0195544576602031
sample_555,False,ok,2.0,0.7755,0.00437,-0.1192,177.4599542334096,0.12383357034183906,0.374749498997996,D:\BH\航空项目制\优化\yixingyouhua2(1)\yixingyouhua2\batch_run\polars\sample_555_polar.txt,D:\BH\航空项目制\优化\yixingyouhua2(1)\yixingyouhua2\batch_run\airfoils\sample_555.dat,0.0015574793,-3.86697e-05,0.1796415612121125,0.22234797682883,0.3407049395693565,0.2591001662784185,0.3191161942645579,0.2379482617843591,-0.0950398363942381,-0.0375788428195328,-0.0656046409035161,-0.0323408685870939,-0.0064641238162538,-0.0026023296401428
sample_556,False,ok,2.0,0.734,0.00505,-0.1076,145.34653465346534,0.09395723526665029,0.406813627254509,D:\BH\航空项目制\优化\yixingyouhua2(1)\yixingyouhua2\batch_run\polars\sample_556_polar.txt,D:\BH\航空项目制\优化\yixingyouhua2(1)\yixingyouhua2\batch_run\airfoils\sample_556.dat,0.0015574793,-3.86697e-05,0.1979788581148171,0.1772317239340993,0.2774837618951123,0.1851856026110631,0.338825440014017,0.2405317487995661,-0.0720112291170004,-0.0214675163648294,0.0423306753887343,-0.1113709865377667,0.0637723226100954,-0.0219200222892418
sample_557,False,ok,2.0,0.7688,0.00531,-0.1277,144.78342749529193,0.12900606679207782,0.3166332665330661,D:\BH\航空项目制\优化\yixingyouhua2(1)\yixingyouhua2\batch_run\polars\sample_557_polar.txt,D:\BH\航空项目制\优化\yixingyouhua2(1)\yixingyouhua2\batch_run\airfoils\sample_557.dat,0.0015574793,-3.86697e-05,0.168150135264196,0.234123922525771,0.3518829988078567,0.245220676189941,0.3285831202299825,0.2827231558430272,-0.1447444821014847,-0.1141991459888732,-0.0070232394370867,-0.0201147082942103,-0.0248206214730008,-0.027770351970174
sample_558,False,ok,2.0,0.6802,0.00554,-0.0948,122.77978339350182,0.12818672561358155,0.2945891783567134,D:\BH\航空项目制\优化\yixingyouhua2(1)\yixingyouhua2\batch_run\polars\sample_558_polar.txt,D:\BH\航空项目制\优化\yixingyouhua2(1)\yixingyouhua2\batch_run\airfoils\sample_558.dat,0.0015574793,-3.86697e-05,0.2336950367783568,0.1985977198488602,0.3279405452029262,0.255642448823532,0.2397391907415003,0.2736592276773911,-0.1413137825072593,-0.1274246051040024,-0.0172699993490095,-0.0294686796240626,-0.0226420350992097,-0.0756497814643023
sample_559,False,ok,2.0,0.7807,0.00645,-0.1155,121.03875968992247,0.125284248327693,0.23847695390781562,D:\BH\航空项目制\优化\yixingyouhua2(1)\yixingyouhua2\batch_run\polars\sample_559_polar.txt,D:\BH\航空项目制\优化\yixingyouhua2(1)\yixingyouhua2\batch_run\airfoils\sample_559.dat,0.0015574793,-3.86697e-05,0.2661846168807763,0.2375309560825577,0.3104529748890868,0.2481309886124319,0.3536472577033552,0.1966864428504199,-0.1968262232852354,-0.0497767842450745,0.0128409379657458,-0.0438272670978132,0.0105763842414686,0.0083950330483802
sample_560,False,ok,2.0,0.7405,0.00492,-0.0878,150.50813008130083,0.1231107959706109,0.3226452905811623,D:\BH\航空项目制\优化\yixingyouhua2(1)\yixingyouhua2\batch_run\polars\sample_560_polar.txt,D:\BH\航空项目制\优化\yixingyouhua2(1)\yixingyouhua2\batch_run\airfoils\sample_560.dat,0.0015574793,-3.86697e-05,0.2659018186375925,0.2427279934733024,0.3607687872620859,0.1715783497779784,0.3103938930888219,0.2178324744397865,-0.0954823436665585,-0.0360589048092171,-0.0028701175347067,-0.095770623290898,-0.039816678615103,0.0054554837127554
sample_561,False,ok,2.0,0.6902,0.00573,-0.1126,120.45375218150089,0.11963109250185355,0.2745490981963928,D:\BH\航空项目制\优化\yixingyouhua2(1)\yixingyouhua2\batch_run\polars\sample_561_polar.txt,D:\BH\航空项目制\优化\yixingyouhua2(1)\yixingyouhua2\batch_run\airfoils\sample_561.dat,0.0015574793,-3.86697e-05,0.1631335609014861,0.2408021140868893,0.2739926025981812,0.16262802653148,0.3403708036078464,0.2695066847747091,-0.1565310195441542,-0.1210300213321282,0.0059688413955225,-0.0975678619495221,0.0586209721502811,-0.0521859296305129
sample_562,False,ok,2.0,0.6661,0.00493,-0.0935,135.11156186612575,0.13723496450036024,0.3386773547094188,D:\BH\航空项目制\优化\yixingyouhua2(1)\yixingyouhua2\batch_run\polars\sample_562_polar.txt,D:\BH\航空项目制\优化\yixingyouhua2(1)\yixingyouhua2\batch_run\airfoils\sample_562.dat,0.0015574793,-3.86697e-05,0.1706336494069921,0.2785526375180345,0.307387012003921,0.2506945594481053,0.2730662685546019,0.3073620440367127,-0.1093633743308074,-0.1206016074921204,-0.0360512027153324,-0.1129758239526734,-0.0253810799645006,-0.090619629998321
sample_563,False,ok,2.0,0.7257,0.00554,-0.0989,130.9927797833935,0.1278650546757312,0.30260521042084165,D:\BH\航空项目制\优化\yixingyouhua2(1)\yixingyouhua2\batch_run\polars\sample_563_polar.txt,D:\BH\航空项目制\优化\yixingyouhua2(1)\yixingyouhua2\batch_run\airfoils\sample_563.dat,0.0015574793,-3.86697e-05,0.2135127819573903,0.2748864345018429,0.3226825862192926,0.2596603250133166,0.365241406513985,0.2093338034721144,-0.1260228149318744,-0.0880096619017226,0.021826632629955,-0.0456833046825648,-0.0027938158383405,-0.1069192919449453
sample_564,False,ok,2.0,0.652,0.0054,-0.0986,120.74074074074073,0.12430305127379022,0.3166332665330661,D:\BH\航空项目制\优化\yixingyouhua2(1)\yixingyouhua2\batch_run\polars\sample_564_polar.txt,D:\BH\航空项目制\优化\yixingyouhua2(1)\yixingyouhua2\batch_run\airfoils\sample_564.dat,0.0015574793,-3.86697e-05,0.1872784468426002,0.212331581895783,0.2898530127765399,0.1859314758779935,0.3553970691220873,0.2069158761554358,-0.1416135453558487,-0.1190715936288784,-0.0295268215451508,-0.1134334903214384,0.0317520607380211,-0.0563401352718102
sample_565,False,ok,2.0,0.7284,0.00552,-0.106,131.95652173913044,0.11682968674106288,0.30260521042084165,D:\BH\航空项目制\优化\yixingyouhua2(1)\yixingyouhua2\batch_run\polars\sample_565_polar.txt,D:\BH\航空项目制\优化\yixingyouhua2(1)\yixingyouhua2\batch_run\airfoils\sample_565.dat,0.0015574793,-3.86697e-05,0.1802566251308668,0.2888143311613556,0.256058659507855,0.2253353743190905,0.2927006071771331,0.2750890869668934,-0.1329127770833724,-0.021979558242506,-0.0533668875737378,-0.0437452614623864,0.0471334142900392,-0.0562748819055036
sample_566,False,ok,2.0,0.6603,0.00626,-0.0924,105.47923322683707,0.12340104199258932,0.3547094188376753,D:\BH\航空项目制\优化\yixingyouhua2(1)\yixingyouhua2\batch_run\polars\sample_566_polar.txt,D:\BH\航空项目制\优化\yixingyouhua2(1)\yixingyouhua2\batch_run\airfoils\sample_566.dat,0.0015574793,-3.86697e-05,0.2414813458795991,0.1862883374865011,0.2941687256517207,0.2378606266043663,0.3490174159070967,0.1979100057411796,-0.1531006189299048,-0.060315178592528,-0.0562583755011071,-0.0958577826081624,0.0015450237295291,-0.0530339065999952
sample_567,False,ok,2.0,0.7566,0.00509,-0.1106,148.64440078585463,0.14199419014457523,0.34669338677354705,D:\BH\航空项目制\优化\yixingyouhua2(1)\yixingyouhua2\batch_run\polars\sample_567_polar.txt,D:\BH\航空项目制\优化\yixingyouhua2(1)\yixingyouhua2\batch_run\airfoils\sample_567.dat,0.0015574793,-3.86697e-05,0.2463057603512038,0.2322912069122078,0.3461674405326495,0.2607844213480508,0.330460579937989,0.282437299789664,-0.1265895183848375,-0.0909465454883751,-0.0778079551680718,-0.0771219861313627,-0.0415385595393872,-0.0174184612665115
sample_568,False,ok,2.0,0.6615,0.0063,-0.0798,105.0,0.13432563164396702,0.22645290581162322,D:\BH\航空项目制\优化\yixingyouhua2(1)\yixingyouhua2\batch_run\polars\sample_568_polar.txt,D:\BH\航空项目制\优化\yixingyouhua2(1)\yixingyouhua2\batch_run\airfoils\sample_568.dat,0.0015574793,-3.86697e-05,0.2553043059332106,0.2919013184380769,0.2567365847986333,0.1426235620598414,0.2804841016749156,0.218338803679609,-0.1553292444741161,-0.1213776120146829,-0.0181752940837156,-0.065113611131901,0.0029206835826934,-0.0257222258782909
sample_569,False,ok,2.0,0.7231,0.00607,-0.1126,119.12685337726523,0.12282509524511397,0.2865731462925851,D:\BH\航空项目制\优化\yixingyouhua2(1)\yixingyouhua2\batch_run\polars\sample_569_polar.txt,D:\BH\航空项目制\优化\yixingyouhua2(1)\yixingyouhua2\batch_run\airfoils\sample_569.dat,0.0015574793,-3.86697e-05,0.1992527072229143,0.2558984886621703,0.2481048261243639,0.2170685791502747,0.3202438325068297,0.2770859442540586,-0.156050480275306,-0.0989957382134655,0.0007842278318959,-0.1242594951701924,-0.0062237912191811,0.0115731290228185
sample_570,False,ok,2.0,0.6427,0.00615,-0.0817,104.50406504065042,0.115509970805175,0.3306613226452906,D:\BH\航空项目制\优化\yixingyouhua2(1)\yixingyouhua2\batch_run\polars\sample_570_polar.txt,D:\BH\航空项目制\优化\yixingyouhua2(1)\yixingyouhua2\batch_run\airfoils\sample_570.dat,0.0015574793,-3.86697e-05,0.2429339392076799,0.184697090098654,0.2786660568374663,0.2423189717887146,0.3231385659425869,0.2087893776601267,-0.0861027524006541,-0.1020402449738492,-0.0080975060029258,-0.0840529082342007,0.0421389470795647,-0.10854986552306
sample_571,False,ok,2.0,0.7043,0.00507,-0.1011,138.91518737672584,0.12269400853612972,0.3166332665330661,D:\BH\航空项目制\优化\yixingyouhua2(1)\yixingyouhua2\batch_run\polars\sample_571_polar.txt,D:\BH\航空项目制\优化\yixingyouhua2(1)\yixingyouhua2\batch_run\airfoils\sample_571.dat,0.0015574793,-3.86697e-05,0.1987268209374845,0.2147491115128206,0.3588128848839563,0.1488298315693052,0.2600154410951348,0.3119135235576513,-0.1297672358158192,-0.0531823634871138,-0.0694701509361088,-0.0475070767546184,-0.0037954451189845,-0.0380443777797438
sample_572,False,ok,2.0,0.7744,0.00577,-0.1336,134.21143847487002,0.10006250137484106,0.3166332665330661,D:\BH\航空项目制\优化\yixingyouhua2(1)\yixingyouhua2\batch_run\polars\sample_572_polar.txt,D:\BH\航空项目制\优化\yixingyouhua2(1)\yixingyouhua2\batch_run\airfoils\sample_572.dat,0.0015574793,-3.86697e-05,0.1558262034878733,0.2232929565366758,0.2654367725356198,0.2083700330065325,0.3510473211194446,0.3020986698875647,-0.1725799918796611,-0.0112959132436517,0.0210951628694552,-0.0576429389427586,0.0507101207880993,-0.0267737089091254
sample_573,False,ok,2.0,0.7702,0.00691,-0.1178,111.46164978292329,0.10532766951782366,0.2945891783567134,D:\BH\航空项目制\优化\yixingyouhua2(1)\yixingyouhua2\batch_run\polars\sample_573_polar.txt,D:\BH\航空项目制\优化\yixingyouhua2(1)\yixingyouhua2\batch_run\airfoils\sample_573.dat,0.0015574793,-3.86697e-05,0.243721871009143,0.1804842389031312,0.314284004051765,0.2197488035947797,0.3175580039651084,0.2629049351705318,-0.167333707076374,-0.0111620056773716,0.0279227216895231,-0.0756214522669988,0.0631778822835247,-0.0144822358696565
sample_574,False,ok,2.0,0.6026,0.00606,-0.0778,99.43894389438944,0.11519253195325628,0.2444889779559118,D:\BH\航空项目制\优化\yixingyouhua2(1)\yixingyouhua2\batch_run\polars\sample_574_polar.txt,D:\BH\航空项目制\优化\yixingyouhua2(1)\yixingyouhua2\batch_run\airfoils\sample_574.dat,0.0015574793,-3.86697e-05,0.1817987454541272,0.2671531824615647,0.2437234477345577,0.1491964778565605,0.3299154294256656,0.2031839145208747,-0.1538758304758323,-0.0997556681698342,0.0335127730203224,-0.0871140501726568,0.0044006219526625,-0.1032084716927705
sample_575,False,ok,2.0,0.6549,0.00555,-0.0911,118.0,0.10771226891760848,0.2785571142284569,D:\BH\航空项目制\优化\yixingyouhua2(1)\yixingyouhua2\batch_run\polars\sample_575_polar.txt,D:\BH\航空项目制\优化\yixingyouhua2(1)\yixingyouhua2\batch_run\airfoils\sample_575.dat,0.0015574793,-3.86697e-05,0.1895482568093089,0.1896471866130862,0.3414882601055401,0.1587113458534776,0.2637020215161771,0.1964622362473018,-0.1740480730170952,-0.0551502480299678,0.0468603954455071,-0.074898973462651,-0.0030679876707338,-0.0302076777289641
sample_576,False,ok,2.0,0.6627,0.00593,-0.1006,111.7537942664418,0.11184018463836029,0.26452905811623245,D:\BH\航空项目制\优化\yixingyouhua2(1)\yixingyouhua2\batch_run\polars\sample_576_polar.txt,D:\BH\航空项目制\优化\yixingyouhua2(1)\yixingyouhua2\batch_run\airfoils\sample_576.dat,0.0015574793,-3.86697e-05,0.1859297987289505,0.2053426148322717,0.2812485620824988,0.1637384119597963,0.3083861501610654,0.2759696210863045,-0.1508726208243243,-0.112842908948996,0.0342017705191522,-0.0757098683811611,-0.011920574576121,-0.0524511379958154
sample_577,False,ok,2.0,0.7877,0.00616,-0.1197,127.87337662337663,0.12566477751420124,0.30861723446893785,D:\BH\航空项目制\优化\yixingyouhua2(1)\yixingyouhua2\batch_run\polars\sample_577_polar.txt,D:\BH\航空项目制\优化\yixingyouhua2(1)\yixingyouhua2\batch_run\airfoils\sample_577.dat,0.0015574793,-3.86697e-05,0.2525498975868408,0.2250841742615811,0.2886105532858646,0.2544291354203944,0.3143772721214796,0.2981704682824703,-0.112438981837405,-0.1102243726211101,0.0015489048211851,-0.1000129934274673,0.0256344292097409,0.0136836809139892
sample_578,False,ok,2.0,0.7081,0.00553,-0.103,128.04701627486438,0.13106104443824687,0.30861723446893785,D:\BH\航空项目制\优化\yixingyouhua2(1)\yixingyouhua2\batch_run\polars\sample_578_polar.txt,D:\BH\航空项目制\优化\yixingyouhua2(1)\yixingyouhua2\batch_run\airfoils\sample_578.dat,0.0015574793,-3.86697e-05,0.1891387363462319,0.2826803135166332,0.3062462851582166,0.2132601814595753,0.3295474359729912,0.2873959575244261,-0.131068951434052,-0.0873555094942483,-0.0364823982854428,-0.0798115020709588,0.0510083636446272,-0.1043734815439118
sample_579,False,ok,2.0,0.8106,0.00508,-0.1281,159.56692913385825,0.11006176976376561,0.3667334669338677,D:\BH\航空项目制\优化\yixingyouhua2(1)\yixingyouhua2\batch_run\polars\sample_579_polar.txt,D:\BH\航空项目制\优化\yixingyouhua2(1)\yixingyouhua2\batch_run\airfoils\sample_579.dat,0.0015574793,-3.86697e-05,0.1723625225891356,0.2374061293103412,0.3253296497721483,0.2528357617956813,0.3319395010216979,0.3016509501989088,-0.0974688978384937,-0.0271978803061329,0.027320845463008,-0.0517381776121742,0.0610548003100623,-0.06320746928239
sample_580,False,ok,2.0,0.7463,0.00574,-0.1156,130.01742160278744,0.11352324878233276,0.2865731462925851,D:\BH\航空项目制\优化\yixingyouhua2(1)\yixingyouhua2\batch_run\polars\sample_580_polar.txt,D:\BH\航空项目制\优化\yixingyouhua2(1)\yixingyouhua2\batch_run\airfoils\sample_580.dat,0.0015574793,-3.86697e-05,0.1734190097849169,0.2648511323065233,0.2944305959591149,0.2200154204093769,0.2940305499673528,0.2166190002220285,-0.1939434903006477,-0.0190408691022826,0.0334823619398403,-0.1073587765792349,0.0732192285343748,-0.0075843540861591
sample_581,False,ok,2.0,0.6874,0.00538,-0.0902,127.76951672862454,0.1201046411448367,0.3006012024048096,D:\BH\航空项目制\优化\yixingyouhua2(1)\yixingyouhua2\batch_run\polars\sample_581_polar.txt,D:\BH\航空项目制\优化\yixingyouhua2(1)\yixingyouhua2\batch_run\airfoils\sample_581.dat,0.0015574793,-3.86697e-05,0.2147900813242471,0.2674264020606325,0.252225576274519,0.1436249139754137,0.3475925688274506,0.2411514836629135,-0.0754546366889676,-0.0960611870808415,-0.0329311219746431,-0.1075336111110676,-0.0219762064273302,-0.001990232727253
sample_582,False,ok,2.0,0.7037,0.00537,-0.0951,131.04283054003724,0.13443028926041856,0.30260521042084165,D:\BH\航空项目制\优化\yixingyouhua2(1)\yixingyouhua2\batch_run\polars\sample_582_polar.txt,D:\BH\航空项目制\优化\yixingyouhua2(1)\yixingyouhua2\batch_run\airfoils\sample_582.dat,0.0015574793,-3.86697e-05,0.2248527775079491,0.2611191909431292,0.3493802244813588,0.1479902145368967,0.310783084987377,0.2867700509680537,-0.1363161464808626,-0.0726206240770201,-0.0661566238561028,-0.0842547902061382,0.0058003910791964,-0.0527253222970393
sample_583,False,ok,2.0,0.6715,0.00616,-0.1047,109.00974025974027,0.11048545307527394,0.23046092184368736,D:\BH\航空项目制\优化\yixingyouhua2(1)\yixingyouhua2\batch_run\polars\sample_583_polar.txt,D:\BH\航空项目制\优化\yixingyouhua2(1)\yixingyouhua2\batch_run\airfoils\sample_583.dat,0.0015574793,-3.86697e-05,0.1887935425592324,0.2163404328453014,0.2486703920059706,0.1342078395619795,0.3117204309150143,0.2690154304520685,-0.1621724449774527,-0.1007485065492501,-0.003317929452681,-0.0175693881651967,0.0313217760493004,-0.0442382170185159
sample_584,False,ok,2.0,0.7146,0.00601,-0.0915,118.90183028286191,0.12946239795311715,0.25250501002004005,D:\BH\航空项目制\优化\yixingyouhua2(1)\yixingyouhua2\batch_run\polars\sample_584_polar.txt,D:\BH\航空项目制\优化\yixingyouhua2(1)\yixingyouhua2\batch_run\airfoils\sample_584.dat,0.0015574793,-3.86697e-05,0.2150173082647888,0.3030277099558836,0.3629606621858671,0.1444615890213788,0.3081031402082382,0.201862300224979,-0.1635999075009463,-0.06714531978393,0.0322168592450082,-0.0496304933497742,0.0778605038730108,-0.0896702300179052
sample_585,False,ok,2.0,0.7159,0.00563,-0.0993,127.15808170515098,0.11841991302783997,0.3166332665330661,D:\BH\航空项目制\优化\yixingyouhua2(1)\yixingyouhua2\batch_run\polars\sample_585_polar.txt,D:\BH\航空项目制\优化\yixingyouhua2(1)\yixingyouhua2\batch_run\airfoils\sample_585.dat,0.0015574793,-3.86697e-05,0.2188075582048138,0.2699091779842343,0.2581624836358692,0.2024212662721674,0.3070404032315832,0.3083048636981701,-0.1345357833403014,-0.0121500311737902,-0.0640257269430544,-0.0817468045636095,0.0079018389003312,-0.0454268556922161
sample_586,False,ok,2.0,0.6196,0.00506,-0.0673,122.4505928853755,0.12621625389703486,0.3226452905811623,D:\BH\航空项目制\优化\yixingyouhua2(1)\yixingyouhua2\batch_run\polars\sample_586_polar.txt,D:\BH\航空项目制\优化\yixingyouhua2(1)\yixingyouhua2\batch_run\airfoils\sample_586.dat,0.0015574793,-3.86697e-05,0.2116154882951506,0.2928367162936294,0.2634262996757349,0.2080973990170703,0.2545988404968308,0.198861848005814,-0.1272866641385842,-0.0323679353443529,-0.0615323765844459,-0.1348624133718137,0.0079907572044366,-0.0646387375937733
sample_587,False,ok,2.0,0.7439,0.00555,-0.1075,134.03603603603602,0.11854230160963859,0.35270541082164325,D:\BH\航空项目制\优化\yixingyouhua2(1)\yixingyouhua2\batch_run\polars\sample_587_polar.txt,D:\BH\航空项目制\优化\yixingyouhua2(1)\yixingyouhua2\batch_run\airfoils\sample_587.dat,0.0015574793,-3.86697e-05,0.2363828103045119,0.2136975598624037,0.2680344678948961,0.254018320912735,0.2703719798195202,0.3041430972605515,-0.099664898624515,-0.0580798142694287,-0.045849875237241,-0.0868748810222549,-0.0174965523698801,0.01344766117067
sample_588,False,ok,2.0,0.7331,0.00614,-0.1163,119.39739413680782,0.12469635412638301,0.3246492985971944,D:\BH\航空项目制\优化\yixingyouhua2(1)\yixingyouhua2\batch_run\polars\sample_588_polar.txt,D:\BH\航空项目制\优化\yixingyouhua2(1)\yixingyouhua2\batch_run\airfoils\sample_588.dat,0.0015574793,-3.86697e-05,0.2293843003772319,0.2106782267491816,0.3063224303633937,0.2387909980664382,0.3625500124162042,0.2871084903654062,-0.1868595940791435,-0.0442386825204687,-0.0482513190324558,-0.0877616521425607,0.0768800011179996,-0.0913454081516534
sample_589,False,ok,2.0,0.6825,0.00578,-0.104,118.0795847750865,0.12236772434524129,0.2945891783567134,D:\BH\航空项目制\优化\yixingyouhua2(1)\yixingyouhua2\batch_run\polars\sample_589_polar.txt,D:\BH\航空项目制\优化\yixingyouhua2(1)\yixingyouhua2\batch_run\airfoils\sample_589.dat,0.0015574793,-3.86697e-05,0.2135334200042578,0.179462798713207,0.3343849147642617,0.1972706581147014,0.2986194334837365,0.3116593675324144,-0.1465850464196358,-0.1199715351765938,-0.021211979934179,-0.0254813248541606,-0.030898199389276,-0.0759676699216808
sample_590,False,ok,2.0,0.7687,0.0055,-0.1175,139.76363636363638,0.1278295431640945,0.31462925851703405,D:\BH\航空项目制\优化\yixingyouhua2(1)\yixingyouhua2\batch_run\polars\sample_590_polar.txt,D:\BH\航空项目制\优化\yixingyouhua2(1)\yixingyouhua2\batch_run\airfoils\sample_590.dat,0.0015574793,-3.86697e-05,0.2199839953304974,0.2490069538787887,0.3041312003840845,0.2167004226537263,0.3573679028495465,0.2378611847737722,-0.1417770669676471,-0.0712995337703201,-0.0426057309331352,-0.0733372070264909,0.0091074898367826,0.0132982596280174
sample_591,False,ok,2.0,0.8203,0.00606,-0.1125,135.36303630363037,0.1284719932703614,0.26452905811623245,D:\BH\航空项目制\优化\yixingyouhua2(1)\yixingyouhua2\batch_run\polars\sample_591_polar.txt,D:\BH\航空项目制\优化\yixingyouhua2(1)\yixingyouhua2\batch_run\airfoils\sample_591.dat,0.0015574793,-3.86697e-05,0.263110885988336,0.28175559256166,0.3611466371427987,0.1985878585184202,0.3236260561939591,0.2362815183495876,-0.1512193161019821,-0.0270830456654471,-0.0068950236802728,-0.0275195439919392,0.0788425868117006,-0.0283552909980788
sample_592,False,ok,2.0,0.7798,0.00452,-0.1116,172.52212389380534,0.12287575465916963,0.374749498997996,D:\BH\航空项目制\优化\yixingyouhua2(1)\yixingyouhua2\batch_run\polars\sample_592_polar.txt,D:\BH\航空项目制\优化\yixingyouhua2(1)\yixingyouhua2\batch_run\airfoils\sample_592.dat,0.0015574793,-3.86697e-05,0.2027884676352656,0.2393816470335989,0.3621969302877755,0.2457297309279449,0.284552710356759,0.3037446988909089,-0.0948417171088943,-0.0142337312645665,-0.0232020800374494,-0.0792533034098686,0.0140946084649962,-0.0433042961534246
sample_593,False,ok,2.0,0.6995,0.00624,-0.0871,112.09935897435898,0.13116006711877512,0.25851703406813625,D:\BH\航空项目制\优化\yixingyouhua2(1)\yixingyouhua2\batch_run\polars\sample_593_polar.txt,D:\BH\航空项目制\优化\yixingyouhua2(1)\yixingyouhua2\batch_run\airfoils\sample_593.dat,0.0015574793,-3.86697e-05,0.2682708916349517,0.252964416644201,0.3548332737816088,0.1498499902382573,0.3424582983980002,0.2372010010012956,-0.1688310430521732,-0.0636834906787736,0.0012084835082304,-0.0932304902252833,0.0214409404518706,-0.0861899162709608
sample_594,False,ok,2.0,0.7039,0.00628,-0.0811,112.08598726114649,0.12727949617453407,0.2945891783567134,D:\BH\航空项目制\优化\yixingyouhua2(1)\yixingyouhua2\batch_run\polars\sample_594_polar.txt,D:\BH\航空项目制\优化\yixingyouhua2(1)\yixingyouhua2\batch_run\airfoils\sample_594.dat,0.0015574793,-3.86697e-05,0.2727678350862215,0.2706751611396067,0.322975606418006,0.1939560725625793,0.336299619845402,0.2892131822613852,-0.1170041690819299,-0.0542614416006133,0.0046221341656366,-0.0963042456339001,-0.0345899777317949,-0.1010586631628264
sample_595,False,ok,2.0,0.7033,0.00593,-0.1156,118.60033726812816,0.10860966550208272,0.2444889779559118,D:\BH\航空项目制\优化\yixingyouhua2(1)\yixingyouhua2\batch_run\polars\sample_595_polar.txt,D:\BH\航空项目制\优化\yixingyouhua2(1)\yixingyouhua2\batch_run\airfoils\sample_595.dat,0.0015574793,-3.86697e-05,0.1786938942177315,0.2047552316495515,0.2478164831753531,0.197854882445516,0.3147429061452531,0.2227038329680467,-0.1618415055279046,-0.1064181637731749,0.0137355559861947,-0.0142512767281887,0.0405158540623414,-0.0121124361120427
sample_596,False,ok,2.0,0.7203,0.00548,-0.1018,131.44160583941607,0.1166401886304992,0.3226452905811623,D:\BH\航空项目制\优化\yixingyouhua2(1)\yixingyouhua2\batch_run\polars\sample_596_polar.txt,D:\BH\航空项目制\优化\yixingyouhua2(1)\yixingyouhua2\batch_run\airfoils\sample_596.dat,0.0015574793,-3.86697e-05,0.2289977616639392,0.1950131803374186,0.3322891894066827,0.1803976769645151,0.2533203737138503,0.3205243590672354,-0.1248374288643534,-0.0643057062472019,-0.0048624459016628,-0.0969631839062974,-0.0286308950350285,-0.0065292376357046
sample_597,False,ok,2.0,0.8023,0.00575,-0.1113,139.5304347826087,0.09765766544495566,0.25851703406813625,D:\BH\航空项目制\优化\yixingyouhua2(1)\yixingyouhua2\batch_run\polars\sample_597_polar.txt,D:\BH\航空项目制\优化\yixingyouhua2(1)\yixingyouhua2\batch_run\airfoils\sample_597.dat,0.0015574793,-3.86697e-05,0.2410810674751855,0.2217181554717259,0.2949321077844473,0.1415147296111659,0.2759400432718237,0.2945910445120134,-0.0699647572113132,-0.0256005165018208,0.028603189508204,-0.0201633789054501,0.073634710699947,0.0080252729630112
sample_598,False,ok,2.0,0.7167,0.00525,-0.1025,136.5142857142857,0.12624878159968836,0.4128256513026052,D:\BH\航空项目制\优化\yixingyouhua2(1)\yixingyouhua2\batch_run\polars\sample_598_polar.txt,D:\BH\航空项目制\优化\yixingyouhua2(1)\yixingyouhua2\batch_run\airfoils\sample_598.dat,0.0015574793,-3.86697e-05,0.244466921411729,0.1792654539618161,0.3527466425040529,0.2219021774037204,0.3448678854977226,0.324658546919259,-0.1313516817158181,-0.0096867724931242,-0.0566897319291007,-0.1309407286818179,0.0096931122830268,-0.0822993933447284
sample_599,False,ok,2.0,0.76,0.0057,-0.1007,133.33333333333334,0.10866468458825419,0.3366733466933867,D:\BH\航空项目制\优化\yixingyouhua2(1)\yixingyouhua2\batch_run\polars\sample_599_polar.txt,D:\BH\航空项目制\优化\yixingyouhua2(1)\yixingyouhua2\batch_run\airfoils\sample_599.dat,0.0015574793,-3.86697e-05,0.2566709945576193,0.1951639647433618,0.345968927792946,0.209671058592533,0.3240917794118733,0.2558092805878802,-0.0952278181358996,-0.014783768398297,0.0057681745331966,-0.0331593489080118,0.0282482556204782,-0.0675070572676383
sample_600,False,ok,2.0,0.6062,0.00482,-0.0734,125.76763485477179,0.11832605561052954,0.3226452905811623,D:\BH\航空项目制\优化\yixingyouhua2(1)\yixingyouhua2\batch_run\polars\sample_600_polar.txt,D:\BH\航空项目制\优化\yixingyouhua2(1)\yixingyouhua2\batch_run\airfoils\sample_600.dat,0.0015574793,-3.86697e-05,0.196000213705365,0.1944111971939813,0.3314432219857854,0.1600157585298344,0.2425128785849534,0.2284177353199122,-0.085703674487569,-0.1029756953033428,-0.0343639847774448,-0.087454379168172,0.0406030909320153,-0.1028122513072591
sample_601,False,ok,2.0,0.7476,0.00637,-0.1143,117.36263736263737,0.10761905349555764,0.3607214428857715,D:\BH\航空项目制\优化\yixingyouhua2(1)\yixingyouhua2\batch_run\polars\sample_601_polar.txt,D:\BH\航空项目制\优化\yixingyouhua2(1)\yixingyouhua2\batch_run\airfoils\sample_601.dat,0.0015574793,-3.86697e-05,0.2327285639222476,0.1990318246230597,0.2461217079113153,0.2351807755775314,0.3186883161611943,0.2919522348525932,-0.1256351499645639,-0.0196963556762883,-0.0263943764161252,-0.1128251311934968,0.0710396039834274,-0.0101737764846537
sample_602,False,ok,2.0,0.7233,0.00573,-0.1062,126.23036649214662,0.11942838581251455,0.3166332665330661,D:\BH\航空项目制\优化\yixingyouhua2(1)\yixingyouhua2\batch_run\polars\sample_602_polar.txt,D:\BH\航空项目制\优化\yixingyouhua2(1)\yixingyouhua2\batch_run\airfoils\sample_602.dat,0.0015574793,-3.86697e-05,0.242670578966828,0.1791628389080818,0.3376582069722935,0.1531866505308521,0.3250076698109759,0.2588184188048483,-0.1385252041743055,-0.0481364663018289,-0.0711178605478728,-0.0690216122081641,0.0519721122101216,-0.0186973176136516
sample_603,False,ok,2.0,0.7028,0.00524,-0.0872,134.12213740458014,0.12266221798216106,0.3306613226452906,D:\BH\航空项目制\优化\yixingyouhua2(1)\yixingyouhua2\batch_run\polars\sample_603_polar.txt,D:\BH\航空项目制\优化\yixingyouhua2(1)\yixingyouhua2\batch_run\airfoils\sample_603.dat,0.0015574793,-3.86697e-05,0.2475238652253436,0.2327658565508911,0.3418865328978398,0.1423315615123213,0.3038175854906098,0.3220614192885311,-0.0886076163460534,-0.0288120888874555,-0.0656563800513699,-0.1018835072517496,0.0397449997624046,-0.0870466652571706
sample_604,False,ok,2.0,0.7568,0.00557,-0.1063,135.87073608617595,0.1279724837239378,0.3006012024048096,D:\BH\航空项目制\优化\yixingyouhua2(1)\yixingyouhua2\batch_run\polars\sample_604_polar.txt,D:\BH\航空项目制\优化\yixingyouhua2(1)\yixingyouhua2\batch_run\airfoils\sample_604.dat,0.0015574793,-3.86697e-05,0.2558694067251956,0.2355807125150629,0.3278937514754825,0.1785125370699913,0.3054315630459796,0.2456819793884371,-0.1447156675622887,-0.0459372489222953,-0.0585729981902528,-0.1051433304273698,0.0799346516038034,-0.000935966071371
sample_605,False,ok,2.0,0.7017,0.0058,-0.0886,120.98275862068967,0.12668757671673492,0.2945891783567134,D:\BH\航空项目制\优化\yixingyouhua2(1)\yixingyouhua2\batch_run\polars\sample_605_polar.txt,D:\BH\航空项目制\优化\yixingyouhua2(1)\yixingyouhua2\batch_run\airfoils\sample_605.dat,0.0015574793,-3.86697e-05,0.2298328178244131,0.2539562142254897,0.3691425130208566,0.2189280253224964,0.2559202510342922,0.250767494358295,-0.1718279578520379,-0.0402370778585857,0.0152684870846209,-0.0621498036020439,-0.0431175105165432,-0.0704299793447648
sample_606,False,ok,2.0,0.7284,0.00541,-0.1215,134.6395563770795,0.12716433598045307,0.30260521042084165,D:\BH\航空项目制\优化\yixingyouhua2(1)\yixingyouhua2\batch_run\polars\sample_606_polar.txt,D:\BH\航空项目制\优化\yixingyouhua2(1)\yixingyouhua2\batch_run\airfoils\sample_606.dat,0.0015574793,-3.86697e-05,0.1928177240022135,0.2047966521741473,0.296688150701664,0.2480906248596842,0.297198802766437,0.2694490389490064,-0.1561224561765019,-0.1203673488336382,-0.0541051124672697,-0.0454621156218958,0.0577496379388167,-0.033671821287568
sample_607,False,ok,2.0,0.7243,0.00648,-0.1014,111.77469135802471,0.14062999441808174,0.23847695390781562,D:\BH\航空项目制\优化\yixingyouhua2(1)\yixingyouhua2\batch_run\polars\sample_607_polar.txt,D:\BH\航空项目制\优化\yixingyouhua2(1)\yixingyouhua2\batch_run\airfoils\sample_607.dat,0.0015574793,-3.86697e-05,0.2669925128636937,0.2800742129207281,0.2849740086007336,0.1686403069362664,0.3047535372063145,0.2791035179335597,-0.1851810770801713,-0.1066836238300054,-0.0403082770637379,-0.0996052154691591,0.0433371249843185,-0.0171370663527624
sample_608,False,ok,2.0,0.6651,0.00691,-0.0898,96.25180897250361,0.12794366582245675,0.1943887775551102,D:\BH\航空项目制\优化\yixingyouhua2(1)\yixingyouhua2\batch_run\polars\sample_608_polar.txt,D:\BH\航空项目制\优化\yixingyouhua2(1)\yixingyouhua2\batch_run\airfoils\sample_608.dat,0.0015574793,-3.86697e-05,0.2728068550606136,0.2285357896371427,0.2491730876033016,0.1370624510580747,0.283937776472607,0.2451708766790722,-0.1908799499412551,-0.1283959912439752,0.0340421659816044,-0.111830292454625,0.0338481711387204,-0.0123575008708606
sample_609,False,ok,2.0,0.7466,0.00506,-0.1011,147.5494071146245,0.12321086515342478,0.30861723446893785,D:\BH\航空项目制\优化\yixingyouhua2(1)\yixingyouhua2\batch_run\polars\sample_609_polar.txt,D:\BH\航空项目制\优化\yixingyouhua2(1)\yixingyouhua2\batch_run\airfoils\sample_609.dat,0.0015574793,-3.86697e-05,0.2290614586027846,0.2364947630976194,0.3431968497098299,0.2294901664279335,0.2485879997151009,0.2246765966518598,-0.1230642071753076,-0.0334275276930859,-0.0638653745285103,-0.0127103187745989,0.0631045487430519,-0.0360871094110003
sample_610,False,ok,2.0,0.6346,0.00529,-0.0921,119.96219281663517,0.12258443181584944,0.3306613226452906,D:\BH\航空项目制\优化\yixingyouhua2(1)\yixingyouhua2\batch_run\polars\sample_610_polar.txt,D:\BH\航空项目制\优化\yixingyouhua2(1)\yixingyouhua2\batch_run\airfoils\sample_610.dat,0.0015574793,-3.86697e-05,0.1837833809822177,0.197380767265775,0.3324086720200473,0.1728416297980191,0.3348259960490892,0.1971202092104335,-0.1622750102337246,-0.0787277943679338,-0.0374613385175773,-0.1015019121629876,0.0300510960685973,-0.0818939050417365
sample_611,False,ok,2.0,0.7468,0.00537,-0.1085,139.06890130353818,0.13619691681852636,0.3006012024048096,D:\BH\航空项目制\优化\yixingyouhua2(1)\yixingyouhua2\batch_run\polars\sample_611_polar.txt,D:\BH\航空项目制\优化\yixingyouhua2(1)\yixingyouhua2\batch_run\airfoils\sample_611.dat,0.0015574793,-3.86697e-05,0.1776368882199258,0.2891917695331471,0.3673348135603774,0.1370786123584139,0.2761242185929052,0.2631834999836979,-0.1089452540235157,-0.1057033356849488,-0.0460766487044778,-0.0883680572812094,0.0823325062536614,-0.0106156520267507
sample_612,False,ok,2.0,0.7136,0.00602,-0.1041,118.53820598006645,0.12471119661810232,0.24649298597194386,D:\BH\航空项目制\优化\yixingyouhua2(1)\yixingyouhua2\batch_run\polars\sample_612_polar.txt,D:\BH\航空项目制\优化\yixingyouhua2(1)\yixingyouhua2\batch_run\airfoils\sample_612.dat,0.0015574793,-3.86697e-05,0.2357630349797637,0.2203246060230771,0.3022484792427683,0.1517277499437764,0.2719718736681846,0.2715781215028423,-0.143712809057329,-0.1250710094441138,-0.0177600507952502,-0.0420758112576566,0.0570547530027092,-0.0205969481703741
sample_613,False,ok,2.0,0.7512,0.00499,-0.1198,150.54108216432866,0.12162927407882335,0.3547094188376753,D:\BH\航空项目制\优化\yixingyouhua2(1)\yixingyouhua2\batch_run\polars\sample_613_polar.txt,D:\BH\航空项目制\优化\yixingyouhua2(1)\yixingyouhua2\batch_run\airfoils\sample_613.dat,0.0015574793,-3.86697e-05,0.1610604500004981,0.2061217715385624,0.3389994127575429,0.2621779163645338,0.2811046392581313,0.3141624961321191,-0.0751512173586801,-0.123359839368959,0.0018780846354511,-0.0367276416048892,-0.0274115365441907,-0.0409922047327398
sample_614,False,ok,2.0,0.6221,0.00558,-0.0773,111.48745519713262,0.11803049042403659,0.2945891783567134,D:\BH\航空项目制\优化\yixingyouhua2(1)\yixingyouhua2\batch_run\polars\sample_614_polar.txt,D:\BH\航空项目制\优化\yixingyouhua2(1)\yixingyouhua2\batch_run\airfoils\sample_614.dat,0.0015574793,-3.86697e-05,0.2092129402540147,0.2104893875120881,0.3162982654114701,0.1656157218162958,0.2371460277550693,0.2013536953132902,-0.1442991061864762,-0.0853708689579187,0.011564708664764,-0.1347057007537457,0.0175961551479527,-0.0403334693266053
sample_615,False,ok,2.0,0.6801,0.00379,-0.0962,179.4459102902375,0.0988513070773352,0.38276553106212424,D:\BH\航空项目制\优化\yixingyouhua2(1)\yixingyouhua2\batch_run\polars\sample_615_polar.txt,D:\BH\航空项目制\优化\yixingyouhua2(1)\yixingyouhua2\batch_run\airfoils\sample_615.dat,0.0015574793,-3.86697e-05,0.1575418046389106,0.2002814244314656,0.2766896846315879,0.2299064037472388,0.2384410729202981,0.3007557947064765,-0.0790088816196729,-0.0001188207457141,-0.031066192361093,-0.0360673989929314,0.0206939371117759,-0.0798159417892244
sample_616,False,ok,2.0,0.7102,0.00586,-0.0975,121.19453924914677,0.11839062956757834,0.2865731462925851,D:\BH\航空项目制\优化\yixingyouhua2(1)\yixingyouhua2\batch_run\polars\sample_616_polar.txt,D:\BH\航空项目制\优化\yixingyouhua2(1)\yixingyouhua2\batch_run\airfoils\sample_616.dat,0.0015574793,-3.86697e-05,0.24243679039932,0.1954754556843388,0.3580136302749158,0.188980465602425,0.2377838946884269,0.2699920002019916,-0.1771156388225828,-0.0161506498523566,-0.0503023132118541,-0.0262105403101842,0.0503482364027317,-0.0677401284625631
sample_617,False,ok,2.0,0.7204,0.00466,-0.1026,154.5922746781116,0.1349233640383041,0.3687374749498998,D:\BH\航空项目制\优化\yixingyouhua2(1)\yixingyouhua2\batch_run\polars\sample_617_polar.txt,D:\BH\航空项目制\优化\yixingyouhua2(1)\yixingyouhua2\batch_run\airfoils\sample_617.dat,0.0015574793,-3.86697e-05,0.2233822754866774,0.2048909756921308,0.3412080590802314,0.2520013862280866,0.2726870874505042,0.2500994208104217,-0.1083413446068446,-0.0862328528390798,-0.0578858971803453,-0.1363665201908331,-0.00460367313925,0.0018097717564348
sample_618,False,ok,2.0,0.6249,0.00615,-0.0828,101.60975609756098,0.11706263032428066,0.22444889779559116,D:\BH\航空项目制\优化\yixingyouhua2(1)\yixingyouhua2\batch_run\polars\sample_618_polar.txt,D:\BH\航空项目制\优化\yixingyouhua2(1)\yixingyouhua2\batch_run\airfoils\sample_618.dat,0.0015574793,-3.86697e-05,0.2185873561469514,0.2270537778508296,0.2796657153259431,0.1412693474585628,0.2546431529521512,0.2423954425017413,-0.1992343222221627,-0.0594500729250746,-0.0094009070243617,-0.0590026728455958,0.0153871298754047,-0.0709313125751297
sample_619,False,ok,2.0,0.769,0.00526,-0.112,146.1977186311787,0.10907277738266256,0.34669338677354705,D:\BH\航空项目制\优化\yixingyouhua2(1)\yixingyouhua2\batch_run\polars\sample_619_polar.txt,D:\BH\航空项目制\优化\yixingyouhua2(1)\yixingyouhua2\batch_run\airfoils\sample_619.dat,0.0015574793,-3.86697e-05,0.2303164754311604,0.1735055683176101,0.3532888683071187,0.1401842012863268,0.2701117261608024,0.3244699602806816,-0.093805861727852,-0.0029225318363865,-0.0603308851038045,-0.0723139562448417,0.06276481017781,-0.0004995619007534
sample_620,False,ok,2.0,0.6515,0.00544,-0.0937,119.7610294117647,0.11314452223337311,0.3366733466933867,D:\BH\航空项目制\优化\yixingyouhua2(1)\yixingyouhua2\batch_run\polars\sample_620_polar.txt,D:\BH\航空项目制\优化\yixingyouhua2(1)\yixingyouhua2\batch_run\airfoils\sample_620.dat,0.0015574793,-3.86697e-05,0.197435723909464,0.1749744551622244,0.259483379356684,0.2427497496025225,0.2554988706069448,0.2599088055123522,-0.0767088607979925,-0.1170571362279778,-0.0445870849736159,-0.0671287785553658,0.0656914489578906,-0.0841116467159396
sample_621,False,ok,2.0,0.7358,0.00474,-0.104,155.23206751054852,0.12437489435888785,0.3607214428857715,D:\BH\航空项目制\优化\yixingyouhua2(1)\yixingyouhua2\batch_run\polars\sample_621_polar.txt,D:\BH\航空项目制\优化\yixingyouhua2(1)\yixingyouhua2\batch_run\airfoils\sample_621.dat,0.0015574793,-3.86697e-05,0.2040847318134193,0.2363439882864606,0.3473736548274708,0.246605880432811,0.297936688156396,0.3058837663856526,-0.0961770190385551,-0.075538193438012,0.0289597071555755,-0.1311001662803139,0.0534700462284953,-0.1036461244396986
sample_622,False,ok,2.0,0.7683,0.00576,-0.1211,133.38541666666666,0.12934934426299627,0.2725450901803607,D:\BH\航空项目制\优化\yixingyouhua2(1)\yixingyouhua2\batch_run\polars\sample_622_polar.txt,D:\BH\航空项目制\优化\yixingyouhua2(1)\yixingyouhua2\batch_run\airfoils\sample_622.dat,0.0015574793,-3.86697e-05,0.1867914095719291,0.2615826878174077,0.3567126923354785,0.1528858980005083,0.2732641791278396,0.3049171632377924,-0.1527245273705134,-0.115429447471188,0.0088522237375779,-0.0582207173483281,0.0821741771989,-0.0216241020305007
sample_623,False,ok,2.0,0.7186,0.0057,-0.0948,126.0701754385965,0.12443109796375569,0.2605210420841683,D:\BH\航空项目制\优化\yixingyouhua2(1)\yixingyouhua2\batch_run\polars\sample_623_polar.txt,D:\BH\航空项目制\优化\yixingyouhua2(1)\yixingyouhua2\batch_run\airfoils\sample_623.dat,0.0015574793,-3.86697e-05,0.1927250953737034,0.2917079948999473,0.336237088062023,0.1528302831716119,0.2679731669418357,0.2159286030615436,-0.1168500589174857,-0.1033967208161276,0.0229900388444435,-0.0079443809292787,0.0076972734275388,-0.0241040829512249
sample_624,False,ok,2.0,0.7686,0.00605,-0.1117,127.04132231404958,0.12548895880009103,0.2725450901803607,D:\BH\航空项目制\优化\yixingyouhua2(1)\yixingyouhua2\batch_run\polars\sample_624_polar.txt,D:\BH\航空项目制\优化\yixingyouhua2(1)\yixingyouhua2\batch_run\airfoils\sample_624.dat,0.0015574793,-3.86697e-05,0.2447660576527014,0.2572778327197693,0.2731254018100839,0.1741738441136793,0.3000639625081718,0.3084610165110967,-0.1023223676774775,-0.0908261408320828,-0.0754581045801705,-0.0199329425024705,0.0615279321268746,-0.008807257664209
sample_625,False,ok,2.0,0.7665,0.00575,-0.1225,133.30434782608694,0.1230160401219073,0.3226452905811623,D:\BH\航空项目制\优化\yixingyouhua2(1)\yixingyouhua2\batch_run\polars\sample_625_polar.txt,D:\BH\航空项目制\优化\yixingyouhua2(1)\yixingyouhua2\batch_run\airfoils\sample_625.dat,0.0015574793,-3.86697e-05,0.2171470734915912,0.2091997534174972,0.3438001179043694,0.2007725686582304,0.352648153377153,0.2959643988924749,-0.1695192652732288,-0.025997303935883,-0.0785814545246681,-0.0218146374190234,0.0470201541904239,-0.054220981041225
sample_626,False,ok,2.0,0.7417,0.00587,-0.0861,126.35434412265758,0.11062822311773615,0.2665330661322645,D:\BH\航空项目制\优化\yixingyouhua2(1)\yixingyouhua2\batch_run\polars\sample_626_polar.txt,D:\BH\航空项目制\优化\yixingyouhua2(1)\yixingyouhua2\batch_run\airfoils\sample_626.dat,0.0015574793,-3.86697e-05,0.238350869787618,0.2744848223957845,0.333812550467769,0.1658074381502984,0.2453747273888039,0.2238900210010969,-0.105651609321602,-0.010579693880827,0.0455001417369134,-0.061775022191819,0.0448585638199337,-0.0368461454823638
sample_627,False,ok,2.0,0.7298,0.00507,-0.1064,143.94477317554242,0.11096940513754945,0.3667334669338677,D:\BH\航空项目制\优化\yixingyouhua2(1)\yixingyouhua2\batch_run\polars\sample_627_polar.txt,D:\BH\航空项目制\优化\yixingyouhua2(1)\yixingyouhua2\batch_run\airfoils\sample_627.dat,0.0015574793,-3.86697e-05,0.1871691918837109,0.2148611109791356,0.3206801141439888,0.2185814850352702,0.3098254464075318,0.2634154921437611,-0.1120127876036809,-0.0314812168439785,0.0076755459906368,-0.0824682625160089,0.0285774575384827,-0.062900025497024
sample_628,False,ok,2.0,0.7778,0.00525,-0.1254,148.15238095238095,0.11562737670686109,0.3226452905811623,D:\BH\航空项目制\优化\yixingyouhua2(1)\yixingyouhua2\batch_run\polars\sample_628_polar.txt,D:\BH\航空项目制\优化\yixingyouhua2(1)\yixingyouhua2\batch_run\airfoils\sample_628.dat,0.0015574793,-3.86697e-05,0.1554379282134433,0.2743550116822391,0.2803745521772367,0.1916923883871175,0.3602210252879308,0.275938831753596,-0.1051443020600388,-0.0519403945403774,-0.0301399042017446,-0.0586950536775545,0.0557152582967823,-0.0131355628810202
sample_629,False,ok,2.0,0.7199,0.0062,-0.1004,116.11290322580645,0.12358041385104654,0.3607214428857715,D:\BH\航空项目制\优化\yixingyouhua2(1)\yixingyouhua2\batch_run\polars\sample_629_polar.txt,D:\BH\航空项目制\优化\yixingyouhua2(1)\yixingyouhua2\batch_run\airfoils\sample_629.dat,0.0015574793,-3.86697e-05,0.2614903529333138,0.1741170007964076,0.323937660284689,0.1681626665055245,0.3235121793081395,0.300880528835599,-0.0810975518644655,-0.073424107654194,-0.0678537282722153,-0.1238042366489331,-0.0144152621995158,0.0162363681093913
sample_630,False,ok,2.0,0.6695,0.00592,-0.0848,113.09121621621621,0.12638877162058942,0.2725450901803607,D:\BH\航空项目制\优化\yixingyouhua2(1)\yixingyouhua2\batch_run\polars\sample_630_polar.txt,D:\BH\航空项目制\优化\yixingyouhua2(1)\yixingyouhua2\batch_run\airfoils\sample_630.dat,0.0015574793,-3.86697e-05,0.2155045979442452,0.2930076751708955,0.272045565129731,0.2025343890294954,0.3025950247536885,0.2071212693436687,-0.1504338899721003,-0.0558258694456147,-0.0416585853878911,-0.0641789751228135,0.0398101391371498,-0.0825496559040432
sample_631,False,ok,2.0,0.7772,0.00562,-0.0992,138.2918149466192,0.12465884744659356,0.3226452905811623,D:\BH\航空项目制\优化\yixingyouhua2(1)\yixingyouhua2\batch_run\polars\sample_631_polar.txt,D:\BH\航空项目制\优化\yixingyouhua2(1)\yixingyouhua2\batch_run\airfoils\sample_631.dat,0.0015574793,-3.86697e-05,0.2743684534975414,0.2695828899686394,0.3188251029108083,0.2028144335437601,0.3506085803783544,0.2987571682222096,-0.0881511983616229,-0.0132477796407018,-0.0599978623850315,-0.0462090847651232,0.0024744953480608,-0.0498812233229419
sample_632,False,ok,2.0,0.7247,0.00601,-0.1034,120.58236272878537,0.12756096349549703,0.3246492985971944,D:\BH\航空项目制\优化\yixingyouhua2(1)\yixingyouhua2\batch_run\polars\sample_632_polar.txt,D:\BH\航空项目制\优化\yixingyouhua2(1)\yixingyouhua2\batch_run\airfoils\sample_632.dat,0.0015574793,-3.86697e-05,0.2169811128465724,0.2500771592100136,0.345008108059565,0.1612541974064101,0.3392026437051736,0.2158046721117918,-0.1970895948297065,0.0002953526438441,-0.0565617332904552,-0.1160511741306943,-0.0148164019816168,0.0176459137132325
sample_633,False,ok,2.0,0.7425,0.00458,-0.0991,162.117903930131,0.11771435810180295,0.344689378757515,D:\BH\航空项目制\优化\yixingyouhua2(1)\yixingyouhua2\batch_run\polars\sample_633_polar.txt,D:\BH\航空项目制\优化\yixingyouhua2(1)\yixingyouhua2\batch_run\airfoils\sample_633.dat,0.0015574793,-3.86697e-05,0.2077529501593341,0.2484289227131449,0.3089429009539831,0.2306727667534835,0.2794273212028534,0.2003423568731774,-0.0817668543882345,-0.0407446731133213,-0.0157038299567098,-0.0899614094349919,0.0248374361323432,0.0077574804294997
sample_634,False,ok,2.0,0.731,0.00532,-0.0969,137.406015037594,0.1252113206057363,0.35270541082164325,D:\BH\航空项目制\优化\yixingyouhua2(1)\yixingyouhua2\batch_run\polars\sample_634_polar.txt,D:\BH\航空项目制\优化\yixingyouhua2(1)\yixingyouhua2\batch_run\airfoils\sample_634.dat,0.0015574793,-3.86697e-05,0.2667083992077494,0.1987406421349525,0.367160477862326,0.1495005667699248,0.3562677067399469,0.2605284445190081,-0.1193057836480938,-0.0252025781658542,-0.0586970945533252,-0.1105165284284178,-0.0038633060095609,-0.021031212653023
sample_635,False,ok,2.0,0.6654,0.00617,-0.0943,107.84440842787681,0.11410375934857007,0.25851703406813625,D:\BH\航空项目制\优化\yixingyouhua2(1)\yixingyouhua2\batch_run\polars\sample_635_polar.txt,D:\BH\航空项目制\优化\yixingyouhua2(1)\yixingyouhua2\batch_run\airfoils\sample_635.dat,0.0015574793,-3.86697e-05,0.2160930412230235,0.2192639279305402,0.2603556061161596,0.1685549064671778,0.2727496599866927,0.2006044471330318,-0.1838629709144298,-0.0416029508155912,-0.0371514542919529,-0.0983571254289674,0.0705012352613032,-0.0096587581857446
sample_636,False,ok,2.0,0.651,0.00495,-0.0842,131.5151515151515,0.12567660059017355,0.3246492985971944,D:\BH\航空项目制\优化\yixingyouhua2(1)\yixingyouhua2\batch_run\polars\sample_636_polar.txt,D:\BH\航空项目制\优化\yixingyouhua2(1)\yixingyouhua2\batch_run\airfoils\sample_636.dat,0.0015574793,-3.86697e-05,0.2148799465821387,0.2074906662635406,0.3696129675422098,0.1426072679834908,0.291491377543185,0.2709223170993826,-0.1235034905211936,-0.0742843409702441,-0.0358302342536122,-0.1090304270158973,0.0151400709049122,-0.092933066783659
sample_637,False,ok,2.0,0.7785,0.00564,-0.128,138.03191489361703,0.12360506862675724,0.30861723446893785,D:\BH\航空项目制\优化\yixingyouhua2(1)\yixingyouhua2\batch_run\polars\sample_637_polar.txt,D:\BH\航空项目制\优化\yixingyouhua2(1)\yixingyouhua2\batch_run\airfoils\sample_637.dat,0.0015574793,-3.86697e-05,0.2102374692986608,0.2297782922111199,0.2870187816513087,0.2603990098537578,0.3204311468005382,0.3010048365485492,-0.1667176505622064,-0.0522251647253009,-0.068155339908147,-0.0261837382161641,0.0474824864227256,-0.0305333107081139
sample_638,False,ok,2.0,0.6444,0.00488,-0.0772,132.04918032786884,0.1218317308061172,0.30861723446893785,D:\BH\航空项目制\优化\yixingyouhua2(1)\yixingyouhua2\batch_run\polars\sample_638_polar.txt,D:\BH\航空项目制\优化\yixingyouhua2(1)\yixingyouhua2\batch_run\airfoils\sample_638.dat,0.0015574793,-3.86697e-05,0.1652741694424836,0.2886529601260147,0.3339100026161067,0.1472658666338484,0.2622933953121341,0.2443464144454311,-0.0955857378162905,-0.0871387886028406,0.0352815599739527,-0.1290679593901069,-0.0086677288379875,-0.0716182493391279
sample_639,False,ok,2.0,0.6741,0.00547,-0.1021,123.23583180987204,0.12309408699895391,0.3386773547094188,D:\BH\航空项目制\优化\yixingyouhua2(1)\yixingyouhua2\batch_run\polars\sample_639_polar.txt,D:\BH\航空项目制\优化\yixingyouhua2(1)\yixingyouhua2\batch_run\airfoils\sample_639.dat,0.0015574793,-3.86697e-05,0.1539122421455576,0.2268143416131675,0.3409231897131677,0.1950048103236194,0.2491975786040816,0.2082678411876111,-0.1907313760553183,-0.0267938941812542,-0.0557719236931007,-0.1023235156836687,0.0276839673413241,-0.0038974443364293
sample_640,False,ok,2.0,0.682,0.00609,-0.0925,111.98686371100165,0.11842443697693474,0.23847695390781562,D:\BH\航空项目制\优化\yixingyouhua2(1)\yixingyouhua2\batch_run\polars\sample_640_polar.txt,D:\BH\航空项目制\优化\yixingyouhua2(1)\yixingyouhua2\batch_run\airfoils\sample_640.dat,0.0015574793,-3.86697e-05,0.2277661859303333,0.2424372824783943,0.2550495627845344,0.2301374977131943,0.271513149779738,0.204332300517337,-0.1531885827237527,-0.1037186554965864,0.039897674899049,-0.0701279569783596,0.0100785111088796,-0.0270898817753516
sample_641,False,ok,2.0,0.6481,0.00471,-0.0836,137.60084925690023,0.11724945534068104,0.3607214428857715,D:\BH\航空项目制\优化\yixingyouhua2(1)\yixingyouhua2\batch_run\polars\sample_641_polar.txt,D:\BH\航空项目制\优化\yixingyouhua2(1)\yixingyouhua2\batch_run\airfoils\sample_641.dat,0.0015574793,-3.86697e-05,0.2060679369704084,0.2037702473250843,0.3040630505903635,0.2244455030618703,0.2485388169105875,0.2816881216494581,-0.1050911214554316,-0.0410711890690138,-0.0536250773253163,-0.0903563873400018,0.0161347578467563,-0.1018356250839705
sample_642,False,ok,2.0,0.6594,0.006,-0.0849,109.89999999999999,0.1353018944776473,0.2665330661322645,D:\BH\航空项目制\优化\yixingyouhua2(1)\yixingyouhua2\batch_run\polars\sample_642_polar.txt,D:\BH\航空项目制\优化\yixingyouhua2(1)\yixingyouhua2\batch_run\airfoils\sample_642.dat,0.0015574793,-3.86697e-05,0.230645612636397,0.3026088147711714,0.2458407619829599,0.2176219412363616,0.2376800064749799,0.3162684815012185,-0.1616510100425942,-0.0861295725620364,-0.059239863876352,-0.1080502208543331,0.0353296193564643,-0.0905878957994989
sample_643,False,ok,2.0,0.7344,0.00452,-0.1022,162.4778761061947,0.10778347516405822,0.344689378757515,D:\BH\航空项目制\优化\yixingyouhua2(1)\yixingyouhua2\batch_run\polars\sample_643_polar.txt,D:\BH\航空项目制\优化\yixingyouhua2(1)\yixingyouhua2\batch_run\airfoils\sample_643.dat,0.0015574793,-3.86697e-05,0.1819372931712363,0.2151374755272888,0.3454265141066063,0.1700524386696895,0.2619418840329451,0.2281427053042633,-0.0925190412160363,-0.0171603862764182,-0.012462912648543,-0.050478206834991,-0.0032128796889764,0.017883845280492
sample_644,False,ok,2.0,0.742,0.00646,-0.0933,114.86068111455108,0.1352226278254677,0.2745490981963928,D:\BH\航空项目制\优化\yixingyouhua2(1)\yixingyouhua2\batch_run\polars\sample_644_polar.txt,D:\BH\航空项目制\优化\yixingyouhua2(1)\yixingyouhua2\batch_run\airfoils\sample_644.dat,0.0015574793,-3.86697e-05,0.2651275437030812,0.2937162869900619,0.3683422069854092,0.140501291579584,0.3413438829025541,0.2577656013482475,-0.1891196110229505,-0.0088941093028508,-0.0228135666456732,-0.1209518486462417,0.0137872907925344,-0.0480019456233632
sample_645,False,ok,2.0,0.8106,0.00584,-0.1278,138.8013698630137,0.13495458715116693,0.31462925851703405,D:\BH\航空项目制\优化\yixingyouhua2(1)\yixingyouhua2\batch_run\polars\sample_645_polar.txt,D:\BH\航空项目制\优化\yixingyouhua2(1)\yixingyouhua2\batch_run\airfoils\sample_645.dat,0.0015574793,-3.86697e-05,0.1840023341150489,0.2996684535546665,0.3537921022716737,0.2250012592992961,0.3428918995765955,0.3036662231250213,-0.1350193785987742,-0.0947805550754468,0.0331833384636474,-0.1338692707833619,0.0793962115104698,-0.0397837405178478
sample_646,False,ok,2.0,0.6981,0.0053,-0.0981,131.7169811320755,0.11429992772540339,0.3226452905811623,D:\BH\航空项目制\优化\yixingyouhua2(1)\yixingyouhua2\batch_run\polars\sample_646_polar.txt,D:\BH\航空项目制\优化\yixingyouhua2(1)\yixingyouhua2\batch_run\airfoils\sample_646.dat,0.0015574793,-3.86697e-05,0.1769903370590895,0.2291819503432305,0.3399114557183151,0.2140402928830829,0.3141660258481484,0.212636595568475,-0.1221682823299147,-0.071228710055944,0.0373823947076419,-0.0516548000599995,0.0085232464912743,-0.0825820554874757
sample_647,False,ok,2.0,0.7729,0.0044,-0.1131,175.6590909090909,0.11780579857133111,0.38276553106212424,D:\BH\航空项目制\优化\yixingyouhua2(1)\yixingyouhua2\batch_run\polars\sample_647_polar.txt,D:\BH\航空项目制\优化\yixingyouhua2(1)\yixingyouhua2\batch_run\airfoils\sample_647.dat,0.0015574793,-3.86697e-05,0.1953294257552945,0.223341406497254,0.3540720744801515,0.2626604533158186,0.336063775287203,0.2730913444982019,-0.0782981717915514,-0.0494685144272317,0.0300968816400738,-0.0764527525369182,0.0409020984468152,-0.090209935160778
sample_648,False,ok,2.0,0.8163,0.00555,-0.1039,147.08108108108107,0.1218731121437601,0.2865731462925851,D:\BH\航空项目制\优化\yixingyouhua2(1)\yixingyouhua2\batch_run\polars\sample_648_polar.txt,D:\BH\航空项目制\优化\yixingyouhua2(1)\yixingyouhua2\batch_run\airfoils\sample_648.dat,0.0015574793,-3.86697e-05,0.2815859849402461,0.2613746284635304,0.3687791417221293,0.1413731859781319,0.3670161418514709,0.2407071804752708,-0.0826925486294404,-0.0202208710767576,-0.0287269679026001,-0.0159603339291906,0.0264782221997611,-0.0109226225206316
sample_649,False,ok,2.0,0.6152,0.00622,-0.072,98.90675241157557,0.12480002912487699,0.23046092184368736,D:\BH\航空项目制\优化\yixingyouhua2(1)\yixingyouhua2\batch_run\polars\sample_649_polar.txt,D:\BH\航空项目制\优化\yixingyouhua2(1)\yixingyouhua2\batch_run\airfoils\sample_649.dat,0.0015574793,-3.86697e-05,0.2546702948335437,0.2316592478886422,0.2737513951529352,0.1358846544679054,0.237901391888666,0.2521815664722992,-0.1482517826105547,-0.1214588357378009,-0.0037921672369794,-0.0844280849811842,0.0500507680369966,-0.0920789365645365
sample_650,False,ok,2.0,0.7064,0.00549,-0.1049,128.6703096539162,0.1388045577981757,0.3006012024048096,D:\BH\航空项目制\优化\yixingyouhua2(1)\yixingyouhua2\batch_run\polars\sample_650_polar.txt,D:\BH\航空项目制\优化\yixingyouhua2(1)\yixingyouhua2\batch_run\airfoils\sample_650.dat,0.0015574793,-3.86697e-05,0.1788941513704728,0.2946342465556802,0.3257070804124222,0.1920625174433981,0.2788588864314307,0.2359646927428997,-0.1796363761523147,-0.0694165720942457,-0.0784004058023105,-0.0962070264360769,0.0712246122373868,-0.0313623951822173
sample_651,False,ok,2.0,0.7327,0.00467,-0.1095,156.89507494646682,0.1352559861492691,0.35871743486973945,D:\BH\航空项目制\优化\yixingyouhua2(1)\yixingyouhua2\batch_run\polars\sample_651_polar.txt,D:\BH\航空项目制\优化\yixingyouhua2(1)\yixingyouhua2\batch_run\airfoils\sample_651.dat,0.0015574793,-3.86697e-05,0.171730759595194,0.2543719351510184,0.3292915024035029,0.2584506720842497,0.2491282356152911,0.291754308773832,-0.0988757128953212,-0.0900089268549092,-0.0587879002133988,-0.1119070929194952,0.0032993182643829,-0.0140565915427352
sample_652,False,ok,2.0,0.7466,0.00588,-0.1089,126.97278911564626,0.14288102624289792,0.31462925851703405,D:\BH\航空项目制\优化\yixingyouhua2(1)\yixingyouhua2\batch_run\polars\sample_652_polar.txt,D:\BH\航空项目制\优化\yixingyouhua2(1)\yixingyouhua2\batch_run\airfoils\sample_652.dat,0.0015574793,-3.86697e-05,0.2213468814052891,0.2778199041409092,0.3652408438382694,0.2365383065252563,0.3335128589320461,0.2672299616012604,-0.1793190000313093,-0.0879390037278685,-0.0052888387234901,-0.1177612034014864,-0.0220233480908035,-0.0428874955580804
sample_653,False,ok,2.0,0.7975,0.00618,-0.1206,129.0453074433657,0.1147338736317369,0.2444889779559118,D:\BH\航空项目制\优化\yixingyouhua2(1)\yixingyouhua2\batch_run\polars\sample_653_polar.txt,D:\BH\航空项目制\优化\yixingyouhua2(1)\yixingyouhua2\batch_run\airfoils\sample_653.dat,0.0015574793,-3.86697e-05,0.2030353878707821,0.2876170361286525,0.2914670394768536,0.1764065290927782,0.283397836223322,0.3160643402016075,-0.1553118435758147,-0.0401189622635697,0.0441595297522147,-0.0693245153503531,0.0745851928672256,-0.0125614840080468
sample_654,False,ok,2.0,0.8556,0.00572,-0.146,149.58041958041957,0.11277178383231998,0.3166332665330661,D:\BH\航空项目制\优化\yixingyouhua2(1)\yixingyouhua2\batch_run\polars\sample_654_polar.txt,D:\BH\航空项目制\优化\yixingyouhua2(1)\yixingyouhua2\batch_run\airfoils\sample_654.dat,0.0015574793,-3.86697e-05,0.192351739546861,0.2404260040655818,0.3159979453476776,0.2274375421597574,0.3580116069837272,0.283643804974363,-0.1830540782502511,-0.000764831879885,0.0070647272170212,-0.0673817508855697,0.0857735505126024,0.0182962854993957
sample_655,False,ok,2.0,0.6976,0.00602,-0.0883,115.88039867109634,0.1292271778987601,0.2945891783567134,D:\BH\航空项目制\优化\yixingyouhua2(1)\yixingyouhua2\batch_run\polars\sample_655_polar.txt,D:\BH\航空项目制\优化\yixingyouhua2(1)\yixingyouhua2\batch_run\airfoils\sample_655.dat,0.0015574793,-3.86697e-05,0.1998957036503235,0.3017006872640415,0.3573547900570785,0.1689797873584849,0.3252771725684632,0.2324052045749796,-0.1467573322171396,-0.0676014890425079,0.0483102778459244,-0.1274387664622843,0.0051445689882813,-0.0853098000188965
sample_656,False,ok,2.0,0.6302,0.0052,-0.0844,121.1923076923077,0.11457615929068482,0.3006012024048096,D:\BH\航空项目制\优化\yixingyouhua2(1)\yixingyouhua2\batch_run\polars\sample_656_polar.txt,D:\BH\航空项目制\优化\yixingyouhua2(1)\yixingyouhua2\batch_run\airfoils\sample_656.dat,0.0015574793,-3.86697e-05,0.1800145542976217,0.2241915902206651,0.242991167673082,0.149249237020117,0.2445761972932981,0.21152021459177,-0.0725495220621159,-0.1159954800665511,-0.0731436864473004,-0.0708846054785063,0.0553079428795649,-0.0169559854186332
sample_657,False,ok,2.0,0.6677,0.0053,-0.1059,125.98113207547169,0.12170573498566098,0.2865731462925851,D:\BH\航空项目制\优化\yixingyouhua2(1)\yixingyouhua2\batch_run\polars\sample_657_polar.txt,D:\BH\航空项目制\优化\yixingyouhua2(1)\yixingyouhua2\batch_run\airfoils\sample_657.dat,0.0015574793,-3.86697e-05,0.1743250231233271,0.1956743931863998,0.3145418946598766,0.1825618458282304,0.2617447009909752,0.2155664104723267,-0.1704788014441918,-0.1124217052700086,-0.040009684979687,-0.0541869888322273,0.0604822909412703,-0.0214336316102884
sample_658,False,ok,2.0,0.6809,0.00474,-0.085,143.64978902953584,0.10420463966225584,0.31462925851703405,D:\BH\航空项目制\优化\yixingyouhua2(1)\yixingyouhua2\batch_run\polars\sample_658_polar.txt,D:\BH\航空项目制\优化\yixingyouhua2(1)\yixingyouhua2\batch_run\airfoils\sample_658.dat,0.0015574793,-3.86697e-05,0.1757291538951963,0.2571837882363351,0.3065897003392126,0.144680223378229,0.2879996820012567,0.2023166482595645,-0.0868077661548163,-0.022111777135439,0.0217117346327633,-0.0799374130661214,0.0288442743611343,-0.0431824064444947
sample_659,False,ok,2.0,0.6781,0.00602,-0.0902,112.64119601328903,0.12656492232728586,0.24649298597194386,D:\BH\航空项目制\优化\yixingyouhua2(1)\yixingyouhua2\batch_run\polars\sample_659_polar.txt,D:\BH\航空项目制\优化\yixingyouhua2(1)\yixingyouhua2\batch_run\airfoils\sample_659.dat,0.0015574793,-3.86697e-05,0.2141637164613387,0.2812152129670861,0.2969991331836753,0.1935527943825733,0.2923631023734721,0.2071730554174162,-0.1848632710115131,-0.0778169429807222,0.0343779263114392,-0.1051606978969644,0.019030543139489,-0.0518640661706292
sample_660,False,ok,2.0,0.669,0.00647,-0.0856,103.40030911901083,0.09725404487255979,0.35270541082164325,D:\BH\航空项目制\优化\yixingyouhua2(1)\yixingyouhua2\batch_run\polars\sample_660_polar.txt,D:\BH\航空项目制\优化\yixingyouhua2(1)\yixingyouhua2\batch_run\airfoils\sample_660.dat,0.0015574793,-3.86697e-05,0.2514368878794178,0.1749369082814281,0.2545301842607306,0.1680003477638323,0.3106452661076142,0.2465847442747781,-0.1116260649980305,0.0003288568845314,-0.0093826801246629,-0.1207488562755336,0.0622502602366989,-0.0546893378232552
sample_661,False,ok,2.0,0.695,0.00463,-0.0889,150.10799136069116,0.11768725988506507,0.3607214428857715,D:\BH\航空项目制\优化\yixingyouhua2(1)\yixingyouhua2\batch_run\polars\sample_661_polar.txt,D:\BH\航空项目制\优化\yixingyouhua2(1)\yixingyouhua2\batch_run\airfoils\sample_661.dat,0.0015574793,-3.86697e-05,0.1828711963370871,0.2472141260913388,0.3360983454333601,0.1781026536627186,0.2819209327976453,0.2072969764724682,-0.0866040552015454,-0.005691009322804,-0.05159973846723,-0.102604487256091,0.0429785153435899,-0.0365005292766719
sample_662,False,ok,2.0,0.754,0.00547,-0.1136,137.84277879341866,0.12071614479248263,0.2865731462925851,D:\BH\航空项目制\优化\yixingyouhua2(1)\yixingyouhua2\batch_run\polars\sample_662_polar.txt,D:\BH\航空项目制\优化\yixingyouhua2(1)\yixingyouhua2\batch_run\airfoils\sample_662.dat,0.0015574793,-3.86697e-05,0.16888160302476,0.2804268408221868,0.2983282155385981,0.2140060759056504,0.2649889374316426,0.2254939366365966,-0.1369599743449428,-0.0670668237489506,-0.019633859905254,-0.0230158745511289,0.0251778898049818,0.0210499185083632
sample_663,False,ok,2.0,0.621,0.00581,-0.086,106.88468158347676,0.1376075721177442,0.2885771543086172,D:\BH\航空项目制\优化\yixingyouhua2(1)\yixingyouhua2\batch_run\polars\sample_663_polar.txt,D:\BH\航空项目制\优化\yixingyouhua2(1)\yixingyouhua2\batch_run\airfoils\sample_663.dat,0.0015574793,-3.86697e-05,0.1664092389911994,0.2989665513951132,0.2944880280443256,0.2295966971318125,0.2960093431254936,0.2170287283973816,-0.1886514817666562,-0.1146460519748053,-0.0134561770031877,-0.1035895134914768,-0.0199884255577073,-0.1004709782449064
sample_664,False,ok,2.0,0.7614,0.00567,-0.1072,134.28571428571428,0.1205722274635096,0.3006012024048096,D:\BH\航空项目制\优化\yixingyouhua2(1)\yixingyouhua2\batch_run\polars\sample_664_polar.txt,D:\BH\航空项目制\优化\yixingyouhua2(1)\yixingyouhua2\batch_run\airfoils\sample_664.dat,0.0015574793,-3.86697e-05,0.2275298039577857,0.2716660795503146,0.2448997801553436,0.2440243402385786,0.3374485809510448,0.1952446186602366,-0.0937545859555626,-0.0597943898779501,-0.0645265932877322,-0.0192416647005996,0.0172199484366713,0.01720757042123
sample_665,False,ok,2.0,0.7167,0.00676,-0.1074,106.02071005917159,0.13983072917335926,0.2725450901803607,D:\BH\航空项目制\优化\yixingyouhua2(1)\yixingyouhua2\batch_run\polars\sample_665_polar.txt,D:\BH\航空项目制\优化\yixingyouhua2(1)\yixingyouhua2\batch_run\airfoils\sample_665.dat,0.0015574793,-3.86697e-05,0.2787734385995465,0.2358912514000785,0.2785669908336038,0.2075195646042505,0.3655820510827031,0.282972547240862,-0.1742756172025808,-0.1078241359480821,-0.0804453631727035,-0.117274163910473,0.0848725717012629,-0.0487107115615851
sample_666,False,polar_parse_failed,,,,,,,,,,,,,,,,,,,,,,,
sample_667,False,ok,2.0,0.7324,0.00612,-0.1113,119.67320261437911,0.1262695796709419,0.30861723446893785,D:\BH\航空项目制\优化\yixingyouhua2(1)\yixingyouhua2\batch_run\polars\sample_667_polar.txt,D:\BH\航空项目制\优化\yixingyouhua2(1)\yixingyouhua2\batch_run\airfoils\sample_667.dat,0.0015574793,-3.86697e-05,0.2464461955122953,0.1940467531463046,0.3520240530188168,0.2245765107221411,0.34810915177764,0.2960189116253199,-0.1846281513336926,-0.0670086896062089,-0.0150744678489166,-0.0509689099971463,-0.0364065917339844,-0.061327814721862
sample_668,False,ok,2.0,0.6861,0.00599,-0.0937,114.54090150250418,0.12058872405095364,0.2665330661322645,D:\BH\航空项目制\优化\yixingyouhua2(1)\yixingyouhua2\batch_run\polars\sample_668_polar.txt,D:\BH\航空项目制\优化\yixingyouhua2(1)\yixingyouhua2\batch_run\airfoils\sample_668.dat,0.0015574793,-3.86697e-05,0.2313937798996807,0.2377407572694691,0.2794415873907082,0.1448885702967568,0.3341814060210372,0.2244228183799717,-0.1457784037419606,-0.0683752183687935,-0.0487979891992674,-0.053349096555355,-0.0277160224101453,-0.0020664450317374
sample_669,False,ok,2.0,0.7616,0.00613,-0.1142,124.24143556280588,0.12454018920141054,0.2725450901803607,D:\BH\航空项目制\优化\yixingyouhua2(1)\yixingyouhua2\batch_run\polars\sample_669_polar.txt,D:\BH\航空项目制\优化\yixingyouhua2(1)\yixingyouhua2\batch_run\airfoils\sample_669.dat,0.0015574793,-3.86697e-05,0.1967281302227427,0.2984934411579488,0.3287735080807814,0.2487316828088733,0.338310621751779,0.30921092226433,-0.1954367987014715,-0.0299553189829877,0.030452774408494,-0.0136666560480593,-0.0367627013762482,-0.0970954558499035
sample_670,False,ok,2.0,0.6747,0.00563,-0.0859,119.84014209591474,0.1197476919494199,0.3306613226452906,D:\BH\航空项目制\优化\yixingyouhua2(1)\yixingyouhua2\batch_run\polars\sample_670_polar.txt,D:\BH\航空项目制\优化\yixingyouhua2(1)\yixingyouhua2\batch_run\airfoils\sample_670.dat,0.0015574793,-3.86697e-05,0.2250509532707708,0.216257012756547,0.3698309639104654,0.2247476143989106,0.2930386119858955,0.1985327614982464,-0.1809681179797737,-0.0311212383349828,0.0469901215125881,-0.1024137543353713,-0.0364763967460035,-0.0761314462444951
sample_671,False,ok,2.0,0.7724,0.00605,-0.1043,127.6694214876033,0.12357353528433043,0.24649298597194386,D:\BH\航空项目制\优化\yixingyouhua2(1)\yixingyouhua2\batch_run\polars\sample_671_polar.txt,D:\BH\航空项目制\优化\yixingyouhua2(1)\yixingyouhua2\batch_run\airfoils\sample_671.dat,0.0015574793,-3.86697e-05,0.2739995741205672,0.226412709499572,0.3495293736525878,0.1800195588118481,0.2731601801309262,0.2676156294270368,-0.1363966768452627,-0.077584269872042,0.0091063734847742,-0.0143777626045491,0.0187900936895012,-0.0119906792361095
sample_672,False,ok,2.0,0.7329,0.00576,-0.0928,127.23958333333333,0.12641595409569006,0.2925851703406813,D:\BH\航空项目制\优化\yixingyouhua2(1)\yixingyouhua2\batch_run\polars\sample_672_polar.txt,D:\BH\航空项目制\优化\yixingyouhua2(1)\yixingyouhua2\batch_run\airfoils\sample_672.dat,0.0015574793,-3.86697e-05,0.2248822342484346,0.2837606985175223,0.3511677495116803,0.2343482167701606,0.2734508614218276,0.1983607022930305,-0.1491361910492342,-0.0437759458852188,0.0338846592604021,-0.0844513033991185,0.0325570172100574,-0.0539377445761357
sample_673,False,ok,2.0,0.7561,0.00604,-0.1093,125.18211920529801,0.1383829801450996,0.2745490981963928,D:\BH\航空项目制\优化\yixingyouhua2(1)\yixingyouhua2\batch_run\polars\sample_673_polar.txt,D:\BH\航空项目制\优化\yixingyouhua2(1)\yixingyouhua2\batch_run\airfoils\sample_673.dat,0.0015574793,-3.86697e-05,0.253826258512711,0.2656080583423749,0.3388444802521162,0.1847034448940465,0.3546966603653133,0.3079354661609162,-0.1459047963784978,-0.0973924229116525,-0.0561256742743787,-0.0332500309307065,0.0352054998589786,-0.0731545828864518
sample_674,False,ok,2.0,0.7181,0.00556,-0.1136,129.1546762589928,0.11267018767032769,0.3386773547094188,D:\BH\航空项目制\优化\yixingyouhua2(1)\yixingyouhua2\batch_run\polars\sample_674_polar.txt,D:\BH\航空项目制\优化\yixingyouhua2(1)\yixingyouhua2\batch_run\airfoils\sample_674.dat,0.0015574793,-3.86697e-05,0.1805869052597636,0.1898539442807116,0.3509907305813585,0.1707001808155044,0.3564226372655531,0.2212137804457202,-0.1727413553886438,-0.0340428882756785,-0.0003035731274621,-0.0838087239987157,0.0541027435010744,-0.0492072221900309
sample_675,False,ok,2.0,0.6763,0.00558,-0.1015,121.20071684587815,0.1325236310696648,0.3166332665330661,D:\BH\航空项目制\优化\yixingyouhua2(1)\yixingyouhua2\batch_run\polars\sample_675_polar.txt,D:\BH\航空项目制\优化\yixingyouhua2(1)\yixingyouhua2\batch_run\airfoils\sample_675.dat,0.0015574793,-3.86697e-05,0.1723142349453884,0.2475861196067988,0.348359471199387,0.209086924861254,0.3066712859675718,0.2069679506155189,-0.1930185556165012,-0.0832939539219002,-0.0170260392234053,-0.0980836197340301,-0.0269750103820103,-0.0276062980705351
sample_676,False,ok,2.0,0.8116,0.00478,-0.1183,169.7907949790795,0.1201609809124189,0.3547094188376753,D:\BH\航空项目制\优化\yixingyouhua2(1)\yixingyouhua2\batch_run\polars\sample_676_polar.txt,D:\BH\航空项目制\优化\yixingyouhua2(1)\yixingyouhua2\batch_run\airfoils\sample_676.dat,0.0015574793,-3.86697e-05,0.2271970856786019,0.2040727242253337,0.3672173081123241,0.255309670978998,0.2542869509132239,0.2784648389832651,-0.0866972198395161,-0.0134389675820807,-0.0614447343705262,-0.0336966302264634,0.0802451938941982,-0.0202681116676749
sample_677,False,ok,2.0,0.7559,0.00546,-0.1177,138.44322344322345,0.10632126024964275,0.31462925851703405,D:\BH\航空项目制\优化\yixingyouhua2(1)\yixingyouhua2\batch_run\polars\sample_677_polar.txt,D:\BH\航空项目制\优化\yixingyouhua2(1)\yixingyouhua2\batch_run\airfoils\sample_677.dat,0.0015574793,-3.86697e-05,0.1919456352430384,0.1975252245424993,0.2830312016031238,0.1969646320650142,0.3325570745868424,0.244118211928197,-0.0809024420853546,-0.0959357117242305,0.0099013963701871,-0.0302279312159236,0.0001292633769571,0.0196041708335668
sample_678,False,ok,2.0,0.7288,0.0058,-0.1149,125.65517241379311,0.1236112287621914,0.3226452905811623,D:\BH\航空项目制\优化\yixingyouhua2(1)\yixingyouhua2\batch_run\polars\sample_678_polar.txt,D:\BH\航空项目制\优化\yixingyouhua2(1)\yixingyouhua2\batch_run\airfoils\sample_678.dat,0.0015574793,-3.86697e-05,0.1912525024045256,0.2400240950264756,0.3019858508543867,0.1902253620881181,0.3534414519589197,0.2495689596141319,-0.1797243343101593,-0.0556510884533229,-0.0223753512467759,-0.1198625424475294,-0.0022582220620758,0.0038980883763942
sample_679,False,ok,2.0,0.6792,0.00622,-0.0814,109.19614147909968,0.1305124982188163,0.24649298597194386,D:\BH\航空项目制\优化\yixingyouhua2(1)\yixingyouhua2\batch_run\polars\sample_679_polar.txt,D:\BH\航空项目制\优化\yixingyouhua2(1)\yixingyouhua2\batch_run\airfoils\sample_679.dat,0.0015574793,-3.86697e-05,0.2483130056743899,0.2971644667956726,0.2659888146777006,0.1845378665032173,0.2413230550065697,0.2785312980258558,-0.147885916203003,-0.083768804618787,-0.0152517447950332,-0.091241682327898,-0.0023446550186454,-0.0487767867706363
sample_680,False,ok,2.0,0.697,0.00681,-0.0993,102.34948604992657,0.1296268004992746,0.21843687374749496,D:\BH\航空项目制\优化\yixingyouhua2(1)\yixingyouhua2\batch_run\polars\sample_680_polar.txt,D:\BH\航空项目制\优化\yixingyouhua2(1)\yixingyouhua2\batch_run\airfoils\sample_680.dat,0.0015574793,-3.86697e-05,0.2686560522901938,0.2357135939774013,0.2441710853537625,0.1865141180575702,0.294251121476743,0.2279503469899547,-0.1902954292081415,-0.0943105582597415,-0.0563548439338902,-0.0451030508224889,0.0389966041131138,0.0025178895748873
sample_681,False,ok,2.0,0.628,0.00599,-0.0746,104.84140233722871,0.10479535628634798,0.2444889779559118,D:\BH\航空项目制\优化\yixingyouhua2(1)\yixingyouhua2\batch_run\polars\sample_681_polar.txt,D:\BH\航空项目制\优化\yixingyouhua2(1)\yixingyouhua2\batch_run\airfoils\sample_681.dat,0.0015574793,-3.86697e-05,0.2342870720840263,0.1819403704229066,0.3122287122384823,0.1646132967509701,0.2495478262036947,0.2156621946635215,-0.148614327553135,-0.0508041067841368,0.0359164639957267,-0.0416518211264942,-0.0360327653831547,-0.068405364091031
sample_682,False,ok,2.0,0.6518,0.00558,-0.078,116.81003584229391,0.1291190254650563,0.3306613226452906,D:\BH\航空项目制\优化\yixingyouhua2(1)\yixingyouhua2\batch_run\polars\sample_682_polar.txt,D:\BH\航空项目制\优化\yixingyouhua2(1)\yixingyouhua2\batch_run\airfoils\sample_682.dat,0.0015574793,-3.86697e-05,0.2712763391945154,0.1836748606755452,0.3508956524337215,0.1711418076032359,0.345033336214664,0.2187042254913129,-0.0858547800297545,-0.1074334758979678,-0.0448613976065846,-0.1139632345720623,0.0368933441484606,-0.0975551714261317
sample_683,False,ok,2.0,0.7228,0.00588,-0.0952,122.92517006802721,0.12257123830048766,0.2665330661322645,D:\BH\航空项目制\优化\yixingyouhua2(1)\yixingyouhua2\batch_run\polars\sample_683_polar.txt,D:\BH\航空项目制\优化\yixingyouhua2(1)\yixingyouhua2\batch_run\airfoils\sample_683.dat,0.0015574793,-3.86697e-05,0.2425197484766864,0.2489011510180206,0.2747764591379998,0.2204967531393131,0.2386068033693352,0.2796109581836693,-0.0877726232968677,-0.1217731814100306,-0.0070625374508768,-0.0311245713546209,-0.0020541665674756,-0.0220238895441707
sample_684,False,ok,2.0,0.7466,0.00576,-0.1213,129.61805555555554,0.12193170981697203,0.2725450901803607,D:\BH\航空项目制\优化\yixingyouhua2(1)\yixingyouhua2\batch_run\polars\sample_684_polar.txt,D:\BH\航空项目制\优化\yixingyouhua2(1)\yixingyouhua2\batch_run\airfoils\sample_684.dat,0.0015574793,-3.86697e-05,0.1679668590060584,0.2605765195356492,0.3128167078887083,0.1388749990420536,0.2757523086878251,0.2973620917340956,-0.1822904826980282,-0.0475642460534378,-0.0720786816999066,-0.0137432272070849,0.0711363673315895,-0.0070146007167148
sample_685,False,ok,2.0,0.7564,0.00554,-0.1195,136.53429602888087,0.11721323000010268,0.30861723446893785,D:\BH\航空项目制\优化\yixingyouhua2(1)\yixingyouhua2\batch_run\polars\sample_685_polar.txt,D:\BH\航空项目制\优化\yixingyouhua2(1)\yixingyouhua2\batch_run\airfoils\sample_685.dat,0.0015574793,-3.86697e-05,0.1826990953541905,0.2669250155232243,0.2596917149969994,0.1596082116839152,0.3617563375727635,0.2873411515297648,-0.1146885723338225,-0.0637249631278446,-0.0326064943467586,-0.1138608516922085,0.0719149241319231,-0.0015092671679143
sample_686,False,ok,2.0,0.7724,0.00717,-0.1169,107.72663877266388,0.10946317202933636,0.23847695390781562,D:\BH\航空项目制\优化\yixingyouhua2(1)\yixingyouhua2\batch_run\polars\sample_686_polar.txt,D:\BH\航空项目制\优化\yixingyouhua2(1)\yixingyouhua2\batch_run\airfoils\sample_686.dat,0.0015574793,-3.86697e-05,0.2524940863668433,0.2118203831711497,0.2428004398009315,0.256852756963845,0.3596243228708804,0.2511551819764769,-0.0992151917147236,-0.1096669567619322,0.0467717285356416,-0.010561254776407,0.0466241654093553,-0.027456994307638
sample_687,False,ok,2.0,0.6866,0.00619,-0.1001,110.92084006462035,0.11097138540704915,0.24048096192384769,D:\BH\航空项目制\优化\yixingyouhua2(1)\yixingyouhua2\batch_run\polars\sample_687_polar.txt,D:\BH\航空项目制\优化\yixingyouhua2(1)\yixingyouhua2\batch_run\airfoils\sample_687.dat,0.0015574793,-3.86697e-05,0.2061609341632762,0.223015615647553,0.2692714062127551,0.1343763471489133,0.3281073460097164,0.2924620323929605,-0.1199259532327487,-0.1215584925408669,0.0446822145054261,-0.0560007976115829,-0.0005886918551894,-0.0508704907268925
sample_688,False,ok,2.0,0.7265,0.00548,-0.1081,132.57299270072994,0.13470083846775466,0.30861723446893785,D:\BH\航空项目制\优化\yixingyouhua2(1)\yixingyouhua2\batch_run\polars\sample_688_polar.txt,D:\BH\航空项目制\优化\yixingyouhua2(1)\yixingyouhua2\batch_run\airfoils\sample_688.dat,0.0015574793,-3.86697e-05,0.2433392014460881,0.19540709372145,0.3611154573476962,0.2002462303071992,0.267486969984676,0.2992625704716509,-0.1470288936230998,-0.1089715038371496,-0.0622359724089496,-0.0781766647629425,0.0403445626629243,-0.0335229394932111
sample_689,False,ok,2.0,0.6773,0.00494,-0.1105,137.10526315789474,0.12320179414913499,0.3687374749498998,D:\BH\航空项目制\优化\yixingyouhua2(1)\yixingyouhua2\batch_run\polars\sample_689_polar.txt,D:\BH\航空项目制\优化\yixingyouhua2(1)\yixingyouhua2\batch_run\airfoils\sample_689.dat,0.0015574793,-3.86697e-05,0.1582478764899479,0.1771133399829237,0.330036374321596,0.2555833922101757,0.2596890982485881,0.2950998673272386,-0.1551264074908499,-0.0773209465864691,-0.0420370395409333,-0.1034080336024467,0.0476032170103496,-0.0877757627280696
sample_690,False,ok,2.0,0.7861,0.00619,-0.1143,126.9951534733441,0.13405464706145154,0.2665330661322645,D:\BH\航空项目制\优化\yixingyouhua2(1)\yixingyouhua2\batch_run\polars\sample_690_polar.txt,D:\BH\航空项目制\优化\yixingyouhua2(1)\yixingyouhua2\batch_run\airfoils\sample_690.dat,0.0015574793,-3.86697e-05,0.2417976315964548,0.2952313569156487,0.2868999451620843,0.2469522963293004,0.3260230657829017,0.2803108380934667,-0.1383511553868346,-0.1054383708798145,0.0056507248130081,-0.0702825595894258,-0.0053493870964533,-0.0034600881448586
sample_691,False,ok,2.0,0.6603,0.00556,-0.0764,118.7589928057554,0.11922062999369742,0.3226452905811623,D:\BH\航空项目制\优化\yixingyouhua2(1)\yixingyouhua2\batch_run\polars\sample_691_polar.txt,D:\BH\航空项目制\优化\yixingyouhua2(1)\yixingyouhua2\batch_run\airfoils\sample_691.dat,0.0015574793,-3.86697e-05,0.248406719992349,0.221890218677021,0.3013814401873253,0.231148870951975,0.3136183853388182,0.2142325715530642,-0.0808161187756257,-0.1077388047143534,0.0416237289693688,-0.1105394220434124,-0.0095802080591402,-0.0985878212810599
sample_692,False,ok,2.0,0.7055,0.00432,-0.1006,163.3101851851852,0.1272660031632366,0.4048096192384769,D:\BH\航空项目制\优化\yixingyouhua2(1)\yixingyouhua2\batch_run\polars\sample_692_polar.txt,D:\BH\航空项目制\优化\yixingyouhua2(1)\yixingyouhua2\batch_run\airfoils\sample_692.dat,0.0015574793,-3.86697e-05,0.2042078792865211,0.1870142175705175,0.3316025570579388,0.2638299280638599,0.3145224973868266,0.2600697012352948,-0.0738482320391308,-0.0662626996722912,-0.0455937420030264,-0.1359451764845274,0.0487918449078967,-0.0863257772615582
sample_693,False,ok,2.0,0.6128,0.00615,-0.0961,99.64227642276423,0.11956009973471404,0.25250501002004005,D:\BH\航空项目制\优化\yixingyouhua2(1)\yixingyouhua2\batch_run\polars\sample_693_polar.txt,D:\BH\航空项目制\优化\yixingyouhua2(1)\yixingyouhua2\batch_run\airfoils\sample_693.dat,0.0015574793,-3.86697e-05,0.1910091331279808,0.1830179457991446,0.3090689114904173,0.1345013968512703,0.3113420827170939,0.3192030075300804,-0.1988988977926216,-0.1264935773283362,0.0107979787719058,-0.0776111597499179,-0.0383935692350202,-0.0915329918325507
sample_694,False,ok,2.0,0.7069,0.00649,-0.0882,108.92141756548536,0.11921272255867849,0.2444889779559118,D:\BH\航空项目制\优化\yixingyouhua2(1)\yixingyouhua2\batch_run\polars\sample_694_polar.txt,D:\BH\航空项目制\优化\yixingyouhua2(1)\yixingyouhua2\batch_run\airfoils\sample_694.dat,0.0015574793,-3.86697e-05,0.2774013788168309,0.22134620074913,0.3129156914731757,0.1580954215470918,0.2686443796760798,0.2903799424960037,-0.1329601818916043,-0.0779275225344065,0.0365522057343128,-0.1224096695942912,0.0515235613810786,-0.0583414584331442
sample_695,False,ok,2.0,0.6729,0.00518,-0.0891,129.90347490347492,0.13035370194124118,0.30861723446893785,D:\BH\航空项目制\优化\yixingyouhua2(1)\yixingyouhua2\batch_run\polars\sample_695_polar.txt,D:\BH\航空项目制\优化\yixingyouhua2(1)\yixingyouhua2\batch_run\airfoils\sample_695.dat,0.0015574793,-3.86697e-05,0.2066048856649152,0.2349870734840815,0.3306922430958756,0.151663780238656,0.2937739223716603,0.238203105707432,-0.0833997910831402,-0.122538871157884,-0.0743777570740164,-0.0457005988098711,-0.0337305166078528,-0.0211758018709405
sample_696,False,ok,2.0,0.6104,0.00605,-0.0833,100.89256198347108,0.13376027827155054,0.2725450901803607,D:\BH\航空项目制\优化\yixingyouhua2(1)\yixingyouhua2\batch_run\polars\sample_696_polar.txt,D:\BH\航空项目制\优化\yixingyouhua2(1)\yixingyouhua2\batch_run\airfoils\sample_696.dat,0.0015574793,-3.86697e-05,0.2204401490680017,0.2491058646152635,0.2584573039549041,0.2113151512207059,0.2944887748695691,0.2426295129572959,-0.1844890295527948,-0.1149517189757144,-0.0542013338817928,-0.1065355048761381,0.0114658335871561,-0.0944220590066348
sample_697,False,ok,2.0,0.7863,0.00478,-0.1161,164.49790794979077,0.1243632295320243,0.35270541082164325,D:\BH\航空项目制\优化\yixingyouhua2(1)\yixingyouhua2\batch_run\polars\sample_697_polar.txt,D:\BH\航空项目制\优化\yixingyouhua2(1)\yixingyouhua2\batch_run\airfoils\sample_697.dat,0.0015574793,-3.86697e-05,0.1961176787419393,0.2507843302854263,0.3460899902501644,0.2210702365179525,0.3614090753376245,0.2225570914965481,-0.088398970237317,-0.0360867691407074,-0.0471075489600958,-0.0606758607478614,0.0607288398652784,-0.0311978806249162
sample_698,False,polar_parse_failed,,,,,,,,,,,,,,,,,,,,,,,
sample_699,False,ok,2.0,0.6787,0.00521,-0.1126,130.2687140115163,0.12484571557696136,0.3607214428857715,D:\BH\航空项目制\优化\yixingyouhua2(1)\yixingyouhua2\batch_run\polars\sample_699_polar.txt,D:\BH\航空项目制\优化\yixingyouhua2(1)\yixingyouhua2\batch_run\airfoils\sample_699.dat,0.0015574793,-3.86697e-05,0.1728116627485152,0.1801824749404787,0.30389340450458,0.2395625761694599,0.3050911666816805,0.2583113527072069,-0.1762107446317672,-0.0933866050640302,-0.047540890622266,-0.0971178805727365,-0.0323068506862897,-0.0163094000162456
sample_700,False,ok,2.0,0.6575,0.00592,-0.0949,111.0641891891892,0.13314813769873796,0.2925851703406813,D:\BH\航空项目制\优化\yixingyouhua2(1)\yixingyouhua2\batch_run\polars\sample_700_polar.txt,D:\BH\航空项目制\优化\yixingyouhua2(1)\yixingyouhua2\batch_run\airfoils\sample_700.dat,0.0015574793,-3.86697e-05,0.2114904569349402,0.2629725821357472,0.2609708766985296,0.2435482040331815,0.3587420784836314,0.2241529819021202,-0.1766399647572111,-0.0950529836492516,-0.0647334284103922,-0.0530366918626311,-0.0382876558785358,-0.0784678620815215
sample_701,False,ok,2.0,0.8002,0.00533,-0.1358,150.1313320825516,0.10964202407517386,0.31462925851703405,D:\BH\航空项目制\优化\yixingyouhua2(1)\yixingyouhua2\batch_run\polars\sample_701_polar.txt,D:\BH\航空项目制\优化\yixingyouhua2(1)\yixingyouhua2\batch_run\airfoils\sample_701.dat,0.0015574793,-3.86697e-05,0.1590506749869036,0.2172469440577673,0.3130645473824585,0.1796402607631516,0.3498600707811508,0.2778755764337772,-0.100731067279218,-0.1018279332415769,0.0411443932378845,-0.0735701281371076,0.0718047414897862,0.0114310892685249
sample_702,False,ok,2.0,0.7533,0.00529,-0.12,142.40075614366728,0.10384973303092114,0.30861723446893785,D:\BH\航空项目制\优化\yixingyouhua2(1)\yixingyouhua2\batch_run\polars\sample_702_polar.txt,D:\BH\航空项目制\优化\yixingyouhua2(1)\yixingyouhua2\batch_run\airfoils\sample_702.dat,0.0015574793,-3.86697e-05,0.1631991320607491,0.192796117004334,0.3367678331258119,0.152600831374922,0.320652474160026,0.2646128453976006,-0.0956302958413276,-0.0803676159464466,0.0323563946730719,-0.0391774857325702,0.0550806694093384,-0.0218893435011555
sample_703,False,polar_parse_failed,,,,,,,,,,,,,,,,,,,,,,,
sample_704,False,polar_parse_failed,,,,,,,,,,,,,,,,,,,,,,,
sample_705,False,ok,2.0,0.6274,0.00633,-0.0773,99.11532385466035,0.10211385985401111,0.344689378757515,D:\BH\航空项目制\优化\yixingyouhua2(1)\yixingyouhua2\batch_run\polars\sample_705_polar.txt,D:\BH\航空项目制\优化\yixingyouhua2(1)\yixingyouhua2\batch_run\airfoils\sample_705.dat,0.0015574793,-3.86697e-05,0.2212247673269488,0.2044529680215918,0.2469938984415155,0.2411513523155067,0.261874291161388,0.2059293482405046,-0.1637385041555347,-0.0003730181052276,0.0072514833135123,-0.0853751339681835,-0.0290726562076368,-0.0667466873470315
sample_706,False,ok,2.0,0.7078,0.00619,-0.1173,114.34571890145395,0.10628535926985065,0.344689378757515,D:\BH\航空项目制\优化\yixingyouhua2(1)\yixingyouhua2\batch_run\polars\sample_706_polar.txt,D:\BH\航空项目制\优化\yixingyouhua2(1)\yixingyouhua2\batch_run\airfoils\sample_706.dat,0.0015574793,-3.86697e-05,0.1607480031663204,0.217724818260157,0.244071802289526,0.1603127805844358,0.3408709320413013,0.2635167846697901,-0.1769284658631512,0.001410218395958,-0.0609179414829208,-0.1205157120963636,0.067665336404555,0.0010916077658185
sample_707,False,ok,2.0,0.67,0.00549,-0.0806,122.040072859745,0.12316599880826125,0.3006012024048096,D:\BH\航空项目制\优化\yixingyouhua2(1)\yixingyouhua2\batch_run\polars\sample_707_polar.txt,D:\BH\航空项目制\优化\yixingyouhua2(1)\yixingyouhua2\batch_run\airfoils\sample_707.dat,0.0015574793,-3.86697e-05,0.2655715721747148,0.2029594148202249,0.3077176683254463,0.1771791490384454,0.2411921028923079,0.2642148312682658,-0.0929389835803963,-0.1008831044232662,-0.0351343254563949,-0.0976195417397033,-0.0213741627510143,-0.0146599531497305
sample_708,False,polar_parse_failed,,,,,,,,,,,,,,,,,,,,,,,
sample_709,False,ok,2.0,0.7626,0.00553,-0.1178,137.9023508137432,0.12252673242691389,0.39078156312625245,D:\BH\航空项目制\优化\yixingyouhua2(1)\yixingyouhua2\batch_run\polars\sample_709_polar.txt,D:\BH\航空项目制\优化\yixingyouhua2(1)\yixingyouhua2\batch_run\airfoils\sample_709.dat,0.0015574793,-3.86697e-05,0.1875938445923956,0.2246357216058951,0.3663672859680286,0.2367387053248569,0.3570459620064405,0.2935663751742318,-0.1472687244839594,-0.0479980673310877,0.0455816462299657,-0.1100219850180555,-0.0347851671967289,-0.0585730524246523
sample_710,False,ok,2.0,0.6683,0.00656,-0.0863,101.875,0.1366217223955138,0.23847695390781562,D:\BH\航空项目制\优化\yixingyouhua2(1)\yixingyouhua2\batch_run\polars\sample_710_polar.txt,D:\BH\航空项目制\优化\yixingyouhua2(1)\yixingyouhua2\batch_run\airfoils\sample_710.dat,0.0015574793,-3.86697e-05,0.2784389893296281,0.238767081919783,0.3163838996247369,0.1833934027441176,0.3405374918190467,0.256630567984311,-0.1719888391609492,-0.1272082363880672,-0.0091264812382235,-0.0406785502911019,-0.0327902020856174,-0.0929680549864313
sample_711,False,ok,2.0,0.7503,0.00573,-0.1254,130.94240837696336,0.11026286574361244,0.31462925851703405,D:\BH\航空项目制\优化\yixingyouhua2(1)\yixingyouhua2\batch_run\polars\sample_711_polar.txt,D:\BH\航空项目制\优化\yixingyouhua2(1)\yixingyouhua2\batch_run\airfoils\sample_711.dat,0.0015574793,-3.86697e-05,0.162854153425909,0.2440966041223731,0.2705650015403244,0.2302032312043004,0.2955890770714131,0.3029214900033862,-0.1990658317799233,-0.0222663978336937,0.02980244297717,-0.1345473819855331,0.0816018620299633,-0.0362821917221711
sample_712,False,ok,2.0,0.7313,0.00484,-0.0992,151.09504132231405,0.1103465755223351,0.3166332665330661,D:\BH\航空项目制\优化\yixingyouhua2(1)\yixingyouhua2\batch_run\polars\sample_712_polar.txt,D:\BH\航空项目制\优化\yixingyouhua2(1)\yixingyouhua2\batch_run\airfoils\sample_712.dat,0.0015574793,-3.86697e-05,0.2107306061875295,0.2390208324478787,0.2932047962742528,0.1812525750464476,0.2875312267989083,0.2885248636481114,-0.0724710795977252,-0.0796884560708307,0.04536484505394,-0.102458420197769,-0.0370163850137551,0.0019433411644614
sample_713,False,ok,2.0,0.7078,0.00536,-0.1168,132.05223880597015,0.13142536918693715,0.3246492985971944,D:\BH\航空项目制\优化\yixingyouhua2(1)\yixingyouhua2\batch_run\polars\sample_713_polar.txt,D:\BH\航空项目制\优化\yixingyouhua2(1)\yixingyouhua2\batch_run\airfoils\sample_713.dat,0.0015574793,-3.86697e-05,0.1835913717134965,0.2418312569104461,0.2522975488987268,0.2414581397244865,0.3209297687360243,0.3142030948914235,-0.1471340987953265,-0.1152558129052916,-0.0775819209113801,-0.0925526565875494,-0.0192044471597944,-0.0126315151286512
sample_714,False,ok,2.0,0.6653,0.00551,-0.0913,120.74410163339383,0.12116788307069508,0.280561122244489,D:\BH\航空项目制\优化\yixingyouhua2(1)\yixingyouhua2\batch_run\polars\sample_714_polar.txt,D:\BH\航空项目制\优化\yixingyouhua2(1)\yixingyouhua2\batch_run\airfoils\sample_714.dat,0.0015574793,-3.86697e-05,0.1753289382764984,0.2691977547675984,0.295062866242517,0.1616101032982536,0.2873411383277138,0.2257526378829873,-0.1238431717240083,-0.09494091838597,-0.0222553368800774,-0.0449429933119365,0.0569663413087116,-0.0793916837639849
sample_715,False,ok,2.0,0.6773,0.00583,-0.0794,116.17495711835335,0.11851031106695069,0.3306613226452906,D:\BH\航空项目制\优化\yixingyouhua2(1)\yixingyouhua2\batch_run\polars\sample_715_polar.txt,D:\BH\航空项目制\优化\yixingyouhua2(1)\yixingyouhua2\batch_run\airfoils\sample_715.dat,0.0015574793,-3.86697e-05,0.2299274965591143,0.2494328132949309,0.3219877783563352,0.2030307798101451,0.2497713293474645,0.2942924187589348,-0.124283760359749,-0.0102049731522168,-0.0195346167013218,-0.1008336411509032,-0.0002963765642099,-0.1078791539582014
sample_716,False,ok,2.0,0.7154,0.00667,-0.0931,107.25637181409296,0.10655131374476426,0.25851703406813625,D:\BH\航空项目制\优化\yixingyouhua2(1)\yixingyouhua2\batch_run\polars\sample_716_polar.txt,D:\BH\航空项目制\优化\yixingyouhua2(1)\yixingyouhua2\batch_run\airfoils\sample_716.dat,0.0015574793,-3.86697e-05,0.2550703841027759,0.2218236248380667,0.2838625499250616,0.2118657375131843,0.313727350149262,0.2753157364577261,-0.1433668370643041,-0.0158307960409404,0.0426518713012309,-0.077899681568243,-0.0339146220781638,-0.0513626687104458
sample_717,False,ok,2.0,0.6765,0.00538,-0.108,125.74349442379182,0.1163562546816364,0.3386773547094188,D:\BH\航空项目制\优化\yixingyouhua2(1)\yixingyouhua2\batch_run\polars\sample_717_polar.txt,D:\BH\航空项目制\优化\yixingyouhua2(1)\yixingyouhua2\batch_run\airfoils\sample_717.dat,0.0015574793,-3.86697e-05,0.1780854722654199,0.1949487325592451,0.2698621910597138,0.1999255882195008,0.2821103332837055,0.2726041520596933,-0.1673983558801504,-0.0549150864120938,-0.0774724760151535,-0.0709154915157846,-0.0373617363395655,0.0129488191716245
sample_718,False,ok,2.0,0.7907,0.00517,-0.1361,152.94003868471953,0.13056218114957246,0.3226452905811623,D:\BH\航空项目制\优化\yixingyouhua2(1)\yixingyouhua2\batch_run\polars\sample_718_polar.txt,D:\BH\航空项目制\优化\yixingyouhua2(1)\yixingyouhua2\batch_run\airfoils\sample_718.dat,0.0015574793,-3.86697e-05,0.1890236133176089,0.2367253223723305,0.3046895918644118,0.2611146485219686,0.3650849881731588,0.2038330312576666,-0.1919014146246869,-0.0615293794841942,-0.0734083702220383,-0.0568771565286121,0.0810408696226686,0.015319503271496
sample_719,False,ok,2.0,0.6558,0.00649,-0.0869,101.04776579352851,0.12226439300853535,0.3006012024048096,D:\BH\航空项目制\优化\yixingyouhua2(1)\yixingyouhua2\batch_run\polars\sample_719_polar.txt,D:\BH\航空项目制\优化\yixingyouhua2(1)\yixingyouhua2\batch_run\airfoils\sample_719.dat,0.0015574793,-3.86697e-05,0.261138173271171,0.1990888434147678,0.2668200999612752,0.2117162623814611,0.319439751639498,0.2186150123060736,-0.143025021268369,-0.0788584038007912,-0.0569157270792406,-0.0847820449380201,-0.0287820293535972,-0.0195440473755023
sample_720,False,ok,2.0,0.6514,0.00599,-0.0739,108.74791318864774,0.11625216729090992,0.30260521042084165,D:\BH\航空项目制\优化\yixingyouhua2(1)\yixingyouhua2\batch_run\polars\sample_720_polar.txt,D:\BH\航空项目制\优化\yixingyouhua2(1)\yixingyouhua2\batch_run\airfoils\sample_720.dat,0.0015574793,-3.86697e-05,0.239225371258918,0.2535866923373706,0.266271446190228,0.2165877619076235,0.2528737612521743,0.2571785543136483,-0.1259440338665693,-0.0284876681959391,-0.023975220794157,-0.0933051131903719,-0.0139823733708244,-0.0846401502232655
sample_721,False,ok,2.0,0.714,0.00613,-0.1081,116.4763458401305,0.1270323098646477,0.24649298597194386,D:\BH\航空项目制\优化\yixingyouhua2(1)\yixingyouhua2\batch_run\polars\sample_721_polar.txt,D:\BH\航空项目制\优化\yixingyouhua2(1)\yixingyouhua2\batch_run\airfoils\sample_721.dat,0.0015574793,-3.86697e-05,0.1738896727561164,0.3030625302990281,0.2838172220757622,0.1366115525643597,0.3055396901388364,0.2596275565535191,-0.177560704346265,-0.1055143144625525,0.0278341166568415,-0.0970536615091272,0.0041495720882781,0.010525543043023
sample_722,False,ok,2.0,0.6753,0.00443,-0.1013,152.43792325056435,0.11276012520490171,0.374749498997996,D:\BH\航空项目制\优化\yixingyouhua2(1)\yixingyouhua2\batch_run\polars\sample_722_polar.txt,D:\BH\航空项目制\优化\yixingyouhua2(1)\yixingyouhua2\batch_run\airfoils\sample_722.dat,0.0015574793,-3.86697e-05,0.1573627650383049,0.2174245916241337,0.2610857322766853,0.2222478757539501,0.299224691568385,0.225904551747344,-0.1209568883493716,-0.0285697331768517,-0.0719896147556684,-0.0809019205364353,0.0172648555597838,-0.0321989487057458
sample_723,False,ok,2.0,0.7451,0.00594,-0.1181,125.43771043771044,0.1272572684336717,0.30861723446893785,D:\BH\航空项目制\优化\yixingyouhua2(1)\yixingyouhua2\batch_run\polars\sample_723_polar.txt,D:\BH\航空项目制\优化\yixingyouhua2(1)\yixingyouhua2\batch_run\airfoils\sample_723.dat,0.0015574793,-3.86697e-05,0.1583944254337809,0.2874047289434936,0.3467026006073513,0.2365928694449094,0.3323824767388532,0.3225900347919929,-0.185740495653905,-0.0459831418190449,-0.0031514028242338,-0.0183202380635792,-0.0180201955647572,-0.10602207424052
sample_724,False,ok,2.0,0.7273,0.00617,-0.0842,117.8768233387358,0.10776814443540572,0.26452905811623245,D:\BH\航空项目制\优化\yixingyouhua2(1)\yixingyouhua2\batch_run\polars\sample_724_polar.txt,D:\BH\航空项目制\优化\yixingyouhua2(1)\yixingyouhua2\batch_run\airfoils\sample_724.dat,0.0015574793,-3.86697e-05,0.2831336256194651,0.2032500329592015,0.3574215930281741,0.1475857774637519,0.2982757798742016,0.2351677241022185,-0.1078020193124884,-0.0050345214392147,0.004539332945634,-0.0096488173326146,0.0391231454948895,-0.0824077975232364
sample_725,False,ok,2.0,0.664,0.00513,-0.0901,129.4346978557505,0.11888177072220645,0.34669338677354705,D:\BH\航空项目制\优化\yixingyouhua2(1)\yixingyouhua2\batch_run\polars\sample_725_polar.txt,D:\BH\航空项目制\优化\yixingyouhua2(1)\yixingyouhua2\batch_run\airfoils\sample_725.dat,0.0015574793,-3.86697e-05,0.1902049027785455,0.2132901114911504,0.3178383441017364,0.2403509251285229,0.2710732228108799,0.2080907082881253,-0.1357100506834485,-0.0622886178433636,-0.010705635910939,-0.0738021771543615,-0.0370901531127865,-0.0470353464012756
sample_726,False,ok,2.0,0.6547,0.00549,-0.0927,119.25318761384334,0.10926788944134541,0.3687374749498998,D:\BH\航空项目制\优化\yixingyouhua2(1)\yixingyouhua2\batch_run\polars\sample_726_polar.txt,D:\BH\航空项目制\优化\yixingyouhua2(1)\yixingyouhua2\batch_run\airfoils\sample_726.dat,0.0015574793,-3.86697e-05,0.1740637233222082,0.1958940059258866,0.3111039960939896,0.2102761151729553,0.2556927926567238,0.2277307007559375,-0.1676325044092571,-0.0239428783550797,0.0097576002436644,-0.1045681221815624,-0.0389581228468065,-0.0276236054592231
sample_727,False,ok,2.0,0.7863,0.00593,-0.1186,132.59696458684652,0.11777201752283475,0.2865731462925851,D:\BH\航空项目制\优化\yixingyouhua2(1)\yixingyouhua2\batch_run\polars\sample_727_polar.txt,D:\BH\航空项目制\优化\yixingyouhua2(1)\yixingyouhua2\batch_run\airfoils\sample_727.dat,0.0015574793,-3.86697e-05,0.1737594650565817,0.3024796048931928,0.3295818548974566,0.2381235818510082,0.3061573104546534,0.2757755728543756,-0.1644607397357901,-0.0185696110293264,0.0408044440273737,-0.0381938300459753,0.073967750621555,-0.0844439575544144
sample_728,False,ok,2.0,0.6954,0.0059,-0.0921,117.86440677966102,0.12719163854401433,0.3006012024048096,D:\BH\航空项目制\优化\yixingyouhua2(1)\yixingyouhua2\batch_run\polars\sample_728_polar.txt,D:\BH\航空项目制\优化\yixingyouhua2(1)\yixingyouhua2\batch_run\airfoils\sample_728.dat,0.0015574793,-3.86697e-05,0.2058504171252285,0.301161431884058,0.2648430424662659,0.2184214347272121,0.2433299717745117,0.2422956226911838,-0.1647807140044078,-0.0151455304911453,-0.0709587869254418,-0.1243394122825715,0.08150469707674,-0.0421093118177936
sample_729,False,ok,2.0,0.7561,0.00545,-0.1167,138.73394495412845,0.1249981788818771,0.2785571142284569,D:\BH\航空项目制\优化\yixingyouhua2(1)\yixingyouhua2\batch_run\polars\sample_729_polar.txt,D:\BH\航空项目制\优化\yixingyouhua2(1)\yixingyouhua2\batch_run\airfoils\sample_729.dat,0.0015574793,-3.86697e-05,0.2079277555238645,0.2460059160250581,0.3030808333917762,0.2439638068251913,0.3422268095900224,0.2175698988837709,-0.1387761040406991,-0.1151756310618176,0.01222483731554,-0.0404392351654026,0.0705906875761353,-0.0510864680847752
sample_730,False,ok,2.0,0.7162,0.00574,-0.0899,124.77351916376305,0.10775644207515556,0.2665330661322645,D:\BH\航空项目制\优化\yixingyouhua2(1)\yixingyouhua2\batch_run\polars\sample_730_polar.txt,D:\BH\航空项目制\优化\yixingyouhua2(1)\yixingyouhua2\batch_run\airfoils\sample_730.dat,0.0015574793,-3.86697e-05,0.2091201788781319,0.2913143637960304,0.2502195631589108,0.1833166940719526,0.3051524977361312,0.2462419188360593,-0.0735132554658626,-0.0528201393844981,0.0261172743094297,-0.0429321670823117,0.0668034869660689,-0.0854356262116589
sample_731,False,ok,2.0,0.8035,0.00478,-0.117,168.0962343096234,0.13028861743053213,0.3607214428857715,D:\BH\航空项目制\优化\yixingyouhua2(1)\yixingyouhua2\batch_run\polars\sample_731_polar.txt,D:\BH\航空项目制\优化\yixingyouhua2(1)\yixingyouhua2\batch_run\airfoils\sample_731.dat,0.0015574793,-3.86697e-05,0.2035893899263863,0.2737594899949489,0.3199388036734043,0.2550548882106846,0.3278063394226618,0.2135172432290394,-0.081023843521923,-0.0455181676679518,-0.0376949658745487,-0.1375646258215268,0.0843352550755672,0.0158104999374241
sample_732,False,ok,2.0,0.7599,0.00695,-0.1256,109.33812949640289,0.10541485062383209,0.26452905811623245,D:\BH\航空项目制\优化\yixingyouhua2(1)\yixingyouhua2\batch_run\polars\sample_732_polar.txt,D:\BH\航空项目制\优化\yixingyouhua2(1)\yixingyouhua2\batch_run\airfoils\sample_732.dat,0.0015574793,-3.86697e-05,0.2171888029742284,0.179323082676411,0.2445902971410005,0.2374169998078531,0.2459020219460618,0.3225112696954063,-0.1478497747901216,-0.0625267457446113,-0.0313709766885389,-0.0101713888315706,0.0562677893376627,0.0204659122949539
sample_733,False,ok,2.0,0.67,0.00447,-0.0934,149.8881431767338,0.10825265590168599,0.41482965931863724,D:\BH\航空项目制\优化\yixingyouhua2(1)\yixingyouhua2\batch_run\polars\sample_733_polar.txt,D:\BH\航空项目制\优化\yixingyouhua2(1)\yixingyouhua2\batch_run\airfoils\sample_733.dat,0.0015574793,-3.86697e-05,0.1632780282888543,0.2279016002115003,0.2735421386582838,0.2131954304267247,0.2922790828977006,0.2839428043983297,-0.1073780888111814,-0.0210669493939553,0.0119853374876463,-0.1265289494891144,-0.0419776491987553,-0.0546169244547893
sample_734,False,ok,2.0,0.6234,0.00588,-0.0657,106.0204081632653,0.13078617153213012,0.2605210420841683,D:\BH\航空项目制\优化\yixingyouhua2(1)\yixingyouhua2\batch_run\polars\sample_734_polar.txt,D:\BH\航空项目制\优化\yixingyouhua2(1)\yixingyouhua2\batch_run\airfoils\sample_734.dat,0.0015574793,-3.86697e-05,0.2705929598259442,0.2713762740338427,0.2627504399729702,0.1527237999064631,0.3366654817806277,0.1990561608539825,-0.1181457672597799,-0.1002245929524525,-0.0430004272021682,-0.100425425826722,-0.0158445424036043,-0.0724005687885961
sample_735,False,ok,2.0,0.585,0.00617,-0.0607,94.81361426256078,0.11419527671158372,0.3006012024048096,D:\BH\航空项目制\优化\yixingyouhua2(1)\yixingyouhua2\batch_run\polars\sample_735_polar.txt,D:\BH\航空项目制\优化\yixingyouhua2(1)\yixingyouhua2\batch_run\airfoils\sample_735.dat,0.0015574793,-3.86697e-05,0.2421288494056861,0.2143253261294321,0.2863508685368177,0.1459999079082906,0.2513500584971867,0.199950345738862,-0.1555702565001501,-0.0012599906899769,-0.0780208242588581,-0.1054731209643484,0.0531636041059585,-0.1080299076668453
sample_736,False,ok,2.0,0.6877,0.00604,-0.0873,113.85761589403972,0.129884039014333,0.2725450901803607,D:\BH\航空项目制\优化\yixingyouhua2(1)\yixingyouhua2\batch_run\polars\sample_736_polar.txt,D:\BH\航空项目制\优化\yixingyouhua2(1)\yixingyouhua2\batch_run\airfoils\sample_736.dat,0.0015574793,-3.86697e-05,0.2625410401991402,0.2346469585696231,0.3075133921332024,0.2371086236067227,0.2957846361177697,0.2560311967388762,-0.1215772061007801,-0.1259424407074112,0.0044585255196913,-0.0574734694534222,-0.0165413899284429,-0.0859003838963699
sample_737,False,ok,2.0,0.7186,0.00483,-0.1023,148.77846790890268,0.13361840406690406,0.3607214428857715,D:\BH\航空项目制\优化\yixingyouhua2(1)\yixingyouhua2\batch_run\polars\sample_737_polar.txt,D:\BH\航空项目制\优化\yixingyouhua2(1)\yixingyouhua2\batch_run\airfoils\sample_737.dat,0.0015574793,-3.86697e-05,0.1555331862637259,0.2829057365821495,0.3442817204915872,0.2323988271826031,0.2752647098768979,0.2810903995066993,-0.0947497860691804,-0.0468796945156734,-0.0704215107875928,-0.1048096810256073,0.0415180685169011,-0.068484150133976
sample_738,False,ok,2.0,0.7758,0.00633,-0.1071,122.55924170616115,0.11808130385606123,0.3006012024048096,D:\BH\航空项目制\优化\yixingyouhua2(1)\yixingyouhua2\batch_run\polars\sample_738_polar.txt,D:\BH\航空项目制\优化\yixingyouhua2(1)\yixingyouhua2\batch_run\airfoils\sample_738.dat,0.0015574793,-3.86697e-05,0.2761135081299624,0.2081098992125389,0.3497920528740718,0.2333946386304405,0.2717851121585631,0.2862691380499018,-0.1803085731833572,-0.0027191716553336,0.0123489389429855,-0.0727828880583769,-0.0361699089323741,0.004005136267193
sample_739,False,ok,2.0,0.7881,0.00616,-0.1183,127.9383116883117,0.10475750232390761,0.280561122244489,D:\BH\航空项目制\优化\yixingyouhua2(1)\yixingyouhua2\batch_run\polars\sample_739_polar.txt,D:\BH\航空项目制\优化\yixingyouhua2(1)\yixingyouhua2\batch_run\airfoils\sample_739.dat,0.0015574793,-3.86697e-05,0.1908245542365688,0.272125378474734,0.276260251310931,0.1770079701459885,0.3349290067728,0.2793001934674268,-0.1315553030218592,-0.0119444932528615,0.0466748187025831,-0.0863787648540482,0.0222830112541375,0.0106592314434526
sample_740,False,ok,2.0,0.6934,0.00585,-0.0932,118.52991452991454,0.10842911595246738,0.3366733466933867,D:\BH\航空项目制\优化\yixingyouhua2(1)\yixingyouhua2\batch_run\polars\sample_740_polar.txt,D:\BH\航空项目制\优化\yixingyouhua2(1)\yixingyouhua2\batch_run\airfoils\sample_740.dat,0.0015574793,-3.86697e-05,0.211406031587667,0.2114854394356385,0.3232079106561965,0.1486967545855306,0.3008861361508357,0.3233800234354185,-0.1185699870562161,-0.0152992151184679,-0.0141488974719755,-0.0683709425615453,-0.0346640663787917,-0.0671747646604897
sample_741,False,ok,2.0,0.7573,0.00589,-0.1137,128.57385398981324,0.1102573524032131,0.2865731462925851,D:\BH\航空项目制\优化\yixingyouhua2(1)\yixingyouhua2\batch_run\polars\sample_741_polar.txt,D:\BH\航空项目制\优化\yixingyouhua2(1)\yixingyouhua2\batch_run\airfoils\sample_741.dat,0.0015574793,-3.86697e-05,0.2252451049709819,0.2079937269121505,0.2777005554960677,0.2433237614643424,0.2582042391721597,0.2620738466579385,-0.1365988308943744,-0.0489513809216723,-0.0083333265648842,-0.0496808985814763,0.0786429289298496,-0.0138934502829169
sample_742,False,ok,2.0,0.826,0.00556,-0.1232,148.5611510791367,0.12574364983556616,0.344689378757515,D:\BH\航空项目制\优化\yixingyouhua2(1)\yixingyouhua2\batch_run\polars\sample_742_polar.txt,D:\BH\航空项目制\优化\yixingyouhua2(1)\yixingyouhua2\batch_run\airfoils\sample_742.dat,0.0015574793,-3.86697e-05,0.2714358311363587,0.1912404202076979,0.3662947517271906,0.2559688549283087,0.324786842784313,0.3068675282284719,-0.0899090411754265,-0.0826280134569683,0.0047176516441671,-0.0880625674346486,0.0725762358867159,-0.0298954180676359
sample_743,False,ok,2.0,0.6831,0.00589,-0.0981,115.97623089983023,0.11219086170930656,0.2865731462925851,D:\BH\航空项目制\优化\yixingyouhua2(1)\yixingyouhua2\batch_run\polars\sample_743_polar.txt,D:\BH\航空项目制\优化\yixingyouhua2(1)\yixingyouhua2\batch_run\airfoils\sample_743.dat,0.0015574793,-3.86697e-05,0.1720122075599116,0.2752209233648913,0.249553605560701,0.2187287278063423,0.3483424965145824,0.2209001024720146,-0.1469399630738605,-0.0518895724929391,0.016986884153416,-0.0678262592299637,0.0192201269579696,-0.0879551051131094
sample_744,False,ok,2.0,0.7526,0.00557,-0.1192,135.11669658886893,0.14674507405633155,0.2945891783567134,D:\BH\航空项目制\优化\yixingyouhua2(1)\yixingyouhua2\batch_run\polars\sample_744_polar.txt,D:\BH\航空项目制\优化\yixingyouhua2(1)\yixingyouhua2\batch_run\airfoils\sample_744.dat,0.0015574793,-3.86697e-05,0.1965746065674704,0.2791226104597399,0.3409470110610973,0.2601611281872436,0.2439119891543374,0.3045756769199238,-0.1805352963149568,-0.1271026990659623,-0.049557486099506,-0.0764984892039873,0.0364392832719317,-0.0258756733103886
sample_745,False,ok,2.0,0.7027,0.00656,-0.0962,107.1189024390244,0.11145520469540884,0.22444889779559116,D:\BH\航空项目制\优化\yixingyouhua2(1)\yixingyouhua2\batch_run\polars\sample_745_polar.txt,D:\BH\航空项目制\优化\yixingyouhua2(1)\yixingyouhua2\batch_run\airfoils\sample_745.dat,0.0015574793,-3.86697e-05,0.2322947369153616,0.2593512446797076,0.2468492853470297,0.2010948580201034,0.2639552963044027,0.3149571031245574,-0.1814715159295901,-0.0040892466279287,-0.0036915388494859,-0.065712650131964,0.0536262773301026,-0.0881864761101259
sample_746,False,polar_parse_failed,,,,,,,,,,,,,,,,,,,,,,,
sample_747,False,ok,2.0,0.7186,0.00454,-0.1117,158.2819383259912,0.11723386613151934,0.39078156312625245,D:\BH\航空项目制\优化\yixingyouhua2(1)\yixingyouhua2\batch_run\polars\sample_747_polar.txt,D:\BH\航空项目制\优化\yixingyouhua2(1)\yixingyouhua2\batch_run\airfoils\sample_747.dat,0.0015574793,-3.86697e-05,0.1685124335390699,0.1968975850670157,0.335867719049052,0.2285603136224448,0.3524825389961561,0.2724307227617392,-0.1135415680709684,-0.0308397777205193,-0.0441671199778133,-0.0608902935822709,0.0359229564294696,-0.1016738701391542
sample_748,False,ok,2.0,0.7558,0.00422,-0.1119,179.09952606635073,0.10913306577864094,0.42084168336673344,D:\BH\航空项目制\优化\yixingyouhua2(1)\yixingyouhua2\batch_run\polars\sample_748_polar.txt,D:\BH\航空项目制\优化\yixingyouhua2(1)\yixingyouhua2\batch_run\airfoils\sample_748.dat,0.0015574793,-3.86697e-05,0.1579357198875065,0.2392604544361741,0.2836050548771052,0.242258221611296,0.3034084262566046,0.2459207932911749,-0.0740964068794947,-0.0196399923558018,0.0195689621124717,-0.1115626731981882,-0.0268749969822158,0.0206543280858027
sample_749,False,ok,2.0,0.7565,0.00687,-0.1046,110.1164483260553,0.10471294480830076,0.38276553106212424,D:\BH\航空项目制\优化\yixingyouhua2(1)\yixingyouhua2\batch_run\polars\sample_749_polar.txt,D:\BH\航空项目制\优化\yixingyouhua2(1)\yixingyouhua2\batch_run\airfoils\sample_749.dat,0.0015574793,-3.86697e-05,0.2513915936510047,0.2167486619387386,0.2501334013754853,0.259045057127746,0.3635880639565176,0.2096910753168612,-0.0994700431663868,-0.0192444802488774,0.0161222763251644,-0.0577159836661363,-0.0235801780978252,0.0053231173160559
sample_750,False,ok,2.0,0.701,0.00626,-0.0855,111.98083067092651,0.11620449034467742,0.3306613226452906,D:\BH\航空项目制\优化\yixingyouhua2(1)\yixingyouhua2\batch_run\polars\sample_750_polar.txt,D:\BH\航空项目制\优化\yixingyouhua2(1)\yixingyouhua2\batch_run\airfoils\sample_750.dat,0.0015574793,-3.86697e-05,0.2801649055752688,0.2039681266950759,0.2877324190388697,0.2290102546765672,0.2985352973652791,0.2761820993335354,-0.0721518002073781,-0.034680404151924,-0.0751584570263414,-0.0459046611019331,0.0735131821579236,-0.1041945607950271
sample_751,False,ok,2.0,0.6981,0.00573,-0.1059,121.8324607329843,0.1261680383551132,0.2725450901803607,D:\BH\航空项目制\优化\yixingyouhua2(1)\yixingyouhua2\batch_run\polars\sample_751_polar.txt,D:\BH\航空项目制\优化\yixingyouhua2(1)\yixingyouhua2\batch_run\airfoils\sample_751.dat,0.0015574793,-3.86697e-05,0.2037386195765615,0.2263403050616911,0.337426486446894,0.1489433245081757,0.3222067770499169,0.2057792973875186,-0.1990916087806137,-0.0727803200472162,-0.0355396473151248,-0.0541005669974732,0.016185282412074,-0.0053115231678721
sample_752,False,ok,2.0,0.6636,0.00548,-0.095,121.0948905109489,0.10589240841652714,0.35270541082164325,D:\BH\航空项目制\优化\yixingyouhua2(1)\yixingyouhua2\batch_run\polars\sample_752_polar.txt,D:\BH\航空项目制\优化\yixingyouhua2(1)\yixingyouhua2\batch_run\airfoils\sample_752.dat,0.0015574793,-3.86697e-05,0.1690705599810525,0.2209623633912812,0.2717777645674273,0.1640393730700295,0.3160844916270862,0.244546469789372,-0.1324963195659372,-0.0238369134166527,-0.0054322793224901,-0.1369504852722919,0.0485587596546212,-0.0630143067914963
sample_753,False,ok,2.0,0.7324,0.00579,-0.0983,126.49395509499138,0.13352949558473184,0.30861723446893785,D:\BH\航空项目制\优化\yixingyouhua2(1)\yixingyouhua2\batch_run\polars\sample_753_polar.txt,D:\BH\航空项目制\优化\yixingyouhua2(1)\yixingyouhua2\batch_run\airfoils\sample_753.dat,0.0015574793,-3.86697e-05,0.2734316914072994,0.2447762158957997,0.3171229160188096,0.1966275615423305,0.3403188673785531,0.2715269118907593,-0.1332438505093759,-0.0658790365148281,-0.0560538437105391,-0.1214280243919841,0.0350774290609052,-0.038643930586427
sample_754,False,ok,2.0,0.6921,0.00622,-0.0826,111.27009646302253,0.125059392582806,0.23847695390781562,D:\BH\航空项目制\优化\yixingyouhua2(1)\yixingyouhua2\batch_run\polars\sample_754_polar.txt,D:\BH\航空项目制\优化\yixingyouhua2(1)\yixingyouhua2\batch_run\airfoils\sample_754.dat,0.0015574793,-3.86697e-05,0.2460296140841345,0.2987663718666937,0.2624709546944307,0.2572753847263522,0.2731445991285212,0.2294883631049377,-0.1392263091451689,-0.0756454788561645,0.0203073488567501,-0.0237701190615929,0.0070145565760991,-0.1049543157430779
sample_755,False,ok,2.0,0.6899,0.00542,-0.088,127.28782287822877,0.1289697174585367,0.3226452905811623,D:\BH\航空项目制\优化\yixingyouhua2(1)\yixingyouhua2\batch_run\polars\sample_755_polar.txt,D:\BH\航空项目制\优化\yixingyouhua2(1)\yixingyouhua2\batch_run\airfoils\sample_755.dat,0.0015574793,-3.86697e-05,0.247928339939515,0.2413209044682549,0.3016677997303752,0.2028888700494122,0.3432745111937057,0.199878923039432,-0.1053804955867962,-0.0635399567556622,-0.0741878271036267,-0.1076573333033233,0.0831279555972771,-0.0760445827719324
sample_756,False,ok,2.0,0.6912,0.00541,-0.1094,127.76340110905731,0.11364039460855913,0.30861723446893785,D:\BH\航空项目制\优化\yixingyouhua2(1)\yixingyouhua2\batch_run\polars\sample_756_polar.txt,D:\BH\航空项目制\优化\yixingyouhua2(1)\yixingyouhua2\batch_run\airfoils\sample_756.dat,0.0015574793,-3.86697e-05,0.1730600624086413,0.1843355159661339,0.3294540886470049,0.1654309611532862,0.3309439730320762,0.2052681653804845,-0.1577724392465381,-0.089077845049724,0.0033754580893796,-0.0633145192844513,-0.0059812339859395,-0.0012067762854344
sample_757,False,ok,2.0,0.7929,0.00583,-0.1385,136.00343053173242,0.13780233175766665,0.280561122244489,D:\BH\航空项目制\优化\yixingyouhua2(1)\yixingyouhua2\batch_run\polars\sample_757_polar.txt,D:\BH\航空项目制\优化\yixingyouhua2(1)\yixingyouhua2\batch_run\airfoils\sample_757.dat,0.0015574793,-3.86697e-05,0.169696793705424,0.2935563008997484,0.2993579491988779,0.2357749334939237,0.3634766084928446,0.2667074638571998,-0.1976973337733132,-0.1023152618136176,-0.0523331083088452,-0.0263956935158335,0.0335473305363552,0.0045231333220095
sample_758,False,ok,2.0,0.7675,0.00585,-0.0892,131.19658119658118,0.11929996541067392,0.2745490981963928,D:\BH\航空项目制\优化\yixingyouhua2(1)\yixingyouhua2\batch_run\polars\sample_758_polar.txt,D:\BH\航空项目制\优化\yixingyouhua2(1)\yixingyouhua2\batch_run\airfoils\sample_758.dat,0.0015574793,-3.86697e-05,0.2597122080124411,0.2759268966460161,0.3640524506564639,0.1541615025769782,0.2551685714158054,0.2602303135161401,-0.092712077455143,-0.0382864409152281,0.0475359421263478,-0.0858370673581981,0.0242648880620474,-0.0253242258844264
sample_759,False,ok,2.0,0.7634,0.00629,-0.1075,121.36724960254372,0.11869233036432653,0.25250501002004005,D:\BH\航空项目制\优化\yixingyouhua2(1)\yixingyouhua2\batch_run\polars\sample_759_polar.txt,D:\BH\航空项目制\优化\yixingyouhua2(1)\yixingyouhua2\batch_run\airfoils\sample_759.dat,0.0015574793,-3.86697e-05,0.2461543292215969,0.260648039294578,0.2524872879383502,0.2622218232985656,0.2541469832338085,0.2701886863957518,-0.1439163220680225,-0.0516482857294179,-0.0180359518232251,-0.0129942927958558,0.0091867083030719,-0.0027778180718179
sample_760,False,ok,2.0,0.7386,0.0059,-0.0986,125.1864406779661,0.12421205494265321,0.3006012024048096,D:\BH\航空项目制\优化\yixingyouhua2(1)\yixingyouhua2\batch_run\polars\sample_760_polar.txt,D:\BH\航空项目制\优化\yixingyouhua2(1)\yixingyouhua2\batch_run\airfoils\sample_760.dat,0.0015574793,-3.86697e-05,0.2181307015267774,0.2864752307185532,0.2942235612231682,0.2532609518157114,0.245551082208297,0.3130926444484505,-0.125712274196214,-0.070032798051921,0.0350538828127458,-0.1067536376078892,-0.0387761054700374,-0.0337526691800326
sample_761,False,ok,2.0,0.6813,0.0069,-0.0803,98.73913043478261,0.11808267833573595,0.2444889779559118,D:\BH\航空项目制\优化\yixingyouhua2(1)\yixingyouhua2\batch_run\polars\sample_761_polar.txt,D:\BH\航空项目制\优化\yixingyouhua2(1)\yixingyouhua2\batch_run\airfoils\sample_761.dat,0.0015574793,-3.86697e-05,0.2673748726528064,0.2745517615698584,0.248299942131604,0.2105356758711427,0.3660730214414082,0.2436307019227785,-0.1394769804223468,-0.0330057280965775,-0.0004037496724029,-0.0591807358308538,-0.0421106090430607,-0.0931091929618953
sample_762,False,ok,2.0,0.6963,0.00656,-0.0876,106.14329268292684,0.1274461197073208,0.2945891783567134,D:\BH\航空项目制\优化\yixingyouhua2(1)\yixingyouhua2\batch_run\polars\sample_762_polar.txt,D:\BH\航空项目制\优化\yixingyouhua2(1)\yixingyouhua2\batch_run\airfoils\sample_762.dat,0.0015574793,-3.86697e-05,0.2764046189481884,0.238964063377848,0.3051399552584479,0.2500256284072151,0.2725045607493083,0.259432914912667,-0.1932153812242726,-0.0093921477483631,-0.049730397174973,-0.0806129181905115,-0.0355355688156433,-0.0528041360477097
sample_763,False,ok,2.0,0.7487,0.00632,-0.1103,118.46518987341773,0.12758830615766714,0.2945891783567134,D:\BH\航空项目制\优化\yixingyouhua2(1)\yixingyouhua2\batch_run\polars\sample_763_polar.txt,D:\BH\航空项目制\优化\yixingyouhua2(1)\yixingyouhua2\batch_run\airfoils\sample_763.dat,0.0015574793,-3.86697e-05,0.2077100168928503,0.2933793946852768,0.2994881987771439,0.1730001018547801,0.3256423413979484,0.2632906571702458,-0.1960779737692176,-0.000569854163052,-0.0679379091553825,-0.0900620437995214,0.012370105148049,0.0071485197331785
sample_764,False,ok,2.0,0.7503,0.00541,-0.0955,138.6876155268022,0.11651846879504126,0.3306613226452906,D:\BH\航空项目制\优化\yixingyouhua2(1)\yixingyouhua2\batch_run\polars\sample_764_polar.txt,D:\BH\航空项目制\优化\yixingyouhua2(1)\yixingyouhua2\batch_run\airfoils\sample_764.dat,0.0015574793,-3.86697e-05,0.2751010016695912,0.1770389762472575,0.3710755834157427,0.244417248468075,0.2463460147063426,0.2952053981284138,-0.070960172618857,-0.0552762967324996,-0.0064018998944405,-0.0340255367869183,0.0624511166552145,-0.0976496959543385
sample_765,False,ok,2.0,0.6889,0.00467,-0.089,147.51605995717344,0.12224634321561115,0.35270541082164325,D:\BH\航空项目制\优化\yixingyouhua2(1)\yixingyouhua2\batch_run\polars\sample_765_polar.txt,D:\BH\航空项目制\优化\yixingyouhua2(1)\yixingyouhua2\batch_run\airfoils\sample_765.dat,0.0015574793,-3.86697e-05,0.2049269171236878,0.2291086932493722,0.3256673606665733,0.2066938847776845,0.2447254000788114,0.2790598879507222,-0.0760929160361565,-0.0560926304061792,-0.0441015845080784,-0.1241673720729952,0.069717145440606,-0.0804820330967271
sample_766,False,ok,2.0,0.7199,0.00594,-0.0886,121.19528619528619,0.11053855119647293,0.30260521042084165,D:\BH\航空项目制\优化\yixingyouhua2(1)\yixingyouhua2\batch_run\polars\sample_766_polar.txt,D:\BH\航空项目制\优化\yixingyouhua2(1)\yixingyouhua2\batch_run\airfoils\sample_766.dat,0.0015574793,-3.86697e-05,0.2378373281382352,0.2396996449169093,0.3417674497135031,0.1665406354404355,0.3657355651156637,0.2277683993574406,-0.1097060142142247,-0.0083922128728898,0.0086553075278129,-0.0182748946116575,-0.0305293790559248,-0.0887375840156137
sample_767,False,ok,2.0,0.7028,0.00555,-0.1025,126.63063063063062,0.13044283743147242,0.3166332665330661,D:\BH\航空项目制\优化\yixingyouhua2(1)\yixingyouhua2\batch_run\polars\sample_767_polar.txt,D:\BH\航空项目制\优化\yixingyouhua2(1)\yixingyouhua2\batch_run\airfoils\sample_767.dat,0.0015574793,-3.86697e-05,0.2098359212348576,0.2245192272322618,0.343580018049975,0.2114199015981535,0.2565518790914226,0.2398791787467963,-0.1789134693690082,-0.0746827591056211,-0.0208467456085952,-0.1344345129232484,0.0226854381593326,-0.0056294275332343
sample_768,False,ok,2.0,0.787,0.00621,-0.1219,126.73107890499195,0.13481425158226845,0.2665330661322645,D:\BH\航空项目制\优化\yixingyouhua2(1)\yixingyouhua2\batch_run\polars\sample_768_polar.txt,D:\BH\航空项目制\优化\yixingyouhua2(1)\yixingyouhua2\batch_run\airfoils\sample_768.dat,0.0015574793,-3.86697e-05,0.2140384729608919,0.2948418812885303,0.3360279577273401,0.179849811553247,0.341079600490724,0.2728558580903815,-0.1950899644632309,-0.0627125135078231,-0.0128710159259261,-0.0836605702114303,0.0644102886290644,-0.0151967061382002
sample_769,False,ok,2.0,0.7629,0.00618,-0.0948,123.44660194174759,0.1103140007522895,0.23847695390781562,D:\BH\航空项目制\优化\yixingyouhua2(1)\yixingyouhua2\batch_run\polars\sample_769_polar.txt,D:\BH\航空项目制\优化\yixingyouhua2(1)\yixingyouhua2\batch_run\airfoils\sample_769.dat,0.0015574793,-3.86697e-05,0.2828559490665552,0.213362252461428,0.3521342329046236,0.1583785107392143,0.2681294785138208,0.2624920261682731,-0.115910270366156,-0.0321457458692506,0.0445964224037868,-0.034582673376592,0.0751577409027044,-0.0580127360474344
sample_770,False,ok,2.0,0.7689,0.00508,-0.1109,151.35826771653544,0.1254602540314826,0.3306613226452906,D:\BH\航空项目制\优化\yixingyouhua2(1)\yixingyouhua2\batch_run\polars\sample_770_polar.txt,D:\BH\航空项目制\优化\yixingyouhua2(1)\yixingyouhua2\batch_run\airfoils\sample_770.dat,0.0015574793,-3.86697e-05,0.1794799247040953,0.2890744694818842,0.3248098168129519,0.202350535489033,0.3030024596324683,0.2868816273136094,-0.0755047401180144,-0.0653926206654681,-0.0238972501999893,-0.0904703242414072,0.0613959020858644,-0.0370555184354106
sample_771,False,ok,2.0,0.6574,0.00696,-0.0875,94.45402298850574,0.10391724201191196,0.2064128256513026,D:\BH\航空项目制\优化\yixingyouhua2(1)\yixingyouhua2\batch_run\polars\sample_771_polar.txt,D:\BH\航空项目制\优化\yixingyouhua2(1)\yixingyouhua2\batch_run\airfoils\sample_771.dat,0.0015574793,-3.86697e-05,0.2420087347129452,0.2075988481779244,0.2467263533860596,0.1885306410505639,0.313161799695963,0.2745156401287678,-0.1724288299427785,-0.0136577645051806,0.0071932532429007,-0.0435962533586835,-0.005030105698192,-0.0935952792428692
sample_772,False,ok,2.0,0.7929,0.00597,-0.1208,132.8140703517588,0.09970649215491931,0.3306613226452906,D:\BH\航空项目制\优化\yixingyouhua2(1)\yixingyouhua2\batch_run\polars\sample_772_polar.txt,D:\BH\航空项目制\优化\yixingyouhua2(1)\yixingyouhua2\batch_run\airfoils\sample_772.dat,0.0015574793,-3.86697e-05,0.2125065766170271,0.1914542084814409,0.3224039956044496,0.1570744246276955,0.2824674768633588,0.3144424357047945,-0.1153953257061079,-0.0138367665344858,0.0410486553448619,-0.1121742378959895,0.0707630211609133,0.0177274207089897
sample_773,False,ok,2.0,0.7425,0.00606,-0.1162,122.52475247524752,0.0907415852028256,0.2925851703406813,D:\BH\航空项目制\优化\yixingyouhua2(1)\yixingyouhua2\batch_run\polars\sample_773_polar.txt,D:\BH\航空项目制\优化\yixingyouhua2(1)\yixingyouhua2\batch_run\airfoils\sample_773.dat,0.0015574793,-3.86697e-05,0.192621267895225,0.1827930440528793,0.2534481526874257,0.1522519827899948,0.2924889007992076,0.3148781546417266,-0.1004602700452568,-0.0433317707906572,0.0433074742768345,-0.0981782901981914,0.0844654307414252,-0.0071627971335744
sample_774,False,ok,2.0,0.6807,0.0067,-0.0955,101.59701492537313,0.11918694099298374,0.23246492985971942,D:\BH\航空项目制\优化\yixingyouhua2(1)\yixingyouhua2\batch_run\polars\sample_774_polar.txt,D:\BH\航空项目制\优化\yixingyouhua2(1)\yixingyouhua2\batch_run\airfoils\sample_774.dat,0.0015574793,-3.86697e-05,0.2428268138047421,0.2272242750247281,0.2531150258341133,0.1728723252010084,0.2601585687542967,0.3156478052864921,-0.1752026448647531,-0.0828015538940196,0.0114517181444748,-0.1270799737868405,-0.0249314464627774,-0.0024408098935497
sample_775,False,ok,2.0,0.6424,0.00454,-0.0919,141.4977973568282,0.12110631672743608,0.35270541082164325,D:\BH\航空项目制\优化\yixingyouhua2(1)\yixingyouhua2\batch_run\polars\sample_775_polar.txt,D:\BH\航空项目制\优化\yixingyouhua2(1)\yixingyouhua2\batch_run\airfoils\sample_775.dat,0.0015574793,-3.86697e-05,0.1692859461554055,0.225661404005785,0.2675804091413425,0.2503574967272728,0.313393251485852,0.2354732905218157,-0.1087018819573095,-0.0991135100691946,-0.0399081125071661,-0.0760187235699727,-0.0027256919772013,-0.1050137813267796
sample_776,False,ok,2.0,0.6796,0.00555,-0.0832,122.45045045045045,0.12668834461476342,0.280561122244489,D:\BH\航空项目制\优化\yixingyouhua2(1)\yixingyouhua2\batch_run\polars\sample_776_polar.txt,D:\BH\航空项目制\优化\yixingyouhua2(1)\yixingyouhua2\batch_run\airfoils\sample_776.dat,0.0015574793,-3.86697e-05,0.2476860383532603,0.2702697014861904,0.274614307877472,0.1874631679716985,0.2926530544151295,0.2930734355361243,-0.1013078197660682,-0.1010666083249854,-0.0073423480743827,-0.1149067845043076,-0.0049421513646586,-0.064927448466152
sample_777,False,ok,2.0,0.74,0.00543,-0.1192,136.27992633517496,0.11211569606592044,0.280561122244489,D:\BH\航空项目制\优化\yixingyouhua2(1)\yixingyouhua2\batch_run\polars\sample_777_polar.txt,D:\BH\航空项目制\优化\yixingyouhua2(1)\yixingyouhua2\batch_run\airfoils\sample_777.dat,0.0015574793,-3.86697e-05,0.1659189875970667,0.2371454457692522,0.2825939807498346,0.1482576598450807,0.2603373471520447,0.3112845704183811,-0.1386553341170401,-0.0539344536913301,-0.0666568246120878,-0.0081889197912331,0.0748857510467147,-0.0106843399055516
sample_778,False,ok,2.0,0.7799,0.00625,-0.1133,124.784,0.11352070590353787,0.2725450901803607,D:\BH\航空项目制\优化\yixingyouhua2(1)\yixingyouhua2\batch_run\polars\sample_778_polar.txt,D:\BH\航空项目制\优化\yixingyouhua2(1)\yixingyouhua2\batch_run\airfoils\sample_778.dat,0.0015574793,-3.86697e-05,0.2468469534091223,0.2282223512345167,0.2782304174187081,0.2265074145082175,0.3337297603784119,0.2863883354829912,-0.0747687582690041,-0.0955302651282313,0.0067812085912363,-0.0112508871108952,0.080040594343168,-0.0594040138991373
sample_779,False,ok,2.0,0.674,0.00497,-0.08,135.61368209255536,0.11642703653644457,0.3306613226452906,D:\BH\航空项目制\优化\yixingyouhua2(1)\yixingyouhua2\batch_run\polars\sample_779_polar.txt,D:\BH\航空项目制\优化\yixingyouhua2(1)\yixingyouhua2\batch_run\airfoils\sample_779.dat,0.0015574793,-3.86697e-05,0.2344578732020882,0.2234541143256339,0.3396720547674473,0.1606188560754473,0.3020095484651217,0.2582734037530622,-0.0939404875360635,-0.0286368634246186,-0.0365739487375604,-0.0691411174481491,0.0181828718000158,-0.1001377994200873
sample_780,False,polar_parse_failed,,,,,,,,,,,,,,,,,,,,,,,
sample_781,False,ok,2.0,0.7293,0.00673,-0.0905,108.36552748885586,0.11840820739630352,0.2124248496993988,D:\BH\航空项目制\优化\yixingyouhua2(1)\yixingyouhua2\batch_run\polars\sample_781_polar.txt,D:\BH\航空项目制\优化\yixingyouhua2(1)\yixingyouhua2\batch_run\airfoils\sample_781.dat,0.0015574793,-3.86697e-05,0.2689634623723701,0.283176225586465,0.2612342091056265,0.25359479381867,0.2801947504790991,0.2925710141315861,-0.1581488769395911,-0.0312902817440639,0.0456610356687827,-0.0357045800373309,-0.0266661639449627,-0.0835195254736816
sample_782,False,ok,2.0,0.7535,0.0054,-0.0867,139.537037037037,0.12176637449472173,0.280561122244489,D:\BH\航空项目制\优化\yixingyouhua2(1)\yixingyouhua2\batch_run\polars\sample_782_polar.txt,D:\BH\航空项目制\优化\yixingyouhua2(1)\yixingyouhua2\batch_run\airfoils\sample_782.dat,0.0015574793,-3.86697e-05,0.2676272467304809,0.2863376778892366,0.3232924802770108,0.137227065919628,0.2654409880034996,0.2513252979679555,-0.0920771050004391,-0.0221344220563294,-0.0233862511152916,-0.0934807425874996,0.0562215991223024,-0.0120926552280048
sample_783,False,ok,2.0,0.7791,0.00527,-0.1177,147.83681214421253,0.1374204362242104,0.3226452905811623,D:\BH\航空项目制\优化\yixingyouhua2(1)\yixingyouhua2\batch_run\polars\sample_783_polar.txt,D:\BH\航空项目制\优化\yixingyouhua2(1)\yixingyouhua2\batch_run\airfoils\sample_783.dat,0.0015574793,-3.86697e-05,0.1865262152198943,0.2689570290517281,0.3704986842174871,0.2155216943071854,0.3443734374239605,0.2476993164172135,-0.0830025799646575,-0.1099860636513992,-0.0618739070097595,-0.0271627419997344,0.0609665892254747,-0.0495969234044929
sample_784,False,ok,2.0,0.8038,0.00531,-0.1254,151.37476459510358,0.11764590688036433,0.35270541082164325,D:\BH\航空项目制\优化\yixingyouhua2(1)\yixingyouhua2\batch_run\polars\sample_784_polar.txt,D:\BH\航空项目制\优化\yixingyouhua2(1)\yixingyouhua2\batch_run\airfoils\sample_784.dat,0.0015574793,-3.86697e-05,0.2083587005134246,0.1978601408649181,0.3646142289960786,0.2242013441520767,0.325963267582018,0.2810097124383608,-0.1107268709445594,-0.0704330498758691,0.0246058412935101,-0.0565773495217274,-0.022471624982066,0.0125901260159943
sample_785,False,ok,2.0,0.7389,0.0054,-0.1228,136.83333333333331,0.1090697932174324,0.3306613226452906,D:\BH\航空项目制\优化\yixingyouhua2(1)\yixingyouhua2\batch_run\polars\sample_785_polar.txt,D:\BH\航空项目制\优化\yixingyouhua2(1)\yixingyouhua2\batch_run\airfoils\sample_785.dat,0.0015574793,-3.86697e-05,0.15634683617165,0.1765589767905499,0.3723658684697489,0.226135018658928,0.2882994973933749,0.2026370706777817,-0.1900559074514486,-0.035861467582549,0.0293991967272982,-0.036914964856187,0.0625451035580691,-0.0224968037562726
sample_786,False,ok,2.0,0.7258,0.00728,-0.0937,99.6978021978022,0.08959288756344454,0.2004008016032064,D:\BH\航空项目制\优化\yixingyouhua2(1)\yixingyouhua2\batch_run\polars\sample_786_polar.txt,D:\BH\航空项目制\优化\yixingyouhua2(1)\yixingyouhua2\batch_run\airfoils\sample_786.dat,0.0015574793,-3.86697e-05,0.2773895593734601,0.1740119919030487,0.2434729170451089,0.1669549491340336,0.3532685069724923,0.2498860466708592,-0.0844333261793026,-0.0124510293794297,0.0341409888527677,-0.0175100415094583,0.0119344901788635,-0.0354300966441985
sample_787,False,ok,2.0,0.7318,0.00503,-0.1161,145.48707753479127,0.1363672356058926,0.3386773547094188,D:\BH\航空项目制\优化\yixingyouhua2(1)\yixingyouhua2\batch_run\polars\sample_787_polar.txt,D:\BH\航空项目制\优化\yixingyouhua2(1)\yixingyouhua2\batch_run\airfoils\sample_787.dat,0.0015574793,-3.86697e-05,0.1669302340645159,0.2425289051873772,0.360975296462993,0.2220444167411024,0.2967033300201026,0.2709483892802908,-0.1518928947411233,-0.0769948973678641,-0.0799881262680056,-0.0592932944051866,-0.0196303047426146,-0.0109981262913263
sample_788,False,ok,2.0,0.7067,0.00642,-0.0815,110.07788161993768,0.11273712690196344,0.24649298597194386,D:\BH\航空项目制\优化\yixingyouhua2(1)\yixingyouhua2\batch_run\polars\sample_788_polar.txt,D:\BH\航空项目制\优化\yixingyouhua2(1)\yixingyouhua2\batch_run\airfoils\sample_788.dat,0.0015574793,-3.86697e-05,0.2598260609914746,0.2688038041197131,0.269388496967413,0.1587802617004717,0.2393327727904943,0.3043502869626771,-0.1258430123927481,-0.003854561873156,-0.0280954156771146,-0.0393356121169344,-0.0352153211914855,-0.0341241479553536
sample_789,False,ok,2.0,0.6759,0.00592,-0.083,114.17229729729729,0.1340354249935582,0.2665330661322645,D:\BH\航空项目制\优化\yixingyouhua2(1)\yixingyouhua2\batch_run\polars\sample_789_polar.txt,D:\BH\航空项目制\优化\yixingyouhua2(1)\yixingyouhua2\batch_run\airfoils\sample_789.dat,0.0015574793,-3.86697e-05,0.2604766072014321,0.2630927852726222,0.2907046744975556,0.192541540122951,0.2714315192638928,0.2270715815034794,-0.1382650796407867,-0.1139131389797745,-0.0138972187462978,-0.1305581928869985,0.0481000595239633,-0.0460393725254437
sample_790,False,ok,2.0,0.6761,0.00602,-0.101,112.30897009966777,0.13564614686643447,0.2745490981963928,D:\BH\航空项目制\优化\yixingyouhua2(1)\yixingyouhua2\batch_run\polars\sample_790_polar.txt,D:\BH\航空项目制\优化\yixingyouhua2(1)\yixingyouhua2\batch_run\airfoils\sample_790.dat,0.0015574793,-3.86697e-05,0.1970928004960901,0.2816353895380723,0.2954640983784068,0.2071774927083544,0.3398858680142773,0.2559266273848055,-0.1958196452462512,-0.0971706780817491,-0.0263400880732301,-0.101743182928928,0.0525963103681399,-0.1062812393856752
sample_791,False,ok,2.0,0.6875,0.00514,-0.097,133.75486381322958,0.10361198503727156,0.374749498997996,D:\BH\航空项目制\优化\yixingyouhua2(1)\yixingyouhua2\batch_run\polars\sample_791_polar.txt,D:\BH\航空项目制\优化\yixingyouhua2(1)\yixingyouhua2\batch_run\airfoils\sample_791.dat,0.0015574793,-3.86697e-05,0.191597267629496,0.1983372907228422,0.2587756115156563,0.1556505711375772,0.3321960020775863,0.2408319155059665,-0.070523757866662,-0.03412379720846,-0.0336555482292747,-0.1231628451708084,0.0424497950414264,-0.0173809587117999
sample_792,False,ok,2.0,0.7394,0.00745,-0.1197,99.248322147651,0.1258401207051824,0.31462925851703405,D:\BH\航空项目制\优化\yixingyouhua2(1)\yixingyouhua2\batch_run\polars\sample_792_polar.txt,D:\BH\航空项目制\优化\yixingyouhua2(1)\yixingyouhua2\batch_run\airfoils\sample_792.dat,0.0015574793,-3.86697e-05,0.2597243195787616,0.203603796732968,0.2540017464479049,0.2473852981791428,0.3501942175654616,0.2970044105967304,-0.1913660258724474,-0.054291231165932,-0.0692525340638028,-0.1286862724489992,0.0723294741117127,-0.0044034776799649
sample_793,False,ok,2.0,0.7108,0.00492,-0.107,144.47154471544715,0.11620304403287984,0.39078156312625245,D:\BH\航空项目制\优化\yixingyouhua2(1)\yixingyouhua2\batch_run\polars\sample_793_polar.txt,D:\BH\航空项目制\优化\yixingyouhua2(1)\yixingyouhua2\batch_run\airfoils\sample_793.dat,0.0015574793,-3.86697e-05,0.1611241266284866,0.1923340833430359,0.3697460948725574,0.2148830992528361,0.2948448814149202,0.2712674222593005,-0.1278059273343577,-0.0039573191421414,-0.0408743515047382,-0.0646544137123822,0.0200222626442217,-0.0786530884191911
sample_794,False,ok,2.0,0.6959,0.00513,-0.0801,135.65302144249512,0.11699326004549532,0.30861723446893785,D:\BH\航空项目制\优化\yixingyouhua2(1)\yixingyouhua2\batch_run\polars\sample_794_polar.txt,D:\BH\航空项目制\优化\yixingyouhua2(1)\yixingyouhua2\batch_run\airfoils\sample_794.dat,0.0015574793,-3.86697e-05,0.2240176743642121,0.2848303790792459,0.2899490834126589,0.1623673178207703,0.2389281315892857,0.2203460505722353,-0.1143241112437857,-0.0014504632825953,-0.0312400959088118,-0.1201008317260292,-0.0021066033489211,0.0124205900093897
sample_795,False,ok,2.0,0.6367,0.00603,-0.088,105.58872305140963,0.1243342128926348,0.38276553106212424,D:\BH\航空项目制\优化\yixingyouhua2(1)\yixingyouhua2\batch_run\polars\sample_795_polar.txt,D:\BH\航空项目制\优化\yixingyouhua2(1)\yixingyouhua2\batch_run\airfoils\sample_795.dat,0.0015574793,-3.86697e-05,0.2332102954152632,0.1799722291779789,0.2809152680217722,0.230010516630692,0.3587841469404235,0.2551109729866171,-0.0994075240335982,-0.0900969309695834,-0.061986971224143,-0.1271782116063358,0.0295095250872556,-0.0996399097061254
sample_796,False,ok,2.0,0.7608,0.00533,-0.1076,142.7392120075047,0.1251716440380178,0.3306613226452906,D:\BH\航空项目制\优化\yixingyouhua2(1)\yixingyouhua2\batch_run\polars\sample_796_polar.txt,D:\BH\航空项目制\优化\yixingyouhua2(1)\yixingyouhua2\batch_run\airfoils\sample_796.dat,0.0015574793,-3.86697e-05,0.2499222123024207,0.1932589555120119,0.3681105381513285,0.1743804922811075,0.3246690728452658,0.3136299334114936,-0.0736464775243844,-0.0779933853687057,-0.0658581666293348,-0.0315772441933487,-0.0092488227818039,-0.0284888672404699
sample_797,False,ok,2.0,0.7916,0.00484,-0.1237,163.55371900826447,0.1204584922503375,0.3687374749498998,D:\BH\航空项目制\优化\yixingyouhua2(1)\yixingyouhua2\batch_run\polars\sample_797_polar.txt,D:\BH\航空项目制\优化\yixingyouhua2(1)\yixingyouhua2\batch_run\airfoils\sample_797.dat,0.0015574793,-3.86697e-05,0.2059264750787117,0.1970593623216271,0.3647562012718751,0.2094374533461175,0.3119493884460658,0.3044983395110834,-0.1191332238323768,-0.0251246367264415,-0.0348444949679421,-0.0924165883911461,0.0382325374250367,-0.0076464277055043
sample_798,False,ok,2.0,0.8083,0.00533,-0.1194,151.65103189493433,0.09728877441065512,0.3166332665330661,D:\BH\航空项目制\优化\yixingyouhua2(1)\yixingyouhua2\batch_run\polars\sample_798_polar.txt,D:\BH\航空项目制\优化\yixingyouhua2(1)\yixingyouhua2\batch_run\airfoils\sample_798.dat,0.0015574793,-3.86697e-05,0.1941377238935688,0.239140049009621,0.2906475639195852,0.2137889670145282,0.3343343205453236,0.2128923029782588,-0.0875517923331095,0.0007037711979091,0.0311311370983886,-0.0207066755981379,0.0748063166757853,-0.0030470038590016
sample_799,False,polar_parse_failed,,,,,,,,,,,,,,,,,,,,,,,
sample_800,False,ok,2.0,0.7895,0.00683,-0.1174,115.59297218155197,0.12344168078787487,0.3246492985971944,D:\BH\航空项目制\优化\yixingyouhua2(1)\yixingyouhua2\batch_run\polars\sample_800_polar.txt,D:\BH\航空项目制\优化\yixingyouhua2(1)\yixingyouhua2\batch_run\airfoils\sample_800.dat,0.0015574793,-3.86697e-05,0.2796673132294408,0.2332830912553657,0.270326082790468,0.2453107845163858,0.3567950649472523,0.312038536450849,-0.1397574431270997,-0.0391481865354044,-0.0323750447108132,-0.119647752838946,0.0312411559490058,0.0092608882195259
sample_801,False,ok,2.0,0.6935,0.00547,-0.1014,126.78244972577697,0.13502733147774074,0.2865731462925851,D:\BH\航空项目制\优化\yixingyouhua2(1)\yixingyouhua2\batch_run\polars\sample_801_polar.txt,D:\BH\航空项目制\优化\yixingyouhua2(1)\yixingyouhua2\batch_run\airfoils\sample_801.dat,0.0015574793,-3.86697e-05,0.2018617967956446,0.2678580420224727,0.2824623652662973,0.1731785903952413,0.2633450413773353,0.2732719753215283,-0.1419252792247283,-0.1207052731761177,-0.0698843788988852,-0.1012761951985548,0.0081691115406712,0.0132342098020349
sample_802,False,ok,2.0,0.7172,0.00715,-0.1197,100.30769230769229,0.12079565513070278,0.30861723446893785,D:\BH\航空项目制\优化\yixingyouhua2(1)\yixingyouhua2\batch_run\polars\sample_802_polar.txt,D:\BH\航空项目制\优化\yixingyouhua2(1)\yixingyouhua2\batch_run\airfoils\sample_802.dat,0.0015574793,-3.86697e-05,0.2272461350451621,0.1752946470804983,0.2935243778417264,0.2055879587340153,0.3519333318499604,0.3135609497823999,-0.1815396183188268,-0.075048964225533,-0.0594138821887667,-0.0549412567024317,-0.0244181362383048,0.0029166947396704
sample_803,False,ok,2.0,0.5897,0.0057,-0.0748,103.45614035087719,0.1350038923014603,0.280561122244489,D:\BH\航空项目制\优化\yixingyouhua2(1)\yixingyouhua2\batch_run\polars\sample_803_polar.txt,D:\BH\航空项目制\优化\yixingyouhua2(1)\yixingyouhua2\batch_run\airfoils\sample_803.dat,0.0015574793,-3.86697e-05,0.1552996613476368,0.2823742349097101,0.3546960527551606,0.1841879562050131,0.2394452768632266,0.1949497984164892,-0.1879697388102743,-0.1140701302002998,0.0031539488002222,-0.0636589861778349,-0.0324517094765789,-0.1050943409810612
sample_804,False,ok,2.0,0.6888,0.00522,-0.1002,131.95402298850576,0.11758840110315448,0.3366733466933867,D:\BH\航空项目制\优化\yixingyouhua2(1)\yixingyouhua2\batch_run\polars\sample_804_polar.txt,D:\BH\航空项目制\优化\yixingyouhua2(1)\yixingyouhua2\batch_run\airfoils\sample_804.dat,0.0015574793,-3.86697e-05,0.2081848310132977,0.1908448770071087,0.3081226249076019,0.1464936325820623,0.3337581243127775,0.2469077805925277,-0.0962855703673374,-0.0905082559693568,-0.0391074958982594,-0.1214809168170704,0.045133690593031,-0.0228022873525832
sample_805,False,ok,2.0,0.6983,0.00604,-0.0872,115.61258278145695,0.12314751007308102,0.3166332665330661,D:\BH\航空项目制\优化\yixingyouhua2(1)\yixingyouhua2\batch_run\polars\sample_805_polar.txt,D:\BH\航空项目制\优化\yixingyouhua2(1)\yixingyouhua2\batch_run\airfoils\sample_805.dat,0.0015574793,-3.86697e-05,0.2765969854537319,0.1891419639164382,0.3345352209492888,0.198189817212341,0.3245334157936774,0.2362020735152288,-0.0770422825629636,-0.1012305565243469,-0.028582881478419,-0.0554019413794966,-0.004309861349991,-0.0541665400433735
sample_806,False,ok,2.0,0.7485,0.00518,-0.1119,144.49806949806953,0.12396017467392081,0.3226452905811623,D:\BH\航空项目制\优化\yixingyouhua2(1)\yixingyouhua2\batch_run\polars\sample_806_polar.txt,D:\BH\航空项目制\优化\yixingyouhua2(1)\yixingyouhua2\batch_run\airfoils\sample_806.dat,0.0015574793,-3.86697e-05,0.1869697186914377,0.2240424720381451,0.365785985741324,0.2003535551799921,0.2780876221980623,0.2901029083626046,-0.0901383917558382,-0.1173658099623957,0.0189539436221277,-0.0841599060751352,0.0558933370472136,-0.0512693395247612
sample_807,False,ok,2.0,0.8442,0.00616,-0.1234,137.04545454545453,0.12689467448815878,0.25250501002004005,D:\BH\航空项目制\优化\yixingyouhua2(1)\yixingyouhua2\batch_run\polars\sample_807_polar.txt,D:\BH\航空项目制\优化\yixingyouhua2(1)\yixingyouhua2\batch_run\airfoils\sample_807.dat,0.0015574793,-3.86697e-05,0.2639672522952027,0.2787486510493911,0.3431540166032859,0.259523096838025,0.3446896917132551,0.2313463893511281,-0.194609703037209,-0.0102813658952546,0.0283443196794714,-0.0365068479549786,0.0071278249556464,0.0094559781720516
sample_808,False,ok,2.0,0.7899,0.00555,-0.1171,142.32432432432432,0.13608551852229306,0.3006012024048096,D:\BH\航空项目制\优化\yixingyouhua2(1)\yixingyouhua2\batch_run\polars\sample_808_polar.txt,D:\BH\航空项目制\优化\yixingyouhua2(1)\yixingyouhua2\batch_run\airfoils\sample_808.dat,0.0015574793,-3.86697e-05,0.19634879279198,0.2856411543390016,0.3655612660664132,0.260237755360764,0.2827659534276084,0.2253272424204163,-0.1374135081933756,-0.1131356043616657,0.0375169021681408,-0.0750761367779611,0.0065565318578598,0.0110945947310234
sample_809,False,ok,2.0,0.6902,0.00586,-0.0888,117.78156996587032,0.14834377864676,0.280561122244489,D:\BH\航空项目制\优化\yixingyouhua2(1)\yixingyouhua2\batch_run\polars\sample_809_polar.txt,D:\BH\航空项目制\优化\yixingyouhua2(1)\yixingyouhua2\batch_run\airfoils\sample_809.dat,0.0015574793,-3.86697e-05,0.2397407079714133,0.2995581510497997,0.3499355895375137,0.2417468089379399,0.2920419299994278,0.228883778583474,-0.1874661075512763,-0.0845437581903453,-0.0771059355467427,-0.0080887892153041,-0.027607940897723,-0.0970256557102162
sample_810,False,ok,2.0,0.7785,0.0054,-0.1095,144.16666666666666,0.11363138496065975,0.2945891783567134,D:\BH\航空项目制\优化\yixingyouhua2(1)\yixingyouhua2\batch_run\polars\sample_810_polar.txt,D:\BH\航空项目制\优化\yixingyouhua2(1)\yixingyouhua2\batch_run\airfoils\sample_810.dat,0.0015574793,-3.86697e-05,0.2138858916201208,0.2749285366281157,0.2563650498139804,0.2530842000464792,0.262853056895893,0.2731978983663647,-0.0748015061358355,-0.0635884521583595,0.0001177398967397,-0.0469985801860852,0.0833175030096285,-0.031079585639306
sample_811,False,ok,2.0,0.7034,0.00505,-0.0889,139.2871287128713,0.11027166557516364,0.3246492985971944,D:\BH\航空项目制\优化\yixingyouhua2(1)\yixingyouhua2\batch_run\polars\sample_811_polar.txt,D:\BH\航空项目制\优化\yixingyouhua2(1)\yixingyouhua2\batch_run\airfoils\sample_811.dat,0.0015574793,-3.86697e-05,0.2409310558298218,0.1955093200161802,0.3356937549535521,0.1756070591540717,0.2828083744772788,0.2447706961882705,-0.0910288451727938,-0.0649545707905266,0.0475813845721124,-0.117879229584474,0.0084849752021009,-0.0350982154041465
sample_812,False,ok,2.0,0.7466,0.00657,-0.0919,113.63774733637747,0.12245496755050626,0.26452905811623245,D:\BH\航空项目制\优化\yixingyouhua2(1)\yixingyouhua2\batch_run\polars\sample_812_polar.txt,D:\BH\航空项目制\优化\yixingyouhua2(1)\yixingyouhua2\batch_run\airfoils\sample_812.dat,0.0015574793,-3.86697e-05,0.2693349144472067,0.2943796907456821,0.2727221927587408,0.2506414545459637,0.3238521101943368,0.2176981324532895,-0.1393352814623265,-0.0249500010747265,0.0194231031450305,-0.1001510314973398,0.0407875695426834,-0.0587813234319295
sample_813,False,ok,2.0,0.6411,0.00528,-0.0688,121.42045454545455,0.13643153725390889,0.2925851703406813,D:\BH\航空项目制\优化\yixingyouhua2(1)\yixingyouhua2\batch_run\polars\sample_813_polar.txt,D:\BH\航空项目制\优化\yixingyouhua2(1)\yixingyouhua2\batch_run\airfoils\sample_813.dat,0.0015574793,-3.86697e-05,0.2455180348893214,0.3019529249282218,0.2823779139336553,0.2009550665094535,0.2600815844780217,0.2638088886792878,-0.1150109355515813,-0.0894501276662008,-0.0476404736888907,-0.1149395226496126,-0.0383415045820523,-0.0730635595233284
sample_814,False,ok,2.0,0.8271,0.00462,-0.1263,179.02597402597402,0.11893827470543496,0.41482965931863724,D:\BH\航空项目制\优化\yixingyouhua2(1)\yixingyouhua2\batch_run\polars\sample_814_polar.txt,D:\BH\航空项目制\优化\yixingyouhua2(1)\yixingyouhua2\batch_run\airfoils\sample_814.dat,0.0015574793,-3.86697e-05,0.1820827075559092,0.2454694980204092,0.3540155674956116,0.2265780270902446,0.341111061274469,0.3050705035597047,-0.0786785347046811,-0.0113981451040224,0.0291347778837363,-0.1288504604707657,-0.0171641670509666,0.0188712667616068
sample_815,False,polar_parse_failed,,,,,,,,,,,,,,,,,,,,,,,
sample_816,False,ok,2.0,0.7539,0.00619,-0.1148,121.79321486268174,0.11768902158606447,0.3306613226452906,D:\BH\航空项目制\优化\yixingyouhua2(1)\yixingyouhua2\batch_run\polars\sample_816_polar.txt,D:\BH\航空项目制\优化\yixingyouhua2(1)\yixingyouhua2\batch_run\airfoils\sample_816.dat,0.0015574793,-3.86697e-05,0.2390719801372596,0.1888768431228493,0.3290049246209149,0.2254531793702681,0.3014494129183152,0.2524984380978862,-0.1798599422909947,-0.0421720588288883,0.0179752573031215,-0.1325226950517171,0.038563650763566,0.0075639643324145
sample_817,False,ok,2.0,0.669,0.00641,-0.0881,104.36817472698908,0.13919888078431586,0.2665330661322645,D:\BH\航空项目制\优化\yixingyouhua2(1)\yixingyouhua2\batch_run\polars\sample_817_polar.txt,D:\BH\航空项目制\优化\yixingyouhua2(1)\yixingyouhua2\batch_run\airfoils\sample_817.dat,0.0015574793,-3.86697e-05,0.2812046232063343,0.225317734032391,0.3103255925263029,0.2255065219290201,0.289619350344209,0.255215585526521,-0.166846397797248,-0.1245078270934259,-0.0438902033172785,-0.0921104269539738,0.0555978432303217,-0.0958822792543024
sample_818,False,ok,2.0,0.7819,0.00512,-0.1001,152.71484375,0.1115643336816806,0.34669338677354705,D:\BH\航空项目制\优化\yixingyouhua2(1)\yixingyouhua2\batch_run\polars\sample_818_polar.txt,D:\BH\航空项目制\优化\yixingyouhua2(1)\yixingyouhua2\batch_run\airfoils\sample_818.dat,0.0015574793,-3.86697e-05,0.2531948935721173,0.2450063599859633,0.3064690383588313,0.2565809903143273,0.2652293468852459,0.2348938977705744,-0.0885216341403157,-0.0021325784270719,0.0277327743349676,-0.11537591500961,0.0738603722964893,-0.0203473516875861
sample_819,False,ok,2.0,0.7866,0.0054,-0.0968,145.66666666666666,0.12490398006605835,0.3166332665330661,D:\BH\航空项目制\优化\yixingyouhua2(1)\yixingyouhua2\batch_run\polars\sample_819_polar.txt,D:\BH\航空项目制\优化\yixingyouhua2(1)\yixingyouhua2\batch_run\airfoils\sample_819.dat,0.0015574793,-3.86697e-05,0.2649986917600306,0.2984678353415565,0.2964409019541667,0.2263492647083255,0.3253431672864678,0.227861392697485,-0.0826476178010084,-0.0043917346736025,-0.0642861012845959,-0.0398884628999019,-0.0107213185088797,0.002764768072002
sample_820,False,ok,2.0,0.722,0.00581,-0.1031,124.26850258175558,0.13190573920425414,0.2865731462925851,D:\BH\航空项目制\优化\yixingyouhua2(1)\yixingyouhua2\batch_run\polars\sample_820_polar.txt,D:\BH\航空项目制\优化\yixingyouhua2(1)\yixingyouhua2\batch_run\airfoils\sample_820.dat,0.0015574793,-3.86697e-05,0.2158215641559755,0.2809169821511254,0.2999600366084301,0.1778731125058815,0.3312460219411538,0.2913188366224593,-0.1348483179077957,-0.0931869292452002,-0.045287427613747,-0.0603785973938438,-0.0173028735002466,-0.0350625401280077
sample_821,False,ok,2.0,0.704,0.00585,-0.1102,120.34188034188033,0.12048137841906764,0.26452905811623245,D:\BH\航空项目制\优化\yixingyouhua2(1)\yixingyouhua2\batch_run\polars\sample_821_polar.txt,D:\BH\航空项目制\优化\yixingyouhua2(1)\yixingyouhua2\batch_run\airfoils\sample_821.dat,0.0015574793,-3.86697e-05,0.1988227813867277,0.20588991172213,0.3298261993263618,0.1375371481906545,0.3468893406739215,0.2341325024232602,-0.1615403737005258,-0.1218199610362,0.015794539076889,-0.0547075721625305,0.0116954860032032,-0.018139406593167
sample_822,False,ok,2.0,0.7767,0.00516,-0.1243,150.52325581395348,0.12301875067881857,0.374749498997996,D:\BH\航空项目制\优化\yixingyouhua2(1)\yixingyouhua2\batch_run\polars\sample_822_polar.txt,D:\BH\航空项目制\优化\yixingyouhua2(1)\yixingyouhua2\batch_run\airfoils\sample_822.dat,0.0015574793,-3.86697e-05,0.2036964360920885,0.2068479107605015,0.2743663634630741,0.2552776620405603,0.3328970884357964,0.2910673428051712,-0.0710329618204854,-0.0824828716255071,-0.0695525985272329,-0.1000744923661458,0.0498456453926946,0.0051541956002544
sample_823,False,ok,2.0,0.6545,0.00568,-0.0887,115.22887323943661,0.10955699375799817,0.2945891783567134,D:\BH\航空项目制\优化\yixingyouhua2(1)\yixingyouhua2\batch_run\polars\sample_823_polar.txt,D:\BH\航空项目制\优化\yixingyouhua2(1)\yixingyouhua2\batch_run\airfoils\sample_823.dat,0.0015574793,-3.86697e-05,0.1979159742786531,0.1978115907164425,0.339895480508445,0.1480977669619721,0.3114464785836602,0.2439802772784554,-0.1498585014048145,-0.0485373115689955,0.0103104313895559,-0.0452794170956367,-0.0112667030327999,-0.0977565620875593
sample_824,False,ok,2.0,0.7225,0.00586,-0.0907,123.29351535836179,0.11973730110781658,0.3306613226452906,D:\BH\航空项目制\优化\yixingyouhua2(1)\yixingyouhua2\batch_run\polars\sample_824_polar.txt,D:\BH\航空项目制\优化\yixingyouhua2(1)\yixingyouhua2\batch_run\airfoils\sample_824.dat,0.0015574793,-3.86697e-05,0.2128425417501248,0.2899002604324776,0.2859736719337745,0.2568152678365607,0.2442736307467284,0.214496474286538,-0.1401173822802525,-0.002996152155347,0.000554473382786,-0.1167461598070368,-0.0096673475540116,-0.0029792892995536
sample_825,False,ok,2.0,0.7455,0.00441,-0.1021,169.04761904761907,0.11611546968971578,0.38476953907815625,D:\BH\航空项目制\优化\yixingyouhua2(1)\yixingyouhua2\batch_run\polars\sample_825_polar.txt,D:\BH\航空项目制\优化\yixingyouhua2(1)\yixingyouhua2\batch_run\airfoils\sample_825.dat,0.0015574793,-3.86697e-05,0.2237442730227641,0.1912689853610666,0.3416657193405755,0.241375570423594,0.2453332959366776,0.2932093059417624,-0.0845551605074421,-0.0155176899667361,-0.0396094709499306,-0.0612734867798376,-0.0403425474182083,-0.0069787135382024
sample_826,False,ok,2.0,0.6892,0.00564,-0.0952,122.1985815602837,0.12031231924021424,0.2665330661322645,D:\BH\航空项目制\优化\yixingyouhua2(1)\yixingyouhua2\batch_run\polars\sample_826_polar.txt,D:\BH\航空项目制\优化\yixingyouhua2(1)\yixingyouhua2\batch_run\airfoils\sample_826.dat,0.0015574793,-3.86697e-05,0.2094281280371838,0.2506107813242565,0.2629604430646314,0.2359157791172828,0.2506556193652376,0.2670523629860034,-0.1072621337770733,-0.1276611100987977,0.0066130381624855,-0.0390055525051119,0.0818215080494131,-0.1039338436780033
sample_827,False,ok,2.0,0.7355,0.00501,-0.102,146.80638722554892,0.11947526622659367,0.37675350701402804,D:\BH\航空项目制\优化\yixingyouhua2(1)\yixingyouhua2\batch_run\polars\sample_827_polar.txt,D:\BH\航空项目制\优化\yixingyouhua2(1)\yixingyouhua2\batch_run\airfoils\sample_827.dat,0.0015574793,-3.86697e-05,0.2390971918493476,0.1997330631755818,0.3425538709948399,0.2046460950458639,0.3355053104783128,0.254684654442651,-0.1150240464713662,-0.0518367548925522,0.0165029346921395,-0.124604060267619,-0.0390340430909812,-0.0076824284931161
sample_828,False,ok,2.0,0.696,0.00557,-0.1005,124.95511669658886,0.12887963201403363,0.2865731462925851,D:\BH\航空项目制\优化\yixingyouhua2(1)\yixingyouhua2\batch_run\polars\sample_828_polar.txt,D:\BH\航空项目制\优化\yixingyouhua2(1)\yixingyouhua2\batch_run\airfoils\sample_828.dat,0.0015574793,-3.86697e-05,0.1956593749316033,0.2824374168917627,0.2457179389305204,0.1691363243513226,0.2653720494008768,0.305723029623196,-0.1052278739629134,-0.1236651751818308,-0.0489559371565086,-0.1369688663827629,0.0682347724697523,-0.0187974829210526
sample_829,False,ok,2.0,0.6477,0.00643,-0.0872,100.73094867807154,0.11268485290234714,0.2444889779559118,D:\BH\航空项目制\优化\yixingyouhua2(1)\yixingyouhua2\batch_run\polars\sample_829_polar.txt,D:\BH\航空项目制\优化\yixingyouhua2(1)\yixingyouhua2\batch_run\airfoils\sample_829.dat,0.0015574793,-3.86697e-05,0.2341230084249273,0.2028513229562446,0.2962356838326523,0.1737580363819003,0.3314026073739259,0.217347227267636,-0.197849508264947,-0.0388091739499657,0.0255939211004967,-0.1019408460248086,-0.0409601354543204,-0.0506864561855311
sample_830,False,ok,2.0,0.7293,0.00595,-0.099,122.57142857142856,0.13552081392094206,0.2725450901803607,D:\BH\航空项目制\优化\yixingyouhua2(1)\yixingyouhua2\batch_run\polars\sample_830_polar.txt,D:\BH\航空项目制\优化\yixingyouhua2(1)\yixingyouhua2\batch_run\airfoils\sample_830.dat,0.0015574793,-3.86697e-05,0.2702329189368613,0.2457273947788748,0.2965618110399839,0.2549397235520719,0.243530304789164,0.2561516091565448,-0.148700319585421,-0.0963474815005045,-0.0624105241435108,-0.051942748473971,0.051285489580413,-0.0315413098886796
sample_831,False,ok,2.0,0.741,0.00452,-0.1107,163.93805309734515,0.12385761130993587,0.374749498997996,D:\BH\航空项目制\优化\yixingyouhua2(1)\yixingyouhua2\batch_run\polars\sample_831_polar.txt,D:\BH\航空项目制\优化\yixingyouhua2(1)\yixingyouhua2\batch_run\airfoils\sample_831.dat,0.0015574793,-3.86697e-05,0.1877411665455638,0.1866292557034187,0.3675297951910191,0.2492212709905385,0.3332995373476251,0.1988195636781158,-0.0750937215809395,-0.09150660928361,-0.0283882299463239,-0.0309173168136717,-0.0258718002372235,-0.0148803819194501
sample_832,False,ok,2.0,0.6451,0.00587,-0.0937,109.89778534923339,0.10385179692169769,0.35270541082164325,D:\BH\航空项目制\优化\yixingyouhua2(1)\yixingyouhua2\batch_run\polars\sample_832_polar.txt,D:\BH\航空项目制\优化\yixingyouhua2(1)\yixingyouhua2\batch_run\airfoils\sample_832.dat,0.0015574793,-3.86697e-05,0.1808490200579719,0.2023257826105292,0.2551665206641385,0.2273696376122905,0.2480460578463108,0.2722409304499212,-0.1818438147123353,-0.0080904181400453,0.0010696492240864,-0.1243854744373325,0.0495053822211574,-0.0922307566198292
sample_833,False,ok,2.0,0.8077,0.00562,-0.1186,143.71886120996442,0.10799314421765337,0.2945891783567134,D:\BH\航空项目制\优化\yixingyouhua2(1)\yixingyouhua2\batch_run\polars\sample_833_polar.txt,D:\BH\航空项目制\优化\yixingyouhua2(1)\yixingyouhua2\batch_run\airfoils\sample_833.dat,0.0015574793,-3.86697e-05,0.2312350122476698,0.2222051866119635,0.315643420797959,0.2510553322793161,0.3043247897946085,0.2792180818392331,-0.0977933072898504,-0.0484095569660206,0.0430086492406821,-0.0242099069863783,0.0842266578518991,-0.0608442814097212
sample_834,False,ok,2.0,0.6823,0.00608,-0.1041,112.2203947368421,0.13518728968342258,0.2665330661322645,D:\BH\航空项目制\优化\yixingyouhua2(1)\yixingyouhua2\batch_run\polars\sample_834_polar.txt,D:\BH\航空项目制\优化\yixingyouhua2(1)\yixingyouhua2\batch_run\airfoils\sample_834.dat,0.0015574793,-3.86697e-05,0.1852408598973086,0.286753966596093,0.3070165010988245,0.1892042213263212,0.3543850835398222,0.2776254627273389,-0.1852322569026938,-0.1282026868009145,0.0213476773747767,-0.1114847251464211,0.0311832049984679,-0.1049171066636598
sample_835,False,ok,2.0,0.7018,0.00569,-0.1098,123.33919156414763,0.1453730699043576,0.2885771543086172,D:\BH\航空项目制\优化\yixingyouhua2(1)\yixingyouhua2\batch_run\polars\sample_835_polar.txt,D:\BH\航空项目制\优化\yixingyouhua2(1)\yixingyouhua2\batch_run\airfoils\sample_835.dat,0.0015574793,-3.86697e-05,0.1548319771478548,0.2927206609249033,0.364879353425919,0.1512417708254853,0.2670837395608903,0.2795797568650927,-0.1822624116280803,-0.122835117632704,-0.0760077013748915,-0.0483597748895662,-0.0221921647187695,-0.0008084034269386
sample_836,False,ok,2.0,0.7857,0.00558,-0.1039,140.80645161290323,0.12443785797028212,0.3006012024048096,D:\BH\航空项目制\优化\yixingyouhua2(1)\yixingyouhua2\batch_run\polars\sample_836_polar.txt,D:\BH\航空项目制\优化\yixingyouhua2(1)\yixingyouhua2\batch_run\airfoils\sample_836.dat,0.0015574793,-3.86697e-05,0.2516396124178174,0.2588369516428477,0.35416850542399,0.2331862089674844,0.2910756170677477,0.2800159053530651,-0.101921583257915,-0.0532468773267977,0.0022311357402987,-0.0276341462410627,0.0261408453368338,-0.0651173460216673
sample_837,False,ok,2.0,0.7815,0.00645,-0.1209,121.16279069767441,0.10844325887555459,0.2725450901803607,D:\BH\航空项目制\优化\yixingyouhua2(1)\yixingyouhua2\batch_run\polars\sample_837_polar.txt,D:\BH\航空项目制\优化\yixingyouhua2(1)\yixingyouhua2\batch_run\airfoils\sample_837.dat,0.0015574793,-3.86697e-05,0.2368580834237138,0.1998320510635837,0.2926622429370981,0.2486176028903744,0.3182298420298853,0.2298798382750583,-0.1667999985820488,-0.021819320810603,0.0029993787981668,-0.0222477273568352,0.0496234466374694,0.0010173487952395
sample_838,False,ok,2.0,0.7395,0.00566,-0.1043,130.65371024734984,0.12801788758286145,0.3687374749498998,D:\BH\航空项目制\优化\yixingyouhua2(1)\yixingyouhua2\batch_run\polars\sample_838_polar.txt,D:\BH\航空项目制\优化\yixingyouhua2(1)\yixingyouhua2\batch_run\airfoils\sample_838.dat,0.0015574793,-3.86697e-05,0.1801255512463622,0.2842141188629746,0.3133203830807559,0.2533421135224428,0.2835574949494214,0.2202526316838128,-0.147948133724675,0.0004984724449382,-0.0434258193509672,-0.1296202025751206,0.0006380858510682,0.0079061086645111
sample_839,False,ok,2.0,0.6821,0.00523,-0.0997,130.4206500956023,0.11494571751359434,0.31462925851703405,D:\BH\航空项目制\优化\yixingyouhua2(1)\yixingyouhua2\batch_run\polars\sample_839_polar.txt,D:\BH\航空项目制\优化\yixingyouhua2(1)\yixingyouhua2\batch_run\airfoils\sample_839.dat,0.0015574793,-3.86697e-05,0.1752131383341154,0.1922679961963234,0.3606317377776267,0.1688816835964406,0.2864242966637896,0.2356984835336321,-0.1161251341645436,-0.1001256053063485,0.0183777430632093,-0.0680445458624612,0.0650698199538841,-0.0821221053879041
sample_840,False,ok,2.0,0.6393,0.00579,-0.0784,110.41450777202073,0.12468856966164667,0.3226452905811623,D:\BH\航空项目制\优化\yixingyouhua2(1)\yixingyouhua2\batch_run\polars\sample_840_polar.txt,D:\BH\航空项目制\优化\yixingyouhua2(1)\yixingyouhua2\batch_run\airfoils\sample_840.dat,0.0015574793,-3.86697e-05,0.1846418772916168,0.2911791417365071,0.2806567172642062,0.2337139386044283,0.2438339024677088,0.2021310894389854,-0.1658160204297096,-0.00987745943432,-0.0627409356682535,-0.0921596081378675,0.019455272438382,-0.0801940888631662
sample_841,False,ok,2.0,0.7426,0.00597,-0.0975,124.3886097152429,0.12280956416637837,0.3006012024048096,D:\BH\航空项目制\优化\yixingyouhua2(1)\yixingyouhua2\batch_run\polars\sample_841_polar.txt,D:\BH\航空项目制\优化\yixingyouhua2(1)\yixingyouhua2\batch_run\airfoils\sample_841.dat,0.0015574793,-3.86697e-05,0.2419029989468075,0.2568487561380709,0.3603373978626721,0.1870829378958001,0.3603707095800175,0.2121836357380903,-0.1585817607791843,-0.0204580643843166,0.0154665907956217,-0.0707808423527941,-0.0161603108134435,-0.0501545237913242
sample_842,False,ok,2.0,0.7786,0.00562,-0.1277,138.5409252669039,0.10184256486934555,0.35270541082164325,D:\BH\航空项目制\优化\yixingyouhua2(1)\yixingyouhua2\batch_run\polars\sample_842_polar.txt,D:\BH\航空项目制\优化\yixingyouhua2(1)\yixingyouhua2\batch_run\airfoils\sample_842.dat,0.0015574793,-3.86697e-05,0.1815280070643915,0.2281266848418316,0.259046908830298,0.2638953305978251,0.3626777422495005,0.3172963324805188,-0.1408534472647452,-0.0170263320602412,0.0321228428355682,-0.0525179295263766,0.0856496700210338,-0.1082821370400433
sample_843,False,ok,2.0,0.7219,0.00564,-0.1204,127.99645390070921,0.12390457511063849,0.30260521042084165,D:\BH\航空项目制\优化\yixingyouhua2(1)\yixingyouhua2\batch_run\polars\sample_843_polar.txt,D:\BH\航空项目制\优化\yixingyouhua2(1)\yixingyouhua2\batch_run\airfoils\sample_843.dat,0.0015574793,-3.86697e-05,0.161984519678833,0.2319703020734319,0.315860533608386,0.1569238031736695,0.3539396257799332,0.284242614161135,-0.1517937065095271,-0.1256253101804905,0.0164057420543058,-0.1280990311804117,0.0183032627390955,-0.0100566878938294
sample_844,False,ok,2.0,0.7994,0.00613,-0.113,130.40783034257748,0.13282829348972486,0.2945891783567134,D:\BH\航空项目制\优化\yixingyouhua2(1)\yixingyouhua2\batch_run\polars\sample_844_polar.txt,D:\BH\航空项目制\优化\yixingyouhua2(1)\yixingyouhua2\batch_run\airfoils\sample_844.dat,0.0015574793,-3.86697e-05,0.2592859572278609,0.2600279348492175,0.3709698246981875,0.1788188279502593,0.2620544742387453,0.3235143145052376,-0.1753425297288612,-0.0177971572839086,-0.0393934981004909,-0.1173906158841139,0.072469885221067,-0.0090612424700847
sample_845,False,ok,2.0,0.6699,0.00493,-0.102,135.88235294117646,0.12062748026360176,0.3246492985971944,D:\BH\航空项目制\优化\yixingyouhua2(1)\yixingyouhua2\batch_run\polars\sample_845_polar.txt,D:\BH\航空项目制\优化\yixingyouhua2(1)\yixingyouhua2\batch_run\airfoils\sample_845.dat,0.0015574793,-3.86697e-05,0.1773702723453013,0.2037084237643955,0.272999304278158,0.2524166641092501,0.2782256342981813,0.1991805554215464,-0.1197429600940829,-0.1157377397782699,-0.0433430708260557,-0.0741768228921152,0.0653327838880992,-0.0439095755806703
sample_846,False,ok,2.0,0.8152,0.00584,-0.1169,139.58904109589042,0.11616927841066792,0.3306613226452906,D:\BH\航空项目制\优化\yixingyouhua2(1)\yixingyouhua2\batch_run\polars\sample_846_polar.txt,D:\BH\航空项目制\优化\yixingyouhua2(1)\yixingyouhua2\batch_run\airfoils\sample_846.dat,0.0015574793,-3.86697e-05,0.263873655060209,0.2211767626167956,0.3026009950286649,0.2624672932754541,0.3669692722270659,0.2138206311143705,-0.0843354250082586,-0.0491643757735252,-0.0091688038941573,-0.0247763570452521,0.0060429112935735,0.0180699824686663
sample_847,False,ok,2.0,0.6856,0.00458,-0.1082,149.6943231441048,0.1196172408464487,0.374749498997996,D:\BH\航空项目制\优化\yixingyouhua2(1)\yixingyouhua2\batch_run\polars\sample_847_polar.txt,D:\BH\航空项目制\优化\yixingyouhua2(1)\yixingyouhua2\batch_run\airfoils\sample_847.dat,0.0015574793,-3.86697e-05,0.1572705160051867,0.1784054844579642,0.2849184131829196,0.2235364223070812,0.2509252805542826,0.2627119199894165,-0.0793355731600882,-0.1072906985445747,-0.0611453536741775,-0.1268597028208216,0.0272849990377756,0.0113410383971343
sample_848,False,ok,2.0,0.7148,0.00577,-0.1045,123.88214904679376,0.12804861632105846,0.2665330661322645,D:\BH\航空项目制\优化\yixingyouhua2(1)\yixingyouhua2\batch_run\polars\sample_848_polar.txt,D:\BH\航空项目制\优化\yixingyouhua2(1)\yixingyouhua2\batch_run\airfoils\sample_848.dat,0.0015574793,-3.86697e-05,0.1929716650216344,0.2825256632199474,0.2943169914432105,0.1590142789869614,0.293096838821973,0.2742943903845843,-0.1395850125536617,-0.0986737287937589,-0.0417962334482463,-0.0392075245991499,0.0452384447358876,-0.040931745252884
sample_849,False,ok,2.0,0.6674,0.00667,-0.1036,100.0599700149925,0.10764100448815878,0.25250501002004005,D:\BH\航空项目制\优化\yixingyouhua2(1)\yixingyouhua2\batch_run\polars\sample_849_polar.txt,D:\BH\航空项目制\优化\yixingyouhua2(1)\yixingyouhua2\batch_run\airfoils\sample_849.dat,0.0015574793,-3.86697e-05,0.2084866320295457,0.1754248248446672,0.2650789589683461,0.1637952856016768,0.2980385500585154,0.2146276036809863,-0.1943331225902181,-0.0478637710122133,-0.0290698598775469,-0.0703988036964412,0.0434739224475859,0.0017375911193164
sample_850,False,ok,2.0,0.697,0.00482,-0.1043,144.6058091286307,0.10772171218969677,0.344689378757515,D:\BH\航空项目制\优化\yixingyouhua2(1)\yixingyouhua2\batch_run\polars\sample_850_polar.txt,D:\BH\航空项目制\优化\yixingyouhua2(1)\yixingyouhua2\batch_run\airfoils\sample_850.dat,0.0015574793,-3.86697e-05,0.173199934061959,0.2000826234316575,0.2690933196005684,0.2231222692300893,0.2511144627510664,0.2106529086372917,-0.1162280622922597,-0.0298259926095812,-0.0647812485445325,-0.0620435874520594,0.0855896716586459,-0.011909015534109
sample_851,False,polar_parse_failed,,,,,,,,,,,,,,,,,,,,,,,
sample_852,False,ok,2.0,0.6975,0.00491,-0.1078,142.05702647657841,0.10832012600088328,0.3386773547094188,D:\BH\航空项目制\优化\yixingyouhua2(1)\yixingyouhua2\batch_run\polars\sample_852_polar.txt,D:\BH\航空项目制\优化\yixingyouhua2(1)\yixingyouhua2\batch_run\airfoils\sample_852.dat,0.0015574793,-3.86697e-05,0.1634274300654337,0.1972793286622201,0.2802078475066891,0.2385971804519266,0.3044674416023222,0.2104337688587251,-0.1209998416376846,-0.0651667100782092,-0.0262755780128229,-0.0138599741361437,-0.0041999543943546,-0.0297535364975303
sample_853,False,ok,2.0,0.8107,0.00593,-0.1195,136.71163575042158,0.13210712419725557,0.280561122244489,D:\BH\航空项目制\优化\yixingyouhua2(1)\yixingyouhua2\batch_run\polars\sample_853_polar.txt,D:\BH\航空项目制\优化\yixingyouhua2(1)\yixingyouhua2\batch_run\airfoils\sample_853.dat,0.0015574793,-3.86697e-05,0.2440502388730976,0.2704988506168081,0.3311649025986003,0.139492818292024,0.3495887297988704,0.3230691396049201,-0.0821270817152608,-0.1221122703180065,-0.0251083346776285,-0.0652149501466416,0.048483114479963,0.0076394941395406
sample_854,False,ok,2.0,0.6762,0.00597,-0.0798,113.26633165829146,0.13587167326283636,0.25851703406813625,D:\BH\航空项目制\优化\yixingyouhua2(1)\yixingyouhua2\batch_run\polars\sample_854_polar.txt,D:\BH\航空项目制\优化\yixingyouhua2(1)\yixingyouhua2\batch_run\airfoils\sample_854.dat,0.0015574793,-3.86697e-05,0.2667498637473427,0.2703729450923576,0.324177708961351,0.137644473447183,0.3072749224279,0.2268134790674631,-0.1429417674690111,-0.0924354399751028,-0.0479865074908589,-0.0656925214763613,0.0245400681272468,-0.0665592722206367
sample_855,False,ok,2.0,0.7232,0.00545,-0.1181,132.69724770642202,0.13707504724557296,0.3226452905811623,D:\BH\航空项目制\优化\yixingyouhua2(1)\yixingyouhua2\batch_run\polars\sample_855_polar.txt,D:\BH\航空项目制\优化\yixingyouhua2(1)\yixingyouhua2\batch_run\airfoils\sample_855.dat,0.0015574793,-3.86697e-05,0.1746910853271831,0.2546209738776022,0.3327203785154573,0.2630007793280661,0.312768666087253,0.3024463995597499,-0.1850146272290686,-0.0920860780209147,-0.0424896383029539,-0.0835133719153971,0.0482582630797016,-0.1021381159578335
sample_856,False,ok,2.0,0.8359,0.00561,-0.1452,149.0017825311943,0.13039994520304765,0.3246492985971944,D:\BH\航空项目制\优化\yixingyouhua2(1)\yixingyouhua2\batch_run\polars\sample_856_polar.txt,D:\BH\航空项目制\优化\yixingyouhua2(1)\yixingyouhua2\batch_run\airfoils\sample_856.dat,0.0015574793,-3.86697e-05,0.1615351525084062,0.2694378741587084,0.3448297676992502,0.2527514772972367,0.3396881389951849,0.2775636594880506,-0.1739023612706488,-0.0843714376104324,0.033092167629994,-0.126310454492522,0.082983808499514,0.0148672834126486
sample_857,False,ok,2.0,0.7253,0.00548,-0.0933,132.35401459854015,0.13340259693530396,0.30861723446893785,D:\BH\航空项目制\优化\yixingyouhua2(1)\yixingyouhua2\batch_run\polars\sample_857_polar.txt,D:\BH\航空项目制\优化\yixingyouhua2(1)\yixingyouhua2\batch_run\airfoils\sample_857.dat,0.0015574793,-3.86697e-05,0.2337486828192728,0.295924269559756,0.2857125794256763,0.2097742566631517,0.2990897181892737,0.2425464452268761,-0.0904920376944345,-0.0789714427572683,-0.0665641729425257,-0.103484269154457,0.0784128636484858,-0.0486683680138033
sample_858,False,ok,2.0,0.7054,0.00541,-0.0898,130.38817005545286,0.12957651609567133,0.3166332665330661,D:\BH\航空项目制\优化\yixingyouhua2(1)\yixingyouhua2\batch_run\polars\sample_858_polar.txt,D:\BH\航空项目制\优化\yixingyouhua2(1)\yixingyouhua2\batch_run\airfoils\sample_858.dat,0.0015574793,-3.86697e-05,0.2548437111648532,0.2399522515360119,0.3218783676563199,0.1936752845211195,0.3378509649779234,0.2300962018492026,-0.0990078087597109,-0.0720182032026296,-0.0582593126320267,-0.0986745700781379,0.0677855330809092,-0.0788899263124029
sample_859,False,ok,2.0,0.7131,0.00686,-0.1019,103.95043731778425,0.1297297221612786,0.2725450901803607,D:\BH\航空项目制\优化\yixingyouhua2(1)\yixingyouhua2\batch_run\polars\sample_859_polar.txt,D:\BH\航空项目制\优化\yixingyouhua2(1)\yixingyouhua2\batch_run\airfoils\sample_859.dat,0.0015574793,-3.86697e-05,0.2769835802564087,0.2120248820614251,0.2946916615403264,0.1994736611368812,0.2856996467880555,0.2641174452665374,-0.1917676399025087,-0.0538004326236554,-0.0762879845616884,-0.1071035406527666,0.0782334895313927,-0.0189562246356439
sample_860,False,ok,2.0,0.6251,0.00615,-0.0809,101.64227642276423,0.11861044143058502,0.24649298597194386,D:\BH\航空项目制\优化\yixingyouhua2(1)\yixingyouhua2\batch_run\polars\sample_860_polar.txt,D:\BH\航空项目制\优化\yixingyouhua2(1)\yixingyouhua2\batch_run\airfoils\sample_860.dat,0.0015574793,-3.86697e-05,0.1948267252027279,0.2789568473620037,0.2508865606092417,0.1921502272992011,0.2970246014097472,0.2099138519813476,-0.1903897583221861,-0.0386597211610863,-0.0238093469633826,-0.0485085459391569,0.0023597366874759,-0.1005350703411857
sample_861,False,ok,2.0,0.7005,0.0062,-0.0964,112.98387096774194,0.12242237377350362,0.280561122244489,D:\BH\航空项目制\优化\yixingyouhua2(1)\yixingyouhua2\batch_run\polars\sample_861_polar.txt,D:\BH\航空项目制\优化\yixingyouhua2(1)\yixingyouhua2\batch_run\airfoils\sample_861.dat,0.0015574793,-3.86697e-05,0.2592110381631838,0.1838493776097954,0.3470694533062007,0.2163222637181084,0.3628353146242079,0.2033268409942107,-0.1377418009880077,-0.1114895824654707,0.023855193497976,-0.0354547850649968,-0.0227227739330452,-0.0688521462610492
sample_862,False,ok,2.0,0.7344,0.00663,-0.1053,110.76923076923079,0.11735694570889095,0.24048096192384769,D:\BH\航空项目制\优化\yixingyouhua2(1)\yixingyouhua2\batch_run\polars\sample_862_polar.txt,D:\BH\航空项目制\优化\yixingyouhua2(1)\yixingyouhua2\batch_run\airfoils\sample_862.dat,0.0015574793,-3.86697e-05,0.2488328502049219,0.2366743033923007,0.2557258394848817,0.1800651892360819,0.3130551849679962,0.2908665426055904,-0.1342815670684262,-0.0942016120727845,0.0303204311528089,-0.1184023339655704,0.0340759313714587,-0.004728090558644
sample_863,False,ok,2.0,0.6329,0.00451,-0.0878,140.33259423503327,0.11590284231080779,0.3687374749498998,D:\BH\航空项目制\优化\yixingyouhua2(1)\yixingyouhua2\batch_run\polars\sample_863_polar.txt,D:\BH\航空项目制\优化\yixingyouhua2(1)\yixingyouhua2\batch_run\airfoils\sample_863.dat,0.0015574793,-3.86697e-05,0.1692003988478076,0.2015023373248354,0.3185283215470875,0.1377169637062704,0.3656830672496906,0.2445953023755006,-0.0928509045094726,-0.0582155042534688,-0.0578012084565598,-0.089608791828097,-0.0134567017292102,-0.0880778545178994
sample_864,False,ok,2.0,0.7972,0.00551,-0.1379,144.68239564428313,0.10417239219609116,0.2865731462925851,D:\BH\航空项目制\优化\yixingyouhua2(1)\yixingyouhua2\batch_run\polars\sample_864_polar.txt,D:\BH\航空项目制\优化\yixingyouhua2(1)\yixingyouhua2\batch_run\airfoils\sample_864.dat,0.0015574793,-3.86697e-05,0.1591389445116498,0.2204111555447969,0.2890504375653953,0.2124977483980875,0.3463161940178654,0.2657669073780501,-0.1595781074408687,-0.0559784122062736,0.0484073230994306,-0.0425900827686133,0.044755519680849,0.009183397254158
sample_865,False,ok,2.0,0.726,0.00583,-0.1047,124.52830188679245,0.12774482052414118,0.25250501002004005,D:\BH\航空项目制\优化\yixingyouhua2(1)\yixingyouhua2\batch_run\polars\sample_865_polar.txt,D:\BH\航空项目制\优化\yixingyouhua2(1)\yixingyouhua2\batch_run\airfoils\sample_865.dat,0.0015574793,-3.86697e-05,0.2173778395054702,0.2746360556003981,0.2707151483845598,0.2267708720950402,0.3071178943738418,0.2108459131721627,-0.1367442697354476,-0.1189934145761053,-0.0137750023760145,-0.0127798773545538,0.0663589557024743,-0.0477201929881809
sample_866,False,ok,2.0,0.6179,0.00678,-0.0719,91.13569321533924,0.11155037178605737,0.2124248496993988,D:\BH\航空项目制\优化\yixingyouhua2(1)\yixingyouhua2\batch_run\polars\sample_866_polar.txt,D:\BH\航空项目制\优化\yixingyouhua2(1)\yixingyouhua2\batch_run\airfoils\sample_866.dat,0.0015574793,-3.86697e-05,0.265635247251629,0.1918150575451978,0.2614603076332536,0.1613550923250851,0.2846147163669526,0.2067670572753841,-0.1362164226430547,-0.0904649727235002,0.0062815977091336,-0.0171945224727632,0.0020382954681935,-0.0848064711426767
sample_867,False,ok,2.0,0.7696,0.00691,-0.1111,111.37481910274963,0.13359870817865901,0.22645290581162322,D:\BH\航空项目制\优化\yixingyouhua2(1)\yixingyouhua2\batch_run\polars\sample_867_polar.txt,D:\BH\航空项目制\优化\yixingyouhua2(1)\yixingyouhua2\batch_run\airfoils\sample_867.dat,0.0015574793,-3.86697e-05,0.2776910586922061,0.2829924195273848,0.2595861509197923,0.2134743832139846,0.3401428517562299,0.2847594063332839,-0.1798327118582102,-0.0716759387227006,-0.03642637004261,-0.0467443520707114,0.0527536569943899,-0.0279229064400837
sample_868,False,ok,2.0,0.7221,0.00667,-0.101,108.26086956521739,0.12580572684051283,0.22444889779559116,D:\BH\航空项目制\优化\yixingyouhua2(1)\yixingyouhua2\batch_run\polars\sample_868_polar.txt,D:\BH\航空项目制\优化\yixingyouhua2(1)\yixingyouhua2\batch_run\airfoils\sample_868.dat,0.0015574793,-3.86697e-05,0.2603028097891339,0.2535575459125967,0.3236210871458376,0.1459410061671888,0.3624514570801427,0.3217772977536415,-0.1916719433501014,-0.0492481760626357,-0.0021239219912253,-0.0186093550747726,-0.0137893315972214,-0.0913092547122643
sample_869,False,ok,2.0,0.7575,0.0059,-0.1157,128.38983050847457,0.1194954187489207,0.3246492985971944,D:\BH\航空项目制\优化\yixingyouhua2(1)\yixingyouhua2\batch_run\polars\sample_869_polar.txt,D:\BH\航空项目制\优化\yixingyouhua2(1)\yixingyouhua2\batch_run\airfoils\sample_869.dat,0.0015574793,-3.86697e-05,0.2228401413239835,0.225227721106449,0.3028873169965712,0.2405763776509332,0.3261793494160356,0.2599908262613529,-0.1645380866259622,-0.0392157285843932,-0.005979430013578,-0.1087398666839594,0.0701211809478719,-0.0405935742068188
sample_870,False,ok,2.0,0.6832,0.00521,-0.0866,131.13243761996162,0.11796816012486826,0.30861723446893785,D:\BH\航空项目制\优化\yixingyouhua2(1)\yixingyouhua2\batch_run\polars\sample_870_polar.txt,D:\BH\航空项目制\优化\yixingyouhua2(1)\yixingyouhua2\batch_run\airfoils\sample_870.dat,0.0015574793,-3.86697e-05,0.2407840955659507,0.2002220243589689,0.3394618549978472,0.1374516119971021,0.338476366345724,0.2010309245355885,-0.0897338257856645,-0.092925852597869,-0.004645999667275,-0.079396887832129,-0.0077753837747586,-0.0280820500565876
sample_871,False,ok,2.0,0.6503,0.00537,-0.0713,121.09869646182496,0.14379419230285787,0.30260521042084165,D:\BH\航空项目制\优化\yixingyouhua2(1)\yixingyouhua2\batch_run\polars\sample_871_polar.txt,D:\BH\航空项目制\优化\yixingyouhua2(1)\yixingyouhua2\batch_run\airfoils\sample_871.dat,0.0015574793,-3.86697e-05,0.2705213230633213,0.2726086069192688,0.3418897872790927,0.1958656043269641,0.2612336657127222,0.2743906571169506,-0.145248169729301,-0.0789801064728366,-0.0631300642718096,-0.1350682610341302,-0.0060903950124383,-0.0965031550432003
sample_872,False,ok,2.0,0.7536,0.0062,-0.1243,121.5483870967742,0.1407777284935812,0.2865731462925851,D:\BH\航空项目制\优化\yixingyouhua2(1)\yixingyouhua2\batch_run\polars\sample_872_polar.txt,D:\BH\航空项目制\优化\yixingyouhua2(1)\yixingyouhua2\batch_run\airfoils\sample_872.dat,0.0015574793,-3.86697e-05,0.1949925298374128,0.2982778352141428,0.2829232831075363,0.2198582791770663,0.3572618653212193,0.2995986473650246,-0.1979023481175654,-0.0970537577697241,-0.0526370062251501,-0.1058951303780875,0.0086827697526066,-0.0023666640506414
sample_873,False,ok,2.0,0.6187,0.00627,-0.0862,98.6762360446571,0.13408167157403272,0.2605210420841683,D:\BH\航空项目制\优化\yixingyouhua2(1)\yixingyouhua2\batch_run\polars\sample_873_polar.txt,D:\BH\航空项目制\优化\yixingyouhua2(1)\yixingyouhua2\batch_run\airfoils\sample_873.dat,0.0015574793,-3.86697e-05,0.2453925950500203,0.2117269095607681,0.3082289262079537,0.1432952666967279,0.3421003245771691,0.248891652842226,-0.1926884611956698,-0.111435859356067,-0.0674391633434737,-0.0916968027124272,0.0393297086112259,-0.106831352992845
sample_874,False,ok,2.0,0.7002,0.00554,-0.0866,126.38989169675092,0.11615024297988416,0.2785571142284569,D:\BH\航空项目制\优化\yixingyouhua2(1)\yixingyouhua2\batch_run\polars\sample_874_polar.txt,D:\BH\航空项目制\优化\yixingyouhua2(1)\yixingyouhua2\batch_run\airfoils\sample_874.dat,0.0015574793,-3.86697e-05,0.2080190588334663,0.2590840356053242,0.3175184584911514,0.1576215674419008,0.2515764538180715,0.2570559519103704,-0.0750436546862543,-0.1026888054350216,0.0338313488576256,-0.0439261535302511,-0.0368269757432792,-0.0264915785640524
sample_875,False,ok,2.0,0.633,0.00604,-0.0769,104.80132450331125,0.12723447859406026,0.280561122244489,D:\BH\航空项目制\优化\yixingyouhua2(1)\yixingyouhua2\batch_run\polars\sample_875_polar.txt,D:\BH\航空项目制\优化\yixingyouhua2(1)\yixingyouhua2\batch_run\airfoils\sample_875.dat,0.0015574793,-3.86697e-05,0.2608415676134954,0.2105331446122669,0.2957602507058738,0.171006897057155,0.3200452056908675,0.1980890804940731,-0.1226327285261068,-0.1191748067971581,-0.0350758202140612,-0.0948047607803533,0.0016935967963388,-0.0567990683621203
sample_876,False,ok,2.0,0.6122,0.00572,-0.0822,107.02797202797201,0.12558756686460515,0.30260521042084165,D:\BH\航空项目制\优化\yixingyouhua2(1)\yixingyouhua2\batch_run\polars\sample_876_polar.txt,D:\BH\航空项目制\优化\yixingyouhua2(1)\yixingyouhua2\batch_run\airfoils\sample_876.dat,0.0015574793,-3.86697e-05,0.1592359561390968,0.2538304361701302,0.3459473732657702,0.1862457986804016,0.2583537046504689,0.2019615791183402,-0.1985252757373766,-0.0770735223726286,0.0334191749856438,-0.1266188922856346,-0.0411967726242964,-0.06312673171557
sample_877,False,ok,2.0,0.6393,0.00586,-0.0642,109.09556313993174,0.12271773287225582,0.2725450901803607,D:\BH\航空项目制\优化\yixingyouhua2(1)\yixingyouhua2\batch_run\polars\sample_877_polar.txt,D:\BH\航空项目制\优化\yixingyouhua2(1)\yixingyouhua2\batch_run\airfoils\sample_877.dat,0.0015574793,-3.86697e-05,0.2811068950000051,0.2124596533251998,0.3401625353284532,0.1473710281740919,0.2881422143350029,0.2105504694934056,-0.0818728831495205,-0.1210020193105076,0.0327354460701752,-0.1030427239671524,0.0095491797060505,-0.0965538635372619
sample_878,False,ok,2.0,0.6879,0.00682,-0.1018,100.86510263929618,0.12667923745618537,0.2124248496993988,D:\BH\航空项目制\优化\yixingyouhua2(1)\yixingyouhua2\batch_run\polars\sample_878_polar.txt,D:\BH\航空项目制\优化\yixingyouhua2(1)\yixingyouhua2\batch_run\airfoils\sample_878.dat,0.0015574793,-3.86697e-05,0.2565166744988335,0.2289240469056967,0.2506321440376335,0.1519226843750108,0.296371393715613,0.2972296330868171,-0.1967149768184225,-0.0940585086442607,-0.0485091962927794,-0.0278132536921313,0.0520905604819333,-0.0466224194578501
sample_879,False,ok,2.0,0.6966,0.00564,-0.1024,123.51063829787233,0.11270092032234508,0.3607214428857715,D:\BH\航空项目制\优化\yixingyouhua2(1)\yixingyouhua2\batch_run\polars\sample_879_polar.txt,D:\BH\航空项目制\优化\yixingyouhua2(1)\yixingyouhua2\batch_run\airfoils\sample_879.dat,0.0015574793,-3.86697e-05,0.1768878777720528,0.1924944164551718,0.3720905923112018,0.1391563056809326,0.3064406846589041,0.2769527387886613,-0.1461419137822096,-0.0058931640688699,-0.0147870654298674,-0.1319974845135332,0.0841199541570999,-0.0860597180605544
sample_880,False,ok,2.0,0.609,0.00526,-0.0849,115.77946768060836,0.12618065145359258,0.3226452905811623,D:\BH\航空项目制\优化\yixingyouhua2(1)\yixingyouhua2\batch_run\polars\sample_880_polar.txt,D:\BH\航空项目制\优化\yixingyouhua2(1)\yixingyouhua2\batch_run\airfoils\sample_880.dat,0.0015574793,-3.86697e-05,0.1834861167755895,0.2095887865734003,0.3057553864866886,0.191480655202354,0.2613737729341122,0.2673710537764068,-0.1435080209510661,-0.1230792145713283,-0.0273668111898855,-0.1165041058228729,-0.0270922311860627,-0.0771719449541599
sample_881,False,ok,2.0,0.6938,0.00581,-0.0996,119.41480206540447,0.14030917915960056,0.2865731462925851,D:\BH\航空项目制\优化\yixingyouhua2(1)\yixingyouhua2\batch_run\polars\sample_881_polar.txt,D:\BH\航空项目制\优化\yixingyouhua2(1)\yixingyouhua2\batch_run\airfoils\sample_881.dat,0.0015574793,-3.86697e-05,0.1887051943597076,0.2954766852485739,0.3482320426807724,0.2354225896086383,0.2833263687677794,0.2253897820095086,-0.1944164726985287,-0.096811568151295,0.0035792009945426,-0.1112054235966901,0.0825615323979489,-0.1045301541983866
sample_882,False,ok,2.0,0.7553,0.00672,-0.1143,112.39583333333333,0.11161998136601547,0.21843687374749496,D:\BH\航空项目制\优化\yixingyouhua2(1)\yixingyouhua2\batch_run\polars\sample_882_polar.txt,D:\BH\航空项目制\优化\yixingyouhua2(1)\yixingyouhua2\batch_run\airfoils\sample_882.dat,0.0015574793,-3.86697e-05,0.2309043168181676,0.2540602385228791,0.2615646395895141,0.1719405165930445,0.3458004935219693,0.3231506093728337,-0.1759640145594742,-0.0181403716522724,-0.0007933035191319,-0.0231070972906448,0.0453867072886849,-0.056512906413717
sample_883,False,ok,2.0,0.6773,0.006,-0.1072,112.88333333333334,0.11599440942842448,0.21843687374749496,D:\BH\航空项目制\优化\yixingyouhua2(1)\yixingyouhua2\batch_run\polars\sample_883_polar.txt,D:\BH\航空项目制\优化\yixingyouhua2(1)\yixingyouhua2\batch_run\airfoils\sample_883.dat,0.0015574793,-3.86697e-05,0.2017836380524479,0.1907690253699874,0.3017961063766343,0.1514616553374508,0.2597955083280037,0.2805840649928531,-0.1932801708141615,-0.119429529596288,0.0280805930177849,-0.0141815661640526,0.0446679795765975,-0.0551249968927359
sample_884,False,ok,2.0,0.7392,0.00577,-0.0898,128.1109185441941,0.13205707978080292,0.280561122244489,D:\BH\航空项目制\优化\yixingyouhua2(1)\yixingyouhua2\batch_run\polars\sample_884_polar.txt,D:\BH\航空项目制\优化\yixingyouhua2(1)\yixingyouhua2\batch_run\airfoils\sample_884.dat,0.0015574793,-3.86697e-05,0.2756412618717395,0.2682673466007038,0.3221227245776248,0.2572880853704979,0.2773375302741897,0.2380145426318614,-0.1096304794196816,-0.0812947796243639,-0.0226034205578219,-0.0274147218214655,0.0258118150524016,-0.0783065173419129
sample_885,False,ok,2.0,0.7403,0.00598,-0.122,123.79598662207357,0.1320203706177151,0.25250501002004005,D:\BH\航空项目制\优化\yixingyouhua2(1)\yixingyouhua2\batch_run\polars\sample_885_polar.txt,D:\BH\航空项目制\优化\yixingyouhua2(1)\yixingyouhua2\batch_run\airfoils\sample_885.dat,0.0015574793,-3.86697e-05,0.2096254154907599,0.2522950811916546,0.2919511460161338,0.2316090476789331,0.354977966469057,0.2677081372866724,-0.1994786485813688,-0.1192189584791308,-0.0088121676206899,-0.0265964797755586,0.0361610106800234,-0.0597462915906474
sample_886,False,ok,2.0,0.7835,0.00556,-0.1145,140.91726618705036,0.1294013814917713,0.3607214428857715,D:\BH\航空项目制\优化\yixingyouhua2(1)\yixingyouhua2\batch_run\polars\sample_886_polar.txt,D:\BH\航空项目制\优化\yixingyouhua2(1)\yixingyouhua2\batch_run\airfoils\sample_886.dat,0.0015574793,-3.86697e-05,0.2642655359085978,0.2034434350026225,0.3324501991036787,0.2577491307181323,0.3514578379513343,0.2228545908913073,-0.1190219099974845,-0.0419717004089231,-0.0713467696581754,-0.0869970693473939,0.0580698839845604,-0.00623139415363
sample_887,False,ok,2.0,0.6938,0.00602,-0.1056,115.24916943521593,0.10587358683628031,0.23847695390781562,D:\BH\航空项目制\优化\yixingyouhua2(1)\yixingyouhua2\batch_run\polars\sample_887_polar.txt,D:\BH\航空项目制\优化\yixingyouhua2(1)\yixingyouhua2\batch_run\airfoils\sample_887.dat,0.0015574793,-3.86697e-05,0.2075418757622422,0.1798533132851865,0.2930404002811162,0.1694796458158552,0.2859835673830322,0.2287297288162382,-0.1664554978116628,-0.0688596570394257,0.0101335085468732,-0.0109233324475208,0.066249376144482,-0.0426902407722441
sample_888,False,ok,2.0,0.7948,0.00516,-0.1135,154.03100775193798,0.13561178593468565,0.3246492985971944,D:\BH\航空项目制\优化\yixingyouhua2(1)\yixingyouhua2\batch_run\polars\sample_888_polar.txt,D:\BH\航空项目制\优化\yixingyouhua2(1)\yixingyouhua2\batch_run\airfoils\sample_888.dat,0.0015574793,-3.86697e-05,0.2486524758654488,0.2324871237959315,0.3577057096068674,0.2391818191787776,0.2458312169757746,0.3248137146179048,-0.0870841756636282,-0.1006780270436313,-0.0506300961009164,-0.0697102259108004,-0.0083315870268062,0.0171712013414288
sample_889,False,ok,2.0,0.6752,0.00568,-0.1052,118.87323943661971,0.10989501118390564,0.3226452905811623,D:\BH\航空项目制\优化\yixingyouhua2(1)\yixingyouhua2\batch_run\polars\sample_889_polar.txt,D:\BH\航空项目制\优化\yixingyouhua2(1)\yixingyouhua2\batch_run\airfoils\sample_889.dat,0.0015574793,-3.86697e-05,0.1541805214271675,0.233402488134845,0.2810093430996898,0.1699644707873787,0.3533961039034916,0.2152262782318695,-0.1825273575282452,-0.007106929892872,-0.0431253297346762,-0.0786784439707648,0.0698452770764091,-0.076408178634586
sample_890,False,ok,2.0,0.7587,0.00653,-0.1052,116.18683001531394,0.12062618689700835,0.2725450901803607,D:\BH\航空项目制\优化\yixingyouhua2(1)\yixingyouhua2\batch_run\polars\sample_890_polar.txt,D:\BH\航空项目制\优化\yixingyouhua2(1)\yixingyouhua2\batch_run\airfoils\sample_890.dat,0.0015574793,-3.86697e-05,0.2648987520191765,0.2715060718904037,0.2519985491786907,0.2317302809501411,0.322268834548384,0.3239014932042514,-0.1365902580880863,-0.0167959470033058,-0.0600480621083075,-0.0482694510218845,0.0813024255212092,-0.0796493417142486
sample_891,False,ok,2.0,0.6888,0.00577,-0.0857,119.37608318890814,0.13046180519388278,0.2605210420841683,D:\BH\航空项目制\优化\yixingyouhua2(1)\yixingyouhua2\batch_run\polars\sample_891_polar.txt,D:\BH\航空项目制\优化\yixingyouhua2(1)\yixingyouhua2\batch_run\airfoils\sample_891.dat,0.0015574793,-3.86697e-05,0.1943244385351058,0.2991762722197655,0.3524782978027799,0.1342257170021463,0.2477003976795848,0.2309277884967106,-0.1172531062078497,-0.1252418611426554,0.0259256980019695,-0.030349864032017,-0.0164383109041648,-0.0373631373710031
sample_892,False,ok,2.0,0.7316,0.00483,-0.0986,151.46997929606624,0.12532896042742908,0.3386773547094188,D:\BH\航空项目制\优化\yixingyouhua2(1)\yixingyouhua2\batch_run\polars\sample_892_polar.txt,D:\BH\航空项目制\优化\yixingyouhua2(1)\yixingyouhua2\batch_run\airfoils\sample_892.dat,0.0015574793,-3.86697e-05,0.1703549984084032,0.2738355073555911,0.3544749087897874,0.1808295999643934,0.240786830660919,0.2647213494766842,-0.0798174800584587,-0.022972926534784,-0.0800922307531585,-0.0669597735010263,0.0355385117312903,-0.0207369329401616
sample_893,False,ok,2.0,0.6685,0.0051,-0.0896,131.078431372549,0.1367927084319525,0.34669338677354705,D:\BH\航空项目制\优化\yixingyouhua2(1)\yixingyouhua2\batch_run\polars\sample_893_polar.txt,D:\BH\航空项目制\优化\yixingyouhua2(1)\yixingyouhua2\batch_run\airfoils\sample_893.dat,0.0015574793,-3.86697e-05,0.1712986249860509,0.2845529827447712,0.3556705378908532,0.2126848731527633,0.2487449317381707,0.3048417134591006,-0.1523533236576651,-0.0466838749921026,-0.0435824441914245,-0.1373996909078735,-0.0283757655902705,-0.0770378623605481
sample_894,False,ok,2.0,0.7052,0.00589,-0.0949,119.72835314091681,0.11280407791999039,0.3366733466933867,D:\BH\航空项目制\优化\yixingyouhua2(1)\yixingyouhua2\batch_run\polars\sample_894_polar.txt,D:\BH\航空项目制\优化\yixingyouhua2(1)\yixingyouhua2\batch_run\airfoils\sample_894.dat,0.0015574793,-3.86697e-05,0.237050342521763,0.1984751950432291,0.3144140072749276,0.2286303606543627,0.2689791814318331,0.2201162234438854,-0.1515043651509408,-0.0393808634392161,0.0379284987859151,-0.1371243119726373,0.0263017865136095,-0.0232452575940801
sample_895,False,ok,2.0,0.7399,0.00575,-0.1135,128.6782608695652,0.12968918180724437,0.280561122244489,D:\BH\航空项目制\优化\yixingyouhua2(1)\yixingyouhua2\batch_run\polars\sample_895_polar.txt,D:\BH\航空项目制\优化\yixingyouhua2(1)\yixingyouhua2\batch_run\airfoils\sample_895.dat,0.0015574793,-3.86697e-05,0.1947336627307314,0.274383928629744,0.2841238568948376,0.2206161753867171,0.2645127323622164,0.2654684377831537,-0.1657370545895175,-0.0980796770156733,-0.0133239704480911,-0.1021449471828332,0.0316749853338641,0.0160349749528878
sample_896,False,ok,2.0,0.6851,0.00594,-0.1023,115.33670033670035,0.14143024299636087,0.3006012024048096,D:\BH\航空项目制\优化\yixingyouhua2(1)\yixingyouhua2\batch_run\polars\sample_896_polar.txt,D:\BH\航空项目制\优化\yixingyouhua2(1)\yixingyouhua2\batch_run\airfoils\sample_896.dat,0.0015574793,-3.86697e-05,0.2229727760424602,0.2699731929340071,0.2752398005911591,0.2618882924302237,0.3155538990233887,0.289949007210207,-0.1869910808410513,-0.1085985889983004,-0.0558828080583941,-0.1198915934030854,0.005883722101153,-0.0747818808749576
sample_897,False,ok,2.0,0.7294,0.00581,-0.1065,125.5421686746988,0.11647049122901842,0.25851703406813625,D:\BH\航空项目制\优化\yixingyouhua2(1)\yixingyouhua2\batch_run\polars\sample_897_polar.txt,D:\BH\航空项目制\优化\yixingyouhua2(1)\yixingyouhua2\batch_run\airfoils\sample_897.dat,0.0015574793,-3.86697e-05,0.1838219782174301,0.2770461276429964,0.2908729830555092,0.1870388495312371,0.3129481093861176,0.2051050701089211,-0.1505419396743293,-0.06743755065775,0.0324512817431443,-0.0619572410838705,0.0727989058550762,-0.0339235830398733
sample_898,False,ok,2.0,0.672,0.00495,-0.0869,135.75757575757575,0.117685939513867,0.3226452905811623,D:\BH\航空项目制\优化\yixingyouhua2(1)\yixingyouhua2\batch_run\polars\sample_898_polar.txt,D:\BH\航空项目制\优化\yixingyouhua2(1)\yixingyouhua2\batch_run\airfoils\sample_898.dat,0.0015574793,-3.86697e-05,0.1870325739932735,0.2755628064664956,0.2582339392855401,0.2167686699365627,0.2772448173424733,0.2131381026605499,-0.116490915939548,-0.0278657082253407,-0.0651559737501673,-0.0528485237744985,-0.0284221190074306,-0.0247812878617791
sample_899,False,ok,2.0,0.7953,0.00572,-0.1113,139.03846153846155,0.13558568726606696,0.280561122244489,D:\BH\航空项目制\优化\yixingyouhua2(1)\yixingyouhua2\batch_run\polars\sample_899_polar.txt,D:\BH\航空项目制\优化\yixingyouhua2(1)\yixingyouhua2\batch_run\airfoils\sample_899.dat,0.0015574793,-3.86697e-05,0.2305175849248841,0.2933136625488375,0.3721577042537429,0.208010552529437,0.2857672481767119,0.2834398697878261,-0.1325438349243897,-0.0672944928486065,-0.0322717373340906,-0.0116197526408076,0.0665135679089743,-0.0607307825267181
sample_900,False,ok,2.0,0.7087,0.00612,-0.1085,115.80065359477125,0.10861979909448782,0.22645290581162322,D:\BH\航空项目制\优化\yixingyouhua2(1)\yixingyouhua2\batch_run\polars\sample_900_polar.txt,D:\BH\航空项目制\优化\yixingyouhua2(1)\yixingyouhua2\batch_run\airfoils\sample_900.dat,0.0015574793,-3.86697e-05,0.2085783838583639,0.2146464275829696,0.2687475933164093,0.2219351548865784,0.315662213412251,0.2490898090154147,-0.1820207271155848,-0.0566613030381338,0.0329714607490454,-0.020584330479083,0.0287093616316898,-0.0682474808047675
sample_901,False,ok,2.0,0.6653,0.00523,-0.0836,127.20841300191204,0.11780844953586793,0.34669338677354705,D:\BH\航空项目制\优化\yixingyouhua2(1)\yixingyouhua2\batch_run\polars\sample_901_polar.txt,D:\BH\航空项目制\优化\yixingyouhua2(1)\yixingyouhua2\batch_run\airfoils\sample_901.dat,0.0015574793,-3.86697e-05,0.210132180771912,0.256413336203518,0.2471106726859695,0.1888939160917638,0.2814265393305629,0.3040697807422312,-0.0700599071557153,-0.0440715806582775,-0.07250584686996,-0.1203055319520836,0.0135038045011394,-0.0627629533188031
sample_902,False,ok,2.0,0.7346,0.00616,-0.0965,119.25324675324677,0.12235429770252113,0.23847695390781562,D:\BH\航空项目制\优化\yixingyouhua2(1)\yixingyouhua2\batch_run\polars\sample_902_polar.txt,D:\BH\航空项目制\优化\yixingyouhua2(1)\yixingyouhua2\batch_run\airfoils\sample_902.dat,0.0015574793,-3.86697e-05,0.2574348668702313,0.244934065786284,0.3508067384231749,0.1608130243995984,0.2566230420740829,0.3055307921102793,-0.1735376567824655,-0.0388769473817694,0.0077710440898844,-0.0209134819588996,0.0069349672542326,-0.0654361666582976
sample_903,False,ok,2.0,0.7233,0.0062,-0.0996,116.66129032258065,0.12105636047847985,0.25250501002004005,D:\BH\航空项目制\优化\yixingyouhua2(1)\yixingyouhua2\batch_run\polars\sample_903_polar.txt,D:\BH\航空项目制\优化\yixingyouhua2(1)\yixingyouhua2\batch_run\airfoils\sample_903.dat,0.0015574793,-3.86697e-05,0.2394098880948085,0.2481453825924519,0.2923423445173446,0.1790602796993962,0.2692879095672117,0.2535562068612249,-0.1642205902286561,-0.0664098252031466,0.0245535560841564,-0.1329370906035875,0.0455756040906508,-0.0010990363909717
sample_904,False,ok,2.0,0.6563,0.00602,-0.0771,109.01993355481727,0.11145591139082188,0.3006012024048096,D:\BH\航空项目制\优化\yixingyouhua2(1)\yixingyouhua2\batch_run\polars\sample_904_polar.txt,D:\BH\航空项目制\优化\yixingyouhua2(1)\yixingyouhua2\batch_run\airfoils\sample_904.dat,0.0015574793,-3.86697e-05,0.2643644355028662,0.2012533004531116,0.262318291311678,0.220296431948435,0.267887007171249,0.22103871060215,-0.097615856950875,-0.0717626355976235,0.0036754216498458,-0.0985496111491882,-0.0011704026272589,-0.041310305726976
sample_905,False,ok,2.0,0.7206,0.00532,-0.1097,135.45112781954887,0.10259283365515974,0.30861723446893785,D:\BH\航空项目制\优化\yixingyouhua2(1)\yixingyouhua2\batch_run\polars\sample_905_polar.txt,D:\BH\航空项目制\优化\yixingyouhua2(1)\yixingyouhua2\batch_run\airfoils\sample_905.dat,0.0015574793,-3.86697e-05,0.1557317317830493,0.1945977390931688,0.3537229670956529,0.1741294556966328,0.2527349720609084,0.2166976398632654,-0.1405723413066961,-0.0302898318837887,0.0199326727230144,-0.0265105896929939,0.0679056909145518,-0.0227149567228078
sample_906,False,ok,2.0,0.6648,0.00577,-0.0876,115.2166377816291,0.11426483685553557,0.2945891783567134,D:\BH\航空项目制\优化\yixingyouhua2(1)\yixingyouhua2\batch_run\polars\sample_906_polar.txt,D:\BH\航空项目制\优化\yixingyouhua2(1)\yixingyouhua2\batch_run\airfoils\sample_906.dat,0.0015574793,-3.86697e-05,0.1641737813791556,0.2791622238358542,0.2984428624836498,0.1762278687259255,0.2616669081365408,0.2905772437256693,-0.1249842368741062,-0.0502039798977597,0.0130804390877131,-0.0763687793066526,0.011591433673419,-0.107358308630884
sample_907,False,ok,2.0,0.831,0.00665,-0.1221,124.9624060150376,0.11471808896716479,0.25851703406813625,D:\BH\航空项目制\优化\yixingyouhua2(1)\yixingyouhua2\batch_run\polars\sample_907_polar.txt,D:\BH\航空项目制\优化\yixingyouhua2(1)\yixingyouhua2\batch_run\airfoils\sample_907.dat,0.0015574793,-3.86697e-05,0.2808767694550874,0.2057123055555956,0.3652892423733276,0.1461237504389616,0.3583273851791247,0.2980107829199745,-0.1425170897102252,-0.0337137309053343,0.0460648359565633,-0.0941253802354761,0.0795110041358304,0.0003064518036618
sample_908,False,polar_parse_failed,,,,,,,,,,,,,,,,,,,,,,,
sample_909,False,ok,2.0,0.7461,0.00569,-0.1091,131.12478031634447,0.14360371195978824,0.2885771543086172,D:\BH\航空项目制\优化\yixingyouhua2(1)\yixingyouhua2\batch_run\polars\sample_909_polar.txt,D:\BH\航空项目制\优化\yixingyouhua2(1)\yixingyouhua2\batch_run\airfoils\sample_909.dat,0.0015574793,-3.86697e-05,0.2671417403861266,0.2260356593716809,0.3404135571094684,0.2271968765981397,0.2394268516921997,0.2978533604108044,-0.1600296155586445,-0.1243408513771967,-0.0649672553833445,-0.1106968453276995,0.0797787879987071,-0.0147009473173062
sample_910,False,ok,2.0,0.6378,0.00543,-0.0854,117.45856353591161,0.10860451083938491,0.344689378757515,D:\BH\航空项目制\优化\yixingyouhua2(1)\yixingyouhua2\batch_run\polars\sample_910_polar.txt,D:\BH\航空项目制\优化\yixingyouhua2(1)\yixingyouhua2\batch_run\airfoils\sample_910.dat,0.0015574793,-3.86697e-05,0.1972441825449788,0.1756677699151535,0.3152206313608162,0.1877209167551695,0.2746572717274582,0.2370705774226265,-0.1241954377784591,-0.0626764165088368,0.0085103583243679,-0.0986112535285995,0.0201412633886763,-0.0891456533069549
sample_911,False,ok,2.0,0.6308,0.00477,-0.0811,132.24318658280924,0.11962537425150815,0.344689378757515,D:\BH\航空项目制\优化\yixingyouhua2(1)\yixingyouhua2\batch_run\polars\sample_911_polar.txt,D:\BH\航空项目制\优化\yixingyouhua2(1)\yixingyouhua2\batch_run\airfoils\sample_911.dat,0.0015574793,-3.86697e-05,0.1924153286205416,0.2287317140505491,0.2761333721943561,0.1817606049178523,0.2571819241502137,0.2918846509775641,-0.0919230340142512,-0.0723791829641285,-0.0611236447730627,-0.1108956370470203,-0.0353648407787946,-0.0543739254646314
sample_912,False,ok,2.0,0.6884,0.00583,-0.0859,118.07890222984562,0.11877927580031862,0.2725450901803607,D:\BH\航空项目制\优化\yixingyouhua2(1)\yixingyouhua2\batch_run\polars\sample_912_polar.txt,D:\BH\航空项目制\优化\yixingyouhua2(1)\yixingyouhua2\batch_run\airfoils\sample_912.dat,0.0015574793,-3.86697e-05,0.2101648383984188,0.2781445005479681,0.30614848071084,0.2016285041816754,0.2798461679889453,0.2414935897482229,-0.1350673530789106,-0.0470724716245924,0.0004301683654443,-0.0156983073684598,-0.0181369424132294,-0.0892716302114188
sample_913,False,ok,2.0,0.6258,0.00596,-0.0883,105.0,0.11424073534072722,0.24649298597194386,D:\BH\航空项目制\优化\yixingyouhua2(1)\yixingyouhua2\batch_run\polars\sample_913_polar.txt,D:\BH\航空项目制\优化\yixingyouhua2(1)\yixingyouhua2\batch_run\airfoils\sample_913.dat,0.0015574793,-3.86697e-05,0.1779931092615061,0.2469917814095522,0.2464722634990305,0.1490482622258613,0.2693874714674485,0.2490688773944967,-0.1788345882097107,-0.0707341624492648,-0.0213841680389069,-0.0539900221769913,-0.0377624870437612,-0.0344563306541163
sample_914,False,ok,2.0,0.789,0.00474,-0.1217,166.45569620253164,0.11808355926045214,0.39078156312625245,D:\BH\航空项目制\优化\yixingyouhua2(1)\yixingyouhua2\batch_run\polars\sample_914_polar.txt,D:\BH\航空项目制\优化\yixingyouhua2(1)\yixingyouhua2\batch_run\airfoils\sample_914.dat,0.0015574793,-3.86697e-05,0.1849255382406041,0.2238868583415307,0.3534595670601969,0.1922803044892401,0.337961971135603,0.3191841840439873,-0.0923914991324712,-0.0104792402178914,-0.0181058063475158,-0.1291625509820462,0.0655796925117519,-0.0353207291666385
sample_915,False,ok,2.0,0.725,0.00495,-0.1272,146.46464646464645,0.12158623292689678,0.3366733466933867,D:\BH\航空项目制\优化\yixingyouhua2(1)\yixingyouhua2\batch_run\polars\sample_915_polar.txt,D:\BH\航空项目制\优化\yixingyouhua2(1)\yixingyouhua2\batch_run\airfoils\sample_915.dat,0.0015574793,-3.86697e-05,0.1550554194186431,0.2043132288527219,0.2749344344065397,0.2512224340924585,0.348908433116035,0.2541657623589767,-0.1435807219535443,-0.1180837075597658,-0.0356917540590004,-0.0791634964951878,0.0783181124039716,-0.0521023441450302
sample_916,False,ok,2.0,0.7901,0.00541,-0.1235,146.04436229205177,0.12680570230876695,0.3006012024048096,D:\BH\航空项目制\优化\yixingyouhua2(1)\yixingyouhua2\batch_run\polars\sample_916_polar.txt,D:\BH\航空项目制\优化\yixingyouhua2(1)\yixingyouhua2\batch_run\airfoils\sample_916.dat,0.0015574793,-3.86697e-05,0.1965050574828686,0.2578847130806113,0.3335557744474253,0.2011938062155954,0.3399125533699714,0.2377145613730237,-0.1307115813418292,-0.0833927455464462,-0.0257085194301637,-0.0428220975206704,0.0640980438840081,-0.0027142027477899
sample_917,False,ok,2.0,0.7086,0.00588,-0.1133,120.51020408163266,0.11401903499827022,0.3006012024048096,D:\BH\航空项目制\优化\yixingyouhua2(1)\yixingyouhua2\batch_run\polars\sample_917_polar.txt,D:\BH\航空项目制\优化\yixingyouhua2(1)\yixingyouhua2\batch_run\airfoils\sample_917.dat,0.0015574793,-3.86697e-05,0.1687523903610033,0.2592792930297615,0.2465687855304741,0.2207208090269045,0.357797240593003,0.2700809029396444,-0.1719150868223898,-0.0336382942588485,-0.0362422381121796,-0.0596479929667161,0.0719613027490767,-0.0968561724228914
sample_918,False,ok,2.0,0.8441,0.006,-0.125,140.68333333333334,0.1420822499005347,0.2725450901803607,D:\BH\航空项目制\优化\yixingyouhua2(1)\yixingyouhua2\batch_run\polars\sample_918_polar.txt,D:\BH\航空项目制\优化\yixingyouhua2(1)\yixingyouhua2\batch_run\airfoils\sample_918.dat,0.0015574793,-3.86697e-05,0.2653700164624391,0.2897912374939932,0.3559455574228808,0.2610364509496393,0.3278981817191481,0.3057771540188966,-0.1490370391129992,-0.100020097087355,-0.0049440698582106,-0.0172894447289877,0.0147530050463587,-0.026621717147488
sample_919,False,ok,2.0,0.7827,0.00595,-0.1331,131.54621848739495,0.12792286863620922,0.2925851703406813,D:\BH\航空项目制\优化\yixingyouhua2(1)\yixingyouhua2\batch_run\polars\sample_919_polar.txt,D:\BH\航空项目制\优化\yixingyouhua2(1)\yixingyouhua2\batch_run\airfoils\sample_919.dat,0.0015574793,-3.86697e-05,0.225869551212375,0.189493325832218,0.3259303801690666,0.2348597615503969,0.3440968774028395,0.2774327702491025,-0.1614649984212803,-0.1143127055407969,-0.0512736762128542,-0.011433158239003,0.0599890701149163,-0.0134705180435767
sample_920,False,ok,2.0,0.711,0.00572,-0.1032,124.30069930069929,0.1378380422021333,0.30861723446893785,D:\BH\航空项目制\优化\yixingyouhua2(1)\yixingyouhua2\batch_run\polars\sample_920_polar.txt,D:\BH\航空项目制\优化\yixingyouhua2(1)\yixingyouhua2\batch_run\airfoils\sample_920.dat,0.0015574793,-3.86697e-05,0.1962315563908521,0.26476044589701,0.3621361241297517,0.2363697582876114,0.2605879751173078,0.311354444584469,-0.1583361658203422,-0.1266318016208818,0.0370157393782256,-0.134130601873545,0.002742923217253,-0.0799457007569164
sample_921,False,ok,2.0,0.7903,0.00641,-0.1113,123.29173166926677,0.12930329744191874,0.2444889779559118,D:\BH\航空项目制\优化\yixingyouhua2(1)\yixingyouhua2\batch_run\polars\sample_921_polar.txt,D:\BH\航空项目制\优化\yixingyouhua2(1)\yixingyouhua2\batch_run\airfoils\sample_921.dat,0.0015574793,-3.86697e-05,0.2830307327799279,0.250513175417188,0.343471515366883,0.2278745008786348,0.345207930736418,0.2673906882356878,-0.1738515188148039,-0.0585583987359708,0.0287952945075109,-0.0637397391397076,0.0639659438452304,-0.0694171895226157
sample_922,False,ok,2.0,0.7451,0.00552,-0.1121,134.98188405797103,0.11978370994766896,0.2865731462925851,D:\BH\航空项目制\优化\yixingyouhua2(1)\yixingyouhua2\batch_run\polars\sample_922_polar.txt,D:\BH\航空项目制\优化\yixingyouhua2(1)\yixingyouhua2\batch_run\airfoils\sample_922.dat,0.0015574793,-3.86697e-05,0.1864054319235885,0.2686186665085951,0.2599613645922963,0.2043485085388025,0.2717488626791258,0.2818248918104511,-0.1014891354161893,-0.1108732477733601,-0.0020619280356211,-0.0787610917700075,0.03067755073798,0.0111900822513663
sample_923,False,ok,2.0,0.7909,0.00532,-0.111,148.6654135338346,0.1259470708967998,0.30861723446893785,D:\BH\航空项目制\优化\yixingyouhua2(1)\yixingyouhua2\batch_run\polars\sample_923_polar.txt,D:\BH\航空项目制\优化\yixingyouhua2(1)\yixingyouhua2\batch_run\airfoils\sample_923.dat,0.0015574793,-3.86697e-05,0.2360351100683884,0.2674983805837547,0.3253443261678932,0.2379151624299638,0.2735513348185679,0.3021802663237182,-0.1072115800296679,-0.051249675951139,-0.0258482225364814,-0.0631394606258697,0.0761146089953855,-0.0490462163613411
sample_924,False,ok,2.0,0.6707,0.00608,-0.0829,110.31249999999999,0.09326002011493977,0.30260521042084165,D:\BH\航空项目制\优化\yixingyouhua2(1)\yixingyouhua2\batch_run\polars\sample_924_polar.txt,D:\BH\航空项目制\优化\yixingyouhua2(1)\yixingyouhua2\batch_run\airfoils\sample_924.dat,0.0015574793,-3.86697e-05,0.2236538208885177,0.1887898930366894,0.2874424483164598,0.1856273075493256,0.2908639135130783,0.2347276093396467,-0.1092247924223462,-0.0110009246229567,0.0477803579776617,-0.0464709917490985,-0.0137392465307997,-0.0802700656639754
sample_925,False,ok,2.0,0.7304,0.00486,-0.0958,150.2880658436214,0.12943127550355824,0.35270541082164325,D:\BH\航空项目制\优化\yixingyouhua2(1)\yixingyouhua2\batch_run\polars\sample_925_polar.txt,D:\BH\航空项目制\优化\yixingyouhua2(1)\yixingyouhua2\batch_run\airfoils\sample_925.dat,0.0015574793,-3.86697e-05,0.2043458531258013,0.2726772229860243,0.3468676250115461,0.2510186659810902,0.2672021102937384,0.2568546341495517,-0.1080850904944103,-0.018896902022352,-0.0529038223411095,-0.0883027060106461,0.0611905908560713,-0.0875363860247694
sample_926,False,ok,2.0,0.7599,0.00551,-0.1159,137.91288566243193,0.1017290790664209,0.3006012024048096,D:\BH\航空项目制\优化\yixingyouhua2(1)\yixingyouhua2\batch_run\polars\sample_926_polar.txt,D:\BH\航空项目制\优化\yixingyouhua2(1)\yixingyouhua2\batch_run\airfoils\sample_926.dat,0.0015574793,-3.86697e-05,0.2011398820562592,0.2103201136390767,0.2725843769411921,0.1457728063756512,0.3058390274219825,0.3077454663111519,-0.0889973382504017,-0.0400118538370509,-0.028843142472416,-0.0339357946437394,0.0370774235739963,0.0104760401657098
sample_927,False,polar_parse_failed,,,,,,,,,,,,,,,,,,,,,,,
sample_928,False,ok,2.0,0.6379,0.00511,-0.0708,124.83365949119374,0.10080072982080304,0.3286573146292585,D:\BH\航空项目制\优化\yixingyouhua2(1)\yixingyouhua2\batch_run\polars\sample_928_polar.txt,D:\BH\航空项目制\优化\yixingyouhua2(1)\yixingyouhua2\batch_run\airfoils\sample_928.dat,0.0015574793,-3.86697e-05,0.2355382828574565,0.2139409785801692,0.2822314913816937,0.152566586959011,0.3638002085937803,0.211058632611521,-0.0776821991404145,-0.0344506762703965,0.0366982509893607,-0.0862489300576259,-0.0264835163490975,-0.0963328213029983
sample_929,False,ok,2.0,0.7633,0.00519,-0.0992,147.0712909441233,0.127088854203894,0.35270541082164325,D:\BH\航空项目制\优化\yixingyouhua2(1)\yixingyouhua2\batch_run\polars\sample_929_polar.txt,D:\BH\航空项目制\优化\yixingyouhua2(1)\yixingyouhua2\batch_run\airfoils\sample_929.dat,0.0015574793,-3.86697e-05,0.2713396539748554,0.2170097509440394,0.3366473470488397,0.2251977864087624,0.3084858837043557,0.2481084242018616,-0.0728701749325921,-0.0588684016328133,-0.0404316369919595,-0.1032969567104221,-0.0046731916706627,0.0073969180395998
sample_930,False,ok,2.0,0.8432,0.00592,-0.1208,142.43243243243242,0.10657851925708928,0.2945891783567134,D:\BH\航空项目制\优化\yixingyouhua2(1)\yixingyouhua2\batch_run\polars\sample_930_polar.txt,D:\BH\航空项目制\优化\yixingyouhua2(1)\yixingyouhua2\batch_run\airfoils\sample_930.dat,0.0015574793,-3.86697e-05,0.1995582046857336,0.2976284382400696,0.3147501218108516,0.1813465536220348,0.3179409206496142,0.2971220244056363,-0.0816653872523959,-0.0048759092010494,0.0453888318425167,-0.0318137209301052,0.0209748223532556,0.0107581069755529
sample_931,False,ok,2.0,0.7901,0.00551,-0.1284,143.39382940108894,0.11571205637928267,0.30861723446893785,D:\BH\航空项目制\优化\yixingyouhua2(1)\yixingyouhua2\batch_run\polars\sample_931_polar.txt,D:\BH\航空项目制\优化\yixingyouhua2(1)\yixingyouhua2\batch_run\airfoils\sample_931.dat,0.0015574793,-3.86697e-05,0.1699113283438082,0.2570659370066233,0.2981005292300369,0.1882985076876938,0.3503024844445534,0.2983494419022773,-0.1043554646461418,-0.0943894280152227,0.0399442673239671,-0.1102393919743669,0.0741979484822704,-0.0132869718814189
sample_932,False,polar_parse_failed,,,,,,,,,,,,,,,,,,,,,,,
sample_933,False,ok,2.0,0.7052,0.00604,-0.0942,116.75496688741723,0.1185169802329236,0.280561122244489,D:\BH\航空项目制\优化\yixingyouhua2(1)\yixingyouhua2\batch_run\polars\sample_933_polar.txt,D:\BH\航空项目制\优化\yixingyouhua2(1)\yixingyouhua2\batch_run\airfoils\sample_933.dat,0.0015574793,-3.86697e-05,0.2496552854759436,0.2265871738285567,0.286600725933073,0.2038490879936924,0.2898617562867516,0.3084231197776467,-0.1127100620957368,-0.0723963417579161,-0.0321565953278002,-0.0349957609085213,0.0103613706839183,-0.0773251652692856
sample_934,False,ok,2.0,0.7592,0.00488,-0.101,155.5737704918033,0.12772929032838964,0.344689378757515,D:\BH\航空项目制\优化\yixingyouhua2(1)\yixingyouhua2\batch_run\polars\sample_934_polar.txt,D:\BH\航空项目制\优化\yixingyouhua2(1)\yixingyouhua2\batch_run\airfoils\sample_934.dat,0.0015574793,-3.86697e-05,0.2571128917540817,0.2125665098863709,0.3592078470931647,0.2588307442045209,0.2861771387663228,0.2428366914414118,-0.098259266819699,-0.0521216371601699,-0.0570695802154481,-0.0132051926042134,-0.0426665549662333,-0.017788171817521
sample_935,False,ok,2.0,0.6391,0.00665,-0.0769,96.10526315789474,0.11055581712880057,0.2865731462925851,D:\BH\航空项目制\优化\yixingyouhua2(1)\yixingyouhua2\batch_run\polars\sample_935_polar.txt,D:\BH\航空项目制\优化\yixingyouhua2(1)\yixingyouhua2\batch_run\airfoils\sample_935.dat,0.0015574793,-3.86697e-05,0.2606839698454616,0.178510487942193,0.3240687938152266,0.1667321672347176,0.315333804885136,0.1969068613164548,-0.1626948719834657,-0.0108607784161219,-0.0303562183673553,-0.0566437541445912,0.0367188164542215,-0.1068055163064897
sample_936,False,ok,2.0,0.6964,0.00512,-0.0844,136.015625,0.11748837508520746,0.30861723446893785,D:\BH\航空项目制\优化\yixingyouhua2(1)\yixingyouhua2\batch_run\polars\sample_936_polar.txt,D:\BH\航空项目制\优化\yixingyouhua2(1)\yixingyouhua2\batch_run\airfoils\sample_936.dat,0.0015574793,-3.86697e-05,0.2166954734700828,0.2770920411032656,0.2912688844127211,0.1849575548438773,0.2448058483562652,0.2242789187078077,-0.1207601128717249,-0.0152483672630035,-0.0242710823628117,-0.1059891869410407,0.0098921545625727,-0.0091517025650549
sample_937,False,ok,2.0,0.7634,0.00548,-0.1065,139.3065693430657,0.13871697001625222,0.31462925851703405,D:\BH\航空项目制\优化\yixingyouhua2(1)\yixingyouhua2\batch_run\polars\sample_937_polar.txt,D:\BH\航空项目制\优化\yixingyouhua2(1)\yixingyouhua2\batch_run\airfoils\sample_937.dat,0.0015574793,-3.86697e-05,0.2182829535975118,0.2918100651914086,0.3446847066924317,0.2588746139781574,0.3435761790456875,0.2522281518627166,-0.1012121443429499,-0.1120047321224091,-0.0079013548143232,-0.0599979149397777,0.0156607926676821,-0.0790614704249691
sample_938,False,ok,2.0,0.653,0.00575,-0.0762,113.56521739130436,0.11478500838662285,0.2725450901803607,D:\BH\航空项目制\优化\yixingyouhua2(1)\yixingyouhua2\batch_run\polars\sample_938_polar.txt,D:\BH\航空项目制\优化\yixingyouhua2(1)\yixingyouhua2\batch_run\airfoils\sample_938.dat,0.0015574793,-3.86697e-05,0.2201231236323608,0.2478148271144319,0.2977550022999443,0.1437033761666604,0.2523325286304288,0.2496479471336071,-0.1130614407092025,-0.072887153721925,0.0217865321901683,-0.0960617720492965,-0.0369435893960958,-0.0394899403783165
sample_939,False,ok,2.0,0.6658,0.00592,-0.0985,112.46621621621621,0.12755458369862357,0.30260521042084165,D:\BH\航空项目制\优化\yixingyouhua2(1)\yixingyouhua2\batch_run\polars\sample_939_polar.txt,D:\BH\航空项目制\优化\yixingyouhua2(1)\yixingyouhua2\batch_run\airfoils\sample_939.dat,0.0015574793,-3.86697e-05,0.1901011271455355,0.2485176422407704,0.3056199354249114,0.1701558821516938,0.3100256248371252,0.2976309740622414,-0.1812751463799843,-0.0741443694252171,-0.0291580316842402,-0.1298562844130782,-0.0034977988386074,-0.0636381514326357
sample_940,False,ok,2.0,0.6938,0.00589,-0.1001,117.79286926994905,0.12067488224706269,0.3006012024048096,D:\BH\航空项目制\优化\yixingyouhua2(1)\yixingyouhua2\batch_run\polars\sample_940_polar.txt,D:\BH\航空项目制\优化\yixingyouhua2(1)\yixingyouhua2\batch_run\airfoils\sample_940.dat,0.0015574793,-3.86697e-05,0.1629900321115586,0.2801655490147582,0.3043345429565414,0.1445848529972303,0.3585244847254379,0.3170161098815117,-0.0872001084302881,-0.1278834379518737,0.0451090216958441,-0.0987420771036451,-0.0418778057239634,-0.0652521172320683
sample_941,False,ok,2.0,0.7559,0.00592,-0.1201,127.68581081081082,0.12342040988858,0.25250501002004005,D:\BH\航空项目制\优化\yixingyouhua2(1)\yixingyouhua2\batch_run\polars\sample_941_polar.txt,D:\BH\航空项目制\优化\yixingyouhua2(1)\yixingyouhua2\batch_run\airfoils\sample_941.dat,0.0015574793,-3.86697e-05,0.1810997203460665,0.2902692570361163,0.2690453826869449,0.2221725513620242,0.3454461088122521,0.2139624282016216,-0.1729046763346954,-0.0836469100148215,0.0025297182923943,-0.024304249134838,0.074305152764914,-0.0312835414396072
sample_942,False,ok,2.0,0.6924,0.00598,-0.1039,115.78595317725753,0.11692381930838373,0.2725450901803607,D:\BH\航空项目制\优化\yixingyouhua2(1)\yixingyouhua2\batch_run\polars\sample_942_polar.txt,D:\BH\航空项目制\优化\yixingyouhua2(1)\yixingyouhua2\batch_run\airfoils\sample_942.dat,0.0015574793,-3.86697e-05,0.1623734956064618,0.2795271573312957,0.2660997817882992,0.1354388984505027,0.3423376756137473,0.2887911712444742,-0.1205383642524069,-0.1141284984965894,0.0392706579801359,-0.1181433612850897,0.0265410457152533,-0.0484857972583997
sample_943,False,ok,2.0,0.7976,0.00611,-0.1216,130.54009819967266,0.14868761098796654,0.26452905811623245,D:\BH\航空项目制\优化\yixingyouhua2(1)\yixingyouhua2\batch_run\polars\sample_943_polar.txt,D:\BH\航空项目制\优化\yixingyouhua2(1)\yixingyouhua2\batch_run\airfoils\sample_943.dat,0.0015574793,-3.86697e-05,0.2726471423348052,0.2659182415056564,0.3371863513754211,0.2328500286176524,0.2953399426016438,0.2886740585362112,-0.1850763468119073,-0.1221836436201202,-0.0535546028744312,-0.0699730107049534,0.0844217574893495,-0.0085648318403907
sample_944,False,ok,2.0,0.628,0.00545,-0.0818,115.22935779816514,0.10500199336146318,0.3006012024048096,D:\BH\航空项目制\优化\yixingyouhua2(1)\yixingyouhua2\batch_run\polars\sample_944_polar.txt,D:\BH\航空项目制\优化\yixingyouhua2(1)\yixingyouhua2\batch_run\airfoils\sample_944.dat,0.0015574793,-3.86697e-05,0.1818574485716289,0.2221137453470469,0.2621821838288857,0.1750110969555694,0.3350037582821658,0.1957580785201494,-0.1113323819160761,-0.0575540259759148,-0.0130456071293038,-0.0279539696831467,-0.0217091358300034,-0.0899293967224843
sample_945,False,ok,2.0,0.7129,0.00616,-0.0951,115.73051948051949,0.120062196090656,0.2605210420841683,D:\BH\航空项目制\优化\yixingyouhua2(1)\yixingyouhua2\batch_run\polars\sample_945_polar.txt,D:\BH\航空项目制\优化\yixingyouhua2(1)\yixingyouhua2\batch_run\airfoils\sample_945.dat,0.0015574793,-3.86697e-05,0.2329490718516192,0.2586916051544902,0.3315228681091096,0.148603002607844,0.3512917479747826,0.2526044672500099,-0.1567972315721491,-0.0482092487343666,0.0374728162924283,-0.1158458778169487,0.0823935075261252,-0.1071910865330842
sample_946,False,ok,2.0,0.6555,0.00441,-0.0861,148.63945578231292,0.11454385801438406,0.38276553106212424,D:\BH\航空项目制\优化\yixingyouhua2(1)\yixingyouhua2\batch_run\polars\sample_946_polar.txt,D:\BH\航空项目制\优化\yixingyouhua2(1)\yixingyouhua2\batch_run\airfoils\sample_946.dat,0.0015574793,-3.86697e-05,0.1793212268415293,0.2208859254908473,0.2963605917011767,0.2077756051753502,0.2444071691546675,0.2226090003826207,-0.1225318187619196,-0.0210844715080312,-0.0249428580469537,-0.131748243076845,-0.0428871403579412,-0.0006951561531069
sample_947,False,ok,2.0,0.6821,0.00596,-0.0925,114.44630872483222,0.11702151378002801,0.30861723446893785,D:\BH\航空项目制\优化\yixingyouhua2(1)\yixingyouhua2\batch_run\polars\sample_947_polar.txt,D:\BH\航空项目制\优化\yixingyouhua2(1)\yixingyouhua2\batch_run\airfoils\sample_947.dat,0.0015574793,-3.86697e-05,0.2398641688210325,0.1777289200455158,0.2971287777075303,0.1996322488388673,0.2871492545298365,0.2074937999208266,-0.0788920586550437,-0.1201487994975084,-0.0197775173020385,-0.0927909967201092,0.0801076803714335,-0.034052094018871
sample_948,False,ok,2.0,0.7436,0.00544,-0.1098,136.69117647058823,0.1400058904540804,0.30861723446893785,D:\BH\航空项目制\优化\yixingyouhua2(1)\yixingyouhua2\batch_run\polars\sample_948_polar.txt,D:\BH\航空项目制\优化\yixingyouhua2(1)\yixingyouhua2\batch_run\airfoils\sample_948.dat,0.0015574793,-3.86697e-05,0.1836532838928837,0.3001216094919605,0.3641473163640478,0.1511298368581935,0.2728394818816801,0.2884499812821323,-0.1649494834232292,-0.0621971308274292,-0.0596704925598013,-0.1301009804493587,0.0601587400506768,-0.0062979052278261
sample_949,False,ok,2.0,0.7197,0.00597,-0.1018,120.55276381909549,0.11457984598489465,0.24048096192384769,D:\BH\航空项目制\优化\yixingyouhua2(1)\yixingyouhua2\batch_run\polars\sample_949_polar.txt,D:\BH\航空项目制\优化\yixingyouhua2(1)\yixingyouhua2\batch_run\airfoils\sample_949.dat,0.0015574793,-3.86697e-05,0.2327698297966776,0.2130755639471614,0.3379371215971533,0.177347652120828,0.2536846542741123,0.2883304226546633,-0.1790144586863644,-0.0448724126551476,0.0281917576161751,-0.0480529207196433,0.0602386887554685,-0.07664009584248
sample_950,False,ok,2.0,0.6763,0.00542,-0.0925,124.77859778597785,0.12818098899516986,0.3006012024048096,D:\BH\航空项目制\优化\yixingyouhua2(1)\yixingyouhua2\batch_run\polars\sample_950_polar.txt,D:\BH\航空项目制\优化\yixingyouhua2(1)\yixingyouhua2\batch_run\airfoils\sample_950.dat,0.0015574793,-3.86697e-05,0.1994664188312804,0.2884763123794304,0.2598729979070666,0.1739531882109284,0.3257866573793723,0.2006900147549967,-0.144036851447191,-0.0538984247560404,-0.0790586621820646,-0.1245331906766487,0.0660446252440141,-0.0286503170328282
sample_951,False,ok,2.0,0.8382,0.00556,-0.1271,150.75539568345323,0.1181825858802165,0.3226452905811623,D:\BH\航空项目制\优化\yixingyouhua2(1)\yixingyouhua2\batch_run\polars\sample_951_polar.txt,D:\BH\航空项目制\优化\yixingyouhua2(1)\yixingyouhua2\batch_run\airfoils\sample_951.dat,0.0015574793,-3.86697e-05,0.2427461658569667,0.2132253274467184,0.3628478766518027,0.1933042676771231,0.3555209712981788,0.3020043662484731,-0.0824865978233779,-0.0847251204028246,0.0432562267518071,-0.0789007296966235,0.0310307225674945,0.0085212141204794
sample_952,False,ok,2.0,0.7629,0.0051,-0.1184,149.58823529411765,0.13218526410579243,0.344689378757515,D:\BH\航空项目制\优化\yixingyouhua2(1)\yixingyouhua2\batch_run\polars\sample_952_polar.txt,D:\BH\航空项目制\优化\yixingyouhua2(1)\yixingyouhua2\batch_run\airfoils\sample_952.dat,0.0015574793,-3.86697e-05,0.1833766345935754,0.2698201631915298,0.3048001111098747,0.2313876111889488,0.3049809205261117,0.310922984935703,-0.1074586960078322,-0.0708211554985938,-0.0717685441552024,-0.1113935910415435,0.0696410849455313,-0.0323893342117275
sample_953,False,ok,2.0,0.6355,0.00603,-0.0814,105.38971807628523,0.13140410655742213,0.25851703406813625,D:\BH\航空项目制\优化\yixingyouhua2(1)\yixingyouhua2\batch_run\polars\sample_953_polar.txt,D:\BH\航空项目制\优化\yixingyouhua2(1)\yixingyouhua2\batch_run\airfoils\sample_953.dat,0.0015574793,-3.86697e-05,0.2087476440567237,0.2793415786315566,0.2909431819292332,0.1435588004041368,0.2806877871206429,0.23653027134917,-0.1685861481425392,-0.1106092174614577,-0.0001818180452931,-0.1274045753480216,-0.0310537476895935,-0.0320790235211548
sample_954,False,ok,2.0,0.7542,0.00596,-0.1038,126.54362416107382,0.11940699216127859,0.2725450901803607,D:\BH\航空项目制\优化\yixingyouhua2(1)\yixingyouhua2\batch_run\polars\sample_954_polar.txt,D:\BH\航空项目制\优化\yixingyouhua2(1)\yixingyouhua2\batch_run\airfoils\sample_954.dat,0.0015574793,-3.86697e-05,0.2389718087555636,0.2468809631894316,0.3387034098872514,0.1971456286846295,0.2774597054542924,0.2267033723373108,-0.1803845652823605,-0.0195238949362285,0.0266363134978471,-0.0989066630794706,0.034182511339386,0.0001855896748173
sample_955,False,ok,2.0,0.6146,0.00544,-0.0868,112.97794117647058,0.10648207475614935,0.30861723446893785,D:\BH\航空项目制\优化\yixingyouhua2(1)\yixingyouhua2\batch_run\polars\sample_955_polar.txt,D:\BH\航空项目制\优化\yixingyouhua2(1)\yixingyouhua2\batch_run\airfoils\sample_955.dat,0.0015574793,-3.86697e-05,0.1593811898835895,0.1919945536732531,0.291809616485402,0.1589160005102783,0.2800557147267755,0.2659794471289429,-0.1183729926329134,-0.1079213562016039,0.0361746831776778,-0.0928423883912676,-0.022853666192207,-0.0870660224137474
sample_956,False,ok,2.0,0.6492,0.00579,-0.0913,112.12435233160622,0.11364258404086877,0.30861723446893785,D:\BH\航空项目制\优化\yixingyouhua2(1)\yixingyouhua2\batch_run\polars\sample_956_polar.txt,D:\BH\航空项目制\优化\yixingyouhua2(1)\yixingyouhua2\batch_run\airfoils\sample_956.dat,0.0015574793,-3.86697e-05,0.1977916323456987,0.2168782167423129,0.2640922921290725,0.2224141221789907,0.263371826398626,0.2249301267023963,-0.1761521555169193,-0.0309905389416244,-0.0544433703147831,-0.0522567185592064,-0.0079037400050287,-0.0465351488947595
sample_957,False,ok,2.0,0.6414,0.00549,-0.1043,116.83060109289617,0.1318458749777262,0.35270541082164325,D:\BH\航空项目制\优化\yixingyouhua2(1)\yixingyouhua2\batch_run\polars\sample_957_polar.txt,D:\BH\航空项目制\优化\yixingyouhua2(1)\yixingyouhua2\batch_run\airfoils\sample_957.dat,0.0015574793,-3.86697e-05,0.1625576330408959,0.1826745487053951,0.370137523733852,0.1617704506578498,0.3579009643935478,0.2677328177091344,-0.1759238638069321,-0.1223794597334784,-0.0266933893646568,-0.1289451921354408,-0.0297199007513679,-0.0727394736639823
sample_958,False,ok,2.0,0.7479,0.00632,-0.098,118.3386075949367,0.10607613725350074,0.24649298597194386,D:\BH\航空项目制\优化\yixingyouhua2(1)\yixingyouhua2\batch_run\polars\sample_958_polar.txt,D:\BH\航空项目制\优化\yixingyouhua2(1)\yixingyouhua2\batch_run\airfoils\sample_958.dat,0.0015574793,-3.86697e-05,0.2420967343777245,0.2487632947114185,0.2655394540410039,0.1917704466658257,0.2825806698960343,0.245036593613306,-0.1172770445316631,-0.0308751610154311,0.0471982315628522,-0.0823658613619655,0.0074106111384852,0.0093629501559003
sample_959,False,ok,2.0,0.7205,0.00533,-0.1051,135.1782363977486,0.12285446357399148,0.3246492985971944,D:\BH\航空项目制\优化\yixingyouhua2(1)\yixingyouhua2\batch_run\polars\sample_959_polar.txt,D:\BH\航空项目制\优化\yixingyouhua2(1)\yixingyouhua2\batch_run\airfoils\sample_959.dat,0.0015574793,-3.86697e-05,0.2168996216552895,0.2057360013719473,0.3369893038717199,0.1868717637146903,0.3101159130090958,0.2330953725211456,-0.1423554438366814,-0.0623859655717202,-0.0440494143070552,-0.06617058851998,-0.0350380306139799,0.0176274541869962
sample_960,False,ok,2.0,0.7048,0.00519,-0.0928,135.79961464354528,0.11832885290591569,0.3306613226452906,D:\BH\航空项目制\优化\yixingyouhua2(1)\yixingyouhua2\batch_run\polars\sample_960_polar.txt,D:\BH\航空项目制\优化\yixingyouhua2(1)\yixingyouhua2\batch_run\airfoils\sample_960.dat,0.0015574793,-3.86697e-05,0.2210731527622857,0.2541551183296275,0.2636053509354782,0.2497394467786683,0.2911302326119754,0.2110297729186678,-0.1223177021640574,-0.039050122970983,-0.0275047852041487,-0.0777950938787526,-0.0410824382789853,-0.0017482733505091
sample_961,False,ok,2.0,0.6923,0.00682,-0.0845,101.51026392961877,0.10157474136226445,0.21843687374749496,D:\BH\航空项目制\优化\yixingyouhua2(1)\yixingyouhua2\batch_run\polars\sample_961_polar.txt,D:\BH\航空项目制\优化\yixingyouhua2(1)\yixingyouhua2\batch_run\airfoils\sample_961.dat,0.0015574793,-3.86697e-05,0.2670459241629684,0.2083302000996943,0.261994250300254,0.1642845404143021,0.2721230114182354,0.2668718089123545,-0.1279345946782123,-0.0062355562934104,-0.0019194749457854,-0.0259833066130305,0.0363674418639864,-0.0691298695422748
sample_962,False,ok,2.0,0.7433,0.00725,-0.0968,102.52413793103447,0.09930723827808592,0.3987975951903807,D:\BH\航空项目制\优化\yixingyouhua2(1)\yixingyouhua2\batch_run\polars\sample_962_polar.txt,D:\BH\航空项目制\优化\yixingyouhua2(1)\yixingyouhua2\batch_run\airfoils\sample_962.dat,0.0015574793,-3.86697e-05,0.2772158469811087,0.1753385983170142,0.2888397143511603,0.1867116068446054,0.313237647495202,0.2963928758149536,-0.0855298094285809,-0.0175961494287275,0.049034354255024,-0.1165887359038004,-0.0265395756739735,0.0087143704683647
sample_963,False,ok,2.0,0.6818,0.00585,-0.1103,116.54700854700853,0.10844903782774638,0.2665330661322645,D:\BH\航空项目制\优化\yixingyouhua2(1)\yixingyouhua2\batch_run\polars\sample_963_polar.txt,D:\BH\航空项目制\优化\yixingyouhua2(1)\yixingyouhua2\batch_run\airfoils\sample_963.dat,0.0015574793,-3.86697e-05,0.1758761909861734,0.190421325567212,0.2557777953549702,0.189475808586552,0.3474902582481455,0.203877198932018,-0.1399862707585402,-0.1168340539516542,-0.0030292850982269,-0.0118141036371109,0.0030765342707499,-0.0161229264209898
sample_964,False,ok,2.0,0.663,0.00714,-0.0961,92.85714285714286,0.11974336515760017,0.2945891783567134,D:\BH\航空项目制\优化\yixingyouhua2(1)\yixingyouhua2\batch_run\polars\sample_964_polar.txt,D:\BH\航空项目制\优化\yixingyouhua2(1)\yixingyouhua2\batch_run\airfoils\sample_964.dat,0.0015574793,-3.86697e-05,0.2531099829440018,0.1745383373279465,0.2542931605252987,0.2471745072193115,0.2473406448443082,0.2843133012848769,-0.1569996174530688,-0.1040359287278546,-0.0187659538368435,-0.1326552106740856,0.0166179888698176,-0.0154557837504533
sample_965,False,ok,2.0,0.6874,0.00484,-0.0738,142.02479338842977,0.1354327111951559,0.3306613226452906,D:\BH\航空项目制\优化\yixingyouhua2(1)\yixingyouhua2\batch_run\polars\sample_965_polar.txt,D:\BH\航空项目制\优化\yixingyouhua2(1)\yixingyouhua2\batch_run\airfoils\sample_965.dat,0.0015574793,-3.86697e-05,0.2406093559657968,0.289836889535951,0.35932337839458,0.191933144326389,0.2561395944726869,0.2642622672798102,-0.0920312144088939,-0.0381587372464943,-0.0583882871073406,-0.1007434237231856,-0.0259534066369433,-0.0698670225918055
sample_966,False,ok,2.0,0.6746,0.00622,-0.0929,108.45659163987138,0.1276011846998297,0.2945891783567134,D:\BH\航空项目制\优化\yixingyouhua2(1)\yixingyouhua2\batch_run\polars\sample_966_polar.txt,D:\BH\航空项目制\优化\yixingyouhua2(1)\yixingyouhua2\batch_run\airfoils\sample_966.dat,0.0015574793,-3.86697e-05,0.2621847829087755,0.20870212114047,0.283446643246363,0.1823660614677187,0.3034991917244871,0.2906028452625308,-0.1500086409695332,-0.0784716561511473,-0.0802090898081208,-0.0965825711128063,-0.0110257993183019,-0.0244260770757381
sample_967,False,polar_parse_failed,,,,,,,,,,,,,,,,,,,,,,,
sample_968,False,ok,2.0,0.7742,0.00592,-0.1042,130.77702702702703,0.1272810588197476,0.2725450901803607,D:\BH\航空项目制\优化\yixingyouhua2(1)\yixingyouhua2\batch_run\polars\sample_968_polar.txt,D:\BH\航空项目制\优化\yixingyouhua2(1)\yixingyouhua2\batch_run\airfoils\sample_968.dat,0.0015574793,-3.86697e-05,0.2504245185850495,0.2711595310103918,0.3562202015405004,0.2575918288130795,0.25269292092903,0.3101001123228764,-0.1684082173366197,-0.0269314804168269,0.0041939959447553,-0.0096184945183076,0.0017631892518004,-0.0886381155282019
sample_969,False,ok,2.0,0.6996,0.00583,-0.0917,120.0,0.13767088872552946,0.26452905811623245,D:\BH\航空项目制\优化\yixingyouhua2(1)\yixingyouhua2\batch_run\polars\sample_969_polar.txt,D:\BH\航空项目制\优化\yixingyouhua2(1)\yixingyouhua2\batch_run\airfoils\sample_969.dat,0.0015574793,-3.86697e-05,0.2485051282778697,0.2661289269091261,0.3357973499656895,0.1759651689503749,0.2496860183752521,0.2764438284279055,-0.1620309722825578,-0.0983579142424743,-0.0407505889095931,-0.0719772114544946,0.0640460408754656,-0.0754503626257255
sample_970,False,ok,2.0,0.6555,0.00547,-0.0802,119.83546617915904,0.1303849573742658,0.280561122244489,D:\BH\航空项目制\优化\yixingyouhua2(1)\yixingyouhua2\batch_run\polars\sample_970_polar.txt,D:\BH\航空项目制\优化\yixingyouhua2(1)\yixingyouhua2\batch_run\airfoils\sample_970.dat,0.0015574793,-3.86697e-05,0.2052599238794638,0.2625301374314043,0.3427834504431413,0.1832213507813813,0.2562344145547247,0.1975081770235173,-0.1160102313992259,-0.1262504572265149,0.0017203148810795,-0.0510392922318092,-0.0017948702441657,-0.0640097045820302
sample_971,False,ok,2.0,0.7194,0.00522,-0.0951,137.816091954023,0.11635191274805967,0.3306613226452906,D:\BH\航空项目制\优化\yixingyouhua2(1)\yixingyouhua2\batch_run\polars\sample_971_polar.txt,D:\BH\航空项目制\优化\yixingyouhua2(1)\yixingyouhua2\batch_run\airfoils\sample_971.dat,0.0015574793,-3.86697e-05,0.216751256218396,0.2682149990251014,0.2687070864132012,0.1946531371279471,0.3531830630938077,0.2500247115385614,-0.070171878543219,-0.058116482310683,-0.0112420336598864,-0.1032233872737928,0.0319609391262487,-0.0538312709826855
sample_972,False,ok,2.0,0.6882,0.00552,-0.078,124.67391304347828,0.1205341583429891,0.30861723446893785,D:\BH\航空项目制\优化\yixingyouhua2(1)\yixingyouhua2\batch_run\polars\sample_972_polar.txt,D:\BH\航空项目制\优化\yixingyouhua2(1)\yixingyouhua2\batch_run\airfoils\sample_972.dat,0.0015574793,-3.86697e-05,0.269978887685377,0.2328995036124128,0.2910837261354721,0.2372072807085271,0.2395852126205581,0.2233770015744683,-0.0917139837919103,-0.0352056666848682,-0.0694329037519259,-0.0580339351242353,0.0785980561729251,-0.0827658395096842
sample_973,False,ok,2.0,0.7162,0.00496,-0.0921,144.39516129032256,0.1165472875825726,0.30861723446893785,D:\BH\航空项目制\优化\yixingyouhua2(1)\yixingyouhua2\batch_run\polars\sample_973_polar.txt,D:\BH\航空项目制\优化\yixingyouhua2(1)\yixingyouhua2\batch_run\airfoils\sample_973.dat,0.0015574793,-3.86697e-05,0.2222118319496929,0.2395648279907026,0.3391413486489599,0.1461821867363942,0.3196546677470531,0.2304824115004679,-0.0970262873560965,-0.035434811833437,-0.0319671447152034,-0.0481850841810359,0.0040903841226487,-0.0356042582828351
sample_974,False,ok,2.0,0.7731,0.00615,-0.1064,125.70731707317073,0.12730633509716535,0.2665330661322645,D:\BH\航空项目制\优化\yixingyouhua2(1)\yixingyouhua2\batch_run\polars\sample_974_polar.txt,D:\BH\航空项目制\优化\yixingyouhua2(1)\yixingyouhua2\batch_run\airfoils\sample_974.dat,0.0015574793,-3.86697e-05,0.2594286454058191,0.2762863624761249,0.2878515859948762,0.2430343228370668,0.3590925062833134,0.2030279454021025,-0.1280899019671432,-0.0686562457750256,-0.0224658209354441,-0.0211507169194963,0.0595402586903838,-0.0451421820995527
sample_975,False,ok,2.0,0.6922,0.00541,-0.1008,127.9482439926063,0.12820278278809819,0.3226452905811623,D:\BH\航空项目制\优化\yixingyouhua2(1)\yixingyouhua2\batch_run\polars\sample_975_polar.txt,D:\BH\航空项目制\优化\yixingyouhua2(1)\yixingyouhua2\batch_run\airfoils\sample_975.dat,0.0015574793,-3.86697e-05,0.2192760124043516,0.2094914314241684,0.3150046288676347,0.2606812222376953,0.2922035498254136,0.2838176424106289,-0.1351479456132917,-0.1092928292560958,-0.0353694406043954,-0.0452170994044294,-0.0152202049391716,-0.0903426837814357
sample_976,False,ok,2.0,0.7183,0.00553,-0.09,129.89150090415913,0.11709759971721499,0.2745490981963928,D:\BH\航空项目制\优化\yixingyouhua2(1)\yixingyouhua2\batch_run\polars\sample_976_polar.txt,D:\BH\航空项目制\优化\yixingyouhua2(1)\yixingyouhua2\batch_run\airfoils\sample_976.dat,0.0015574793,-3.86697e-05,0.2166072177983511,0.2760405721017511,0.3186443222930932,0.1591289534996705,0.2951572990500329,0.1993901144779154,-0.1105531217000464,-0.0349531029243527,-0.02312608643935,-0.0185342514470565,0.0603709523529887,-0.0539636073369505
sample_977,False,ok,2.0,0.7168,0.00565,-0.1078,126.86725663716815,0.12241000108659197,0.3006012024048096,D:\BH\航空项目制\优化\yixingyouhua2(1)\yixingyouhua2\batch_run\polars\sample_977_polar.txt,D:\BH\航空项目制\优化\yixingyouhua2(1)\yixingyouhua2\batch_run\airfoils\sample_977.dat,0.0015574793,-3.86697e-05,0.2184527405605546,0.1871578457920172,0.3506558305706806,0.2052038544753921,0.2570940468846253,0.2936581326859457,-0.1564047305180038,-0.1031514065957591,0.0092324708609348,-0.0689652563309941,-0.0267271799295688,-0.0168055612761491
sample_978,False,ok,2.0,0.7742,0.00627,-0.1166,123.47687400318978,0.12051260308083511,0.23246492985971942,D:\BH\航空项目制\优化\yixingyouhua2(1)\yixingyouhua2\batch_run\polars\sample_978_polar.txt,D:\BH\航空项目制\优化\yixingyouhua2(1)\yixingyouhua2\batch_run\airfoils\sample_978.dat,0.0015574793,-3.86697e-05,0.2435902673852173,0.2500171142735737,0.3010295497686359,0.2508058856049149,0.3385268647652304,0.3001180859463574,-0.1783557142522205,-0.0595921974102507,0.0438237614484957,-0.0284546805016502,0.0176250139261182,-0.0757909526399479
sample_979,False,ok,2.0,0.7688,0.00647,-0.1132,118.82534775888718,0.1290543903604307,0.23246492985971942,D:\BH\航空项目制\优化\yixingyouhua2(1)\yixingyouhua2\batch_run\polars\sample_979_polar.txt,D:\BH\航空项目制\优化\yixingyouhua2(1)\yixingyouhua2\batch_run\airfoils\sample_979.dat,0.0015574793,-3.86697e-05,0.2741163714544009,0.2160648637677627,0.3448908831319982,0.1662174102640841,0.3276173366309457,0.2406436484752759,-0.1820074263469913,-0.1027446827422392,0.0449982008514104,-0.1216026879565693,0.0688924592824783,0.0120678709676821
sample_980,False,ok,2.0,0.6831,0.0058,-0.097,117.77586206896554,0.1453507521610287,0.2745490981963928,D:\BH\航空项目制\优化\yixingyouhua2(1)\yixingyouhua2\batch_run\polars\sample_980_polar.txt,D:\BH\航空项目制\优化\yixingyouhua2(1)\yixingyouhua2\batch_run\airfoils\sample_980.dat,0.0015574793,-3.86697e-05,0.2161808033550286,0.2747424896546512,0.3630476759858258,0.1667026481010727,0.3507536649009735,0.2161912718015151,-0.1793793191414111,-0.1213243348854976,-0.0593958138474231,-0.0413878058647303,0.0372581935334495,-0.0948292695247712
sample_981,False,ok,2.0,0.6027,0.00492,-0.0722,122.5,0.11397416089249066,0.3226452905811623,D:\BH\航空项目制\优化\yixingyouhua2(1)\yixingyouhua2\batch_run\polars\sample_981_polar.txt,D:\BH\航空项目制\优化\yixingyouhua2(1)\yixingyouhua2\batch_run\airfoils\sample_981.dat,0.0015574793,-3.86697e-05,0.1759571204001993,0.1945139046297329,0.3506361926605629,0.144253052344664,0.2790531475054953,0.1965611847408552,-0.0734658359513656,-0.1034782398358482,-0.0171070215057982,-0.0335770781728209,-0.0127551729093402,-0.1038361541787459
sample_982,False,ok,2.0,0.7209,0.00566,-0.1021,127.36749116607773,0.1119310374781812,0.2865731462925851,D:\BH\航空项目制\优化\yixingyouhua2(1)\yixingyouhua2\batch_run\polars\sample_982_polar.txt,D:\BH\航空项目制\优化\yixingyouhua2(1)\yixingyouhua2\batch_run\airfoils\sample_982.dat,0.0015574793,-3.86697e-05,0.2104580650744545,0.2249187167309604,0.3114492422151716,0.1693970248121761,0.2982007438422624,0.307643825625631,-0.1055127007759301,-0.0656217223568401,-0.010176540995085,-0.018177045638545,0.0274407628460971,-0.0783728338343644
sample_983,False,ok,2.0,0.7456,0.00552,-0.119,135.07246376811597,0.12710814502068424,0.2945891783567134,D:\BH\航空项目制\优化\yixingyouhua2(1)\yixingyouhua2\batch_run\polars\sample_983_polar.txt,D:\BH\航空项目制\优化\yixingyouhua2(1)\yixingyouhua2\batch_run\airfoils\sample_983.dat,0.0015574793,-3.86697e-05,0.1721256463346544,0.2426542579105439,0.3602074356683045,0.186011293045226,0.2960538980233498,0.2547907783332016,-0.1744434278231713,-0.072700386262253,-0.0408225252100617,-0.0086996887995476,0.0062861782532178,-0.0092161014620823
sample_984,False,ok,2.0,0.6859,0.00702,-0.0955,97.7065527065527,0.13122405939546944,0.25250501002004005,D:\BH\航空项目制\优化\yixingyouhua2(1)\yixingyouhua2\batch_run\polars\sample_984_polar.txt,D:\BH\航空项目制\优化\yixingyouhua2(1)\yixingyouhua2\batch_run\airfoils\sample_984.dat,0.0015574793,-3.86697e-05,0.2822919211106927,0.2122921316408077,0.2845877619130617,0.173534103421157,0.3644346815419208,0.2713249552705393,-0.1485289251476394,-0.1267903179148332,-0.0383110880860907,-0.0706228133300525,-0.0192754300443749,-0.0347638265714885
sample_985,False,ok,2.0,0.7259,0.005,-0.1022,145.18,0.11514760472284577,0.35270541082164325,D:\BH\航空项目制\优化\yixingyouhua2(1)\yixingyouhua2\batch_run\polars\sample_985_polar.txt,D:\BH\航空项目制\优化\yixingyouhua2(1)\yixingyouhua2\batch_run\airfoils\sample_985.dat,0.0015574793,-3.86697e-05,0.1883705258871379,0.2738685870398001,0.2527119604383844,0.259752138047648,0.3053133326411567,0.312527277140064,-0.0771834936457574,-0.0365689541323916,-0.0314617884959817,-0.0751783362840534,0.0649267589148746,-0.1081648541269684
sample_986,False,ok,2.0,0.7268,0.00496,-0.1048,146.53225806451613,0.13292257091388057,0.34669338677354705,D:\BH\航空项目制\优化\yixingyouhua2(1)\yixingyouhua2\batch_run\polars\sample_986_polar.txt,D:\BH\航空项目制\优化\yixingyouhua2(1)\yixingyouhua2\batch_run\airfoils\sample_986.dat,0.0015574793,-3.86697e-05,0.1865861122335589,0.2734801183292336,0.2857475453108299,0.2216024838542298,0.3171205997495091,0.2474156724563406,-0.0796087607731797,-0.0939819243293355,-0.0721606969791002,-0.113125560337068,-0.0167201470285456,0.0154428588317943
sample_987,False,ok,2.0,0.6356,0.00632,-0.0688,100.56962025316456,0.1110033047219637,0.30861723446893785,D:\BH\航空项目制\优化\yixingyouhua2(1)\yixingyouhua2\batch_run\polars\sample_987_polar.txt,D:\BH\航空项目制\优化\yixingyouhua2(1)\yixingyouhua2\batch_run\airfoils\sample_987.dat,0.0015574793,-3.86697e-05,0.2821107163683474,0.2070833917029725,0.2456657285755776,0.2318979369212688,0.2469353672000837,0.2367004338456182,-0.1174963869633973,-0.0189142115916991,-0.0380718278932213,-0.1202120868224256,0.0822091164940256,-0.10609191037483
sample_988,False,ok,2.0,0.6467,0.0056,-0.0874,115.48214285714286,0.11982047148420882,0.280561122244489,D:\BH\航空项目制\优化\yixingyouhua2(1)\yixingyouhua2\batch_run\polars\sample_988_polar.txt,D:\BH\航空项目制\优化\yixingyouhua2(1)\yixingyouhua2\batch_run\airfoils\sample_988.dat,0.0015574793,-3.86697e-05,0.200828416406979,0.2322131748467002,0.2767355308777937,0.1721280943944622,0.3230589578594458,0.206355394610845,-0.1164122928106115,-0.1160879682294325,-0.0258911969571914,-0.0389217827210552,-0.0338032142267906,-0.0444532618750268
sample_989,False,ok,2.0,0.7495,0.00575,-0.1209,130.34782608695653,0.11935145347343516,0.30861723446893785,D:\BH\航空项目制\优化\yixingyouhua2(1)\yixingyouhua2\batch_run\polars\sample_989_polar.txt,D:\BH\航空项目制\优化\yixingyouhua2(1)\yixingyouhua2\batch_run\airfoils\sample_989.dat,0.0015574793,-3.86697e-05,0.1876750087399076,0.2435609990423788,0.2705087158196544,0.2449264489472356,0.2866783857568945,0.2772541705718033,-0.1807805976524498,-0.0644826356658904,0.0141489487593483,-0.1331880212372007,0.029107045723691,0.0128797924933316
sample_990,False,ok,2.0,0.7108,0.00692,-0.0979,102.71676300578035,0.10409713794728435,0.2785571142284569,D:\BH\航空项目制\优化\yixingyouhua2(1)\yixingyouhua2\batch_run\polars\sample_990_polar.txt,D:\BH\航空项目制\优化\yixingyouhua2(1)\yixingyouhua2\batch_run\airfoils\sample_990.dat,0.0015574793,-3.86697e-05,0.2587461113012786,0.1783295184514278,0.3008921765138579,0.1648397918949773,0.3465012066842383,0.2756068119351933,-0.1187856247662128,-0.0289988391266691,-0.0089413330010909,-0.0439611438646532,0.0776666309736357,-0.0904993147885562
sample_991,False,ok,2.0,0.7293,0.00511,-0.1109,142.72015655577297,0.12705110992948332,0.3306613226452906,D:\BH\航空项目制\优化\yixingyouhua2(1)\yixingyouhua2\batch_run\polars\sample_991_polar.txt,D:\BH\航空项目制\优化\yixingyouhua2(1)\yixingyouhua2\batch_run\airfoils\sample_991.dat,0.0015574793,-3.86697e-05,0.1772430612992697,0.2383362688646735,0.3320442002029397,0.2032902878615221,0.344540299997673,0.2688126168114449,-0.0859794218044302,-0.1068021621010922,-0.0570416384206103,-0.0260187759552705,0.0252820088517183,-0.0712188582025719
sample_992,False,ok,2.0,0.6902,0.00743,-0.0963,92.89367429340511,0.11841810141889211,0.30861723446893785,D:\BH\航空项目制\优化\yixingyouhua2(1)\yixingyouhua2\batch_run\polars\sample_992_polar.txt,D:\BH\航空项目制\优化\yixingyouhua2(1)\yixingyouhua2\batch_run\airfoils\sample_992.dat,0.0015574793,-3.86697e-05,0.2688491019856769,0.205492455269292,0.2521859996671296,0.258218373030362,0.3038911871002993,0.2505382674229592,-0.1842079023904498,-0.0183020052526508,-0.0576747645310448,-0.0935677911160843,0.0241578920811273,-0.0401165263111585
sample_993,False,ok,2.0,0.8069,0.00601,-0.1268,134.25956738768718,0.12229699750202061,0.23046092184368736,D:\BH\航空项目制\优化\yixingyouhua2(1)\yixingyouhua2\batch_run\polars\sample_993_polar.txt,D:\BH\航空项目制\优化\yixingyouhua2(1)\yixingyouhua2\batch_run\airfoils\sample_993.dat,0.0015574793,-3.86697e-05,0.232390199431667,0.249526351479315,0.3388886502003036,0.2228021212249564,0.3284124403207186,0.2783278550443284,-0.1983788009721925,-0.0545199584675487,0.0457342713059833,-0.0122610845019524,0.0766321034973405,-0.0569763171260075
sample_994,False,ok,2.0,0.7609,0.00499,-0.1066,152.48496993987976,0.12589169261170194,0.3246492985971944,D:\BH\航空项目制\优化\yixingyouhua2(1)\yixingyouhua2\batch_run\polars\sample_994_polar.txt,D:\BH\航空项目制\优化\yixingyouhua2(1)\yixingyouhua2\batch_run\airfoils\sample_994.dat,0.0015574793,-3.86697e-05,0.225932119990143,0.2412104398545835,0.3596569801089744,0.1497742978535693,0.3500499465935873,0.2999865396883743,-0.0723514710385587,-0.097671303617228,0.0084441411561028,-0.1140146911273742,-0.0003631553463049,-0.0194437233172115
sample_995,False,ok,2.0,0.7898,0.00625,-0.1215,126.36799999999998,0.12547713030281063,0.2444889779559118,D:\BH\航空项目制\优化\yixingyouhua2(1)\yixingyouhua2\batch_run\polars\sample_995_polar.txt,D:\BH\航空项目制\优化\yixingyouhua2(1)\yixingyouhua2\batch_run\airfoils\sample_995.dat,0.0015574793,-3.86697e-05,0.214238928508771,0.2990894049288796,0.2700605250063161,0.2455275770637862,0.2943754177978377,0.3126453638775332,-0.1654449018045819,-0.0813685851114937,0.0291830523761899,-0.0442176912615718,0.0501663758064712,-0.0357349151068434
sample_996,False,ok,2.0,0.7133,0.00553,-0.1065,128.9873417721519,0.12036212210098156,0.374749498997996,D:\BH\航空项目制\优化\yixingyouhua2(1)\yixingyouhua2\batch_run\polars\sample_996_polar.txt,D:\BH\航空项目制\优化\yixingyouhua2(1)\yixingyouhua2\batch_run\airfoils\sample_996.dat,0.0015574793,-3.86697e-05,0.1585275402518412,0.2300488657772719,0.3650947415198466,0.1909579207350137,0.3357115157351474,0.2235523747627701,-0.1509070012683757,-0.0140968968273841,-0.0121246822140702,-0.1136757536546897,0.0239500794421655,-0.0509639713445154
sample_997,False,ok,2.0,0.7977,0.00676,-0.1288,118.00295857988165,0.12452189839150771,0.21843687374749496,D:\BH\航空项目制\优化\yixingyouhua2(1)\yixingyouhua2\batch_run\polars\sample_997_polar.txt,D:\BH\航空项目制\优化\yixingyouhua2(1)\yixingyouhua2\batch_run\airfoils\sample_997.dat,0.0015574793,-3.86697e-05,0.2511271578852764,0.234162306039765,0.2990889647554414,0.1722020295645981,0.3491819986195299,0.3044559934726879,-0.1942944026154889,-0.0848841815749483,0.0325982954021035,-0.0914665318417414,0.0803788453030912,0.0082464557303555
sample_998,False,ok,2.0,0.6863,0.00634,-0.0813,108.24921135646687,0.10803796370531336,0.24048096192384769,D:\BH\航空项目制\优化\yixingyouhua2(1)\yixingyouhua2\batch_run\polars\sample_998_polar.txt,D:\BH\航空项目制\优化\yixingyouhua2(1)\yixingyouhua2\batch_run\airfoils\sample_998.dat,0.0015574793,-3.86697e-05,0.2701790586037307,0.2021721640630571,0.2626130774403964,0.1684202601319989,0.2525692957321891,0.2068516422250282,-0.0702751641090979,-0.1003991385835628,0.0177391343433293,-0.0506589561311571,0.0864151728594881,-0.0376863897868439
sample_999,False,ok,2.0,0.6288,0.00744,-0.0783,84.51612903225806,0.10542719971597359,0.1943887775551102,D:\BH\航空项目制\优化\yixingyouhua2(1)\yixingyouhua2\batch_run\polars\sample_999_polar.txt,D:\BH\航空项目制\优化\yixingyouhua2(1)\yixingyouhua2\batch_run\airfoils\sample_999.dat,0.0015574793,-3.86697e-05,0.2696745951194808,0.173887672643314,0.2664671748942039,0.1581424426761481,0.2779627288529143,0.3197868780677768,-0.1743338000952584,-0.0272498295035855,0.0260385167874198,-0.1255371635607449,-0.0357852127936133,-0.0701819127865322
sample_1000,False,ok,2.0,0.7916,0.00569,-0.1158,139.12126537785588,0.11953432791466513,0.3006012024048096,D:\BH\航空项目制\优化\yixingyouhua2(1)\yixingyouhua2\batch_run\polars\sample_1000_polar.txt,D:\BH\航空项目制\优化\yixingyouhua2(1)\yixingyouhua2\batch_run\airfoils\sample_1000.dat,0.0015574793,-3.86697e-05,0.170713039271007,0.2947705071049929,0.356022367769167,0.2020503065984061,0.3166732721775639,0.2789557063567393,-0.0992538535650306,-0.0574625846153337,0.0267421703219052,-0.0088928605793743,0.0376464993953956,-0.0634590526935386
sample_1001,False,ok,2.0,0.7621,0.00527,-0.1146,144.6110056925996,0.1262061195173493,0.3226452905811623,D:\BH\航空项目制\优化\yixingyouhua2(1)\yixingyouhua2\batch_run\polars\sample_1001_polar.txt,D:\BH\航空项目制\优化\yixingyouhua2(1)\yixingyouhua2\batch_run\airfoils\sample_1001.dat,0.0015574793,-3.86697e-05,0.2186761043063986,0.247130981726803,0.2995890251613664,0.2390800157612102,0.3076323996103505,0.2719449765988354,-0.1301151360327495,-0.0757581982552461,-0.016565512994036,-0.1195707419159514,0.0701347033370575,-0.0242368045596681
sample_1002,False,ok,2.0,0.8281,0.00637,-0.1254,130.0,0.13202951943167565,0.31462925851703405,D:\BH\航空项目制\优化\yixingyouhua2(1)\yixingyouhua2\batch_run\polars\sample_1002_polar.txt,D:\BH\航空项目制\优化\yixingyouhua2(1)\yixingyouhua2\batch_run\airfoils\sample_1002.dat,0.0015574793,-3.86697e-05,0.2819968852336274,0.2210697262975737,0.3267749653396857,0.236127886243874,0.3629409693540477,0.2815945229097833,-0.109172039242788,-0.0759583898630798,-0.0708633140695171,-0.0534434004250582,0.0664628657175173,0.0102592561281956
sample_1003,False,ok,2.0,0.685,0.00548,-0.0942,125.00000000000001,0.11229910150978008,0.30861723446893785,D:\BH\航空项目制\优化\yixingyouhua2(1)\yixingyouhua2\batch_run\polars\sample_1003_polar.txt,D:\BH\航空项目制\优化\yixingyouhua2(1)\yixingyouhua2\batch_run\airfoils\sample_1003.dat,0.0015574793,-3.86697e-05,0.1574774611459631,0.2603684662483119,0.302637156405721,0.2032445726498575,0.2420976718899775,0.2358694385108138,-0.1210982302325443,-0.0667203901638248,0.0423672704834915,-0.0945844066818259,0.0118632467878049,-0.0391274394182117
sample_1004,False,ok,2.0,0.8476,0.00549,-0.1368,154.38979963570128,0.1339669346897744,0.3306613226452906,D:\BH\航空项目制\优化\yixingyouhua2(1)\yixingyouhua2\batch_run\polars\sample_1004_polar.txt,D:\BH\航空项目制\优化\yixingyouhua2(1)\yixingyouhua2\batch_run\airfoils\sample_1004.dat,0.0015574793,-3.86697e-05,0.2074105239151183,0.2569088708239546,0.370686254622922,0.2515091492893475,0.3067748497534336,0.3101174266516385,-0.1464680024565615,-0.0720441273601925,-0.0039431683122263,-0.0905586111841913,0.041998452259182,0.0167279518600891
sample_1005,False,ok,2.0,0.7648,0.00587,-0.1211,130.28960817717206,0.11591386382957589,0.2725450901803607,D:\BH\航空项目制\优化\yixingyouhua2(1)\yixingyouhua2\batch_run\polars\sample_1005_polar.txt,D:\BH\航空项目制\优化\yixingyouhua2(1)\yixingyouhua2\batch_run\airfoils\sample_1005.dat,0.0015574793,-3.86697e-05,0.1535876017837585,0.2936406739907732,0.282651808706637,0.1468537503451982,0.2837197955441418,0.320029068909617,-0.1415280066790135,-0.0509411841951414,-0.0289237057393148,-0.0164765278680251,0.0146304918797978,0.012210310638319
sample_1006,False,ok,2.0,0.6707,0.00582,-0.0937,115.2405498281787,0.1248958305783826,0.2444889779559118,D:\BH\航空项目制\优化\yixingyouhua2(1)\yixingyouhua2\batch_run\polars\sample_1006_polar.txt,D:\BH\航空项目制\优化\yixingyouhua2(1)\yixingyouhua2\batch_run\airfoils\sample_1006.dat,0.0015574793,-3.86697e-05,0.1882909067246788,0.2653843885847217,0.3179948370770475,0.1470570655206188,0.2466060300861696,0.2544226453876809,-0.1677226129483323,-0.1216964337559283,0.0464998799632246,-0.0719206878196518,0.0260430510258043,-0.0534525671610497
sample_1007,False,ok,2.0,0.8078,0.00517,-0.1209,156.247582205029,0.1252812325527444,0.3226452905811623,D:\BH\航空项目制\优化\yixingyouhua2(1)\yixingyouhua2\batch_run\polars\sample_1007_polar.txt,D:\BH\航空项目制\优化\yixingyouhua2(1)\yixingyouhua2\batch_run\airfoils\sample_1007.dat,0.0015574793,-3.86697e-05,0.2179960086554946,0.2631912256975472,0.3161872906176758,0.2464463386942886,0.3346502899704087,0.255241302620901,-0.1148522962033967,-0.0389668560430832,-0.0596508302974042,-0.0130937536084103,0.0152427953965846,-0.0033177095839265
sample_1008,False,ok,2.0,0.7805,0.00491,-0.1092,158.96130346232178,0.12973267056015375,0.3246492985971944,D:\BH\航空项目制\优化\yixingyouhua2(1)\yixingyouhua2\batch_run\polars\sample_1008_polar.txt,D:\BH\航空项目制\优化\yixingyouhua2(1)\yixingyouhua2\batch_run\airfoils\sample_1008.dat,0.0015574793,-3.86697e-05,0.2241908694517983,0.2649485006196,0.3262343953962658,0.2472993434467381,0.3391012197666439,0.1972071694110825,-0.0846380472243597,-0.0935534731771767,-0.0123647000488964,-0.0555184208886908,-0.0217787718071839,0.0201939475560123
sample_1009,False,ok,2.0,0.7503,0.00457,-0.098,164.17943107221004,0.1284956659327893,0.38476953907815625,D:\BH\航空项目制\优化\yixingyouhua2(1)\yixingyouhua2\batch_run\polars\sample_1009_polar.txt,D:\BH\航空项目制\优化\yixingyouhua2(1)\yixingyouhua2\batch_run\airfoils\sample_1009.dat,0.0015574793,-3.86697e-05,0.1945941047217525,0.281124933156353,0.3688538454970845,0.2578331066462459,0.3182082178106678,0.2473170342184172,-0.0873174720457092,-0.0246848971428023,0.0225345712997863,-0.1218403592518715,-0.0088829782649698,-0.0676611873506645
sample_1010,False,ok,2.0,0.693,0.00528,-0.0835,131.25,0.11524224944872392,0.280561122244489,D:\BH\航空项目制\优化\yixingyouhua2(1)\yixingyouhua2\batch_run\polars\sample_1010_polar.txt,D:\BH\航空项目制\优化\yixingyouhua2(1)\yixingyouhua2\batch_run\airfoils\sample_1010.dat,0.0015574793,-3.86697e-05,0.2342079100759503,0.246206793189005,0.2765027944022863,0.159308682726588,0.2535039049993844,0.2042659531979606,-0.0722560861862842,-0.0762260901638206,-0.0306590927611501,-0.0687201115280722,0.0497579725024569,-0.0049352711837073
sample_1011,False,ok,2.0,0.6398,0.00583,-0.0706,109.74271012006861,0.10275841665750214,0.31462925851703405,D:\BH\航空项目制\优化\yixingyouhua2(1)\yixingyouhua2\batch_run\polars\sample_1011_polar.txt,D:\BH\航空项目制\优化\yixingyouhua2(1)\yixingyouhua2\batch_run\airfoils\sample_1011.dat,0.0015574793,-3.86697e-05,0.2639270886533879,0.1767262650596395,0.2902182638840272,0.1538904575405468,0.2650077406307578,0.2282161311211289,-0.0958873317501268,-0.0444503784433529,0.0315934671705861,-0.1352932842073612,-0.0111205460488425,-0.0324808547277477
sample_1012,False,ok,2.0,0.714,0.00608,-0.0953,117.43421052631578,0.14173155970359197,0.23246492985971942,D:\BH\航空项目制\优化\yixingyouhua2(1)\yixingyouhua2\batch_run\polars\sample_1012_polar.txt,D:\BH\航空项目制\优化\yixingyouhua2(1)\yixingyouhua2\batch_run\airfoils\sample_1012.dat,0.0015574793,-3.86697e-05,0.2439992938981713,0.2944988989621444,0.3404267770134896,0.1543608581731323,0.240525919669973,0.2412220396552987,-0.1988062931006182,-0.1130124633904076,0.012934022902313,-0.0804134068993394,0.0548032021412831,-0.0245920492549507
sample_1013,False,ok,2.0,0.7454,0.00597,-0.1122,124.85762144053601,0.11512734130758935,0.30260521042084165,D:\BH\航空项目制\优化\yixingyouhua2(1)\yixingyouhua2\batch_run\polars\sample_1013_polar.txt,D:\BH\航空项目制\优化\yixingyouhua2(1)\yixingyouhua2\batch_run\airfoils\sample_1013.dat,0.0015574793,-3.86697e-05,0.1911273648206233,0.2603300563633975,0.3284200939685737,0.2098923022193937,0.3434238042015698,0.3065001397802359,-0.1768111940968965,-0.01309730633253,0.0324829395931086,-0.0732098887966215,0.0297696717936824,-0.1063145694009553
sample_1014,False,ok,2.0,0.6461,0.00649,-0.0899,99.55315870570108,0.11119298974893563,0.2745490981963928,D:\BH\航空项目制\优化\yixingyouhua2(1)\yixingyouhua2\batch_run\polars\sample_1014_polar.txt,D:\BH\航空项目制\优化\yixingyouhua2(1)\yixingyouhua2\batch_run\airfoils\sample_1014.dat,0.0015574793,-3.86697e-05,0.2267077518436455,0.1786329740006404,0.2715051328256171,0.2048475735952897,0.2676055940281688,0.2280592990585753,-0.1543762420997175,-0.073748512329599,-0.0246520952086772,-0.0472581354098464,-0.0117229052841821,-0.0323783774870014
sample_1015,False,ok,2.0,0.7682,0.0069,-0.1114,111.33333333333333,0.11547613956950722,0.24649298597194386,D:\BH\航空项目制\优化\yixingyouhua2(1)\yixingyouhua2\batch_run\polars\sample_1015_polar.txt,D:\BH\航空项目制\优化\yixingyouhua2(1)\yixingyouhua2\batch_run\airfoils\sample_1015.dat,0.0015574793,-3.86697e-05,0.2704370385925532,0.2081952108927344,0.3144572514135542,0.2062462496338303,0.3481825355673322,0.2794590081536717,-0.1533170773713091,-0.0490150007700557,0.0180425915162864,-0.034241470487257,0.0083953567657063,-0.0302452217262682
sample_1016,False,ok,2.0,0.7856,0.00554,-0.1227,141.80505415162455,0.11193335805725477,0.30260521042084165,D:\BH\航空项目制\优化\yixingyouhua2(1)\yixingyouhua2\batch_run\polars\sample_1016_polar.txt,D:\BH\航空项目制\优化\yixingyouhua2(1)\yixingyouhua2\batch_run\airfoils\sample_1016.dat,0.0015574793,-3.86697e-05,0.2189546463698972,0.1830448039474718,0.3535948964625621,0.2047912047636755,0.3557801653886241,0.2272133030196249,-0.1253291052582962,-0.0774279179252313,0.0318478953426022,-0.0229078164402438,0.0388741558992753,-0.0160107135758723
sample_1017,False,ok,2.0,0.7493,0.00593,-0.0937,126.35750421585159,0.1253988080888182,0.2725450901803607,D:\BH\航空项目制\优化\yixingyouhua2(1)\yixingyouhua2\batch_run\polars\sample_1017_polar.txt,D:\BH\航空项目制\优化\yixingyouhua2(1)\yixingyouhua2\batch_run\airfoils\sample_1017.dat,0.0015574793,-3.86697e-05,0.2732269150574468,0.2636818062694313,0.2843206147025428,0.1791799254193782,0.3125748822507849,0.2333782321720788,-0.0712078836461592,-0.0986252116186745,-0.0293999006424151,-0.0543362295469773,0.0369697281841589,-0.0079308907967183
sample_1018,False,ok,2.0,0.649,0.00608,-0.0889,106.74342105263158,0.12450653278313775,0.2665330661322645,D:\BH\航空项目制\优化\yixingyouhua2(1)\yixingyouhua2\batch_run\polars\sample_1018_polar.txt,D:\BH\航空项目制\优化\yixingyouhua2(1)\yixingyouhua2\batch_run\airfoils\sample_1018.dat,0.0015574793,-3.86697e-05,0.2094892928104297,0.253260072407126,0.2981731895523046,0.174744193369257,0.3456654649791134,0.2141475825022516,-0.1966370617963917,-0.0569643085673089,-0.0185511327211262,-0.0772260265500458,-0.0319189371234054,-0.0711249807344262
sample_1019,False,polar_parse_failed,,,,,,,,,,,,,,,,,,,,,,,
sample_1020,False,ok,2.0,0.6857,0.00522,-0.1029,131.360153256705,0.12196725919429356,0.30861723446893785,D:\BH\航空项目制\优化\yixingyouhua2(1)\yixingyouhua2\batch_run\polars\sample_1020_polar.txt,D:\BH\航空项目制\优化\yixingyouhua2(1)\yixingyouhua2\batch_run\airfoils\sample_1020.dat,0.0015574793,-3.86697e-05,0.1761784340125808,0.2523954686069931,0.25439884534759,0.2636989829598738,0.3103192877290448,0.195867304293293,-0.1488075231638221,-0.0988977510854263,-0.0045985176154717,-0.0871390915273816,0.0037467937845256,-0.0307118933504896
sample_1021,False,ok,2.0,0.7092,0.00569,-0.1134,124.63971880492093,0.1154945006807087,0.2665330661322645,D:\BH\航空项目制\优化\yixingyouhua2(1)\yixingyouhua2\batch_run\polars\sample_1021_polar.txt,D:\BH\航空项目制\优化\yixingyouhua2(1)\yixingyouhua2\batch_run\airfoils\sample_1021.dat,0.0015574793,-3.86697e-05,0.182609265802756,0.2302423110185853,0.2509310622717918,0.2267879433924209,0.3185796574471898,0.2565784460566306,-0.1380266654664556,-0.11985330926512,8.225100159589549e-06,-0.0212873056899657,0.0620634370190098,-0.0685298209718953
sample_1022,False,ok,2.0,0.689,0.00582,-0.0843,118.38487972508591,0.12832766443540572,0.26452905811623245,D:\BH\航空项目制\优化\yixingyouhua2(1)\yixingyouhua2\batch_run\polars\sample_1022_polar.txt,D:\BH\航空项目制\优化\yixingyouhua2(1)\yixingyouhua2\batch_run\airfoils\sample_1022.dat,0.0015574793,-3.86697e-05,0.2311351127927559,0.2949994924477326,0.2675243302310975,0.1839674975565658,0.2733532002501673,0.2316667382307674,-0.1033417337591107,-0.1110189975999182,-0.0168821854026647,-0.062198402477981,0.002317744081376,-0.0319630816482824
sample_1023,False,ok,2.0,0.75,0.00616,-0.1075,121.75324675324676,0.14268361283092426,0.2785571142284569,D:\BH\航空项目制\优化\yixingyouhua2(1)\yixingyouhua2\batch_run\polars\sample_1023_polar.txt,D:\BH\航空项目制\优化\yixingyouhua2(1)\yixingyouhua2\batch_run\airfoils\sample_1023.dat,0.0015574793,-3.86697e-05,0.2536718160753821,0.2880593694513548,0.3263315682375193,0.2580445038282869,0.3223768471565033,0.2935346888633479,-0.1865033656944803,-0.0880881094642809,-0.0087234519981144,-0.1152964082149791,0.0770004260911896,-0.1055641689278289
sample_1024,False,ok,2.0,0.6711,0.00575,-0.0839,116.71304347826087,0.12243653098379849,0.30260521042084165,D:\BH\航空项目制\优化\yixingyouhua2(1)\yixingyouhua2\batch_run\polars\sample_1024_polar.txt,D:\BH\航空项目制\优化\yixingyouhua2(1)\yixingyouhua2\batch_run\airfoils\sample_1024.dat,0.0015574793,-3.86697e-05,0.234759221629984,0.2509173885362052,0.2436494762675578,0.2246356586525922,0.3303507098001219,0.1996913794441221,-0.0760109138995694,-0.0913901087886081,-0.0789537789418377,-0.0188419393211587,-0.0285432742221987,-0.0437123650673907
sample_1025,False,ok,2.0,0.7276,0.0048,-0.1057,151.58333333333334,0.11837849377304736,0.3386773547094188,D:\BH\航空项目制\优化\yixingyouhua2(1)\yixingyouhua2\batch_run\polars\sample_1025_polar.txt,D:\BH\航空项目制\优化\yixingyouhua2(1)\yixingyouhua2\batch_run\airfoils\sample_1025.dat,0.0015574793,-3.86697e-05,0.1549395521171835,0.2406322311999836,0.3411354262105363,0.1430771429834232,0.298875047103899,0.2037059205486039,-0.0717381598450629,-0.05173906326255,-0.0645126554289794,-0.0761145934720169,0.0651733068962146,0.0161418632025669
sample_1026,False,ok,2.0,0.6807,0.00619,-0.08,109.96768982229402,0.10889939089942766,0.26452905811623245,D:\BH\航空项目制\优化\yixingyouhua2(1)\yixingyouhua2\batch_run\polars\sample_1026_polar.txt,D:\BH\航空项目制\优化\yixingyouhua2(1)\yixingyouhua2\batch_run\airfoils\sample_1026.dat,0.0015574793,-3.86697e-05,0.2718342857154568,0.2313489284494127,0.2575727234984268,0.1422336773166808,0.3290829450321877,0.2664744734076474,-0.1024757274873269,-0.0064184770493518,-0.0741028074508769,-0.0207615175916338,0.0460449461106919,-0.0943021010023101
sample_1027,False,ok,2.0,0.7222,0.00462,-0.0952,156.32034632034632,0.11501326159110874,0.3386773547094188,D:\BH\航空项目制\优化\yixingyouhua2(1)\yixingyouhua2\batch_run\polars\sample_1027_polar.txt,D:\BH\航空项目制\优化\yixingyouhua2(1)\yixingyouhua2\batch_run\airfoils\sample_1027.dat,0.0015574793,-3.86697e-05,0.2109046861885674,0.2308264174385861,0.3269237227153791,0.2088007502422644,0.2483810853228561,0.2665475641883474,-0.0893152296142609,-0.0454205983233495,0.0051272204567729,-0.100240355545627,0.0332885179124044,-0.0412503126295009
sample_1028,False,ok,2.0,0.7116,0.0055,-0.0904,129.3818181818182,0.12723770630479567,0.3166332665330661,D:\BH\航空项目制\优化\yixingyouhua2(1)\yixingyouhua2\batch_run\polars\sample_1028_polar.txt,D:\BH\航空项目制\优化\yixingyouhua2(1)\yixingyouhua2\batch_run\airfoils\sample_1028.dat,0.0015574793,-3.86697e-05,0.2123599258139512,0.2662993093990005,0.3526712519891848,0.2283201003538856,0.281628160218321,0.2245118086945705,-0.1123513352422761,-0.0851816145868777,0.0462741621951468,-0.1237172185022525,0.0293032664009369,-0.0758413158255985
sample_1029,False,ok,2.0,0.7522,0.00597,-0.1019,125.9966499162479,0.12689186606154637,0.25250501002004005,D:\BH\航空项目制\优化\yixingyouhua2(1)\yixingyouhua2\batch_run\polars\sample_1029_polar.txt,D:\BH\航空项目制\优化\yixingyouhua2(1)\yixingyouhua2\batch_run\airfoils\sample_1029.dat,0.0015574793,-3.86697e-05,0.2376929521369253,0.2958236429076012,0.2574125911203488,0.2640721380847392,0.2552620301377616,0.1965717955925155,-0.1519435080935337,-0.056169110130599,-0.0369353378356289,-0.0145274840102982,0.0281709248451019,0.0138009282118992
sample_1030,False,ok,2.0,0.7457,0.00606,-0.0959,123.05280528052805,0.13143979746843099,0.25851703406813625,D:\BH\航空项目制\优化\yixingyouhua2(1)\yixingyouhua2\batch_run\polars\sample_1030_polar.txt,D:\BH\航空项目制\优化\yixingyouhua2(1)\yixingyouhua2\batch_run\airfoils\sample_1030.dat,0.0015574793,-3.86697e-05,0.2613677801674023,0.3033013755957625,0.2642464399719744,0.1520222810809393,0.319567529664817,0.3053667456901427,-0.0833133267205174,-0.1169699687917518,-0.0225606619846964,-0.0857517556005115,0.017790969424897,-0.0165183948403727
sample_1031,False,ok,2.0,0.6943,0.00601,-0.0874,115.52412645590684,0.1115140222534899,0.2745490981963928,D:\BH\航空项目制\优化\yixingyouhua2(1)\yixingyouhua2\batch_run\polars\sample_1031_polar.txt,D:\BH\航空项目制\优化\yixingyouhua2(1)\yixingyouhua2\batch_run\airfoils\sample_1031.dat,0.0015574793,-3.86697e-05,0.2374365047103667,0.2432155771427087,0.2653473056606932,0.2369453514311504,0.242995119637588,0.3039560403223971,-0.1115415102000058,-0.0499580003171537,0.0068536723014295,-0.0487447920214209,0.0249862231920099,-0.1052821300127331
sample_1032,False,ok,2.0,0.7654,0.0061,-0.1126,125.47540983606557,0.1184287664672421,0.25851703406813625,D:\BH\航空项目制\优化\yixingyouhua2(1)\yixingyouhua2\batch_run\polars\sample_1032_polar.txt,D:\BH\航空项目制\优化\yixingyouhua2(1)\yixingyouhua2\batch_run\airfoils\sample_1032.dat,0.0015574793,-3.86697e-05,0.2266809935609245,0.2601605759052514,0.3004464278521258,0.2157494538866059,0.2848474975170811,0.3087252324377042,-0.1695956231434203,-0.0233548983964367,-0.0192538756676203,-0.0204210275940557,0.0752636282398565,-0.0752202239964923
sample_1033,False,ok,2.0,0.6806,0.00436,-0.0817,156.10091743119264,0.1204119749125092,0.34669338677354705,D:\BH\航空项目制\优化\yixingyouhua2(1)\yixingyouhua2\batch_run\polars\sample_1033_polar.txt,D:\BH\航空项目制\优化\yixingyouhua2(1)\yixingyouhua2\batch_run\airfoils\sample_1033.dat,0.0015574793,-3.86697e-05,0.2285520666337043,0.2044018904196973,0.3549592647625246,0.2258551451500531,0.2539358079973353,0.2269218340492018,-0.0780389017495876,-0.0458244650199285,-0.0552188541452107,-0.0243758297915253,-0.0132487236555527,-0.0740115026374642
sample_1034,False,ok,2.0,0.7278,0.0058,-0.0938,125.48275862068967,0.10784343818824656,0.2665330661322645,D:\BH\航空项目制\优化\yixingyouhua2(1)\yixingyouhua2\batch_run\polars\sample_1034_polar.txt,D:\BH\航空项目制\优化\yixingyouhua2(1)\yixingyouhua2\batch_run\airfoils\sample_1034.dat,0.0015574793,-3.86697e-05,0.2043149691279108,0.2892491606783056,0.2484540713997455,0.1867679259706748,0.2832359958228138,0.2085451438226492,-0.1008577353212998,-0.0318605297209005,0.0140129795538491,-0.0486140554413891,0.0087251076253616,0.0051298429646109
sample_1035,False,ok,2.0,0.5898,0.00594,-0.083,99.29292929292929,0.11179304418889513,0.3607214428857715,D:\BH\航空项目制\优化\yixingyouhua2(1)\yixingyouhua2\batch_run\polars\sample_1035_polar.txt,D:\BH\航空项目制\优化\yixingyouhua2(1)\yixingyouhua2\batch_run\airfoils\sample_1035.dat,0.0015574793,-3.86697e-05,0.1791447588344828,0.1795103475544925,0.2792563080667588,0.1826782025203399,0.2400549090330219,0.2843648517620823,-0.1884759727435175,-0.0226365595230986,-0.0589583166079133,-0.1182313332442746,-0.0302844201804079,-0.0750343640155189
sample_1036,False,ok,2.0,0.7861,0.00466,-0.1219,168.69098712446353,0.13041567742189525,0.39078156312625245,D:\BH\航空项目制\优化\yixingyouhua2(1)\yixingyouhua2\batch_run\polars\sample_1036_polar.txt,D:\BH\航空项目制\优化\yixingyouhua2(1)\yixingyouhua2\batch_run\airfoils\sample_1036.dat,0.0015574793,-3.86697e-05,0.2159220866366136,0.1765025133160229,0.3642069920978981,0.2514716249312406,0.3006071109779712,0.2976179128503968,-0.0732977384090289,-0.07740324825682,-0.0605258016838521,-0.1039699815972878,0.0168082944371078,0.0062871676882833
sample_1037,False,ok,2.0,0.7886,0.00601,-0.1286,131.21464226289518,0.11533110633261305,0.2725450901803607,D:\BH\航空项目制\优化\yixingyouhua2(1)\yixingyouhua2\batch_run\polars\sample_1037_polar.txt,D:\BH\航空项目制\优化\yixingyouhua2(1)\yixingyouhua2\batch_run\airfoils\sample_1037.dat,0.0015574793,-3.86697e-05,0.1619445295951465,0.2924905292883085,0.2587135774205911,0.1891155589956681,0.3505391702867652,0.3209321930189052,-0.101108549457115,-0.1056153770439781,0.0273676424104886,-0.0383801064749067,0.052326742316637,-0.0229518172785421
sample_1038,False,ok,2.0,0.6579,0.00576,-0.0857,114.21875,0.12630102679379973,0.2665330661322645,D:\BH\航空项目制\优化\yixingyouhua2(1)\yixingyouhua2\batch_run\polars\sample_1038_polar.txt,D:\BH\航空项目制\优化\yixingyouhua2(1)\yixingyouhua2\batch_run\airfoils\sample_1038.dat,0.0015574793,-3.86697e-05,0.2270860334085696,0.2255675038291718,0.339577722235919,0.1501067368137196,0.3220506738147624,0.2109148107964056,-0.1343655062061957,-0.1277519975978004,0.0125607869196067,-0.0608323547942184,0.0043050726704781,-0.0776081481466235
sample_1039,False,ok,2.0,0.6348,0.00642,-0.0825,98.8785046728972,0.11616331661033827,0.2124248496993988,D:\BH\航空项目制\优化\yixingyouhua2(1)\yixingyouhua2\batch_run\polars\sample_1039_polar.txt,D:\BH\航空项目制\优化\yixingyouhua2(1)\yixingyouhua2\batch_run\airfoils\sample_1039.dat,0.0015574793,-3.86697e-05,0.2333479287626857,0.2311801500244694,0.2666798565104557,0.1465943767218293,0.2610375105106052,0.2904832117475366,-0.1833189003205826,-0.0702263696220797,0.0151476108443746,-0.0558985866806208,0.0108258764167329,-0.1003356480564005
sample_1040,False,ok,2.0,0.712,0.00497,-0.1113,143.2595573440644,0.11269966733472331,0.3366733466933867,D:\BH\航空项目制\优化\yixingyouhua2(1)\yixingyouhua2\batch_run\polars\sample_1040_polar.txt,D:\BH\航空项目制\优化\yixingyouhua2(1)\yixingyouhua2\batch_run\airfoils\sample_1040.dat,0.0015574793,-3.86697e-05,0.1698195763497433,0.2097031710715732,0.2623519985101867,0.2078605511993557,0.2641221514614468,0.3025576400951835,-0.0772797511729868,-0.1239258882275155,0.0093573708260244,-0.1253003852602002,0.0291404468377671,-0.0004398673377219
sample_1041,False,ok,2.0,0.6706,0.00599,-0.0817,111.95325542570951,0.13871828625998675,0.24649298597194386,D:\BH\航空项目制\优化\yixingyouhua2(1)\yixingyouhua2\batch_run\polars\sample_1041_polar.txt,D:\BH\航空项目制\优化\yixingyouhua2(1)\yixingyouhua2\batch_run\airfoils\sample_1041.dat,0.0015574793,-3.86697e-05,0.2668331248359628,0.2589789758077673,0.3414482359651404,0.2092823590000487,0.2938168996597202,0.1950371311095251,-0.1808103097110873,-0.1086507591414923,0.0061310228522208,-0.0687631107034008,0.0131908291747667,-0.0888212140883835
sample_1042,False,ok,2.0,0.7059,0.00595,-0.1016,118.63865546218486,0.1313016929638996,0.26452905811623245,D:\BH\航空项目制\优化\yixingyouhua2(1)\yixingyouhua2\batch_run\polars\sample_1042_polar.txt,D:\BH\航空项目制\优化\yixingyouhua2(1)\yixingyouhua2\batch_run\airfoils\sample_1042.dat,0.0015574793,-3.86697e-05,0.207152082987738,0.2619971192362472,0.3693064447886169,0.135952914499357,0.3199147310825923,0.2328465660140104,-0.1948547462454383,-0.0747450754153267,-0.000876456191074,-0.0758580711239972,0.0684631381559811,-0.0711090075891601
sample_1043,False,ok,2.0,0.7146,0.00673,-0.1086,106.1812778603269,0.10090418595510398,0.2124248496993988,D:\BH\航空项目制\优化\yixingyouhua2(1)\yixingyouhua2\batch_run\polars\sample_1043_polar.txt,D:\BH\航空项目制\优化\yixingyouhua2(1)\yixingyouhua2\batch_run\airfoils\sample_1043.dat,0.0015574793,-3.86697e-05,0.2196243368624313,0.187097592407214,0.264694494562478,0.1898086541947947,0.2946601547836168,0.2418346257310464,-0.1848684087042914,-0.0194506740542218,0.0190983164792843,-0.0364786334650606,-0.002626633895398,0.0114963245502521
sample_1044,False,ok,2.0,0.6391,0.0054,-0.0796,118.35185185185185,0.10816173979789834,0.3166332665330661,D:\BH\航空项目制\优化\yixingyouhua2(1)\yixingyouhua2\batch_run\polars\sample_1044_polar.txt,D:\BH\航空项目制\优化\yixingyouhua2(1)\yixingyouhua2\batch_run\airfoils\sample_1044.dat,0.0015574793,-3.86697e-05,0.239476554842772,0.1887199233337396,0.2901398794106186,0.149015006084782,0.2974728123930367,0.3161193106266242,-0.0958560385749431,-0.0709336190820124,0.0116096126385813,-0.1147776606456627,-0.0189376852705666,-0.0806532128760191
sample_1045,False,ok,2.0,0.8022,0.0071,-0.1231,112.98591549295774,0.11893910328806825,0.2444889779559118,D:\BH\航空项目制\优化\yixingyouhua2(1)\yixingyouhua2\batch_run\polars\sample_1045_polar.txt,D:\BH\航空项目制\优化\yixingyouhua2(1)\yixingyouhua2\batch_run\airfoils\sample_1045.dat,0.0015574793,-3.86697e-05,0.2755174902710061,0.2110074844697514,0.282853235214647,0.1913641280051127,0.3616950109993546,0.2760862568869523,-0.1312481270364882,-0.0811354771442924,-0.0205978501953404,-0.028751417443477,0.0608701291851864,0.0206902076629374
sample_1046,False,ok,2.0,0.7213,0.00585,-0.0913,123.29914529914531,0.12485296867056205,0.25851703406813625,D:\BH\航空项目制\优化\yixingyouhua2(1)\yixingyouhua2\batch_run\polars\sample_1046_polar.txt,D:\BH\航空项目制\优化\yixingyouhua2(1)\yixingyouhua2\batch_run\airfoils\sample_1046.dat,0.0015574793,-3.86697e-05,0.2297863626645949,0.2977270854874415,0.2603283374357265,0.178278607178432,0.2493701596123427,0.2485880824120536,-0.0951548415797382,-0.1117501434318761,0.0052469402215267,-0.0692116216050412,0.0089845469646226,0.0070217804978127
sample_1047,False,ok,2.0,0.6388,0.0066,-0.0918,96.7878787878788,0.12866842811917514,0.2665330661322645,D:\BH\航空项目制\优化\yixingyouhua2(1)\yixingyouhua2\batch_run\polars\sample_1047_polar.txt,D:\BH\航空项目制\优化\yixingyouhua2(1)\yixingyouhua2\batch_run\airfoils\sample_1047.dat,0.0015574793,-3.86697e-05,0.2422398613651801,0.208377806889091,0.2669276890769957,0.2329770861026456,0.2829403971716778,0.2815609356315011,-0.1818005341347381,-0.1154816988418792,-0.0397493056658231,-0.0829005362819486,0.0064528410457412,-0.0832470415469721
sample_1048,False,ok,2.0,0.5995,0.00633,-0.0781,94.70774091627173,0.12574034499124598,0.3306613226452906,D:\BH\航空项目制\优化\yixingyouhua2(1)\yixingyouhua2\batch_run\polars\sample_1048_polar.txt,D:\BH\航空项目制\优化\yixingyouhua2(1)\yixingyouhua2\batch_run\airfoils\sample_1048.dat,0.0015574793,-3.86697e-05,0.2524039706917331,0.1785913543698874,0.2814457414641455,0.1671154072266084,0.332695077840776,0.3241002347509285,-0.1028535612239103,-0.1251587049657758,-0.0653471786700382,-0.1251860528011597,-0.0194484688749288,-0.0949003926157923
sample_1049,False,ok,2.0,0.6882,0.00524,-0.0954,131.33587786259542,0.0996346948431503,0.2665330661322645,D:\BH\航空项目制\优化\yixingyouhua2(1)\yixingyouhua2\batch_run\polars\sample_1049_polar.txt,D:\BH\航空项目制\优化\yixingyouhua2(1)\yixingyouhua2\batch_run\airfoils\sample_1049.dat,0.0015574793,-3.86697e-05,0.1708443996779819,0.2309567552029479,0.2589247187788218,0.1466519256206385,0.2524270248560394,0.1984582961694472,-0.085340325316754,-0.0740979313613732,0.0167255134776198,-0.0369663112798182,0.0858990064250443,-0.0129196528680528
sample_1050,False,ok,2.0,0.7134,0.00613,-0.1045,116.37846655791192,0.1152350853602562,0.25851703406813625,D:\BH\航空项目制\优化\yixingyouhua2(1)\yixingyouhua2\batch_run\polars\sample_1050_polar.txt,D:\BH\航空项目制\优化\yixingyouhua2(1)\yixingyouhua2\batch_run\airfoils\sample_1050.dat,0.0015574793,-3.86697e-05,0.2014306332967318,0.2573215068606435,0.2498800382379347,0.1844037242522745,0.3162463548171798,0.3198620605920697,-0.0999894825233721,-0.1281776081658861,0.0372377437013383,-0.0537877105207606,-0.0103520111060003,-0.0480995941990577
sample_1051,False,ok,2.0,0.7404,0.00513,-0.1087,144.32748538011694,0.13120457894082194,0.3226452905811623,D:\BH\航空项目制\优化\yixingyouhua2(1)\yixingyouhua2\batch_run\polars\sample_1051_polar.txt,D:\BH\航空项目制\优化\yixingyouhua2(1)\yixingyouhua2\batch_run\airfoils\sample_1051.dat,0.0015574793,-3.86697e-05,0.2034903915578312,0.2529759239251531,0.3172825304119709,0.2180922857484931,0.3511365249615395,0.2212883427809315,-0.104756044190115,-0.0939579526315274,-0.073033189381816,-0.0226246018036326,-0.0229217539076052,-0.0114225028802135
sample_1052,False,ok,2.0,0.6683,0.0054,-0.0926,123.75925925925925,0.11961105370011789,0.3306613226452906,D:\BH\航空项目制\优化\yixingyouhua2(1)\yixingyouhua2\batch_run\polars\sample_1052_polar.txt,D:\BH\航空项目制\优化\yixingyouhua2(1)\yixingyouhua2\batch_run\airfoils\sample_1052.dat,0.0015574793,-3.86697e-05,0.2175833738213537,0.2178940606211592,0.2712417966688972,0.2026103914832222,0.3173925984298557,0.2376057748545866,-0.1232719025164465,-0.0573914432848934,-0.0745419144829455,-0.0839785388494209,0.0353975517196023,-0.0596428446833553
sample_1053,False,ok,2.0,0.7484,0.00661,-0.1091,113.22239031770044,0.143628483753075,0.25250501002004005,D:\BH\航空项目制\优化\yixingyouhua2(1)\yixingyouhua2\batch_run\polars\sample_1053_polar.txt,D:\BH\航空项目制\优化\yixingyouhua2(1)\yixingyouhua2\batch_run\airfoils\sample_1053.dat,0.0015574793,-3.86697e-05,0.2708995627670302,0.2896643654697068,0.2573437927159576,0.2585555117616567,0.2810164628869471,0.3146299067281483,-0.1889703698432087,-0.094722664931246,-0.0718752279190972,-0.0836025133111875,0.0383157384442837,-0.0225566640283818
sample_1054,False,ok,2.0,0.722,0.00502,-0.0944,143.82470119521912,0.11586022321386868,0.3286573146292585,D:\BH\航空项目制\优化\yixingyouhua2(1)\yixingyouhua2\batch_run\polars\sample_1054_polar.txt,D:\BH\航空项目制\优化\yixingyouhua2(1)\yixingyouhua2\batch_run\airfoils\sample_1054.dat,0.0015574793,-3.86697e-05,0.2026868446705864,0.2659867563614897,0.3231233067298567,0.1680567898756526,0.3045648616794166,0.259529014592859,-0.1037760840302223,-0.0068039074388388,-0.033695319113254,-0.0683019988044327,0.018379107893485,-0.0511270429317128
sample_1055,False,ok,2.0,0.778,0.00548,-0.1082,141.97080291970804,0.12741442205625078,0.3166332665330661,D:\BH\航空项目制\优化\yixingyouhua2(1)\yixingyouhua2\batch_run\polars\sample_1055_polar.txt,D:\BH\航空项目制\优化\yixingyouhua2(1)\yixingyouhua2\batch_run\airfoils\sample_1055.dat,0.0015574793,-3.86697e-05,0.2103843372962444,0.2739912781286828,0.349070626803676,0.2541799643801285,0.3146585794926427,0.2908027806185532,-0.0746512248948219,-0.1073537664663943,0.0392100077099844,-0.0436743927188879,-0.0190446772524032,-0.0696647812582407
sample_1056,False,ok,2.0,0.7653,0.00599,-0.1221,127.76293823038398,0.11391610190995369,0.2945891783567134,D:\BH\航空项目制\优化\yixingyouhua2(1)\yixingyouhua2\batch_run\polars\sample_1056_polar.txt,D:\BH\航空项目制\优化\yixingyouhua2(1)\yixingyouhua2\batch_run\airfoils\sample_1056.dat,0.0015574793,-3.86697e-05,0.2051183967219982,0.229540106270579,0.2870671832455221,0.2208184288709059,0.3446369433866077,0.2181952237920892,-0.1921539017149909,-0.0187999213272557,-0.0068287667303761,-0.0816483825261621,0.0478337607029903,0.0139077245518919
sample_1057,False,ok,2.0,0.7018,0.0072,-0.1016,97.47222222222223,0.11552922787664704,0.23847695390781562,D:\BH\航空项目制\优化\yixingyouhua2(1)\yixingyouhua2\batch_run\polars\sample_1057_polar.txt,D:\BH\航空项目制\优化\yixingyouhua2(1)\yixingyouhua2\batch_run\airfoils\sample_1057.dat,0.0015574793,-3.86697e-05,0.2686287798801274,0.1877423595729454,0.2431488532910777,0.2134101455937174,0.303652738778451,0.2974769476449015,-0.1227482312208824,-0.1155958205823795,-0.0150242096226457,-0.0341051566910908,0.0446478114959312,-0.0496379412932476
sample_1058,False,ok,2.0,0.6225,0.006,-0.0727,103.75,0.13099112067273364,0.25851703406813625,D:\BH\航空项目制\优化\yixingyouhua2(1)\yixingyouhua2\batch_run\polars\sample_1058_polar.txt,D:\BH\航空项目制\优化\yixingyouhua2(1)\yixingyouhua2\batch_run\airfoils\sample_1058.dat,0.0015574793,-3.86697e-05,0.2600506620925177,0.2448681454276422,0.2811576602839628,0.1389535414865655,0.3140482402931935,0.2024915702135848,-0.1396541256181002,-0.1167226914302737,-0.0340002548351716,-0.1217230234027603,0.0387997573934111,-0.070148820365848
sample_1059,False,ok,2.0,0.6924,0.00515,-0.1083,134.4466019417476,0.12153708830264866,0.344689378757515,D:\BH\航空项目制\优化\yixingyouhua2(1)\yixingyouhua2\batch_run\polars\sample_1059_polar.txt,D:\BH\航空项目制\优化\yixingyouhua2(1)\yixingyouhua2\batch_run\airfoils\sample_1059.dat,0.0015574793,-3.86697e-05,0.1670943877635835,0.2298498352248524,0.2867019073208458,0.2477857739449044,0.3211210879506485,0.2996381329030278,-0.1368284861834098,-0.1011309149975492,-6.57783399857087e-05,-0.0852829136959524,-0.0298162975837454,-0.0836990601037505
sample_1060,False,ok,2.0,0.6495,0.00587,-0.091,110.64735945485519,0.1083411092463864,0.2785571142284569,D:\BH\航空项目制\优化\yixingyouhua2(1)\yixingyouhua2\batch_run\polars\sample_1060_polar.txt,D:\BH\航空项目制\优化\yixingyouhua2(1)\yixingyouhua2\batch_run\airfoils\sample_1060.dat,0.0015574793,-3.86697e-05,0.2072510892743433,0.2069262979591649,0.252911387515609,0.151352545119567,0.2820239842140096,0.3006959573577805,-0.1321879023392331,-0.0527352376762238,-0.0657712096546396,-0.0194079757930067,-0.0124970084758284,-0.0604790754956554
sample_1061,False,ok,2.0,0.6036,0.00623,-0.0678,96.8860353130016,0.1252845238749217,0.22444889779559116,D:\BH\航空项目制\优化\yixingyouhua2(1)\yixingyouhua2\batch_run\polars\sample_1061_polar.txt,D:\BH\航空项目制\优化\yixingyouhua2(1)\yixingyouhua2\batch_run\airfoils\sample_1061.dat,0.0015574793,-3.86697e-05,0.2454754298885452,0.2493200531769296,0.2807866837099055,0.1678415621262936,0.2572858578056883,0.2391962797634237,-0.1672635068873735,-0.1088436804537623,0.024369547047292,-0.0589206886951629,-0.0393235253513726,-0.105187509366991
sample_1062,False,ok,2.0,0.6852,0.00599,-0.0805,114.39065108514191,0.13163653282733198,0.24649298597194386,D:\BH\航空项目制\优化\yixingyouhua2(1)\yixingyouhua2\batch_run\polars\sample_1062_polar.txt,D:\BH\航空项目制\优化\yixingyouhua2(1)\yixingyouhua2\batch_run\airfoils\sample_1062.dat,0.0015574793,-3.86697e-05,0.2551865483776448,0.2820137372983659,0.3193745412567406,0.2201863977507984,0.2705270079026937,0.195878546512248,-0.1675644763653789,-0.068981484743236,-0.0039224977221272,-0.0192725744482557,-0.0207136486834363,-0.0695225797494961
sample_1063,False,ok,2.0,0.7137,0.0064,-0.1005,111.515625,0.12442555356328087,0.2725450901803607,D:\BH\航空项目制\优化\yixingyouhua2(1)\yixingyouhua2\batch_run\polars\sample_1063_polar.txt,D:\BH\航空项目制\优化\yixingyouhua2(1)\yixingyouhua2\batch_run\airfoils\sample_1063.dat,0.0015574793,-3.86697e-05,0.2549612051865969,0.2261814543736141,0.2512484536631545,0.2513561628874394,0.294439007026789,0.2266109820383737,-0.1181270182583993,-0.0983975121749705,-0.0757424304550352,-0.0109506093669876,0.0646770284653917,-0.0400747173805064
sample_1064,False,ok,2.0,0.7445,0.00613,-0.0972,121.45187601957586,0.1262687151677117,0.2745490981963928,D:\BH\航空项目制\优化\yixingyouhua2(1)\yixingyouhua2\batch_run\polars\sample_1064_polar.txt,D:\BH\航空项目制\优化\yixingyouhua2(1)\yixingyouhua2\batch_run\airfoils\sample_1064.dat,0.0015574793,-3.86697e-05,0.279194072329564,0.219835822550099,0.3467957986715765,0.2055040971348077,0.2535833769522519,0.2875181771092066,-0.1446051122739572,-0.0706285285369344,0.0055609917107168,-0.08140888746813,-0.01472514239597,-0.0141204795789155
sample_1065,False,ok,2.0,0.7079,0.00628,-0.0906,112.72292993630573,0.11728203276138725,0.25250501002004005,D:\BH\航空项目制\优化\yixingyouhua2(1)\yixingyouhua2\batch_run\polars\sample_1065_polar.txt,D:\BH\航空项目制\优化\yixingyouhua2(1)\yixingyouhua2\batch_run\airfoils\sample_1065.dat,0.0015574793,-3.86697e-05,0.2659887545794067,0.2365766104182705,0.2550011850385396,0.1776958671641166,0.2660739441706473,0.3091446538992314,-0.0906153386973949,-0.0782840395595812,-0.0583013040071905,-0.0124991231791715,0.0749435181074165,-0.080025371375268
sample_1066,False,ok,2.0,0.745,0.00551,-0.1075,135.2087114337568,0.12473322748837239,0.3607214428857715,D:\BH\航空项目制\优化\yixingyouhua2(1)\yixingyouhua2\batch_run\polars\sample_1066_polar.txt,D:\BH\航空项目制\优化\yixingyouhua2(1)\yixingyouhua2\batch_run\airfoils\sample_1066.dat,0.0015574793,-3.86697e-05,0.2501723175967286,0.1994312440333605,0.311158233076852,0.2398155008763282,0.263222258117269,0.2798246589152501,-0.1456695860946599,-0.0216670810396331,-0.0723801060683508,-0.1206811265150808,0.0158208347258268,0.0211682683704354
sample_1067,False,ok,2.0,0.7112,0.00552,-0.1173,128.84057971014494,0.11402017995001075,0.3166332665330661,D:\BH\航空项目制\优化\yixingyouhua2(1)\yixingyouhua2\batch_run\polars\sample_1067_polar.txt,D:\BH\航空项目制\优化\yixingyouhua2(1)\yixingyouhua2\batch_run\airfoils\sample_1067.dat,0.0015574793,-3.86697e-05,0.182971400300155,0.1762680687974615,0.3189054191475526,0.1369311497099611,0.319791768669549,0.2922428542141225,-0.1472164312419884,-0.0675013638350757,-0.0633801338850358,-0.0640345524622025,0.0655285771657858,-0.0231182811676871
sample_1068,False,ok,2.0,0.7674,0.00594,-0.1187,129.1919191919192,0.11525017572044383,0.38476953907815625,D:\BH\航空项目制\优化\yixingyouhua2(1)\yixingyouhua2\batch_run\polars\sample_1068_polar.txt,D:\BH\航空项目制\优化\yixingyouhua2(1)\yixingyouhua2\batch_run\airfoils\sample_1068.dat,0.0015574793,-3.86697e-05,0.2262059037754964,0.1759896096280138,0.3440617435255106,0.2321527737759319,0.3095586631587864,0.2372750474406563,-0.1778234923253565,-0.0077036378719343,0.011837587672284,-0.1374941223066167,0.0416862535500944,0.0174222999211826
sample_1069,False,ok,2.0,0.7772,0.00601,-0.0977,129.31780366056574,0.12487662215203206,0.2945891783567134,D:\BH\航空项目制\优化\yixingyouhua2(1)\yixingyouhua2\batch_run\polars\sample_1069_polar.txt,D:\BH\航空项目制\优化\yixingyouhua2(1)\yixingyouhua2\batch_run\airfoils\sample_1069.dat,0.0015574793,-3.86697e-05,0.269858405344566,0.2753416778579569,0.3400434332020814,0.185126630600638,0.3539108836027958,0.265183059054001,-0.1029736569482479,-0.0417618692300794,0.0054570735328769,-0.0613637768071363,-0.0309980278238303,-0.0308327684812634
sample_1070,False,ok,2.0,0.7926,0.00622,-0.1182,127.42765273311898,0.13704750482012648,0.2665330661322645,D:\BH\航空项目制\优化\yixingyouhua2(1)\yixingyouhua2\batch_run\polars\sample_1070_polar.txt,D:\BH\航空项目制\优化\yixingyouhua2(1)\yixingyouhua2\batch_run\airfoils\sample_1070.dat,0.0015574793,-3.86697e-05,0.2493366064513325,0.2723699553384883,0.357976474698982,0.1384145534971315,0.3666632592741125,0.3038468504783327,-0.1601048533953324,-0.0956238970019016,0.0048263849897421,-0.1272694276629675,0.0713007384557425,-0.0183385963006202
sample_1071,False,ok,2.0,0.6665,0.00645,-0.1018,103.33333333333333,0.11117044230544751,0.3226452905811623,D:\BH\航空项目制\优化\yixingyouhua2(1)\yixingyouhua2\batch_run\polars\sample_1071_polar.txt,D:\BH\航空项目制\优化\yixingyouhua2(1)\yixingyouhua2\batch_run\airfoils\sample_1071.dat,0.0015574793,-3.86697e-05,0.2044585609679992,0.1809126336995007,0.2564416146581532,0.2526666168612015,0.3340653232691273,0.2979207050880165,-0.1104583894839453,-0.120121915460034,0.0058570324630869,-0.0366446429047823,-0.0330640855257178,-0.0873231294526047
sample_1072,False,ok,2.0,0.7822,0.00598,-0.108,130.80267558528428,0.11722272430605209,0.2444889779559118,D:\BH\航空项目制\优化\yixingyouhua2(1)\yixingyouhua2\batch_run\polars\sample_1072_polar.txt,D:\BH\航空项目制\优化\yixingyouhua2(1)\yixingyouhua2\batch_run\airfoils\sample_1072.dat,0.0015574793,-3.86697e-05,0.2507750371893125,0.2387336222543785,0.333574718253264,0.1594645788333914,0.2563375824171629,0.2788070668531378,-0.1252227615152544,-0.0711353577898662,0.0368383373249263,-0.0514006950224203,0.0742699448469878,-0.0065661340184245
sample_1073,False,ok,2.0,0.6381,0.00614,-0.0817,103.92508143322476,0.13263433818403964,0.24649298597194386,D:\BH\航空项目制\优化\yixingyouhua2(1)\yixingyouhua2\batch_run\polars\sample_1073_polar.txt,D:\BH\航空项目制\优化\yixingyouhua2(1)\yixingyouhua2\batch_run\airfoils\sample_1073.dat,0.0015574793,-3.86697e-05,0.2568011401512061,0.2378118199982033,0.2760858749441288,0.2051335211550514,0.2664676738172389,0.2040922045796948,-0.1763661542050147,-0.0964897336328918,-0.0795081032798434,-0.0285982681721696,0.0585727558391278,-0.0843266070745241
sample_1074,False,ok,2.0,0.6807,0.00697,-0.0871,97.66140602582496,0.12527545574968646,0.2605210420841683,D:\BH\航空项目制\优化\yixingyouhua2(1)\yixingyouhua2\batch_run\polars\sample_1074_polar.txt,D:\BH\航空项目制\优化\yixingyouhua2(1)\yixingyouhua2\batch_run\airfoils\sample_1074.dat,0.0015574793,-3.86697e-05,0.2694383490127746,0.2607527022313966,0.2490991683317348,0.2362787275448341,0.3364985100667439,0.2808341870090892,-0.158635640891661,-0.0631879490223709,0.0003210235769798,-0.1321713578193665,0.0057095695152222,-0.0889060671607778
sample_1075,False,ok,2.0,0.6394,0.00579,-0.0902,110.43177892918825,0.12235135338152356,0.30260521042084165,D:\BH\航空项目制\优化\yixingyouhua2(1)\yixingyouhua2\batch_run\polars\sample_1075_polar.txt,D:\BH\航空项目制\优化\yixingyouhua2(1)\yixingyouhua2\batch_run\airfoils\sample_1075.dat,0.0015574793,-3.86697e-05,0.2215902939443246,0.2180890412613974,0.2741408592239583,0.1403808791025444,0.3654301471565781,0.303590114889579,-0.1274621750554897,-0.1009506599954994,-0.046942744006297,-0.1117817812491867,-0.0195509909620547,-0.0687225642851364
sample_1076,False,ok,2.0,0.7143,0.00649,-0.0922,110.06163328197228,0.11494436589522214,0.2124248496993988,D:\BH\航空项目制\优化\yixingyouhua2(1)\yixingyouhua2\batch_run\polars\sample_1076_polar.txt,D:\BH\航空项目制\优化\yixingyouhua2(1)\yixingyouhua2\batch_run\airfoils\sample_1076.dat,0.0015574793,-3.86697e-05,0.2675800024643597,0.2231787965614871,0.2996140877585542,0.1928031949153847,0.3009614225620138,0.2122633671111697,-0.1578943318969697,-0.0564136746586873,0.0401535420188035,-0.0235930300557696,0.0042201856238429,-0.0392503300126287
sample_1077,False,ok,2.0,0.6936,0.00585,-0.1014,118.56410256410255,0.1144719253176547,0.2865731462925851,D:\BH\航空项目制\优化\yixingyouhua2(1)\yixingyouhua2\batch_run\polars\sample_1077_polar.txt,D:\BH\航空项目制\优化\yixingyouhua2(1)\yixingyouhua2\batch_run\airfoils\sample_1077.dat,0.0015574793,-3.86697e-05,0.195295885511693,0.2467346113233099,0.2570289393626887,0.2490515998604355,0.2508372167517991,0.3157477857960747,-0.1652192675895249,-0.0432344497908873,-0.019494230994296,-0.0441245343944162,0.0049419674696736,-0.0856099593904443
sample_1078,False,polar_parse_failed,,,,,,,,,,,,,,,,,,,,,,,
sample_1079,False,ok,2.0,0.6862,0.00508,-0.0955,135.07874015748033,0.13290880775366914,0.3166332665330661,D:\BH\航空项目制\优化\yixingyouhua2(1)\yixingyouhua2\batch_run\polars\sample_1079_polar.txt,D:\BH\航空项目制\优化\yixingyouhua2(1)\yixingyouhua2\batch_run\airfoils\sample_1079.dat,0.0015574793,-3.86697e-05,0.2136663052288327,0.2269402990396636,0.3661760466913202,0.1549824053232359,0.2418955627874761,0.3196817930783923,-0.1501673664044753,-0.0806913579989764,-0.0473972117529213,-0.1270256216774067,-0.0101456311305791,-0.030603608397091
sample_1080,False,ok,2.0,0.6943,0.00572,-0.0806,121.38111888111888,0.13240750661076114,0.2725450901803607,D:\BH\航空项目制\优化\yixingyouhua2(1)\yixingyouhua2\batch_run\polars\sample_1080_polar.txt,D:\BH\航空项目制\优化\yixingyouhua2(1)\yixingyouhua2\batch_run\airfoils\sample_1080.dat,0.0015574793,-3.86697e-05,0.2572649276030145,0.2964885205821711,0.289248495117672,0.1835147106719076,0.2783334161475797,0.3026874396061528,-0.0969807682513719,-0.1036122253298764,-0.0163489068043552,-0.0804796751856835,-0.0427930320547853,-0.0566321490384533
sample_1081,False,ok,2.0,0.7509,0.00601,-0.11,124.94176372712147,0.10963688776895647,0.3306613226452906,D:\BH\航空项目制\优化\yixingyouhua2(1)\yixingyouhua2\batch_run\polars\sample_1081_polar.txt,D:\BH\航空项目制\优化\yixingyouhua2(1)\yixingyouhua2\batch_run\airfoils\sample_1081.dat,0.0015574793,-3.86697e-05,0.2162813654442402,0.2419084380484513,0.2680669017690435,0.2563460057704146,0.365151846724048,0.2437370112799082,-0.142451934172918,-0.0191036352318471,0.0140024820178114,-0.0458097966389377,-0.0164545280468354,-0.0499197978283398
sample_1082,False,ok,2.0,0.8042,0.00599,-0.0981,134.25709515859768,0.12854449157958006,0.2865731462925851,D:\BH\航空项目制\优化\yixingyouhua2(1)\yixingyouhua2\batch_run\polars\sample_1082_polar.txt,D:\BH\航空项目制\优化\yixingyouhua2(1)\yixingyouhua2\batch_run\airfoils\sample_1082.dat,0.0015574793,-3.86697e-05,0.2772358338198638,0.3022951245071383,0.3564459102601505,0.2336132069261491,0.3017828248524087,0.3081504367797717,-0.0983009677273699,-0.0213226559002034,-0.0107980896674345,-0.0099045462687403,0.0371325493813646,-0.1067049342511347
sample_1083,False,ok,2.0,0.7143,0.0055,-0.1111,129.87272727272727,0.11785387596823838,0.406813627254509,D:\BH\航空项目制\优化\yixingyouhua2(1)\yixingyouhua2\batch_run\polars\sample_1083_polar.txt,D:\BH\航空项目制\优化\yixingyouhua2(1)\yixingyouhua2\batch_run\airfoils\sample_1083.dat,0.0015574793,-3.86697e-05,0.1792534849626432,0.1775949270623387,0.3571498770069801,0.2232162708549602,0.3062064811154015,0.3125081955009253,-0.1507624486058615,-0.0200762550311698,-0.0063064582378789,-0.1257009375286881,0.0217012770055081,-0.086405121784027
sample_1084,False,ok,2.0,0.729,0.00615,-0.0968,118.53658536585365,0.1282079315547263,0.23246492985971942,D:\BH\航空项目制\优化\yixingyouhua2(1)\yixingyouhua2\batch_run\polars\sample_1084_polar.txt,D:\BH\航空项目制\优化\yixingyouhua2(1)\yixingyouhua2\batch_run\airfoils\sample_1084.dat,0.0015574793,-3.86697e-05,0.2553907796573855,0.2643775587496779,0.3160760881767945,0.2146787129179345,0.2719074591463121,0.2563060872080682,-0.1721962000674656,-0.0865546765351571,0.0442171368962067,-0.0598678163107656,0.0007467925071961,-0.0455024381987074
sample_1085,False,ok,2.0,0.68,0.00486,-0.0901,139.91769547325106,0.13160215496695718,0.3386773547094188,D:\BH\航空项目制\优化\yixingyouhua2(1)\yixingyouhua2\batch_run\polars\sample_1085_polar.txt,D:\BH\航空项目制\优化\yixingyouhua2(1)\yixingyouhua2\batch_run\airfoils\sample_1085.dat,0.0015574793,-3.86697e-05,0.2385020058838682,0.1842936541411946,0.3629096034769502,0.2195267724205624,0.2755820197618327,0.2041711772037121,-0.1081881259093256,-0.1088881735630978,-0.04550574516524,-0.0966900282019096,0.0122038274505268,-0.0330899178324262
sample_1086,False,ok,2.0,0.7476,0.00592,-0.1247,126.28378378378379,0.10090871830322563,0.2865731462925851,D:\BH\航空项目制\优化\yixingyouhua2(1)\yixingyouhua2\batch_run\polars\sample_1086_polar.txt,D:\BH\航空项目制\优化\yixingyouhua2(1)\yixingyouhua2\batch_run\airfoils\sample_1086.dat,0.0015574793,-3.86697e-05,0.1727104380072917,0.2079498883369473,0.2500561965796712,0.1510161474365479,0.3377115224078873,0.2706612659397225,-0.1419998599936726,-0.0376738268388566,-0.0294338567729522,-0.0418214120505093,0.0569569641303845,0.020110675666344
sample_1087,False,ok,2.0,0.819,0.00606,-0.1238,135.14851485148515,0.14153544370670007,0.2725450901803607,D:\BH\航空项目制\优化\yixingyouhua2(1)\yixingyouhua2\batch_run\polars\sample_1087_polar.txt,D:\BH\航空项目制\优化\yixingyouhua2(1)\yixingyouhua2\batch_run\airfoils\sample_1087.dat,0.0015574793,-3.86697e-05,0.278337341817648,0.2403905033452076,0.3593084728048781,0.2354655470176077,0.3177935020729157,0.3033732360513928,-0.1546296941778337,-0.120571946285614,-0.0318372107148093,-0.0134050203264236,-0.0128185086655952,0.0097653059264972
sample_1088,False,ok,2.0,0.7524,0.00594,-0.1035,126.66666666666666,0.11154684460839316,0.2865731462925851,D:\BH\航空项目制\优化\yixingyouhua2(1)\yixingyouhua2\batch_run\polars\sample_1088_polar.txt,D:\BH\航空项目制\优化\yixingyouhua2(1)\yixingyouhua2\batch_run\airfoils\sample_1088.dat,0.0015574793,-3.86697e-05,0.221671009422278,0.2619141427009747,0.2816880990859371,0.2538462945684612,0.2887561270967688,0.2769007663241423,-0.1333143181883645,-0.0314648469918774,0.0443280968663722,-0.0609776590288671,-0.012400223268858,-0.0482599952087581
sample_1089,False,ok,2.0,0.7481,0.00524,-0.1201,142.76717557251908,0.11706543123041424,0.3306613226452906,D:\BH\航空项目制\优化\yixingyouhua2(1)\yixingyouhua2\batch_run\polars\sample_1089_polar.txt,D:\BH\航空项目制\优化\yixingyouhua2(1)\yixingyouhua2\batch_run\airfoils\sample_1089.dat,0.0015574793,-3.86697e-05,0.1598721074309039,0.264185888223827,0.2617740892415278,0.2249047621815715,0.2586544892887702,0.2968455100592286,-0.1619526067566609,-0.0026161479440328,-0.0782363271827024,-0.08928463842657,0.0722297969843699,-0.0014239361673952
sample_1090,False,ok,2.0,0.767,0.00457,-0.1146,167.83369803063457,0.11380652753148589,0.34669338677354705,D:\BH\航空项目制\优化\yixingyouhua2(1)\yixingyouhua2\batch_run\polars\sample_1090_polar.txt,D:\BH\航空项目制\优化\yixingyouhua2(1)\yixingyouhua2\batch_run\airfoils\sample_1090.dat,0.0015574793,-3.86697e-05,0.1778092490389093,0.2149540980001999,0.3397515751181899,0.2263266030648559,0.2867996612054194,0.2395326927636744,-0.0695161158142777,-0.0660479756278326,-0.0053619402481729,-0.0442855205887456,0.0498748559372068,-0.0159983511226212
sample_1091,False,ok,2.0,0.7137,0.00507,-0.1021,140.76923076923077,0.09119522329130612,0.406813627254509,D:\BH\航空项目制\优化\yixingyouhua2(1)\yixingyouhua2\batch_run\polars\sample_1091_polar.txt,D:\BH\航空项目制\优化\yixingyouhua2(1)\yixingyouhua2\batch_run\airfoils\sample_1091.dat,0.0015574793,-3.86697e-05,0.1839297140383285,0.186024575614081,0.2586644445175222,0.2326117205748384,0.3394120835832852,0.211583944036081,-0.0776055876805315,-0.0110375165442727,0.0196525955941496,-0.0083228707349702,-0.00365291334955,-0.0554920604821843
sample_1092,False,ok,2.0,0.6331,0.00602,-0.0764,105.16611295681062,0.11254225551721725,0.3006012024048096,D:\BH\航空项目制\优化\yixingyouhua2(1)\yixingyouhua2\batch_run\polars\sample_1092_polar.txt,D:\BH\航空项目制\优化\yixingyouhua2(1)\yixingyouhua2\batch_run\airfoils\sample_1092.dat,0.0015574793,-3.86697e-05,0.2568983284147894,0.208442345751582,0.2430550518613824,0.1630261445995994,0.2891825359376477,0.2498519444682624,-0.1279091096860071,-0.0313392456751216,-0.0689357024700999,-0.1159056351447617,0.0316151681705525,-0.0552344491359414
sample_1093,False,ok,2.0,0.7227,0.00569,-0.0966,127.01230228471003,0.12341426274751649,0.2745490981963928,D:\BH\航空项目制\优化\yixingyouhua2(1)\yixingyouhua2\batch_run\polars\sample_1093_polar.txt,D:\BH\航空项目制\优化\yixingyouhua2(1)\yixingyouhua2\batch_run\airfoils\sample_1093.dat,0.0015574793,-3.86697e-05,0.2281361679630433,0.2710170472346205,0.2608678314157677,0.2172963348267688,0.2904181807838593,0.2147561070089527,-0.0903506812388395,-0.091981298741011,-0.0594905457590288,-0.0092100323727154,0.0840750948243195,-0.0500446595800294
sample_1094,False,ok,2.0,0.7189,0.00615,-0.0908,116.89430894308943,0.14581003001639992,0.25250501002004005,D:\BH\航空项目制\优化\yixingyouhua2(1)\yixingyouhua2\batch_run\polars\sample_1094_polar.txt,D:\BH\航空项目制\优化\yixingyouhua2(1)\yixingyouhua2\batch_run\airfoils\sample_1094.dat,0.0015574793,-3.86697e-05,0.2752672179826184,0.2804461896903926,0.3542355699738863,0.1863314116845331,0.2531182247233678,0.2866535863115451,-0.1706014162208962,-0.1241202343963188,-0.0043602665053677,-0.0754349765464168,-0.0253429046748746,-0.0382408719029241
sample_1095,False,ok,2.0,0.7497,0.00634,-0.0947,118.24921135646687,0.1333224126078103,0.23246492985971942,D:\BH\航空项目制\优化\yixingyouhua2(1)\yixingyouhua2\batch_run\polars\sample_1095_polar.txt,D:\BH\航空项目制\优化\yixingyouhua2(1)\yixingyouhua2\batch_run\airfoils\sample_1095.dat,0.0015574793,-3.86697e-05,0.2724055836264469,0.2881441880919737,0.3390588486723671,0.1418566459419732,0.2635909604103994,0.2519025088524982,-0.1837514384220169,-0.0451668363549955,-0.0009954866139416,-0.0964958326825779,0.0492183051987639,-0.0061904651540624
sample_1096,False,ok,2.0,0.7097,0.00712,-0.0996,99.67696629213484,0.11845508798892816,0.23246492985971942,D:\BH\航空项目制\优化\yixingyouhua2(1)\yixingyouhua2\batch_run\polars\sample_1096_polar.txt,D:\BH\航空项目制\优化\yixingyouhua2(1)\yixingyouhua2\batch_run\airfoils\sample_1096.dat,0.0015574793,-3.86697e-05,0.2747336131535564,0.2035676887487064,0.3209862879992461,0.1566808868978033,0.3574458810107799,0.3012581648271862,-0.1924048961294543,-0.0252526168524548,-0.016283567108804,-0.0544659607284625,-0.0056797406744195,-0.0664195462619174
sample_1097,False,ok,2.0,0.6654,0.00558,-0.0969,119.24731182795699,0.11902318960287464,0.25851703406813625,D:\BH\航空项目制\优化\yixingyouhua2(1)\yixingyouhua2\batch_run\polars\sample_1097_polar.txt,D:\BH\航空项目制\优化\yixingyouhua2(1)\yixingyouhua2\batch_run\airfoils\sample_1097.dat,0.0015574793,-3.86697e-05,0.1596665775650278,0.2612312310328069,0.2971767436226726,0.1732286165430639,0.2532715888644707,0.1961821754086623,-0.1697782194504156,-0.0923224889760369,0.0023920296637327,-0.0178889422629356,0.0164991127907939,-0.0233788418095934
sample_1098,False,ok,2.0,0.769,0.00695,-0.1216,110.6474820143885,0.11468327954287351,0.2725450901803607,D:\BH\航空项目制\优化\yixingyouhua2(1)\yixingyouhua2\batch_run\polars\sample_1098_polar.txt,D:\BH\航空项目制\优化\yixingyouhua2(1)\yixingyouhua2\batch_run\airfoils\sample_1098.dat,0.0015574793,-3.86697e-05,0.2452162791286378,0.1775137773801878,0.315092895623128,0.2089796299170922,0.3393270808969827,0.3034940005287401,-0.1209073658526114,-0.1107070086548345,0.0213870121175735,-0.0306518486520632,0.0346729826144242,-0.019129165466954
sample_1099,False,ok,2.0,0.7215,0.00593,-0.0946,121.66947723440134,0.10454654744402793,0.2865731462925851,D:\BH\航空项目制\优化\yixingyouhua2(1)\yixingyouhua2\batch_run\polars\sample_1099_polar.txt,D:\BH\航空项目制\优化\yixingyouhua2(1)\yixingyouhua2\batch_run\airfoils\sample_1099.dat,0.0015574793,-3.86697e-05,0.2473643110084755,0.174677658251806,0.3608485311340769,0.1628161252747789,0.2500607204224784,0.2769999397149477,-0.1288955699762589,-0.0199687437258266,0.0219290176001183,-0.0372211625556934,0.039608145385847,-0.0659271027334024
sample_1100,False,ok,2.0,0.7239,0.00563,-0.1041,128.5790408525755,0.1321854599516358,0.2885771543086172,D:\BH\航空项目制\优化\yixingyouhua2(1)\yixingyouhua2\batch_run\polars\sample_1100_polar.txt,D:\BH\航空项目制\优化\yixingyouhua2(1)\yixingyouhua2\batch_run\airfoils\sample_1100.dat,0.0015574793,-3.86697e-05,0.19072105987524,0.2931163554065975,0.3118777425273146,0.16082110367338,0.3610183428356185,0.2308563846236646,-0.1062938487470217,-0.0977361899087038,-0.0769814484419782,-0.0174234534181969,0.0682233104513251,-0.068121032105803
sample_1101,False,ok,2.0,0.7955,0.00559,-0.1185,142.3076923076923,0.1162608033687532,0.3306613226452906,D:\BH\航空项目制\优化\yixingyouhua2(1)\yixingyouhua2\batch_run\polars\sample_1101_polar.txt,D:\BH\航空项目制\优化\yixingyouhua2(1)\yixingyouhua2\batch_run\airfoils\sample_1101.dat,0.0015574793,-3.86697e-05,0.2452559154833098,0.194381612856655,0.3235559479037411,0.2635834121128177,0.352331773392399,0.2134306769260105,-0.0896553087181955,-0.0815634790105916,0.0096275131538893,-0.0376227647160651,0.0658211889913654,-0.0259959937394844
sample_1102,False,ok,2.0,0.5967,0.00496,-0.0717,120.3024193548387,0.12441201901297061,0.3226452905811623,D:\BH\航空项目制\优化\yixingyouhua2(1)\yixingyouhua2\batch_run\polars\sample_1102_polar.txt,D:\BH\航空项目制\优化\yixingyouhua2(1)\yixingyouhua2\batch_run\airfoils\sample_1102.dat,0.0015574793,-3.86697e-05,0.1786382278142657,0.2519811755933555,0.2902503868958893,0.1378363081896291,0.238233057602204,0.2895101332104982,-0.0850810423560105,-0.0951376327880218,-0.0697607163613439,-0.12513563853609,0.0144340702778912,-0.0923707894143687
sample_1103,False,ok,2.0,0.6596,0.00525,-0.0891,125.63809523809522,0.1329261682560795,0.3306613226452906,D:\BH\航空项目制\优化\yixingyouhua2(1)\yixingyouhua2\batch_run\polars\sample_1103_polar.txt,D:\BH\航空项目制\优化\yixingyouhua2(1)\yixingyouhua2\batch_run\airfoils\sample_1103.dat,0.0015574793,-3.86697e-05,0.2366105251860576,0.1980775623751403,0.3239803207068304,0.2431050876697101,0.3214986410724116,0.2180834263938133,-0.1161809644987815,-0.1184539682678647,-0.0663909557149601,-0.0634276888870728,0.0045459328355921,-0.0932368151498157
sample_1104,False,ok,2.0,0.7345,0.00652,-0.1024,112.65337423312884,0.13921614701700005,0.22444889779559116,D:\BH\航空项目制\优化\yixingyouhua2(1)\yixingyouhua2\batch_run\polars\sample_1104_polar.txt,D:\BH\航空项目制\优化\yixingyouhua2(1)\yixingyouhua2\batch_run\airfoils\sample_1104.dat,0.0015574793,-3.86697e-05,0.2645581027597428,0.2841103011035282,0.2920350779712889,0.2013693009113923,0.3180361727506232,0.2301666606559287,-0.1959606448774976,-0.1187664725616462,0.0328748001646008,-0.1063509036264964,-0.0068259800321388,0.0099812702420335
sample_1105,False,ok,2.0,0.7254,0.00579,-0.1051,125.28497409326425,0.10717512433286028,0.2745490981963928,D:\BH\航空项目制\优化\yixingyouhua2(1)\yixingyouhua2\batch_run\polars\sample_1105_polar.txt,D:\BH\航空项目制\优化\yixingyouhua2(1)\yixingyouhua2\batch_run\airfoils\sample_1105.dat,0.0015574793,-3.86697e-05,0.2163046974329222,0.2331962571114746,0.2571495301776872,0.1374181059594105,0.3007656396321324,0.3174456676154178,-0.1254757040278938,-0.0430075681980507,0.0034803818521422,-0.1152581565154779,0.0036534589109849,0.0131299953175487
sample_1106,False,ok,2.0,0.6509,0.00645,-0.0909,100.91472868217055,0.10318313804543025,0.22444889779559116,D:\BH\航空项目制\优化\yixingyouhua2(1)\yixingyouhua2\batch_run\polars\sample_1106_polar.txt,D:\BH\航空项目制\优化\yixingyouhua2(1)\yixingyouhua2\batch_run\airfoils\sample_1106.dat,0.0015574793,-3.86697e-05,0.2143563662246922,0.192980640294539,0.2503493230770107,0.1344431948195056,0.331550354157842,0.237516186507994,-0.1293695440838299,-0.0966904072761032,0.0314769972136757,-0.0205388539583453,-0.0425619147817896,-0.0352062032989386
sample_1107,False,ok,2.0,0.6877,0.00599,-0.0843,114.80801335559266,0.1349332852602207,0.2725450901803607,D:\BH\航空项目制\优化\yixingyouhua2(1)\yixingyouhua2\batch_run\polars\sample_1107_polar.txt,D:\BH\航空项目制\优化\yixingyouhua2(1)\yixingyouhua2\batch_run\airfoils\sample_1107.dat,0.0015574793,-3.86697e-05,0.2610236167959628,0.2608357654216917,0.3525818052700645,0.2190637424457286,0.2940816310779038,0.2120824388639462,-0.191394893990496,-0.049381748804031,-0.0268396164317707,-0.0448247623501725,-0.0245089267020386,-0.0829263685392299
sample_1108,False,ok,2.0,0.7108,0.0055,-0.0799,129.23636363636365,0.11408166131085588,0.3006012024048096,D:\BH\航空项目制\优化\yixingyouhua2(1)\yixingyouhua2\batch_run\polars\sample_1108_polar.txt,D:\BH\航空项目制\优化\yixingyouhua2(1)\yixingyouhua2\batch_run\airfoils\sample_1108.dat,0.0015574793,-3.86697e-05,0.2677766678279461,0.2650450338216906,0.2684038557538911,0.2064087424285887,0.2640050014687837,0.2593137967501606,-0.0875211919254705,-0.0112449072615281,-0.0237494217512965,-0.0948479435176349,0.0429165505061418,-0.0588344850767926
sample_1109,False,ok,2.0,0.6761,0.00478,-0.0971,141.44351464435147,0.10236077806790558,0.34669338677354705,D:\BH\航空项目制\优化\yixingyouhua2(1)\yixingyouhua2\batch_run\polars\sample_1109_polar.txt,D:\BH\航空项目制\优化\yixingyouhua2(1)\yixingyouhua2\batch_run\airfoils\sample_1109.dat,0.0015574793,-3.86697e-05,0.1635633058586509,0.196441865442472,0.3037109802221745,0.1609355448410072,0.285144044533078,0.2793429770826872,-0.0916984376550285,-0.0147433702344911,-0.0534730751631434,-0.0408556062267312,0.0709157408995386,-0.0984340512342131
sample_1110,False,ok,2.0,0.7129,0.0042,-0.1131,169.73809523809524,0.1265468825719011,0.3987975951903807,D:\BH\航空项目制\优化\yixingyouhua2(1)\yixingyouhua2\batch_run\polars\sample_1110_polar.txt,D:\BH\航空项目制\优化\yixingyouhua2(1)\yixingyouhua2\batch_run\airfoils\sample_1110.dat,0.0015574793,-3.86697e-05,0.166707879626849,0.1942674406582482,0.3155791508513507,0.2453468390385612,0.3546197279679633,0.1996196747364509,-0.1127765250275875,-0.0735385386871311,-0.0639339075162356,-0.0892265853199045,-0.0425150585255248,0.0138975548219424
sample_1111,False,ok,2.0,0.7163,0.00614,-0.1088,116.6612377850163,0.12252468274905594,0.25851703406813625,D:\BH\航空项目制\优化\yixingyouhua2(1)\yixingyouhua2\batch_run\polars\sample_1111_polar.txt,D:\BH\航空项目制\优化\yixingyouhua2(1)\yixingyouhua2\batch_run\airfoils\sample_1111.dat,0.0015574793,-3.86697e-05,0.174157305122406,0.2772330289999667,0.337314744047085,0.1349939773973416,0.3237103859128636,0.3188026246043204,-0.181133389071827,-0.0800349393454848,0.047454913266888,-0.0701753040584309,-0.0261783902209417,-0.0537379904066056
sample_1112,False,ok,2.0,0.6715,0.00555,-0.0826,120.99099099099098,0.138146451781675,0.280561122244489,D:\BH\航空项目制\优化\yixingyouhua2(1)\yixingyouhua2\batch_run\polars\sample_1112_polar.txt,D:\BH\航空项目制\优化\yixingyouhua2(1)\yixingyouhua2\batch_run\airfoils\sample_1112.dat,0.0015574793,-3.86697e-05,0.2261347906796162,0.2953206645752474,0.2839533818695961,0.227606286837019,0.2416844148574789,0.2240519871053581,-0.1129088003885839,-0.1231764234349666,-0.0588026948235235,-0.0635528045874617,0.0407454888925925,-0.0643640149205728
sample_1113,False,ok,2.0,0.6574,0.0052,-0.1012,126.42307692307692,0.11702308649098091,0.3386773547094188,D:\BH\航空项目制\优化\yixingyouhua2(1)\yixingyouhua2\batch_run\polars\sample_1113_polar.txt,D:\BH\航空项目制\优化\yixingyouhua2(1)\yixingyouhua2\batch_run\airfoils\sample_1113.dat,0.0015574793,-3.86697e-05,0.1822207202644788,0.1963014813179274,0.2696237497809962,0.1618780273054758,0.2589742721027667,0.3185310672253881,-0.1463653583716061,-0.0647499171154266,-0.0772294630625684,-0.1163015998066951,-0.0362788470349685,0.0109928859124862
sample_1114,False,ok,2.0,0.6543,0.00478,-0.0785,136.8828451882845,0.1343057063485556,0.35270541082164325,D:\BH\航空项目制\优化\yixingyouhua2(1)\yixingyouhua2\batch_run\polars\sample_1114_polar.txt,D:\BH\航空项目制\优化\yixingyouhua2(1)\yixingyouhua2\batch_run\airfoils\sample_1114.dat,0.0015574793,-3.86697e-05,0.2165358741715296,0.2694276363186106,0.3302392128914336,0.2232979539084539,0.3226262069839319,0.2103450371989806,-0.1338473745452231,-0.0387569098112748,-0.0571788340436309,-0.1164319840258577,-0.0351174589546853,-0.0822383460050845
sample_1115,False,ok,2.0,0.6581,0.00544,-0.097,120.97426470588235,0.12764957869718982,0.30260521042084165,D:\BH\航空项目制\优化\yixingyouhua2(1)\yixingyouhua2\batch_run\polars\sample_1115_polar.txt,D:\BH\航空项目制\优化\yixingyouhua2(1)\yixingyouhua2\batch_run\airfoils\sample_1115.dat,0.0015574793,-3.86697e-05,0.2129426006753462,0.1831466428806995,0.3502931602813265,0.2103482519931634,0.2866710760270681,0.2130617318502441,-0.176802460055321,-0.1126781589494897,-0.0084571550497145,-0.1049488025794692,0.0587954409491764,-0.0779538085195361
sample_1116,False,ok,2.0,0.6524,0.00576,-0.0768,113.26388888888887,0.13894589895447648,0.2725450901803607,D:\BH\航空项目制\优化\yixingyouhua2(1)\yixingyouhua2\batch_run\polars\sample_1116_polar.txt,D:\BH\航空项目制\优化\yixingyouhua2(1)\yixingyouhua2\batch_run\airfoils\sample_1116.dat,0.0015574793,-3.86697e-05,0.2247651714485306,0.2914092243133491,0.3377963329494835,0.1713904598470417,0.2467504322389183,0.2360497098197826,-0.1445028601296488,-0.1165729256754326,-0.0047556189887981,-0.1170173103320251,0.0237820823216652,-0.0809875616373104
sample_1117,False,ok,2.0,0.7943,0.00609,-0.1061,130.42692939244662,0.12015834287225581,0.2725450901803607,D:\BH\航空项目制\优化\yixingyouhua2(1)\yixingyouhua2\batch_run\polars\sample_1117_polar.txt,D:\BH\航空项目制\优化\yixingyouhua2(1)\yixingyouhua2\batch_run\airfoils\sample_1117.dat,0.0015574793,-3.86697e-05,0.2660606478717708,0.287712449842091,0.2720298941532767,0.19982659317304,0.3669155695770365,0.2543398637336082,-0.1062275489543348,-0.0294178745236581,-0.0248388513704546,-0.0350715142496652,-0.0303471042412598,0.0164424667755249
sample_1118,False,polar_parse_failed,,,,,,,,,,,,,,,,,,,,,,,
sample_1119,False,ok,2.0,0.7162,0.00679,-0.0963,105.47864506627393,0.11466819418220739,0.2124248496993988,D:\BH\航空项目制\优化\yixingyouhua2(1)\yixingyouhua2\batch_run\polars\sample_1119_polar.txt,D:\BH\航空项目制\优化\yixingyouhua2(1)\yixingyouhua2\batch_run\airfoils\sample_1119.dat,0.0015574793,-3.86697e-05,0.26189132256135,0.2303138756428575,0.25173440408741,0.1808793912456129,0.269827457744312,0.2956452862149531,-0.1428338619535871,-0.0811851464516977,0.0336415217622034,-0.0615808364011872,-0.0317868493567967,0.0016392187827462
sample_1120,False,ok,2.0,0.6926,0.00546,-0.0995,126.84981684981686,0.12757967165907597,0.3246492985971944,D:\BH\航空项目制\优化\yixingyouhua2(1)\yixingyouhua2\batch_run\polars\sample_1120_polar.txt,D:\BH\航空项目制\优化\yixingyouhua2(1)\yixingyouhua2\batch_run\airfoils\sample_1120.dat,0.0015574793,-3.86697e-05,0.2334389102721388,0.1806042979548666,0.3638189202157467,0.2393014704954643,0.2936640372122038,0.200841465421287,-0.1813865300913347,-0.0628093827847979,-0.0444346637925579,-0.0492705608142748,-0.0070307985563585,-0.0432224595214772
sample_1121,False,ok,2.0,0.7245,0.00721,-0.1135,100.48543689320388,0.11414419009952262,0.25250501002004005,D:\BH\航空项目制\优化\yixingyouhua2(1)\yixingyouhua2\batch_run\polars\sample_1121_polar.txt,D:\BH\航空项目制\优化\yixingyouhua2(1)\yixingyouhua2\batch_run\airfoils\sample_1121.dat,0.0015574793,-3.86697e-05,0.2430935228955159,0.1911658668118283,0.2511143427437724,0.2433402049107811,0.28724585748904,0.2438615573108464,-0.1897168719893962,-0.0438838104586395,-0.0463026806715746,-0.0520231533225572,0.0808416674508861,-0.0057403124914764
sample_1122,False,ok,2.0,0.6984,0.00652,-0.0972,107.11656441717793,0.10818543898989832,0.30861723446893785,D:\BH\航空项目制\优化\yixingyouhua2(1)\yixingyouhua2\batch_run\polars\sample_1122_polar.txt,D:\BH\航空项目制\优化\yixingyouhua2(1)\yixingyouhua2\batch_run\airfoils\sample_1122.dat,0.0015574793,-3.86697e-05,0.2368022666733744,0.1962419641101833,0.3080711831888958,0.1348565836751528,0.3631025515778687,0.3001514416526056,-0.1339586184591649,-0.0337746107832843,0.0050759355443611,-0.0942677537757794,-0.0250780026839646,-0.0478285878511619
sample_1123,False,ok,2.0,0.6721,0.00607,-0.0988,110.72487644151566,0.1332839450684451,0.280561122244489,D:\BH\航空项目制\优化\yixingyouhua2(1)\yixingyouhua2\batch_run\polars\sample_1123_polar.txt,D:\BH\航空项目制\优化\yixingyouhua2(1)\yixingyouhua2\batch_run\airfoils\sample_1123.dat,0.0015574793,-3.86697e-05,0.2481289455037879,0.1874416436871115,0.3620641102796078,0.1646553124618319,0.3373614540743597,0.2573858224356327,-0.192291097463485,-0.1137026762809969,-0.0200571224020673,-0.1090554110824818,0.0392388431061602,-0.0833036055618854
sample_1124,False,ok,2.0,0.7118,0.00588,-0.0914,121.05442176870748,0.1185811959613114,0.2665330661322645,D:\BH\航空项目制\优化\yixingyouhua2(1)\yixingyouhua2\batch_run\polars\sample_1124_polar.txt,D:\BH\航空项目制\优化\yixingyouhua2(1)\yixingyouhua2\batch_run\airfoils\sample_1124.dat,0.0015574793,-3.86697e-05,0.2510083422930234,0.2202388839339563,0.3270900106147681,0.155016939533216,0.2587372236715288,0.3133796342533963,-0.0861775772803716,-0.1186790175852378,0.0384131720443623,-0.0854600624963781,0.0533740948089314,-0.0768517946341926
sample_1125,False,ok,2.0,0.7319,0.00615,-0.1002,119.0081300813008,0.11793153357552395,0.24649298597194386,D:\BH\航空项目制\优化\yixingyouhua2(1)\yixingyouhua2\batch_run\polars\sample_1125_polar.txt,D:\BH\航空项目制\优化\yixingyouhua2(1)\yixingyouhua2\batch_run\airfoils\sample_1125.dat,0.0015574793,-3.86697e-05,0.2359223751502246,0.2574756615358894,0.285192554294382,0.185451817504181,0.3308028555582236,0.2434189873435632,-0.1294550511246842,-0.0744169823657317,0.0138112716654998,-0.0328147036293396,0.028002581521492,-0.0513334995298506
sample_1126,False,ok,2.0,0.7516,0.00571,-0.1048,131.62872154115587,0.13364715311585268,0.3306613226452906,D:\BH\航空项目制\优化\yixingyouhua2(1)\yixingyouhua2\batch_run\polars\sample_1126_polar.txt,D:\BH\航空项目制\优化\yixingyouhua2(1)\yixingyouhua2\batch_run\airfoils\sample_1126.dat,0.0015574793,-3.86697e-05,0.1960291399372588,0.2930683220057746,0.3666264353418871,0.1906124471272232,0.3097165000943184,0.2819629230576903,-0.1393796459916973,-0.0408206148526645,-0.021809545394225,-0.1088553778273935,-0.0129277637297805,-0.0292908630246957
sample_1127,False,ok,2.0,0.6452,0.00512,-0.0736,126.01562499999999,0.14228002875873147,0.3006012024048096,D:\BH\航空项目制\优化\yixingyouhua2(1)\yixingyouhua2\batch_run\polars\sample_1127_polar.txt,D:\BH\航空项目制\优化\yixingyouhua2(1)\yixingyouhua2\batch_run\airfoils\sample_1127.dat,0.0015574793,-3.86697e-05,0.2131092870274083,0.3004174069661983,0.3349381119563778,0.1345721979258353,0.2622047333885329,0.2339981960140607,-0.1025707434238933,-0.1172425866861413,-0.063092183395608,-0.127836859346593,-0.0255094152580621,-0.0268516182418658
sample_1128,False,ok,2.0,0.6685,0.00623,-0.0936,107.30337078651685,0.10381394821713462,0.3366733466933867,D:\BH\航空项目制\优化\yixingyouhua2(1)\yixingyouhua2\batch_run\polars\sample_1128_polar.txt,D:\BH\航空项目制\优化\yixingyouhua2(1)\yixingyouhua2\batch_run\airfoils\sample_1128.dat,0.0015574793,-3.86697e-05,0.2089049922513362,0.1980128904823478,0.2554184165615995,0.2188767183993033,0.2808150429052028,0.2661087012258493,-0.1431627669749378,-0.042405977907306,0.0270764210168956,-0.112503268739342,-0.00592542052522,-0.0494052298184695
sample_1129,False,ok,2.0,0.6707,0.00566,-0.0953,118.4982332155477,0.11939611649262753,0.3366733466933867,D:\BH\航空项目制\优化\yixingyouhua2(1)\yixingyouhua2\batch_run\polars\sample_1129_polar.txt,D:\BH\航空项目制\优化\yixingyouhua2(1)\yixingyouhua2\batch_run\airfoils\sample_1129.dat,0.0015574793,-3.86697e-05,0.2010628713903265,0.2033167440275722,0.3500127358314643,0.222621105445503,0.2603181264657431,0.2804623708025301,-0.1933756438248419,-0.0357492504852788,0.0029056351918587,-0.0813807586305968,-0.0401077934453769,-0.0839713012974093
sample_1130,False,ok,2.0,0.7032,0.00552,-0.1027,127.39130434782611,0.10657495517586008,0.38276553106212424,D:\BH\航空项目制\优化\yixingyouhua2(1)\yixingyouhua2\batch_run\polars\sample_1130_polar.txt,D:\BH\航空项目制\优化\yixingyouhua2(1)\yixingyouhua2\batch_run\airfoils\sample_1130.dat,0.0015574793,-3.86697e-05,0.1541261169634318,0.236217451741707,0.3052154448979813,0.2021776548345493,0.3095489509471992,0.2334898962420255,-0.1423083906787907,-0.0085231080540579,0.0429081145995617,-0.1307971537844158,0.0207436129984158,-0.0471742082562497
sample_1131,False,ok,2.0,0.673,0.00508,-0.0982,132.48031496062993,0.1327502266381947,0.3226452905811623,D:\BH\航空项目制\优化\yixingyouhua2(1)\yixingyouhua2\batch_run\polars\sample_1131_polar.txt,D:\BH\航空项目制\优化\yixingyouhua2(1)\yixingyouhua2\batch_run\airfoils\sample_1131.dat,0.0015574793,-3.86697e-05,0.1912457233847284,0.2497557039547347,0.301260048518135,0.2054199414459701,0.3010029492372869,0.2168697075923229,-0.1642779459620521,-0.0792452697517274,-0.0735595068569335,-0.1050465975316676,-0.0091111874341827,-0.0092443262850248
sample_1132,False,ok,2.0,0.7609,0.0058,-0.1093,131.1896551724138,0.13532959850749088,0.3006012024048096,D:\BH\航空项目制\优化\yixingyouhua2(1)\yixingyouhua2\batch_run\polars\sample_1132_polar.txt,D:\BH\航空项目制\优化\yixingyouhua2(1)\yixingyouhua2\batch_run\airfoils\sample_1132.dat,0.0015574793,-3.86697e-05,0.2020845452771772,0.2998826380012223,0.3375086557481654,0.2213273773632876,0.2886319127412316,0.227335059964519,-0.1689956796660144,-0.0447638238776101,-0.0530181508255554,-0.0491816710568972,-0.0067129695397135,0.0135856945659741
sample_1133,False,ok,2.0,0.7427,0.00644,-0.1061,115.32608695652173,0.14641870999083595,0.25250501002004005,D:\BH\航空项目制\优化\yixingyouhua2(1)\yixingyouhua2\batch_run\polars\sample_1133_polar.txt,D:\BH\航空项目制\优化\yixingyouhua2(1)\yixingyouhua2\batch_run\airfoils\sample_1133.dat,0.0015574793,-3.86697e-05,0.2674690528242955,0.296391257167537,0.2973879328083579,0.1908246440591696,0.3627105117565113,0.2685421939718541,-0.1744716715759583,-0.111703159568731,-0.0728883515739706,-0.0417152624128646,0.0400751940354687,-0.0506193694872319
sample_1134,False,ok,2.0,0.7948,0.00682,-0.1124,116.53958944281524,0.1251462912453638,0.280561122244489,D:\BH\航空项目制\优化\yixingyouhua2(1)\yixingyouhua2\batch_run\polars\sample_1134_polar.txt,D:\BH\航空项目制\优化\yixingyouhua2(1)\yixingyouhua2\batch_run\airfoils\sample_1134.dat,0.0015574793,-3.86697e-05,0.2806595773454182,0.2618235535198934,0.2721791045168435,0.2616453395980888,0.3663539940505405,0.292675860148177,-0.1111513355813164,-0.0798588174916607,0.0177167105426352,-0.0930678700303477,0.0243698511337419,-0.0250962168447785
sample_1135,False,ok,2.0,0.8347,0.00594,-0.1232,140.5218855218855,0.10890109761662928,0.25851703406813625,D:\BH\航空项目制\优化\yixingyouhua2(1)\yixingyouhua2\batch_run\polars\sample_1135_polar.txt,D:\BH\航空项目制\优化\yixingyouhua2(1)\yixingyouhua2\batch_run\airfoils\sample_1135.dat,0.0015574793,-3.86697e-05,0.2170400694461462,0.2814557336942014,0.2793224655520054,0.1740370550810174,0.3134876384782046,0.2820467962684514,-0.0944635456437019,-0.0384240876391174,0.023186930057812,-0.0258438949346423,0.078103403403859,0.0203397264546866
sample_1136,False,ok,2.0,0.685,0.00635,-0.084,107.87401574803151,0.10527145118821568,0.31462925851703405,D:\BH\航空项目制\优化\yixingyouhua2(1)\yixingyouhua2\batch_run\polars\sample_1136_polar.txt,D:\BH\航空项目制\优化\yixingyouhua2(1)\yixingyouhua2\batch_run\airfoils\sample_1136.dat,0.0015574793,-3.86697e-05,0.2795080443352969,0.1769137422447852,0.2691940915768711,0.1773732190112049,0.3185634832288039,0.2204338440239709,-0.0863901440646067,-0.0436393580732016,-0.0116367079866931,-0.1037973793795923,0.0436832518666308,-0.0309796120107217
sample_1137,False,ok,2.0,0.654,0.00711,-0.0944,91.9831223628692,0.12319655732530092,0.25851703406813625,D:\BH\航空项目制\优化\yixingyouhua2(1)\yixingyouhua2\batch_run\polars\sample_1137_polar.txt,D:\BH\航空项目制\优化\yixingyouhua2(1)\yixingyouhua2\batch_run\airfoils\sample_1137.dat,0.0015574793,-3.86697e-05,0.2555592831128965,0.1740930053737413,0.3004837176581799,0.1992805987676723,0.3080802974078021,0.2693445168020166,-0.1702087821857191,-0.1087117459359879,-0.0389573179698598,-0.0263418241345373,-0.0222910445020089,-0.0602984321262863
sample_1138,False,ok,2.0,0.6836,0.00538,-0.0974,127.0631970260223,0.1244138327056432,0.3166332665330661,D:\BH\航空项目制\优化\yixingyouhua2(1)\yixingyouhua2\batch_run\polars\sample_1138_polar.txt,D:\BH\航空项目制\优化\yixingyouhua2(1)\yixingyouhua2\batch_run\airfoils\sample_1138.dat,0.0015574793,-3.86697e-05,0.1764077366340382,0.2849660978331679,0.2874948467048616,0.1504399528397109,0.3336390729859544,0.248787400962153,-0.1547771058750677,-0.0277758787050752,-0.0679939897105925,-0.1157508612707975,0.0188819470689339,-0.0333483043075031
sample_1139,False,ok,2.0,0.7017,0.00605,-0.0959,115.98347107438016,0.1246323792204877,0.2745490981963928,D:\BH\航空项目制\优化\yixingyouhua2(1)\yixingyouhua2\batch_run\polars\sample_1139_polar.txt,D:\BH\航空项目制\优化\yixingyouhua2(1)\yixingyouhua2\batch_run\airfoils\sample_1139.dat,0.0015574793,-3.86697e-05,0.2012183281064691,0.2790130948049385,0.3266694967158038,0.1660954040679083,0.2723213436256952,0.2848323086999219,-0.1801821238750736,-0.0231085774560928,-0.0504537720487079,-0.0149508023514667,-0.0414593348308817,-0.0489259007677611
sample_1140,False,ok,2.0,0.6782,0.00576,-0.0908,117.74305555555556,0.12910034431416245,0.2725450901803607,D:\BH\航空项目制\优化\yixingyouhua2(1)\yixingyouhua2\batch_run\polars\sample_1140_polar.txt,D:\BH\航空项目制\优化\yixingyouhua2(1)\yixingyouhua2\batch_run\airfoils\sample_1140.dat,0.0015574793,-3.86697e-05,0.2232601638197342,0.2588866629140736,0.3079262780078158,0.1542390298885132,0.3280828295108157,0.2391034640372588,-0.132395731264332,-0.1044524547526132,-0.0327484732013536,-0.0698997850968023,0.0399242773561724,-0.07675781096709
sample_1141,False,ok,2.0,0.8046,0.00598,-0.1125,134.54849498327758,0.13349980885125723,0.2725450901803607,D:\BH\航空项目制\优化\yixingyouhua2(1)\yixingyouhua2\batch_run\polars\sample_1141_polar.txt,D:\BH\航空项目制\优化\yixingyouhua2(1)\yixingyouhua2\batch_run\airfoils\sample_1141.dat,0.0015574793,-3.86697e-05,0.2803256454132398,0.2476687235638299,0.3252464439860938,0.2351166416004027,0.2750326722060253,0.2860791635196923,-0.1019724177934455,-0.1239808751818509,0.0021866117931974,-0.082291786090812,0.0834771614287555,-0.0089518851682496
sample_1142,False,ok,2.0,0.6919,0.00432,-0.0983,160.16203703703704,0.10802332489830614,0.41482965931863724,D:\BH\航空项目制\优化\yixingyouhua2(1)\yixingyouhua2\batch_run\polars\sample_1142_polar.txt,D:\BH\航空项目制\优化\yixingyouhua2(1)\yixingyouhua2\batch_run\airfoils\sample_1142.dat,0.0015574793,-3.86697e-05,0.1662780768251763,0.1810159709922545,0.3222857025228911,0.2085438481677234,0.2409003295344436,0.2809503674825704,-0.0914624395766366,-0.0024514819764749,-0.010681442124688,-0.1327309236959485,0.003735915547314,-0.0267040956195091
sample_1143,False,ok,2.0,0.6808,0.00551,-0.074,123.55716878402903,0.1192015951966102,0.2725450901803607,D:\BH\航空项目制\优化\yixingyouhua2(1)\yixingyouhua2\batch_run\polars\sample_1143_polar.txt,D:\BH\航空项目制\优化\yixingyouhua2(1)\yixingyouhua2\batch_run\airfoils\sample_1143.dat,0.0015574793,-3.86697e-05,0.2505169861217414,0.2894746285892071,0.2770568599115859,0.1480389648843381,0.27021241505139,0.2812266593486829,-0.0931921419519984,-0.0297115502923209,-0.0580975806862049,-0.0297778790981847,-0.0025520425747073,-0.080058764145441
sample_1144,False,ok,2.0,0.7963,0.0052,-0.116,153.1346153846154,0.12681906873502202,0.3366733466933867,D:\BH\航空项目制\优化\yixingyouhua2(1)\yixingyouhua2\batch_run\polars\sample_1144_polar.txt,D:\BH\航空项目制\优化\yixingyouhua2(1)\yixingyouhua2\batch_run\airfoils\sample_1144.dat,0.0015574793,-3.86697e-05,0.2540254155817837,0.2156797326210372,0.3280557117406841,0.2571848826952995,0.2854153826847855,0.3138931949004617,-0.0802337714209552,-0.1228043080482125,0.0330005009806848,-0.1190971142653063,-0.0151023040809032,0.019996318483842
sample_1145,False,ok,2.0,0.7858,0.00621,-0.1233,126.53784219001611,0.12597541141467988,0.2945891783567134,D:\BH\航空项目制\优化\yixingyouhua2(1)\yixingyouhua2\batch_run\polars\sample_1145_polar.txt,D:\BH\航空项目制\优化\yixingyouhua2(1)\yixingyouhua2\batch_run\airfoils\sample_1145.dat,0.0015574793,-3.86697e-05,0.2191527399445914,0.2786298557904468,0.2861954989273875,0.2399960501017963,0.3606499062289607,0.3236414103773154,-0.1683002574003064,-0.0227961949852806,-0.0677635773365974,-0.0223232727085892,0.0547088932553439,-0.0700471939588134
sample_1146,False,ok,2.0,0.6337,0.00503,-0.0793,125.9840954274354,0.1365284059579723,0.3246492985971944,D:\BH\航空项目制\优化\yixingyouhua2(1)\yixingyouhua2\batch_run\polars\sample_1146_polar.txt,D:\BH\航空项目制\优化\yixingyouhua2(1)\yixingyouhua2\batch_run\airfoils\sample_1146.dat,0.0015574793,-3.86697e-05,0.1914605533712204,0.2677364423592242,0.3420942749026239,0.157204100350044,0.3243262706597631,0.2219712392026137,-0.1126625318985703,-0.0894978390045365,-0.0803005997963842,-0.0959210834951935,-0.0052362907585847,-0.0877175895630759
sample_1147,False,ok,2.0,0.6896,0.00695,-0.1134,99.22302158273382,0.11330023124116523,0.22645290581162322,D:\BH\航空项目制\优化\yixingyouhua2(1)\yixingyouhua2\batch_run\polars\sample_1147_polar.txt,D:\BH\航空项目制\优化\yixingyouhua2(1)\yixingyouhua2\batch_run\airfoils\sample_1147.dat,0.0015574793,-3.86697e-05,0.2117971532561829,0.1842335682443912,0.2625639537295809,0.196017531546652,0.3592194641795381,0.2533835231601924,-0.1865313858117595,-0.1115959385563642,0.0265344722413965,-0.0394094693461074,-0.0357129372669491,-0.0093526577086167
sample_1148,False,polar_parse_failed,,,,,,,,,,,,,,,,,,,,,,,
sample_1149,False,polar_parse_failed,,,,,,,,,,,,,,,,,,,,,,,
sample_1150,False,ok,2.0,0.6825,0.00546,-0.0728,125.00000000000001,0.127620306294177,0.2885771543086172,D:\BH\航空项目制\优化\yixingyouhua2(1)\yixingyouhua2\batch_run\polars\sample_1150_polar.txt,D:\BH\航空项目制\优化\yixingyouhua2(1)\yixingyouhua2\batch_run\airfoils\sample_1150.dat,0.0015574793,-3.86697e-05,0.2707947292236313,0.2520471687045523,0.3544174018430228,0.1653378929062733,0.3286848076239093,0.19625185160166,-0.0884295897298437,-0.0725279908135214,-0.022656849868992,-0.0473717213103239,0.0134358739132916,-0.1015914109463393
sample_1151,False,ok,2.0,0.7455,0.00627,-0.0868,118.89952153110048,0.13014613170571088,0.24048096192384769,D:\BH\航空项目制\优化\yixingyouhua2(1)\yixingyouhua2\batch_run\polars\sample_1151_polar.txt,D:\BH\航空项目制\优化\yixingyouhua2(1)\yixingyouhua2\batch_run\airfoils\sample_1151.dat,0.0015574793,-3.86697e-05,0.2814402202353913,0.2974480971731347,0.3181322651554294,0.1450843615342003,0.2661694279185451,0.2442318543113576,-0.148297808761607,-0.026652890814935,-0.049832113204749,-0.019687867932914,-0.005797027904199,-0.0037531707736782
sample_1152,False,ok,2.0,0.6458,0.00529,-0.0843,122.07939508506617,0.13560008837702076,0.30861723446893785,D:\BH\航空项目制\优化\yixingyouhua2(1)\yixingyouhua2\batch_run\polars\sample_1152_polar.txt,D:\BH\航空项目制\优化\yixingyouhua2(1)\yixingyouhua2\batch_run\airfoils\sample_1152.dat,0.0015574793,-3.86697e-05,0.1913609679360826,0.271890275565563,0.3068307972304005,0.2123021084176138,0.3013640594879976,0.2179011175864694,-0.1133041084522491,-0.1176093900699399,-0.073785693963608,-0.038749980785607,-0.0299088462156251,-0.0791655636479068
sample_1153,False,ok,2.0,0.6353,0.00535,-0.0978,118.74766355140187,0.13598308613777096,0.35270541082164325,D:\BH\航空项目制\优化\yixingyouhua2(1)\yixingyouhua2\batch_run\polars\sample_1153_polar.txt,D:\BH\航空项目制\优化\yixingyouhua2(1)\yixingyouhua2\batch_run\airfoils\sample_1153.dat,0.0015574793,-3.86697e-05,0.1869060810493374,0.2054162286781669,0.3337125439931412,0.211982148592235,0.3631651517526765,0.2078329871270151,-0.1952880673013508,-0.0953565168068477,-0.0602163567266426,-0.1279239128448498,-0.0114864530524445,-0.0787272690561411
sample_1154,False,ok,2.0,0.7559,0.00588,-0.118,128.5544217687075,0.12180012988091297,0.3226452905811623,D:\BH\航空项目制\优化\yixingyouhua2(1)\yixingyouhua2\batch_run\polars\sample_1154_polar.txt,D:\BH\航空项目制\优化\yixingyouhua2(1)\yixingyouhua2\batch_run\airfoils\sample_1154.dat,0.0015574793,-3.86697e-05,0.2109377126971036,0.2459160618850362,0.2915783411034439,0.263301834231926,0.3595510685951989,0.2826619310160822,-0.17115043891418,-0.0731324605443231,0.0435826896189918,-0.1038547439099041,-0.0349751487753489,-0.0361236021422919
sample_1155,False,ok,2.0,0.7542,0.00629,-0.0948,119.90461049284579,0.12723117590844948,0.24649298597194386,D:\BH\航空项目制\优化\yixingyouhua2(1)\yixingyouhua2\batch_run\polars\sample_1155_polar.txt,D:\BH\航空项目制\优化\yixingyouhua2(1)\yixingyouhua2\batch_run\airfoils\sample_1155.dat,0.0015574793,-3.86697e-05,0.2756716783420205,0.2794670692862629,0.2795328906600802,0.2612236702542898,0.2971375796388993,0.229122421836017,-0.0983907750515865,-0.112128918727113,0.0362015442378044,-0.0431185459896046,0.0666201412404864,-0.0734469263196987
sample_1156,False,ok,2.0,0.6766,0.00596,-0.0878,113.52348993288591,0.09123611488932686,0.2945891783567134,D:\BH\航空项目制\优化\yixingyouhua2(1)\yixingyouhua2\batch_run\polars\sample_1156_polar.txt,D:\BH\航空项目制\优化\yixingyouhua2(1)\yixingyouhua2\batch_run\airfoils\sample_1156.dat,0.0015574793,-3.86697e-05,0.218855120082598,0.1805295874382003,0.2546635094756853,0.164507745652885,0.2548539192032778,0.239022938501883,-0.1001610197178388,-0.0051178789054721,-0.0166843952288603,-0.0162166481419959,-0.0256669295828282,-0.0036424189578984
sample_1157,False,ok,2.0,0.789,0.00512,-0.1404,154.1015625,0.12122624419409041,0.3226452905811623,D:\BH\航空项目制\优化\yixingyouhua2(1)\yixingyouhua2\batch_run\polars\sample_1157_polar.txt,D:\BH\航空项目制\优化\yixingyouhua2(1)\yixingyouhua2\batch_run\airfoils\sample_1157.dat,0.0015574793,-3.86697e-05,0.164216817371825,0.2170972843076388,0.2883700422306676,0.2478952470381474,0.298445978579064,0.3074768997292227,-0.1585023443744608,-0.0697276412028585,-0.0739328553266228,-0.0380813574045975,0.0810960363518336,0.0023439207946082
sample_1158,False,ok,2.0,0.7458,0.00599,-0.115,124.50751252086812,0.12860811814788464,0.2925851703406813,D:\BH\航空项目制\优化\yixingyouhua2(1)\yixingyouhua2\batch_run\polars\sample_1158_polar.txt,D:\BH\航空项目制\优化\yixingyouhua2(1)\yixingyouhua2\batch_run\airfoils\sample_1158.dat,0.0015574793,-3.86697e-05,0.1785506902653122,0.2754522347414536,0.363382982303065,0.1574479090959102,0.3274339049052812,0.2581737788992207,-0.195261005808216,-0.0553902007927947,0.0185238257027268,-0.1185326214615772,0.027909378751708,-0.0152842782786306
sample_1159,False,ok,2.0,0.6869,0.00625,-0.1032,109.90399999999998,0.12186512236512412,0.23246492985971942,D:\BH\航空项目制\优化\yixingyouhua2(1)\yixingyouhua2\batch_run\polars\sample_1159_polar.txt,D:\BH\航空项目制\优化\yixingyouhua2(1)\yixingyouhua2\batch_run\airfoils\sample_1159.dat,0.0015574793,-3.86697e-05,0.2019606653632875,0.26385843408156,0.2701816622255782,0.2034974472183529,0.3377786417013355,0.3069206435470468,-0.1805041593956311,-0.1019836114265316,0.0379226623199206,-0.0375389403658055,-0.0178715070112037,-0.1046978492768381
sample_1160,False,ok,2.0,0.7368,0.00713,-0.1103,103.33800841514727,0.11915934108729256,0.23046092184368736,D:\BH\航空项目制\优化\yixingyouhua2(1)\yixingyouhua2\batch_run\polars\sample_1160_polar.txt,D:\BH\航空项目制\优化\yixingyouhua2(1)\yixingyouhua2\batch_run\airfoils\sample_1160.dat,0.0015574793,-3.86697e-05,0.2633148138489389,0.200416660910286,0.2965903990477464,0.2292846937996953,0.3476985092781264,0.2573115586178099,-0.165627998518509,-0.0910739438278619,0.0235349319722442,-0.0198265178784836,0.0092621266579863,-0.0427748270793376
sample_1161,False,ok,2.0,0.8169,0.00539,-0.1162,151.55844155844156,0.15163851777900159,0.3306613226452906,D:\BH\航空项目制\优化\yixingyouhua2(1)\yixingyouhua2\batch_run\polars\sample_1161_polar.txt,D:\BH\航空项目制\优化\yixingyouhua2(1)\yixingyouhua2\batch_run\airfoils\sample_1161.dat,0.0015574793,-3.86697e-05,0.2526288625129189,0.2940910220620504,0.364298282625376,0.2586662580316315,0.3301230400459701,0.3131758960889927,-0.0851491784901764,-0.1082943071809781,-0.0693404630167294,-0.1068420567446252,0.0574039973142736,-0.0424802052626862
sample_1162,False,ok,2.0,0.7108,0.00427,-0.0945,166.46370023419203,0.12868500866392815,0.38476953907815625,D:\BH\航空项目制\优化\yixingyouhua2(1)\yixingyouhua2\batch_run\polars\sample_1162_polar.txt,D:\BH\航空项目制\优化\yixingyouhua2(1)\yixingyouhua2\batch_run\airfoils\sample_1162.dat,0.0015574793,-3.86697e-05,0.1937105346128552,0.2803135924371136,0.3029961028513214,0.2608832673447381,0.3455337119009234,0.2968120927873666,-0.069748050837353,-0.0373635674779219,-0.0553926464015203,-0.072847466039018,-0.0406903760469224,-0.0903768353505995
sample_1163,False,ok,2.0,0.7078,0.00581,-0.1082,121.82444061962134,0.13145130233186228,0.2725450901803607,D:\BH\航空项目制\优化\yixingyouhua2(1)\yixingyouhua2\batch_run\polars\sample_1163_polar.txt,D:\BH\航空项目制\优化\yixingyouhua2(1)\yixingyouhua2\batch_run\airfoils\sample_1163.dat,0.0015574793,-3.86697e-05,0.2287692956931141,0.2115597102492308,0.3087121692100132,0.188637245985294,0.2461187377654646,0.2825017920150016,-0.1685664802527777,-0.1257544851255559,-0.0482107166390767,-0.0786099992215368,0.0365930937346358,0.0037065812465561
sample_1164,False,ok,2.0,0.7298,0.00468,-0.1119,155.94017094017093,0.12403437005464212,0.35270541082164325,D:\BH\航空项目制\优化\yixingyouhua2(1)\yixingyouhua2\batch_run\polars\sample_1164_polar.txt,D:\BH\航空项目制\优化\yixingyouhua2(1)\yixingyouhua2\batch_run\airfoils\sample_1164.dat,0.0015574793,-3.86697e-05,0.1710346408999221,0.2062212011953365,0.3670437004651197,0.2021456293291704,0.2979469603308645,0.2624159791608188,-0.0913439411439755,-0.1137680994085526,0.0227744862538078,-0.1377274922937814,0.0575275872208201,-0.0365992690602128
sample_1165,False,ok,2.0,0.6731,0.00506,-0.0967,133.02371541501975,0.1107990106921321,0.3226452905811623,D:\BH\航空项目制\优化\yixingyouhua2(1)\yixingyouhua2\batch_run\polars\sample_1165_polar.txt,D:\BH\航空项目制\优化\yixingyouhua2(1)\yixingyouhua2\batch_run\airfoils\sample_1165.dat,0.0015574793,-3.86697e-05,0.1934813544743711,0.1761122285712212,0.3063711364437288,0.1873136453723171,0.2385721211339192,0.2497430655448457,-0.1009027567129679,-0.0842437844269566,-0.0302152884307614,-0.0767995600420207,0.0859066165567066,-0.0526509957800861
sample_1166,False,ok,2.0,0.6507,0.00683,-0.0896,95.27086383601755,0.1279998454189513,0.2725450901803607,D:\BH\航空项目制\优化\yixingyouhua2(1)\yixingyouhua2\batch_run\polars\sample_1166_polar.txt,D:\BH\航空项目制\优化\yixingyouhua2(1)\yixingyouhua2\batch_run\airfoils\sample_1166.dat,0.0015574793,-3.86697e-05,0.2780357034119321,0.1850851195729879,0.2649455676040478,0.1861517617336286,0.321776192076589,0.2100544081593659,-0.1651131165599278,-0.1050593701484993,-0.070045309515418,-0.1194636357729859,0.0205812855849553,-0.0017856231485056
sample_1167,False,ok,2.0,0.6645,0.00577,-0.1083,115.16464471403813,0.10396679922837655,0.30861723446893785,D:\BH\航空项目制\优化\yixingyouhua2(1)\yixingyouhua2\batch_run\polars\sample_1167_polar.txt,D:\BH\航空项目制\优化\yixingyouhua2(1)\yixingyouhua2\batch_run\airfoils\sample_1167.dat,0.0015574793,-3.86697e-05,0.1670193265483167,0.1822168506857798,0.2464358144697594,0.181424708283465,0.3144703934146451,0.3171676987157991,-0.1282961959030747,-0.064106601462062,-0.0675960301357827,-0.0155060696566472,0.0516121540436074,-0.089773202403669
sample_1168,False,ok,2.0,0.7776,0.0062,-0.1188,125.41935483870968,0.1282296817498065,0.23046092184368736,D:\BH\航空项目制\优化\yixingyouhua2(1)\yixingyouhua2\batch_run\polars\sample_1168_polar.txt,D:\BH\航空项目制\优化\yixingyouhua2(1)\yixingyouhua2\batch_run\airfoils\sample_1168.dat,0.0015574793,-3.86697e-05,0.2238309402354962,0.2700561309049386,0.3312399295536097,0.1398477295749564,0.3138043716650395,0.3195788394510199,-0.1663988602143415,-0.1156716707296745,0.0405457709112238,-0.0129272356603289,0.0106084958583753,-0.0162082629983824
sample_1169,False,ok,2.0,0.6846,0.00526,-0.1055,130.15209125475286,0.13218237708294553,0.30861723446893785,D:\BH\航空项目制\优化\yixingyouhua2(1)\yixingyouhua2\batch_run\polars\sample_1169_polar.txt,D:\BH\航空项目制\优化\yixingyouhua2(1)\yixingyouhua2\batch_run\airfoils\sample_1169.dat,0.0015574793,-3.86697e-05,0.1584549308652542,0.2729630296279705,0.2831837178278928,0.177994783355978,0.274046749972161,0.2786187804711064,-0.1318896897111438,-0.1195657242737234,-0.0652543336172765,-0.10924987200364,0.0269256321227499,-0.010775479670908
sample_1170,False,ok,2.0,0.7378,0.00488,-0.1095,151.18852459016395,0.13608841428826146,0.344689378757515,D:\BH\航空项目制\优化\yixingyouhua2(1)\yixingyouhua2\batch_run\polars\sample_1170_polar.txt,D:\BH\航空项目制\优化\yixingyouhua2(1)\yixingyouhua2\batch_run\airfoils\sample_1170.dat,0.0015574793,-3.86697e-05,0.1646643053436128,0.2658163541764606,0.3535549733043908,0.1875393903949475,0.3229668583252746,0.2318857262035636,-0.0744185592661229,-0.1255723384562302,-0.028365032985952,-0.1299575199485001,0.0110375818873974,0.0146541392314925
sample_1171,False,ok,2.0,0.6912,0.00594,-0.1011,116.36363636363637,0.12425627470767846,0.2725450901803607,D:\BH\航空项目制\优化\yixingyouhua2(1)\yixingyouhua2\batch_run\polars\sample_1171_polar.txt,D:\BH\航空项目制\优化\yixingyouhua2(1)\yixingyouhua2\batch_run\airfoils\sample_1171.dat,0.0015574793,-3.86697e-05,0.1586998378503502,0.2848765280132231,0.3500595237008766,0.1532911179620306,0.2501169236299819,0.2865898199039657,-0.1956140778448817,-0.0405740498641246,-0.0161032751338406,-0.037808531487893,0.0551978702883236,-0.095718029885985
sample_1172,False,ok,2.0,0.7152,0.00617,-0.086,115.9157212317666,0.13690066980702434,0.26452905811623245,D:\BH\航空项目制\优化\yixingyouhua2(1)\yixingyouhua2\batch_run\polars\sample_1172_polar.txt,D:\BH\航空项目制\优化\yixingyouhua2(1)\yixingyouhua2\batch_run\airfoils\sample_1172.dat,0.0015574793,-3.86697e-05,0.2702919278969767,0.2801962184306308,0.3561544789194942,0.1592543335033605,0.2496226894868525,0.2416011501825652,-0.1828853476068887,-0.0366020172900203,-0.0385259231965835,-0.1120956113850266,0.0678121785111883,-0.0468853109674433
sample_1173,False,ok,2.0,0.6919,0.00617,-0.0955,112.13938411669368,0.10892758484004497,0.23847695390781562,D:\BH\航空项目制\优化\yixingyouhua2(1)\yixingyouhua2\batch_run\polars\sample_1173_polar.txt,D:\BH\航空项目制\优化\yixingyouhua2(1)\yixingyouhua2\batch_run\airfoils\sample_1173.dat,0.0015574793,-3.86697e-05,0.2361898020287164,0.1971897702843014,0.2979523184319559,0.1554670060157619,0.2504782515734636,0.315062637881754,-0.1360503620184969,-0.0662059982692861,0.00261098471631,-0.0271069000802788,0.0818775107395744,-0.0999264597364107
sample_1174,False,ok,2.0,0.7046,0.00751,-0.106,93.82157123834887,0.11175465,0.24048096192384769,D:\BH\航空项目制\优化\yixingyouhua2(1)\yixingyouhua2\batch_run\polars\sample_1174_polar.txt,D:\BH\航空项目制\优化\yixingyouhua2(1)\yixingyouhua2\batch_run\airfoils\sample_1174.dat,0.0015574793,-3.86697e-05,0.2605575367671144,0.1812641781892239,0.2479050574331665,0.189369020451568,0.2711175574915757,0.3183244144239626,-0.1956441543834729,-0.0172987801006121,-0.0610205935836431,-0.0939932906473108,0.034943483829316,0.0036671274926447
sample_1175,False,ok,2.0,0.7141,0.00551,-0.1207,129.60072595281306,0.11992578528518809,0.2945891783567134,D:\BH\航空项目制\优化\yixingyouhua2(1)\yixingyouhua2\batch_run\polars\sample_1175_polar.txt,D:\BH\航空项目制\优化\yixingyouhua2(1)\yixingyouhua2\batch_run\airfoils\sample_1175.dat,0.0015574793,-3.86697e-05,0.1782045968037759,0.196185293722963,0.2905393293910224,0.2050561355344192,0.351939982048444,0.2012769530732231,-0.1677973801959615,-0.0991991733115846,-0.060681426270801,-0.0123470220795191,0.0223840090004699,0.0041485890719244
sample_1176,False,ok,2.0,0.71,0.00575,-0.1079,123.47826086956522,0.11948102876631814,0.3306613226452906,D:\BH\航空项目制\优化\yixingyouhua2(1)\yixingyouhua2\batch_run\polars\sample_1176_polar.txt,D:\BH\航空项目制\优化\yixingyouhua2(1)\yixingyouhua2\batch_run\airfoils\sample_1176.dat,0.0015574793,-3.86697e-05,0.2209663245333754,0.201640685219851,0.2787169840694123,0.2501733068215648,0.3515127519559775,0.2686459780206635,-0.1284279876477508,-0.064172103062445,-0.0768526519315788,-0.0116915279044787,0.0131935352172706,-0.079476960517321
sample_1177,False,ok,2.0,0.706,0.00432,-0.0952,163.42592592592592,0.10979173259726024,0.38476953907815625,D:\BH\航空项目制\优化\yixingyouhua2(1)\yixingyouhua2\batch_run\polars\sample_1177_polar.txt,D:\BH\航空项目制\优化\yixingyouhua2(1)\yixingyouhua2\batch_run\airfoils\sample_1177.dat,0.0015574793,-3.86697e-05,0.1939780308435104,0.2085758820608242,0.320013917362295,0.2390737717206664,0.304106469222379,0.2516850810022681,-0.0840472621306647,0.0009101441192073,-0.0357805894841095,-0.040255508398142,0.030576167208771,-0.1061796174168229
sample_1178,False,ok,2.0,0.7359,0.00498,-0.097,147.7710843373494,0.1138309950967225,0.30861723446893785,D:\BH\航空项目制\优化\yixingyouhua2(1)\yixingyouhua2\batch_run\polars\sample_1178_polar.txt,D:\BH\航空项目制\优化\yixingyouhua2(1)\yixingyouhua2\batch_run\airfoils\sample_1178.dat,0.0015574793,-3.86697e-05,0.1806187925710091,0.2972601385342647,0.3197600725885128,0.1499352123488756,0.3004627307472419,0.2854619499099776,-0.0786029943316975,-0.0319958314416871,0.0149738905455123,-0.0834404945767829,0.0337549233198672,-0.0544339223752744
sample_1179,False,ok,2.0,0.7016,0.0054,-0.0951,129.92592592592592,0.11554878325184112,0.3226452905811623,D:\BH\航空项目制\优化\yixingyouhua2(1)\yixingyouhua2\batch_run\polars\sample_1179_polar.txt,D:\BH\航空项目制\优化\yixingyouhua2(1)\yixingyouhua2\batch_run\airfoils\sample_1179.dat,0.0015574793,-3.86697e-05,0.196655907830281,0.2159638422475285,0.3711604328851332,0.1940305459160465,0.2803903397936879,0.2228117743180359,-0.1349171297329943,-0.0431615203318997,0.0135247144956586,-0.0477570175094192,0.0155857980534457,-0.0723247565859122
sample_1180,False,ok,2.0,0.7162,0.00534,-0.1026,134.1198501872659,0.10878324707132334,0.2945891783567134,D:\BH\航空项目制\优化\yixingyouhua2(1)\yixingyouhua2\batch_run\polars\sample_1180_polar.txt,D:\BH\航空项目制\优化\yixingyouhua2(1)\yixingyouhua2\batch_run\airfoils\sample_1180.dat,0.0015574793,-3.86697e-05,0.1879848155913345,0.2579253561918392,0.2518185379558456,0.1938005688796351,0.2449953798243158,0.3220560257189565,-0.1110630350818421,-0.0371804709503646,-0.0215037906064821,-0.076098247312,0.0717134261709945,-0.0564676446529279
sample_1181,False,ok,2.0,0.7145,0.00563,-0.0914,126.9094138543517,0.12984899545948086,0.2925851703406813,D:\BH\航空项目制\优化\yixingyouhua2(1)\yixingyouhua2\batch_run\polars\sample_1181_polar.txt,D:\BH\航空项目制\优化\yixingyouhua2(1)\yixingyouhua2\batch_run\airfoils\sample_1181.dat,0.0015574793,-3.86697e-05,0.2657378208385363,0.2150408582141393,0.3702420621675915,0.1951650867843458,0.3365853684176976,0.2149086303074418,-0.1108159145358554,-0.1006182521871346,-0.0269464358559642,-0.0167251609342532,0.0204849138453732,-0.0894285411167589
sample_1182,False,ok,2.0,0.6945,0.00662,-0.0852,104.90936555891238,0.12753152596928485,0.25851703406813625,D:\BH\航空项目制\优化\yixingyouhua2(1)\yixingyouhua2\batch_run\polars\sample_1182_polar.txt,D:\BH\航空项目制\优化\yixingyouhua2(1)\yixingyouhua2\batch_run\airfoils\sample_1182.dat,0.0015574793,-3.86697e-05,0.2717076081583259,0.268000013767285,0.2662091625047699,0.2349634438989328,0.2881866707486707,0.2125296005441488,-0.1679213090791356,-0.0523731893851479,-0.0080482256497134,-0.1204703957485126,0.0033479978607982,-0.0261665316530675
sample_1183,False,ok,2.0,0.7986,0.00582,-0.1124,137.21649484536084,0.129555186054426,0.3006012024048096,D:\BH\航空项目制\优化\yixingyouhua2(1)\yixingyouhua2\batch_run\polars\sample_1183_polar.txt,D:\BH\航空项目制\优化\yixingyouhua2(1)\yixingyouhua2\batch_run\airfoils\sample_1183.dat,0.0015574793,-3.86697e-05,0.2545211858511746,0.2967214735466658,0.2740872006034506,0.2214480149934787,0.2928502552497131,0.3129746719446824,-0.1284530985746079,-0.0342348197711068,-0.046721772462655,-0.1372886431997503,0.0864328016074617,0.000833717784916
sample_1184,False,ok,2.0,0.6472,0.00594,-0.0946,108.95622895622895,0.10096714975153705,0.3306613226452906,D:\BH\航空项目制\优化\yixingyouhua2(1)\yixingyouhua2\batch_run\polars\sample_1184_polar.txt,D:\BH\航空项目制\优化\yixingyouhua2(1)\yixingyouhua2\batch_run\airfoils\sample_1184.dat,0.0015574793,-3.86697e-05,0.1648845191006971,0.2187077611360898,0.2709143822927665,0.1406607249806793,0.3579541874030196,0.2767410751818628,-0.1494104538764219,-0.0367425596666207,0.0439175448003061,-0.1336676390313569,0.0180651861895613,-0.1033559188175237
sample_1185,False,ok,2.0,0.7141,0.00487,-0.0994,146.6324435318275,0.11889012377083914,0.3386773547094188,D:\BH\航空项目制\优化\yixingyouhua2(1)\yixingyouhua2\batch_run\polars\sample_1185_polar.txt,D:\BH\航空项目制\优化\yixingyouhua2(1)\yixingyouhua2\batch_run\airfoils\sample_1185.dat,0.0015574793,-3.86697e-05,0.1817100920113356,0.2415089660435115,0.3023867194062983,0.2625208292457494,0.2752267064092731,0.2095438803041398,-0.0878294418319932,-0.0998006687692266,0.0274512750283793,-0.072441816492971,-0.0416461861641253,-0.0072467394077036
sample_1186,False,ok,2.0,0.6718,0.00642,-0.0879,104.6417445482866,0.09746010071061363,0.280561122244489,D:\BH\航空项目制\优化\yixingyouhua2(1)\yixingyouhua2\batch_run\polars\sample_1186_polar.txt,D:\BH\航空项目制\优化\yixingyouhua2(1)\yixingyouhua2\batch_run\airfoils\sample_1186.dat,0.0015574793,-3.86697e-05,0.2304706189597434,0.174767418878901,0.2433616964651392,0.2145565646299936,0.2426108571263691,0.2327094380800705,-0.0832092677976837,-0.0696410723483647,0.007353512631246,-0.0235356486346411,-0.0013623100686327,-0.0196578302906831
sample_1187,False,ok,2.0,0.7013,0.00459,-0.1105,152.78867102396515,0.11032108315608907,0.37675350701402804,D:\BH\航空项目制\优化\yixingyouhua2(1)\yixingyouhua2\batch_run\polars\sample_1187_polar.txt,D:\BH\航空项目制\优化\yixingyouhua2(1)\yixingyouhua2\batch_run\airfoils\sample_1187.dat,0.0015574793,-3.86697e-05,0.1667387122169648,0.1738241491381251,0.317691780907135,0.1828806017222734,0.3430123184823447,0.2640296972366351,-0.113856392850889,-0.0379803534982806,-0.0643442333177347,-0.0220369076155573,-0.0418268623218039,-0.0287594238505523
sample_1188,False,ok,2.0,0.6434,0.00731,-0.0892,88.01641586867305,0.11189695022080437,0.3006012024048096,D:\BH\航空项目制\优化\yixingyouhua2(1)\yixingyouhua2\batch_run\polars\sample_1188_polar.txt,D:\BH\航空项目制\优化\yixingyouhua2(1)\yixingyouhua2\batch_run\airfoils\sample_1188.dat,0.0015574793,-3.86697e-05,0.2509325040239979,0.1744821007591855,0.24477158729247,0.2570703207768774,0.307560507315477,0.2420281377768289,-0.1475787264933624,-0.0749198974073282,-0.0142207176942237,-0.0838257532443841,0.0267188126569594,-0.0829012333979968
sample_1189,False,ok,2.0,0.6355,0.00724,-0.0768,87.77624309392264,0.11591770259537709,0.25851703406813625,D:\BH\航空项目制\优化\yixingyouhua2(1)\yixingyouhua2\batch_run\polars\sample_1189_polar.txt,D:\BH\航空项目制\优化\yixingyouhua2(1)\yixingyouhua2\batch_run\airfoils\sample_1189.dat,0.0015574793,-3.86697e-05,0.2754007900047698,0.2026619524041367,0.2632463320985126,0.241779603442487,0.2687740174620853,0.2587407849926055,-0.1757855738536008,-0.023426188937893,-0.0449859953617558,-0.050858231919304,-0.0166946284902785,-0.1007454358987783
sample_1190,False,ok,2.0,0.7207,0.00591,-0.0783,121.94585448392554,0.1104253609959145,0.25851703406813625,D:\BH\航空项目制\优化\yixingyouhua2(1)\yixingyouhua2\batch_run\polars\sample_1190_polar.txt,D:\BH\航空项目制\优化\yixingyouhua2(1)\yixingyouhua2\batch_run\airfoils\sample_1190.dat,0.0015574793,-3.86697e-05,0.2505596469429223,0.2889749720134776,0.2879029826166857,0.1853631237748928,0.2643244031671028,0.2230874637888162,-0.0819429938349397,-0.0203616443373985,0.0317143741226799,-0.0583595323684888,0.0759690057880266,-0.0864959977372428
sample_1191,False,ok,2.0,0.7699,0.00511,-0.1094,150.66536203522506,0.12465066438992733,0.38276553106212424,D:\BH\航空项目制\优化\yixingyouhua2(1)\yixingyouhua2\batch_run\polars\sample_1191_polar.txt,D:\BH\航空项目制\优化\yixingyouhua2(1)\yixingyouhua2\batch_run\airfoils\sample_1191.dat,0.0015574793,-3.86697e-05,0.2616686149155234,0.1820593513742126,0.3575109859233349,0.2592987451142279,0.3302214148546198,0.3194468543367604,-0.0764962849480642,-0.0571415215632527,-0.0316087389089323,-0.063836711013042,2.7609799313141337e-05,-0.0594549120465385
sample_1192,False,ok,2.0,0.7443,0.00672,-0.0942,110.75892857142856,0.11945063717157572,0.1943887775551102,D:\BH\航空项目制\优化\yixingyouhua2(1)\yixingyouhua2\batch_run\polars\sample_1192_polar.txt,D:\BH\航空项目制\优化\yixingyouhua2(1)\yixingyouhua2\batch_run\airfoils\sample_1192.dat,0.0015574793,-3.86697e-05,0.2710158026113857,0.285652482487715,0.3032852975153078,0.1564959790282605,0.3540890533529144,0.2591088169263795,-0.1842695663615857,-0.0073481239012043,0.0479843755547646,-0.0171480424923945,-0.0251700865535035,-0.0657696704147944
sample_1193,False,ok,2.0,0.6784,0.00592,-0.0827,114.5945945945946,0.1281571870716416,0.2725450901803607,D:\BH\航空项目制\优化\yixingyouhua2(1)\yixingyouhua2\batch_run\polars\sample_1193_polar.txt,D:\BH\航空项目制\优化\yixingyouhua2(1)\yixingyouhua2\batch_run\airfoils\sample_1193.dat,0.0015574793,-3.86697e-05,0.2392669740809193,0.2521474303186528,0.372459056488736,0.1641136326683624,0.2522308759257378,0.2449815734215245,-0.1861710533098325,-0.0304549622310058,-0.0207294565841062,-0.0582996069090655,0.0008880841903331,-0.0826528334362793
sample_1194,False,ok,2.0,0.7364,0.00549,-0.091,134.13479052823317,0.13118153657783171,0.31462925851703405,D:\BH\航空项目制\优化\yixingyouhua2(1)\yixingyouhua2\batch_run\polars\sample_1194_polar.txt,D:\BH\航空项目制\优化\yixingyouhua2(1)\yixingyouhua2\batch_run\airfoils\sample_1194.dat,0.0015574793,-3.86697e-05,0.2432809549016588,0.2719725647072129,0.3475550274623731,0.2554999772781224,0.2575040941455707,0.2055206757020807,-0.1331161728404485,-0.0420819932025046,-0.0232991633536382,-0.0578795521641734,-0.0182097253825349,-0.0230343911817153
sample_1195,False,ok,2.0,0.6787,0.00517,-0.1055,131.27659574468083,0.12498271936465714,0.30861723446893785,D:\BH\航空项目制\优化\yixingyouhua2(1)\yixingyouhua2\batch_run\polars\sample_1195_polar.txt,D:\BH\航空项目制\优化\yixingyouhua2(1)\yixingyouhua2\batch_run\airfoils\sample_1195.dat,0.0015574793,-3.86697e-05,0.1741772687077458,0.2111780868296376,0.3285220264650651,0.1419589472046248,0.2863208414131402,0.2859174858700027,-0.1302735711789964,-0.1107901928493014,-0.0551031903947182,-0.1028763092557669,0.082494535769265,-0.0555559493892694
sample_1196,False,ok,2.0,0.7664,0.00559,-0.0916,137.1019677996422,0.12645644440177467,0.2725450901803607,D:\BH\航空项目制\优化\yixingyouhua2(1)\yixingyouhua2\batch_run\polars\sample_1196_polar.txt,D:\BH\航空项目制\优化\yixingyouhua2(1)\yixingyouhua2\batch_run\airfoils\sample_1196.dat,0.0015574793,-3.86697e-05,0.2736156482386209,0.2993087774831126,0.2903713767171734,0.2120924196538051,0.299731250093057,0.2124801092586449,-0.0908356535349023,-0.0668296525912372,0.0173026366108877,-0.1057391896699227,0.0299170090029153,0.0031760265859531
sample_1197,False,ok,2.0,0.6147,0.00579,-0.083,106.16580310880829,0.12141450065863654,0.2885771543086172,D:\BH\航空项目制\优化\yixingyouhua2(1)\yixingyouhua2\batch_run\polars\sample_1197_polar.txt,D:\BH\航空项目制\优化\yixingyouhua2(1)\yixingyouhua2\batch_run\airfoils\sample_1197.dat,0.0015574793,-3.86697e-05,0.2024646679850424,0.2301668015077126,0.2509813488749771,0.242911961182134,0.2375216209885078,0.2152902197427599,-0.1806322938919102,-0.0855989155894708,-0.0099264378968304,-0.132370789868905,0.0126736301693408,-0.0581684806410539
sample_1198,False,ok,2.0,0.7469,0.00731,-0.11,102.17510259917921,0.12190134270464004,0.2124248496993988,D:\BH\航空项目制\优化\yixingyouhua2(1)\yixingyouhua2\batch_run\polars\sample_1198_polar.txt,D:\BH\航空项目制\优化\yixingyouhua2(1)\yixingyouhua2\batch_run\airfoils\sample_1198.dat,0.0015574793,-3.86697e-05,0.2782385415071333,0.2157210087211915,0.2676263421520604,0.2259997076588117,0.3565333546358495,0.2172019529080879,-0.1727033974743136,-0.0864558571096499,0.0108937908012886,-0.0321817230324266,0.0159495440160289,-0.0001764950535096
sample_1199,False,ok,2.0,0.6926,0.00553,-0.1153,125.24412296564195,0.10201588323196537,0.3166332665330661,D:\BH\航空项目制\优化\yixingyouhua2(1)\yixingyouhua2\batch_run\polars\sample_1199_polar.txt,D:\BH\航空项目制\优化\yixingyouhua2(1)\yixingyouhua2\batch_run\airfoils\sample_1199.dat,0.0015574793,-3.86697e-05,0.1567297523716748,0.1733549331561006,0.2515904038333431,0.1456966772850477,0.2656528778819037,0.3017437650768216,-0.1135160126605312,-0.06476823636092,-0.0752635377901136,-0.0545866893344508,0.0832578171927533,-0.0038142010291816
sample_1200,False,ok,2.0,0.7491,0.00501,-0.101,149.52095808383234,0.10526435600761895,0.3687374749498998,D:\BH\航空项目制\优化\yixingyouhua2(1)\yixingyouhua2\batch_run\polars\sample_1200_polar.txt,D:\BH\航空项目制\优化\yixingyouhua2(1)\yixingyouhua2\batch_run\airfoils\sample_1200.dat,0.0015574793,-3.86697e-05,0.2462520573043704,0.1752238066881829,0.3347232151325908,0.2110493728135622,0.2666156234365749,0.3052563381128776,-0.0794586108164853,-0.0327118617395534,0.0302437189036347,-0.0670225687942703,-0.0366593122018805,-0.0108607896008634
sample_1201,False,ok,2.0,0.7661,0.00559,-0.1238,137.04830053667263,0.1389820061469889,0.280561122244489,D:\BH\航空项目制\优化\yixingyouhua2(1)\yixingyouhua2\batch_run\polars\sample_1201_polar.txt,D:\BH\航空项目制\优化\yixingyouhua2(1)\yixingyouhua2\batch_run\airfoils\sample_1201.dat,0.0015574793,-3.86697e-05,0.2075300928304183,0.2599640131908812,0.3478776981101081,0.2548752459918822,0.3417136601751378,0.2306373444436967,-0.1986751135499045,-0.124267649377655,0.0306145197078961,-0.1072848557087409,0.0734806403914569,-0.0462456775055629
sample_1202,False,ok,2.0,0.5886,0.00595,-0.0814,98.92436974789915,0.11923862787814168,0.3006012024048096,D:\BH\航空项目制\优化\yixingyouhua2(1)\yixingyouhua2\batch_run\polars\sample_1202_polar.txt,D:\BH\航空项目制\优化\yixingyouhua2(1)\yixingyouhua2\batch_run\airfoils\sample_1202.dat,0.0015574793,-3.86697e-05,0.2067528620213517,0.200641475598394,0.2474149162121197,0.1357206167007858,0.3358265391955956,0.307176207892807,-0.109503854695551,-0.1226709223653254,-0.0796726132489376,-0.077460194639088,-0.0170042964051364,-0.098153875000582
sample_1203,False,ok,2.0,0.6738,0.00633,-0.0784,106.44549763033176,0.1470705772172381,0.26452905811623245,D:\BH\航空项目制\优化\yixingyouhua2(1)\yixingyouhua2\batch_run\polars\sample_1203_polar.txt,D:\BH\航空项目制\优化\yixingyouhua2(1)\yixingyouhua2\batch_run\airfoils\sample_1203.dat,0.0015574793,-3.86697e-05,0.2815357017955311,0.287769965571054,0.3558327807052058,0.153441743710722,0.3118596683244803,0.2454731327691479,-0.1939973941418266,-0.0649059418242922,-0.0660557765073352,-0.1056538300859366,0.0319069643096486,-0.1022126200767643
sample_1204,False,ok,2.0,0.72,0.00522,-0.0956,137.93103448275863,0.129547305118756,0.3226452905811623,D:\BH\航空项目制\优化\yixingyouhua2(1)\yixingyouhua2\batch_run\polars\sample_1204_polar.txt,D:\BH\航空项目制\优化\yixingyouhua2(1)\yixingyouhua2\batch_run\airfoils\sample_1204.dat,0.0015574793,-3.86697e-05,0.2202682510160739,0.2773477806012474,0.3383033192529813,0.1399578912475331,0.3604956818988093,0.2492912041376952,-0.1290655678875453,-0.0361742212807969,-0.0501792467001809,-0.108466960195943,-0.0263034874330032,-0.0169249438177348
sample_1205,False,ok,2.0,0.7968,0.00633,-0.1217,125.87677725118483,0.12935805830181424,0.2865731462925851,D:\BH\航空项目制\优化\yixingyouhua2(1)\yixingyouhua2\batch_run\polars\sample_1205_polar.txt,D:\BH\航空项目制\优化\yixingyouhua2(1)\yixingyouhua2\batch_run\airfoils\sample_1205.dat,0.0015574793,-3.86697e-05,0.2721404617208445,0.2099183164864263,0.3504867222791425,0.2474069099821857,0.3296539019614449,0.2806709024187192,-0.1779129173255804,-0.085664978259578,0.0425844928342753,-0.134634243576509,0.0613279044758055,-0.018630631449267
sample_1206,False,ok,2.0,0.7647,0.0051,-0.119,149.94117647058823,0.11662309927990634,0.35270541082164325,D:\BH\航空项目制\优化\yixingyouhua2(1)\yixingyouhua2\batch_run\polars\sample_1206_polar.txt,D:\BH\航空项目制\优化\yixingyouhua2(1)\yixingyouhua2\batch_run\airfoils\sample_1206.dat,0.0015574793,-3.86697e-05,0.1986432751225227,0.2126154092275627,0.2926052469744644,0.2106306991398765,0.2624277078140953,0.3051028869189334,-0.1118193462997613,-0.0397301916472087,-0.0548320769793465,-0.117965563597346,0.0767758896784876,0.0159793804795023
sample_1207,False,ok,2.0,0.6901,0.00594,-0.0987,116.17845117845118,0.120068134429826,0.2725450901803607,D:\BH\航空项目制\优化\yixingyouhua2(1)\yixingyouhua2\batch_run\polars\sample_1207_polar.txt,D:\BH\航空项目制\优化\yixingyouhua2(1)\yixingyouhua2\batch_run\airfoils\sample_1207.dat,0.0015574793,-3.86697e-05,0.2311020624360695,0.2091121751086169,0.2934072839321742,0.237016813371916,0.3071751755656823,0.2257877238416512,-0.1568788092078512,-0.1063135526482258,0.0299724601344154,-0.0772962492588633,-0.0009230715465521,-0.0503426290094054
sample_1208,False,ok,2.0,0.654,0.00599,-0.0786,109.18196994991654,0.09869300011367127,0.25250501002004005,D:\BH\航空项目制\优化\yixingyouhua2(1)\yixingyouhua2\batch_run\polars\sample_1208_polar.txt,D:\BH\航空项目制\优化\yixingyouhua2(1)\yixingyouhua2\batch_run\airfoils\sample_1208.dat,0.0015574793,-3.86697e-05,0.2069775962643217,0.239822967189877,0.2526075942037996,0.1530351967513946,0.3297205525955981,0.2315723500336606,-0.0843143841118591,-0.0558939448915767,0.0406240877547153,-0.0135284198112712,-0.0234932989013304,-0.1002944814405188
sample_1209,False,ok,2.0,0.7873,0.0056,-0.1283,140.58928571428572,0.1361850678964034,0.3006012024048096,D:\BH\航空项目制\优化\yixingyouhua2(1)\yixingyouhua2\batch_run\polars\sample_1209_polar.txt,D:\BH\航空项目制\优化\yixingyouhua2(1)\yixingyouhua2\batch_run\airfoils\sample_1209.dat,0.0015574793,-3.86697e-05,0.1762544126736651,0.2767805000991333,0.3428878806887249,0.2494870189150645,0.2564186130977344,0.3066399883422118,-0.1779769968181953,-0.0818235735350095,-0.0520865121889383,-0.0151559644140753,-0.0122694854317904,0.0125086182053613
sample_1210,False,ok,2.0,0.7438,0.00642,-0.099,115.85669781931463,0.14143749095881486,0.22645290581162322,D:\BH\航空项目制\优化\yixingyouhua2(1)\yixingyouhua2\batch_run\polars\sample_1210_polar.txt,D:\BH\航空项目制\优化\yixingyouhua2(1)\yixingyouhua2\batch_run\airfoils\sample_1210.dat,0.0015574793,-3.86697e-05,0.2764732634106165,0.2874682221054531,0.3207459992772568,0.177028645474853,0.2791649078171301,0.2472122184731625,-0.1925425703057873,-0.1125654979577931,0.0383076231127001,-0.1318414487166052,0.030516471155219,0.006914087230447
sample_1211,False,ok,2.0,0.7606,0.00476,-0.1202,159.78991596638656,0.11791241482479795,0.35270541082164325,D:\BH\航空项目制\优化\yixingyouhua2(1)\yixingyouhua2\batch_run\polars\sample_1211_polar.txt,D:\BH\航空项目制\优化\yixingyouhua2(1)\yixingyouhua2\batch_run\airfoils\sample_1211.dat,0.0015574793,-3.86697e-05,0.1601071045760633,0.2382955064579658,0.321332098477926,0.216823140602649,0.3140639715296776,0.268012697639723,-0.1130166263909525,-0.0592894466268975,-0.0108848803381308,-0.0717044122447686,0.0046791691452541,-0.0018805681466016
sample_1212,False,ok,2.0,0.7431,0.00636,-0.101,116.83962264150942,0.12556539657576596,0.23046092184368736,D:\BH\航空项目制\优化\yixingyouhua2(1)\yixingyouhua2\batch_run\polars\sample_1212_polar.txt,D:\BH\航空项目制\优化\yixingyouhua2(1)\yixingyouhua2\batch_run\airfoils\sample_1212.dat,0.0015574793,-3.86697e-05,0.2620038204721944,0.2836238003296207,0.2495964105531215,0.1355460713263203,0.2903697137518334,0.2952817678118964,-0.1562639668563106,-0.0477536566537268,-0.0655346059185381,-0.0469891367447321,0.0674788004607045,-0.011828498386942
sample_1213,False,ok,2.0,0.7871,0.0058,-0.1236,135.70689655172416,0.13007317440198493,0.3006012024048096,D:\BH\航空项目制\优化\yixingyouhua2(1)\yixingyouhua2\batch_run\polars\sample_1213_polar.txt,D:\BH\航空项目制\优化\yixingyouhua2(1)\yixingyouhua2\batch_run\airfoils\sample_1213.dat,0.0015574793,-3.86697e-05,0.2016420515974006,0.2576869445816473,0.3660253119172461,0.1968692972652742,0.3129266774946052,0.2983118772932518,-0.1731068379670554,-0.0590441476398914,-0.0058760005060125,-0.0952482113556523,0.0769243080832688,-0.0367706251257323
sample_1214,False,ok,2.0,0.7271,0.00649,-0.0998,112.03389830508473,0.13090546925960692,0.2665330661322645,D:\BH\航空项目制\优化\yixingyouhua2(1)\yixingyouhua2\batch_run\polars\sample_1214_polar.txt,D:\BH\航空项目制\优化\yixingyouhua2(1)\yixingyouhua2\batch_run\airfoils\sample_1214.dat,0.0015574793,-3.86697e-05,0.2492249394204505,0.2756022043821112,0.3433495268337868,0.1668596702574105,0.3491160911957724,0.3189465039026455,-0.1963945295945923,-0.0292940072592471,-0.002955867232723,-0.112903505801995,0.0104464856307067,-0.0907180800952038
sample_1215,False,ok,2.0,0.7797,0.00605,-0.1134,128.87603305785123,0.11606741350204616,0.250501002004008,D:\BH\航空项目制\优化\yixingyouhua2(1)\yixingyouhua2\batch_run\polars\sample_1215_polar.txt,D:\BH\航空项目制\优化\yixingyouhua2(1)\yixingyouhua2\batch_run\airfoils\sample_1215.dat,0.0015574793,-3.86697e-05,0.2588243396695501,0.1916962942851636,0.3593972966979941,0.1929445757257959,0.2512933224570438,0.2859872117668491,-0.1628967115799036,-0.0579322364369152,0.0344911369585122,-0.0394575910503173,0.0272218546407236,0.0024371023628388
sample_1216,False,ok,2.0,0.7804,0.00512,-0.1022,152.42187499999997,0.117961567227347,0.3166332665330661,D:\BH\航空项目制\优化\yixingyouhua2(1)\yixingyouhua2\batch_run\polars\sample_1216_polar.txt,D:\BH\航空项目制\优化\yixingyouhua2(1)\yixingyouhua2\batch_run\airfoils\sample_1216.dat,0.0015574793,-3.86697e-05,0.2122402915864405,0.297833611573283,0.3115147258788687,0.2558356594226792,0.2912858732067623,0.2338071538848272,-0.0811913740156342,-0.0282109691750437,0.0172448195952748,-0.0537035162788688,0.0521971989223229,-0.0523973447601391
sample_1217,False,polar_parse_failed,,,,,,,,,,,,,,,,,,,,,,,
sample_1218,False,ok,2.0,0.6617,0.00624,-0.0845,106.04166666666666,0.11876958987047802,0.34669338677354705,D:\BH\航空项目制\优化\yixingyouhua2(1)\yixingyouhua2\batch_run\polars\sample_1218_polar.txt,D:\BH\航空项目制\优化\yixingyouhua2(1)\yixingyouhua2\batch_run\airfoils\sample_1218.dat,0.0015574793,-3.86697e-05,0.2631907196550405,0.1807013783509116,0.3038223049239903,0.1973465078405904,0.3124370728282563,0.2739625077826534,-0.1041823660970572,-0.0457211932596085,-0.0699156636885574,-0.1035227796627144,0.0698866632273538,-0.1028428028578424
sample_1219,False,ok,2.0,0.6693,0.00601,-0.0956,111.36439267886855,0.12940115167174046,0.2945891783567134,D:\BH\航空项目制\优化\yixingyouhua2(1)\yixingyouhua2\batch_run\polars\sample_1219_polar.txt,D:\BH\航空项目制\优化\yixingyouhua2(1)\yixingyouhua2\batch_run\airfoils\sample_1219.dat,0.0015574793,-3.86697e-05,0.1915631856549992,0.2960666173339494,0.2575269458910107,0.2144534144894133,0.3334212727856942,0.2493884771128459,-0.1765464493657967,-0.0500910489389904,-0.0684114619189466,-0.0915539238955634,0.0623515017658625,-0.1066133719790406
sample_1220,False,ok,2.0,0.6622,0.00577,-0.0955,114.76603119584055,0.11486909554841328,0.30260521042084165,D:\BH\航空项目制\优化\yixingyouhua2(1)\yixingyouhua2\batch_run\polars\sample_1220_polar.txt,D:\BH\航空项目制\优化\yixingyouhua2(1)\yixingyouhua2\batch_run\airfoils\sample_1220.dat,0.0015574793,-3.86697e-05,0.2112925858434025,0.1947744422065826,0.2924704561289582,0.1439152694891663,0.309741561684365,0.3042231532764558,-0.1292421101102615,-0.0935020923446271,-0.0104965969207127,-0.1083127674995997,-0.0278299865049349,-0.0346219119781894
sample_1221,False,ok,2.0,0.7344,0.00645,-0.085,113.86046511627907,0.11053841661404132,0.22044088176352702,D:\BH\航空项目制\优化\yixingyouhua2(1)\yixingyouhua2\batch_run\polars\sample_1221_polar.txt,D:\BH\航空项目制\优化\yixingyouhua2(1)\yixingyouhua2\batch_run\airfoils\sample_1221.dat,0.0015574793,-3.86697e-05,0.2724853251447464,0.2646058778156254,0.2843723467407765,0.1364900549817959,0.2428083075141057,0.2647804784854797,-0.1269994602691563,-0.0060720111059959,0.0257165800356449,-0.0855275460459105,0.0567323206006189,-0.0246750141783015
sample_1222,False,ok,2.0,0.7128,0.00581,-0.095,122.68502581755594,0.11886464066383096,0.30260521042084165,D:\BH\航空项目制\优化\yixingyouhua2(1)\yixingyouhua2\batch_run\polars\sample_1222_polar.txt,D:\BH\航空项目制\优化\yixingyouhua2(1)\yixingyouhua2\batch_run\airfoils\sample_1222.dat,0.0015574793,-3.86697e-05,0.2436431974937397,0.2262219541533305,0.3138884346630515,0.2328295732923386,0.3361614449578907,0.2034716430402499,-0.1399183334822319,-0.0456279758597186,-0.0066753150466895,-0.0572587732435232,0.0412023359836943,-0.0857233128854275
sample_1223,False,ok,2.0,0.7834,0.0048,-0.1061,163.20833333333334,0.13431178862094664,0.37675350701402804,D:\BH\航空项目制\优化\yixingyouhua2(1)\yixingyouhua2\batch_run\polars\sample_1223_polar.txt,D:\BH\航空项目制\优化\yixingyouhua2(1)\yixingyouhua2\batch_run\airfoils\sample_1223.dat,0.0015574793,-3.86697e-05,0.2258263339483754,0.2779731304261716,0.3687507471014818,0.2382275785136916,0.3608510296326346,0.2554816339853696,-0.1035278869877088,-0.015896425951468,-0.0255593923965504,-0.115151033863452,-0.0205183786262795,-0.0326465557088214
sample_1224,False,ok,2.0,0.6978,0.00614,-0.0808,113.64820846905538,0.11809216131302842,0.280561122244489,D:\BH\航空项目制\优化\yixingyouhua2(1)\yixingyouhua2\batch_run\polars\sample_1224_polar.txt,D:\BH\航空项目制\优化\yixingyouhua2(1)\yixingyouhua2\batch_run\airfoils\sample_1224.dat,0.0015574793,-3.86697e-05,0.2224843532224834,0.2923391953671642,0.3303511356592151,0.1453374066155943,0.3021126459486386,0.3047455151775696,-0.1046957381265038,-0.0478352940937175,0.0481198611414284,-0.0906642124533312,-0.0304220242531932,-0.1017628175308055
sample_1225,False,ok,2.0,0.6534,0.00487,-0.0958,134.1683778234086,0.12964483563836846,0.344689378757515,D:\BH\航空项目制\优化\yixingyouhua2(1)\yixingyouhua2\batch_run\polars\sample_1225_polar.txt,D:\BH\航空项目制\优化\yixingyouhua2(1)\yixingyouhua2\batch_run\airfoils\sample_1225.dat,0.0015574793,-3.86697e-05,0.1989813129780918,0.1774060322988604,0.3477027630153052,0.2333518687770448,0.2854846215386473,0.2062560809612351,-0.1481888803515955,-0.0980135697767675,-0.062968377204412,-0.0808632852816097,0.022164151636985,-0.0640593641998314
sample_1226,False,ok,2.0,0.6656,0.00643,-0.0868,103.51477449455676,0.11811439700636193,0.22645290581162322,D:\BH\航空项目制\优化\yixingyouhua2(1)\yixingyouhua2\batch_run\polars\sample_1226_polar.txt,D:\BH\航空项目制\优化\yixingyouhua2(1)\yixingyouhua2\batch_run\airfoils\sample_1226.dat,0.0015574793,-3.86697e-05,0.2518301483413596,0.219458055782415,0.2911378545274312,0.1602977805597284,0.2696702813809585,0.2098248009968423,-0.1934769104102287,-0.044942700723929,0.0099747113938993,-0.1356242199320727,0.0813819634184356,-0.0402310400498035
sample_1227,False,ok,2.0,0.646,0.00526,-0.0924,122.81368821292776,0.11474345823467072,0.35270541082164325,D:\BH\航空项目制\优化\yixingyouhua2(1)\yixingyouhua2\batch_run\polars\sample_1227_polar.txt,D:\BH\航空项目制\优化\yixingyouhua2(1)\yixingyouhua2\batch_run\airfoils\sample_1227.dat,0.0015574793,-3.86697e-05,0.1659481987228741,0.2416855959857995,0.2601917423707103,0.2387286156077581,0.3556148472050281,0.1967628365977175,-0.1583509736210364,-0.0413017610005656,-0.0281887496054006,-0.053597314915636,-0.0423384757947142,-0.094225290650407
sample_1228,False,ok,2.0,0.667,0.00696,-0.086,95.83333333333334,0.11260307549492483,0.3226452905811623,D:\BH\航空项目制\优化\yixingyouhua2(1)\yixingyouhua2\batch_run\polars\sample_1228_polar.txt,D:\BH\航空项目制\优化\yixingyouhua2(1)\yixingyouhua2\batch_run\airfoils\sample_1228.dat,0.0015574793,-3.86697e-05,0.2621268170689501,0.1921506820154549,0.3060494163139372,0.1714695244306037,0.3618186011450504,0.3039044666241409,-0.1282525970056829,-0.0522983773563455,0.0153821174551849,-0.1070286865872646,-0.027947558095475,-0.094715985999601
sample_1229,False,ok,2.0,0.704,0.00632,-0.101,111.39240506329114,0.1289245259667368,0.23246492985971942,D:\BH\航空项目制\优化\yixingyouhua2(1)\yixingyouhua2\batch_run\polars\sample_1229_polar.txt,D:\BH\航空项目制\优化\yixingyouhua2(1)\yixingyouhua2\batch_run\airfoils\sample_1229.dat,0.0015574793,-3.86697e-05,0.2300963254355886,0.271817864004045,0.2487786515710905,0.1974977027091518,0.281247425495213,0.2527698067416157,-0.1736683592817184,-0.1124733951245165,-0.0002873329841875,-0.0828553381600415,0.0102131304103625,-0.000612523001714
sample_1230,False,ok,2.0,0.7524,0.005,-0.1025,150.48,0.12180620982439368,0.3306613226452906,D:\BH\航空项目制\优化\yixingyouhua2(1)\yixingyouhua2\batch_run\polars\sample_1230_polar.txt,D:\BH\航空项目制\优化\yixingyouhua2(1)\yixingyouhua2\batch_run\airfoils\sample_1230.dat,0.0015574793,-3.86697e-05,0.233111367800713,0.2465640456191178,0.3101522939200717,0.231688793667822,0.2890692968883219,0.2898308497502009,-0.0894417328336975,-0.0595423794875362,-0.0095032213986585,-0.099327985616575,0.0276613236357518,-0.0399555396350105
sample_1231,False,ok,2.0,0.7399,0.0055,-0.1011,134.52727272727273,0.12855862296657947,0.2885771543086172,D:\BH\航空项目制\优化\yixingyouhua2(1)\yixingyouhua2\batch_run\polars\sample_1231_polar.txt,D:\BH\航空项目制\优化\yixingyouhua2(1)\yixingyouhua2\batch_run\airfoils\sample_1231.dat,0.0015574793,-3.86697e-05,0.2106282755185312,0.2782285759008216,0.323033607818373,0.1505730316111402,0.2758231518390919,0.2962507942287113,-0.0821746270558127,-0.0937489281238013,-0.0624492693552384,-0.0346254691595105,0.0500001411503384,-0.0389403019262487
sample_1232,False,ok,2.0,0.6886,0.00594,-0.083,115.92592592592592,0.12789921714921948,0.2745490981963928,D:\BH\航空项目制\优化\yixingyouhua2(1)\yixingyouhua2\batch_run\polars\sample_1232_polar.txt,D:\BH\航空项目制\优化\yixingyouhua2(1)\yixingyouhua2\batch_run\airfoils\sample_1232.dat,0.0015574793,-3.86697e-05,0.2777881482143811,0.216975678374348,0.3636568128268417,0.2193984644210881,0.3029011287440589,0.2017455828943153,-0.1625009183326276,-0.0630266584540653,0.0013924291774288,-0.0512917029652824,0.0018741406378372,-0.0962361979919905
sample_1233,False,ok,2.0,0.7259,0.00553,-0.1208,131.26582278481013,0.14326883319940925,0.31462925851703405,D:\BH\航空项目制\优化\yixingyouhua2(1)\yixingyouhua2\batch_run\polars\sample_1233_polar.txt,D:\BH\航空项目制\优化\yixingyouhua2(1)\yixingyouhua2\batch_run\airfoils\sample_1233.dat,0.0015574793,-3.86697e-05,0.184824615785966,0.2385456151462946,0.3681606728130049,0.2004355429416608,0.3591710234850526,0.3188920795358646,-0.1694208953981757,-0.1249737429008392,-0.0806229603792905,-0.0385709076412625,-0.0111984100204482,-0.0690952086216275
sample_1234,False,ok,2.0,0.6615,0.0048,-0.0913,137.8125,0.098752890404103,0.4288577154308617,D:\BH\航空项目制\优化\yixingyouhua2(1)\yixingyouhua2\batch_run\polars\sample_1234_polar.txt,D:\BH\航空项目制\优化\yixingyouhua2(1)\yixingyouhua2\batch_run\airfoils\sample_1234.dat,0.0015574793,-3.86697e-05,0.1938057896109853,0.1845780733395769,0.2850509843202662,0.1764537471607593,0.3518425195490035,0.3092617747491526,-0.0879125587564444,-0.0257655129847554,0.023661435627394,-0.0734012314166912,-0.0342606579721745,-0.099806052850376
sample_1235,False,ok,2.0,0.6968,0.0056,-0.1201,124.42857142857143,0.1159680645013413,0.2925851703406813,D:\BH\航空项目制\优化\yixingyouhua2(1)\yixingyouhua2\batch_run\polars\sample_1235_polar.txt,D:\BH\航空项目制\优化\yixingyouhua2(1)\yixingyouhua2\batch_run\airfoils\sample_1235.dat,0.0015574793,-3.86697e-05,0.1560976734961316,0.1894410572134724,0.3175419079472209,0.1482294002196638,0.3476120594276969,0.2639927205283199,-0.1690164487642426,-0.1111652987197322,-0.0137050726395179,-0.05010612868071,0.0296123451160187,-0.0329297032618511
sample_1236,False,ok,2.0,0.7246,0.00591,-0.079,122.60575296108291,0.11421804937228384,0.250501002004008,D:\BH\航空项目制\优化\yixingyouhua2(1)\yixingyouhua2\batch_run\polars\sample_1236_polar.txt,D:\BH\航空项目制\优化\yixingyouhua2(1)\yixingyouhua2\batch_run\airfoils\sample_1236.dat,0.0015574793,-3.86697e-05,0.2690704752732071,0.286284375179116,0.2921959262070768,0.1568404417646615,0.2543926082006872,0.3072607645947954,-0.0799015349124452,-0.0290613607263454,0.0038291333199944,-0.033115228844021,0.0589140538741456,-0.1084345433706705
sample_1237,False,ok,2.0,0.8662,0.00544,-0.1359,159.22794117647058,0.10877835423428397,0.39078156312625245,D:\BH\航空项目制\优化\yixingyouhua2(1)\yixingyouhua2\batch_run\polars\sample_1237_polar.txt,D:\BH\航空项目制\优化\yixingyouhua2(1)\yixingyouhua2\batch_run\airfoils\sample_1237.dat,0.0015574793,-3.86697e-05,0.2204653343245674,0.1934948052224868,0.3625246662558886,0.2470181575368302,0.3251894837781829,0.2738453399115543,-0.1066537069846591,-0.0017571147695952,0.0484950174688126,-0.0953003826393679,0.080588477499969,0.0147144013764428
sample_1238,False,ok,2.0,0.7092,0.00538,-0.1041,131.82156133828997,0.10391774919413951,0.30861723446893785,D:\BH\航空项目制\优化\yixingyouhua2(1)\yixingyouhua2\batch_run\polars\sample_1238_polar.txt,D:\BH\航空项目制\优化\yixingyouhua2(1)\yixingyouhua2\batch_run\airfoils\sample_1238.dat,0.0015574793,-3.86697e-05,0.1586577177855228,0.2452404320486228,0.2673373653691758,0.2412077240467274,0.2557994876539272,0.3165018392338967,-0.1027598130517278,-0.0629173122380762,0.0357879501008775,-0.0267350422749197,0.0125967881141815,-0.1002052545888837
sample_1239,False,ok,2.0,0.7834,0.00512,-0.1137,153.00781249999997,0.11496619569206183,0.3386773547094188,D:\BH\航空项目制\优化\yixingyouhua2(1)\yixingyouhua2\batch_run\polars\sample_1239_polar.txt,D:\BH\航空项目制\优化\yixingyouhua2(1)\yixingyouhua2\batch_run\airfoils\sample_1239.dat,0.0015574793,-3.86697e-05,0.1771543988859126,0.2439365164675179,0.3595478715497642,0.251691421647822,0.2626469355106431,0.2035274699295046,-0.1117480980577288,-0.0157193427333433,-0.001345799867327,-0.0177087997408216,0.0258927283264895,0.0066208398635165
sample_1240,False,ok,2.0,0.7204,0.00584,-0.1028,123.35616438356166,0.12084754159852283,0.2945891783567134,D:\BH\航空项目制\优化\yixingyouhua2(1)\yixingyouhua2\batch_run\polars\sample_1240_polar.txt,D:\BH\航空项目制\优化\yixingyouhua2(1)\yixingyouhua2\batch_run\airfoils\sample_1240.dat,0.0015574793,-3.86697e-05,0.2020339977350137,0.2775557770800136,0.2658343151679834,0.2515648297975017,0.3554122292071174,0.239330479413872,-0.1311709227604287,-0.0736600347648271,0.0058673345911725,-0.0514535340792214,-0.0090044333360873,-0.0749119576440367
sample_1241,False,ok,2.0,0.7714,0.00585,-0.1047,131.86324786324786,0.13456667947795903,0.30861723446893785,D:\BH\航空项目制\优化\yixingyouhua2(1)\yixingyouhua2\batch_run\polars\sample_1241_polar.txt,D:\BH\航空项目制\优化\yixingyouhua2(1)\yixingyouhua2\batch_run\airfoils\sample_1241.dat,0.0015574793,-3.86697e-05,0.2543400951399958,0.2938086946650978,0.2646615038943298,0.2451366598968882,0.290766465404599,0.2990340114522424,-0.0799633882712091,-0.0850239607167015,-0.0732531119375978,-0.1027574243954902,0.0827844941137885,-0.029809886928102
sample_1242,False,ok,2.0,0.6703,0.00552,-0.092,121.43115942028986,0.12487493008807779,0.3166332665330661,D:\BH\航空项目制\优化\yixingyouhua2(1)\yixingyouhua2\batch_run\polars\sample_1242_polar.txt,D:\BH\航空项目制\优化\yixingyouhua2(1)\yixingyouhua2\batch_run\airfoils\sample_1242.dat,0.0015574793,-3.86697e-05,0.2096061393268928,0.2353016453749296,0.3217461805757715,0.1704501100302268,0.3037422455834775,0.3089641454836694,-0.1409315136306394,-0.0705316842832262,-0.0325180882290301,-0.0967726706012461,-0.0288503536056381,-0.075571263965044
sample_1243,False,ok,2.0,0.7439,0.0075,-0.1178,99.18666666666667,0.12012754147429744,0.2865731462925851,D:\BH\航空项目制\优化\yixingyouhua2(1)\yixingyouhua2\batch_run\polars\sample_1243_polar.txt,D:\BH\航空项目制\优化\yixingyouhua2(1)\yixingyouhua2\batch_run\airfoils\sample_1243.dat,0.0015574793,-3.86697e-05,0.2552641726685305,0.1986591957665204,0.2835056768588376,0.2640303046111716,0.3395911313459478,0.2938380854076757,-0.1975437913047964,-0.0418281236248324,-0.0333658468940759,-0.0425193554607745,-0.0170585012842023,-0.0135048567196038
sample_1244,False,ok,2.0,0.7892,0.00546,-0.1323,144.54212454212455,0.09737407824549045,0.3386773547094188,D:\BH\航空项目制\优化\yixingyouhua2(1)\yixingyouhua2\batch_run\polars\sample_1244_polar.txt,D:\BH\航空项目制\优化\yixingyouhua2(1)\yixingyouhua2\batch_run\airfoils\sample_1244.dat,0.0015574793,-3.86697e-05,0.1606737429874129,0.1948800929798416,0.2805446616746744,0.2081854346551058,0.3092532268347762,0.2773603252613379,-0.108027908771128,-0.0515201783179865,0.0447649038606844,-0.0742626721892679,0.0689634449798846,0.0193776214036726
sample_1245,False,ok,2.0,0.7591,0.00539,-0.12,140.83487940630798,0.10844028969075212,0.39078156312625245,D:\BH\航空项目制\优化\yixingyouhua2(1)\yixingyouhua2\batch_run\polars\sample_1245_polar.txt,D:\BH\航空项目制\优化\yixingyouhua2(1)\yixingyouhua2\batch_run\airfoils\sample_1245.dat,0.0015574793,-3.86697e-05,0.1729213381919235,0.1936523464081567,0.3492296294860468,0.2172219495843452,0.3465755754647971,0.298912185014518,-0.1292195410693571,-0.0081685087931072,0.0049487447976132,-0.0421428284753864,0.0138166073828198,-0.0815372263654184
sample_1246,False,ok,2.0,0.754,0.00569,-0.1126,132.51318101933217,0.13398225478272124,0.3006012024048096,D:\BH\航空项目制\优化\yixingyouhua2(1)\yixingyouhua2\batch_run\polars\sample_1246_polar.txt,D:\BH\航空项目制\优化\yixingyouhua2(1)\yixingyouhua2\batch_run\airfoils\sample_1246.dat,0.0015574793,-3.86697e-05,0.1645052900433928,0.3000355380044421,0.366099260892247,0.2109837789363689,0.3192785012600412,0.2545955084340766,-0.1244624986506563,-0.1161950296307426,0.0318769246613038,-0.0801350363280056,0.0635651095689584,-0.0749933755766596
sample_1247,False,ok,2.0,0.7146,0.00575,-0.106,124.27826086956522,0.11876805325527935,0.280561122244489,D:\BH\航空项目制\优化\yixingyouhua2(1)\yixingyouhua2\batch_run\polars\sample_1247_polar.txt,D:\BH\航空项目制\优化\yixingyouhua2(1)\yixingyouhua2\batch_run\airfoils\sample_1247.dat,0.0015574793,-3.86697e-05,0.1945014042658306,0.2453136121759644,0.322325896533198,0.1880005937371293,0.3149994724507502,0.2151726285346676,-0.1929173493967204,-0.0215374037230519,-0.0308196899130198,-0.0326160030727966,0.0294793912534707,-0.0414768766706973
sample_1248,False,ok,2.0,0.7147,0.006,-0.1025,119.11666666666666,0.11042859650660136,0.2945891783567134,D:\BH\航空项目制\优化\yixingyouhua2(1)\yixingyouhua2\batch_run\polars\sample_1248_polar.txt,D:\BH\航空项目制\优化\yixingyouhua2(1)\yixingyouhua2\batch_run\airfoils\sample_1248.dat,0.0015574793,-3.86697e-05,0.2283811493416374,0.1837450608134128,0.3120952056346047,0.1579286991937908,0.3190183081544527,0.293983774698817,-0.0921989760270208,-0.1065945268709774,0.0267965464051629,-0.0676040210775701,-0.020183525905844,-0.0226505359217276
sample_1249,False,ok,2.0,0.645,0.00615,-0.0791,104.8780487804878,0.13042484366357487,0.24048096192384769,D:\BH\航空项目制\优化\yixingyouhua2(1)\yixingyouhua2\batch_run\polars\sample_1249_polar.txt,D:\BH\航空项目制\优化\yixingyouhua2(1)\yixingyouhua2\batch_run\airfoils\sample_1249.dat,0.0015574793,-3.86697e-05,0.2277029638930142,0.2997192455939642,0.2636381398066089,0.1397934649714706,0.2464586629340352,0.2272711442467213,-0.1878952054572043,-0.0466151510352602,-0.0788873164067131,-0.0648292989654629,0.082016194668808,-0.0721887187015666
sample_1250,False,ok,2.0,0.7343,0.00572,-0.1044,128.37412587412587,0.1270546908836392,0.3306613226452906,D:\BH\航空项目制\优化\yixingyouhua2(1)\yixingyouhua2\batch_run\polars\sample_1250_polar.txt,D:\BH\航空项目制\优化\yixingyouhua2(1)\yixingyouhua2\batch_run\airfoils\sample_1250.dat,0.0015574793,-3.86697e-05,0.2351465758276505,0.2522014670962307,0.3034166287901726,0.2545798404033975,0.3660451471937687,0.3027903781013286,-0.1263481158117755,-0.0588553417002956,-0.0345762808122549,-0.052287589908534,-0.0039088181799304,-0.107506505327228
sample_1251,False,ok,2.0,0.7239,0.00676,-0.1031,107.08579881656804,0.11826699533000382,0.30260521042084165,D:\BH\航空项目制\优化\yixingyouhua2(1)\yixingyouhua2\batch_run\polars\sample_1251_polar.txt,D:\BH\航空项目制\优化\yixingyouhua2(1)\yixingyouhua2\batch_run\airfoils\sample_1251.dat,0.0015574793,-3.86697e-05,0.2561308819018832,0.1879593867055989,0.2689760173996035,0.246202652116134,0.2900114451071384,0.261725567026119,-0.0726617848056235,-0.1229954870442383,-0.0338700963156352,-0.0465093786020832,0.0410842406344895,-0.0190586247063999
sample_1252,False,ok,2.0,0.7258,0.00541,-0.1069,134.15896487985214,0.12182687748610076,0.31462925851703405,D:\BH\航空项目制\优化\yixingyouhua2(1)\yixingyouhua2\batch_run\polars\sample_1252_polar.txt,D:\BH\航空项目制\优化\yixingyouhua2(1)\yixingyouhua2\batch_run\airfoils\sample_1252.dat,0.0015574793,-3.86697e-05,0.2092903972018118,0.220746826088885,0.3205311201040916,0.1961884501372797,0.2683545908938545,0.2338455281030821,-0.1586974256810506,-0.0409562699584865,-0.0612934326014283,-0.0654425534953278,0.0154652832497609,0.0212097149625356
sample_1253,False,ok,2.0,0.7071,0.00574,-0.0906,123.18815331010451,0.10637772952159312,0.2945891783567134,D:\BH\航空项目制\优化\yixingyouhua2(1)\yixingyouhua2\batch_run\polars\sample_1253_polar.txt,D:\BH\航空项目制\优化\yixingyouhua2(1)\yixingyouhua2\batch_run\airfoils\sample_1253.dat,0.0015574793,-3.86697e-05,0.2489836595745132,0.1977003082903541,0.301566830850613,0.1901588261352731,0.2797702855668499,0.2474761604277164,-0.0971513984592839,-0.0362872432021669,-0.006028085572762,-0.0525563704432424,0.0714441817648988,-0.0724196524826993
sample_1254,False,ok,2.0,0.7684,0.00576,-0.1074,133.40277777777777,0.11728168105269624,0.3006012024048096,D:\BH\航空项目制\优化\yixingyouhua2(1)\yixingyouhua2\batch_run\polars\sample_1254_polar.txt,D:\BH\航空项目制\优化\yixingyouhua2(1)\yixingyouhua2\batch_run\airfoils\sample_1254.dat,0.0015574793,-3.86697e-05,0.2412656787019602,0.2286968123659143,0.3513015862660989,0.2331165513936214,0.3293655533340087,0.2452024998237886,-0.1404167158989922,-0.024330510326291,0.0020835255851067,-0.0133549819450938,0.0416093928114506,-0.0853615753927245
sample_1255,False,ok,2.0,0.7104,0.00607,-0.1011,117.0345963756178,0.12111685179185479,0.31462925851703405,D:\BH\航空项目制\优化\yixingyouhua2(1)\yixingyouhua2\batch_run\polars\sample_1255_polar.txt,D:\BH\航空项目制\优化\yixingyouhua2(1)\yixingyouhua2\batch_run\airfoils\sample_1255.dat,0.0015574793,-3.86697e-05,0.1854705264984422,0.2806167027262388,0.3058486795585903,0.193852537094653,0.3199960575141165,0.2871715307427525,-0.1611091002748203,-0.0452482108841422,0.029277809537659,-0.1282687161771827,-0.03550539458778,-0.0435687577673613
sample_1256,False,ok,2.0,0.7392,0.00543,-0.104,136.13259668508286,0.13141419287849257,0.3226452905811623,D:\BH\航空项目制\优化\yixingyouhua2(1)\yixingyouhua2\batch_run\polars\sample_1256_polar.txt,D:\BH\航空项目制\优化\yixingyouhua2(1)\yixingyouhua2\batch_run\airfoils\sample_1256.dat,0.0015574793,-3.86697e-05,0.2586489745873349,0.2131037001603907,0.3486016493994698,0.1835972731321297,0.315490615178456,0.2548378020381404,-0.1496664692386079,-0.0550365653162553,-0.0661635942627554,-0.1037104121655376,-0.0015442759848695,0.0118307964692822
sample_1257,False,ok,2.0,0.6862,0.0048,-0.0918,142.95833333333334,0.13306114811749017,0.374749498997996,D:\BH\航空项目制\优化\yixingyouhua2(1)\yixingyouhua2\batch_run\polars\sample_1257_polar.txt,D:\BH\航空项目制\优化\yixingyouhua2(1)\yixingyouhua2\batch_run\airfoils\sample_1257.dat,0.0015574793,-3.86697e-05,0.157085931473455,0.2993674741930855,0.338112743074489,0.2576583541156643,0.3183453838926879,0.2346384189812949,-0.1287622861970553,-0.0126806693547201,-0.0541444465557539,-0.0887251447644476,-0.0225440104435778,-0.0993514586766832
sample_1258,False,ok,2.0,0.6889,0.00632,-0.0919,109.00316455696202,0.12809296165854733,0.2945891783567134,D:\BH\航空项目制\优化\yixingyouhua2(1)\yixingyouhua2\batch_run\polars\sample_1258_polar.txt,D:\BH\航空项目制\优化\yixingyouhua2(1)\yixingyouhua2\batch_run\airfoils\sample_1258.dat,0.0015574793,-3.86697e-05,0.2628934521980285,0.2400698107048937,0.2960294797441816,0.1952458859777012,0.3658716463284653,0.2463546753423643,-0.1605424687789902,-0.041154745651118,-0.0674777641688529,-0.0988867088435571,0.0691277960649149,-0.1030951936733547
sample_1259,False,ok,2.0,0.7313,0.00691,-0.0974,105.83212735166424,0.09730762371280052,0.23847695390781562,D:\BH\航空项目制\优化\yixingyouhua2(1)\yixingyouhua2\batch_run\polars\sample_1259_polar.txt,D:\BH\航空项目制\优化\yixingyouhua2(1)\yixingyouhua2\batch_run\airfoils\sample_1259.dat,0.0015574793,-3.86697e-05,0.2563593165714939,0.1952823223865764,0.2592236695801613,0.1866268608441273,0.2607927089867251,0.2991466016663685,-0.1116991518848593,-0.0155349640154892,0.015530271618301,-0.0286742541648255,-0.0209090820758249,-0.0022395208716285
sample_1260,False,ok,2.0,0.7965,0.00624,-0.1271,127.64423076923077,0.13415875025096166,0.24649298597194386,D:\BH\航空项目制\优化\yixingyouhua2(1)\yixingyouhua2\batch_run\polars\sample_1260_polar.txt,D:\BH\航空项目制\优化\yixingyouhua2(1)\yixingyouhua2\batch_run\airfoils\sample_1260.dat,0.0015574793,-3.86697e-05,0.2070674263981877,0.3010813188077909,0.3092842706185008,0.1864407450791521,0.3385883842548033,0.3004013258453628,-0.1750776339229843,-0.1144654721038588,0.0186816708710065,-0.0423045117600503,0.0229459061075672,0.0006915054596595
sample_1261,False,ok,2.0,0.7747,0.00465,-0.1245,166.60215053763443,0.11839842950135165,0.3607214428857715,D:\BH\航空项目制\优化\yixingyouhua2(1)\yixingyouhua2\batch_run\polars\sample_1261_polar.txt,D:\BH\航空项目制\优化\yixingyouhua2(1)\yixingyouhua2\batch_run\airfoils\sample_1261.dat,0.0015574793,-3.86697e-05,0.1636640146772406,0.2279589990216993,0.3247162967773406,0.2217633238999536,0.3422716417701133,0.2846580098827528,-0.1020875597447967,-0.0352222228937366,-0.0662611758663563,-0.019467576144982,0.0072293755524298,-0.0264039706146384
sample_1262,False,ok,2.0,0.6706,0.0059,-0.0858,113.66101694915254,0.11698551531156189,0.3246492985971944,D:\BH\航空项目制\优化\yixingyouhua2(1)\yixingyouhua2\batch_run\polars\sample_1262_polar.txt,D:\BH\航空项目制\优化\yixingyouhua2(1)\yixingyouhua2\batch_run\airfoils\sample_1262.dat,0.0015574793,-3.86697e-05,0.1694254219156621,0.2921848977618887,0.3000668438343378,0.1537503198853491,0.312409345492957,0.2369321231975311,-0.1318068157791312,-0.0010085732370223,-0.0367412381384618,-0.0975129952805756,0.0005334964467458,-0.0670845356316917
sample_1263,False,ok,2.0,0.7506,0.0052,-0.1187,144.34615384615387,0.10104545144483007,0.38276553106212424,D:\BH\航空项目制\优化\yixingyouhua2(1)\yixingyouhua2\batch_run\polars\sample_1263_polar.txt,D:\BH\航空项目制\优化\yixingyouhua2(1)\yixingyouhua2\batch_run\airfoils\sample_1263.dat,0.0015574793,-3.86697e-05,0.1714563595751531,0.2008724043830631,0.2757664611564408,0.1431425735022218,0.3391672176933036,0.3161717212270736,-0.0787044050459161,-0.0130178543191624,-0.0293117741080887,-0.1101030152858036,0.045898879246659,0.0064652507219279
sample_1264,False,ok,2.0,0.8075,0.0055,-0.1426,146.8181818181818,0.12159112817186934,0.280561122244489,D:\BH\航空项目制\优化\yixingyouhua2(1)\yixingyouhua2\batch_run\polars\sample_1264_polar.txt,D:\BH\航空项目制\优化\yixingyouhua2(1)\yixingyouhua2\batch_run\airfoils\sample_1264.dat,0.0015574793,-3.86697e-05,0.186106664089786,0.1878509715113519,0.3694810190261153,0.2368131518489191,0.2921239684138241,0.2765387868758963,-0.19082559917793,-0.1128912819329556,0.0462033689541235,-0.0409413790482566,0.055467350842163,0.0167913975575329
sample_1265,False,ok,2.0,0.7246,0.00551,-0.1108,131.50635208711435,0.12933361538215457,0.3306613226452906,D:\BH\航空项目制\优化\yixingyouhua2(1)\yixingyouhua2\batch_run\polars\sample_1265_polar.txt,D:\BH\航空项目制\优化\yixingyouhua2(1)\yixingyouhua2\batch_run\airfoils\sample_1265.dat,0.0015574793,-3.86697e-05,0.1761582774781714,0.2861904171369746,0.2739074691727964,0.2463877231874864,0.3512077967786586,0.243900445477417,-0.154192838201332,-0.0620635957670237,-0.0446892773020273,-0.0860814603248636,-0.0327045683832297,-0.0185316740332996
sample_1266,False,ok,2.0,0.7838,0.00649,-0.1219,120.77041602465331,0.1506577924207038,0.25851703406813625,D:\BH\航空项目制\优化\yixingyouhua2(1)\yixingyouhua2\batch_run\polars\sample_1266_polar.txt,D:\BH\航空项目制\优化\yixingyouhua2(1)\yixingyouhua2\batch_run\airfoils\sample_1266.dat,0.0015574793,-3.86697e-05,0.2536078723959907,0.3026454294354746,0.3123535959474018,0.2075671999132554,0.3529761311012497,0.321933578238412,-0.1946647703271641,-0.1220305268463169,-0.0524851721354049,-0.071359714030113,-0.001201894193237,9.26853382179904e-05
sample_1267,False,ok,2.0,0.7387,0.00618,-0.1214,119.53074433656958,0.12263124805625901,0.25851703406813625,D:\BH\航空项目制\优化\yixingyouhua2(1)\yixingyouhua2\batch_run\polars\sample_1267_polar.txt,D:\BH\航空项目制\优化\yixingyouhua2(1)\yixingyouhua2\batch_run\airfoils\sample_1267.dat,0.0015574793,-3.86697e-05,0.1900060695561886,0.2733953898005629,0.25560411994522,0.2456007663453249,0.3576596068843839,0.315205618993181,-0.1835810564254823,-0.0930639630175788,0.0413855015818639,-0.111676572904667,0.0861967121400193,-0.09839987723611
sample_1268,False,ok,2.0,0.6652,0.00593,-0.0799,112.17537942664418,0.14357373614917163,0.25250501002004005,D:\BH\航空项目制\优化\yixingyouhua2(1)\yixingyouhua2\batch_run\polars\sample_1268_polar.txt,D:\BH\航空项目制\优化\yixingyouhua2(1)\yixingyouhua2\batch_run\airfoils\sample_1268.dat,0.0015574793,-3.86697e-05,0.2624688113950869,0.2762237379177782,0.3450395546289599,0.2061580666023909,0.2700070218837004,0.1978020953717097,-0.1888331966549182,-0.0984935735269725,-0.0452398270126057,-0.0161096207142646,0.0117803895375727,-0.0949913859995982
sample_1269,False,ok,2.0,0.6448,0.00564,-0.0811,114.32624113475178,0.12999826625896443,0.2945891783567134,D:\BH\航空项目制\优化\yixingyouhua2(1)\yixingyouhua2\batch_run\polars\sample_1269_polar.txt,D:\BH\航空项目制\优化\yixingyouhua2(1)\yixingyouhua2\batch_run\airfoils\sample_1269.dat,0.0015574793,-3.86697e-05,0.2317699025969711,0.2839279258374078,0.2566954700911542,0.1761158110270071,0.3454182371294911,0.3184510436961019,-0.1098736553014574,-0.1042362742974201,-0.0285063025602879,-0.1366317450430514,-0.0113629812988726,-0.0991768068118537
sample_1270,False,ok,2.0,0.7695,0.00558,-0.131,137.90322580645162,0.11076398781644102,0.2865731462925851,D:\BH\航空项目制\优化\yixingyouhua2(1)\yixingyouhua2\batch_run\polars\sample_1270_polar.txt,D:\BH\航空项目制\优化\yixingyouhua2(1)\yixingyouhua2\batch_run\airfoils\sample_1270.dat,0.0015574793,-3.86697e-05,0.186209586614823,0.1872947663793932,0.3353320955242612,0.2276492455273298,0.3017316674600093,0.324703234482176,-0.1760314024243325,-0.071945260569838,0.0388221394067411,-0.0307517558549195,0.0729273402692478,-0.0741768718342524
sample_1271,False,ok,2.0,0.7418,0.00624,-0.0985,118.87820512820514,0.11665309245912199,0.25250501002004005,D:\BH\航空项目制\优化\yixingyouhua2(1)\yixingyouhua2\batch_run\polars\sample_1271_polar.txt,D:\BH\航空项目制\优化\yixingyouhua2(1)\yixingyouhua2\batch_run\airfoils\sample_1271.dat,0.0015574793,-3.86697e-05,0.2574953354433748,0.2312322167677649,0.2989810378147923,0.1802361358695948,0.2567835831437832,0.2833236417010615,-0.1273914135374494,-0.0677316836280114,0.0148236051928049,-0.0600881874099273,-0.0242278544500777,0.0142344545622806
sample_1272,False,ok,2.0,0.6621,0.00643,-0.0821,102.97045101088648,0.11338148882574259,0.20440881763527052,D:\BH\航空项目制\优化\yixingyouhua2(1)\yixingyouhua2\batch_run\polars\sample_1272_polar.txt,D:\BH\航空项目制\优化\yixingyouhua2(1)\yixingyouhua2\batch_run\airfoils\sample_1272.dat,0.0015574793,-3.86697e-05,0.2494992119256399,0.2337074483974489,0.2833749609680355,0.1367197549551467,0.2998725616889023,0.2221176323393349,-0.1723184878770453,-0.0496075503723347,0.0431008377560527,-0.0737660116576244,0.0390619994545798,-0.0769481727547398
sample_1273,False,ok,2.0,0.7509,0.00595,-0.096,126.2016806722689,0.12031707665267036,0.25851703406813625,D:\BH\航空项目制\优化\yixingyouhua2(1)\yixingyouhua2\batch_run\polars\sample_1273_polar.txt,D:\BH\航空项目制\优化\yixingyouhua2(1)\yixingyouhua2\batch_run\airfoils\sample_1273.dat,0.0015574793,-3.86697e-05,0.2466129028008256,0.2696933252102922,0.3452372306372541,0.2477363613389004,0.241865205627042,0.2985648450921522,-0.1665222951980873,-0.0137779181874579,0.0327215345248987,-0.0110832584067255,-0.0311496070191627,-0.0874886691511404
sample_1274,False,ok,2.0,0.7114,0.00592,-0.1135,120.16891891891892,0.13045477824696167,0.25851703406813625,D:\BH\航空项目制\优化\yixingyouhua2(1)\yixingyouhua2\batch_run\polars\sample_1274_polar.txt,D:\BH\航空项目制\优化\yixingyouhua2(1)\yixingyouhua2\batch_run\airfoils\sample_1274.dat,0.0015574793,-3.86697e-05,0.1582117244592657,0.2997861267988412,0.2822739083478558,0.2040679380419235,0.2841774723889717,0.2387630434225957,-0.1972567745142141,-0.1183901426445763,0.0365222718173472,-0.122665423774714,0.0670163507736319,-0.0170523905475958
sample_1275,False,ok,2.0,0.7223,0.00697,-0.1023,103.62984218077476,0.12756082648294956,0.25250501002004005,D:\BH\航空项目制\优化\yixingyouhua2(1)\yixingyouhua2\batch_run\polars\sample_1275_polar.txt,D:\BH\航空项目制\优化\yixingyouhua2(1)\yixingyouhua2\batch_run\airfoils\sample_1275.dat,0.0015574793,-3.86697e-05,0.2800136543732645,0.2027531741979638,0.301872800210324,0.2057912728803855,0.252031374948396,0.2832760710139657,-0.1703860561267293,-0.0978825045294944,-0.0055021375267578,-0.1261347790925353,0.0597240301348383,-0.002217176380208
sample_1276,False,ok,2.0,0.6564,0.00618,-0.084,106.2135922330097,0.13508366093736787,0.2725450901803607,D:\BH\航空项目制\优化\yixingyouhua2(1)\yixingyouhua2\batch_run\polars\sample_1276_polar.txt,D:\BH\航空项目制\优化\yixingyouhua2(1)\yixingyouhua2\batch_run\airfoils\sample_1276.dat,0.0015574793,-3.86697e-05,0.2749570224257543,0.2067575562513818,0.3321986905685694,0.1545578479523725,0.2507749479105168,0.2850821698190313,-0.1732025829866381,-0.0995852515266627,-0.0616213100099574,-0.1029160852754806,-0.0326209800172203,-0.0224006566738674
sample_1277,False,ok,2.0,0.749,0.00517,-0.1223,144.8742746615087,0.10995183728969103,0.3226452905811623,D:\BH\航空项目制\优化\yixingyouhua2(1)\yixingyouhua2\batch_run\polars\sample_1277_polar.txt,D:\BH\航空项目制\优化\yixingyouhua2(1)\yixingyouhua2\batch_run\airfoils\sample_1277.dat,0.0015574793,-3.86697e-05,0.1533427481434187,0.2199711358708012,0.3014661578083673,0.1974321669721925,0.2605239593309241,0.2509885242944865,-0.1576074522919363,-0.0123344285047193,-0.0629288271471875,-0.0335237832096493,0.0721825060960996,0.0157144922688392
sample_1278,False,ok,2.0,0.7109,0.00523,-0.1029,135.92734225621413,0.11602865431182287,0.35270541082164325,D:\BH\航空项目制\优化\yixingyouhua2(1)\yixingyouhua2\batch_run\polars\sample_1278_polar.txt,D:\BH\航空项目制\优化\yixingyouhua2(1)\yixingyouhua2\batch_run\airfoils\sample_1278.dat,0.0015574793,-3.86697e-05,0.226267433786624,0.1846476630108858,0.3042516640126256,0.2053571462358538,0.3225041760552116,0.3186574133671996,-0.0749610706004583,-0.0957586831212476,-0.0203996659585034,-0.067233465133011,-0.031202585671991,-0.040353561817069
sample_1279,False,ok,2.0,0.752,0.00525,-0.1139,143.23809523809524,0.1027650411187114,0.35270541082164325,D:\BH\航空项目制\优化\yixingyouhua2(1)\yixingyouhua2\batch_run\polars\sample_1279_polar.txt,D:\BH\航空项目制\优化\yixingyouhua2(1)\yixingyouhua2\batch_run\airfoils\sample_1279.dat,0.0015574793,-3.86697e-05,0.160253991512541,0.2309372040887822,0.2892908948964707,0.2223028736691173,0.2584894172904909,0.2514289122885604,-0.1198287149357729,-0.0053205175882509,0.0120558456785853,-0.0821742502517126,0.0592607417799936,-0.0052024266110308
sample_1280,False,ok,2.0,0.6848,0.00711,-0.0978,96.31504922644163,0.1166915373390345,0.24649298597194386,D:\BH\航空项目制\优化\yixingyouhua2(1)\yixingyouhua2\batch_run\polars\sample_1280_polar.txt,D:\BH\航空项目制\优化\yixingyouhua2(1)\yixingyouhua2\batch_run\airfoils\sample_1280.dat,0.0015574793,-3.86697e-05,0.2590677056840738,0.1800573543588999,0.2880548420868695,0.1682223929323747,0.3026300493162845,0.2635833400890352,-0.1659830262419952,-0.0799609169112581,-0.0174531189762584,-0.0710244615001102,-0.0081871726380265,-0.0059707169712358
sample_1281,False,ok,2.0,0.649,0.00491,-0.09,132.17922606924643,0.13429422559243367,0.3386773547094188,D:\BH\航空项目制\优化\yixingyouhua2(1)\yixingyouhua2\batch_run\polars\sample_1281_polar.txt,D:\BH\航空项目制\优化\yixingyouhua2(1)\yixingyouhua2\batch_run\airfoils\sample_1281.dat,0.0015574793,-3.86697e-05,0.1580681549456784,0.2480735900348264,0.3699108687592205,0.1950626316806489,0.2477883697732504,0.2325426683956286,-0.1427313889975135,-0.0830953222346008,-0.0434784202020015,-0.1203369456750698,0.0132883113055456,-0.0589902332999106
sample_1282,False,ok,2.0,0.8368,0.00607,-0.1415,137.85831960461286,0.13527535951100647,0.3386773547094188,D:\BH\航空项目制\优化\yixingyouhua2(1)\yixingyouhua2\batch_run\polars\sample_1282_polar.txt,D:\BH\航空项目制\优化\yixingyouhua2(1)\yixingyouhua2\batch_run\airfoils\sample_1282.dat,0.0015574793,-3.86697e-05,0.1704527454731649,0.2879532848173167,0.3712914945081495,0.2056839640881047,0.3647649272129332,0.2944106089173864,-0.1984186443026421,-0.0074613566240756,-0.0453830782333918,-0.1228483270213047,0.079066281509274,0.0096691195380583
sample_1283,False,ok,2.0,0.7651,0.00586,-0.109,130.5631399317406,0.126138822724431,0.30861723446893785,D:\BH\航空项目制\优化\yixingyouhua2(1)\yixingyouhua2\batch_run\polars\sample_1283_polar.txt,D:\BH\航空项目制\优化\yixingyouhua2(1)\yixingyouhua2\batch_run\airfoils\sample_1283.dat,0.0015574793,-3.86697e-05,0.2442785031630742,0.2335913477411446,0.3395295024170105,0.1981539213497803,0.238000878321135,0.2973497015991057,-0.1659287375134202,-0.0074950145503027,-0.0754199999476233,-0.0923658295001386,0.0774788639012906,-0.0082791903565692
sample_1284,False,ok,2.0,0.6946,0.00592,-0.0905,117.33108108108108,0.11437778463018003,0.2665330661322645,D:\BH\航空项目制\优化\yixingyouhua2(1)\yixingyouhua2\batch_run\polars\sample_1284_polar.txt,D:\BH\航空项目制\优化\yixingyouhua2(1)\yixingyouhua2\batch_run\airfoils\sample_1284.dat,0.0015574793,-3.86697e-05,0.1991496856340314,0.2764319713400349,0.3122522389213236,0.2204226959605143,0.2404555175960892,0.2718469865092936,-0.177428973119106,-0.001725718065355,0.0133523707650949,-0.0253152934150678,0.0035499641471106,-0.1075336500101719
sample_1285,False,ok,2.0,0.6873,0.00594,-0.1007,115.70707070707071,0.12499538005680498,0.30861723446893785,D:\BH\航空项目制\优化\yixingyouhua2(1)\yixingyouhua2\batch_run\polars\sample_1285_polar.txt,D:\BH\航空项目制\优化\yixingyouhua2(1)\yixingyouhua2\batch_run\airfoils\sample_1285.dat,0.0015574793,-3.86697e-05,0.1783032559726344,0.2567689672474293,0.3385135302442256,0.1597170546196046,0.2999518767232637,0.2758022728859744,-0.1909557343284803,-0.0333117002419617,-0.0395032109105274,-0.0770496216572204,-0.031557804661812,-0.0416530587883264
sample_1286,False,ok,2.0,0.7007,0.00571,-0.0802,122.71453590192645,0.12914268916150617,0.2725450901803607,D:\BH\航空项目制\优化\yixingyouhua2(1)\yixingyouhua2\batch_run\polars\sample_1286_polar.txt,D:\BH\航空项目制\优化\yixingyouhua2(1)\yixingyouhua2\batch_run\airfoils\sample_1286.dat,0.0015574793,-3.86697e-05,0.2532437980724828,0.2847576245338594,0.3227751509525927,0.1563979437289978,0.3180901130125128,0.2129996572645668,-0.0904776590388718,-0.0794687338626184,-0.0483957824400915,-0.0097928652743753,0.0444956002872874,-0.0928430588275222
sample_1287,False,ok,2.0,0.6632,0.00586,-0.075,113.17406143344711,0.10246364315612397,0.280561122244489,D:\BH\航空项目制\优化\yixingyouhua2(1)\yixingyouhua2\batch_run\polars\sample_1287_polar.txt,D:\BH\航空项目制\优化\yixingyouhua2(1)\yixingyouhua2\batch_run\airfoils\sample_1287.dat,0.0015574793,-3.86697e-05,0.2485404642828883,0.2184920146942689,0.2639565587824011,0.1827994993566312,0.2697438866540555,0.2014633446559086,-0.1004506785137504,-0.0091728618585988,-0.0164397813851497,-0.0570393715373267,0.0540368164723547,-0.0719219569787017
sample_1288,False,ok,2.0,0.6824,0.00476,-0.076,143.3613445378151,0.13625584071164576,0.3386773547094188,D:\BH\航空项目制\优化\yixingyouhua2(1)\yixingyouhua2\batch_run\polars\sample_1288_polar.txt,D:\BH\航空项目制\优化\yixingyouhua2(1)\yixingyouhua2\batch_run\airfoils\sample_1288.dat,0.0015574793,-3.86697e-05,0.2630157722267038,0.2379451315488571,0.3476507916894493,0.2454510340200402,0.2383208319909807,0.2208107458421852,-0.092770243251395,-0.0624767238825558,-0.0779361666942525,-0.0865210632878579,-0.0276473499049718,-0.0412143929884819
sample_1289,False,ok,2.0,0.7073,0.0063,-0.1012,112.26984126984128,0.1101216566081448,0.2124248496993988,D:\BH\航空项目制\优化\yixingyouhua2(1)\yixingyouhua2\batch_run\polars\sample_1289_polar.txt,D:\BH\航空项目制\优化\yixingyouhua2(1)\yixingyouhua2\batch_run\airfoils\sample_1289.dat,0.0015574793,-3.86697e-05,0.2251536375842849,0.228064970620151,0.2537178683166331,0.1924118737312089,0.2472691507100214,0.2082184797709302,-0.1894419537292165,-0.0423175377886209,0.0419296898023153,-0.1132961377838185,0.0753411555931647,0.0186640212822698
sample_1290,False,ok,2.0,0.6758,0.00567,-0.0884,119.18871252204585,0.1144891565608532,0.30861723446893785,D:\BH\航空项目制\优化\yixingyouhua2(1)\yixingyouhua2\batch_run\polars\sample_1290_polar.txt,D:\BH\航空项目制\优化\yixingyouhua2(1)\yixingyouhua2\batch_run\airfoils\sample_1290.dat,0.0015574793,-3.86697e-05,0.2270299245226138,0.2369193473544425,0.2613561989322145,0.2215377472870422,0.3060307382260706,0.2342764110402346,-0.1308334802435451,-0.0184389924442067,-0.0714736664418223,-0.0352738323034398,0.0358012645268964,-0.0895183256089903
sample_1291,False,ok,2.0,0.8057,0.00601,-0.1361,134.05990016638935,0.11809321458972538,0.3006012024048096,D:\BH\航空项目制\优化\yixingyouhua2(1)\yixingyouhua2\batch_run\polars\sample_1291_polar.txt,D:\BH\航空项目制\优化\yixingyouhua2(1)\yixingyouhua2\batch_run\airfoils\sample_1291.dat,0.0015574793,-3.86697e-05,0.1737325982774759,0.2774764009957017,0.2732846915143318,0.2360349834330417,0.3328588264577438,0.2814288577296752,-0.1981382759244348,-0.019918874623659,0.0042701656974824,-0.1112887918172206,0.0673828523301432,0.0195292860466022
sample_1292,False,ok,2.0,0.6938,0.00548,-0.0942,126.6058394160584,0.11545187198658245,0.30861723446893785,D:\BH\航空项目制\优化\yixingyouhua2(1)\yixingyouhua2\batch_run\polars\sample_1292_polar.txt,D:\BH\航空项目制\优化\yixingyouhua2(1)\yixingyouhua2\batch_run\airfoils\sample_1292.dat,0.0015574793,-3.86697e-05,0.2255767294304225,0.1890590920958068,0.3422963502877547,0.2446542588914645,0.2582719889268265,0.2828608215993379,-0.1281318335673197,-0.0786397253108239,0.0195025748910498,-0.021074038784622,-0.0293119341200697,-0.1030119012024048
sample_1293,False,ok,2.0,0.6896,0.00579,-0.0943,119.10189982728842,0.12283695778226922,0.3306613226452906,D:\BH\航空项目制\优化\yixingyouhua2(1)\yixingyouhua2\batch_run\polars\sample_1293_polar.txt,D:\BH\航空项目制\优化\yixingyouhua2(1)\yixingyouhua2\batch_run\airfoils\sample_1293.dat,0.0015574793,-3.86697e-05,0.2279790474009436,0.211645968046883,0.3517750939513534,0.1762729352894358,0.3093714050549264,0.3176121364160007,-0.1466554477038087,-0.0370783281704793,-0.0464858328967937,-0.0696435853998137,-0.0117832819036856,-0.0992221788168711
sample_1294,False,ok,2.0,0.7212,0.00607,-0.0987,118.81383855024711,0.12257695451238122,0.2745490981963928,D:\BH\航空项目制\优化\yixingyouhua2(1)\yixingyouhua2\batch_run\polars\sample_1294_polar.txt,D:\BH\航空项目制\优化\yixingyouhua2(1)\yixingyouhua2\batch_run\airfoils\sample_1294.dat,0.0015574793,-3.86697e-05,0.1889448671626684,0.2980723199784744,0.3563422788611455,0.1990608389224867,0.2771332522680706,0.2608197731754938,-0.1976449172422423,-0.0051438651683864,0.028425693321485,-0.0611761042829102,0.0299660382410452,-0.0990947227110203
sample_1295,False,ok,2.0,0.7874,0.00597,-0.1131,131.892797319933,0.11358448394734649,0.2665330661322645,D:\BH\航空项目制\优化\yixingyouhua2(1)\yixingyouhua2\batch_run\polars\sample_1295_polar.txt,D:\BH\航空项目制\优化\yixingyouhua2(1)\yixingyouhua2\batch_run\airfoils\sample_1295.dat,0.0015574793,-3.86697e-05,0.2521301958960177,0.2176701979474848,0.3272462178892453,0.242377416183395,0.2831992594791244,0.2275984429555125,-0.1702885651396639,-0.0122487524940882,0.0106689984764394,-0.0155341357802067,0.0026531390538847,0.0150335604043714
sample_1296,False,ok,2.0,0.6956,0.00588,-0.0921,118.29931972789116,0.13449733622728785,0.2925851703406813,D:\BH\航空项目制\优化\yixingyouhua2(1)\yixingyouhua2\batch_run\polars\sample_1296_polar.txt,D:\BH\航空项目制\优化\yixingyouhua2(1)\yixingyouhua2\batch_run\airfoils\sample_1296.dat,0.0015574793,-3.86697e-05,0.2571690918227513,0.2518842158182489,0.3126624747717551,0.1903256846592061,0.3189313235287089,0.2994217809495921,-0.1436626588527036,-0.0783969124173502,-0.0736774755800997,-0.0602252833507029,-0.0282097217701965,-0.0635249729382561
sample_1297,False,ok,2.0,0.7214,0.00564,-0.1072,127.90780141843972,0.12682038562731693,0.2745490981963928,D:\BH\航空项目制\优化\yixingyouhua2(1)\yixingyouhua2\batch_run\polars\sample_1297_polar.txt,D:\BH\航空项目制\优化\yixingyouhua2(1)\yixingyouhua2\batch_run\airfoils\sample_1297.dat,0.0015574793,-3.86697e-05,0.1803623991270758,0.2860185359507471,0.302049859455728,0.2496027111159834,0.276285756921942,0.2079855407897966,-0.1829661932550779,-0.060249593632669,-0.024391256922974,-0.0136160294901686,0.0420844419721306,-0.0482318541667272
sample_1298,False,ok,2.0,0.6888,0.00579,-0.0963,118.96373056994818,0.12177433767846504,0.3226452905811623,D:\BH\航空项目制\优化\yixingyouhua2(1)\yixingyouhua2\batch_run\polars\sample_1298_polar.txt,D:\BH\航空项目制\优化\yixingyouhua2(1)\yixingyouhua2\batch_run\airfoils\sample_1298.dat,0.0015574793,-3.86697e-05,0.2379120406593512,0.2140704759104573,0.2657330181771863,0.2384270569484161,0.2892427252888707,0.197433522218207,-0.1489231017904626,-0.0652753297900677,-0.0418298666934816,-0.1211562672116974,0.0286601035400739,0.0066810320866632
sample_1299,False,ok,2.0,0.6406,0.0066,-0.0821,97.06060606060605,0.1359644017956458,0.25851703406813625,D:\BH\航空项目制\优化\yixingyouhua2(1)\yixingyouhua2\batch_run\polars\sample_1299_polar.txt,D:\BH\航空项目制\优化\yixingyouhua2(1)\yixingyouhua2\batch_run\airfoils\sample_1299.dat,0.0015574793,-3.86697e-05,0.2742751085677566,0.2326842255539478,0.2713784166507723,0.2494392350879458,0.2551209143778258,0.2537485483288293,-0.1787748576377187,-0.1113088984812487,-0.0437820821762476,-0.1097052786194758,0.06084876567511,-0.1026037539344928
sample_1300,False,ok,2.0,0.6853,0.00627,-0.0709,109.29824561403508,0.13327839349838216,0.2665330661322645,D:\BH\航空项目制\优化\yixingyouhua2(1)\yixingyouhua2\batch_run\polars\sample_1300_polar.txt,D:\BH\航空项目制\优化\yixingyouhua2(1)\yixingyouhua2\batch_run\airfoils\sample_1300.dat,0.0015574793,-3.86697e-05,0.2746091145852632,0.3009991712210517,0.3341293401658224,0.1624656547388178,0.3094204950172402,0.201118593680697,-0.1449704232882593,-0.0429225298181422,-0.0098290635686341,-0.0954680519024416,-0.0193688333016673,-0.0656299983680243
sample_1301,False,ok,2.0,0.7715,0.00594,-0.1119,129.88215488215488,0.10381190550692167,0.26452905811623245,D:\BH\航空项目制\优化\yixingyouhua2(1)\yixingyouhua2\batch_run\polars\sample_1301_polar.txt,D:\BH\航空项目制\优化\yixingyouhua2(1)\yixingyouhua2\batch_run\airfoils\sample_1301.dat,0.0015574793,-3.86697e-05,0.2115902204898017,0.2305029041461379,0.3115829924482269,0.144783550229535,0.2767459587779198,0.2840636814510229,-0.1337554108575543,-0.0101179358344088,0.0090485188030926,-0.0234666812058142,0.028431262267527,0.0074526099476187
sample_1302,False,ok,2.0,0.7309,0.00546,-0.1246,133.86446886446888,0.1300813432808487,0.280561122244489,D:\BH\航空项目制\优化\yixingyouhua2(1)\yixingyouhua2\batch_run\polars\sample_1302_polar.txt,D:\BH\航空项目制\优化\yixingyouhua2(1)\yixingyouhua2\batch_run\airfoils\sample_1302.dat,0.0015574793,-3.86697e-05,0.1672834330509402,0.2330322159109028,0.328835934505826,0.2045208726745635,0.2794846869578897,0.2965628323827864,-0.1854927769318282,-0.1122792620047665,-0.0556631928832462,-0.0088063676208534,0.0672446845362,-0.0504697990010962
sample_1303,False,ok,2.0,0.7392,0.0048,-0.0964,154.0,0.11542894247506927,0.3246492985971944,D:\BH\航空项目制\优化\yixingyouhua2(1)\yixingyouhua2\batch_run\polars\sample_1303_polar.txt,D:\BH\航空项目制\优化\yixingyouhua2(1)\yixingyouhua2\batch_run\airfoils\sample_1303.dat,0.0015574793,-3.86697e-05,0.2326710441846099,0.2101940660756866,0.3531165135341067,0.1989850789550689,0.2558441846949641,0.2480189376732527,-0.0842165128227886,-0.0401916184875899,-0.0315042705435671,-0.0184675229380275,-0.005421224481212,-0.0184187733582998
sample_1304,False,ok,2.0,0.7758,0.00546,-0.1108,142.08791208791212,0.1312059980448289,0.30260521042084165,D:\BH\航空项目制\优化\yixingyouhua2(1)\yixingyouhua2\batch_run\polars\sample_1304_polar.txt,D:\BH\航空项目制\优化\yixingyouhua2(1)\yixingyouhua2\batch_run\airfoils\sample_1304.dat,0.0015574793,-3.86697e-05,0.2425785682687397,0.2492204134314258,0.3168915510604882,0.2479723714031281,0.2540844420991719,0.3145715224934085,-0.1078513060193464,-0.1064465167281374,-0.0162260773491212,-0.0745635757835007,-0.0177925758545067,0.0082864312553283
sample_1305,False,ok,2.0,0.7405,0.00654,-0.1036,113.2262996941896,0.11872485689341947,0.25250501002004005,D:\BH\航空项目制\优化\yixingyouhua2(1)\yixingyouhua2\batch_run\polars\sample_1305_polar.txt,D:\BH\航空项目制\优化\yixingyouhua2(1)\yixingyouhua2\batch_run\airfoils\sample_1305.dat,0.0015574793,-3.86697e-05,0.2641686149480113,0.2354469528938002,0.2444219517024423,0.1904802416024811,0.3369534670752675,0.2518328200074894,-0.1147576298547131,-0.088298865511225,-0.0234522266042124,-0.0575454509064085,0.0021252502518549,0.017474093805928
sample_1306,False,ok,2.0,0.7232,0.00599,-0.1196,120.73455759599332,0.10219310468834945,0.280561122244489,D:\BH\航空项目制\优化\yixingyouhua2(1)\yixingyouhua2\batch_run\polars\sample_1306_polar.txt,D:\BH\航空项目制\优化\yixingyouhua2(1)\yixingyouhua2\batch_run\airfoils\sample_1306.dat,0.0015574793,-3.86697e-05,0.1561504839626388,0.2236243025590871,0.2643304894922978,0.1380569359068522,0.2604851288233294,0.3180044966244426,-0.1887414772140985,-0.0033975981140651,-0.0190337574390415,-0.1044799775447446,0.0866996441110278,-0.0002310137651629
sample_1307,False,ok,2.0,0.7563,0.0059,-0.1027,128.1864406779661,0.14074244750643902,0.2785571142284569,D:\BH\航空项目制\优化\yixingyouhua2(1)\yixingyouhua2\batch_run\polars\sample_1307_polar.txt,D:\BH\航空项目制\优化\yixingyouhua2(1)\yixingyouhua2\batch_run\airfoils\sample_1307.dat,0.0015574793,-3.86697e-05,0.2515127926870666,0.2946952220754298,0.3265342321044034,0.2143649227851974,0.335223996206158,0.2515990980865287,-0.1259127495914935,-0.112229674493007,-0.0267822989312852,-0.0668732648641337,0.0558283855407612,-0.063301717311252
sample_1308,False,ok,2.0,0.7412,0.0055,-0.1155,134.76363636363638,0.12452756803586773,0.2885771543086172,D:\BH\航空项目制\优化\yixingyouhua2(1)\yixingyouhua2\batch_run\polars\sample_1308_polar.txt,D:\BH\航空项目制\优化\yixingyouhua2(1)\yixingyouhua2\batch_run\airfoils\sample_1308.dat,0.0015574793,-3.86697e-05,0.2005967753756701,0.2225239617513728,0.3327934754796781,0.2313397387110352,0.2432321012736324,0.2464027445518672,-0.1877354707908483,-0.0744801031669528,-0.0086506475179564,-0.0632660383377462,0.0234275288919582,0.0143556149040341
sample_1309,False,ok,2.0,0.6689,0.00635,-0.0849,105.33858267716536,0.10496426275499096,0.23246492985971942,D:\BH\航空项目制\优化\yixingyouhua2(1)\yixingyouhua2\batch_run\polars\sample_1309_polar.txt,D:\BH\航空项目制\优化\yixingyouhua2(1)\yixingyouhua2\batch_run\airfoils\sample_1309.dat,0.0015574793,-3.86697e-05,0.232416401497261,0.224020170000974,0.2442485060985674,0.1718158166625033,0.3132886485624809,0.2132993767086955,-0.1083676191122009,-0.0819912447397158,0.0467127161167997,-0.0534998156946553,0.0192919334261915,-0.0591568216100776
sample_1310,False,ok,2.0,0.8502,0.00579,-0.1257,146.83937823834196,0.12904696824063744,0.30861723446893785,D:\BH\航空项目制\优化\yixingyouhua2(1)\yixingyouhua2\batch_run\polars\sample_1310_polar.txt,D:\BH\航空项目制\优化\yixingyouhua2(1)\yixingyouhua2\batch_run\airfoils\sample_1310.dat,0.0015574793,-3.86697e-05,0.2562209685157528,0.2504548644660673,0.3647708747213091,0.2605366881038209,0.3241635324934536,0.2914920102831852,-0.1207004034002191,-0.0823790155064003,0.0445053419171831,-0.0684694780850621,0.0067356139780499,0.0012761555612172
sample_1311,False,ok,2.0,0.7072,0.00633,-0.0975,111.72195892575041,0.11286462225637307,0.25851703406813625,D:\BH\航空项目制\优化\yixingyouhua2(1)\yixingyouhua2\batch_run\polars\sample_1311_polar.txt,D:\BH\航空项目制\优化\yixingyouhua2(1)\yixingyouhua2\batch_run\airfoils\sample_1311.dat,0.0015574793,-3.86697e-05,0.235026426259323,0.2288734273937953,0.2801077166093316,0.1738407444108211,0.2386654887816678,0.2746335254635433,-0.1845492999358904,0.0010498285089735,-0.0438795620590173,-0.0707371380113256,0.0336947227369492,-0.0117122965718957
sample_1312,False,ok,2.0,0.7006,0.00476,-0.0927,147.1848739495798,0.13524855019335663,0.3306613226452906,D:\BH\航空项目制\优化\yixingyouhua2(1)\yixingyouhua2\batch_run\polars\sample_1312_polar.txt,D:\BH\航空项目制\优化\yixingyouhua2(1)\yixingyouhua2\batch_run\airfoils\sample_1312.dat,0.0015574793,-3.86697e-05,0.1588195555793401,0.3004881521348393,0.3529962912300159,0.1906500170595881,0.2644575736027878,0.2205769537853048,-0.0869451200375432,-0.096175654067975,-0.02547405841795,-0.109177604534278,-0.0321148438675721,0.0042282707065186
sample_1313,False,ok,2.0,0.6311,0.00682,-0.0756,92.53665689149561,0.10947630917902358,0.2665330661322645,D:\BH\航空项目制\优化\yixingyouhua2(1)\yixingyouhua2\batch_run\polars\sample_1313_polar.txt,D:\BH\航空项目制\优化\yixingyouhua2(1)\yixingyouhua2\batch_run\airfoils\sample_1313.dat,0.0015574793,-3.86697e-05,0.2544209854491145,0.1968793761900354,0.2634960692848765,0.1948190392079078,0.302402984873875,0.2066762926587685,-0.1443124549953513,-0.0426409530112757,-0.0140290835007911,-0.065584468391314,-0.0376364697054898,-0.0557152266026979
sample_1314,False,ok,2.0,0.7342,0.0055,-0.1033,133.4909090909091,0.10094391161149788,0.3547094188376753,D:\BH\航空项目制\优化\yixingyouhua2(1)\yixingyouhua2\batch_run\polars\sample_1314_polar.txt,D:\BH\航空项目制\优化\yixingyouhua2(1)\yixingyouhua2\batch_run\airfoils\sample_1314.dat,0.0015574793,-3.86697e-05,0.2229437176330555,0.1782561265984383,0.2852342047519292,0.1830690043509951,0.2869950046831582,0.2164143333228464,-0.0887014604215047,-0.0028371037580053,-0.0372461543353993,-0.0846295898964812,0.0764569996026852,0.0183336798498594
sample_1315,False,ok,2.0,0.6447,0.0055,-0.0897,117.21818181818183,0.13673152302197814,0.3306613226452906,D:\BH\航空项目制\优化\yixingyouhua2(1)\yixingyouhua2\batch_run\polars\sample_1315_polar.txt,D:\BH\航空项目制\优化\yixingyouhua2(1)\yixingyouhua2\batch_run\airfoils\sample_1315.dat,0.0015574793,-3.86697e-05,0.1862666633481285,0.2464925728403452,0.3469191130867254,0.2145523212838707,0.2739623765674068,0.2304434878056504,-0.1828277136383324,-0.0759262311136772,-0.0523855229735786,-0.1168435398353561,-0.0140728324384369,-0.0666464627664394
sample_1316,False,ok,2.0,0.755,0.00586,-0.1265,128.839590443686,0.13545569345242864,0.26452905811623245,D:\BH\航空项目制\优化\yixingyouhua2(1)\yixingyouhua2\batch_run\polars\sample_1316_polar.txt,D:\BH\航空项目制\优化\yixingyouhua2(1)\yixingyouhua2\batch_run\airfoils\sample_1316.dat,0.0015574793,-3.86697e-05,0.1767726457770042,0.2830774386665593,0.2959126394931193,0.212887239193145,0.3205183745470891,0.2524659949304513,-0.1962213113932158,-0.1261482932515676,-0.0111676125861653,-0.059365787441231,0.0259557325435552,0.0151240948831391
sample_1317,False,ok,2.0,0.7389,0.00578,-0.1107,127.83737024221452,0.13311419046559542,0.30861723446893785,D:\BH\航空项目制\优化\yixingyouhua2(1)\yixingyouhua2\batch_run\polars\sample_1317_polar.txt,D:\BH\航空项目制\优化\yixingyouhua2(1)\yixingyouhua2\batch_run\airfoils\sample_1317.dat,0.0015574793,-3.86697e-05,0.1616127551028049,0.2939452345879829,0.3658616953466604,0.2290530425273632,0.2653503112294627,0.2114116347747978,-0.1950951132314667,-0.0618920643346098,0.0309317653143557,-0.1212267832616136,0.0011936685824005,0.0149421411867259
sample_1318,False,ok,2.0,0.6868,0.00636,-0.079,107.98742138364778,0.12131265233734831,0.23847695390781562,D:\BH\航空项目制\优化\yixingyouhua2(1)\yixingyouhua2\batch_run\polars\sample_1318_polar.txt,D:\BH\航空项目制\优化\yixingyouhua2(1)\yixingyouhua2\batch_run\airfoils\sample_1318.dat,0.0015574793,-3.86697e-05,0.2502038389831088,0.2906849979436821,0.3009106633008463,0.191150670839115,0.3487228073532946,0.1953365783679042,-0.1543314755249942,-0.0399402522636706,0.0489058258252503,-0.0768887665594751,-0.0089172292423177,-0.0997862124106402
sample_1319,False,ok,2.0,0.7302,0.0056,-0.1006,130.39285714285714,0.1381732427755565,0.3006012024048096,D:\BH\航空项目制\优化\yixingyouhua2(1)\yixingyouhua2\batch_run\polars\sample_1319_polar.txt,D:\BH\航空项目制\优化\yixingyouhua2(1)\yixingyouhua2\batch_run\airfoils\sample_1319.dat,0.0015574793,-3.86697e-05,0.2256993273162939,0.2641119977026691,0.3702266477005898,0.2169161573643929,0.2884273434557335,0.2900527936836117,-0.1376794934487849,-0.0968787349840136,-0.0384578559210481,-0.0289311237738671,-0.0105934510118161,-0.0809016627208096
sample_1320,False,ok,2.0,0.7795,0.00569,-0.123,136.99472759226714,0.12875294192448666,0.280561122244489,D:\BH\航空项目制\优化\yixingyouhua2(1)\yixingyouhua2\batch_run\polars\sample_1320_polar.txt,D:\BH\航空项目制\优化\yixingyouhua2(1)\yixingyouhua2\batch_run\airfoils\sample_1320.dat,0.0015574793,-3.86697e-05,0.2008920655203535,0.2645720533347942,0.3049862310574162,0.1746566495119457,0.3287997974034239,0.2740814778224192,-0.1267170800899222,-0.1039964881011087,-0.0597573236453108,-0.0111871365151896,0.040148651373345,0.0112408478260707
sample_1321,False,ok,2.0,0.7366,0.00625,-0.1077,117.856,0.1276479494428025,0.280561122244489,D:\BH\航空项目制\优化\yixingyouhua2(1)\yixingyouhua2\batch_run\polars\sample_1321_polar.txt,D:\BH\航空项目制\优化\yixingyouhua2(1)\yixingyouhua2\batch_run\airfoils\sample_1321.dat,0.0015574793,-3.86697e-05,0.1935414876926846,0.2961627845393211,0.3581450292184964,0.1464253228255587,0.347260380230101,0.2823385738336546,-0.196855136807054,-0.0263827581472388,0.0182546646184343,-0.1255061289178976,0.079027222527946,-0.0911614304663485
sample_1322,False,ok,2.0,0.834,0.00569,-0.1108,146.57293497363796,0.11947065409124531,0.2665330661322645,D:\BH\航空项目制\优化\yixingyouhua2(1)\yixingyouhua2\batch_run\polars\sample_1322_polar.txt,D:\BH\航空项目制\优化\yixingyouhua2(1)\yixingyouhua2\batch_run\airfoils\sample_1322.dat,0.0015574793,-3.86697e-05,0.2652778713074275,0.281358337128983,0.309131655035659,0.2099677945501005,0.2595683942170041,0.2986526432281901,-0.0730422077371681,-0.0690917387135279,0.0443949879804747,-0.0753208426469309,0.0568354677072566,0.0163302552532718
sample_1323,False,ok,2.0,0.7991,0.00588,-0.1086,135.9013605442177,0.13262020515184691,0.2665330661322645,D:\BH\航空项目制\优化\yixingyouhua2(1)\yixingyouhua2\batch_run\polars\sample_1323_polar.txt,D:\BH\航空项目制\优化\yixingyouhua2(1)\yixingyouhua2\batch_run\airfoils\sample_1323.dat,0.0015574793,-3.86697e-05,0.2813243587477957,0.2510532666248141,0.3654206793693044,0.1391482568413722,0.2716466401039472,0.3238011036281077,-0.1243948141901883,-0.0698685592074337,-0.0500479866638683,-0.0428887236674131,0.0687471472518002,-0.0113755899763902
sample_1324,False,ok,2.0,0.7835,0.00591,-0.1263,132.57191201353638,0.14310610873943835,0.25851703406813625,D:\BH\航空项目制\优化\yixingyouhua2(1)\yixingyouhua2\batch_run\polars\sample_1324_polar.txt,D:\BH\航空项目制\优化\yixingyouhua2(1)\yixingyouhua2\batch_run\airfoils\sample_1324.dat,0.0015574793,-3.86697e-05,0.2193364229906745,0.2821757406921973,0.316526570235543,0.2243647704665681,0.2532181079498724,0.3229767364338617,-0.1901796729973037,-0.126970939395613,-0.051831383427757,-0.0176643558992729,0.0647634382470556,-0.0114999318764403
sample_1325,False,ok,2.0,0.7504,0.00656,-0.1057,114.39024390243902,0.14232897083560295,0.24649298597194386,D:\BH\航空项目制\优化\yixingyouhua2(1)\yixingyouhua2\batch_run\polars\sample_1325_polar.txt,D:\BH\航空项目制\优化\yixingyouhua2(1)\yixingyouhua2\batch_run\airfoils\sample_1325.dat,0.0015574793,-3.86697e-05,0.2812116704230747,0.2902262303920453,0.2542387884792702,0.1931779429490509,0.3219179520623315,0.2920146168558811,-0.1548618929469969,-0.1208179805052615,-0.0573348697874116,-0.101086886647003,0.0410063061175794,0.004758562840628
sample_1326,False,ok,2.0,0.6593,0.00745,-0.0945,88.49664429530202,0.1143704086772043,0.22044088176352702,D:\BH\航空项目制\优化\yixingyouhua2(1)\yixingyouhua2\batch_run\polars\sample_1326_polar.txt,D:\BH\航空项目制\优化\yixingyouhua2(1)\yixingyouhua2\batch_run\airfoils\sample_1326.dat,0.0015574793,-3.86697e-05,0.2595290837530333,0.1938340182607464,0.2707493590256621,0.1784170162249644,0.3652963000845632,0.3061137138067926,-0.1949705854342493,-0.0373872872112291,-0.0243318913989712,-0.0488481929751592,-0.0280575481990103,-0.0846071540234305
sample_1327,False,ok,2.0,0.7993,0.0055,-0.1182,145.32727272727274,0.09529790764169951,0.2945891783567134,D:\BH\航空项目制\优化\yixingyouhua2(1)\yixingyouhua2\batch_run\polars\sample_1327_polar.txt,D:\BH\航空项目制\优化\yixingyouhua2(1)\yixingyouhua2\batch_run\airfoils\sample_1327.dat,0.0015574793,-3.86697e-05,0.217831139895495,0.1946725877804784,0.313639701658612,0.1425274395425786,0.341810161068787,0.2385816388785048,-0.0707412926891788,-0.0345907451329517,0.0378405130470601,-0.0300686674308323,0.0709032802044762,0.0170542104077631
sample_1328,False,ok,2.0,0.6443,0.00732,-0.0873,88.01912568306011,0.10077535830152959,0.18236472945891782,D:\BH\航空项目制\优化\yixingyouhua2(1)\yixingyouhua2\batch_run\polars\sample_1328_polar.txt,D:\BH\航空项目制\优化\yixingyouhua2(1)\yixingyouhua2\batch_run\airfoils\sample_1328.dat,0.0015574793,-3.86697e-05,0.2487405256018794,0.182260189409044,0.2461375707702401,0.1626665190902659,0.3575345658754968,0.2417926815019225,-0.1753031158535952,-0.023202580715888,0.0488405850039356,-0.1297539220305073,0.0669835903082743,-0.101972415532966
sample_1329,False,ok,2.0,0.7088,0.00587,-0.0891,120.7495741056218,0.1316147247038219,0.2785571142284569,D:\BH\航空项目制\优化\yixingyouhua2(1)\yixingyouhua2\batch_run\polars\sample_1329_polar.txt,D:\BH\航空项目制\优化\yixingyouhua2(1)\yixingyouhua2\batch_run\airfoils\sample_1329.dat,0.0015574793,-3.86697e-05,0.2296495235070007,0.3027516189237446,0.294591998074959,0.1890593355925077,0.333179147508251,0.2197378646934161,-0.1068897736080407,-0.1100603065752492,0.0106070933733682,-0.0990092310783521,-0.0071768341363559,-0.0379499952512639
sample_1330,False,ok,2.0,0.708,0.00433,-0.0957,163.51039260969978,0.12276020986149347,0.39078156312625245,D:\BH\航空项目制\优化\yixingyouhua2(1)\yixingyouhua2\batch_run\polars\sample_1330_polar.txt,D:\BH\航空项目制\优化\yixingyouhua2(1)\yixingyouhua2\batch_run\airfoils\sample_1330.dat,0.0015574793,-3.86697e-05,0.1798729528113574,0.2214420524317543,0.3458261551414655,0.2063904885447432,0.3087249756191844,0.1956808982221502,-0.079518233530938,-0.010669821365349,-0.0714216622056914,-0.0982675353347807,-0.0169068885656079,2.3639589042306897e-05
sample_1331,False,ok,2.0,0.7156,0.00608,-0.1033,117.69736842105263,0.12159053626192534,0.2865731462925851,D:\BH\航空项目制\优化\yixingyouhua2(1)\yixingyouhua2\batch_run\polars\sample_1331_polar.txt,D:\BH\航空项目制\优化\yixingyouhua2(1)\yixingyouhua2\batch_run\airfoils\sample_1331.dat,0.0015574793,-3.86697e-05,0.1938690810880273,0.2667857461666725,0.3340348907852819,0.1440080568456538,0.3498240255202522,0.289231038547469,-0.1630764662595422,-0.0476198991953136,-0.0012505769887721,-0.059957827610639,-0.0420416200651527,-0.050119171456695
sample_1332,False,ok,2.0,0.7185,0.00581,-0.1022,123.66609294320138,0.12946911995197113,0.2785571142284569,D:\BH\航空项目制\优化\yixingyouhua2(1)\yixingyouhua2\batch_run\polars\sample_1332_polar.txt,D:\BH\航空项目制\优化\yixingyouhua2(1)\yixingyouhua2\batch_run\airfoils\sample_1332.dat,0.0015574793,-3.86697e-05,0.2386802736459826,0.2242421567594556,0.3613423755832072,0.2147582659390021,0.2858536009048706,0.2165110645474844,-0.1980479376631883,-0.081051094240484,0.0381844409210112,-0.1230158083508443,0.0203227866525966,-0.0212062598891429
sample_1333,False,ok,2.0,0.7894,0.00556,-0.1163,141.97841726618705,0.1265580918811675,0.3166332665330661,D:\BH\航空项目制\优化\yixingyouhua2(1)\yixingyouhua2\batch_run\polars\sample_1333_polar.txt,D:\BH\航空项目制\优化\yixingyouhua2(1)\yixingyouhua2\batch_run\airfoils\sample_1333.dat,0.0015574793,-3.86697e-05,0.2578716150280603,0.2026016186878157,0.3378394871311359,0.2067890591060864,0.258068625186978,0.3005272250329318,-0.1145127602537613,-0.0604233772118251,-0.0804686795554334,-0.0681896047818649,0.0836090799062266,0.0122910026769268
sample_1334,False,ok,2.0,0.6631,0.00608,-0.0884,109.0625,0.120188598313373,0.2945891783567134,D:\BH\航空项目制\优化\yixingyouhua2(1)\yixingyouhua2\batch_run\polars\sample_1334_polar.txt,D:\BH\航空项目制\优化\yixingyouhua2(1)\yixingyouhua2\batch_run\airfoils\sample_1334.dat,0.0015574793,-3.86697e-05,0.2422981072862721,0.2005920522372559,0.2948506369143217,0.2060204529053114,0.3052502806600571,0.3019220796793203,-0.1059343739244551,-0.102986756751146,-0.0459748117751144,-0.0108475906276261,-0.0272641595737051,-0.1044201264683308
sample_1335,False,polar_parse_failed,,,,,,,,,,,,,,,,,,,,,,,
sample_1336,False,ok,2.0,0.7569,0.00541,-0.1023,139.9075785582255,0.10116050999718965,0.31462925851703405,D:\BH\航空项目制\优化\yixingyouhua2(1)\yixingyouhua2\batch_run\polars\sample_1336_polar.txt,D:\BH\航空项目制\优化\yixingyouhua2(1)\yixingyouhua2\batch_run\airfoils\sample_1336.dat,0.0015574793,-3.86697e-05,0.2288453153281524,0.1899841997051609,0.3587067061565552,0.1474167030374763,0.2680440744847592,0.2951075851146092,-0.0880441641148201,-0.0072127814454211,0.0079731018801933,-0.0226808514933598,0.0367713115246212,-0.0424175795062576
sample_1337,False,ok,2.0,0.7594,0.00576,-0.1018,131.84027777777777,0.1288075150683856,0.2665330661322645,D:\BH\航空项目制\优化\yixingyouhua2(1)\yixingyouhua2\batch_run\polars\sample_1337_polar.txt,D:\BH\航空项目制\优化\yixingyouhua2(1)\yixingyouhua2\batch_run\airfoils\sample_1337.dat,0.0015574793,-3.86697e-05,0.2636047936203102,0.2417620607039441,0.3668262740895627,0.2396117773228539,0.29523399873596,0.2163874194530522,-0.1535396516833723,-0.0761194403555151,0.0286573667643047,-0.0415736654406331,0.0762676690772508,-0.0803290344639447
sample_1338,False,ok,2.0,0.7538,0.00564,-0.1069,133.65248226950354,0.12839476636968541,0.2945891783567134,D:\BH\航空项目制\优化\yixingyouhua2(1)\yixingyouhua2\batch_run\polars\sample_1338_polar.txt,D:\BH\航空项目制\优化\yixingyouhua2(1)\yixingyouhua2\batch_run\airfoils\sample_1338.dat,0.0015574793,-3.86697e-05,0.2330385027419191,0.2768333494383845,0.2638485957445673,0.246763827881493,0.3101694873552059,0.2231934810731747,-0.1155969263765703,-0.0886314967104001,-0.0309710272130658,-0.0960193127590548,0.0845674591905011,-0.01573547784379
sample_1339,False,ok,2.0,0.6844,0.00517,-0.0907,132.37911025145067,0.1292022176910702,0.3226452905811623,D:\BH\航空项目制\优化\yixingyouhua2(1)\yixingyouhua2\batch_run\polars\sample_1339_polar.txt,D:\BH\航空项目制\优化\yixingyouhua2(1)\yixingyouhua2\batch_run\airfoils\sample_1339.dat,0.0015574793,-3.86697e-05,0.1894367071669673,0.2872241663498928,0.2716223903361263,0.2127825189500265,0.2594169096230187,0.2649305025639502,-0.0848196243412796,-0.0868915694341911,-0.0712161046548827,-0.1012399531107653,0.0439432254357907,-0.0522974943772881
sample_1340,False,ok,2.0,0.6932,0.00543,-0.1113,127.66114180478822,0.11202711622487242,0.3226452905811623,D:\BH\航空项目制\优化\yixingyouhua2(1)\yixingyouhua2\batch_run\polars\sample_1340_polar.txt,D:\BH\航空项目制\优化\yixingyouhua2(1)\yixingyouhua2\batch_run\airfoils\sample_1340.dat,0.0015574793,-3.86697e-05,0.1657432760571792,0.1914324798454849,0.3011520231997482,0.1349553712839759,0.3621214933881338,0.2910060149022015,-0.0911526508991489,-0.090194906374136,-0.075525749799082,-0.0152146061702258,0.0546953365630663,-0.0751110160268038
sample_1341,False,ok,2.0,0.7658,0.00458,-0.117,167.2052401746725,0.10252090281311692,0.38276553106212424,D:\BH\航空项目制\优化\yixingyouhua2(1)\yixingyouhua2\batch_run\polars\sample_1341_polar.txt,D:\BH\航空项目制\优化\yixingyouhua2(1)\yixingyouhua2\batch_run\airfoils\sample_1341.dat,0.0015574793,-3.86697e-05,0.1644496167591669,0.234534246793366,0.2815085431907038,0.1947179129423177,0.3457153236613175,0.2259873603737707,-0.0907751163809608,-0.0168333469962478,0.0339712547516217,-0.1253628818095933,0.0633491646578502,0.0055832851197995
sample_1342,False,ok,2.0,0.7926,0.00567,-0.1283,139.7883597883598,0.12716802676832717,0.3306613226452906,D:\BH\航空项目制\优化\yixingyouhua2(1)\yixingyouhua2\batch_run\polars\sample_1342_polar.txt,D:\BH\航空项目制\优化\yixingyouhua2(1)\yixingyouhua2\batch_run\airfoils\sample_1342.dat,0.0015574793,-3.86697e-05,0.2174925691833247,0.221678818989213,0.35289991616575,0.2534393794174218,0.3460934502622795,0.2845267556416582,-0.1904497089852526,-0.0587771025118666,0.011087191624454,-0.0740721714865522,-0.0255758075426544,-0.0104839538098043
sample_1343,False,ok,2.0,0.8066,0.00507,-0.1277,159.09270216962526,0.10820836273320154,0.41482965931863724,D:\BH\航空项目制\优化\yixingyouhua2(1)\yixingyouhua2\batch_run\polars\sample_1343_polar.txt,D:\BH\航空项目制\优化\yixingyouhua2(1)\yixingyouhua2\batch_run\airfoils\sample_1343.dat,0.0015574793,-3.86697e-05,0.2029813635603367,0.1868195776612408,0.321162361214457,0.2582588935149249,0.3405921926193164,0.3122756366279369,-0.095414279606096,-0.0279721619724139,0.0188789746493529,-0.0390980574967532,-0.0245978514244326,-0.020107945178868
sample_1344,False,ok,2.0,0.7112,0.00515,-0.1111,138.0970873786408,0.11735106218962849,0.344689378757515,D:\BH\航空项目制\优化\yixingyouhua2(1)\yixingyouhua2\batch_run\polars\sample_1344_polar.txt,D:\BH\航空项目制\优化\yixingyouhua2(1)\yixingyouhua2\batch_run\airfoils\sample_1344.dat,0.0015574793,-3.86697e-05,0.1930499791251039,0.1811219100385965,0.2947483009458318,0.2280897105509067,0.295748570416889,0.2691112544704061,-0.1005438917048053,-0.0885224734412315,-0.0642194557253666,-0.0571131672483784,0.0645942586593966,-0.0489582740795941
sample_1345,False,ok,2.0,0.7328,0.00546,-0.1063,134.21245421245422,0.1188926371999299,0.2865731462925851,D:\BH\航空项目制\优化\yixingyouhua2(1)\yixingyouhua2\batch_run\polars\sample_1345_polar.txt,D:\BH\航空项目制\优化\yixingyouhua2(1)\yixingyouhua2\batch_run\airfoils\sample_1345.dat,0.0015574793,-3.86697e-05,0.1814204669345739,0.2652355449584973,0.3046198589357271,0.2403910226647355,0.2961782578039998,0.2040031658673412,-0.1300434870788019,-0.0953277588258245,0.0460851939831191,-0.042329772627072,-0.0080574531238097,-0.0166873578572111
sample_1346,False,ok,2.0,0.6827,0.00606,-0.0784,112.65676567656764,0.11133040632969238,0.2665330661322645,D:\BH\航空项目制\优化\yixingyouhua2(1)\yixingyouhua2\batch_run\polars\sample_1346_polar.txt,D:\BH\航空项目制\优化\yixingyouhua2(1)\yixingyouhua2\batch_run\airfoils\sample_1346.dat,0.0015574793,-3.86697e-05,0.2581065926050058,0.2257232630916873,0.3218515889805611,0.1975663118554094,0.2950185506951187,0.225668219939958,-0.130362599151885,-0.0226567811364772,0.0175392023076613,-0.0311407340896026,-0.0063290631187951,-0.1072690175744275
sample_1347,False,ok,2.0,0.6828,0.00532,-0.094,128.34586466165413,0.11516722253874428,0.280561122244489,D:\BH\航空项目制\优化\yixingyouhua2(1)\yixingyouhua2\batch_run\polars\sample_1347_polar.txt,D:\BH\航空项目制\优化\yixingyouhua2(1)\yixingyouhua2\batch_run\airfoils\sample_1347.dat,0.0015574793,-3.86697e-05,0.1750082665859231,0.2556128264108719,0.2819627386357096,0.1410740351274097,0.2576188670665176,0.2424235552019297,-0.0815533939776058,-0.1105160259750403,-0.0103616785469366,-0.0672924050993404,0.0775301078692956,-0.0384577739415444
sample_1348,False,ok,2.0,0.7181,0.00583,-0.0974,123.17324185248712,0.13591624928722526,0.3006012024048096,D:\BH\航空项目制\优化\yixingyouhua2(1)\yixingyouhua2\batch_run\polars\sample_1348_polar.txt,D:\BH\航空项目制\优化\yixingyouhua2(1)\yixingyouhua2\batch_run\airfoils\sample_1348.dat,0.0015574793,-3.86697e-05,0.2589269161513708,0.2290419095749573,0.3649763303649956,0.2579028278943591,0.2488651099092362,0.2475328637297824,-0.1982833244106845,-0.0605195565684649,-0.0151479596044721,-0.0979570012883896,0.0025381898396578,-0.0472632728525209
sample_1349,False,ok,2.0,0.7206,0.00614,-0.1033,117.36156351791531,0.11309454654048845,0.280561122244489,D:\BH\航空项目制\优化\yixingyouhua2(1)\yixingyouhua2\batch_run\polars\sample_1349_polar.txt,D:\BH\航空项目制\优化\yixingyouhua2(1)\yixingyouhua2\batch_run\airfoils\sample_1349.dat,0.0015574793,-3.86697e-05,0.2230815027553692,0.2339291291732934,0.3057241475165024,0.1960983266065492,0.3548009060229542,0.2290030143031876,-0.1786686639512795,-0.0041835933633351,-0.0074884469836785,-0.06528974497552,0.0652258737265466,-0.0866147319461977
sample_1350,False,ok,2.0,0.7321,0.00652,-0.0948,112.28527607361963,0.11251604449505187,0.30861723446893785,D:\BH\航空项目制\优化\yixingyouhua2(1)\yixingyouhua2\batch_run\polars\sample_1350_polar.txt,D:\BH\航空项目制\优化\yixingyouhua2(1)\yixingyouhua2\batch_run\airfoils\sample_1350.dat,0.0015574793,-3.86697e-05,0.2774854696341096,0.174433098619796,0.358504984250331,0.2027612113084552,0.3111151625788703,0.2656594240264683,-0.1040496852245298,-0.0487760589974595,0.0132652848843511,-0.0384331512652724,0.0185481061398279,-0.0746113012287739
sample_1351,False,ok,2.0,0.7453,0.00641,-0.0897,116.27145085803431,0.10371000593929708,0.22044088176352702,D:\BH\航空项目制\优化\yixingyouhua2(1)\yixingyouhua2\batch_run\polars\sample_1351_polar.txt,D:\BH\航空项目制\优化\yixingyouhua2(1)\yixingyouhua2\batch_run\airfoils\sample_1351.dat,0.0015574793,-3.86697e-05,0.2579595833590176,0.2653133108988784,0.2607421524234939,0.1572893914513933,0.3105449918898191,0.2031076404736641,-0.1015771354598144,-0.0134807854930662,0.0487056166118525,-0.0604244443876757,0.0606203066172359,-0.0204624504738481
sample_1352,False,ok,2.0,0.7275,0.00501,-0.0968,145.20958083832338,0.11549346757284078,0.344689378757515,D:\BH\航空项目制\优化\yixingyouhua2(1)\yixingyouhua2\batch_run\polars\sample_1352_polar.txt,D:\BH\航空项目制\优化\yixingyouhua2(1)\yixingyouhua2\batch_run\airfoils\sample_1352.dat,0.0015574793,-3.86697e-05,0.2276296099703686,0.2237614990851095,0.2865342615231196,0.2006284659390256,0.2789032113832385,0.2571091905819962,-0.0720834291015667,-0.0353423590151425,-0.0745866975705329,-0.0518893998969272,-0.0206537580422003,0.0117497226830197
sample_1353,False,ok,2.0,0.6667,0.00498,-0.0986,133.87550200803213,0.12373730567242375,0.3166332665330661,D:\BH\航空项目制\优化\yixingyouhua2(1)\yixingyouhua2\batch_run\polars\sample_1353_polar.txt,D:\BH\航空项目制\优化\yixingyouhua2(1)\yixingyouhua2\batch_run\airfoils\sample_1353.dat,0.0015574793,-3.86697e-05,0.1650367676180351,0.2372438359289002,0.2696968816124895,0.1818883797976855,0.2778132152141962,0.2245682112651287,-0.0930133137768833,-0.1274068038917574,-0.0567285480259832,-0.1083879922902378,0.0472522334586234,-0.0070806409078345
sample_1354,False,ok,2.0,0.6905,0.00487,-0.0944,141.7864476386037,0.10856348664129126,0.3607214428857715,D:\BH\航空项目制\优化\yixingyouhua2(1)\yixingyouhua2\batch_run\polars\sample_1354_polar.txt,D:\BH\航空项目制\优化\yixingyouhua2(1)\yixingyouhua2\batch_run\airfoils\sample_1354.dat,0.0015574793,-3.86697e-05,0.1893548883889361,0.2328187530577076,0.2738459107482995,0.1815366840804775,0.3270132799480946,0.2237907811114332,-0.0998366792683055,-0.0086007783305215,-0.0381022795276423,-0.1066469732035664,0.0563911517827197,-0.0517117917208528
sample_1355,False,ok,2.0,0.6913,0.006,-0.1053,115.21666666666667,0.11497877999251757,0.280561122244489,D:\BH\航空项目制\优化\yixingyouhua2(1)\yixingyouhua2\batch_run\polars\sample_1355_polar.txt,D:\BH\航空项目制\优化\yixingyouhua2(1)\yixingyouhua2\batch_run\airfoils\sample_1355.dat,0.0015574793,-3.86697e-05,0.1614872928688114,0.268671028029286,0.2753138534366994,0.1540851227055367,0.3537143181178531,0.2615609755563623,-0.1549833957523545,-0.0698850659967502,0.0209736311199857,-0.1085320081145698,0.0307995092789992,-0.0582754737913478
sample_1356,False,ok,2.0,0.7191,0.00542,-0.102,132.6752767527675,0.12176705867683016,0.3607214428857715,D:\BH\航空项目制\优化\yixingyouhua2(1)\yixingyouhua2\batch_run\polars\sample_1356_polar.txt,D:\BH\航空项目制\优化\yixingyouhua2(1)\yixingyouhua2\batch_run\airfoils\sample_1356.dat,0.0015574793,-3.86697e-05,0.2108273979602495,0.2014113195761967,0.3605257360617747,0.235608799431491,0.2904918514374282,0.2158695499453195,-0.1599656360348696,-0.0068813273646738,-0.0492435061736324,-0.0585907391562685,-0.006220616255117,-0.0326382495667214
sample_1357,False,ok,2.0,0.6997,0.00573,-0.0899,122.11169284467714,0.12276802392563557,0.30260521042084165,D:\BH\航空项目制\优化\yixingyouhua2(1)\yixingyouhua2\batch_run\polars\sample_1357_polar.txt,D:\BH\航空项目制\优化\yixingyouhua2(1)\yixingyouhua2\batch_run\airfoils\sample_1357.dat,0.0015574793,-3.86697e-05,0.252081095665326,0.2197179398212225,0.3035585326646468,0.2122016832585786,0.328781317730378,0.2305459454392928,-0.0782406062673232,-0.1100905499490839,-0.0203979599401059,-0.0504411170604846,0.0048440444601769,-0.0643130384467791
sample_1358,False,ok,2.0,0.7496,0.00533,-0.115,140.6378986866792,0.1430150415959922,0.3006012024048096,D:\BH\航空项目制\优化\yixingyouhua2(1)\yixingyouhua2\batch_run\polars\sample_1358_polar.txt,D:\BH\航空项目制\优化\yixingyouhua2(1)\yixingyouhua2\batch_run\airfoils\sample_1358.dat,0.0015574793,-3.86697e-05,0.2073047000818025,0.2591497072192272,0.3639487296554361,0.2614814928752728,0.2871038020010306,0.2118637151188111,-0.180910844730616,-0.0978042144373745,-0.0634093606101465,-0.0329206820644375,0.0579603043395374,-0.0342357995420637
sample_1359,False,ok,2.0,0.673,0.00702,-0.0956,95.86894586894587,0.11630927039050087,0.23847695390781562,D:\BH\航空项目制\优化\yixingyouhua2(1)\yixingyouhua2\batch_run\polars\sample_1359_polar.txt,D:\BH\航空项目制\优化\yixingyouhua2(1)\yixingyouhua2\batch_run\airfoils\sample_1359.dat,0.0015574793,-3.86697e-05,0.2522472071274162,0.1956849351574189,0.2472294563957876,0.2315040372020946,0.2482643955871044,0.2284861642861262,-0.1839524878246932,-0.0610686929947149,-0.0282751682234003,-0.0949835949203154,0.0865524508287496,-0.0307728411683502
sample_1360,False,ok,2.0,0.6527,0.00462,-0.0896,141.27705627705626,0.12920193351372355,0.374749498997996,D:\BH\航空项目制\优化\yixingyouhua2(1)\yixingyouhua2\batch_run\polars\sample_1360_polar.txt,D:\BH\航空项目制\优化\yixingyouhua2(1)\yixingyouhua2\batch_run\airfoils\sample_1360.dat,0.0015574793,-3.86697e-05,0.1985311452121909,0.22454540327906,0.3131411165247811,0.2019200205130378,0.35991629194796,0.2291568632411579,-0.1193551538130767,-0.0739459460321474,-0.0521802552586306,-0.1325824778873633,-0.0245449678175283,-0.0697613837907861
sample_1361,False,ok,2.0,0.7404,0.00515,-0.1031,143.76699029126212,0.13283565108313575,0.3386773547094188,D:\BH\航空项目制\优化\yixingyouhua2(1)\yixingyouhua2\batch_run\polars\sample_1361_polar.txt,D:\BH\航空项目制\优化\yixingyouhua2(1)\yixingyouhua2\batch_run\airfoils\sample_1361.dat,0.0015574793,-3.86697e-05,0.2335579717819279,0.2545582456284326,0.3329448022187021,0.2484730410434484,0.3089353122711841,0.2707973741817028,-0.1375119229952789,-0.0537212692861311,-0.027085249389776,-0.1333193918724831,0.0528617519589488,-0.0693515059187867
sample_1362,False,ok,2.0,0.778,0.00566,-0.125,137.4558303886926,0.11916950035564673,0.2865731462925851,D:\BH\航空项目制\优化\yixingyouhua2(1)\yixingyouhua2\batch_run\polars\sample_1362_polar.txt,D:\BH\航空项目制\优化\yixingyouhua2(1)\yixingyouhua2\batch_run\airfoils\sample_1362.dat,0.0015574793,-3.86697e-05,0.1980135908227892,0.2152007726273219,0.359590901754485,0.1659039465301383,0.3442111986937528,0.3204231352514696,-0.1218180973037681,-0.1071482209400043,0.0181209760433898,-0.0217429755543643,0.0518164486641011,-0.0583796982407459
sample_1363,False,ok,2.0,0.7936,0.00583,-0.1243,136.12349914236705,0.10567696532842379,0.344689378757515,D:\BH\航空项目制\优化\yixingyouhua2(1)\yixingyouhua2\batch_run\polars\sample_1363_polar.txt,D:\BH\航空项目制\优化\yixingyouhua2(1)\yixingyouhua2\batch_run\airfoils\sample_1363.dat,0.0015574793,-3.86697e-05,0.1920604640632805,0.2306914883884027,0.2873380212481245,0.1988810861468956,0.3265409798718637,0.267861677080788,-0.1326097676669633,-0.0003222282688346,-0.0004899372011107,-0.0889284805011777,0.0555091763936382,0.0199327286500368
sample_1364,False,ok,2.0,0.7056,0.00602,-0.116,117.20930232558139,0.09840228522471535,0.2785571142284569,D:\BH\航空项目制\优化\yixingyouhua2(1)\yixingyouhua2\batch_run\polars\sample_1364_polar.txt,D:\BH\航空项目制\优化\yixingyouhua2(1)\yixingyouhua2\batch_run\airfoils\sample_1364.dat,0.0015574793,-3.86697e-05,0.1693416275533204,0.18013872549136,0.2558703104892901,0.1606525919424174,0.2649035330369261,0.3061733049731681,-0.149324774762419,-0.0546595394578935,-0.012713543698485,-0.0377210058847492,0.0196545307367424,0.0062310512370147
sample_1365,False,ok,2.0,0.7673,0.00545,-0.1071,140.78899082568807,0.1221658777867271,0.3386773547094188,D:\BH\航空项目制\优化\yixingyouhua2(1)\yixingyouhua2\batch_run\polars\sample_1365_polar.txt,D:\BH\航空项目制\优化\yixingyouhua2(1)\yixingyouhua2\batch_run\airfoils\sample_1365.dat,0.0015574793,-3.86697e-05,0.2498857878181655,0.2369975835330732,0.3054568720516253,0.2377235547841253,0.3450969690909365,0.2297907980953766,-0.1232173574111177,-0.0126569724880383,-0.0676469723740702,-0.046237201794553,0.0030464554481421,-0.0095291986090623
sample_1366,False,ok,2.0,0.7694,0.0062,-0.1193,124.09677419354838,0.11039321359102217,0.2945891783567134,D:\BH\航空项目制\优化\yixingyouhua2(1)\yixingyouhua2\batch_run\polars\sample_1366_polar.txt,D:\BH\航空项目制\优化\yixingyouhua2(1)\yixingyouhua2\batch_run\airfoils\sample_1366.dat,0.0015574793,-3.86697e-05,0.2200211052722035,0.234306422925735,0.2775943496736777,0.2466984659314594,0.3419277049285109,0.2853699765516669,-0.1716254938481467,-0.0054251272089449,-0.0009557707696558,-0.0567402666998237,0.0779443310506286,-0.0737973253725935
sample_1367,False,ok,2.0,0.7129,0.00556,-0.0885,128.21942446043167,0.12019578387635886,0.3166332665330661,D:\BH\航空项目制\优化\yixingyouhua2(1)\yixingyouhua2\batch_run\polars\sample_1367_polar.txt,D:\BH\航空项目制\优化\yixingyouhua2(1)\yixingyouhua2\batch_run\airfoils\sample_1367.dat,0.0015574793,-3.86697e-05,0.2346259059546319,0.2415298803861069,0.3600826215338268,0.1795152839341508,0.3492980983565646,0.2015432692024356,-0.1060486705775804,-0.0570954013195277,0.0351629982707072,-0.1061218289833026,0.0539400460087156,-0.0973405900480244
sample_1368,False,ok,2.0,0.7006,0.00649,-0.0901,107.95069337442219,0.14104639202864663,0.25851703406813625,D:\BH\航空项目制\优化\yixingyouhua2(1)\yixingyouhua2\batch_run\polars\sample_1368_polar.txt,D:\BH\航空项目制\优化\yixingyouhua2(1)\yixingyouhua2\batch_run\airfoils\sample_1368.dat,0.0015574793,-3.86697e-05,0.2758784941581467,0.2808490141697791,0.2889958440370941,0.2282122317444748,0.3082747090910314,0.2849257864830753,-0.1566280222527222,-0.121245364808703,-0.0114434862656193,-0.1022800406932614,-0.0141550425554736,-0.0664956132523463
sample_1369,False,ok,2.0,0.6812,0.00696,-0.0904,97.87356321839081,0.10047561209264988,0.37675350701402804,D:\BH\航空项目制\优化\yixingyouhua2(1)\yixingyouhua2\batch_run\polars\sample_1369_polar.txt,D:\BH\航空项目制\优化\yixingyouhua2(1)\yixingyouhua2\batch_run\airfoils\sample_1369.dat,0.0015574793,-3.86697e-05,0.238872794709694,0.2100959623819492,0.2492910665211893,0.1837739524385095,0.3649353674528541,0.3148046718124244,-0.1064007709048532,-0.0284012331316827,0.0394256828198103,-0.114082093826585,-0.0143107564945056,-0.0830030372770661
sample_1370,False,ok,2.0,0.7213,0.00725,-0.1073,99.48965517241379,0.11034735703034093,0.23847695390781562,D:\BH\航空项目制\优化\yixingyouhua2(1)\yixingyouhua2\batch_run\polars\sample_1370_polar.txt,D:\BH\航空项目制\优化\yixingyouhua2(1)\yixingyouhua2\batch_run\airfoils\sample_1370.dat,0.0015574793,-3.86697e-05,0.2647300811583382,0.1825931132127773,0.242676685904021,0.1816861999191991,0.3659021059976806,0.2731020523421058,-0.1203159657251698,-0.0887409448836691,-0.0278058864964691,-0.0180374166336418,0.0063888571765371,-0.009445065736825
sample_1371,False,ok,2.0,0.6891,0.00527,-0.1109,130.75901328273244,0.11526008488079109,0.3306613226452906,D:\BH\航空项目制\优化\yixingyouhua2(1)\yixingyouhua2\batch_run\polars\sample_1371_polar.txt,D:\BH\航空项目制\优化\yixingyouhua2(1)\yixingyouhua2\batch_run\airfoils\sample_1371.dat,0.0015574793,-3.86697e-05,0.1656554743563507,0.1926566494751802,0.3237559277937046,0.1676808313847271,0.3271307170878766,0.310478008939298,-0.1387137823554427,-0.0682352427518347,-0.0522169075270408,-0.0396488374596593,0.0218777301873039,-0.083662071466863
sample_1372,False,ok,2.0,0.7176,0.0059,-0.1198,121.6271186440678,0.10623641739037173,0.344689378757515,D:\BH\航空项目制\优化\yixingyouhua2(1)\yixingyouhua2\batch_run\polars\sample_1372_polar.txt,D:\BH\航空项目制\优化\yixingyouhua2(1)\yixingyouhua2\batch_run\airfoils\sample_1372.dat,0.0015574793,-3.86697e-05,0.175803226244878,0.1839403591431375,0.2455071244632346,0.2557438513218641,0.2883387938236318,0.3110629989599968,-0.1247114546504204,-0.1022287939999526,0.0372119470677685,-0.119002144412478,0.0687315193955156,-0.04451737315288
sample_1373,False,ok,2.0,0.7097,0.00544,-0.0975,130.4595588235294,0.11685632276790764,0.3306613226452906,D:\BH\航空项目制\优化\yixingyouhua2(1)\yixingyouhua2\batch_run\polars\sample_1373_polar.txt,D:\BH\航空项目制\优化\yixingyouhua2(1)\yixingyouhua2\batch_run\airfoils\sample_1373.dat,0.0015574793,-3.86697e-05,0.2320404356085711,0.1991690706628607,0.3233686993513465,0.1409736885424843,0.3517297204238373,0.2682165298993791,-0.0761341346594678,-0.0529539722093239,-0.0780512326624305,-0.0611132448253013,0.0644530857245141,-0.0679801025663004
sample_1374,False,ok,2.0,0.6625,0.0065,-0.1,101.92307692307692,0.12740624012595014,0.24649298597194386,D:\BH\航空项目制\优化\yixingyouhua2(1)\yixingyouhua2\batch_run\polars\sample_1374_polar.txt,D:\BH\航空项目制\优化\yixingyouhua2(1)\yixingyouhua2\batch_run\airfoils\sample_1374.dat,0.0015574793,-3.86697e-05,0.228182640641878,0.2294401326898307,0.2677246111470318,0.2341942931585922,0.317457266238763,0.3123690317392532,-0.1921104278376846,-0.1279584161440423,0.035329920658151,-0.1222131782554152,0.0050771222194697,-0.0988508330200676
sample_1375,False,ok,2.0,0.7242,0.00556,-0.1096,130.25179856115108,0.12012402787080399,0.2865731462925851,D:\BH\航空项目制\优化\yixingyouhua2(1)\yixingyouhua2\batch_run\polars\sample_1375_polar.txt,D:\BH\航空项目制\优化\yixingyouhua2(1)\yixingyouhua2\batch_run\airfoils\sample_1375.dat,0.0015574793,-3.86697e-05,0.1748240943209794,0.2676690880208398,0.2736422864053,0.1412285880584239,0.3407932894398234,0.2589093631884845,-0.0946575150643899,-0.118601661789547,-0.0154351626228537,-0.0725398844821244,0.0144920648557234,0.0057324906138894
sample_1376,False,ok,2.0,0.7627,0.00569,-0.1152,134.04217926186294,0.13005732802503525,0.30861723446893785,D:\BH\航空项目制\优化\yixingyouhua2(1)\yixingyouhua2\batch_run\polars\sample_1376_polar.txt,D:\BH\航空项目制\优化\yixingyouhua2(1)\yixingyouhua2\batch_run\airfoils\sample_1376.dat,0.0015574793,-3.86697e-05,0.2303480785791223,0.2190667144096901,0.3685708538723988,0.1671693690229647,0.3234689043944751,0.2397449632968099,-0.1633125122822623,-0.0732713201360153,-0.0217468892244646,-0.1197144335744715,0.059793348401454,0.0144933627923402
sample_1377,False,ok,2.0,0.7546,0.00662,-0.1193,113.987915407855,0.11008591633693462,0.3006012024048096,D:\BH\航空项目制\优化\yixingyouhua2(1)\yixingyouhua2\batch_run\polars\sample_1377_polar.txt,D:\BH\航空项目制\优化\yixingyouhua2(1)\yixingyouhua2\batch_run\airfoils\sample_1377.dat,0.0015574793,-3.86697e-05,0.227879932567873,0.2076619534454928,0.2868450656641086,0.2257662046936718,0.3496302002738914,0.3140404653454722,-0.1826566581256343,-0.0013770445856963,-0.0287064835901395,-0.0314051498419902,0.0228269486187277,-0.0549175578891764
sample_1378,False,ok,2.0,0.7288,0.00562,-0.1092,129.6797153024911,0.12925256775343397,0.3226452905811623,D:\BH\航空项目制\优化\yixingyouhua2(1)\yixingyouhua2\batch_run\polars\sample_1378_polar.txt,D:\BH\航空项目制\优化\yixingyouhua2(1)\yixingyouhua2\batch_run\airfoils\sample_1378.dat,0.0015574793,-3.86697e-05,0.1841858858810136,0.2580373029881895,0.3457717392279268,0.2238181283308691,0.2538210543821266,0.2955372097212962,-0.1699244013954236,-0.0463996511329147,-0.0305227477449505,-0.1089490159024895,0.078772164626116,-0.0725198170905981
sample_1379,False,ok,2.0,0.8106,0.00475,-0.1287,170.65263157894736,0.12920382405190634,0.39078156312625245,D:\BH\航空项目制\优化\yixingyouhua2(1)\yixingyouhua2\batch_run\polars\sample_1379_polar.txt,D:\BH\航空项目制\优化\yixingyouhua2(1)\yixingyouhua2\batch_run\airfoils\sample_1379.dat,0.0015574793,-3.86697e-05,0.2197255036374462,0.2069585605825553,0.3528608790041104,0.2606498441876788,0.3584355420986272,0.320717131459161,-0.1003110288608365,-0.0554769571351198,-0.0235997016361356,-0.1293674963870974,0.0715775912458712,-0.050534058264362
sample_1380,False,ok,2.0,0.6617,0.00506,-0.0796,130.77075098814228,0.11466573807720558,0.3306613226452906,D:\BH\航空项目制\优化\yixingyouhua2(1)\yixingyouhua2\batch_run\polars\sample_1380_polar.txt,D:\BH\航空项目制\优化\yixingyouhua2(1)\yixingyouhua2\batch_run\airfoils\sample_1380.dat,0.0015574793,-3.86697e-05,0.2335219988975652,0.1941668493648453,0.344382312637508,0.1649253090940398,0.3243950229376406,0.1959630862583494,-0.090214379440673,-0.0356469750198832,-0.0634909919829282,-0.0212105199610161,0.0311085154471702,-0.1018868083179472
sample_1381,False,ok,2.0,0.7484,0.00529,-0.1145,141.4744801512287,0.14023733677529765,0.31462925851703405,D:\BH\航空项目制\优化\yixingyouhua2(1)\yixingyouhua2\batch_run\polars\sample_1381_polar.txt,D:\BH\航空项目制\优化\yixingyouhua2(1)\yixingyouhua2\batch_run\airfoils\sample_1381.dat,0.0015574793,-3.86697e-05,0.2004555881176743,0.2544972897593424,0.3659764679971903,0.1493351341772347,0.3372028552448605,0.27052162998571,-0.1202284497298143,-0.1237374156174472,-0.0520241426127574,-0.1289824744511358,0.0720688892559337,-0.0124214069924476
sample_1382,False,ok,2.0,0.709,0.00568,-0.1064,124.82394366197182,0.13164796082352426,0.3166332665330661,D:\BH\航空项目制\优化\yixingyouhua2(1)\yixingyouhua2\batch_run\polars\sample_1382_polar.txt,D:\BH\航空项目制\优化\yixingyouhua2(1)\yixingyouhua2\batch_run\airfoils\sample_1382.dat,0.0015574793,-3.86697e-05,0.179746655652726,0.2644819485637259,0.349696899193918,0.2483246364844982,0.3031363956913061,0.2274998908523448,-0.1962610133730893,-0.0842629751068468,0.04860644544846,-0.1373728113705174,0.0061696809914981,-0.0548957645036216
sample_1383,False,ok,2.0,0.6989,0.00559,-0.1136,125.02683363148478,0.12649951283454403,0.30260521042084165,D:\BH\航空项目制\优化\yixingyouhua2(1)\yixingyouhua2\batch_run\polars\sample_1383_polar.txt,D:\BH\航空项目制\优化\yixingyouhua2(1)\yixingyouhua2\batch_run\airfoils\sample_1383.dat,0.0015574793,-3.86697e-05,0.2057226321060113,0.1864923314260375,0.301179366172133,0.2136859785131709,0.2388517963891878,0.2723566390597369,-0.188584707990913,-0.0884808641434915,-0.0797046724763732,-0.0896505477144467,0.0618530861526322,0.0058087774879181
sample_1384,False,ok,2.0,0.7766,0.00647,-0.1053,120.03091190108191,0.1319364227673385,0.23246492985971942,D:\BH\航空项目制\优化\yixingyouhua2(1)\yixingyouhua2\batch_run\polars\sample_1384_polar.txt,D:\BH\航空项目制\优化\yixingyouhua2(1)\yixingyouhua2\batch_run\airfoils\sample_1384.dat,0.0015574793,-3.86697e-05,0.2723391161074633,0.2878795431825504,0.2756022718797251,0.2189981320766107,0.2959188321392962,0.2702998388529293,-0.1275057952857941,-0.1164225944560716,0.0126531318906145,-0.0288005374887657,0.0149276215725886,-0.0077897550421397
sample_1385,False,ok,2.0,0.7256,0.0066,-0.0892,109.93939393939394,0.13237034872888956,0.25851703406813625,D:\BH\航空项目制\优化\yixingyouhua2(1)\yixingyouhua2\batch_run\polars\sample_1385_polar.txt,D:\BH\航空项目制\优化\yixingyouhua2(1)\yixingyouhua2\batch_run\airfoils\sample_1385.dat,0.0015574793,-3.86697e-05,0.2758321002454162,0.2925875014239336,0.3183703390923597,0.1705828429568088,0.3471572662136426,0.2092498667549543,-0.191139118758871,-0.0032975028592291,-0.0442873135863146,-0.0950806990705581,0.0197235513663077,-0.0405064341132423
sample_1386,False,ok,2.0,0.6964,0.00709,-0.0887,98.2228490832158,0.11587456502068716,0.23246492985971942,D:\BH\航空项目制\优化\yixingyouhua2(1)\yixingyouhua2\batch_run\polars\sample_1386_polar.txt,D:\BH\航空项目制\优化\yixingyouhua2(1)\yixingyouhua2\batch_run\airfoils\sample_1386.dat,0.0015574793,-3.86697e-05,0.2823606365953082,0.2186082053231978,0.2916491782540301,0.1918750531918116,0.3603402990196064,0.2192998880453102,-0.1632240771568246,-0.0326531346445733,0.0223176911930044,-0.1137264352834696,0.0533161962919061,-0.0816192735244056
sample_1387,False,ok,2.0,0.6066,0.00468,-0.0512,129.6153846153846,0.13782119539224214,0.3166332665330661,D:\BH\航空项目制\优化\yixingyouhua2(1)\yixingyouhua2\batch_run\polars\sample_1387_polar.txt,D:\BH\航空项目制\优化\yixingyouhua2(1)\yixingyouhua2\batch_run\airfoils\sample_1387.dat,0.0015574793,-3.86697e-05,0.2630059459827604,0.2691634888901929,0.3484270682875355,0.1949312096879303,0.2436892151627088,0.1979703498221145,-0.0894607438987223,-0.0867222984140999,-0.0349100108023688,-0.1308291567875091,-0.0431854444476585,-0.0896369524606052
sample_1388,False,ok,2.0,0.6178,0.00581,-0.0745,106.33390705679862,0.12709902187147343,0.25250501002004005,D:\BH\航空项目制\优化\yixingyouhua2(1)\yixingyouhua2\batch_run\polars\sample_1388_polar.txt,D:\BH\航空项目制\优化\yixingyouhua2(1)\yixingyouhua2\batch_run\airfoils\sample_1388.dat,0.0015574793,-3.86697e-05,0.2062721262246428,0.2844840147391084,0.2645210927126604,0.1676408112654491,0.242921806120167,0.2025501910895838,-0.1474535671767189,-0.1118875163412401,-0.009723156903001,-0.0832603061591263,0.0702965685663234,-0.0901670324304752
sample_1389,False,ok,2.0,0.7197,0.00439,-0.1023,163.94077448747154,0.12832657658680707,0.3987975951903807,D:\BH\航空项目制\优化\yixingyouhua2(1)\yixingyouhua2\batch_run\polars\sample_1389_polar.txt,D:\BH\航空项目制\优化\yixingyouhua2(1)\yixingyouhua2\batch_run\airfoils\sample_1389.dat,0.0015574793,-3.86697e-05,0.2105390218860198,0.2088369304894565,0.3444345536465114,0.260968032030841,0.3117999570544477,0.3223218515321475,-0.0815825606954211,-0.0768504603048082,-0.0057238249826833,-0.1358344144115812,0.0128667577918654,-0.0996017483652527
sample_1390,False,ok,2.0,0.68,0.00529,-0.0733,128.5444234404537,0.13424416632336064,0.30260521042084165,D:\BH\航空项目制\优化\yixingyouhua2(1)\yixingyouhua2\batch_run\polars\sample_1390_polar.txt,D:\BH\航空项目制\优化\yixingyouhua2(1)\yixingyouhua2\batch_run\airfoils\sample_1390.dat,0.0015574793,-3.86697e-05,0.2541248780822334,0.3031891747340554,0.2876394477642885,0.21594695552077,0.2954178414452645,0.2065018114887342,-0.0891461435240867,-0.0638859079066448,-0.076803428821886,-0.0626246018342595,-0.0218992982351442,-0.0547716703422881
sample_1391,False,ok,2.0,0.7269,0.00595,-0.0886,122.16806722689074,0.1241736119830603,0.2665330661322645,D:\BH\航空项目制\优化\yixingyouhua2(1)\yixingyouhua2\batch_run\polars\sample_1391_polar.txt,D:\BH\航空项目制\优化\yixingyouhua2(1)\yixingyouhua2\batch_run\airfoils\sample_1391.dat,0.0015574793,-3.86697e-05,0.2738174999455636,0.238442105972365,0.3234846851812494,0.20721862467814,0.2793587073801628,0.2482381366745657,-0.093170730284359,-0.1038696034621688,0.0094564724593654,-0.0214005574777262,0.0011304350117487,-0.0574945418661667
sample_1392,False,ok,2.0,0.6873,0.00659,-0.0854,104.29438543247345,0.11594528620937673,0.30260521042084165,D:\BH\航空项目制\优化\yixingyouhua2(1)\yixingyouhua2\batch_run\polars\sample_1392_polar.txt,D:\BH\航空项目制\优化\yixingyouhua2(1)\yixingyouhua2\batch_run\airfoils\sample_1392.dat,0.0015574793,-3.86697e-05,0.278817145763324,0.2092753191545943,0.2523736167691436,0.2628755858908411,0.2917722396566865,0.235376835648424,-0.1029494338879797,-0.049760605400584,-0.0620321083265953,-0.0251579384331933,0.0163021019997806,-0.0662356181374634
sample_1393,False,ok,2.0,0.7029,0.00558,-0.1167,125.96774193548387,0.1315737685307087,0.2925851703406813,D:\BH\航空项目制\优化\yixingyouhua2(1)\yixingyouhua2\batch_run\polars\sample_1393_polar.txt,D:\BH\航空项目制\优化\yixingyouhua2(1)\yixingyouhua2\batch_run\airfoils\sample_1393.dat,0.0015574793,-3.86697e-05,0.2001422048517488,0.1851580319368967,0.3513929858938938,0.1639855533242809,0.3466784390474171,0.2136802046057949,-0.1929422575900931,-0.1202687550165017,-0.0670659131317892,-0.0316984038948313,-0.0135120847360235,0.0166611309826696
sample_1394,False,ok,2.0,0.7013,0.00452,-0.1048,155.15486725663717,0.11946126826909884,0.38276553106212424,D:\BH\航空项目制\优化\yixingyouhua2(1)\yixingyouhua2\batch_run\polars\sample_1394_polar.txt,D:\BH\航空项目制\优化\yixingyouhua2(1)\yixingyouhua2\batch_run\airfoils\sample_1394.dat,0.0015574793,-3.86697e-05,0.1665017155045639,0.2129044256296457,0.3167876805869783,0.2161669282135011,0.2451417496552023,0.3031102157850116,-0.1264021619980356,-0.0207465030807775,-0.0557427567782034,-0.1219085257550348,-0.0101151327627759,-0.0143689914138046
sample_1395,False,ok,2.0,0.7449,0.00586,-0.092,127.1160409556314,0.13939858147341627,0.2725450901803607,D:\BH\航空项目制\优化\yixingyouhua2(1)\yixingyouhua2\batch_run\polars\sample_1395_polar.txt,D:\BH\航空项目制\优化\yixingyouhua2(1)\yixingyouhua2\batch_run\airfoils\sample_1395.dat,0.0015574793,-3.86697e-05,0.2790517196463341,0.2967509178025394,0.3053065239619124,0.1872064876193103,0.3126175608187873,0.2603108282097903,-0.1038685128006294,-0.1035813096510381,-0.0410867311411776,-0.0911881487227222,0.0223041667063927,-0.0251697147211787
sample_1396,False,ok,2.0,0.7151,0.00594,-0.0934,120.38720538720538,0.12709696654002622,0.25250501002004005,D:\BH\航空项目制\优化\yixingyouhua2(1)\yixingyouhua2\batch_run\polars\sample_1396_polar.txt,D:\BH\航空项目制\优化\yixingyouhua2(1)\yixingyouhua2\batch_run\airfoils\sample_1396.dat,0.0015574793,-3.86697e-05,0.2415381152015073,0.2562923031323474,0.3465786686187703,0.1964727378197025,0.2659543550052531,0.3158566144950206,-0.1416302690464708,-0.1032351160927439,0.0434179620220712,-0.0343859293445625,-0.0130863044981702,-0.1047902631443224
sample_1397,False,ok,2.0,0.6832,0.0057,-0.0983,119.85964912280701,0.1349023563995317,0.35270541082164325,D:\BH\航空项目制\优化\yixingyouhua2(1)\yixingyouhua2\batch_run\polars\sample_1397_polar.txt,D:\BH\航空项目制\优化\yixingyouhua2(1)\yixingyouhua2\batch_run\airfoils\sample_1397.dat,0.0015574793,-3.86697e-05,0.2025713173130014,0.2221430965321059,0.3700031478175535,0.2236092933855327,0.2570123091132081,0.2862215389286985,-0.1970413703967646,-0.0375332863760467,-0.0549701692362514,-0.122110241593356,-0.0404835287962397,-0.0469421977575695
sample_1398,False,ok,2.0,0.7378,0.00581,-0.0915,126.98795180722891,0.12715549574474655,0.3246492985971944,D:\BH\航空项目制\优化\yixingyouhua2(1)\yixingyouhua2\batch_run\polars\sample_1398_polar.txt,D:\BH\航空项目制\优化\yixingyouhua2(1)\yixingyouhua2\batch_run\airfoils\sample_1398.dat,0.0015574793,-3.86697e-05,0.2227141408835322,0.2900623222715229,0.3543578548672654,0.2438731466112721,0.2678307006335909,0.2517608982315806,-0.1276678587802836,-0.02540705650072,0.0250155138973888,-0.1235302443420454,0.0591682065411386,-0.1000565304274878
sample_1399,False,ok,2.0,0.8165,0.005,-0.1091,163.3,0.13434813215818692,0.3306613226452906,D:\BH\航空项目制\优化\yixingyouhua2(1)\yixingyouhua2\batch_run\polars\sample_1399_polar.txt,D:\BH\航空项目制\优化\yixingyouhua2(1)\yixingyouhua2\batch_run\airfoils\sample_1399.dat,0.0015574793,-3.86697e-05,0.2691891562680324,0.2548372978437147,0.3655040831657904,0.2493892211942592,0.3006612151780094,0.248319261321886,-0.0831215987809669,-0.0657267069387294,-0.0228708858105738,-0.0867330569082551,0.0194010827967522,0.0101720156784004
sample_1400,False,ok,2.0,0.6164,0.00545,-0.0998,113.10091743119266,0.12323301303712436,0.3246492985971944,D:\BH\航空项目制\优化\yixingyouhua2(1)\yixingyouhua2\batch_run\polars\sample_1400_polar.txt,D:\BH\航空项目制\优化\yixingyouhua2(1)\yixingyouhua2\batch_run\airfoils\sample_1400.dat,0.0015574793,-3.86697e-05,0.1546098913250523,0.2153339098230854,0.2798663333005019,0.1551374406157732,0.3569235406995201,0.2897692782430492,-0.1777349266911441,-0.0866491045075553,-0.0760876455374489,-0.1006755667380609,0.0002402370080524,-0.0945614470520358
sample_1401,False,ok,2.0,0.7981,0.00611,-0.1435,130.62193126022913,0.1008738859740932,0.3226452905811623,D:\BH\航空项目制\优化\yixingyouhua2(1)\yixingyouhua2\batch_run\polars\sample_1401_polar.txt,D:\BH\航空项目制\优化\yixingyouhua2(1)\yixingyouhua2\batch_run\airfoils\sample_1401.dat,0.0015574793,-3.86697e-05,0.1677218232476131,0.2010169145360267,0.2520839645938284,0.2468164140468418,0.3213293574526945,0.3243216817633687,-0.1733955100049335,-0.0434437480588573,0.0489635601126884,-0.0998891045693305,0.0776769270468203,0.0087933101245042
sample_1402,False,ok,2.0,0.658,0.00604,-0.1087,108.94039735099338,0.10635557652535303,0.2945891783567134,D:\BH\航空项目制\优化\yixingyouhua2(1)\yixingyouhua2\batch_run\polars\sample_1402_polar.txt,D:\BH\航空项目制\优化\yixingyouhua2(1)\yixingyouhua2\batch_run\airfoils\sample_1402.dat,0.0015574793,-3.86697e-05,0.167514356206906,0.1748324164284956,0.2599958679334202,0.1469829166236136,0.3305383688151925,0.3095665653893965,-0.1359797189604973,-0.1028635145268623,-0.0296122770733386,-0.0413575838390223,-0.0204086899438373,-0.0360109593916951
sample_1403,False,ok,2.0,0.7078,0.00599,-0.1184,118.1636060100167,0.11363378438260109,0.23847695390781562,D:\BH\航空项目制\优化\yixingyouhua2(1)\yixingyouhua2\batch_run\polars\sample_1403_polar.txt,D:\BH\航空项目制\优化\yixingyouhua2(1)\yixingyouhua2\batch_run\airfoils\sample_1403.dat,0.0015574793,-3.86697e-05,0.1977471859215153,0.1757870940045057,0.3055137771726237,0.205018042802943,0.319368124867156,0.2340373111565921,-0.1895718358366447,-0.1171658852286834,0.0412959952432869,-0.0282558565572266,0.0806291004898376,-0.0592009713339574
sample_1404,False,ok,2.0,0.7386,0.00552,-0.1036,133.80434782608697,0.11059156093078008,0.30861723446893785,D:\BH\航空项目制\优化\yixingyouhua2(1)\yixingyouhua2\batch_run\polars\sample_1404_polar.txt,D:\BH\航空项目制\优化\yixingyouhua2(1)\yixingyouhua2\batch_run\airfoils\sample_1404.dat,0.0015574793,-3.86697e-05,0.2127836916787778,0.2074334519553916,0.350438934387949,0.197663582149166,0.3039811243247651,0.2653455229989726,-0.1085406827456918,-0.0665497584392686,0.042710107744637,-0.0255120157716685,-0.0202845710180442,-0.0550079193347391
sample_1405,False,ok,2.0,0.7105,0.00637,-0.0978,111.53846153846155,0.10584068442942245,0.2444889779559118,D:\BH\航空项目制\优化\yixingyouhua2(1)\yixingyouhua2\batch_run\polars\sample_1405_polar.txt,D:\BH\航空项目制\优化\yixingyouhua2(1)\yixingyouhua2\batch_run\airfoils\sample_1405.dat,0.0015574793,-3.86697e-05,0.230233787390391,0.2229463669258805,0.2531616207215585,0.1821789597789693,0.2525229293892498,0.3128195958150274,-0.1253102830279703,-0.0545669438761366,0.0168461055745477,-0.0526906479364437,-0.0018912318740432,-0.0256029145554493
sample_1406,False,ok,2.0,0.6965,0.00661,-0.0788,105.37065052950075,0.12066107252249406,0.2124248496993988,D:\BH\航空项目制\优化\yixingyouhua2(1)\yixingyouhua2\batch_run\polars\sample_1406_polar.txt,D:\BH\航空项目制\优化\yixingyouhua2(1)\yixingyouhua2\batch_run\airfoils\sample_1406.dat,0.0015574793,-3.86697e-05,0.2793179675029328,0.2772446712193398,0.2699477750718126,0.2102098942649016,0.2528852414219263,0.2344859138935126,-0.1698220260039756,-0.0139358621089779,-0.0065377371994135,-0.0126402287347243,-0.004397733873311,-0.0686641257241611
sample_1407,False,ok,2.0,0.7712,0.00654,-0.1079,117.92048929663609,0.11837688665194038,0.24649298597194386,D:\BH\航空项目制\优化\yixingyouhua2(1)\yixingyouhua2\batch_run\polars\sample_1407_polar.txt,D:\BH\航空项目制\优化\yixingyouhua2(1)\yixingyouhua2\batch_run\airfoils\sample_1407.dat,0.0015574793,-3.86697e-05,0.2562940769569332,0.252451686980987,0.297629191910795,0.1628076300955718,0.3063761426339095,0.3156419296918947,-0.1406946499231751,-0.0607395359016348,0.0472686532785971,-0.1353077497293315,0.032637284013639,0.0006163290354834
sample_1408,False,ok,2.0,0.7386,0.00519,-0.0964,142.3121387283237,0.10948849207881443,0.2945891783567134,D:\BH\航空项目制\优化\yixingyouhua2(1)\yixingyouhua2\batch_run\polars\sample_1408_polar.txt,D:\BH\航空项目制\优化\yixingyouhua2(1)\yixingyouhua2\batch_run\airfoils\sample_1408.dat,0.0015574793,-3.86697e-05,0.2130414797672239,0.2704523307164949,0.2518693728332661,0.2546882725460995,0.2406467110504244,0.2218056223805939,-0.0915415515714437,-0.0291680588482221,-0.0105502983256381,-0.0293289868657149,0.0268776530237918,-0.0116454988282894
sample_1409,False,ok,2.0,0.6955,0.00498,-0.0992,139.6586345381526,0.11451291737717337,0.3386773547094188,D:\BH\航空项目制\优化\yixingyouhua2(1)\yixingyouhua2\batch_run\polars\sample_1409_polar.txt,D:\BH\航空项目制\优化\yixingyouhua2(1)\yixingyouhua2\batch_run\airfoils\sample_1409.dat,0.0015574793,-3.86697e-05,0.1754922222799296,0.2388419044481672,0.3216145309650871,0.1416282309899733,0.315435986372073,0.308106175999305,-0.099547421520003,-0.0447274257556055,-0.0143558783240969,-0.1267416815852256,0.0695727973744465,-0.0855830028427492
sample_1410,False,ok,2.0,0.6878,0.00732,-0.0934,93.96174863387978,0.10982409612000928,0.2124248496993988,D:\BH\航空项目制\优化\yixingyouhua2(1)\yixingyouhua2\batch_run\polars\sample_1410_polar.txt,D:\BH\航空项目制\优化\yixingyouhua2(1)\yixingyouhua2\batch_run\airfoils\sample_1410.dat,0.0015574793,-3.86697e-05,0.2672151916012465,0.1889456615481468,0.2576954443951182,0.2124402435636083,0.2906226676219436,0.2584671752871683,-0.1595400718581761,-0.0629769290421466,0.0357374798231295,-0.0872164976767206,-0.0210426120401791,-0.0157487123238663
sample_1411,False,ok,2.0,0.6481,0.00617,-0.083,105.04051863857374,0.10296011011156368,0.3987975951903807,D:\BH\航空项目制\优化\yixingyouhua2(1)\yixingyouhua2\batch_run\polars\sample_1411_polar.txt,D:\BH\航空项目制\优化\yixingyouhua2(1)\yixingyouhua2\batch_run\airfoils\sample_1411.dat,0.0015574793,-3.86697e-05,0.21194673321035,0.2013418353914483,0.2481313106239995,0.2291353647089266,0.2838381998268425,0.2461409288800572,-0.1236781151374078,-0.0077561434235778,0.0009947646017058,-0.1123510591806211,-0.0017067792447949,-0.0789277667268228
sample_1412,False,ok,2.0,0.6561,0.00495,-0.092,132.54545454545453,0.12366769830498595,0.3166332665330661,D:\BH\航空项目制\优化\yixingyouhua2(1)\yixingyouhua2\batch_run\polars\sample_1412_polar.txt,D:\BH\航空项目制\优化\yixingyouhua2(1)\yixingyouhua2\batch_run\airfoils\sample_1412.dat,0.0015574793,-3.86697e-05,0.1646115241720302,0.2238023333008701,0.3261490309563474,0.1360676031713893,0.3015993913307478,0.1976442232504929,-0.076868447366742,-0.1247401779527529,-0.0591271036726418,-0.0667155736072673,0.0111781858442929,-0.0140036344096871
sample_1413,False,polar_parse_failed,,,,,,,,,,,,,,,,,,,,,,,
sample_1414,False,ok,2.0,0.7636,0.00534,-0.0901,142.99625468164794,0.11041658501691477,0.2945891783567134,D:\BH\航空项目制\优化\yixingyouhua2(1)\yixingyouhua2\batch_run\polars\sample_1414_polar.txt,D:\BH\航空项目制\优化\yixingyouhua2(1)\yixingyouhua2\batch_run\airfoils\sample_1414.dat,0.0015574793,-3.86697e-05,0.2376000498800093,0.2732072427076776,0.3370556543873008,0.1986775494661846,0.2748082018159795,0.2185211748033578,-0.0704084234545053,-0.0083296091646539,0.0212354587014243,-0.0191479804017755,0.0426241016754578,-0.0536463377134071
sample_1415,False,ok,2.0,0.6374,0.00529,-0.075,120.49149338374289,0.1092023561719192,0.3306613226452906,D:\BH\航空项目制\优化\yixingyouhua2(1)\yixingyouhua2\batch_run\polars\sample_1415_polar.txt,D:\BH\航空项目制\优化\yixingyouhua2(1)\yixingyouhua2\batch_run\airfoils\sample_1415.dat,0.0015574793,-3.86697e-05,0.2234865764772249,0.1777816784913612,0.348062927610161,0.1655019352088225,0.2444768870074853,0.2514195641054161,-0.1040063350770976,-0.05064579832638,0.0102771100941393,-0.0894360139190739,0.0170989965076381,-0.1054345445185221
sample_1416,False,ok,2.0,0.7444,0.00548,-0.1078,135.83941605839416,0.1163929139962154,0.344689378757515,D:\BH\航空项目制\优化\yixingyouhua2(1)\yixingyouhua2\batch_run\polars\sample_1416_polar.txt,D:\BH\航空项目制\优化\yixingyouhua2(1)\yixingyouhua2\batch_run\airfoils\sample_1416.dat,0.0015574793,-3.86697e-05,0.2307828387373269,0.1814505381279716,0.3712555164140771,0.2376874560652771,0.3012704426797425,0.2119515441647325,-0.1640774945793978,-0.0128864616836181,-0.0116951613778463,-0.0511270960691042,0.0526749428772637,-0.0535531538787468
sample_1417,False,ok,2.0,0.6871,0.00513,-0.0852,133.93762183235867,0.11475653739333941,0.35270541082164325,D:\BH\航空项目制\优化\yixingyouhua2(1)\yixingyouhua2\batch_run\polars\sample_1417_polar.txt,D:\BH\航空项目制\优化\yixingyouhua2(1)\yixingyouhua2\batch_run\airfoils\sample_1417.dat,0.0015574793,-3.86697e-05,0.2508166444694933,0.191635663950936,0.3208920928584219,0.2339641819995394,0.322645586817289,0.2192083118447735,-0.0873854523756534,-0.0450485343564194,-0.0299842221193252,-0.0327020256814396,-0.0014724369475694,-0.0937351445647601
sample_1418,False,polar_parse_failed,,,,,,,,,,,,,,,,,,,,,,,
sample_1419,False,ok,2.0,0.724,0.00548,-0.1025,132.1167883211679,0.13268041817691673,0.3166332665330661,D:\BH\航空项目制\优化\yixingyouhua2(1)\yixingyouhua2\batch_run\polars\sample_1419_polar.txt,D:\BH\航空项目制\优化\yixingyouhua2(1)\yixingyouhua2\batch_run\airfoils\sample_1419.dat,0.0015574793,-3.86697e-05,0.2411879965832332,0.205952934154233,0.3615912033173378,0.2309015222298371,0.303173738035009,0.208437349620125,-0.1405853076884198,-0.1204687424888584,0.0134765530101239,-0.1176256519409974,-0.0001482395624351,-0.0050152427527711
sample_1420,False,ok,2.0,0.7119,0.0059,-0.0985,120.66101694915254,0.11427636993372536,0.2865731462925851,D:\BH\航空项目制\优化\yixingyouhua2(1)\yixingyouhua2\batch_run\polars\sample_1420_polar.txt,D:\BH\航空项目制\优化\yixingyouhua2(1)\yixingyouhua2\batch_run\airfoils\sample_1420.dat,0.0015574793,-3.86697e-05,0.2395571968791809,0.1817422571958866,0.3676508847197831,0.172428525588863,0.2419922644459256,0.3013868141848517,-0.1634916969487782,-0.0363981521250519,-0.0020228738236912,-0.0447505295100077,0.0088449205863421,-0.0593092404550199
sample_1421,False,ok,2.0,0.6708,0.00544,-0.0691,123.30882352941175,0.11217700591973609,0.2725450901803607,D:\BH\航空项目制\优化\yixingyouhua2(1)\yixingyouhua2\batch_run\polars\sample_1421_polar.txt,D:\BH\航空项目制\优化\yixingyouhua2(1)\yixingyouhua2\batch_run\airfoils\sample_1421.dat,0.0015574793,-3.86697e-05,0.2367082872444522,0.3013460443593497,0.2545166366071639,0.1602091123461743,0.2573203923801795,0.2320142283754106,-0.0895429058448922,-0.0065077526170857,-0.033519385110867,-0.0514992284272587,0.0186933047779424,-0.0705363973646174
sample_1422,False,ok,2.0,0.7857,0.00562,-0.1291,139.80427046263344,0.11289558760780753,0.3006012024048096,D:\BH\航空项目制\优化\yixingyouhua2(1)\yixingyouhua2\batch_run\polars\sample_1422_polar.txt,D:\BH\航空项目制\优化\yixingyouhua2(1)\yixingyouhua2\batch_run\airfoils\sample_1422.dat,0.0015574793,-3.86697e-05,0.1896275750610682,0.2299766846793889,0.2711271159893025,0.2562218510115502,0.2860824445143029,0.2932935659399714,-0.154136312432032,-0.0483317462694892,-0.0191844925850116,-0.0299300900079828,0.0386007596420688,0.0020652725208263
sample_1423,False,ok,2.0,0.7774,0.00601,-0.1222,129.35108153078204,0.10441370721361488,0.23847695390781562,D:\BH\航空项目制\优化\yixingyouhua2(1)\yixingyouhua2\batch_run\polars\sample_1423_polar.txt,D:\BH\航空项目制\优化\yixingyouhua2(1)\yixingyouhua2\batch_run\airfoils\sample_1423.dat,0.0015574793,-3.86697e-05,0.1956780063501882,0.2456629528594483,0.2659431963095942,0.2005709956045018,0.3584327719728654,0.2113723792820799,-0.1662342208422303,-0.0238744188763946,0.039052280518194,-0.0281219134938833,0.0461754461854413,0.0052736284357955
sample_1424,False,ok,2.0,0.7082,0.00665,-0.0782,106.49624060150377,0.10851608226601653,0.23847695390781562,D:\BH\航空项目制\优化\yixingyouhua2(1)\yixingyouhua2\batch_run\polars\sample_1424_polar.txt,D:\BH\航空项目制\优化\yixingyouhua2(1)\yixingyouhua2\batch_run\airfoils\sample_1424.dat,0.0015574793,-3.86697e-05,0.2789483942782783,0.2527264594936256,0.2784639865567562,0.1358407594164977,0.326645017090353,0.2388291130013551,-0.1088113595487498,-0.0059939969820405,0.0097700416194501,-0.0614969495951431,-0.0398914628931626,-0.0294570620616295
sample_1425,False,ok,2.0,0.7274,0.00556,-0.083,130.8273381294964,0.1434131400769871,0.2945891783567134,D:\BH\航空项目制\优化\yixingyouhua2(1)\yixingyouhua2\batch_run\polars\sample_1425_polar.txt,D:\BH\航空项目制\优化\yixingyouhua2(1)\yixingyouhua2\batch_run\airfoils\sample_1425.dat,0.0015574793,-3.86697e-05,0.2778696656976098,0.2915625313150877,0.3301808321329028,0.2585861804357314,0.2743919109227608,0.217792051434126,-0.0888300023793048,-0.1159572958484077,-0.0409664643241255,-0.0460829642009858,-0.0375837046571297,-0.0376628008873344
sample_1426,False,ok,2.0,0.7562,0.00593,-0.1075,127.5210792580101,0.1467619485568113,0.2785571142284569,D:\BH\航空项目制\优化\yixingyouhua2(1)\yixingyouhua2\batch_run\polars\sample_1426_polar.txt,D:\BH\航空项目制\优化\yixingyouhua2(1)\yixingyouhua2\batch_run\airfoils\sample_1426.dat,0.0015574793,-3.86697e-05,0.2612499766256845,0.285325248290865,0.313907641933254,0.2342269255397669,0.3369347510643173,0.1977367894296288,-0.1653570743660261,-0.1176264503707726,-0.0401105537190324,-0.1187150705560903,0.0754585441732584,-0.0055757369661489
sample_1427,False,ok,2.0,0.6252,0.00513,-0.0894,121.87134502923976,0.10129539390635242,0.3166332665330661,D:\BH\航空项目制\优化\yixingyouhua2(1)\yixingyouhua2\batch_run\polars\sample_1427_polar.txt,D:\BH\航空项目制\优化\yixingyouhua2(1)\yixingyouhua2\batch_run\airfoils\sample_1427.dat,0.0015574793,-3.86697e-05,0.1603886580857973,0.1742935605506225,0.2533776552202018,0.1439344667865012,0.2663578577130124,0.2054900503887104,-0.0737582292796915,-0.0803404909385097,-0.0764161373894644,-0.0323678423719122,0.0659197964768676,-0.0375777955322447
sample_1428,False,ok,2.0,0.6663,0.00487,-0.0833,136.81724845995893,0.12092796591399532,0.30861723446893785,D:\BH\航空项目制\优化\yixingyouhua2(1)\yixingyouhua2\batch_run\polars\sample_1428_polar.txt,D:\BH\航空项目制\优化\yixingyouhua2(1)\yixingyouhua2\batch_run\airfoils\sample_1428.dat,0.0015574793,-3.86697e-05,0.1976358555419044,0.269266113169882,0.2780735631162997,0.178958211527011,0.2642811296889913,0.2778530654739193,-0.0703758264116864,-0.1103603837595421,0.0111521334061068,-0.1302867265915805,-0.0233189621118962,-0.0379187100365535
sample_1429,False,ok,2.0,0.6727,0.00534,-0.0951,125.97378277153557,0.14125362579480064,0.3226452905811623,D:\BH\航空项目制\优化\yixingyouhua2(1)\yixingyouhua2\batch_run\polars\sample_1429_polar.txt,D:\BH\航空项目制\优化\yixingyouhua2(1)\yixingyouhua2\batch_run\airfoils\sample_1429.dat,0.0015574793,-3.86697e-05,0.1902372631252146,0.279645208102227,0.3228575485796738,0.2174835994286369,0.3665050950208019,0.2403294515206973,-0.133173937400474,-0.1046316776622385,-0.0776595619717592,-0.0718588757603834,-0.0102811857589715,-0.1013977797448465
sample_1430,False,ok,2.0,0.6823,0.00615,-0.0858,110.9430894308943,0.12618318537632905,0.2665330661322645,D:\BH\航空项目制\优化\yixingyouhua2(1)\yixingyouhua2\batch_run\polars\sample_1430_polar.txt,D:\BH\航空项目制\优化\yixingyouhua2(1)\yixingyouhua2\batch_run\airfoils\sample_1430.dat,0.0015574793,-3.86697e-05,0.222687138241525,0.2960311409506598,0.2647664825877602,0.1706922038754825,0.2486597148033966,0.1987019401526436,-0.1733409907875921,-0.0323036080205049,-0.0430668885489743,-0.1340839903613679,0.0418801381350515,0.0162771881733718
sample_1431,False,ok,2.0,0.696,0.00538,-0.1126,129.36802973977694,0.12259790981935384,0.2865731462925851,D:\BH\航空项目制\优化\yixingyouhua2(1)\yixingyouhua2\batch_run\polars\sample_1431_polar.txt,D:\BH\航空项目制\优化\yixingyouhua2(1)\yixingyouhua2\batch_run\airfoils\sample_1431.dat,0.0015574793,-3.86697e-05,0.163965334220189,0.2250066168817439,0.3141184886264538,0.2311009326690362,0.2630386755309597,0.2255397472263954,-0.1882581375332463,-0.1145261159691628,0.0350905555571375,-0.1043774150380582,0.0638309589636825,-0.0318344546899044
sample_1432,False,ok,2.0,0.7405,0.00544,-0.1082,136.12132352941177,0.11640247802503527,0.30861723446893785,D:\BH\航空项目制\优化\yixingyouhua2(1)\yixingyouhua2\batch_run\polars\sample_1432_polar.txt,D:\BH\航空项目制\优化\yixingyouhua2(1)\yixingyouhua2\batch_run\airfoils\sample_1432.dat,0.0015574793,-3.86697e-05,0.2120170468658185,0.2444525875730191,0.2526765332510376,0.2156481029594792,0.2544682716168389,0.2719893031473577,-0.1185560418950203,-0.0413621093312801,-0.0715956278016386,-0.068858336121585,0.0632114910257384,0.0077412078634891
sample_1433,False,ok,2.0,0.6689,0.00506,-0.1112,132.19367588932806,0.12309221328036993,0.3246492985971944,D:\BH\航空项目制\优化\yixingyouhua2(1)\yixingyouhua2\batch_run\polars\sample_1433_polar.txt,D:\BH\航空项目制\优化\yixingyouhua2(1)\yixingyouhua2\batch_run\airfoils\sample_1433.dat,0.0015574793,-3.86697e-05,0.156533234875785,0.230734078288888,0.2485205656732781,0.2519084734282294,0.328004946660232,0.2610352822397603,-0.1707971924985096,-0.1075307492661357,-0.0259689138178078,-0.1216374768890263,0.0714172313132452,-0.099534102892039
sample_1434,False,ok,2.0,0.7822,0.00483,-0.1072,161.94616977225672,0.11783522584829996,0.34669338677354705,D:\BH\航空项目制\优化\yixingyouhua2(1)\yixingyouhua2\batch_run\polars\sample_1434_polar.txt,D:\BH\航空项目制\优化\yixingyouhua2(1)\yixingyouhua2\batch_run\airfoils\sample_1434.dat,0.0015574793,-3.86697e-05,0.2458849783643278,0.2122137443367333,0.3555481002009985,0.1927206539619602,0.3575773537659901,0.2047077807534368,-0.0800580453453175,-0.0462261008348173,-0.0031709365583475,-0.065959337991328,-0.0098534098275145,0.0205672700339558
sample_1435,False,ok,2.0,0.7347,0.00539,-0.1093,136.30797773654916,0.12333524870292484,0.30260521042084165,D:\BH\航空项目制\优化\yixingyouhua2(1)\yixingyouhua2\batch_run\polars\sample_1435_polar.txt,D:\BH\航空项目制\优化\yixingyouhua2(1)\yixingyouhua2\batch_run\airfoils\sample_1435.dat,0.0015574793,-3.86697e-05,0.1790385966447785,0.2427651605587535,0.3622749684351836,0.2192506093382707,0.2519635864497827,0.196311704670941,-0.1709320544990116,-0.0381099403093181,-0.034120267890257,-0.0241823840410428,0.0630170059382821,-0.0156031488022
sample_1436,False,ok,2.0,0.72,0.00502,-0.0951,143.42629482071712,0.12992171803385077,0.3166332665330661,D:\BH\航空项目制\优化\yixingyouhua2(1)\yixingyouhua2\batch_run\polars\sample_1436_polar.txt,D:\BH\航空项目制\优化\yixingyouhua2(1)\yixingyouhua2\batch_run\airfoils\sample_1436.dat,0.0015574793,-3.86697e-05,0.2243739686031254,0.2511212271209983,0.3686480220553632,0.1458898124065844,0.3561190355240248,0.2124022488347606,-0.1044762559072734,-0.085780134567578,-0.004100859206842,-0.1247999501218568,0.0343214489224339,-0.0383487639668196
sample_1437,False,ok,2.0,0.6976,0.00489,-0.1,142.65848670756645,0.11693264811442311,0.31462925851703405,D:\BH\航空项目制\优化\yixingyouhua2(1)\yixingyouhua2\batch_run\polars\sample_1437_polar.txt,D:\BH\航空项目制\优化\yixingyouhua2(1)\yixingyouhua2\batch_run\airfoils\sample_1437.dat,0.0015574793,-3.86697e-05,0.1856277901557906,0.2247370438749719,0.2881107314821864,0.2284131827038777,0.2492592162124129,0.2307555136785633,-0.1032548704935708,-0.0833937046266682,-0.0419126842450006,-0.0408035998153902,0.0455077734291845,-0.0359023662879063
sample_1438,False,ok,2.0,0.8378,0.00592,-0.1267,141.52027027027026,0.12793954110114367,0.30861723446893785,D:\BH\航空项目制\优化\yixingyouhua2(1)\yixingyouhua2\batch_run\polars\sample_1438_polar.txt,D:\BH\航空项目制\优化\yixingyouhua2(1)\yixingyouhua2\batch_run\airfoils\sample_1438.dat,0.0015574793,-3.86697e-05,0.2472499650856354,0.2502540545438029,0.3475150912532472,0.2460871261048297,0.297389861225847,0.3088166056980942,-0.1455763274890417,-0.0555613935961683,0.0168678229835719,-0.1060286624042512,0.0572439554755261,0.0046740052193278
sample_1439,False,ok,2.0,0.7008,0.00705,-0.1015,99.40425531914893,0.13069252962056074,0.25250501002004005,D:\BH\航空项目制\优化\yixingyouhua2(1)\yixingyouhua2\batch_run\polars\sample_1439_polar.txt,D:\BH\航空项目制\优化\yixingyouhua2(1)\yixingyouhua2\batch_run\airfoils\sample_1439.dat,0.0015574793,-3.86697e-05,0.2797782352347179,0.2056200796116914,0.2704458456080334,0.2060872888978055,0.3380137437471763,0.2120528330238789,-0.1715316336796309,-0.1047629575782333,-0.0701234076832302,-0.0557928538884852,0.025757190274967,0.0021766359889189
sample_1440,False,ok,2.0,0.6558,0.00498,-0.0774,131.6867469879518,0.1281678832733779,0.3366733466933867,D:\BH\航空项目制\优化\yixingyouhua2(1)\yixingyouhua2\batch_run\polars\sample_1440_polar.txt,D:\BH\航空项目制\优化\yixingyouhua2(1)\yixingyouhua2\batch_run\airfoils\sample_1440.dat,0.0015574793,-3.86697e-05,0.2346868597905649,0.2394706091555427,0.3437079611114464,0.1931051409931607,0.3115096457583703,0.2416639056140548,-0.1214388549368056,-0.0428866993201831,-0.0575747262284139,-0.0782233249596666,-0.0179517308895305,-0.1070013470379122
sample_1441,False,ok,2.0,0.6209,0.00648,-0.074,95.81790123456791,0.137290522064817,0.23847695390781562,D:\BH\航空项目制\优化\yixingyouhua2(1)\yixingyouhua2\batch_run\polars\sample_1441_polar.txt,D:\BH\航空项目制\优化\yixingyouhua2(1)\yixingyouhua2\batch_run\airfoils\sample_1441.dat,0.0015574793,-3.86697e-05,0.2636960290948905,0.2672742270545994,0.2749843198399666,0.1713054110526288,0.3483894877605169,0.2050453601306743,-0.1717433410889502,-0.1182049488800391,-0.0388904450882485,-0.0627236189679534,-0.0243035469896401,-0.09670237027928
sample_1442,False,ok,2.0,0.7617,0.00542,-0.1255,140.5350553505535,0.10033415397617684,0.38276553106212424,D:\BH\航空项目制\优化\yixingyouhua2(1)\yixingyouhua2\batch_run\polars\sample_1442_polar.txt,D:\BH\航空项目制\优化\yixingyouhua2(1)\yixingyouhua2\batch_run\airfoils\sample_1442.dat,0.0015574793,-3.86697e-05,0.1616948344261292,0.1751239602409159,0.3268946339997272,0.1856973953353509,0.3316170222659251,0.3026125562910264,-0.1205852481809337,-0.0240284154336552,0.0251644107565737,-0.0705118593630224,0.0439990781317648,-0.0372718924990772
sample_1443,False,ok,2.0,0.6676,0.00549,-0.0983,121.60291438979962,0.11252427656998047,0.3166332665330661,D:\BH\航空项目制\优化\yixingyouhua2(1)\yixingyouhua2\batch_run\polars\sample_1443_polar.txt,D:\BH\航空项目制\优化\yixingyouhua2(1)\yixingyouhua2\batch_run\airfoils\sample_1443.dat,0.0015574793,-3.86697e-05,0.2023514868619989,0.1771426480786327,0.2745213765734426,0.1402827386018641,0.2686592523717496,0.246493374982567,-0.1054559053431402,-0.0908633602264215,-0.0608029130753636,-0.1173565231354673,0.074506896060139,0.00489726283338
sample_1444,False,ok,2.0,0.7139,0.00583,-0.1193,122.45283018867924,0.10853051612121084,0.3226452905811623,D:\BH\航空项目制\优化\yixingyouhua2(1)\yixingyouhua2\batch_run\polars\sample_1444_polar.txt,D:\BH\航空项目制\优化\yixingyouhua2(1)\yixingyouhua2\batch_run\airfoils\sample_1444.dat,0.0015574793,-3.86697e-05,0.1767985558504702,0.1818832122669576,0.2583955174822612,0.2564153551480314,0.2969858494940082,0.2459918393985319,-0.1560061842404131,-0.0936285360686467,0.0220437672859046,-0.0843051811371257,0.0277643803729286,-0.0051227943620526
sample_1445,False,ok,2.0,0.7366,0.00528,-0.1135,139.50757575757575,0.12144016285018173,0.3667334669338677,D:\BH\航空项目制\优化\yixingyouhua2(1)\yixingyouhua2\batch_run\polars\sample_1445_polar.txt,D:\BH\航空项目制\优化\yixingyouhua2(1)\yixingyouhua2\batch_run\airfoils\sample_1445.dat,0.0015574793,-3.86697e-05,0.1701825050092604,0.2215839406919779,0.3635229482413679,0.2471112798082741,0.3351885078519644,0.2336742921761972,-0.1452636864125915,-0.048711386501474,0.0237207943849507,-0.1103123829554611,0.0851566429654557,-0.1031118115351254
sample_1446,False,ok,2.0,0.6775,0.00505,-0.0929,134.15841584158417,0.1140559170443005,0.3246492985971944,D:\BH\航空项目制\优化\yixingyouhua2(1)\yixingyouhua2\batch_run\polars\sample_1446_polar.txt,D:\BH\航空项目制\优化\yixingyouhua2(1)\yixingyouhua2\batch_run\airfoils\sample_1446.dat,0.0015574793,-3.86697e-05,0.1940584157960217,0.2011957815525253,0.3524423456873349,0.1506286781051591,0.2878874434928546,0.2727231475580663,-0.1179315469754383,-0.0347256135195772,-0.0555119488468437,-0.0253245542363516,0.0113474019261139,-0.0859864818065161
sample_1447,False,ok,2.0,0.7603,0.00634,-0.1218,119.92113564668769,0.11583644742453955,0.24048096192384769,D:\BH\航空项目制\优化\yixingyouhua2(1)\yixingyouhua2\batch_run\polars\sample_1447_polar.txt,D:\BH\航空项目制\优化\yixingyouhua2(1)\yixingyouhua2\batch_run\airfoils\sample_1447.dat,0.0015574793,-3.86697e-05,0.1830546760510234,0.2844169371020544,0.2618423429142719,0.1433993265538871,0.3562168582014574,0.3098813746914385,-0.163688651537378,-0.0572957481438226,-0.0086079799432069,-0.0139746629046985,0.025393073870414,-0.0179155962188805
sample_1448,False,ok,2.0,0.841,0.00541,-0.1136,155.452865064695,0.11649692899699803,0.3246492985971944,D:\BH\航空项目制\优化\yixingyouhua2(1)\yixingyouhua2\batch_run\polars\sample_1448_polar.txt,D:\BH\航空项目制\优化\yixingyouhua2(1)\yixingyouhua2\batch_run\airfoils\sample_1448.dat,0.0015574793,-3.86697e-05,0.2264540660052391,0.2966443478855575,0.3464039683045941,0.254417451868375,0.2913886592762111,0.3104232200631884,-0.0738021388388282,-0.0019644734458804,0.0308424359165372,-0.0362874823154252,0.0450476675280556,-0.0599155206822239
sample_1449,False,ok,2.0,0.7672,0.00529,-0.0863,145.02835538752362,0.12346108457409136,0.3006012024048096,D:\BH\航空项目制\优化\yixingyouhua2(1)\yixingyouhua2\batch_run\polars\sample_1449_polar.txt,D:\BH\航空项目制\优化\yixingyouhua2(1)\yixingyouhua2\batch_run\airfoils\sample_1449.dat,0.0015574793,-3.86697e-05,0.2732407667336602,0.2968394900585346,0.3509250145239364,0.2039369640863015,0.3059228612974823,0.2739182895003568,-0.0773953147680606,-0.0263490965960765,0.0376543174462471,-0.1020285126549697,0.0462332991738049,-0.0926716693940053
sample_1450,False,ok,2.0,0.6768,0.0058,-0.0998,116.6896551724138,0.11789942899765661,0.2785571142284569,D:\BH\航空项目制\优化\yixingyouhua2(1)\yixingyouhua2\batch_run\polars\sample_1450_polar.txt,D:\BH\航空项目制\优化\yixingyouhua2(1)\yixingyouhua2\batch_run\airfoils\sample_1450.dat,0.0015574793,-3.86697e-05,0.1695288222971029,0.2441303559290651,0.3275415950691931,0.1367824153448512,0.2641785829595954,0.2512513076481162,-0.1893382262336627,-0.0540910539511035,0.0053402980607284,-0.0947310329970554,0.013554672829178,-0.0216414256045823
sample_1451,False,ok,2.0,0.7332,0.00554,-0.1136,132.34657039711192,0.10863830891102823,0.39078156312625245,D:\BH\航空项目制\优化\yixingyouhua2(1)\yixingyouhua2\batch_run\polars\sample_1451_polar.txt,D:\BH\航空项目制\优化\yixingyouhua2(1)\yixingyouhua2\batch_run\airfoils\sample_1451.dat,0.0015574793,-3.86697e-05,0.1544276113572627,0.2561087894103031,0.2433063059736781,0.245817981458672,0.3148159112972932,0.2401073728397924,-0.1476227030132792,0.0012522925081082,0.0014466673359669,-0.1328543151467638,0.0329737135823578,-0.0097550778232505
sample_1452,False,ok,2.0,0.7087,0.00495,-0.0861,143.17171717171715,0.13068980487194387,0.344689378757515,D:\BH\航空项目制\优化\yixingyouhua2(1)\yixingyouhua2\batch_run\polars\sample_1452_polar.txt,D:\BH\航空项目制\优化\yixingyouhua2(1)\yixingyouhua2\batch_run\airfoils\sample_1452.dat,0.0015574793,-3.86697e-05,0.2192405011849503,0.271233774560241,0.3651451722565434,0.1895545831337254,0.2803377702378286,0.2510127297472071,-0.1064387696196202,-0.003533310429723,-0.0786880735754003,-0.0993928899810329,0.0477434857204307,-0.0807409420815734
sample_1453,False,ok,2.0,0.5966,0.0048,-0.0778,124.29166666666669,0.13231075631670475,0.3306613226452906,D:\BH\航空项目制\优化\yixingyouhua2(1)\yixingyouhua2\batch_run\polars\sample_1453_polar.txt,D:\BH\航空项目制\优化\yixingyouhua2(1)\yixingyouhua2\batch_run\airfoils\sample_1453.dat,0.0015574793,-3.86697e-05,0.153990624781873,0.2413610989177815,0.3420204243103349,0.1621174445026982,0.255423871166114,0.1954997227461892,-0.1152038387499922,-0.1127008192302197,-0.0591548621381622,-0.1357664462200502,0.0590998529146399,-0.0810713868188126
sample_1454,False,ok,2.0,0.7098,0.006,-0.0901,118.3,0.12129690905799134,0.2725450901803607,D:\BH\航空项目制\优化\yixingyouhua2(1)\yixingyouhua2\batch_run\polars\sample_1454_polar.txt,D:\BH\航空项目制\优化\yixingyouhua2(1)\yixingyouhua2\batch_run\airfoils\sample_1454.dat,0.0015574793,-3.86697e-05,0.2725847427253595,0.2284912338839863,0.3164828910917168,0.1483499894645961,0.3427427954088312,0.2494996772822309,-0.120441884263897,-0.0544203770770942,-0.0332087602364843,-0.0796999985794607,0.078940789192491,-0.0811105711402234
sample_1455,False,ok,2.0,0.6929,0.00574,-0.087,120.7142857142857,0.13135377738463894,0.2945891783567134,D:\BH\航空项目制\优化\yixingyouhua2(1)\yixingyouhua2\batch_run\polars\sample_1455_polar.txt,D:\BH\航空项目制\优化\yixingyouhua2(1)\yixingyouhua2\batch_run\airfoils\sample_1455.dat,0.0015574793,-3.86697e-05,0.2557651017951732,0.2583114149133541,0.3025137618324747,0.2018977694593689,0.3623386926144131,0.2127685184988255,-0.1094048321982536,-0.0890193663677028,-0.0515763901769227,-0.0614278787830295,0.0088869027941897,-0.0763273085379104
sample_1456,False,ok,2.0,0.7155,0.00495,-0.0909,144.54545454545453,0.13842840180261506,0.3386773547094188,D:\BH\航空项目制\优化\yixingyouhua2(1)\yixingyouhua2\batch_run\polars\sample_1456_polar.txt,D:\BH\航空项目制\优化\yixingyouhua2(1)\yixingyouhua2\batch_run\airfoils\sample_1456.dat,0.0015574793,-3.86697e-05,0.2475975872302165,0.2330999540806455,0.3463126581219171,0.2634125142010045,0.2494400150839265,0.2663731752106923,-0.0727337589348106,-0.1057842970212107,-0.0618070387054107,-0.0997895309664132,0.0330407256993803,-0.0669845052486828
sample_1457,False,ok,2.0,0.7963,0.00515,-0.1242,154.62135922330097,0.1310918295981186,0.3306613226452906,D:\BH\航空项目制\优化\yixingyouhua2(1)\yixingyouhua2\batch_run\polars\sample_1457_polar.txt,D:\BH\航空项目制\优化\yixingyouhua2(1)\yixingyouhua2\batch_run\airfoils\sample_1457.dat,0.0015574793,-3.86697e-05,0.1744666874561783,0.2585479948565689,0.3626480625523457,0.2044424354264389,0.3311564366648684,0.2658467897424837,-0.0779698895336756,-0.0964454177086996,-0.0537141628464348,-0.0344305823411514,0.0512236661404708,-0.0130181443503967
sample_1458,False,ok,2.0,0.749,0.00594,-0.1033,126.0942760942761,0.1343144487675818,0.23847695390781562,D:\BH\航空项目制\优化\yixingyouhua2(1)\yixingyouhua2\batch_run\polars\sample_1458_polar.txt,D:\BH\航空项目制\优化\yixingyouhua2(1)\yixingyouhua2\batch_run\airfoils\sample_1458.dat,0.0015574793,-3.86697e-05,0.2595473149293238,0.2626727324857905,0.3369017136162546,0.2548307213424725,0.2706788625415247,0.2460754663623297,-0.1827650959381213,-0.1025223334358109,0.0336998332996185,-0.0084307329261911,-0.0006333234122728,-0.0566682508020655
sample_1459,False,ok,2.0,0.6409,0.00547,-0.0755,117.16636197440586,0.13306122101062917,0.3166332665330661,D:\BH\航空项目制\优化\yixingyouhua2(1)\yixingyouhua2\batch_run\polars\sample_1459_polar.txt,D:\BH\航空项目制\优化\yixingyouhua2(1)\yixingyouhua2\batch_run\airfoils\sample_1459.dat,0.0015574793,-3.86697e-05,0.2533078265513798,0.254893780467425,0.2884928761132289,0.1957248186688174,0.2745880942445235,0.3116636512527768,-0.1245575283426238,-0.0700954009386069,-0.0761555715844751,-0.1323271228296168,-0.0054987145830086,-0.0937597479288459
sample_1460,False,ok,2.0,0.7299,0.00527,-0.1243,138.50094876660341,0.1328078068219507,0.30861723446893785,D:\BH\航空项目制\优化\yixingyouhua2(1)\yixingyouhua2\batch_run\polars\sample_1460_polar.txt,D:\BH\航空项目制\优化\yixingyouhua2(1)\yixingyouhua2\batch_run\airfoils\sample_1460.dat,0.0015574793,-3.86697e-05,0.1671728998519734,0.258247053919151,0.2710112912978391,0.2632408628722564,0.3615031164607974,0.2189836698236684,-0.1866542042516405,-0.1275293528801837,-0.0084019701849023,-0.1119918171825518,0.0012850539470065,0.0018694829204812
sample_1461,False,ok,2.0,0.7574,0.00482,-0.1008,157.13692946058092,0.11644213415291028,0.3306613226452906,D:\BH\航空项目制\优化\yixingyouhua2(1)\yixingyouhua2\batch_run\polars\sample_1461_polar.txt,D:\BH\航空项目制\优化\yixingyouhua2(1)\yixingyouhua2\batch_run\airfoils\sample_1461.dat,0.0015574793,-3.86697e-05,0.2157342094291695,0.2701716940380875,0.2788283266740474,0.2482282685014344,0.2737724000169306,0.2137788151952798,-0.0804297112109677,-0.0566021779620214,0.0272308457255028,-0.1223361427424652,0.0328921989050286,0.0154823100817815
sample_1462,False,ok,2.0,0.7348,0.00632,-0.095,116.26582278481013,0.1256498674594109,0.23046092184368736,D:\BH\航空项目制\优化\yixingyouhua2(1)\yixingyouhua2\batch_run\polars\sample_1462_polar.txt,D:\BH\航空项目制\优化\yixingyouhua2(1)\yixingyouhua2\batch_run\airfoils\sample_1462.dat,0.0015574793,-3.86697e-05,0.2438382286632985,0.2956740727490571,0.3258428547818904,0.162919973370557,0.2954522985050352,0.2485507186694257,-0.1993878858148,-0.0088390774111309,-0.0017614024841044,-0.021439911963358,-0.0395288685809237,-0.0254757527812487
sample_1463,False,ok,2.0,0.6531,0.00415,-0.0893,157.3734939759036,0.1030980402544511,0.35871743486973945,D:\BH\航空项目制\优化\yixingyouhua2(1)\yixingyouhua2\batch_run\polars\sample_1463_polar.txt,D:\BH\航空项目制\优化\yixingyouhua2(1)\yixingyouhua2\batch_run\airfoils\sample_1463.dat,0.0015574793,-3.86697e-05,0.1534935052955418,0.2349298070329818,0.2591920994806649,0.1883982621407593,0.3442605686822925,0.2022732031932675,-0.0757016875048273,-0.0608711661635954,0.0191759068665594,-0.0775324572722516,-0.0109122095690075,-0.0622840822302694
sample_1464,False,ok,2.0,0.7131,0.00722,-0.1003,98.76731301939057,0.11364477763581955,0.2004008016032064,D:\BH\航空项目制\优化\yixingyouhua2(1)\yixingyouhua2\batch_run\polars\sample_1464_polar.txt,D:\BH\航空项目制\优化\yixingyouhua2(1)\yixingyouhua2\batch_run\airfoils\sample_1464.dat,0.0015574793,-3.86697e-05,0.2683045978361776,0.2066113671655645,0.2729886398308149,0.1983769956449765,0.29351276115268,0.2686902243907206,-0.1993309187406533,-0.014892949980132,-0.0147324668062909,-0.0321166350641179,-0.0157774473106781,-0.0150021668051932
sample_1465,False,ok,2.0,0.7148,0.00598,-0.115,119.53177257525083,0.11175033883742483,0.2885771543086172,D:\BH\航空项目制\优化\yixingyouhua2(1)\yixingyouhua2\batch_run\polars\sample_1465_polar.txt,D:\BH\航空项目制\优化\yixingyouhua2(1)\yixingyouhua2\batch_run\airfoils\sample_1465.dat,0.0015574793,-3.86697e-05,0.194442747840632,0.1848767038424454,0.2836947891357337,0.1925238412028106,0.3079432260980916,0.2753648415874959,-0.1323123859533445,-0.1259920806556769,0.0393272044852286,-0.1015053721333667,0.0170373885389209,0.0002589300107898
sample_1466,False,ok,2.0,0.7719,0.00631,-0.1139,122.32963549920761,0.11850781386245218,0.2745490981963928,D:\BH\航空项目制\优化\yixingyouhua2(1)\yixingyouhua2\batch_run\polars\sample_1466_polar.txt,D:\BH\航空项目制\优化\yixingyouhua2(1)\yixingyouhua2\batch_run\airfoils\sample_1466.dat,0.0015574793,-3.86697e-05,0.2580508942671163,0.2038300665863258,0.3084005328014739,0.241043510556255,0.2569328992685558,0.3165139636175587,-0.1358888811175225,-0.0678855742762851,-0.021315025335931,-0.0189238814382758,0.0422488056106988,-0.0273941838972025
sample_1467,False,ok,2.0,0.7201,0.00611,-0.0992,117.85597381342062,0.11655868904802491,0.25250501002004005,D:\BH\航空项目制\优化\yixingyouhua2(1)\yixingyouhua2\batch_run\polars\sample_1467_polar.txt,D:\BH\航空项目制\优化\yixingyouhua2(1)\yixingyouhua2\batch_run\airfoils\sample_1467.dat,0.0015574793,-3.86697e-05,0.2144647696231027,0.2616733532960904,0.3309766047769044,0.1585363297941978,0.2990631435133873,0.2964118520503571,-0.1771669792629608,-0.0180873478400763,0.0092801346489198,-0.026991654246809,-0.0198445362294433,-0.0707820353696532
sample_1468,False,ok,2.0,0.7301,0.00581,-0.1043,125.66265060240963,0.12379323136281944,0.3166332665330661,D:\BH\航空项目制\优化\yixingyouhua2(1)\yixingyouhua2\batch_run\polars\sample_1468_polar.txt,D:\BH\航空项目制\优化\yixingyouhua2(1)\yixingyouhua2\batch_run\airfoils\sample_1468.dat,0.0015574793,-3.86697e-05,0.1919349405421959,0.2827375923658677,0.2860892215326743,0.2421882475731482,0.2627801596842014,0.2104846761998966,-0.1773310761007107,0.0013207057331329,-0.0621078340497315,-0.0860435620213968,0.0380338986723939,0.0060433441324172
sample_1469,False,ok,2.0,0.7855,0.00607,-0.1097,129.40691927512356,0.13132890142629963,0.2725450901803607,D:\BH\航空项目制\优化\yixingyouhua2(1)\yixingyouhua2\batch_run\polars\sample_1469_polar.txt,D:\BH\航空项目制\优化\yixingyouhua2(1)\yixingyouhua2\batch_run\airfoils\sample_1469.dat,0.0015574793,-3.86697e-05,0.2319013997085459,0.2909071028046196,0.3550674104926877,0.1715481932321116,0.2407347531102073,0.3090437359144264,-0.169165316113958,-0.0306715648745895,-0.0415434656266159,-0.0337926250335701,0.0233817452903634,-0.0025562406844248
sample_1470,False,ok,2.0,0.6777,0.0067,-0.0849,101.14925373134328,0.12583852097543285,0.23847695390781562,D:\BH\航空项目制\优化\yixingyouhua2(1)\yixingyouhua2\batch_run\polars\sample_1470_polar.txt,D:\BH\航空项目制\优化\yixingyouhua2(1)\yixingyouhua2\batch_run\airfoils\sample_1470.dat,0.0015574793,-3.86697e-05,0.2766179655284219,0.2367796865735167,0.2887139545692276,0.1941143336322868,0.3164720294586977,0.2625290729980128,-0.1552279851118155,-0.0868304888144261,0.0048036962832363,-0.0783769578440569,-0.0078656425818186,-0.0788210805778519
sample_1471,False,ok,2.0,0.6544,0.00692,-0.0811,94.5664739884393,0.11024814877161644,0.2605210420841683,D:\BH\航空项目制\优化\yixingyouhua2(1)\yixingyouhua2\batch_run\polars\sample_1471_polar.txt,D:\BH\航空项目制\优化\yixingyouhua2(1)\yixingyouhua2\batch_run\airfoils\sample_1471.dat,0.0015574793,-3.86697e-05,0.273342784499531,0.1855460396646866,0.2608119016747514,0.1915956286450731,0.285966768906121,0.2995112598244307,-0.1131524263972905,-0.0708549941706065,-0.0166234783365612,-0.0533002837388127,-0.031447121980815,-0.0673680364656376
sample_1472,False,polar_parse_failed,,,,,,,,,,,,,,,,,,,,,,,
sample_1473,False,ok,2.0,0.7202,0.00654,-0.0982,110.1223241590214,0.13539134370847444,0.2665330661322645,D:\BH\航空项目制\优化\yixingyouhua2(1)\yixingyouhua2\batch_run\polars\sample_1473_polar.txt,D:\BH\航空项目制\优化\yixingyouhua2(1)\yixingyouhua2\batch_run\airfoils\sample_1473.dat,0.0015574793,-3.86697e-05,0.2707025853674455,0.2643022896358646,0.3120460216075146,0.1933658033928327,0.3516296915621615,0.3200961759900338,-0.1621256952441459,-0.0820479226029096,-0.0307468014852685,-0.0800341414717005,0.0013426449734808,-0.0834530801144341
sample_1474,False,ok,2.0,0.6782,0.00633,-0.0924,107.14060031595578,0.12718714301249628,0.2444889779559118,D:\BH\航空项目制\优化\yixingyouhua2(1)\yixingyouhua2\batch_run\polars\sample_1474_polar.txt,D:\BH\航空项目制\优化\yixingyouhua2(1)\yixingyouhua2\batch_run\airfoils\sample_1474.dat,0.0015574793,-3.86697e-05,0.2180407062792277,0.2904441625871564,0.2682539214958609,0.1593884715133239,0.2623270718077302,0.2883972317173865,-0.1954783605992963,-0.0434302379229668,-0.0532117519331498,-0.0628033662220294,0.0435881202367418,-0.0688868005185711
sample_1475,False,ok,2.0,0.6976,0.00512,-0.0976,136.25,0.10819402284924792,0.30861723446893785,D:\BH\航空项目制\优化\yixingyouhua2(1)\yixingyouhua2\batch_run\polars\sample_1475_polar.txt,D:\BH\航空项目制\优化\yixingyouhua2(1)\yixingyouhua2\batch_run\airfoils\sample_1475.dat,0.0015574793,-3.86697e-05,0.1649182123594745,0.2557174096066059,0.265275032733507,0.2155042134112608,0.3086027517736616,0.207611917378826,-0.0778770721347611,-0.0904057259259893,0.0465635270920875,-0.0882266731218368,0.0619216164828924,-0.0637069116951345
sample_1476,False,ok,2.0,0.6694,0.00556,-0.0809,120.39568345323741,0.14078212740584967,0.30260521042084165,D:\BH\航空项目制\优化\yixingyouhua2(1)\yixingyouhua2\batch_run\polars\sample_1476_polar.txt,D:\BH\航空项目制\优化\yixingyouhua2(1)\yixingyouhua2\batch_run\airfoils\sample_1476.dat,0.0015574793,-3.86697e-05,0.2785405352355535,0.2161379292064086,0.3488914773607651,0.2554577158507433,0.2855630206181238,0.2004321257870201,-0.1306618715494379,-0.1280454567344635,-0.0469056150260272,-0.0571936112082529,-0.0318717851077768,-0.0699467518288719
sample_1477,False,ok,2.0,0.768,0.00608,-0.1129,126.3157894736842,0.13440224251783323,0.2945891783567134,D:\BH\航空项目制\优化\yixingyouhua2(1)\yixingyouhua2\batch_run\polars\sample_1477_polar.txt,D:\BH\航空项目制\优化\yixingyouhua2(1)\yixingyouhua2\batch_run\airfoils\sample_1477.dat,0.0015574793,-3.86697e-05,0.269076367698894,0.2201640225326089,0.3633283400854585,0.1795674756218821,0.3277117664738376,0.2896849957167827,-0.1745740432789408,-0.0578575814650381,-0.054346832747908,-0.1030678190432015,0.0627034708629361,-0.024518557222527
sample_1478,False,ok,2.0,0.6626,0.00595,-0.0969,111.36134453781511,0.1252078393751379,0.280561122244489,D:\BH\航空项目制\优化\yixingyouhua2(1)\yixingyouhua2\batch_run\polars\sample_1478_polar.txt,D:\BH\航空项目制\优化\yixingyouhua2(1)\yixingyouhua2\batch_run\airfoils\sample_1478.dat,0.0015574793,-3.86697e-05,0.1905307775608475,0.2663415276664228,0.2475769014192309,0.2347492207688896,0.2517483544837449,0.3176874012979862,-0.1722494795891063,-0.0902463599128878,-0.0193401056192621,-0.1046385427463673,-0.0065633574812412,-0.0704247480373761
sample_1479,False,ok,2.0,0.8298,0.00649,-0.1287,127.85824345146379,0.10718046019204613,0.26452905811623245,D:\BH\航空项目制\优化\yixingyouhua2(1)\yixingyouhua2\batch_run\polars\sample_1479_polar.txt,D:\BH\航空项目制\优化\yixingyouhua2(1)\yixingyouhua2\batch_run\airfoils\sample_1479.dat,0.0015574793,-3.86697e-05,0.2220037278190595,0.268509102823552,0.2568284773607308,0.2338323340259684,0.3367519835277632,0.3228643981887148,-0.1355691297691503,-0.0019162359980711,0.0079013288667569,-0.0239927952352785,0.0543642847707224,-0.0145895180904162
sample_1480,False,ok,2.0,0.7592,0.00578,-0.1005,131.34948096885813,0.10318424255799044,0.26452905811623245,D:\BH\航空项目制\优化\yixingyouhua2(1)\yixingyouhua2\batch_run\polars\sample_1480_polar.txt,D:\BH\航空项目制\优化\yixingyouhua2(1)\yixingyouhua2\batch_run\airfoils\sample_1480.dat,0.0015574793,-3.86697e-05,0.2549007965167676,0.2142800646038535,0.2992088116227606,0.1407696216681671,0.2735922107351448,0.3216918556535072,-0.076570166677825,-0.035620289406803,0.002709097055039,-0.0216746129443579,0.0304164403711872,-0.0241482798862814
sample_1481,False,ok,2.0,0.6779,0.00586,-0.102,115.68259385665529,0.12538334401234863,0.280561122244489,D:\BH\航空项目制\优化\yixingyouhua2(1)\yixingyouhua2\batch_run\polars\sample_1481_polar.txt,D:\BH\航空项目制\优化\yixingyouhua2(1)\yixingyouhua2\batch_run\airfoils\sample_1481.dat,0.0015574793,-3.86697e-05,0.1630265115702714,0.2727709147003296,0.3137279982997428,0.200302561865089,0.2456691288443103,0.3155318587201053,-0.1947821016901965,-0.0501633814238649,-0.0472031167092277,-0.0277121338210817,0.0240321426916509,-0.1064289532969825
sample_1482,False,ok,2.0,0.7496,0.00628,-0.101,119.36305732484077,0.13565514957441624,0.2444889779559118,D:\BH\航空项目制\优化\yixingyouhua2(1)\yixingyouhua2\batch_run\polars\sample_1482_polar.txt,D:\BH\航空项目制\优化\yixingyouhua2(1)\yixingyouhua2\batch_run\airfoils\sample_1482.dat,0.0015574793,-3.86697e-05,0.281844533977192,0.2574551254557824,0.307586081656096,0.1858425285453688,0.2590639637578962,0.2684744152192898,-0.1617338648703387,-0.0912205474375152,-0.0422577026572616,-0.0624084717265949,0.0428077726167313,0.0042833199909133
sample_1483,False,ok,2.0,0.7828,0.00624,-0.1055,125.44871794871796,0.12123608858633163,0.2865731462925851,D:\BH\航空项目制\优化\yixingyouhua2(1)\yixingyouhua2\batch_run\polars\sample_1483_polar.txt,D:\BH\航空项目制\优化\yixingyouhua2(1)\yixingyouhua2\batch_run\airfoils\sample_1483.dat,0.0015574793,-3.86697e-05,0.2819450000296505,0.2228758043695641,0.319581613508459,0.2108100026364835,0.3459686274513334,0.2539300393299935,-0.0707170624051296,-0.0863434894775325,-0.0182586260207325,-0.0224765635157543,0.0536914503193535,-0.039356631216686
sample_1484,False,ok,2.0,0.7199,0.00586,-0.1111,122.84982935153585,0.11909784010321924,0.2725450901803607,D:\BH\航空项目制\优化\yixingyouhua2(1)\yixingyouhua2\batch_run\polars\sample_1484_polar.txt,D:\BH\航空项目制\优化\yixingyouhua2(1)\yixingyouhua2\batch_run\airfoils\sample_1484.dat,0.0015574793,-3.86697e-05,0.1699329272370198,0.2850898943340397,0.2571253317452299,0.1485332228811897,0.3215506566103614,0.3056087256068788,-0.126144955342913,-0.0911701523673175,-0.0253541523611996,-0.0563510656347521,0.057202457262178,-0.043544146054397
sample_1485,False,ok,2.0,0.8217,0.00542,-0.1288,151.60516605166052,0.11601866224989862,0.38276553106212424,D:\BH\航空项目制\优化\yixingyouhua2(1)\yixingyouhua2\batch_run\polars\sample_1485_polar.txt,D:\BH\航空项目制\优化\yixingyouhua2(1)\yixingyouhua2\batch_run\airfoils\sample_1485.dat,0.0015574793,-3.86697e-05,0.2177492586920232,0.1959604793080018,0.3496142214571909,0.2625765911214618,0.3003263177346009,0.2825899395423299,-0.1286069518979446,-0.0302297323993224,0.0369201626746043,-0.1276982324838381,0.0757255063921024,-0.0058042489036324
sample_1486,False,ok,2.0,0.7473,0.00556,-0.1099,134.40647482014387,0.10670564332671735,0.3306613226452906,D:\BH\航空项目制\优化\yixingyouhua2(1)\yixingyouhua2\batch_run\polars\sample_1486_polar.txt,D:\BH\航空项目制\优化\yixingyouhua2(1)\yixingyouhua2\batch_run\airfoils\sample_1486.dat,0.0015574793,-3.86697e-05,0.2067900087982123,0.2318912681157316,0.2493803648330174,0.1529456765548868,0.3258868547079857,0.2659961128552985,-0.0979615090451429,-0.0010976349558385,-0.0770360294060102,-0.0894924891752999,0.0675581838912632,0.0182215476163285
sample_1487,False,ok,2.0,0.783,0.00615,-0.1117,127.31707317073172,0.11732360785091742,0.3607214428857715,D:\BH\航空项目制\优化\yixingyouhua2(1)\yixingyouhua2\batch_run\polars\sample_1487_polar.txt,D:\BH\航空项目制\优化\yixingyouhua2(1)\yixingyouhua2\batch_run\airfoils\sample_1487.dat,0.0015574793,-3.86697e-05,0.2692893219661851,0.1884762697296254,0.3296143328843051,0.2350206118284495,0.3594724802559532,0.2112608355274523,-0.0918307243112902,-0.0687219320315899,0.0320275309392288,-0.12831962846771,0.065382764959965,0.004841650804669
sample_1488,False,ok,2.0,0.6779,0.00569,-0.113,119.13884007029877,0.11554563188422906,0.374749498997996,D:\BH\航空项目制\优化\yixingyouhua2(1)\yixingyouhua2\batch_run\polars\sample_1488_polar.txt,D:\BH\航空项目制\优化\yixingyouhua2(1)\yixingyouhua2\batch_run\airfoils\sample_1488.dat,0.0015574793,-3.86697e-05,0.1683893499970301,0.1920967491523764,0.2755091224009032,0.2321391967442876,0.3586863124181638,0.3134346345549079,-0.1517154947335831,-0.1060681771857136,0.0262074884683225,-0.1297773624518846,0.0139925838374599,-0.0988775163173944
sample_1489,False,ok,2.0,0.6695,0.00757,-0.0984,88.44121532364596,0.1150372704867335,0.280561122244489,D:\BH\航空项目制\优化\yixingyouhua2(1)\yixingyouhua2\batch_run\polars\sample_1489_polar.txt,D:\BH\航空项目制\优化\yixingyouhua2(1)\yixingyouhua2\batch_run\airfoils\sample_1489.dat,0.0015574793,-3.86697e-05,0.2576579713829527,0.1795927687279597,0.2642283083133781,0.2259309354312229,0.3661579886675341,0.2575096606576965,-0.1765487913617104,-0.0526729518718653,-0.0382451492250203,-0.0548429962250972,-0.0115343215927899,-0.0619490905356399
sample_1490,False,ok,2.0,0.717,0.00577,-0.1035,124.263431542461,0.13312240947993997,0.2885771543086172,D:\BH\航空项目制\优化\yixingyouhua2(1)\yixingyouhua2\batch_run\polars\sample_1490_polar.txt,D:\BH\航空项目制\优化\yixingyouhua2(1)\yixingyouhua2\batch_run\airfoils\sample_1490.dat,0.0015574793,-3.86697e-05,0.2478683078807892,0.2110414546589915,0.3410297726537071,0.1814540712294271,0.3294581423856033,0.2087347673326028,-0.1593101549961078,-0.1059343634210142,-0.0483121872757893,-0.0663114591679943,-0.0155957041436063,0.0168926350627976
sample_1491,False,ok,2.0,0.6997,0.00616,-0.093,113.58766233766234,0.12345997193080346,0.2885771543086172,D:\BH\航空项目制\优化\yixingyouhua2(1)\yixingyouhua2\batch_run\polars\sample_1491_polar.txt,D:\BH\航空项目制\优化\yixingyouhua2(1)\yixingyouhua2\batch_run\airfoils\sample_1491.dat,0.0015574793,-3.86697e-05,0.2615834703950511,0.2178401498371656,0.2637555933434629,0.2509523247894923,0.2391479337240123,0.2506922268480926,-0.1156909763801378,-0.0888269268305394,-0.0538396393563482,-0.073977052513723,0.0593719615209242,-0.0314603215602075
sample_1492,False,ok,2.0,0.6493,0.00634,-0.082,102.41324921135646,0.12693225456339824,0.24649298597194386,D:\BH\航空项目制\优化\yixingyouhua2(1)\yixingyouhua2\batch_run\polars\sample_1492_polar.txt,D:\BH\航空项目制\优化\yixingyouhua2(1)\yixingyouhua2\batch_run\airfoils\sample_1492.dat,0.0015574793,-3.86697e-05,0.2559042048317265,0.2338830549418483,0.3189937178685422,0.1347373907693995,0.3353852199993165,0.2190875028059494,-0.192474709248001,-0.0406167543503627,-0.0749553186953871,-0.0167876596393597,-0.0036197522019635,-0.0885549006299016
sample_1493,False,ok,2.0,0.8066,0.00533,-0.1052,151.33208255159477,0.13198108397286637,0.3306613226452906,D:\BH\航空项目制\优化\yixingyouhua2(1)\yixingyouhua2\batch_run\polars\sample_1493_polar.txt,D:\BH\航空项目制\优化\yixingyouhua2(1)\yixingyouhua2\batch_run\airfoils\sample_1493.dat,0.0015574793,-3.86697e-05,0.2729073378096114,0.2615478049106088,0.3707810504574013,0.1683026679086861,0.361575558795181,0.2674668532618901,-0.0781600223758234,-0.0242629624787727,-0.0729413215847478,-0.0745504861081282,0.0212102445697199,-0.0074550756755308
sample_1494,False,ok,2.0,0.8066,0.00623,-0.1112,129.47030497592294,0.13008685184529914,0.2865731462925851,D:\BH\航空项目制\优化\yixingyouhua2(1)\yixingyouhua2\batch_run\polars\sample_1494_polar.txt,D:\BH\航空项目制\优化\yixingyouhua2(1)\yixingyouhua2\batch_run\airfoils\sample_1494.dat,0.0015574793,-3.86697e-05,0.2679041739436493,0.2835274784405013,0.3352507480771604,0.2347155992022186,0.3435067514464248,0.3153933437751777,-0.1337284351349308,-0.0364625179357743,-0.0199627127698085,-0.0329871354871865,0.0245972671647329,-0.0718050285317618
sample_1495,False,ok,2.0,0.723,0.00573,-0.1045,126.17801047120419,0.11586513017586346,0.280561122244489,D:\BH\航空项目制\优化\yixingyouhua2(1)\yixingyouhua2\batch_run\polars\sample_1495_polar.txt,D:\BH\航空项目制\优化\yixingyouhua2(1)\yixingyouhua2\batch_run\airfoils\sample_1495.dat,0.0015574793,-3.86697e-05,0.1705661505264046,0.2684155451612669,0.3376064255345978,0.1775972931890787,0.2577203270122439,0.2000366521966668,-0.1853211131104596,-0.0160956798121816,0.0157307404431066,-0.068107175979824,0.0524169641276451,-0.004192094029088
sample_1496,False,ok,2.0,0.7423,0.00539,-0.1164,137.71799628942486,0.1001961868771616,0.3547094188376753,D:\BH\航空项目制\优化\yixingyouhua2(1)\yixingyouhua2\batch_run\polars\sample_1496_polar.txt,D:\BH\航空项目制\优化\yixingyouhua2(1)\yixingyouhua2\batch_run\airfoils\sample_1496.dat,0.0015574793,-3.86697e-05,0.169015210516611,0.1902104084593506,0.3109479324892551,0.1991941544475339,0.2852247699704489,0.2928686321089413,-0.1249242723697571,-0.0115926235061735,0.0110398721814935,-0.073934078414213,0.0860805220473545,-0.0601774848020563
sample_1497,False,ok,2.0,0.8371,0.00502,-0.1312,166.75298804780874,0.13184929890378827,0.35270541082164325,D:\BH\航空项目制\优化\yixingyouhua2(1)\yixingyouhua2\batch_run\polars\sample_1497_polar.txt,D:\BH\航空项目制\优化\yixingyouhua2(1)\yixingyouhua2\batch_run\airfoils\sample_1497.dat,0.0015574793,-3.86697e-05,0.1711332998175486,0.2944437463896797,0.369016352840915,0.2322993533147928,0.3667827724552515,0.2852324278316096,-0.0850083676269828,-0.0870856112134909,0.038056758886229,-0.1176182705780692,0.0331766297748506,-0.0068036733133233
sample_1498,False,ok,2.0,0.7785,0.00626,-0.1078,124.36102236421725,0.12204326485396189,0.23246492985971942,D:\BH\航空项目制\优化\yixingyouhua2(1)\yixingyouhua2\batch_run\polars\sample_1498_polar.txt,D:\BH\航空项目制\优化\yixingyouhua2(1)\yixingyouhua2\batch_run\airfoils\sample_1498.dat,0.0015574793,-3.86697e-05,0.276230312079486,0.2275960627646076,0.3330561681287302,0.1386715109479188,0.267147357079811,0.3032493511509629,-0.1361448258635037,-0.0781600841931267,-0.0043887906228115,-0.0084138156766073,0.0846977470938061,-0.0263891177268911
sample_1499,False,ok,2.0,0.7354,0.0062,-0.0894,118.61290322580646,0.12264096574288492,0.280561122244489,D:\BH\航空项目制\优化\yixingyouhua2(1)\yixingyouhua2\batch_run\polars\sample_1499_polar.txt,D:\BH\航空项目制\优化\yixingyouhua2(1)\yixingyouhua2\batch_run\airfoils\sample_1499.dat,0.0015574793,-3.86697e-05,0.2817622051154758,0.2292236595940453,0.3713663801786292,0.167396864098238,0.2629291841487502,0.2542395401143686,-0.1666610931116416,-0.0154254062576855,0.0246978842214692,-0.1354194182730769,0.0123218307312893,-0.0188828804752116
sample_1500,False,ok,2.0,0.6632,0.00445,-0.0898,149.03370786516854,0.10890357622766578,0.37675350701402804,D:\BH\航空项目制\优化\yixingyouhua2(1)\yixingyouhua2\batch_run\polars\sample_1500_polar.txt,D:\BH\航空项目制\优化\yixingyouhua2(1)\yixingyouhua2\batch_run\airfoils\sample_1500.dat,0.0015574793,-3.86697e-05,0.1609415655720176,0.2019334933747378,0.3314019932949166,0.1387878756062718,0.2516892141313318,0.2429958549576255,-0.1067936375806846,-0.0042732777951793,-0.0356212761797248,-0.1181959945174758,-0.0359369065095863,0.0104071507355054
