name,is_baseline,status,dat_file,t_max,x_tmax,dz_u,dz_l,Au_0,Au_1,Au_2,Au_3,Au_4,Au_5,Al_0,Al_1,Al_2,Al_3,Al_4,Al_5
sample_000,True,ok,multi_seed_output\seed_1_S302109584\airfoils\sample_000.dat,0.09496590731338421,0.2945891783567134,1.4831992908165281e-08,1.3166409172996052e-08,0.17047219358460802,0.20918187878786493,0.2096579033586319,0.18963721021849428,0.16688285334011907,0.1591305136246155,-0.08529255073031956,-0.050879543859129954,-0.0358346860124744,-0.03148985018233656,-0.029150485259909886,-0.020149593410062307
sample_001,False,ok,multi_seed_output\seed_1_S302109584\airfoils\sample_001.dat,0.09763728529396168,0.3987975951903807,1.4831992908165281e-08,1.3166409172996052e-08,0.11736511739373318,0.2235305093230864,0.19450349153890625,0.25362343832264245,0.2200880246366355,0.21026595968747364,-0.12565851617115872,-0.01515433609892064,-0.024405789193972946,-0.09470888363028751,-0.013062621088676715,-0.05454991304242919
sample_002,False,ok,multi_seed_output\seed_1_S302109584\airfoils\sample_002.dat,0.08674124995988726,0.2725450901803607,1.4831992908165281e-08,1.3166409172996052e-08,0.18670972527420104,0.20659723944804811,0.17746614079473355,0.14056418286260627,0.12124812265857769,0.09984498279575313,-0.06967761209855891,-0.025367621440387206,-0.04976705361661513,-0.04374057576624116,-0.01597461242202411,-0.0163269972405769
sample_003,False,ok,multi_seed_output\seed_1_S302109584\airfoils\sample_003.dat,0.08332280200564138,0.2885771543086172,1.4831992908165281e-08,1.3166409172996052e-08,0.1909447336815283,0.15127167676651776,0.20060412087164226,0.1450000805587927,0.19460281491747322,0.15855131604866782,-0.12149709678383157,0.013169938630725742,-0.09418959087684638,0.02611137664314042,-0.08543784676355379,0.016753985738817048
sample_004,False,ok,multi_seed_output\seed_1_S302109584\airfoils\sample_004.dat,0.09825820489679872,0.22645290581162322,1.4831992908165281e-08,1.3166409172996052e-08,0.21769426705414563,0.23730731769425867,0.22341823788171417,0.1452924930056218,0.14327163350715014,0.18384501484762383,-0.10363990703915975,-0.03851328230138307,0.004306518138071355,-0.03017292975998627,-0.0300507333860925,-0.06836124851240294
sample_005,False,ok,multi_seed_output\seed_1_S302109584\airfoils\sample_005.dat,0.08519466414747703,0.21843687374749496,1.4831992908165281e-08,1.3166409172996052e-08,0.17951304397426354,0.22216976690595214,0.15148724464775074,0.13330323882178252,0.10476131989406888,0.16964622655037753,-0.1278203317298005,0.006426126291514803,-0.03838779204635439,-0.03335914108598581,-0.09216926766641428,0.02256714731689792
sample_006,False,ok,multi_seed_output\seed_1_S302109584\airfoils\sample_006.dat,0.09822840584262728,0.280561122244489,1.4831992908165281e-08,1.3166409172996052e-08,0.12222759866125285,0.19865438378333253,0.26446891622940355,0.15689757698418488,0.13571451108571903,0.1569158700765585,-0.12217434868425082,-0.08877921953429539,-0.004810690224803613,-0.016707699022736694,-0.022842415931554255,-0.03769166589251845
sample_007,False,ok,multi_seed_output\seed_1_S302109584\airfoils\sample_007.dat,0.11158125571254363,0.30861723446893785,1.4831992908165281e-08,1.3166409172996052e-08,0.11562489865159145,0.22172827069908993,0.2174528504543522,0.19845282361451905,0.10965740854777929,0.1257931475266725,-0.1265074935168558,-0.11577414837058585,-0.06249892651930278,-0.08733840371032804,-0.03459436702658095,-0.03905739772978765
sample_008,False,ok,multi_seed_output\seed_1_S302109584\airfoils\sample_008.dat,0.10909195559037076,0.2665330661322645,1.4831992908165281e-08,1.3166409172996052e-08,0.1970768918716031,0.21818740797326439,0.19572863221491357,0.13898384752520582,0.2175688764526028,0.18344042307743988,-0.11537908444588803,-0.08465322495830337,-0.09437335288969081,-0.039236205355264925,-0.06323661630763604,-0.03857755123479928
sample_009,False,ok,multi_seed_output\seed_1_S302109584\airfoils\sample_009.dat,0.10018716825564011,0.280561122244489,1.4831992908165281e-08,1.3166409172996052e-08,0.1662808364916934,0.2682809491281909,0.19482767618044813,0.21295384575423332,0.19401744301359108,0.12682987233968523,-0.03721559279364603,-0.0877968724785001,-0.012848844424151434,0.00164135266793633,-0.00916942992342902,-0.05561985434542222
sample_010,False,ok,multi_seed_output\seed_1_S302109584\airfoils\sample_010.dat,0.09336479028591654,0.25250501002004005,1.4831992908165281e-08,1.3166409172996052e-08,0.20400383970122138,0.23735698658016446,0.20051840274684635,0.17263300539354537,0.21426300376602603,0.13923364792864054,-0.08123453770484096,-0.03492045043041797,0.0033595756282732148,-0.028952203638518983,-0.041581266656690395,-0.013357293509589849
sample_011,False,ok,multi_seed_output\seed_1_S302109584\airfoils\sample_011.dat,0.11811950041854936,0.2945891783567134,1.4831992908165281e-08,1.3166409172996052e-08,0.22198823842730225,0.2714388920823968,0.2619105848507998,0.16871450691030615,0.2281525801117177,0.175901034420281,-0.08982780536872173,-0.036245402622165024,-0.09573031426967703,-0.020880779378591965,-0.08411193665051642,-0.03799643715365496
sample_012,False,ok,multi_seed_output\seed_1_S302109584\airfoils\sample_012.dat,0.10696788591427372,0.30861723446893785,1.4831992908165281e-08,1.3166409172996052e-08,0.14936183495250066,0.22050515007147192,0.20518669068270354,0.22083523388300502,0.22295977820830482,0.18508871399341378,-0.1436003877833479,-0.06900004712578992,-0.06231019640114704,-0.03933237812184728,-0.054278430219341055,-0.06266580984126824
sample_013,False,ok,multi_seed_output\seed_1_S302109584\airfoils\sample_013.dat,0.09193144413058137,0.2665330661322645,1.4831992908165281e-08,1.3166409172996052e-08,0.14148449116984974,0.14675874089706362,0.15814916737886223,0.17927875194361342,0.12290481434689263,0.13980197391102586,-0.12549082936374972,-0.10235054445935607,-0.09460684093352095,0.02730880001855672,-0.06850656182414164,0.024512145781874245
sample_014,False,ok,multi_seed_output\seed_1_S302109584\airfoils\sample_014.dat,0.08193930184981275,0.22645290581162322,1.4831992908165281e-08,1.3166409172996052e-08,0.16394781999000865,0.2032313954928583,0.16600156382539372,0.15377726076919473,0.18602684912480288,0.12863112593137024,-0.10975250260953043,-0.031556119613998554,0.01611722677351167,-0.03984199678027131,-0.060335733704314706,0.008033691462358786
sample_015,False,ok,multi_seed_output\seed_1_S302109584\airfoils\sample_015.dat,0.09213194017262892,0.2665330661322645,1.4831992908165281e-08,1.3166409172996052e-08,0.20389804154723007,0.2628326275069589,0.18805269047932643,0.13819923860062752,0.1640873363656032,0.20896938984854457,-0.02828015007451,-0.027830102779477298,-0.031019061091007993,-0.0366025227312214,0.03533890271034802,-0.029747806105081917
sample_016,False,ok,multi_seed_output\seed_1_S302109584\airfoils\sample_016.dat,0.10019660535924155,0.25250501002004005,1.4831992908165281e-08,1.3166409172996052e-08,0.19630832490206523,0.17175111341242444,0.1789329356340651,0.2177764963673356,0.17548261226266945,0.12431983631514096,-0.13914493440015527,-0.09274773097036196,-0.03295274111212465,-0.04650593009371654,-0.08348500906628949,0.04344285580677054
sample_017,False,ok,multi_seed_output\seed_1_S302109584\airfoils\sample_017.dat,0.11012827204845395,0.3166332665330661,1.4831992908165281e-08,1.3166409172996052e-08,0.13475488789713236,0.2531365156896141,0.2635512853845245,0.22784167363178726,0.22879757349818725,0.18748138491440958,-0.14528290840134814,-0.055499771910781294,0.0004112722348780379,-0.07126740847259518,-0.027893882829380753,-0.051708731193616755
sample_018,False,ok,multi_seed_output\seed_1_S302109584\airfoils\sample_018.dat,0.10170721445798753,0.2945891783567134,1.4831992908165281e-08,1.3166409172996052e-08,0.1903176524396733,0.24686197526526504,0.21163981209975707,0.2019718131334478,0.13610562785638458,0.16905329836387506,-0.08439938680807528,-0.053356573965262444,-0.005431999902284948,-0.07775287430793902,-0.0923058205444766,-0.007473638690401671
sample_019,False,ok,multi_seed_output\seed_1_S302109584\airfoils\sample_019.dat,0.08906706905061162,0.3386773547094188,1.4831992908165281e-08,1.3166409172996052e-08,0.10788750191280638,0.16245782012488189,0.19406418127087802,0.20676275344169612,0.17751677112016473,0.14643483634068502,-0.14133666562875907,-0.05078903120807403,-0.04045284468547084,-0.04630333357954361,-0.03877263974916336,0.005715622759602704
sample_020,False,ok,multi_seed_output\seed_1_S302109584\airfoils\sample_020.dat,0.09749890540906458,0.30861723446893785,1.4831992908165281e-08,1.3166409172996052e-08,0.10905724907492899,0.2555393676795399,0.2406724072602197,0.1562342203108202,0.19167244657439997,0.16107218993666853,-0.05183341274285824,-0.07157592180514975,-0.011175192417942528,-0.025057863014605095,-0.06390536444785455,0.042587614110218
sample_021,False,ok,multi_seed_output\seed_1_S302109584\airfoils\sample_021.dat,0.0858811624734997,0.23847695390781562,1.4831992908165281e-08,1.3166409172996052e-08,0.13530030977131818,0.25513282130687676,0.1699444078276615,0.15492454352064236,0.16206366530232508,0.10774864291528824,-0.12382482001728891,-0.013648633395133683,0.02029288470376364,-0.0596067599631556,-0.015773652615460154,-0.07889810926481418
sample_022,False,ok,multi_seed_output\seed_1_S302109584\airfoils\sample_022.dat,0.11141537265356725,0.3306613226452906,1.4831992908165281e-08,1.3166409172996052e-08,0.11106618918816141,0.25682706602574246,0.2576507259538388,0.1711992223142065,0.11463875071395566,0.18867472285769482,-0.088938319164589,-0.06436439477665552,-0.0660940210269711,-0.08659465441217612,-0.07216404759831664,0.026637937689080182
sample_023,False,ok,multi_seed_output\seed_1_S302109584\airfoils\sample_023.dat,0.1026980057009931,0.34669338677354705,1.4831992908165281e-08,1.3166409172996052e-08,0.13754570947699243,0.2343008660385612,0.23537322761816265,0.2287105637242443,0.1296061775346014,0.20237534746319968,-0.07359735166578045,-0.030961346119944402,-0.05906597911330209,-0.05996774931306618,-0.017336147185565837,-0.02391037471632109
sample_024,False,ok,multi_seed_output\seed_1_S302109584\airfoils\sample_024.dat,0.09213404003904146,0.20440881763527052,1.4831992908165281e-08,1.3166409172996052e-08,0.23145796768953886,0.16979148651398968,0.23826873626363826,0.13574344547750303,0.22945241883474465,0.20643478376245045,-0.10784640195248194,-0.058441157449035414,0.014729140491041223,0.02602074040743582,0.015218579383029729,-0.04704863996872881
sample_025,False,ok,multi_seed_output\seed_1_S302109584\airfoils\sample_025.dat,0.0875786298446105,0.250501002004008,1.4831992908165281e-08,1.3166409172996052e-08,0.16713346832905251,0.2052730672229466,0.1597523369506369,0.1357260401900673,0.17044270037813752,0.1141419238190119,-0.10287232722612469,-0.059017773798270355,0.004467084528541429,-0.09205269242529361,-0.08875803998011007,-0.07879194196064859
sample_026,False,ok,multi_seed_output\seed_1_S302109584\airfoils\sample_026.dat,0.0927224469000623,0.31462925851703405,1.4831992908165281e-08,1.3166409172996052e-08,0.18080468056721127,0.23309021759646914,0.22685811079551646,0.1747726442364111,0.12945519708762845,0.16143040434626404,-0.022319258486648258,-0.02519497267597051,-0.03785111283332447,-0.0464086301112859,0.01847476537634138,0.03770760951132614
sample_027,False,ok,multi_seed_output\seed_1_S302109584\airfoils\sample_027.dat,0.11250280263885856,0.280561122244489,1.4831992908165281e-08,1.3166409172996052e-08,0.16741870418976218,0.2604566944309883,0.22808614934631366,0.23640882726957851,0.10462329978654274,0.21297774920134266,-0.07795161335811572,-0.11206177821277863,-0.039380769507501044,0.014055137580544094,-0.06306560989767696,-0.011789331091847571
sample_028,False,ok,multi_seed_output\seed_1_S302109584\airfoils\sample_028.dat,0.10406770228820553,0.2444889779559118,1.4831992908165281e-08,1.3166409172996052e-08,0.1406719850089143,0.25055198788501637,0.21522152273354317,0.1729510409545686,0.1800013338122492,0.09791887347138635,-0.14073624147105313,-0.0836570855905342,-0.019688235183638672,0.011682220831741863,0.026478065827523975,-0.05114283965424261
sample_029,False,ok,multi_seed_output\seed_1_S302109584\airfoils\sample_029.dat,0.09409175438759065,0.3607214428857715,1.4831992908165281e-08,1.3166409172996052e-08,0.2203839519530948,0.18277231676674807,0.2054039139463339,0.23254276210052688,0.2080376113195158,0.1066140773366367,-0.023221960692246912,-0.061244329632850376,-0.003749180101542293,-0.0888454268017151,-0.01068580760535405,-0.050504886634061705
sample_030,False,ok,multi_seed_output\seed_1_S302109584\airfoils\sample_030.dat,0.10061607419755904,0.280561122244489,1.4831992908165281e-08,1.3166409172996052e-08,0.19676772034034365,0.22633364119074267,0.17441783566462982,0.12566236497213956,0.1898872242871248,0.1991209029800659,-0.030039602776911256,-0.11211150527967444,-0.03832755937294163,-0.08910578472443428,-0.07330647187192643,-0.006508224841660942
sample_031,False,ok,multi_seed_output\seed_1_S302109584\airfoils\sample_031.dat,0.09321689912611655,0.23847695390781562,1.4831992908165281e-08,1.3166409172996052e-08,0.21675815311084823,0.15067150187686149,0.20869442104958724,0.12523627543746202,0.1310325051887489,0.11290090090521367,-0.11023299191971851,-0.06064438391495004,-0.06983693461819618,0.0007589580502254389,-0.05781657137932268,-0.03169970643827452
sample_032,False,ok,multi_seed_output\seed_1_S302109584\airfoils\sample_032.dat,0.08139202099488418,0.38276553106212424,1.4831992908165281e-08,1.3166409172996052e-08,0.13499396360973445,0.1553346273229139,0.25982424368241774,0.20245106899287396,0.23024172229329318,0.18873256194139162,-0.02266577178162693,-0.03551611662054867,0.011350721255203686,-0.007304315647862561,0.023735221943951307,-0.043244472105619776
sample_033,False,ok,multi_seed_output\seed_1_S302109584\airfoils\sample_033.dat,0.09930161727011985,0.3667334669338677,1.4831992908165281e-08,1.3166409172996052e-08,0.17754624243023967,0.1525030373873048,0.2306556974715116,0.2394747733479606,0.1604592518634269,0.20057013403908563,-0.06853443046693213,-0.06285011040458566,-0.06881900170580507,-0.03397597853397903,-0.060178218159353564,-0.005282300966755263
sample_034,False,ok,multi_seed_output\seed_1_S302109584\airfoils\sample_034.dat,0.08541321904008835,0.23246492985971942,1.4831992908165281e-08,1.3166409172996052e-08,0.17118065896030432,0.14510961433900177,0.2245248291915427,0.1374255429941484,0.11000335296619405,0.13435091532700416,-0.09853359621339028,-0.09794912818808296,0.02205890431717969,0.0145406191488901,-0.08949509065785811,-0.03703545778029959
sample_035,False,ok,multi_seed_output\seed_1_S302109584\airfoils\sample_035.dat,0.08145501855578689,0.30861723446893785,1.4831992908165281e-08,1.3166409172996052e-08,0.2157029705585125,0.17737528971122382,0.1981602106815027,0.16886753271714583,0.18186834847711375,0.20585277073004446,-0.049675064020597265,0.01106625104250647,-0.06427374790832217,0.022696163262803437,-0.06140766295960168,-0.05827518205641366
sample_036,False,ok,multi_seed_output\seed_1_S302109584\airfoils\sample_036.dat,0.1057394004024148,0.2665330661322645,1.4831992908165281e-08,1.3166409172996052e-08,0.2244086502678663,0.23925207801962206,0.24475743277300743,0.15652606653235301,0.13034367315805626,0.13774105186767435,-0.044753225308107256,-0.08873982595884997,-0.015906312780621018,-0.02358593371631884,-0.08409089419719148,-0.02801650947131802
sample_037,False,ok,multi_seed_output\seed_1_S302109584\airfoils\sample_037.dat,0.090645282106323,0.18837675350701402,1.4831992908165281e-08,1.3166409172996052e-08,0.20022502311666324,0.2501025871689148,0.18963442357933785,0.1443797224355653,0.2197386932879126,0.16896678760546546,-0.13423713370144139,0.003579188447673423,0.018518215958879564,0.0275166980249852,-0.0019141524212109295,0.0022803429940623787
sample_038,False,ok,multi_seed_output\seed_1_S302109584\airfoils\sample_038.dat,0.0982932946010731,0.2865731462925851,1.4831992908165281e-08,1.3166409172996052e-08,0.12676872782616047,0.2729936870474339,0.2073196189439407,0.1831708764393096,0.12155146331281982,0.14356376684722177,-0.1367762211114565,-0.006149503154115082,-0.03320951613051645,-0.06790485459569318,-0.00402510108041465,0.027414500376768056
sample_039,False,ok,multi_seed_output\seed_1_S302109584\airfoils\sample_039.dat,0.0845946145985371,0.2945891783567134,1.4831992908165281e-08,1.3166409172996052e-08,0.12176725789571333,0.22751547019885188,0.23246994967644233,0.16496872149551162,0.179833244200456,0.14949793566921118,-0.03441453951629457,-0.060352326887281225,0.02010188582882229,0.01819616923579906,-0.011440085466697822,0.042082221741097436
sample_040,False,ok,multi_seed_output\seed_1_S302109584\airfoils\sample_040.dat,0.08622106138685766,0.344689378757515,1.4831992908165281e-08,1.3166409172996052e-08,0.15676599553881496,0.19284448821719952,0.21057622037810103,0.21351611559527245,0.18143252115451525,0.15911889209175983,-0.11122998394428726,0.011667381741877425,-0.03552510429099345,-0.017242802436413074,-0.04497881978341947,-0.005798617021099739
sample_041,False,ok,multi_seed_output\seed_1_S302109584\airfoils\sample_041.dat,0.09623290681157196,0.3306613226452906,1.4831992908165281e-08,1.3166409172996052e-08,0.19730343238179088,0.23377635098221788,0.1972135834837698,0.23302973333951343,0.1952197281544817,0.19003425228745524,-0.05734030889549403,-0.005139095241040975,-0.06153763236667832,-0.03127888374704066,-0.006504658782272785,-0.01587241561185307
sample_042,False,ok,multi_seed_output\seed_1_S302109584\airfoils\sample_042.dat,0.09381358177501205,0.3386773547094188,1.4831992908165281e-08,1.3166409172996052e-08,0.12084231605304287,0.24850114022804018,0.19762965923272646,0.1471229510385823,0.14708546376320347,0.22034959254293396,-0.07449047436597189,-0.0014373145936625448,-0.07541853383880953,-0.08530000509918595,-0.010510310217008809,-0.04272657493024485
sample_043,False,ok,multi_seed_output\seed_1_S302109584\airfoils\sample_043.dat,0.10389877788175766,0.3306613226452906,1.4831992908165281e-08,1.3166409172996052e-08,0.1346337697413305,0.21916589001893205,0.19498398429868075,0.22492463708042437,0.1549666943974209,0.11006713937517311,-0.03563879585639919,-0.09653918327075338,-0.08801283523193967,-0.03957416984013481,0.0009805568032466433,-0.01981791959531226
sample_044,False,ok,multi_seed_output\seed_1_S302109584\airfoils\sample_044.dat,0.09337914456977586,0.22044088176352702,1.4831992908165281e-08,1.3166409172996052e-08,0.1876049894925585,0.2266241787654154,0.1976099641788567,0.1509121885217025,0.11272861917807595,0.21863825095493888,-0.1480525305149048,0.002628383305514792,-0.0478050576339827,0.013371856806369986,-0.07776688245558798,-0.0016892003310195608
sample_045,False,ok,multi_seed_output\seed_1_S302109584\airfoils\sample_045.dat,0.08837205458500957,0.2665330661322645,1.4831992908165281e-08,1.3166409172996052e-08,0.21295861116069065,0.1750082621236718,0.21323830572103752,0.12977607500015234,0.17603590705987154,0.1394883032762847,-0.08789348045955077,-0.0018443288562088184,-0.09923352699873157,0.03158929137129439,-0.015298197188459192,0.010717926884756673
sample_046,False,ok,multi_seed_output\seed_1_S302109584\airfoils\sample_046.dat,0.09759138163092597,0.2725450901803607,1.4831992908165281e-08,1.3166409172996052e-08,0.1344198020577088,0.21710702810410246,0.23272518398195552,0.152718049007586,0.15456391502977646,0.1915916656714668,-0.13966657369902585,-0.0696931481303793,0.011679852039216704,-0.07165411103137119,-0.048691160260873056,-0.05084265173445946
sample_047,False,ok,multi_seed_output\seed_1_S302109584\airfoils\sample_047.dat,0.11625430163747161,0.2725450901803607,1.4831992908165281e-08,1.3166409172996052e-08,0.18952317994141468,0.24177659647394473,0.2537673671042542,0.1945570296871325,0.22492420819815848,0.10214802983760736,-0.12495004264531417,-0.09702896232370369,-0.04208197600813599,-0.02535763469502139,0.0036230704134106867,-0.0037381844307704387
sample_048,False,ok,multi_seed_output\seed_1_S302109584\airfoils\sample_048.dat,0.09482367346097292,0.3306613226452906,1.4831992908165281e-08,1.3166409172996052e-08,0.10914260066692971,0.2573971278390678,0.14944511843031516,0.2250788408167451,0.19553774728009157,0.1288370879135595,-0.04536855029220531,-0.09662606536148152,0.004943491036781378,-0.08502979790675638,-0.05383765993803959,-0.0081466753385806
sample_049,False,ok,multi_seed_output\seed_1_S302109584\airfoils\sample_049.dat,0.09073173031894302,0.3166332665330661,1.4831992908165281e-08,1.3166409172996052e-08,0.21442003239013918,0.15193099471301838,0.214957546252733,0.2198543590162097,0.20869962253704633,0.1498977913343951,-0.09180164897236387,-0.033754085076377435,-0.043020855277428875,-0.026257855643168168,0.014860797502945583,-0.01714562756514848
sample_050,False,ok,multi_seed_output\seed_1_S302109584\airfoils\sample_050.dat,0.09008995299628536,0.23847695390781562,1.4831992908165281e-08,1.3166409172996052e-08,0.17903558799043726,0.1992997274497757,0.14648419011889488,0.14661169891671202,0.10289620030050926,0.13628531226801383,-0.08286651798319829,-0.08981697244170203,-0.016742282246168305,-0.06803144356266924,-2.89084420302399e-05,0.005883308921767333
sample_051,False,ok,multi_seed_output\seed_1_S302109584\airfoils\sample_051.dat,0.09899700479949226,0.3366733466933867,1.4831992908165281e-08,1.3166409172996052e-08,0.1282241430755603,0.24586255463238899,0.2702462816097284,0.18983474990311203,0.18811937503407813,0.1292494065098182,-0.03319434018830225,-0.04222276621196587,-0.0289648285160672,-0.011507991202962267,-0.032318420922785536,0.03257371771444921
sample_052,False,ok,multi_seed_output\seed_1_S302109584\airfoils\sample_052.dat,0.07495654919066218,0.23246492985971942,1.4831992908165281e-08,1.3166409172996052e-08,0.19352814294116022,0.2153365486874742,0.17158625691068963,0.159240284915383,0.16101118810016468,0.13414048424330172,-0.032003286110807785,-0.019423092595688057,0.02519794424980641,0.02653437584003933,-0.02542256540793278,-0.011089891109599098
sample_053,False,ok,multi_seed_output\seed_1_S302109584\airfoils\sample_053.dat,0.08085931912831225,0.2004008016032064,1.4831992908165281e-08,1.3166409172996052e-08,0.23434744077975495,0.1601795422010081,0.15984245090558338,0.12991652588156058,0.13078137999190712,0.15238766844307675,-0.07245935820814527,-0.03795083439365014,-0.010357890142165177,-0.03802215105191648,0.0040386275391562365,-0.03350573120862558
sample_054,False,ok,multi_seed_output\seed_1_S302109584\airfoils\sample_054.dat,0.10435763234141224,0.3166332665330661,1.4831992908165281e-08,1.3166409172996052e-08,0.10818700043012351,0.22515339641085125,0.2506708475661268,0.2198955373176628,0.13145876927951777,0.2219811047532996,-0.13079679425183757,-0.06259987023883487,-0.033548583819500266,-0.04941755437540406,-0.0052308752707379835,-0.05390752795304572
sample_055,False,ok,multi_seed_output\seed_1_S302109584\airfoils\sample_055.dat,0.08558232699349717,0.3166332665330661,1.4831992908165281e-08,1.3166409172996052e-08,0.11763349534332977,0.19669931282280712,0.14557645254364396,0.172746255195441,0.1197646468966849,0.20044991656645755,-0.08839979176155431,-0.04787637324915879,-0.06277530921730688,-0.06548909196543354,-0.016201646348319748,-0.04245732821593379
sample_056,False,ok,multi_seed_output\seed_1_S302109584\airfoils\sample_056.dat,0.10383097186783828,0.2725450901803607,1.4831992908165281e-08,1.3166409172996052e-08,0.17209504208020926,0.18163171046581003,0.21778831190619719,0.22992985988058717,0.10384655300544511,0.14121498489848655,-0.1405691948028375,-0.08710610161786908,-0.057440370724082035,-0.018091871818101277,0.018590990229327545,0.028593917689370363
sample_057,False,ok,multi_seed_output\seed_1_S302109584\airfoils\sample_057.dat,0.09758499751822074,0.344689378757515,1.4831992908165281e-08,1.3166409172996052e-08,0.13727906998137857,0.21952113576698778,0.2509463182457961,0.21222320489710772,0.13127019411422766,0.15310744751961752,-0.07083086252947335,-0.017024543325940555,-0.058720507123774544,-0.028127355032269596,-0.01649868322092987,0.013264455663841004
sample_058,False,ok,multi_seed_output\seed_1_S302109584\airfoils\sample_058.dat,0.0976884755361944,0.2665330661322645,1.4831992908165281e-08,1.3166409172996052e-08,0.21860386676164556,0.2680854601077921,0.2513081369384348,0.14396741208151442,0.10467768320291591,0.17104363938274694,-0.08167721093949591,0.007716049751643056,0.010251605570729266,-0.08325804655231467,-0.04751593754382655,-0.040648820388187026
sample_059,False,ok,multi_seed_output\seed_1_S302109584\airfoils\sample_059.dat,0.0854865294103887,0.2865731462925851,1.4831992908165281e-08,1.3166409172996052e-08,0.12872119269565846,0.23322401423903738,0.19954793862718442,0.16586459699989634,0.22770193442811143,0.2196825642878609,-0.09813268899920678,-0.025301984437455155,0.01605409925331057,-0.0454051792631858,-0.002005789710088815,0.014882475167125125
sample_060,False,ok,multi_seed_output\seed_1_S302109584\airfoils\sample_060.dat,0.10857715688643711,0.3607214428857715,1.4831992908165281e-08,1.3166409172996052e-08,0.13542086677553072,0.21399393648778742,0.23028502920705757,0.20214541177048945,0.22843225134171552,0.10020562561394983,-0.022614141849459424,-0.09327559273569261,-0.097243407476065,-0.027078681009303815,-0.09004707184421211,-0.032279057027171924
sample_061,False,ok,multi_seed_output\seed_1_S302109584\airfoils\sample_061.dat,0.08801801545224372,0.344689378757515,1.4831992908165281e-08,1.3166409172996052e-08,0.18828109013903532,0.21642435450514974,0.193361463653509,0.24424069642655907,0.15170725977416114,0.16198695343652908,-0.0521205431699833,0.007961443503263776,-0.03457412955881674,-0.03968124445844551,0.007569092011174311,0.025085990014781193
sample_062,False,ok,multi_seed_output\seed_1_S302109584\airfoils\sample_062.dat,0.08561550793622988,0.3226452905811623,1.4831992908165281e-08,1.3166409172996052e-08,0.1761825215526931,0.15914188840843912,0.21259932422622696,0.24261670044227476,0.14129824489318693,0.09887100075532092,-0.09113337496434165,-0.045108983360662616,0.002731836726193787,-0.01035289628115646,-0.07394525818876743,0.022316966391186674
sample_063,False,ok,multi_seed_output\seed_1_S302109584\airfoils\sample_063.dat,0.10484502695165468,0.2865731462925851,1.4831992908165281e-08,1.3166409172996052e-08,0.19686148574710424,0.24926612194730097,0.17357570186467766,0.24237982854341494,0.21734186964153346,0.1036776093034102,-0.07430844760408221,-0.0558474930306805,-0.09392236785973686,0.02965522832294902,-0.019416367650906985,-0.0035293753259358074
sample_064,False,ok,multi_seed_output\seed_1_S302109584\airfoils\sample_064.dat,0.07584757111123648,0.3667334669338677,1.4831992908165281e-08,1.3166409172996052e-08,0.11281019648696326,0.16178124545434053,0.16987369402017852,0.25251727685270686,0.18068785164318069,0.21085747427694718,-0.03962332314538669,-0.058778188324671965,0.005339015977419606,-0.003930652696761058,0.025173193502273136,0.0015143620188195622
sample_065,False,ok,multi_seed_output\seed_1_S302109584\airfoils\sample_065.dat,0.11378157416902004,0.2064128256513026,1.4831992908165281e-08,1.3166409172996052e-08,0.21994927236408598,0.26589479918302383,0.17939029465320785,0.1715612118407903,0.171685036406946,0.1932035625624144,-0.13425962831770524,-0.11092683587893963,0.000684990333368593,-0.020237287951132332,0.023129193499785067,-0.07430373601035083
sample_066,False,ok,multi_seed_output\seed_1_S302109584\airfoils\sample_066.dat,0.09618517128635981,0.34669338677354705,1.4831992908165281e-08,1.3166409172996052e-08,0.12971682408268267,0.2236622500021867,0.25234518371467274,0.2005915800991187,0.1947908503805389,0.11914584716446677,-0.12202302454029063,0.004126194883991574,-0.025070617851068677,-0.07210191378863799,0.008530763913170578,0.01907452432847595
sample_067,False,ok,multi_seed_output\seed_1_S302109584\airfoils\sample_067.dat,0.09992652599925271,0.2865731462925851,1.4831992908165281e-08,1.3166409172996052e-08,0.16541799849629651,0.20423510939379796,0.19734865101188995,0.19203384873502566,0.16436787038064155,0.12574950468562507,-0.08284206661812663,-0.07633424509955587,-0.09561202964596738,0.025682663209498843,-0.0014942869461934266,-0.05096772539089144
sample_068,False,ok,multi_seed_output\seed_1_S302109584\airfoils\sample_068.dat,0.08336923856134257,0.280561122244489,1.4831992908165281e-08,1.3166409172996052e-08,0.17401460463498997,0.15491608983720545,0.183337835088298,0.22463555507733596,0.14179222130598196,0.21615789317003503,-0.1271528980560631,-0.01725431410862774,-0.05117408667624171,0.032852814452038484,-0.07561481745778817,-0.08297402626737434
sample_069,False,ok,multi_seed_output\seed_1_S302109584\airfoils\sample_069.dat,0.12013906624044882,0.2945891783567134,1.4831992908165281e-08,1.3166409172996052e-08,0.1840025606252636,0.20341540808539527,0.27399734804937736,0.1557268673285642,0.19036514163310017,0.13663231776517828,-0.12570476284706378,-0.1057103910165072,-0.09908716059446743,-0.06572475742947581,0.009364552879617363,-0.008642971056835161
sample_070,False,ok,multi_seed_output\seed_1_S302109584\airfoils\sample_070.dat,0.09481836455541774,0.3246492985971944,1.4831992908165281e-08,1.3166409172996052e-08,0.14292312324812304,0.21201989453062958,0.2104716366137515,0.24020257001235318,0.1554951855767806,0.17371845315843687,-0.14203545076532822,-0.018168678468057628,-0.023420415939697084,-0.039808412995589286,-0.07070015553352796,0.02582580939210763
sample_071,False,ok,multi_seed_output\seed_1_S302109584\airfoils\sample_071.dat,0.11481366265635212,0.2665330661322645,1.4831992908165281e-08,1.3166409172996052e-08,0.2233377795285198,0.25764622297965134,0.24618615008615463,0.1653351868945297,0.18212803376998465,0.1806334100680703,-0.1070801180244564,-0.06142536759764143,-0.05690763177269297,-0.041626517816896795,-0.013305950212601114,-0.0771935537161136
sample_072,False,ok,multi_seed_output\seed_1_S302109584\airfoils\sample_072.dat,0.09519029959488175,0.3006012024048096,1.4831992908165281e-08,1.3166409172996052e-08,0.14578441507002635,0.2185494549500393,0.24716618391664658,0.1694031608081858,0.19663261711505697,0.1392943885943519,-0.11418540196388946,-0.04433768554799025,0.01878769856528055,-0.08719321530031314,0.019488324862154516,-0.041605654341011246
sample_073,False,ok,multi_seed_output\seed_1_S302109584\airfoils\sample_073.dat,0.1018801707667707,0.2725450901803607,1.4831992908165281e-08,1.3166409172996052e-08,0.15772312694288493,0.2721102011026555,0.23462955373855743,0.2366280417740567,0.21688086525876515,0.1461127991861351,-0.08431699609529555,-0.0699482160006604,0.02795378118593765,0.0018441306120326045,0.01758717432050358,0.03151348376226873
sample_074,False,ok,multi_seed_output\seed_1_S302109584\airfoils\sample_074.dat,0.10148374111603495,0.30260521042084165,1.4831992908165281e-08,1.3166409172996052e-08,0.21741132566096832,0.17266755397218628,0.22355847912746074,0.2235601911394361,0.17300072787539159,0.10465169314577363,-0.12290028378234864,-0.06825340601470427,-0.009418403668139452,-0.0899358747008531,-0.08031797453173463,0.043365710503208754
sample_075,False,ok,multi_seed_output\seed_1_S302109584\airfoils\sample_075.dat,0.09023983977697311,0.30861723446893785,1.4831992908165281e-08,1.3166409172996052e-08,0.1324114113878933,0.20054255007483748,0.21170848195326714,0.18409445235786676,0.134361741622188,0.18841527350083975,-0.0952378544591129,-0.0370025669836295,-0.054232122503403264,0.007579302182187483,-0.05941325165826538,-0.040214834476180746
sample_076,False,ok,multi_seed_output\seed_1_S302109584\airfoils\sample_076.dat,0.09570499533575352,0.3226452905811623,1.4831992908165281e-08,1.3166409172996052e-08,0.1162649308090333,0.1896593940017442,0.2026339883551595,0.20354881430233268,0.18352637786999065,0.1740672952938836,-0.1158421612985607,-0.0569558038388792,-0.07277656382432204,-0.033248730591299694,0.03179656509886415,-0.03929224167915858
sample_077,False,ok,multi_seed_output\seed_1_S302109584\airfoils\sample_077.dat,0.09938338061894975,0.3607214428857715,1.4831992908165281e-08,1.3166409172996052e-08,0.15505405129063227,0.23552988284181653,0.22933276491276286,0.24649461696032104,0.19122996208794216,0.17757857151816842,-0.05663227116261414,-0.011147461707815554,-0.058549757429495544,-0.019169819252012735,-0.03319060412876326,0.019496735008404834
sample_078,False,ok,multi_seed_output\seed_1_S302109584\airfoils\sample_078.dat,0.08722755400320141,0.3607214428857715,1.4831992908165281e-08,1.3166409172996052e-08,0.1086645332699162,0.17310659664675024,0.20929734298313346,0.17483004267815205,0.14013888692558044,0.20708013574089712,-0.05775820691177176,-0.04822505242101095,-0.04713644010939137,-0.06847571814655438,-0.004257422518841689,0.029579149417553144
sample_079,False,ok,multi_seed_output\seed_1_S302109584\airfoils\sample_079.dat,0.11211756145212948,0.30861723446893785,1.4831992908165281e-08,1.3166409172996052e-08,0.22187059355035738,0.20050475532528647,0.2589802394448219,0.14915517592920463,0.22535992655648596,0.12300381881815628,-0.08764810670992287,-0.07916871974651016,-0.06508034048513622,-0.09278443929333191,-0.03423870651069234,0.029436624253656174
sample_080,False,ok,multi_seed_output\seed_1_S302109584\airfoils\sample_080.dat,0.10499525329575865,0.3006012024048096,1.4831992908165281e-08,1.3166409172996052e-08,0.22057639707248722,0.23705913753523444,0.21195189632446032,0.18614901499682593,0.18584163764331807,0.12150320493916833,-0.04819401904458952,-0.06464983622427578,-0.04075539043429613,-0.08674138084751483,-0.007526337945920919,-0.054168838034464796
sample_081,False,ok,multi_seed_output\seed_1_S302109584\airfoils\sample_081.dat,0.10250654088431335,0.3166332665330661,1.4831992908165281e-08,1.3166409172996052e-08,0.17250569102343136,0.2333242166538578,0.2604331512731146,0.18884631935124568,0.10873365836474577,0.15224207095878467,-0.06483516187581133,-0.02827372052186483,-0.06361606878031786,-0.024661185677627026,-0.03558576125910753,-0.03861219814022162
sample_082,False,ok,multi_seed_output\seed_1_S302109584\airfoils\sample_082.dat,0.09098227251102839,0.3226452905811623,1.4831992908165281e-08,1.3166409172996052e-08,0.20980855096434387,0.1648157519258704,0.23121003716603677,0.2174911723534617,0.11865588544868,0.11775580785002758,-0.1042319808582362,-0.009122437900996608,-0.026213698350346093,-0.07862077019762423,0.02469190813858671,0.041603114117529816
sample_083,False,ok,multi_seed_output\seed_1_S302109584\airfoils\sample_083.dat,0.10930107499333896,0.2745490981963928,1.4831992908165281e-08,1.3166409172996052e-08,0.14861894423402375,0.23787542108014786,0.15000164981279215,0.2528995343053872,0.13053984502146215,0.1880083273486392,-0.11212651882155186,-0.11386461653647452,-0.09873680107907581,0.011825113751369798,-0.02897054648063796,-0.009440885842315408
sample_084,False,ok,multi_seed_output\seed_1_S302109584\airfoils\sample_084.dat,0.10682675294590593,0.23246492985971942,1.4831992908165281e-08,1.3166409172996052e-08,0.18766347906833847,0.23440167869424075,0.21711181142210295,0.16421953253171073,0.1704308078708856,0.15675079758101568,-0.146490400001942,-0.07671941217401029,-0.01690948385627035,-0.04053723722293931,0.018262954194410014,-0.023123920306261668
sample_085,False,ok,multi_seed_output\seed_1_S302109584\airfoils\sample_085.dat,0.09339617452996735,0.3006012024048096,1.4831992908165281e-08,1.3166409172996052e-08,0.14804925797348142,0.19813525017058484,0.21376070757920074,0.24886523662091223,0.20480187872914662,0.11606150832974804,-0.0720622525793583,-0.09691490426923824,0.019833212502249356,-0.012669837504316578,0.007419359415961974,-8.189490972561331e-05
sample_086,False,ok,multi_seed_output\seed_1_S302109584\airfoils\sample_086.dat,0.09126053631940484,0.23847695390781562,1.4831992908165281e-08,1.3166409172996052e-08,0.2353948446515018,0.17817691184089163,0.20177194668986878,0.23396448768815584,0.10971232037782297,0.11542429866691688,-0.11068133714895727,-0.009744626268138198,-0.052972023607573915,0.02992187766663977,0.00780749043281799,-0.054271974563097514
sample_087,False,ok,multi_seed_output\seed_1_S302109584\airfoils\sample_087.dat,0.09900557316481741,0.2605210420841683,1.4831992908165281e-08,1.3166409172996052e-08,0.14910808595812292,0.24212326463953276,0.17686156393967817,0.2189611306626552,0.12412651526256639,0.2140418067133688,-0.06661068840636646,-0.11519711380071702,-0.019722635397992835,0.015772300690990712,0.030506036536100387,0.005099621081372796
sample_088,False,ok,multi_seed_output\seed_1_S302109584\airfoils\sample_088.dat,0.10535967259481194,0.280561122244489,1.4831992908165281e-08,1.3166409172996052e-08,0.14776381382601167,0.2695602447281667,0.24578075983853614,0.1286431037618738,0.1259015987053314,0.10572246799192256,-0.07347709765741971,-0.06562408863542968,-0.054578532564693215,-0.014688533572010123,-0.01435505705968182,-0.08451473724416592
sample_089,False,ok,multi_seed_output\seed_1_S302109584\airfoils\sample_089.dat,0.10587193993058679,0.30861723446893785,1.4831992908165281e-08,1.3166409172996052e-08,0.22334663191905862,0.18836432684584484,0.22625092317560286,0.16409642298971985,0.22703360005951698,0.12276430838276528,-0.050994659997675246,-0.0818737519660625,-0.09254246191315317,-0.03486778130952984,-0.04287845719162407,0.030664336187471733
sample_090,False,ok,multi_seed_output\seed_1_S302109584\airfoils\sample_090.dat,0.1014760288116868,0.3607214428857715,1.4831992908165281e-08,1.3166409172996052e-08,0.1938701805274713,0.16399387346253325,0.242775394032144,0.23040432383997672,0.17161104495663143,0.1381627323746644,-0.047493229376252305,-0.06598746921752795,-0.053388546873984644,-0.07087896828453125,-0.013605276143253187,0.015268116946801275
sample_091,False,ok,multi_seed_output\seed_1_S302109584\airfoils\sample_091.dat,0.10562263929504759,0.23847695390781562,1.4831992908165281e-08,1.3166409172996052e-08,0.18050436248454166,0.2597161138954761,0.22751783423534205,0.18627078890172824,0.13967140895611946,0.18827261435904794,-0.14394548855679493,-0.04713230166710007,-0.013863005340489412,-0.002062742705861126,-0.04425130487050947,-0.04811214440690678
sample_092,False,ok,multi_seed_output\seed_1_S302109584\airfoils\sample_092.dat,0.09877960406934148,0.2665330661322645,1.4831992908165281e-08,1.3166409172996052e-08,0.19939378583947914,0.2648862020590241,0.2366471200395436,0.17833501174484812,0.16669055243402353,0.13219312210316359,-0.09568046678999173,0.002839255515831293,-0.034188669955317066,0.011034351887057564,-0.04897960286566889,-0.021522321811802622
sample_093,False,ok,multi_seed_output\seed_1_S302109584\airfoils\sample_093.dat,0.09487548973714247,0.35270541082164325,1.4831992908165281e-08,1.3166409172996052e-08,0.12028020506519796,0.2137081030097624,0.17290120899746508,0.19922340479401404,0.15483630718215136,0.2092938224199355,-0.02489922757414295,-0.10083618655461735,-0.02410172395139179,-0.09544403491681237,-0.06598215642585609,-0.015388962265233577
sample_094,False,ok,multi_seed_output\seed_1_S302109584\airfoils\sample_094.dat,0.11276632884142768,0.3246492985971944,1.4831992908165281e-08,1.3166409172996052e-08,0.16430690046643787,0.25660668149679394,0.25738778190543515,0.24104052330000372,0.12461868739115921,0.17654082040840918,-0.06075136993501297,-0.06372149474539732,-0.061264722280013305,-0.033444372876145045,-0.041153884992830174,-0.03736906086274896
sample_095,False,ok,multi_seed_output\seed_1_S302109584\airfoils\sample_095.dat,0.0815630911172147,0.26452905811623245,1.4831992908165281e-08,1.3166409172996052e-08,0.18861562740091936,0.21542256848071917,0.1852179534598325,0.16012578373693254,0.22953460275258247,0.1772674338720382,-0.03710386161709832,-0.039900465479391134,0.021932009217419682,-0.022513330849153898,-0.007834941586638167,-0.0001878563274350098
sample_096,False,ok,multi_seed_output\seed_1_S302109584\airfoils\sample_096.dat,0.10067544866044148,0.3306613226452906,1.4831992908165281e-08,1.3166409172996052e-08,0.12927490431770208,0.1474936319187302,0.27137911961877415,0.18393270355032246,0.20428674228695562,0.15260264633215462,-0.11690411519789069,-0.07911566427672967,-0.08129059499116165,0.008819420462636965,-0.013389624013570037,0.0025675539623672555
sample_097,False,ok,multi_seed_output\seed_1_S302109584\airfoils\sample_097.dat,0.09944393832482051,0.3306613226452906,1.4831992908165281e-08,1.3166409172996052e-08,0.14255719866441713,0.22069523990928686,0.2700183038908149,0.17463802528354472,0.1616782767246644,0.0988104686667878,-0.12008369817415973,0.0034799887378247213,-0.05438437200283199,-0.05650637917489694,-0.003741822960752636,-0.04850415348360573
sample_098,False,ok,multi_seed_output\seed_1_S302109584\airfoils\sample_098.dat,0.09875339353821824,0.30260521042084165,1.4831992908165281e-08,1.3166409172996052e-08,0.1838061320609235,0.2335472760368178,0.21131989922576958,0.2211371685987514,0.22912518935058024,0.18702914143123872,-0.09200007246187425,-0.05181015298065918,0.008083001484384192,-0.057815052021587474,-0.06178084740562376,-0.03763461646235115
sample_099,False,ok,multi_seed_output\seed_1_S302109584\airfoils\sample_099.dat,0.08568759746159137,0.2665330661322645,1.4831992908165281e-08,1.3166409172996052e-08,0.13013192134932705,0.2148699937450457,0.18285890695987045,0.1540858173422366,0.1580643908032029,0.15704020806111924,-0.11338000253399583,-0.021341489110765194,-0.053703216043467075,0.028238813823686842,-0.06627835583394431,-0.0004754270763668994
sample_100,False,ok,multi_seed_output\seed_1_S302109584\airfoils\sample_100.dat,0.10666206819848363,0.2945891783567134,1.4831992908165281e-08,1.3166409172996052e-08,0.1922136352755995,0.23599190533630482,0.21620568013467448,0.19393649064318053,0.11593367937620105,0.1279326286686437,-0.034581531840079976,-0.08634287658464634,-0.08482048849897918,-0.008406709918524796,-0.02336887250365187,0.003620063745270033
sample_101,False,ok,multi_seed_output\seed_1_S302109584\airfoils\sample_101.dat,0.09309422051976227,0.2745490981963928,1.4831992908165281e-08,1.3166409172996052e-08,0.13688310379487117,0.21182080002792908,0.18358609595847922,0.22094896404494324,0.19938054993381932,0.1735128938327295,-0.11793135246286574,-0.06764834717235056,-0.026670568682604118,0.03200053295676282,-0.09057617082086673,-0.082361233072066
sample_102,False,ok,multi_seed_output\seed_1_S302109584\airfoils\sample_102.dat,0.1076638504885755,0.3607214428857715,1.4831992908165281e-08,1.3166409172996052e-08,0.12336355425205756,0.21157514676619066,0.229047776305969,0.2409853106176943,0.12395557503984349,0.21706162537940474,-0.037337860603470385,-0.08017860405740965,-0.09234144519277637,-0.0523949142010361,-0.027321342923045527,-0.052965605276208784
sample_103,False,ok,multi_seed_output\seed_1_S302109584\airfoils\sample_103.dat,0.0940006334439138,0.3366733466933867,1.4831992908165281e-08,1.3166409172996052e-08,0.1401239570207735,0.21291805591117355,0.170617173843807,0.2522559489329155,0.16411510637165272,0.19509202477795962,-0.05835786618078738,-0.0819569773739767,-0.011671628176638166,-0.07574874252313468,0.018410960075014263,-0.04927818701418088
sample_104,False,ok,multi_seed_output\seed_1_S302109584\airfoils\sample_104.dat,0.09650476242528583,0.2665330661322645,1.4831992908165281e-08,1.3166409172996052e-08,0.1893475882041058,0.21824524183822802,0.1648359713727036,0.25011887024300095,0.1974016289099801,0.0974827458669704,-0.0703304831498178,-0.0954310006279534,-0.005532324713177925,-0.013919466804371103,-0.011263393965746174,-0.07910072723586059
sample_105,False,ok,multi_seed_output\seed_1_S302109584\airfoils\sample_105.dat,0.08870181988437975,0.2945891783567134,1.4831992908165281e-08,1.3166409172996052e-08,0.16753520191200924,0.17322130768071856,0.2624292513336766,0.1488079019622826,0.21930619171548277,0.13368348428906862,-0.05869645470721771,-0.07132008366001724,0.009599943789564316,-0.011714233616717196,0.02176392282775999,0.0026440278982726995
sample_106,False,ok,multi_seed_output\seed_1_S302109584\airfoils\sample_106.dat,0.10221597340055252,0.3226452905811623,1.4831992908165281e-08,1.3166409172996052e-08,0.15053503174235286,0.2619271024909688,0.20174316218065733,0.18929499427527252,0.1726395253903826,0.1604473104076103,-0.04708731363376996,-0.07505769215160132,-0.015857901439870356,-0.09037930176228003,-0.06780129526971719,-0.04999592354803446
sample_107,False,ok,multi_seed_output\seed_1_S302109584\airfoils\sample_107.dat,0.0960190431177818,0.3607214428857715,1.4831992908165281e-08,1.3166409172996052e-08,0.11115774141581325,0.27031786688695514,0.16414680546571778,0.25235604946420526,0.12795277528550716,0.2112948957230929,-0.044894283262868234,-0.0034372858935276807,-0.07755243765440682,-0.061251934861708345,-0.00518121690689613,-0.02289113300584819
sample_108,False,ok,multi_seed_output\seed_1_S302109584\airfoils\sample_108.dat,0.07932993182927904,0.24649298597194386,1.4831992908165281e-08,1.3166409172996052e-08,0.19708520690401232,0.180154371220828,0.1496506407204059,0.13058867413866246,0.21156376264343635,0.18742129265797836,-0.029259241615978523,-0.06887663582131406,-0.014562733927833985,-0.008810978863050045,-0.02978711526307598,-0.08067573811831749
sample_109,False,ok,multi_seed_output\seed_1_S302109584\airfoils\sample_109.dat,0.10527188514407347,0.3006012024048096,1.4831992908165281e-08,1.3166409172996052e-08,0.10563732480469307,0.22788748669305572,0.24911523349577933,0.14791682183682903,0.15334425996249718,0.14634174868236569,-0.07279136415733392,-0.10376852046386656,-0.0763796744689078,-0.008950233936837401,0.03406440721423705,-0.07177423554050825
sample_110,False,ok,multi_seed_output\seed_1_S302109584\airfoils\sample_110.dat,0.08391514499092487,0.35270541082164325,1.4831992908165281e-08,1.3166409172996052e-08,0.11734097033211335,0.2052866003973097,0.16533722134832896,0.21148380551711365,0.21103267528797404,0.21009011332871574,-0.11640922437026091,-0.00673851348895467,-0.03389011724033983,-0.03807881632689443,-0.016821585123215826,-0.07898344600594165
sample_111,False,ok,multi_seed_output\seed_1_S302109584\airfoils\sample_111.dat,0.09874069777662145,0.280561122244489,1.4831992908165281e-08,1.3166409172996052e-08,0.12371583740279661,0.27180151314303397,0.2574974290225329,0.13765570057674484,0.1324475246143344,0.12785435411090101,-0.04727821598124124,-0.07970185061138463,0.0064352176992149845,-0.009143767836093913,-0.01873097727820293,-0.057805964584895654
sample_112,False,ok,multi_seed_output\seed_1_S302109584\airfoils\sample_112.dat,0.10261280394863927,0.280561122244489,1.4831992908165281e-08,1.3166409172996052e-08,0.13671236463121617,0.27149820940522984,0.14726105976623932,0.20828305456794674,0.1557732605347461,0.14954567665777602,-0.14499532350712302,-0.034358664066955535,-0.07389011521352215,-0.054960133633864025,-0.06299223810102794,0.007188159224306573
sample_113,False,ok,multi_seed_output\seed_1_S302109584\airfoils\sample_113.dat,0.10053447552580881,0.3386773547094188,1.4831992908165281e-08,1.3166409172996052e-08,0.12410707441226047,0.25792258713055544,0.17833440514520751,0.2312051449066142,0.14907999300142238,0.1781869190374067,-0.044194762445382396,-0.0834521459868395,-0.022512667097470768,-0.07129617922259876,-0.09396626089545891,0.006021662492458585
sample_114,False,ok,multi_seed_output\seed_1_S302109584\airfoils\sample_114.dat,0.10317691794573192,0.30861723446893785,1.4831992908165281e-08,1.3166409172996052e-08,0.18134708727281487,0.19674836022592587,0.25111142570526845,0.187109716271148,0.11049159800925015,0.13275119667726634,-0.07217283934442759,-0.0703830187599856,-0.056241369036230386,-0.0473951119264817,-0.026135726881490656,-0.014788360793424493
sample_115,False,ok,multi_seed_output\seed_1_S302109584\airfoils\sample_115.dat,0.10272863125345219,0.3006012024048096,1.4831992908165281e-08,1.3166409172996052e-08,0.1925558591450136,0.2387920532277661,0.27291617981235883,0.23098177583619772,0.12568108718812276,0.1979737362590649,-0.10756366688098898,-0.0052998742500635215,-0.029737830699695433,-0.0032253723031874793,-0.03405878557752034,-0.06854677567391329
sample_116,False,ok,multi_seed_output\seed_1_S302109584\airfoils\sample_116.dat,0.10459727301365086,0.22044088176352702,1.4831992908165281e-08,1.3166409172996052e-08,0.19920816696694607,0.2537254342177443,0.19427157129352018,0.1655444364921061,0.1863864320212015,0.20480034569144917,-0.11551371980396744,-0.0847056968142437,-0.002892945072436273,0.009586239873035293,-0.003404927682084169,-0.046742174641190584
sample_117,False,ok,multi_seed_output\seed_1_S302109584\airfoils\sample_117.dat,0.09081856328699406,0.30861723446893785,1.4831992908165281e-08,1.3166409172996052e-08,0.20512867653814615,0.18075002734529744,0.2023055620277236,0.23417037788700984,0.22602982883352782,0.10497114907026601,-0.08048839623349383,-0.03999397074525761,-0.019233254070561756,-0.023001987003797575,-0.0015877771277612307,-0.07191651677276933
sample_118,False,ok,multi_seed_output\seed_1_S302109584\airfoils\sample_118.dat,0.10742804388658675,0.3306613226452906,1.4831992908165281e-08,1.3166409172996052e-08,0.13968911541532972,0.2326437546883721,0.23280099101507468,0.252635705427192,0.21984768707660896,0.2016225004871007,-0.11197115239251333,-0.04905745497929517,-0.07022767274928586,-0.013718276652780637,0.006718513684501576,-0.0002852284190434373
sample_119,False,ok,multi_seed_output\seed_1_S302109584\airfoils\sample_119.dat,0.09505840854301989,0.344689378757515,1.4831992908165281e-08,1.3166409172996052e-08,0.12353823502445432,0.23192810916962467,0.25360666348868416,0.13252632055421157,0.200881767352122,0.1385486589641946,-0.05049210573133771,-0.014859693452089304,-0.0591793579283707,-0.04131711410861588,-0.05853826387363166,0.04285036212921514
sample_120,False,ok,multi_seed_output\seed_1_S302109584\airfoils\sample_120.dat,0.10672168299941111,0.374749498997996,1.4831992908165281e-08,1.3166409172996052e-08,0.15194460486480577,0.25776321913714517,0.2534305773696247,0.18204415106441613,0.18117980475499643,0.22385686160170132,-0.051423721779047346,0.0005158923520896114,-0.07260030704540754,-0.08960121567428153,-0.08391828726065204,0.010792383220011775
sample_121,False,ok,multi_seed_output\seed_1_S302109584\airfoils\sample_121.dat,0.10523653388432727,0.23246492985971942,1.4831992908165281e-08,1.3166409172996052e-08,0.22739170901354144,0.26923762192540657,0.17775125786647863,0.21181838841700673,0.1659126092392244,0.16116123758267453,-0.06335829629266518,-0.09174610282905013,7.772822594501183e-05,0.004632654655857285,-0.05504653584036829,0.027116864884533867
sample_122,False,ok,multi_seed_output\seed_1_S302109584\airfoils\sample_122.dat,0.09747696080234922,0.23847695390781562,1.4831992908165281e-08,1.3166409172996052e-08,0.17906396839274466,0.27158631238525777,0.179294418624733,0.1259293600334212,0.20161660616376628,0.20753923402225694,-0.14144784418014433,-0.0005589973770689927,-0.022728153024325404,-0.09411002482899136,-0.012179662020013901,-0.08509072370037161
sample_123,False,ok,multi_seed_output\seed_1_S302109584\airfoils\sample_123.dat,0.0967392945382841,0.4228456913827655,1.4831992908165281e-08,1.3166409172996052e-08,0.13956225028790603,0.15937689816032558,0.2565935575139085,0.1942107275995969,0.23147362141922798,0.12098254462767573,-0.06882039543694786,-0.011029162169313114,-0.057683986417253225,-0.06021964631654156,-0.08960217955841274,-0.0801669701293431
sample_124,False,ok,multi_seed_output\seed_1_S302109584\airfoils\sample_124.dat,0.0785408043232731,0.2665330661322645,1.4831992908165281e-08,1.3166409172996052e-08,0.10846768240219866,0.23838899483048637,0.14894909237220044,0.1343024548481635,0.14240630028135048,0.2096513887258747,-0.09999060697168585,-0.016752634399389288,-0.0020899454574275778,-0.0441475890823721,-0.07196220547535181,0.0037297594830899145
sample_125,False,ok,multi_seed_output\seed_1_S302109584\airfoils\sample_125.dat,0.0769805816752468,0.2665330661322645,1.4831992908165281e-08,1.3166409172996052e-08,0.16337447478573683,0.22266066348618474,0.19058600802102216,0.15697928504449948,0.11777334408354792,0.18003609468049242,-0.05655632545182365,0.0029718349563686575,0.0011844408071965545,0.0015621241459478769,-0.02883395030826233,-1.3679308240713284e-05
sample_126,False,ok,multi_seed_output\seed_1_S302109584\airfoils\sample_126.dat,0.09039315061868869,0.3166332665330661,1.4831992908165281e-08,1.3166409172996052e-08,0.1272539662215948,0.22599862791778103,0.250012424290765,0.16602703646530972,0.2064191360168162,0.2163733475573378,-0.07486972039838959,-0.03202605201271594,0.0009799710752351753,-0.024967767848710923,-0.006801852041239231,0.04093319600576498
sample_127,False,ok,multi_seed_output\seed_1_S302109584\airfoils\sample_127.dat,0.10110419847612487,0.280561122244489,1.4831992908165281e-08,1.3166409172996052e-08,0.1555978687527667,0.17133044873851494,0.2736270304084367,0.12574025272205155,0.11244659057104035,0.09534765624745686,-0.1443259340646148,-0.08747000833092536,-0.0011066012317828,-0.09428239743301885,-0.08625366347563285,0.012457825934634431
sample_128,False,ok,multi_seed_output\seed_1_S302109584\airfoils\sample_128.dat,0.09612186811758945,0.2945891783567134,1.4831992908165281e-08,1.3166409172996052e-08,0.18150415326327501,0.2475600298053174,0.206766904197233,0.20311574845823344,0.12336340975748365,0.1516534830504312,-0.062005939607995456,-0.04517057446298514,0.005284293214226882,-0.08805761929270199,0.00897678733202878,0.013348709254451543
sample_129,False,ok,multi_seed_output\seed_1_S302109584\airfoils\sample_129.dat,0.08119534250064386,0.3306613226452906,1.4831992908165281e-08,1.3166409172996052e-08,0.10731106861435148,0.2222903863100224,0.19563393035695964,0.2280783626969528,0.13717173839295693,0.20911631502511027,-0.04103715431230906,-0.03772149467575284,0.00858479866077512,0.016489504615720754,-0.06834469894333246,-0.023768081071528974
sample_130,False,ok,multi_seed_output\seed_1_S302109584\airfoils\sample_130.dat,0.10951159790300125,0.22645290581162322,1.4831992908165281e-08,1.3166409172996052e-08,0.2331916601976917,0.18532490241258562,0.1917065595299582,0.21447251233767145,0.1986632630722865,0.18232517664503262,-0.14181967049308,-0.10545901733491435,-0.05264195296924514,-0.0064863376095782715,-0.023832878456599427,-0.04570474834070156
sample_131,False,ok,multi_seed_output\seed_1_S302109584\airfoils\sample_131.dat,0.09326994799031277,0.3607214428857715,1.4831992908165281e-08,1.3166409172996052e-08,0.12436562834937244,0.22620204069252167,0.15558745580486513,0.19874513083712614,0.20520759421117576,0.1387238995707225,-0.08919958407702294,-0.007200913673934772,-0.09220937673402559,-0.08985935744190957,0.03442754333314198,-0.020198834580507558
sample_132,False,ok,multi_seed_output\seed_1_S302109584\airfoils\sample_132.dat,0.09167661617796857,0.2665330661322645,1.4831992908165281e-08,1.3166409172996052e-08,0.12483767281698831,0.22418937232430874,0.15184181974301586,0.19975769482076514,0.17678079290860924,0.10913703442945612,-0.11484543549550003,-0.06794186290055018,-0.04024514392642067,-0.01479042700403116,0.03416803739847597,-0.05258616078581343
sample_133,False,ok,multi_seed_output\seed_1_S302109584\airfoils\sample_133.dat,0.09053956814780342,0.18236472945891782,1.4831992908165281e-08,1.3166409172996052e-08,0.204132980970098,0.21464718232383365,0.15615470114846758,0.15682893673073123,0.1403371740388131,0.1914424642935552,-0.1339294668095705,-0.03268456578898993,-0.0007302914511351927,0.02238190025159277,-0.07593610907055007,0.00821802470230458
sample_134,False,ok,multi_seed_output\seed_1_S302109584\airfoils\sample_134.dat,0.08854062208501584,0.30260521042084165,1.4831992908165281e-08,1.3166409172996052e-08,0.15355556041728574,0.1729400053931614,0.250754197714501,0.12851426853690726,0.1630770352908649,0.10269837548954242,-0.024771285476905602,-0.09506346492838598,-0.012195074899470415,0.009912878512830542,-0.09336741023004196,-0.022079191869192313
sample_135,False,ok,multi_seed_output\seed_1_S302109584\airfoils\sample_135.dat,0.09649628080974458,0.280561122244489,1.4831992908165281e-08,1.3166409172996052e-08,0.20250159730695003,0.16061106076978393,0.22211597368030467,0.1543833083243364,0.13613595973037254,0.22158439273004943,-0.07002492829887988,-0.07507801035344454,-0.09840839251303227,0.0307739819796186,-0.023603305333522423,-0.05811294258358064
sample_136,False,ok,multi_seed_output\seed_1_S302109584\airfoils\sample_136.dat,0.10250041619307176,0.3607214428857715,1.4831992908165281e-08,1.3166409172996052e-08,0.16594750041821996,0.1471702395188494,0.2420877084948067,0.20176282657805444,0.12854193300345995,0.14797243372189423,-0.1023980844750481,-0.06389590968223785,-0.07805829565084878,-0.07719872107720253,-0.08257870140639306,-0.009650950659606375
sample_137,False,ok,multi_seed_output\seed_1_S302109584\airfoils\sample_137.dat,0.08658732436940472,0.3006012024048096,1.4831992908165281e-08,1.3166409172996052e-08,0.16044986504166547,0.16830204395180692,0.1872993778037655,0.21421485045366817,0.11268122929183748,0.13478382355407925,-0.13748719328119333,-0.004402794513809552,-0.07074008235111998,-0.01589832514211517,0.00807560135159667,-0.07182030882424352
sample_138,False,ok,multi_seed_output\seed_1_S302109584\airfoils\sample_138.dat,0.10561516009429074,0.39679358717434865,1.4831992908165281e-08,1.3166409172996052e-08,0.1729694610609651,0.15627501368495814,0.2687394861173146,0.20005488497970003,0.22894419424953188,0.2056009445054905,-0.10022227340594675,-0.023343302173249647,-0.09626342913615125,-0.04883488681732811,-0.08495894778514554,-0.07868443755256926
sample_139,False,ok,multi_seed_output\seed_1_S302109584\airfoils\sample_139.dat,0.11220280583432404,0.25851703406813625,1.4831992908165281e-08,1.3166409172996052e-08,0.16776605383014737,0.26500850063015424,0.2542566397657349,0.14023416676153144,0.1116621517373641,0.13966177859511797,-0.09463373585408111,-0.09561782483946565,-0.05680086029687747,0.032396396733925595,-0.05791067825859519,0.04240400929054844
sample_140,False,ok,multi_seed_output\seed_1_S302109584\airfoils\sample_140.dat,0.09537704607991233,0.22444889779559116,1.4831992908165281e-08,1.3166409172996052e-08,0.215967813798925,0.22947336874777644,0.17089140067214123,0.15777690413212592,0.217170322876865,0.1040860615422112,-0.09064689005437787,-0.04758088151890659,-0.04291781184283909,0.032345243846128455,-0.009553130698601697,-0.020715306404668593
sample_141,False,ok,multi_seed_output\seed_1_S302109584\airfoils\sample_141.dat,0.10072682003359285,0.30260521042084165,1.4831992908165281e-08,1.3166409172996052e-08,0.15853431343753058,0.24161076827273054,0.18749295944395133,0.1335389294625701,0.10585930686870723,0.17037652428540412,-0.02995613322485785,-0.07657666785906203,-0.08589184852274832,-0.07745742567492404,-0.018472015846302217,-0.07248873340175907
sample_142,False,ok,multi_seed_output\seed_1_S302109584\airfoils\sample_142.dat,0.09312199930724843,0.30861723446893785,1.4831992908165281e-08,1.3166409172996052e-08,0.22929747741330647,0.2138847134423308,0.22701914579807803,0.14521854237522341,0.1910465140531833,0.19546159349553832,-0.048109138341740715,-0.011855436341256867,-0.02958756721218196,-0.06442181290529872,-0.06480099631834396,-0.0841649061179826
sample_143,False,ok,multi_seed_output\seed_1_S302109584\airfoils\sample_143.dat,0.08917222766559957,0.3386773547094188,1.4831992908165281e-08,1.3166409172996052e-08,0.1444311194140127,0.21100303762980346,0.1745497733472179,0.21014147105925518,0.10908697328959338,0.15737256251103654,-0.08544749277737491,0.008887281600095748,-0.09771295081926488,-0.021599756101493284,-0.050929933024240655,0.044523656520097765
sample_144,False,ok,multi_seed_output\seed_1_S302109584\airfoils\sample_144.dat,0.10987451635165699,0.3226452905811623,1.4831992908165281e-08,1.3166409172996052e-08,0.2329296660174758,0.1846893273417129,0.25908750169203787,0.2266586452830402,0.1635874009339093,0.09757809994071563,-0.14030091694057056,-0.040528382539667326,-0.04194430511925183,-0.09077463504525125,-0.09149400250314321,0.03810209790317211
sample_145,False,ok,multi_seed_output\seed_1_S302109584\airfoils\sample_145.dat,0.09836696237474767,0.34669338677354705,1.4831992908165281e-08,1.3166409172996052e-08,0.13120951620539822,0.2303808543141333,0.2063693238403671,0.23426613388816703,0.21474454550836186,0.16630152053121305,-0.0489676568291062,-0.040804203083973103,-0.07647144712728213,-0.006115230330840604,0.002956802701339162,-0.054450463471838795
sample_146,False,ok,multi_seed_output\seed_1_S302109584\airfoils\sample_146.dat,0.08618278882965116,0.3366733466933867,1.4831992908165281e-08,1.3166409172996052e-08,0.22175756627354848,0.14884188077474175,0.15860888090706213,0.1848741388930164,0.148274651877181,0.1908820983939346,-0.03370369693961976,-0.0465922836454169,-0.07522261761030223,-0.06498214297656726,-0.01759265665829221,-0.05076039310792966
sample_147,False,ok,multi_seed_output\seed_1_S302109584\airfoils\sample_147.dat,0.08976325272120951,0.31462925851703405,1.4831992908165281e-08,1.3166409172996052e-08,0.17680856183104005,0.16040486024902592,0.1911676078456394,0.17858039741277054,0.19330396430745672,0.10487957694979458,-0.04342413476324751,-0.08042610830969323,-0.06957680680994204,0.011915491476356913,-0.06695550551407697,-0.01816406019728621
sample_148,False,ok,multi_seed_output\seed_1_S302109584\airfoils\sample_148.dat,0.0996255550729144,0.25851703406813625,1.4831992908165281e-08,1.3166409172996052e-08,0.21847511732999925,0.19756236572823557,0.2212721186926342,0.13347079188593564,0.11513136635976995,0.19467881822633099,-0.0772828382157706,-0.06931999335019264,-0.05469603171981469,-0.03849963868843173,-0.003985819112316172,0.01923848908188608
sample_149,False,ok,multi_seed_output\seed_1_S302109584\airfoils\sample_149.dat,0.0995551137822714,0.3166332665330661,1.4831992908165281e-08,1.3166409172996052e-08,0.14640375527781538,0.2202364380827096,0.1917745778273135,0.18587001367261524,0.15976147811767719,0.20256814407469925,-0.057841811724701986,-0.06085951659314583,-0.09972936987342895,-0.030782829595490155,0.001587563961138308,0.013157615601247175
sample_150,False,ok,multi_seed_output\seed_1_S302109584\airfoils\sample_150.dat,0.09388756537351589,0.26452905811623245,1.4831992908165281e-08,1.3166409172996052e-08,0.15549130474995118,0.19530847425006476,0.2400116012435165,0.1346638792114081,0.14251074606855646,0.2104641421654029,-0.10903139977095642,-0.06321177885721836,-0.031810651608941046,0.019531697527796488,-0.06958519001067284,0.03526317854728099
sample_151,False,ok,multi_seed_output\seed_1_S302109584\airfoils\sample_151.dat,0.10743057501114206,0.280561122244489,1.4831992908165281e-08,1.3166409172996052e-08,0.17475263118424622,0.2671078381024959,0.2444861964433064,0.12908377004446342,0.22905104164256612,0.13506468932069005,-0.08235230351155691,-0.05759160322547252,-0.05181680239058503,-0.013817365177585639,-0.08229642381366095,0.01040552316184852
sample_152,False,ok,multi_seed_output\seed_1_S302109584\airfoils\sample_152.dat,0.09386751010077264,0.3306613226452906,1.4831992908165281e-08,1.3166409172996052e-08,0.134527808371087,0.24400133340785962,0.18618599169975442,0.24046324103373018,0.2117102834607364,0.14062955877272632,-0.12450914756318948,-0.007946586206209527,-0.027161776798515433,-0.03205247393939234,-0.053896302246545943,-0.050275099813568036
sample_153,False,ok,multi_seed_output\seed_1_S302109584\airfoils\sample_153.dat,0.07602740298417451,0.35871743486973945,1.4831992908165281e-08,1.3166409172996052e-08,0.14432160893937557,0.2251223184254561,0.16367987711396,0.2532954722807631,0.18153630730815182,0.13612107638764434,-0.03281313850999307,0.011697065475197027,0.0027795973606802027,-0.012958860166297811,0.03375071534278028,-0.034111176330051514
sample_154,False,ok,multi_seed_output\seed_1_S302109584\airfoils\sample_154.dat,0.08143850985845767,0.38276553106212424,1.4831992908165281e-08,1.3166409172996052e-08,0.10997881101340558,0.1888644434972449,0.1639179023349194,0.23022030979345162,0.17390006708584282,0.10942111510630402,-0.03148592193452204,-0.01404110380380956,-0.07060252431244357,-0.0012974922478703466,-0.018778759251297433,-0.03710519539164589
sample_155,False,ok,multi_seed_output\seed_1_S302109584\airfoils\sample_155.dat,0.08637356954349906,0.2865731462925851,1.4831992908165281e-08,1.3166409172996052e-08,0.21316313117291447,0.21691604305666506,0.20946457783443684,0.12672537492457503,0.2097395018371786,0.09952498555181372,-0.06222619401357432,0.0062338909945872795,-0.013494094636825882,-0.0901880475248454,0.030281143872573343,-0.04088570892551616
sample_156,False,ok,multi_seed_output\seed_1_S302109584\airfoils\sample_156.dat,0.10192212707075717,0.2725450901803607,1.4831992908165281e-08,1.3166409172996052e-08,0.15698838170700796,0.25953577350252566,0.2119987459244172,0.20137822320510956,0.19950080431522949,0.10818264951082802,-0.07471340496338552,-0.08287721178016519,-0.0214938262956494,0.023557970606259457,-0.02059676277321823,-0.07201437686041062
sample_157,False,ok,multi_seed_output\seed_1_S302109584\airfoils\sample_157.dat,0.10197348168479257,0.3306613226452906,1.4831992908165281e-08,1.3166409172996052e-08,0.11457343975581032,0.2663831747408158,0.24762604076836564,0.13834801136194252,0.10697286203005643,0.15294937328486302,-0.07025998190989063,0.0008985221017413225,-0.09056516292348535,-0.09160502827326264,0.026887460078128603,-0.018047855170363003
sample_158,False,ok,multi_seed_output\seed_1_S302109584\airfoils\sample_158.dat,0.1099865771818957,0.26452905811623245,1.4831992908165281e-08,1.3166409172996052e-08,0.21854328592431324,0.2222398867814629,0.18789354377526796,0.19794085516029175,0.1713158081972792,0.1664585024886052,-0.08600563260515413,-0.10069202008779857,-0.0868426977100452,0.007161649630006761,-0.07805790325287908,0.0193550664676405
sample_159,False,ok,multi_seed_output\seed_1_S302109584\airfoils\sample_159.dat,0.11014301402160159,0.3166332665330661,1.4831992908165281e-08,1.3166409172996052e-08,0.10740868460332284,0.2547447094310103,0.25359227463776707,0.2215257825194305,0.18875910364096266,0.17230196425845448,-0.11145277938012468,-0.07108634494279892,-0.055213921761524676,-0.0030150564780974803,-0.06359553239174999,-0.008282482495733517
sample_160,False,ok,multi_seed_output\seed_1_S302109584\airfoils\sample_160.dat,0.10131136683318628,0.3366733466933867,1.4831992908165281e-08,1.3166409172996052e-08,0.1838359550562563,0.15944448090585298,0.23747694858079196,0.24994173118993387,0.15770451497709015,0.21714955751150616,-0.11459888749376773,-0.043617119031689425,-0.08693855148697495,-0.008499334306931297,-8.243558332014789e-05,-0.08003219960298806
sample_161,False,ok,multi_seed_output\seed_1_S302109584\airfoils\sample_161.dat,0.10986822474345363,0.23847695390781562,1.4831992908165281e-08,1.3166409172996052e-08,0.202236041405624,0.24442918855547924,0.231889876506434,0.17842603913970984,0.14970340396275394,0.12333319680967268,-0.13714974247976186,-0.07936786600259814,0.004290382711276408,-0.07425457898681441,0.028687033925297784,-0.07393582843285743
sample_162,False,ok,multi_seed_output\seed_1_S302109584\airfoils\sample_162.dat,0.09177968581957147,0.3987975951903807,1.4831992908165281e-08,1.3166409172996052e-08,0.15220488405349766,0.18640496707917442,0.24755622218748558,0.20410163441816173,0.15600835139497202,0.14148488510829993,-0.0442338331203497,-0.017516565016659352,-0.005260730506950334,-0.0878626076971534,-0.07243302588756129,-0.009158237881777331
sample_163,False,ok,multi_seed_output\seed_1_S302109584\airfoils\sample_163.dat,0.08318332682042831,0.25250501002004005,1.4831992908165281e-08,1.3166409172996052e-08,0.1531540775709088,0.17270165260990775,0.16908045317098067,0.19276331389914514,0.17251463872365722,0.09630368354364756,-0.06977505122545989,-0.095253921687258,-0.004094147684861715,0.026319399014707395,-0.003575663452207431,0.04259961170930068
sample_164,False,ok,multi_seed_output\seed_1_S302109584\airfoils\sample_164.dat,0.07606303731166776,0.3166332665330661,1.4831992908165281e-08,1.3166409172996052e-08,0.14191116554744757,0.2095217719224082,0.19242425496148882,0.16297734510299083,0.21501624282228943,0.13898768497842773,-0.03793544370161804,-0.009812854106650767,0.0005012005852231965,-0.0188430183489737,0.02893960040694632,-0.028369838206689806
sample_165,False,ok,multi_seed_output\seed_1_S302109584\airfoils\sample_165.dat,0.09882288038693139,0.25250501002004005,1.4831992908165281e-08,1.3166409172996052e-08,0.21497791296588575,0.20601769348947332,0.15095751145497865,0.16987985714123807,0.1819859825523239,0.13249186794999612,-0.06164770070379309,-0.0879052407571208,-0.09732155927727061,0.03134846055630287,-0.08164744460987583,0.02819175213176217
sample_166,False,ok,multi_seed_output\seed_1_S302109584\airfoils\sample_166.dat,0.11244639341216367,0.2785571142284569,1.4831992908165281e-08,1.3166409172996052e-08,0.22300436495304504,0.26088910140920407,0.23090408743612673,0.15798292958666926,0.21094256942041792,0.1998702021823151,-0.11330823487777902,-0.027279597496980737,-0.08376025310620402,-0.04311623536723096,-0.07058481345843728,-0.06917469032674087
sample_167,False,ok,multi_seed_output\seed_1_S302109584\airfoils\sample_167.dat,0.0924571154630289,0.3366733466933867,1.4831992908165281e-08,1.3166409172996052e-08,0.14764941646913643,0.15899570426649315,0.2685500435384154,0.19737188342625847,0.21201147606541643,0.14514814289523173,-0.03362584467837561,-0.11072461675819262,0.022505610550229038,-0.02286187060498901,-0.019526409773911763,-0.040312662274504515
sample_168,False,ok,multi_seed_output\seed_1_S302109584\airfoils\sample_168.dat,0.09134343622581237,0.30861723446893785,1.4831992908165281e-08,1.3166409172996052e-08,0.1667354823496137,0.18622517072888528,0.15579550037542658,0.24084493484126995,0.22051628686185282,0.1546509273502393,-0.04438998968090278,-0.10047771531875582,-0.03974680093698178,0.0013185897737632707,-0.02701972925348274,0.0077118439655979865
sample_169,False,ok,multi_seed_output\seed_1_S302109584\airfoils\sample_169.dat,0.0933673441121685,0.35270541082164325,1.4831992908165281e-08,1.3166409172996052e-08,0.1402879584360858,0.22867910167678548,0.22971132322939886,0.1709714879915778,0.2280130709735616,0.1485477624871458,-0.033293744767778355,-0.04310106269394669,-0.017934253447133883,-0.048337336420097826,-0.052014044814700254,-0.05614900600589236
sample_170,False,ok,multi_seed_output\seed_1_S302109584\airfoils\sample_170.dat,0.08777825844742478,0.2725450901803607,1.4831992908165281e-08,1.3166409172996052e-08,0.10646622201570909,0.25627710743651994,0.15323601130468928,0.1991258986591676,0.20073963463097116,0.13127400268021627,-0.1331412423048558,-0.014980721641486172,-0.022396361047544472,-0.025078446813457805,-0.013515937566020209,-0.04370245989589397
sample_171,False,ok,multi_seed_output\seed_1_S302109584\airfoils\sample_171.dat,0.08948049753800975,0.2745490981963928,1.4831992908165281e-08,1.3166409172996052e-08,0.15684084359359168,0.2223736239705101,0.1676564325875655,0.19631668279036413,0.14331116625646842,0.1475135102947356,-0.07415111200294189,-0.06696028280072008,-0.002480737092685731,-0.03437899495430694,-0.08227608137204878,-0.015124333382945332
sample_172,False,ok,multi_seed_output\seed_1_S302109584\airfoils\sample_172.dat,0.0913046657595332,0.280561122244489,1.4831992908165281e-08,1.3166409172996052e-08,0.23257297623054257,0.23753551538731604,0.16265649858252956,0.18049562768158883,0.14946475604215076,0.19340935763212094,-0.05081056391070557,-0.012924026388407714,-0.024216622115419195,-0.0906195536648204,-0.06646083746514549,0.03322921243687656
sample_173,False,ok,multi_seed_output\seed_1_S302109584\airfoils\sample_173.dat,0.09974486087499385,0.2865731462925851,1.4831992908165281e-08,1.3166409172996052e-08,0.12406881014082696,0.2513946029761966,0.17642102756585057,0.20558637850533806,0.11312708758489183,0.2095267863705078,-0.10339371006560968,-0.07267172572985794,-0.034472241584850474,-0.07567732471383279,0.0345157243194545,0.017677743904712467
sample_174,False,ok,multi_seed_output\seed_1_S302109584\airfoils\sample_174.dat,0.10005249472209793,0.2124248496993988,1.4831992908165281e-08,1.3166409172996052e-08,0.23270089457218537,0.20240571690231943,0.15737178197011617,0.14673451751982156,0.1542822274052602,0.1472398310606315,-0.11516482042472156,-0.07143525838555634,-0.046986503117682904,-0.05040601805277963,-0.028141270805533733,-0.065766494666573
sample_175,False,ok,multi_seed_output\seed_1_S302109584\airfoils\sample_175.dat,0.07377087164986494,0.2945891783567134,1.4831992908165281e-08,1.3166409172996052e-08,0.13704340843292717,0.2601881146517263,0.1475732574540647,0.1827166495828442,0.1861599509525635,0.12895198162010474,-0.022103891974425333,-0.0017692402181195416,0.024135269108139026,-0.009779382201747677,-0.07899455989129477,0.03451640616481566
sample_176,False,ok,multi_seed_output\seed_1_S302109584\airfoils\sample_176.dat,0.09706641508373332,0.2945891783567134,1.4831992908165281e-08,1.3166409172996052e-08,0.20611411064230845,0.25943721363070565,0.20594796819252123,0.24658267825352292,0.15755695389141705,0.1638356158279735,-0.052507728236511536,-0.03129225388209339,0.007035714004801463,-0.02803729775011092,-0.08041547975360247,-0.047842475060247726
sample_177,False,ok,multi_seed_output\seed_1_S302109584\airfoils\sample_177.dat,0.10227732073784525,0.23847695390781562,1.4831992908165281e-08,1.3166409172996052e-08,0.21405010783562234,0.21380874263821878,0.20697001254839725,0.16390347895694823,0.22934659023604123,0.11683375173988834,-0.07845526568191404,-0.11347369876798087,-0.00803842454708692,0.019467306284373653,-0.05006136267696668,0.020740351639441573
sample_178,False,ok,multi_seed_output\seed_1_S302109584\airfoils\sample_178.dat,0.10342489851399664,0.24649298597194386,1.4831992908165281e-08,1.3166409172996052e-08,0.18655937977089704,0.27380183091729404,0.24420852268777968,0.12885545681525495,0.14858840996271483,0.10114832919586457,-0.11876340063633312,-0.026765120142839396,-0.007840556192155498,-0.052023655784174866,0.015959149062610173,-0.0615356848108964
sample_179,False,ok,multi_seed_output\seed_1_S302109584\airfoils\sample_179.dat,0.0809117602962686,0.22645290581162322,1.4831992908165281e-08,1.3166409172996052e-08,0.13803159651529157,0.16924813736984967,0.2339449577790111,0.1412040399475038,0.10353857627676201,0.12858620335643597,-0.12921234661288883,-0.045922765082292274,0.023765247486909127,0.03221628215651624,0.0072413384765279976,-0.07032909673892312
sample_180,False,ok,multi_seed_output\seed_1_S302109584\airfoils\sample_180.dat,0.08812111990561966,0.2745490981963928,1.4831992908165281e-08,1.3166409172996052e-08,0.19926545238903426,0.2660271286427368,0.1960810301224628,0.2343542480028805,0.1919494371378339,0.2202479143047384,-0.04764475961892081,0.004599528240237266,0.0033301641032403295,0.031146236418019904,-0.04313971397844792,-0.022493273099307404
sample_181,False,ok,multi_seed_output\seed_1_S302109584\airfoils\sample_181.dat,0.09198634630856145,0.3226452905811623,1.4831992908165281e-08,1.3166409172996052e-08,0.20692001485701852,0.18558556028833517,0.18206386632424976,0.1902937013237216,0.11471997098988347,0.14264041740716976,-0.08970334180147496,-0.0037697946760804207,-0.08638976268160121,-0.06940673455994562,-0.026240023011394678,0.016228100989472916
sample_182,False,ok,multi_seed_output\seed_1_S302109584\airfoils\sample_182.dat,0.08538546634351665,0.3006012024048096,1.4831992908165281e-08,1.3166409172996052e-08,0.20786862804312572,0.18446872263766476,0.1779940694302366,0.17528817506614852,0.11536702462560527,0.12404577455332443,-0.04172146661631926,-0.027043590729295325,-0.05098269525428153,-0.05506037491125634,0.011683542905338157,-0.07458857575030278
sample_183,False,ok,multi_seed_output\seed_1_S302109584\airfoils\sample_183.dat,0.11373742905908485,0.30861723446893785,1.4831992908165281e-08,1.3166409172996052e-08,0.21696656704341966,0.2215604806493613,0.2663536569880709,0.22884658283223172,0.18800668773287482,0.1904232817137082,-0.09492253352160679,-0.07441507860076416,-0.027663842860545518,-0.08254161705557204,0.012484367217212244,-0.05688030484873578
sample_184,False,ok,multi_seed_output\seed_1_S302109584\airfoils\sample_184.dat,0.1231500217655567,0.2665330661322645,1.4831992908165281e-08,1.3166409172996052e-08,0.20201300788402513,0.24311081773036902,0.22072882840319236,0.2143664234326944,0.12015923463497223,0.22283596916729073,-0.14343676054073484,-0.1085289949755192,-0.08881603572245271,-0.05589411188013983,0.03197394933758181,-0.029287956931376202
sample_185,False,ok,multi_seed_output\seed_1_S302109584\airfoils\sample_185.dat,0.10892153153721192,0.3246492985971944,1.4831992908165281e-08,1.3166409172996052e-08,0.17635198167003807,0.213246185658402,0.24042459036276603,0.2192377463679692,0.1645539005885262,0.21143537437088097,-0.13407915505899354,-0.03355381633897016,-0.0870645676757234,-0.038243751638605994,-0.06953260132381377,-0.01948353558884265
sample_186,False,ok,multi_seed_output\seed_1_S302109584\airfoils\sample_186.dat,0.09742996303275042,0.25851703406813625,1.4831992908165281e-08,1.3166409172996052e-08,0.1878614126277352,0.15662266643417924,0.17547516934635943,0.1503607396331111,0.140198327473511,0.14827522696588769,-0.11776700767247428,-0.10210536401786699,-0.06279137779454019,-0.07279984015662656,-0.009593199967566232,-0.07047306655743138
sample_187,False,ok,multi_seed_output\seed_1_S302109584\airfoils\sample_187.dat,0.09924058385504742,0.3306613226452906,1.4831992908165281e-08,1.3166409172996052e-08,0.1126573784137534,0.2142128916682722,0.20413303210483452,0.23367460039163204,0.18515769255876854,0.10389609967397812,-0.05317114055788409,-0.09122609882198496,-0.07096041461455171,0.022671561820007027,-0.04694912138624047,-0.03403832101733001
sample_188,False,ok,multi_seed_output\seed_1_S302109584\airfoils\sample_188.dat,0.09045525110236305,0.2925851703406813,1.4831992908165281e-08,1.3166409172996052e-08,0.22417208040601455,0.1565581422941712,0.19533520567283633,0.2307495410156568,0.1023692133411223,0.12452058039720748,-0.028225489218488817,-0.1071931051060031,0.012145812097975453,-0.04870076853835807,-0.060867556154108465,-0.005374831686619216
sample_189,False,ok,multi_seed_output\seed_1_S302109584\airfoils\sample_189.dat,0.1065598501511108,0.2725450901803607,1.4831992908165281e-08,1.3166409172996052e-08,0.17871334446130982,0.26986642716042936,0.2485661477395556,0.1506000216496336,0.22289566574477046,0.12411833192553666,-0.10725894334222022,-0.05669425193182095,0.013343273192383834,-0.08055415237765398,-0.04550895028846744,-0.07358025874984234
sample_190,False,ok,multi_seed_output\seed_1_S302109584\airfoils\sample_190.dat,0.09594374786305182,0.3226452905811623,1.4831992908165281e-08,1.3166409172996052e-08,0.15688949619934867,0.21187986742953546,0.2603033945304778,0.18646413214329233,0.10745079058118097,0.15013083419115625,-0.06084120205846354,-0.04568270114275581,-0.0166428891715302,-0.04355526018918568,-0.029311715237110972,-0.0775791212094466
sample_191,False,ok,multi_seed_output\seed_1_S302109584\airfoils\sample_191.dat,0.08390969634307659,0.4228456913827655,1.4831992908165281e-08,1.3166409172996052e-08,0.17320910763642522,0.17805224308809442,0.21188185464438553,0.19962954948496747,0.22415180884620073,0.15140906976935284,-0.06716951322269926,0.008940891243906443,0.010601331760201907,-0.0963418505161005,-0.016408064675261236,-0.04057763606558144
sample_192,False,ok,multi_seed_output\seed_1_S302109584\airfoils\sample_192.dat,0.10687455540031471,0.30260521042084165,1.4831992908165281e-08,1.3166409172996052e-08,0.12075928167757616,0.2582085509857948,0.17921197917947082,0.1779337848382078,0.1443730515783209,0.11371343843844389,-0.13477963836626025,-0.06350943343341124,-0.06902358840476067,-0.09516874711313959,-0.091938027409764,-0.07583171733169092
sample_193,False,ok,multi_seed_output\seed_1_S302109584\airfoils\sample_193.dat,0.1019740347257041,0.23246492985971942,1.4831992908165281e-08,1.3166409172996052e-08,0.22824106176131176,0.2518804096700487,0.18031935479340247,0.21031317713554204,0.20314434545718218,0.14015934321763873,-0.08659211821315428,-0.06830636827758649,0.016391974753228275,-0.05906551138596969,-0.01609433570098344,0.006085492261663494
sample_194,False,ok,multi_seed_output\seed_1_S302109584\airfoils\sample_194.dat,0.09834011106006638,0.2885771543086172,1.4831992908165281e-08,1.3166409172996052e-08,0.20919706703320037,0.2542689921965684,0.23370822500092006,0.23332420893470213,0.10708002866170432,0.19829804219681074,-0.04147416777417351,-0.02245983456023165,-0.032737455910830354,0.018604693906596803,-0.014868595092558556,0.024379903052348648
sample_195,False,ok,multi_seed_output\seed_1_S302109584\airfoils\sample_195.dat,0.09636447054881056,0.30260521042084165,1.4831992908165281e-08,1.3166409172996052e-08,0.17198247805997907,0.1750787189359962,0.22416759870620767,0.16039789316104952,0.1431512006022615,0.2063518366434905,-0.14452301142629248,-0.033952656552661775,-0.05540993317063225,-0.06280854638822081,-0.08310635654516468,-0.04537558553862961
sample_196,False,ok,multi_seed_output\seed_1_S302109584\airfoils\sample_196.dat,0.08818134006613013,0.344689378757515,1.4831992908165281e-08,1.3166409172996052e-08,0.15260409926363833,0.17736922014711787,0.27355482034799206,0.21535224502120504,0.14654012874830244,0.11986475910709841,-0.08354730487302162,-0.011605289809632935,0.004024273496461242,-0.03686524241289619,0.03289796970963167,-0.06061024135840169
sample_197,False,ok,multi_seed_output\seed_1_S302109584\airfoils\sample_197.dat,0.08275485312373619,0.26452905811623245,1.4831992908165281e-08,1.3166409172996052e-08,0.1316251859488902,0.24501436176698388,0.1675009621943563,0.1328882646728878,0.1886804821539916,0.20155378968509152,-0.10219160536507621,0.013414111579285098,-0.06450668035383239,0.032118998173044436,-0.021998548153272873,-0.08210640909480317
sample_198,False,ok,multi_seed_output\seed_1_S302109584\airfoils\sample_198.dat,0.09679138008476298,0.3366733466933867,1.4831992908165281e-08,1.3166409172996052e-08,0.16122787504092234,0.24916249352085318,0.22462841586083637,0.17070760040324295,0.14379774964794917,0.2220919885464018,-0.06496594381759867,0.013572124950374048,-0.0831811609988799,-0.025184924099613343,-0.08291545602130657,-0.0732892550048166
sample_199,False,ok,multi_seed_output\seed_1_S302109584\airfoils\sample_199.dat,0.09301407631728531,0.3306613226452906,1.4831992908165281e-08,1.3166409172996052e-08,0.15054994454510107,0.26147636177390604,0.21458630853508046,0.19893707574286285,0.23102938891289257,0.20894326053303763,-0.05237226944849545,0.01099970931191846,-0.06010544770850863,0.0003374213674771226,0.033857291924646496,-0.08498014970467692
sample_200,False,ok,multi_seed_output\seed_1_S302109584\airfoils\sample_200.dat,0.08205085006694451,0.37675350701402804,1.4831992908165281e-08,1.3166409172996052e-08,0.12542736076815442,0.16913565073349204,0.18741991851380693,0.1736250170273505,0.20602505562568918,0.10210289928211924,-0.07286413380750376,-0.005985451726902097,-0.07087034618912041,-0.011746272759692783,-0.08055455883728185,-0.004857715563786988
sample_201,False,ok,multi_seed_output\seed_1_S302109584\airfoils\sample_201.dat,0.09264434670395466,0.374749498997996,1.4831992908165281e-08,1.3166409172996052e-08,0.17960716834266346,0.1481865486486435,0.16175263700825146,0.21321985662227871,0.18050635303959608,0.22046908381074862,-0.03845406010540878,-0.07725198622891807,-0.0915899340787022,-0.03529728536100316,-0.08441624957168237,-0.07986072457921074
sample_202,False,ok,multi_seed_output\seed_1_S302109584\airfoils\sample_202.dat,0.11194024854748365,0.3386773547094188,1.4831992908165281e-08,1.3166409172996052e-08,0.18993606116475906,0.2665953008648409,0.2632623533555725,0.20661457867350888,0.13600900583392678,0.2206181184733631,-0.09916505650343108,0.005286396106996605,-0.06739208579824282,-0.08619367518035936,-0.0710768130993179,-0.04962466107035072
sample_203,False,ok,multi_seed_output\seed_1_S302109584\airfoils\sample_203.dat,0.09600609476138852,0.3166332665330661,1.4831992908165281e-08,1.3166409172996052e-08,0.16476083614930803,0.21171898470373562,0.14603862288434913,0.1662639168065162,0.1737614455331309,0.18237821000711135,-0.025304327877535296,-0.09583513424127163,-0.07497215462473122,-0.08707113033661365,-0.007110915643935151,-0.03349253094739698
sample_204,False,ok,multi_seed_output\seed_1_S302109584\airfoils\sample_204.dat,0.09157383708594516,0.3386773547094188,1.4831992908165281e-08,1.3166409172996052e-08,0.12691460836362886,0.2240309688992673,0.1694066855949746,0.2208583464149832,0.21558972216611638,0.09489661321652963,-0.07551675918787654,-0.022326295131547547,-0.09376973854690375,0.032767280436339516,-0.07474140501071266,-0.05008463070294428
sample_205,False,ok,multi_seed_output\seed_1_S302109584\airfoils\sample_205.dat,0.10957086353663215,0.25851703406813625,1.4831992908165281e-08,1.3166409172996052e-08,0.20864166880189566,0.2270711622040852,0.17198760108194533,0.2350747914959807,0.1455072525824962,0.22302202588448175,-0.1389066966519922,-0.08689279452321652,-0.030253889702978,-0.09164528694078852,-0.0717274921601061,-0.07106863472438602
sample_206,False,ok,multi_seed_output\seed_1_S302109584\airfoils\sample_206.dat,0.10859468162001137,0.2865731462925851,1.4831992908165281e-08,1.3166409172996052e-08,0.11822320135927321,0.27273636098632,0.265290067991831,0.18507921305612243,0.11625030271452386,0.10446689885610047,-0.14265092893753697,-0.044257643402754426,-0.03891927077198622,-0.007685861440748162,-0.06350916026174387,-0.06823781613405965
sample_207,False,ok,multi_seed_output\seed_1_S302109584\airfoils\sample_207.dat,0.09067358088182312,0.3226452905811623,1.4831992908165281e-08,1.3166409172996052e-08,0.18427617248925754,0.24614350013735797,0.25850598988515705,0.16363284397450928,0.16713045936533744,0.20452711810818874,-0.03618491063740195,0.008751963691456754,0.0022548673599711716,-0.06288353632981902,0.024140349728176788,0.042914420111138774
sample_208,False,ok,multi_seed_output\seed_1_S302109584\airfoils\sample_208.dat,0.10031120983711048,0.344689378757515,1.4831992908165281e-08,1.3166409172996052e-08,0.1956214969295269,0.17014865574576934,0.22319761952210998,0.24035430912056327,0.22459324887341187,0.11331776311272118,-0.07480233905581173,-0.07370772915895493,-0.04155910116685466,-0.040149869748825576,-0.03607373633764617,-0.01863484566882044
sample_209,False,ok,multi_seed_output\seed_1_S302109584\airfoils\sample_209.dat,0.09507129609087321,0.38276553106212424,1.4831992908165281e-08,1.3166409172996052e-08,0.1309909983141782,0.16279686122562434,0.27424021762648476,0.18829399821516696,0.16245991726454004,0.22086465232838992,-0.09161492707370245,0.005988596431706739,-0.07139204318462598,-0.0740478050230308,0.03507468428433681,-0.01043747217955189
sample_210,False,ok,multi_seed_output\seed_1_S302109584\airfoils\sample_210.dat,0.09789308653192186,0.3246492985971944,1.4831992908165281e-08,1.3166409172996052e-08,0.14953938425689955,0.15773287794552004,0.24437114468670365,0.1631674972200124,0.13523916780900525,0.14603546170675755,-0.10819272084969817,-0.07521871939048519,-0.04555399147853816,-0.08974949739883584,-0.00259136514505115,-0.06783490478229576
sample_211,False,ok,multi_seed_output\seed_1_S302109584\airfoils\sample_211.dat,0.08947000520967219,0.2945891783567134,1.4831992908165281e-08,1.3166409172996052e-08,0.10953138233859915,0.15903972471358443,0.1838860019418122,0.1557829430803881,0.20181712887728365,0.14221742755322447,-0.08077838164750335,-0.10529775965630661,-0.08669320693636351,0.024355438371496924,0.0261757686964431,0.039335008159409865
sample_212,False,ok,multi_seed_output\seed_1_S302109584\airfoils\sample_212.dat,0.09994642760495925,0.344689378757515,1.4831992908165281e-08,1.3166409172996052e-08,0.23497901730350249,0.16125378366381327,0.24034153533510466,0.24227979122583393,0.11126179296737086,0.1831911491985635,-0.12204029182219225,0.0025496124703474204,-0.07106530915614845,-0.08136105592065689,0.022386739262062735,-0.03360457833767249
sample_213,False,ok,multi_seed_output\seed_1_S302109584\airfoils\sample_213.dat,0.10335230378843885,0.3226452905811623,1.4831992908165281e-08,1.3166409172996052e-08,0.13645313969548492,0.2523960213490915,0.1988271759287676,0.2506355565184878,0.14492848232425806,0.20997837038380204,-0.04304630419225999,-0.10630281481473439,0.003629523147188826,-0.08348551700245299,-0.017475204420652687,0.03222369972060225
sample_214,False,ok,multi_seed_output\seed_1_S302109584\airfoils\sample_214.dat,0.09147652949347365,0.2725450901803607,1.4831992908165281e-08,1.3166409172996052e-08,0.15183669010034756,0.14961913845356134,0.21178438098220556,0.16926785733682592,0.1408293219868711,0.22259839337188736,-0.10225726747893885,-0.11410431364954969,-0.011620361216772554,-0.03629084250411404,0.032639272810606204,-0.037838255904229436
sample_215,False,ok,multi_seed_output\seed_1_S302109584\airfoils\sample_215.dat,0.0989330281008419,0.2064128256513026,1.4831992908165281e-08,1.3166409172996052e-08,0.19996876060451058,0.18664893066190083,0.1779365337445711,0.2090022196487693,0.20035776591486926,0.18245885980618765,-0.14973313515509218,-0.09686660324407925,0.027718264492268482,-0.05834429392397666,0.005765582980199205,-0.024996529200406133
sample_216,False,ok,multi_seed_output\seed_1_S302109584\airfoils\sample_216.dat,0.09740312412267652,0.2925851703406813,1.4831992908165281e-08,1.3166409172996052e-08,0.19898327207630023,0.17946940814278192,0.2606112525216634,0.16084700910682184,0.1692225158474327,0.16264525804346902,-0.13688819519663506,-0.005047263244792169,-0.0647337804930774,-0.03299805565887816,0.009609650783922882,-0.03331366470325505
sample_217,False,ok,multi_seed_output\seed_1_S302109584\airfoils\sample_217.dat,0.0973028566457137,0.344689378757515,1.4831992908165281e-08,1.3166409172996052e-08,0.21660897108945487,0.1584710965541753,0.23649896948975707,0.2517847226327688,0.19660182968405837,0.16594191945186829,-0.10530756779731978,-0.054081934812057315,0.0069430097121813555,-0.0921276912459718,0.022809930121566097,-0.07732822665681346
sample_218,False,ok,multi_seed_output\seed_1_S302109584\airfoils\sample_218.dat,0.09178037716790174,0.3166332665330661,1.4831992908165281e-08,1.3166409172996052e-08,0.1238427898692813,0.23230938516829175,0.21272467279565815,0.14940372235574922,0.2028784621408491,0.22332007430423553,-0.11206272667869063,-0.029110546339211826,-0.006064065288480372,-0.07220350108988478,-0.07666731721005027,-0.03371242925738601
sample_219,False,ok,multi_seed_output\seed_1_S302109584\airfoils\sample_219.dat,0.08181841414546837,0.2725450901803607,1.4831992908165281e-08,1.3166409172996052e-08,0.11238841180677987,0.18969393531992645,0.199879904165196,0.1353056905805655,0.11186013866841296,0.141367348615237,-0.08219233987039432,-0.06422030196433223,-0.019070857822391568,0.012240200243723853,-0.03110571766422711,-0.019399285614305345
sample_220,False,ok,multi_seed_output\seed_1_S302109584\airfoils\sample_220.dat,0.10281958852214212,0.23246492985971942,1.4831992908165281e-08,1.3166409172996052e-08,0.22426718565733808,0.2633276315452402,0.16857075959954562,0.2389075079274082,0.14626591399489053,0.10542923378727839,-0.08629103528515837,-0.06547668857871171,0.0025183991799114513,-0.030034654219126142,-0.028441806369266617,0.030446546733119945
sample_221,False,ok,multi_seed_output\seed_1_S302109584\airfoils\sample_221.dat,0.08927849125914179,0.344689378757515,1.4831992908165281e-08,1.3166409172996052e-08,0.13886341961235832,0.20850934675353527,0.18040141470832283,0.24398908993266485,0.18679096230957337,0.19198744013210778,-0.12886243297015149,0.007811231155797349,-0.0570389495873001,-0.01769653324380903,-0.011556553828012073,-0.08189267419078779
sample_222,False,ok,multi_seed_output\seed_1_S302109584\airfoils\sample_222.dat,0.08630465316378955,0.17434869739478956,1.4831992908165281e-08,1.3166409172996052e-08,0.21624832089201987,0.15373734854204002,0.18110532127760354,0.15168354130518413,0.1580086697595561,0.1895015065785382,-0.13790839906792543,-0.03798577770928238,0.004132453652746018,-0.0016242180849817267,-0.09011130588099255,0.0251557549016945
sample_223,False,ok,multi_seed_output\seed_1_S302109584\airfoils\sample_223.dat,0.10217685172608088,0.2665330661322645,1.4831992908165281e-08,1.3166409172996052e-08,0.1966029206889689,0.21595870798454786,0.23168032246842485,0.16007780030105045,0.19109970221007827,0.16065001659939815,-0.12183245515736042,-0.042164974418662016,-0.04453590189694836,-0.05293741317741379,0.00728574148226456,0.04385365471164826
sample_224,False,ok,multi_seed_output\seed_1_S302109584\airfoils\sample_224.dat,0.09000884479614063,0.37675350701402804,1.4831992908165281e-08,1.3166409172996052e-08,0.16029127439885288,0.2347643330610019,0.14736661386605795,0.24750095741566525,0.15667346998993442,0.21946319723330177,-0.060865853388118646,-0.00023004300581327963,-0.04495941305191966,-0.08156057845023688,-0.02258451332178764,-0.04447444838215731
sample_225,False,ok,multi_seed_output\seed_1_S302109584\airfoils\sample_225.dat,0.09070848803352116,0.3386773547094188,1.4831992908165281e-08,1.3166409172996052e-08,0.11593674944774969,0.18487091299503433,0.18374902066474585,0.2117041635651614,0.10709362267133558,0.10869164509424449,-0.055728371137216,-0.05886725224837265,-0.09501238972483411,0.012447363536754727,-0.08577790475649716,0.03879494303091681
sample_226,False,ok,multi_seed_output\seed_1_S302109584\airfoils\sample_226.dat,0.08130310156947419,0.3226452905811623,1.4831992908165281e-08,1.3166409172996052e-08,0.13349250172616883,0.1900690412841623,0.24827762180979143,0.19216681114980017,0.15009469161177688,0.20025658516358213,-0.07202323270621107,-0.02169280602067425,0.021783880056731847,0.005634440158087853,-0.05280805810294405,0.019002311020251114
sample_227,False,ok,multi_seed_output\seed_1_S302109584\airfoils\sample_227.dat,0.10396914990181727,0.3166332665330661,1.4831992908165281e-08,1.3166409172996052e-08,0.15251055548510042,0.17727645555437488,0.2558633211838416,0.23130425576499197,0.1456925778678029,0.15479797134318865,-0.10956026960839946,-0.09365443932030756,-0.031719084396175504,-0.04048649562162545,0.0033187236733288605,-0.03257848966116689
sample_228,False,ok,multi_seed_output\seed_1_S302109584\airfoils\sample_228.dat,0.10129633651405866,0.3386773547094188,1.4831992908165281e-08,1.3166409172996052e-08,0.12764430562628945,0.23988434146778984,0.25985656191983564,0.1609386993973601,0.20454875372704007,0.21876646185835075,-0.09291945202737145,-0.014245436311917256,-0.05867612301051229,-0.046165471650173755,-0.055434062509638615,0.033890536674579405
sample_229,False,ok,multi_seed_output\seed_1_S302109584\airfoils\sample_229.dat,0.09613299916651807,0.23847695390781562,1.4831992908165281e-08,1.3166409172996052e-08,0.22722312824857183,0.23652264460031514,0.2160099897121181,0.2034540179892665,0.21012145053144465,0.20871733154472116,-0.11780771547623513,0.009460839100817076,-0.02260593498874164,0.0055356438341652575,-0.06721502891153835,-0.02111910412571591
sample_230,False,ok,multi_seed_output\seed_1_S302109584\airfoils\sample_230.dat,0.08586546624972127,0.2945891783567134,1.4831992908165281e-08,1.3166409172996052e-08,0.1576024513446025,0.18465235766659108,0.24595171092260412,0.1613211291566383,0.1119502801053326,0.18893684555974088,-0.1010556641318042,-0.005795328683481246,-0.035303391984769006,-0.0032970473237333986,0.016377754807591308,-0.02556843482361886
sample_231,False,ok,multi_seed_output\seed_1_S302109584\airfoils\sample_231.dat,0.09721306415840852,0.2785571142284569,1.4831992908165281e-08,1.3166409172996052e-08,0.11434228535848544,0.2507888892836025,0.22949585811850914,0.13682984396374762,0.14356324057574077,0.12022196384304701,-0.1115911404040395,-0.06255140704658857,-0.0023675830847314366,-0.04769573687050319,-0.05889117307291855,-0.015625551169224552
sample_232,False,ok,multi_seed_output\seed_1_S302109584\airfoils\sample_232.dat,0.09434977829496265,0.3306613226452906,1.4831992908165281e-08,1.3166409172996052e-08,0.16978861693343617,0.15336430958853786,0.24651254884341584,0.14263313402399058,0.21908664161819164,0.18959262944762545,-0.10082839505883373,-0.04638459637717031,-0.05785815477267547,-0.060358804830004636,-0.0022524270633882265,-0.05380671568385027
sample_233,False,ok,multi_seed_output\seed_1_S302109584\airfoils\sample_233.dat,0.08923222039881729,0.34669338677354705,1.4831992908165281e-08,1.3166409172996052e-08,0.18943341868663016,0.20262191541316377,0.15248504306293215,0.20865714896649,0.18248849032932402,0.14505711105789057,-0.038911658854496226,-0.028612722607817415,-0.06319880470729107,-0.06416218229153534,-0.038150523771988167,0.033446835647597484
sample_234,False,ok,multi_seed_output\seed_1_S302109584\airfoils\sample_234.dat,0.09212059388896722,0.17034068136272543,1.4831992908165281e-08,1.3166409172996052e-08,0.22623120719236633,0.21877126036024708,0.1822990146397162,0.16825044261861857,0.1889830068717555,0.09842116683847546,-0.14769786374935326,0.0017621484518066804,0.01442166522786048,0.0014222701805552546,-0.08507897951888972,-0.07446628266573517
sample_235,False,ok,multi_seed_output\seed_1_S302109584\airfoils\sample_235.dat,0.10335093156469001,0.2945891783567134,1.4831992908165281e-08,1.3166409172996052e-08,0.11654959688053855,0.2545808468658053,0.21086733979094868,0.14154819609067693,0.19212941620334154,0.21658705159759528,-0.08416833606347486,-0.10934129563149114,-0.006305838993919247,-0.07964156646604066,-0.07919481762180224,-0.0776896138321292
sample_236,False,ok,multi_seed_output\seed_1_S302109584\airfoils\sample_236.dat,0.09308379496661637,0.3166332665330661,1.4831992908165281e-08,1.3166409172996052e-08,0.1414139168033114,0.19837635285593355,0.23625988531829165,0.22396103563886455,0.17329785435956702,0.1622731271567674,-0.020679535811188393,-0.10428527662387166,-0.00011177076196255964,0.025559665795910694,-0.05308972127667184,-0.029808698735555944
sample_237,False,ok,multi_seed_output\seed_1_S302109584\airfoils\sample_237.dat,0.09882707104109503,0.3006012024048096,1.4831992908165281e-08,1.3166409172996052e-08,0.1553520843433306,0.21665025654020065,0.17666530348598963,0.22303480236472079,0.11291986829683025,0.13709373955106902,-0.0557714323728381,-0.10089016792386782,-0.05054955424424479,-0.018180710027651273,-0.07702846591752414,-0.06125085761968989
sample_238,False,ok,multi_seed_output\seed_1_S302109584\airfoils\sample_238.dat,0.08259349923122333,0.3607214428857715,1.4831992908165281e-08,1.3166409172996052e-08,0.15069404322021487,0.1771509342206356,0.2027044154306476,0.18694497878469193,0.18362966936406738,0.21959121960696695,-0.06781883781425749,-0.01573025811019467,-0.03347865656383643,-0.0063843227133180275,-0.0872828483982189,-0.04995768729626321
sample_239,False,ok,multi_seed_output\seed_1_S302109584\airfoils\sample_239.dat,0.0869833775970018,0.34669338677354705,1.4831992908165281e-08,1.3166409172996052e-08,0.22848158500762789,0.1759511330941629,0.25214642824929256,0.17105085911311582,0.19648693630995634,0.14703832241710585,-0.027080086666003034,0.008044754455459102,-0.03188397318628668,-0.04060058444536777,0.000800609812381961,0.022702139000765856
sample_240,False,ok,multi_seed_output\seed_1_S302109584\airfoils\sample_240.dat,0.08688044032137454,0.3226452905811623,1.4831992908165281e-08,1.3166409172996052e-08,0.14205153194890352,0.23032540618584102,0.2115107102967351,0.1323108731689846,0.20735443070900805,0.19429555278270083,-0.047516152785523624,0.001881667314906646,-0.06801181543357435,-0.016531296731403022,0.019423664659321077,-0.07509634587620259
sample_241,False,ok,multi_seed_output\seed_1_S302109584\airfoils\sample_241.dat,0.09152881302891809,0.23847695390781562,1.4831992908165281e-08,1.3166409172996052e-08,0.20165816490668687,0.24661376970111218,0.1739035983306958,0.2193353570630595,0.2281953255363294,0.12557128893842703,-0.10323465060767381,-0.004161128990573373,-0.020590739382977452,0.029425822059506765,-0.060883185984874105,-0.04796797070880839
sample_242,False,ok,multi_seed_output\seed_1_S302109584\airfoils\sample_242.dat,0.09262438038196556,0.3386773547094188,1.4831992908165281e-08,1.3166409172996052e-08,0.14727866303045994,0.1516689869920506,0.18192572284783365,0.22516287885849046,0.20623172992943206,0.13059949915191416,-0.03655321692729492,-0.11322928443478954,-0.07079462850297576,0.021036108729195216,-0.07457675166304138,-0.06729600605768891
sample_243,False,ok,multi_seed_output\seed_1_S302109584\airfoils\sample_243.dat,0.10235112557405461,0.37675350701402804,1.4831992908165281e-08,1.3166409172996052e-08,0.12987933607931343,0.2336523182961946,0.21867401810857,0.23816555146079477,0.16879620509533222,0.18542796997121813,-0.09107359845983093,0.005614193511599891,-0.09030757958981309,-0.05252155470427942,-0.054930026693216824,0.0063569745411685
sample_244,False,ok,multi_seed_output\seed_1_S302109584\airfoils\sample_244.dat,0.08151407245035293,0.30861723446893785,1.4831992908165281e-08,1.3166409172996052e-08,0.11801770326476727,0.24741449807931215,0.16718824920591974,0.15395577550502942,0.1524095728702878,0.1949231984316196,-0.04942650802283062,-0.01696463636520737,-0.02552655188480514,-0.018020965314270748,-0.07254309860221851,-0.048280566093565534
sample_245,False,ok,multi_seed_output\seed_1_S302109584\airfoils\sample_245.dat,0.0842509384440693,0.35871743486973945,1.4831992908165281e-08,1.3166409172996052e-08,0.12745387757701288,0.15850811432221276,0.17147306450820404,0.16509254833024614,0.17697404825967505,0.13756074833246346,-0.02858367628174606,-0.04875376578977075,-0.09479588996805642,-0.047097293653821155,0.027594980388584323,-0.031763896261996515
sample_246,False,ok,multi_seed_output\seed_1_S302109584\airfoils\sample_246.dat,0.09952793828404034,0.24649298597194386,1.4831992908165281e-08,1.3166409172996052e-08,0.1581666860050892,0.24296259699268047,0.1631339474435992,0.23650926099540454,0.2261382745738199,0.1720942629236157,-0.1292606658878785,-0.07816206759623581,0.0002223138921642609,-0.03893237570425297,0.03228287132495465,-0.03235023976201259
sample_247,False,ok,multi_seed_output\seed_1_S302109584\airfoils\sample_247.dat,0.08988877569667625,0.30861723446893785,1.4831992908165281e-08,1.3166409172996052e-08,0.11152603818545495,0.16758938575862956,0.19895302054874064,0.254001390524196,0.1076759111303501,0.13434282350364,-0.1467607061362635,-0.051392092264614345,-0.04985711540247133,0.018952767696325035,-0.02759921792507375,-0.02054758223449947
sample_248,False,ok,multi_seed_output\seed_1_S302109584\airfoils\sample_248.dat,0.10934145684249719,0.3226452905811623,1.4831992908165281e-08,1.3166409172996052e-08,0.13378990721019202,0.23409482384003133,0.27393679726854975,0.1380459765374732,0.2130264534139436,0.1089346260505868,-0.1139332089615238,-0.057782614255433774,-0.054912461792150244,-0.06649716835247924,-0.09376098140052924,-0.05774728583429229
sample_249,False,ok,multi_seed_output\seed_1_S302109584\airfoils\sample_249.dat,0.10257030959750496,0.30260521042084165,1.4831992908165281e-08,1.3166409172996052e-08,0.22588218844728752,0.18910034537295897,0.2129758386770792,0.22015470156074896,0.12358300753574833,0.11897973480479965,-0.039801174899367894,-0.09357208557948231,-0.04442043658880118,-0.05889742894814966,-0.032449079882575387,0.015596169665557116
sample_250,False,ok,multi_seed_output\seed_1_S302109584\airfoils\sample_250.dat,0.10317100985363345,0.3366733466933867,1.4831992908165281e-08,1.3166409172996052e-08,0.11351829761377964,0.21112231015351401,0.27233602838062376,0.2202459805560274,0.14744269290274714,0.12155627089844864,-0.023721344996193716,-0.08888052741491666,-0.062151462549731216,0.005931942266932069,0.02189798032599259,-0.03619142699507686
sample_251,False,ok,multi_seed_output\seed_1_S302109584\airfoils\sample_251.dat,0.09679270543536907,0.3006012024048096,1.4831992908165281e-08,1.3166409172996052e-08,0.22404699441903708,0.17195039046899582,0.17843668261387513,0.2313459183851037,0.1420021983291604,0.10741006407896327,-0.046863682782913946,-0.10704914222005765,-0.01235490982794242,-0.09360825599790105,-0.0043892063718068836,-0.06035333290379547
sample_252,False,ok,multi_seed_output\seed_1_S302109584\airfoils\sample_252.dat,0.08949554042957367,0.2865731462925851,1.4831992908165281e-08,1.3166409172996052e-08,0.22067281392278543,0.1956880356333227,0.2726404241674037,0.22796910169351242,0.13889401387412778,0.1598159117723034,-0.08488748482595986,0.005953451211196711,0.01127789897587754,0.012125814320909423,-0.0005049196169667619,0.012300943270740605
sample_253,False,ok,multi_seed_output\seed_1_S302109584\airfoils\sample_253.dat,0.09521099258798815,0.2865731462925851,1.4831992908165281e-08,1.3166409172996052e-08,0.21230496682764122,0.18906296705138403,0.25019476910905736,0.1277693712590533,0.12609731053673243,0.20867108793960507,-0.06924100924873663,-0.029911796836609383,-0.06671002324009434,-0.01426312578902153,-0.0426692168552978,-0.0025307886205363506
sample_254,False,ok,multi_seed_output\seed_1_S302109584\airfoils\sample_254.dat,0.08776819804658847,0.23847695390781562,1.4831992908165281e-08,1.3166409172996052e-08,0.17067865213678768,0.20562811342420606,0.1614552631584508,0.17250879663976992,0.10202327766515733,0.16737040932469666,-0.06837216016264518,-0.09156498381210632,-0.0012329773105277109,0.016352281442931826,-0.09115710359805068,0.04436138767965403
sample_255,False,ok,multi_seed_output\seed_1_S302109584\airfoils\sample_255.dat,0.09085212226759606,0.2064128256513026,1.4831992908165281e-08,1.3166409172996052e-08,0.19786590931796938,0.15057366031715513,0.1599210683394475,0.14092208967724063,0.15720665449866814,0.094149334317844,-0.12226581660265476,-0.10222915687548985,-0.00858818942780129,-0.054122994370430784,0.017457498611861494,-0.03637965135320519
sample_256,False,ok,multi_seed_output\seed_1_S302109584\airfoils\sample_256.dat,0.08878513163241344,0.22444889779559116,1.4831992908165281e-08,1.3166409172996052e-08,0.2321270527084201,0.17603691402814037,0.22801004878561648,0.15974736674304174,0.14145711344729367,0.17001185754228226,-0.0824680581569538,-0.040408645581920616,-0.0027914270204783403,0.01310461676826681,0.02466810579056608,-0.07994647459760017
sample_257,False,ok,multi_seed_output\seed_1_S302109584\airfoils\sample_257.dat,0.08797905262116057,0.2865731462925851,1.4831992908165281e-08,1.3166409172996052e-08,0.1766414940716031,0.17020583697717698,0.19588924872985364,0.12681195358984845,0.19580027089889906,0.17285756387248608,-0.04062531407378403,-0.10532937649709355,0.004879411459066868,-0.09571972214442089,0.03102570750977733,-0.009730606389284982
sample_258,False,ok,multi_seed_output\seed_1_S302109584\airfoils\sample_258.dat,0.10332441239514761,0.25851703406813625,1.4831992908165281e-08,1.3166409172996052e-08,0.2317662443263832,0.25075446825517556,0.25722011417159163,0.22937789698969485,0.18130879617356488,0.13045085940685822,-0.11899503540368997,-0.0031189355811761243,0.006298291247480492,-0.03296011388672104,0.010849171407002131,-0.005073707779839842
sample_259,False,ok,multi_seed_output\seed_1_S302109584\airfoils\sample_259.dat,0.09662329124466393,0.3607214428857715,1.4831992908165281e-08,1.3166409172996052e-08,0.1471516182084885,0.20611472152224466,0.20088223714405493,0.23182914870057633,0.14288024234632832,0.11872691059361991,-0.04412236360058687,-0.04106548322529113,-0.06856356797072526,-0.05234843849221098,-0.04555921303462701,0.04202104957997263
sample_260,False,ok,multi_seed_output\seed_1_S302109584\airfoils\sample_260.dat,0.10454382743647846,0.21843687374749496,1.4831992908165281e-08,1.3166409172996052e-08,0.23207601360102365,0.18743394431704513,0.19281841460250201,0.18094842738742883,0.16422121923094224,0.1655736214023831,-0.1280583299699093,-0.09868768919946982,-0.01860184207869367,-0.05122153863564473,-0.007680604853493478,-0.057006572528040936
sample_261,False,ok,multi_seed_output\seed_1_S302109584\airfoils\sample_261.dat,0.09649020625518581,0.30861723446893785,1.4831992908165281e-08,1.3166409172996052e-08,0.18111813799024623,0.1710197394361618,0.1868358616000716,0.24679784803748006,0.22865968364971465,0.1941271196381484,-0.11887950140653036,-0.06657737990086807,-0.05166772375316677,-0.008171658933244647,-0.03993414088045414,-0.06746102253720204
sample_262,False,ok,multi_seed_output\seed_1_S302109584\airfoils\sample_262.dat,0.09934286306909274,0.2865731462925851,1.4831992908165281e-08,1.3166409172996052e-08,0.13796367281337713,0.2070114891268257,0.2466020513892474,0.15369125501550254,0.2019097882925687,0.18122558942582084,-0.1097132160084158,-0.09719217721597233,0.01570569139269315,-0.06833817892218631,-0.03105680662535211,-0.010881777587803274
sample_263,False,ok,multi_seed_output\seed_1_S302109584\airfoils\sample_263.dat,0.07399508322139538,0.2725450901803607,1.4831992908165281e-08,1.3166409172996052e-08,0.13296051955667532,0.15721312260345574,0.19486086305346256,0.1359288614014344,0.21690178901807938,0.14204125164522796,-0.1408459555304452,-0.00811808299484705,0.027141312905450923,-0.08454057841770005,0.005673382714734415,0.04326165498285792
sample_264,False,ok,multi_seed_output\seed_1_S302109584\airfoils\sample_264.dat,0.10269967032320669,0.3006012024048096,1.4831992908165281e-08,1.3166409172996052e-08,0.23121944002579783,0.22590361297701378,0.2474518477498798,0.21396349464688363,0.16497772667967137,0.1848736018172269,-0.02498490690812122,-0.04374817063204764,-0.06925342243619875,0.029463627071327672,-0.010872155146577814,-0.03429260195021063
sample_265,False,ok,multi_seed_output\seed_1_S302109584\airfoils\sample_265.dat,0.09864839956208664,0.25851703406813625,1.4831992908165281e-08,1.3166409172996052e-08,0.15781221823394895,0.26164952049007945,0.195532398798725,0.17917897155856394,0.18753458734041717,0.15566518292101508,-0.11828464506501443,-0.02774302626209109,-0.04899649316454864,-0.001968122300836067,0.025622469892892158,-0.02400688703878425
sample_266,False,ok,multi_seed_output\seed_1_S302109584\airfoils\sample_266.dat,0.08935237570660717,0.35270541082164325,1.4831992908165281e-08,1.3166409172996052e-08,0.12393765228453207,0.21912624346164133,0.14704197221696733,0.2521088162215531,0.21835785330857466,0.10053686639590036,-0.052942225008836205,-0.05667443031326095,-0.03853377191187628,-0.03593483779154681,0.004112612186227549,-0.01919858757739594
sample_267,False,ok,multi_seed_output\seed_1_S302109584\airfoils\sample_267.dat,0.09930066519700323,0.19238476953907813,1.4831992908165281e-08,1.3166409172996052e-08,0.20041089619921781,0.25921455219978634,0.1552617539769552,0.23241691224439476,0.10512808578547095,0.19864235835137367,-0.1482259237192755,-0.0409936327261579,0.019132649982714536,0.0027501790960252626,0.028316735782100186,-0.07385254077021165
sample_268,False,ok,multi_seed_output\seed_1_S302109584\airfoils\sample_268.dat,0.10502289197392078,0.2665330661322645,1.4831992908165281e-08,1.3166409172996052e-08,0.2012450795684383,0.26209909776559775,0.23851758995075056,0.14811845405512095,0.212200031105225,0.16492891632533965,-0.13099636493752656,-0.012026987329079433,-0.016229875575713107,-0.09290100199944643,-0.05134984306170483,-0.027927744882248487
sample_269,False,ok,multi_seed_output\seed_1_S302109584\airfoils\sample_269.dat,0.08493768083848148,0.2865731462925851,1.4831992908165281e-08,1.3166409172996052e-08,0.1065681107516161,0.2684607526976467,0.2329469190115191,0.14514855817046873,0.12274575206040017,0.15767348487800592,-0.0690650776847777,-0.014799825035099065,0.026033266880721204,-0.011366529121177762,-0.04541584050992071,0.00184685399044264
sample_270,False,ok,multi_seed_output\seed_1_S302109584\airfoils\sample_270.dat,0.09401188316958245,0.344689378757515,1.4831992908165281e-08,1.3166409172996052e-08,0.1200626921106503,0.15635997444564462,0.2606664930199377,0.16579415954432666,0.1377179336362125,0.15218851953450457,-0.08782011935721493,-0.09448436453970044,0.009755957936672874,-0.09348120512217503,-0.06254793630128822,-0.004664173729274634
sample_271,False,ok,multi_seed_output\seed_1_S302109584\airfoils\sample_271.dat,0.09153956587755079,0.2925851703406813,1.4831992908165281e-08,1.3166409172996052e-08,0.20341434521269258,0.18755308840888257,0.2064582428340577,0.13007121672665586,0.18940623433500164,0.1216423080253794,-0.03765583060294134,-0.06204237578469916,-0.05229090270791341,-0.03517080655328184,-0.025854669708663958,-0.05365085453727883
sample_272,False,ok,multi_seed_output\seed_1_S302109584\airfoils\sample_272.dat,0.10635170486059042,0.3226452905811623,1.4831992908165281e-08,1.3166409172996052e-08,0.1122087138171812,0.23297283424320175,0.23712800313329035,0.2229341967846048,0.10898072896904502,0.1865770887556119,-0.11567487816439331,-0.06960326837001936,-0.041474893477070125,-0.07791684693332969,-0.0017700392746418242,0.009969059408196243
sample_273,False,ok,multi_seed_output\seed_1_S302109584\airfoils\sample_273.dat,0.09992487346686987,0.30861723446893785,1.4831992908165281e-08,1.3166409172996052e-08,0.1980028399630449,0.26792211190584203,0.2144948758541504,0.24711771457303744,0.1050070530167127,0.1597250313802912,-0.020462389769314637,-0.0360244232760978,-0.023323629914272545,-0.03120471046844224,-0.02193150889707396,-0.032440643706105075
sample_274,False,ok,multi_seed_output\seed_1_S302109584\airfoils\sample_274.dat,0.11127158760902567,0.21843687374749496,1.4831992908165281e-08,1.3166409172996052e-08,0.2252036263014912,0.24414898771028032,0.16352317168508507,0.15166808789369973,0.15365191785690546,0.1951809340939527,-0.12552977243474678,-0.09413437711404862,-0.06133121569944237,-0.034145206861454336,0.0035550467654723583,-0.0060594181691886045
sample_275,False,ok,multi_seed_output\seed_1_S302109584\airfoils\sample_275.dat,0.09100444514498025,0.3306613226452906,1.4831992908165281e-08,1.3166409172996052e-08,0.1939510453466456,0.1787243197151051,0.2588539988030709,0.12665477042524675,0.17211933770074184,0.14036791125811296,-0.11098808917745265,0.012476710410640829,-0.035900231511688696,-0.08110625507757645,-0.061692017886360265,-0.026131888265508746
sample_276,False,ok,multi_seed_output\seed_1_S302109584\airfoils\sample_276.dat,0.10615773033523071,0.31462925851703405,1.4831992908165281e-08,1.3166409172996052e-08,0.16094384278178697,0.1740542170436451,0.2704757219715356,0.19995059477829402,0.22670723356858868,0.17559307543092956,-0.10800458080499509,-0.09438842066133984,-0.06119331965043218,0.025443947560991415,-0.08885804558416978,0.0240558746898024
sample_277,False,ok,multi_seed_output\seed_1_S302109584\airfoils\sample_277.dat,0.09072196471115901,0.21442885771543085,1.4831992908165281e-08,1.3166409172996052e-08,0.21349820223215651,0.20228177008047726,0.14523927251049973,0.12905166593148557,0.13362560676820245,0.12618835883892393,-0.09881996572587447,-0.050819849861927655,-0.03002909970299368,-0.07286746660236879,-0.00841181760545015,-0.07039904365078554
sample_278,False,ok,multi_seed_output\seed_1_S302109584\airfoils\sample_278.dat,0.0984263856897515,0.3226452905811623,1.4831992908165281e-08,1.3166409172996052e-08,0.21557315361827878,0.22470848302359506,0.2665626731676388,0.19363698330445572,0.19205895898654252,0.20400451716018897,-0.027741043353030112,-0.04865004133486252,0.023876376525562668,-0.074670881932726,-0.015055598181885538,-0.03534671038261405
sample_279,False,ok,multi_seed_output\seed_1_S302109584\airfoils\sample_279.dat,0.08767310838004196,0.24649298597194386,1.4831992908165281e-08,1.3166409172996052e-08,0.1374933890671229,0.2448986744580885,0.19741256737894908,0.15206541009913782,0.17690670796413274,0.09440595995946982,-0.10619287619480455,-0.034768514749050156,0.019588387732245,-0.031721413773102905,0.02850056922266224,-0.06318736089731411
sample_280,False,ok,multi_seed_output\seed_1_S302109584\airfoils\sample_280.dat,0.10536794942025363,0.2004008016032064,1.4831992908165281e-08,1.3166409172996052e-08,0.20281845993862704,0.256987843916123,0.18018838816054217,0.16848048161180948,0.1637594973813459,0.13258200517490754,-0.1446154933132295,-0.07899042470771356,0.017156728699686527,-0.0005915029752059237,0.012564093030595247,-0.01500739679757114
sample_281,False,ok,multi_seed_output\seed_1_S302109584\airfoils\sample_281.dat,0.09865494520278534,0.2785571142284569,1.4831992908165281e-08,1.3166409172996052e-08,0.23301796135852526,0.24260520686840029,0.19340052388075635,0.15041218607127707,0.22379557934760386,0.13674188607451496,-0.025119367964795664,-0.03654898613044588,-0.08455305708221332,-0.007608073811908422,0.0248521468799352,-0.011226073235324693
sample_282,False,ok,multi_seed_output\seed_1_S302109584\airfoils\sample_282.dat,0.09666022309890085,0.3166332665330661,1.4831992908165281e-08,1.3166409172996052e-08,0.16112474604257937,0.15439440334758603,0.27461394181048526,0.1295404343946543,0.16965530879754948,0.17915784589006772,-0.0640119775833552,-0.10521558044311588,-0.007432870483892587,-0.07368492741603261,-0.038503759022989505,-0.03380451888614777
sample_283,False,ok,multi_seed_output\seed_1_S302109584\airfoils\sample_283.dat,0.09973385736610302,0.2925851703406813,1.4831992908165281e-08,1.3166409172996052e-08,0.17010796150965948,0.2188291573437491,0.16029699192619937,0.18920868431412038,0.20298478309476214,0.2157005757751534,-0.13834453560378238,-0.033000092101749465,-0.09268577551278605,-0.04518563997578608,-0.07488799052399066,-0.011996594041484149
sample_284,False,ok,multi_seed_output\seed_1_S302109584\airfoils\sample_284.dat,0.08488526104193371,0.39078156312625245,1.4831992908165281e-08,1.3166409172996052e-08,0.1717657125183083,0.14451899738395574,0.19711793374343295,0.24972772005924998,0.208823554964125,0.15723819698609573,-0.06791791413046612,-0.07210483429815247,0.024929221444506225,-0.03554693418898758,-0.08327519649758441,0.03841525833431941
sample_285,False,ok,multi_seed_output\seed_1_S302109584\airfoils\sample_285.dat,0.09499564405430193,0.24649298597194386,1.4831992908165281e-08,1.3166409172996052e-08,0.18871500904093572,0.2712264751351221,0.1980741366924309,0.13112559885949443,0.2256852183500357,0.2208324671868544,-0.08358517514614335,-0.024206324165721327,-0.006768422079509395,-0.021071371697378508,-0.061308784849303403,-0.04119661799610911
sample_286,False,ok,multi_seed_output\seed_1_S302109584\airfoils\sample_286.dat,0.09221548684962215,0.2945891783567134,1.4831992908165281e-08,1.3166409172996052e-08,0.19015759371771196,0.19077888213475996,0.2657607896729145,0.16802231708907997,0.1044694901303293,0.21767136288167338,-0.10792003523544302,-0.012215678112597605,-0.0015081244582899056,-0.06900105665421088,-0.00016590436370873818,0.033622081378706814
sample_287,False,ok,multi_seed_output\seed_1_S302109584\airfoils\sample_287.dat,0.09475475231246308,0.344689378757515,1.4831992908165281e-08,1.3166409172996052e-08,0.11847352761196928,0.20300706064141288,0.2690179878335868,0.1596885086717822,0.10636102525497552,0.15719591093097213,-0.05417983146101428,-0.008291217941290785,-0.08907090226667162,-0.028386131256513264,0.010712677306036061,-0.058401171413356864
sample_288,False,ok,multi_seed_output\seed_1_S302109584\airfoils\sample_288.dat,0.09234534713951281,0.23046092184368736,1.4831992908165281e-08,1.3166409172996052e-08,0.2347026829490012,0.21833936731787318,0.15924571692708822,0.23065164281499945,0.13322775126998926,0.16035930476091445,-0.04505251363415734,-0.07736134485228405,0.0065452279739745545,0.0037804419512834503,-0.000463026966399091,-0.047430724683432623
sample_289,False,ok,multi_seed_output\seed_1_S302109584\airfoils\sample_289.dat,0.11602529292093025,0.3547094188376753,1.4831992908165281e-08,1.3166409172996052e-08,0.12515093792884768,0.2671703458434387,0.2639961316334262,0.20880858345337905,0.15939042070897144,0.1282087519136021,-0.12619979943161372,-0.0036711877985673436,-0.09647980073970965,-0.09465191198401537,-0.06716419385868183,0.008770964386852334
sample_290,False,ok,multi_seed_output\seed_1_S302109584\airfoils\sample_290.dat,0.09650998619712248,0.406813627254509,1.4831992908165281e-08,1.3166409172996052e-08,0.19306529549336307,0.15831142591101596,0.23752650496976496,0.2541651260041398,0.1958683178350982,0.2021683567554206,-0.027187115599251327,-0.02179701292910316,-0.05757300130550659,-0.05089530127071908,-0.00661126814909388,-0.05789849908123419
sample_291,False,ok,multi_seed_output\seed_1_S302109584\airfoils\sample_291.dat,0.09936532946887858,0.23246492985971942,1.4831992908165281e-08,1.3166409172996052e-08,0.22572720737629443,0.20019409131610297,0.21677858198071961,0.13481508509084852,0.14645552165156114,0.1471055370808863,-0.07590450485763504,-0.08959754210062651,-0.03481276860796259,0.02142029069025489,0.03432519813202435,-0.06486980816406993
sample_292,False,ok,multi_seed_output\seed_1_S302109584\airfoils\sample_292.dat,0.09018847562345052,0.280561122244489,1.4831992908165281e-08,1.3166409172996052e-08,0.13937134350051084,0.18174234333046638,0.20219337820988476,0.16382645927220438,0.18762070840302758,0.09467146099751532,-0.06443986107701423,-0.11101357474304353,-0.016023901736259213,0.010580705691074818,-0.06633054092623054,-0.03814548241333439
sample_293,False,ok,multi_seed_output\seed_1_S302109584\airfoils\sample_293.dat,0.0948324694915434,0.37675350701402804,1.4831992908165281e-08,1.3166409172996052e-08,0.1142499516826236,0.16137939597618922,0.2388215349278215,0.20846034905743926,0.20365713437129807,0.18484641387450645,-0.07705567041961982,-0.08231417368262689,-0.00992030738631347,-0.0733473594964132,-0.03183012410255343,-0.058608392276968506
sample_294,False,ok,multi_seed_output\seed_1_S302109584\airfoils\sample_294.dat,0.08818598568104478,0.26452905811623245,1.4831992908165281e-08,1.3166409172996052e-08,0.20595270970600496,0.1497136239970124,0.22165747956912185,0.2368042109198868,0.14135771238636458,0.15324859956682035,-0.10870205424158283,-0.04935255868929417,-0.0017318695954191832,0.014146014958688113,-0.058366562760721094,-0.08420956586221284
sample_295,False,ok,multi_seed_output\seed_1_S302109584\airfoils\sample_295.dat,0.09832913644461146,0.31462925851703405,1.4831992908165281e-08,1.3166409172996052e-08,0.18218626675256056,0.17395323215206746,0.26477368074831337,0.1567024476427162,0.10652181880527956,0.17948293413503538,-0.08102032831230616,-0.05562847189254903,-0.04512780506054069,-0.06724783885089299,-0.020670537129011957,0.020470762760132863
sample_296,False,ok,multi_seed_output\seed_1_S302109584\airfoils\sample_296.dat,0.11882046575986524,0.30260521042084165,1.4831992908165281e-08,1.3166409172996052e-08,0.17299516464177897,0.24778805695326978,0.2628811263383861,0.20478435540879875,0.20854091789703752,0.1941896977726159,-0.06054749100350308,-0.11059267334961921,-0.08862460460678523,0.0033629795145779656,0.005007995630006867,-0.07219753729146225
sample_297,False,ok,multi_seed_output\seed_1_S302109584\airfoils\sample_297.dat,0.08809626371753776,0.3166332665330661,1.4831992908165281e-08,1.3166409172996052e-08,0.16212237703002558,0.2084435458588266,0.1771325561575487,0.24720128757296284,0.13165300247969752,0.1608702739691128,-0.061166517313497065,-0.055950784867999905,0.005877021310180891,-0.04349352437258718,-0.04950887581027957,0.024034421273327486
sample_298,False,ok,multi_seed_output\seed_1_S302109584\airfoils\sample_298.dat,0.096138125414511,0.3246492985971944,1.4831992908165281e-08,1.3166409172996052e-08,0.11171450336535005,0.24932482227337116,0.1471833064672703,0.21065535820635545,0.14228362920584314,0.18449725987070548,-0.04930525290579511,-0.07342504953952367,-0.06697463051185781,-0.05423514701316107,-0.03299175296881565,-0.037429801560083076
sample_299,False,ok,multi_seed_output\seed_1_S302109584\airfoils\sample_299.dat,0.083210726305602,0.3607214428857715,1.4831992908165281e-08,1.3166409172996052e-08,0.16944778450672676,0.14727963354387927,0.2621133123237119,0.22585748850583792,0.13951648928413443,0.16833520494357024,-0.023880697957529756,-0.01618882527047115,-0.030973998007465642,0.01810075469328873,0.020735676042522383,0.016901774752033416
sample_300,False,ok,multi_seed_output\seed_1_S302109584\airfoils\sample_300.dat,0.11001135192799956,0.406813627254509,1.4831992908165281e-08,1.3166409172996052e-08,0.10878464926405992,0.15680985392341135,0.2738082335211385,0.232508777386139,0.17868633415631233,0.13034965758619177,-0.0421363984960518,-0.05625267573123535,-0.10065003896315475,-0.08183303029930364,-0.07698626285536914,0.0006990858431217689
sample_301,False,ok,multi_seed_output\seed_1_S302109584\airfoils\sample_301.dat,0.10485140962596803,0.280561122244489,1.4831992908165281e-08,1.3166409172996052e-08,0.15545400116986907,0.19149060995496336,0.2368277985670586,0.13605813936405298,0.161168438932535,0.10522350001720379,-0.09657162778092396,-0.10732090509973052,-0.08351859559414582,-0.012442750980173473,0.02209932394765149,-0.07278464445684946
sample_302,False,ok,multi_seed_output\seed_1_S302109584\airfoils\sample_302.dat,0.09761475503693176,0.3166332665330661,1.4831992908165281e-08,1.3166409172996052e-08,0.2082055581381764,0.18674472310028226,0.24600568177228638,0.1313370173765828,0.1770778430542732,0.19907000295742155,-0.04883366801573187,-0.029729781688684315,-0.08962190966579367,-0.05300723447935418,0.023503768750269383,-0.061648671206639666
sample_303,False,ok,multi_seed_output\seed_1_S302109584\airfoils\sample_303.dat,0.10751115766530009,0.3166332665330661,1.4831992908165281e-08,1.3166409172996052e-08,0.12257426180848019,0.2561066222083351,0.19926785590932367,0.14416559878890214,0.13900715009678383,0.12566073371939057,-0.06415510441618062,-0.08684318950927494,-0.09100658707121644,-0.0732125427444626,-0.08536153373105544,-0.05066161711335519
sample_304,False,ok,multi_seed_output\seed_1_S302109584\airfoils\sample_304.dat,0.09065127646215887,0.25250501002004005,1.4831992908165281e-08,1.3166409172996052e-08,0.15601427588753633,0.22640976950811603,0.19199484270475103,0.16159756408674475,0.11901888376560213,0.11882789542910119,-0.07513658962111452,-0.06649483707139063,-0.018765842455829865,0.00805130708099186,-0.008207489005848875,0.04230333097611974
sample_305,False,ok,multi_seed_output\seed_1_S302109584\airfoils\sample_305.dat,0.06916714422373542,0.2004008016032064,1.4831992908165281e-08,1.3166409172996052e-08,0.21456411439371037,0.16404074998637785,0.15693880146636935,0.1817323268624492,0.21772938503050326,0.12297290732810098,-0.06469341418278933,0.013159935001554796,0.015631574718335248,-0.008559328098897562,0.015233294279272308,-0.017467891941444907
sample_306,False,ok,multi_seed_output\seed_1_S302109584\airfoils\sample_306.dat,0.1090336814560024,0.2885771543086172,1.4831992908165281e-08,1.3166409172996052e-08,0.1918604284433555,0.236316488829318,0.21096743542020474,0.20587165781294198,0.13852201229876415,0.14236746337599065,-0.12162418988317084,-0.03858402152992081,-0.1000876192066656,-0.029719754721442657,-0.03490167942511685,-0.04386253153776936
sample_307,False,ok,multi_seed_output\seed_1_S302109584\airfoils\sample_307.dat,0.09495978131278116,0.35270541082164325,1.4831992908165281e-08,1.3166409172996052e-08,0.1772065181742085,0.19155857174212565,0.25890271164735607,0.15004108960848347,0.21573494371971974,0.15232098225516558,-0.03444332479492354,-0.004604166194744588,-0.08850530030152563,-0.026044670484217033,-0.018094047011967956,-0.02105847068615517
sample_308,False,ok,multi_seed_output\seed_1_S302109584\airfoils\sample_308.dat,0.10959830857488397,0.2605210420841683,1.4831992908165281e-08,1.3166409172996052e-08,0.1860562060473125,0.24600701732414076,0.2173410755640271,0.2224880121065066,0.2095562082556534,0.21326412473815393,-0.14275592300145332,-0.07493823421018386,-0.00715601500802214,-0.04757020400182734,-0.06414232097062678,-0.01836630414024787
sample_309,False,ok,multi_seed_output\seed_1_S302109584\airfoils\sample_309.dat,0.09495192306933974,0.2945891783567134,1.4831992908165281e-08,1.3166409172996052e-08,0.1668062445883906,0.1511977721542674,0.1752490892761179,0.215599941249125,0.17841963008332481,0.16075602818378676,-0.12988896887415396,-0.07338551703016888,-0.08532662460099119,-0.01096311888157285,-0.02987252924867291,-0.0822610014851552
sample_310,False,ok,multi_seed_output\seed_1_S302109584\airfoils\sample_310.dat,0.07390680917037497,0.3987975951903807,1.4831992908165281e-08,1.3166409172996052e-08,0.10595414387488158,0.154084915215286,0.18644271154361558,0.21713148462118909,0.13733019191548526,0.18714513566532542,-0.10659973959388686,0.004688317723136423,0.010728690954794673,-0.07801267300644674,0.02493517552700826,-0.023224111382867924
sample_311,False,ok,multi_seed_output\seed_1_S302109584\airfoils\sample_311.dat,0.08601392489604709,0.30861723446893785,1.4831992908165281e-08,1.3166409172996052e-08,0.15126354204253561,0.18149058401199528,0.22145748015307526,0.14141315905291207,0.19541181035328653,0.16547456956144388,-0.044989247525771506,-0.046741116986398934,-0.05834285303666451,0.021657883461200664,-0.02455162939595297,-0.07474152495296046
sample_312,False,ok,multi_seed_output\seed_1_S302109584\airfoils\sample_312.dat,0.07489481940733805,0.3306613226452906,1.4831992908165281e-08,1.3166409172996052e-08,0.15612248800992662,0.22100501884509005,0.15105673811883688,0.24510604678428421,0.14120741849335144,0.20786103648568305,-0.03682818629740267,-0.004031115869529603,0.02100034386512309,-0.03219956008230228,0.007435285086678636,-0.06474052563891385
sample_313,False,ok,multi_seed_output\seed_1_S302109584\airfoils\sample_313.dat,0.10650603122296826,0.280561122244489,1.4831992908165281e-08,1.3166409172996052e-08,0.1069377150461647,0.23442640376689217,0.26371622186738886,0.16278125600676252,0.21954935711866314,0.11647315681934102,-0.1262932384620943,-0.09677054322430523,-0.038647083270085314,0.019838369431797842,0.0005359158492000554,-0.014546057460702422
sample_314,False,ok,multi_seed_output\seed_1_S302109584\airfoils\sample_314.dat,0.09658046222254577,0.21843687374749496,1.4831992908165281e-08,1.3166409172996052e-08,0.2348428501585865,0.27173110606992423,0.15679748987380682,0.21484290340631335,0.15951721138332411,0.20087551393849884,-0.09760687788405573,-0.003927763692131575,-0.003339748592035785,-0.041958319428997436,-0.08700157317899679,0.007034534416302557
sample_315,False,ok,multi_seed_output\seed_1_S302109584\airfoils\sample_315.dat,0.08852385645742901,0.2865731462925851,1.4831992908165281e-08,1.3166409172996052e-08,0.2113214826188733,0.26901388942228255,0.23306311444423222,0.21572723430704277,0.1071971940795614,0.182806302910921,-0.02417456090568193,0.013731209834702718,0.010817594269229375,0.03133670070366422,-0.09092284708711625,-0.013646285604018982
sample_316,False,ok,multi_seed_output\seed_1_S302109584\airfoils\sample_316.dat,0.09363790549099513,0.2945891783567134,1.4831992908165281e-08,1.3166409172996052e-08,0.13727149577267045,0.23068941541986698,0.25672371175632236,0.13077094051471144,0.15236403637052626,0.10003009924507537,-0.11172243698404488,-0.00859729366577383,-0.03777159971202254,-0.016383689384569633,-0.041303020329856666,-0.00596440686454397
sample_317,False,ok,multi_seed_output\seed_1_S302109584\airfoils\sample_317.dat,0.11633655363289594,0.30260521042084165,1.4831992908165281e-08,1.3166409172996052e-08,0.22385684169274095,0.2306619069088509,0.2122091681357824,0.1872406090794146,0.15893994764809077,0.14276972238381472,-0.046068541786176906,-0.1098365797212042,-0.08835603633981143,-0.08610775810059444,-0.05933755887030073,0.027068295329042702
sample_318,False,ok,multi_seed_output\seed_1_S302109584\airfoils\sample_318.dat,0.09785132284885573,0.280561122244489,1.4831992908165281e-08,1.3166409172996052e-08,0.17861711439707834,0.1973815666617806,0.17909350806398938,0.14633597948239999,0.22148842742470456,0.21920800570602775,-0.07632842292711246,-0.07697813207591271,-0.09828357223678125,-0.014161855087615804,0.017698838048981175,0.020029917508762277
sample_319,False,ok,multi_seed_output\seed_1_S302109584\airfoils\sample_319.dat,0.10000853509682409,0.3306613226452906,1.4831992908165281e-08,1.3166409172996052e-08,0.23517511638779656,0.19685096054160406,0.2712184647198379,0.14267766169799506,0.11074291520076049,0.15786277510964697,-0.07303254061292841,0.009177762178602666,-0.07169067362569437,-0.07313708203710004,-0.08446728281763409,-0.08353133972009628
sample_320,False,ok,multi_seed_output\seed_1_S302109584\airfoils\sample_320.dat,0.10065049729595854,0.24649298597194386,1.4831992908165281e-08,1.3166409172996052e-08,0.21207777432978064,0.18434110072662144,0.2716699909476283,0.23317673033438624,0.12082699567195365,0.1924564311609379,-0.1422577108659009,-0.04580433114518123,0.0007658959940476384,0.004040021517489278,0.013593945698124457,0.026972548363063037
sample_321,False,ok,multi_seed_output\seed_1_S302109584\airfoils\sample_321.dat,0.08295353618099396,0.41482965931863724,1.4831992908165281e-08,1.3166409172996052e-08,0.16460637173584386,0.17549950926059266,0.21558134226103967,0.24947117237908545,0.19158639784748638,0.20527979046384856,-0.039076018386997535,0.010245983865496383,-0.024935162535838523,0.017712263311600585,-0.08422056674175016,0.005393006102630868
sample_322,False,ok,multi_seed_output\seed_1_S302109584\airfoils\sample_322.dat,0.09009310725869558,0.2124248496993988,1.4831992908165281e-08,1.3166409172996052e-08,0.20112040918270074,0.22847466220132445,0.14789890176335058,0.18485148641479057,0.12425981471174309,0.09825259380702864,-0.13622709188666543,0.006833397792495838,-0.02755541634663186,-0.07941896254179193,0.00285760254079942,0.00010061838326462513
sample_323,False,ok,multi_seed_output\seed_1_S302109584\airfoils\sample_323.dat,0.1115272402132022,0.2745490981963928,1.4831992908165281e-08,1.3166409172996052e-08,0.2076565916740522,0.2366271213559328,0.22980237351413707,0.18762156996193408,0.21354244357894364,0.1759900366209373,-0.10647133851298338,-0.06502386360271692,-0.0797843511956186,-0.007493573040612808,-0.02655040206142703,-0.025905327006389936
sample_324,False,ok,multi_seed_output\seed_1_S302109584\airfoils\sample_324.dat,0.0990197607302025,0.3607214428857715,1.4831992908165281e-08,1.3166409172996052e-08,0.158772026343259,0.204332624959344,0.2541161717651987,0.2390875994209462,0.22887400528266827,0.11840458169010327,-0.022434334208910334,-0.0474530580912213,-0.05784580432251969,0.026833408804467232,-0.050556015917463185,-0.015283207344543706
sample_325,False,ok,multi_seed_output\seed_1_S302109584\airfoils\sample_325.dat,0.10349084090827901,0.3306613226452906,1.4831992908165281e-08,1.3166409172996052e-08,0.10929168631645707,0.2662731318444431,0.15504555699236727,0.224159722894282,0.2049714788554936,0.09659850573468431,-0.08528601772578809,-0.062286617537706576,-0.08500164487818347,-0.04955118928389278,-0.05056872156561785,-0.017046260626886217
sample_326,False,ok,multi_seed_output\seed_1_S302109584\airfoils\sample_326.dat,0.08866089908670077,0.3987975951903807,1.4831992908165281e-08,1.3166409172996052e-08,0.11213310324518987,0.17253832020495993,0.24331014765807435,0.230584580316968,0.11025707479453802,0.09623924411945406,-0.061443002527119844,0.012744082595511824,-0.05000876075225228,-0.05002090689289427,-0.036734798442539,-0.04211738601779193
sample_327,False,ok,multi_seed_output\seed_1_S302109584\airfoils\sample_327.dat,0.10575550862248073,0.3607214428857715,1.4831992908165281e-08,1.3166409172996052e-08,0.18799052282378742,0.15706172638005533,0.2611035909264484,0.23311745123523625,0.14985123252366686,0.1676632932883624,-0.13899645736291313,-0.014430187392672808,-0.09513356524443765,-0.0761116431610791,0.01033952799826282,0.020157084826884886
sample_328,False,ok,multi_seed_output\seed_1_S302109584\airfoils\sample_328.dat,0.10741209580103972,0.3166332665330661,1.4831992908165281e-08,1.3166409172996052e-08,0.17678088962907906,0.25281334047325776,0.2697580633838594,0.20568539407167394,0.21765748621993403,0.13539165240296264,-0.03125860783857447,-0.09071034000573588,0.018721099575439798,-0.08080630567426238,0.03459310021606689,-0.07052576771416098
sample_329,False,ok,multi_seed_output\seed_1_S302109584\airfoils\sample_329.dat,0.10141066271650585,0.250501002004008,1.4831992908165281e-08,1.3166409172996052e-08,0.2253024939423086,0.16007228998260203,0.20372143627407752,0.21458913130672977,0.18455652309630638,0.09688775662432866,-0.1376557607763558,-0.0752855965914008,-0.04763676326602501,-0.03087293253235371,-0.034455331183829714,-0.06869082480199927
sample_330,False,ok,multi_seed_output\seed_1_S302109584\airfoils\sample_330.dat,0.09124861813048861,0.2725450901803607,1.4831992908165281e-08,1.3166409172996052e-08,0.14075629559652353,0.22735628373127162,0.15259436673071297,0.12611409459854653,0.12572100800779207,0.19919522082754587,-0.043178525439469706,-0.09201096666999894,-0.0691137394335114,-0.004185249588799969,-0.03999300547592828,0.03666942275700319
sample_331,False,ok,multi_seed_output\seed_1_S302109584\airfoils\sample_331.dat,0.0987467584891584,0.2665330661322645,1.4831992908165281e-08,1.3166409172996052e-08,0.17538484706662977,0.21757730235193318,0.19945768750499038,0.1804268100269164,0.10618629830384821,0.10954934918863471,-0.047375707918747026,-0.11372658507397981,-0.03223213384918462,0.004377726825081155,-0.0334798189170389,-0.07536882522960606
sample_332,False,ok,multi_seed_output\seed_1_S302109584\airfoils\sample_332.dat,0.07483202672977583,0.3386773547094188,1.4831992908165281e-08,1.3166409172996052e-08,0.11270696336460763,0.15924480720300394,0.15730461866899761,0.2111996768048613,0.1725981062508119,0.15903176585141165,-0.1355153193573257,-0.019649367870954962,0.0035044112035527153,-0.06333473846307494,0.024185806664776155,-0.05977655963533393
sample_333,False,ok,multi_seed_output\seed_1_S302109584\airfoils\sample_333.dat,0.09888022684453494,0.25250501002004005,1.4831992908165281e-08,1.3166409172996052e-08,0.1922799467889433,0.21784231976582136,0.2592988253316784,0.1580500916315813,0.13395034835127886,0.1881641706524941,-0.11917745127601699,-0.04840287801260933,0.019018321688063,-0.05769122654689817,-0.001611087172442044,0.02196918228677884
sample_334,False,ok,multi_seed_output\seed_1_S302109584\airfoils\sample_334.dat,0.08479322183856025,0.3386773547094188,1.4831992908165281e-08,1.3166409172996052e-08,0.18355060667171635,0.19345593548682735,0.18250179927843554,0.23806824622928596,0.20226745800932866,0.11472623027297113,-0.050699712611150916,-0.015453761879686098,-0.03752801344828191,0.00940085775217718,-0.043320077979996666,0.003063859492492896
sample_335,False,ok,multi_seed_output\seed_1_S302109584\airfoils\sample_335.dat,0.10521263715966359,0.2444889779559118,1.4831992908165281e-08,1.3166409172996052e-08,0.19966485677049584,0.21302881942852128,0.21284170856831003,0.13025560505885872,0.1386356067584407,0.15800012000955135,-0.11238153023341987,-0.08204039339208885,-0.075896405448256,-0.0036224237335796827,0.02162857746555627,-0.006778770156042377
sample_336,False,ok,multi_seed_output\seed_1_S302109584\airfoils\sample_336.dat,0.0942802710467193,0.2865731462925851,1.4831992908165281e-08,1.3166409172996052e-08,0.20997297983174873,0.22901178539001327,0.16491061389051453,0.1918990048254048,0.15658715956393449,0.1462217829593839,-0.03386905413364241,-0.05197699705675274,-0.06265628869909134,-0.00496163299702837,-0.08110809461284665,-0.02720036528286455
sample_337,False,ok,multi_seed_output\seed_1_S302109584\airfoils\sample_337.dat,0.09515209126204878,0.23847695390781562,1.4831992908165281e-08,1.3166409172996052e-08,0.15291002775041515,0.20818121336510353,0.14828715497463837,0.24801650734928854,0.17907569847115754,0.14397712136411453,-0.1329053837519239,-0.10676407864595866,0.028260306889387507,-0.056341820231168516,0.003424456972952475,-0.022829729762432714
sample_338,False,ok,multi_seed_output\seed_1_S302109584\airfoils\sample_338.dat,0.0996719774483435,0.25851703406813625,1.4831992908165281e-08,1.3166409172996052e-08,0.20561721172740544,0.16426602960657732,0.22307030759274699,0.24282757018681778,0.1680644039117995,0.2159216619317836,-0.1324348496607043,-0.09591752710307401,0.020451226244043788,-0.05033539532569804,-0.05340226211371982,0.009850102965725707
sample_339,False,ok,multi_seed_output\seed_1_S302109584\airfoils\sample_339.dat,0.1024935186930123,0.35270541082164325,1.4831992908165281e-08,1.3166409172996052e-08,0.12044013031949051,0.14869258236631497,0.2435969933604874,0.19702120345249768,0.12398572895068527,0.17180952992254134,-0.138259885126612,-0.0746770090619117,-0.07839831336314268,-0.06639824249245854,-0.08152153257497896,0.04149682130527249
sample_340,False,ok,multi_seed_output\seed_1_S302109584\airfoils\sample_340.dat,0.08763879242926528,0.30861723446893785,1.4831992908165281e-08,1.3166409172996052e-08,0.23053998581285007,0.15699285793414017,0.20225718901261983,0.14832779325686124,0.22066648292874225,0.11110202931634136,-0.10314840360354752,0.004985217635082542,-0.0620642841281115,-0.07703959548037645,0.008709307165977523,-0.014208653508530816
sample_341,False,ok,multi_seed_output\seed_1_S302109584\airfoils\sample_341.dat,0.09330251479777314,0.3607214428857715,1.4831992908165281e-08,1.3166409172996052e-08,0.13178683942727232,0.17388478124633283,0.269568033184164,0.17149704037589192,0.11968937437091687,0.10843716758489214,-0.023979287982114877,-0.04737968584467721,-0.038787700664608925,-0.07180528847479417,-0.019972567697182392,-0.0014092105322531384
sample_342,False,ok,multi_seed_output\seed_1_S302109584\airfoils\sample_342.dat,0.10356236777559427,0.25250501002004005,1.4831992908165281e-08,1.3166409172996052e-08,0.18166641375759524,0.26185905266245474,0.22697223314021858,0.20997586558673825,0.21328495994664975,0.1927032912878195,-0.09592540274005981,-0.07999132723133513,0.023246410508682577,0.017333057371932192,-0.07842566123987729,0.018737234029101935
sample_343,False,ok,multi_seed_output\seed_1_S302109584\airfoils\sample_343.dat,0.08899118214531974,0.2004008016032064,1.4831992908165281e-08,1.3166409172996052e-08,0.23236021760176992,0.1469469368921618,0.1527428632696398,0.20803412783003233,0.1356035250410526,0.1379389033066117,-0.09702042466629857,-0.0919446147171845,0.018611843763100128,-0.07989321086891958,0.026336300434201834,-0.009859475962242348
sample_344,False,ok,multi_seed_output\seed_1_S302109584\airfoils\sample_344.dat,0.09458194566553181,0.2665330661322645,1.4831992908165281e-08,1.3166409172996052e-08,0.22900776970263972,0.20486022955511665,0.20911034470156514,0.1338686358866836,0.15640042945275742,0.1916480019316446,-0.07271609411208153,-0.038779598604407134,-0.021187716468309387,-0.09641640586807583,-0.030842112043788644,-0.017937797103194653
sample_345,False,ok,multi_seed_output\seed_1_S302109584\airfoils\sample_345.dat,0.10512450889274083,0.2725450901803607,1.4831992908165281e-08,1.3166409172996052e-08,0.21234966279473866,0.24732313191424696,0.14693453794596653,0.22693621947802967,0.1353858094769122,0.13594628537846892,-0.11376335675746571,-0.03822797579351593,-0.08224494998222613,-0.06397736765168499,-0.08892528900754222,0.0027481118426868623
sample_346,False,ok,multi_seed_output\seed_1_S302109584\airfoils\sample_346.dat,0.09052909209596059,0.1943887775551102,1.4831992908165281e-08,1.3166409172996052e-08,0.20493168488549474,0.16094936777399915,0.15678833478265217,0.18605068373017292,0.1970884039495617,0.11924172885331691,-0.11103525828183207,-0.10969937922855748,0.02054760638245204,0.006694124374260382,-0.0394854841119257,-0.005636205377975476
sample_347,False,ok,multi_seed_output\seed_1_S302109584\airfoils\sample_347.dat,0.08383234239432984,0.280561122244489,1.4831992908165281e-08,1.3166409172996052e-08,0.16731423126356457,0.19917413346686907,0.17476756117510076,0.2285499954157335,0.1088241863618124,0.15427101938354693,-0.02665829754175361,-0.07707084950831739,-0.003986747151153117,0.02897919654156768,-0.04023168582307531,0.003562722070994284
sample_348,False,ok,multi_seed_output\seed_1_S302109584\airfoils\sample_348.dat,0.10181629646993084,0.3006012024048096,1.4831992908165281e-08,1.3166409172996052e-08,0.16331016810310808,0.19000697587809212,0.2446695548255891,0.20164885015874112,0.17524302451102403,0.13109735287150615,-0.10210259197518384,-0.08075413658752995,-0.044760977395195266,-0.003088755390163761,-0.05955220321080918,-0.012657741810583018
sample_349,False,ok,multi_seed_output\seed_1_S302109584\airfoils\sample_349.dat,0.08809997639949273,0.30861723446893785,1.4831992908165281e-08,1.3166409172996052e-08,0.19650584102055582,0.15804977151049326,0.14832789113465347,0.2244859794211584,0.17964662165311007,0.19231280682739935,-0.06507316745188083,-0.08264151787681603,-0.037387648505199544,-0.03164644250109307,-0.08011951026616919,-0.02042119943251229
sample_350,False,ok,multi_seed_output\seed_1_S302109584\airfoils\sample_350.dat,0.10719659284587793,0.3226452905811623,1.4831992908165281e-08,1.3166409172996052e-08,0.12583282729778547,0.2623524642320537,0.23842423647283395,0.14407449142932446,0.15374831559639335,0.17933807025642756,-0.05342346636533772,-0.07059786939375726,-0.06045820091858665,-0.09309984971589959,-0.009752319023308337,-0.03489179813851268
sample_351,False,ok,multi_seed_output\seed_1_S302109584\airfoils\sample_351.dat,0.07588700393572265,0.38276553106212424,1.4831992908165281e-08,1.3166409172996052e-08,0.11498775586606934,0.17981867205884228,0.21146873276623257,0.15301062650227498,0.19680485096073244,0.19069875325737365,-0.021609022673825584,-0.03190488460565602,0.014999750767598671,-0.04364073224559109,-0.04533108873002443,-0.04470717345269912
sample_352,False,ok,multi_seed_output\seed_1_S302109584\airfoils\sample_352.dat,0.09896748461198648,0.3006012024048096,1.4831992908165281e-08,1.3166409172996052e-08,0.22910658290971847,0.20249871009366277,0.22581538233379775,0.19178779812205954,0.1195040079161731,0.12107767899332801,-0.032163794928317266,-0.05310553619727407,-0.05604376924168476,-0.04960440505160993,0.013287194622765647,0.035563829440386496
sample_353,False,ok,multi_seed_output\seed_1_S302109584\airfoils\sample_353.dat,0.09359922536443137,0.25250501002004005,1.4831992908165281e-08,1.3166409172996052e-08,0.168199931269071,0.2736729070988003,0.22347229228809418,0.1583352505552318,0.1338146095253928,0.13154834596798531,-0.06865048813856392,-0.03883571615241947,0.02736851305760439,-0.028003509924606484,0.025443693967213785,0.024988844578370986
sample_354,False,ok,multi_seed_output\seed_1_S302109584\airfoils\sample_354.dat,0.10125483458940149,0.3226452905811623,1.4831992908165281e-08,1.3166409172996052e-08,0.14105888700748567,0.23770663870289907,0.241331363363969,0.23499375029149366,0.12365499222771281,0.1254320763162929,-0.06522716205738681,-0.06955697259782367,0.005443086813244666,-0.08420600652009365,0.030748792296271754,-0.018678061601516888
sample_355,False,ok,multi_seed_output\seed_1_S302109584\airfoils\sample_355.dat,0.08585498831140204,0.22444889779559116,1.4831992908165281e-08,1.3166409172996052e-08,0.18614189337908318,0.19212586145946842,0.21898841431360122,0.14897755803966095,0.1330666679279574,0.17269118140311437,-0.12479921979619611,-0.009285666921163463,-0.011310661024598545,0.02506316857922425,-0.06936002150254787,-0.03248044092635821
sample_356,False,ok,multi_seed_output\seed_1_S302109584\airfoils\sample_356.dat,0.09478923781772877,0.3246492985971944,1.4831992908165281e-08,1.3166409172996052e-08,0.10668906547122221,0.19133827975256046,0.181033364985345,0.16729307471959207,0.21995007817389645,0.12363948901757708,-0.1084692034627166,-0.0733102207646435,-0.07473008622997464,-0.05157545133145158,-0.018923667442348552,-0.041771064490010563
sample_357,False,ok,multi_seed_output\seed_1_S302109584\airfoils\sample_357.dat,0.10996029799282155,0.280561122244489,1.4831992908165281e-08,1.3166409172996052e-08,0.19865559359319696,0.2389204639960597,0.20105956446823928,0.2427602311268497,0.1349544418119294,0.1561962631119643,-0.07786427301468973,-0.09254021140581581,-0.06564865618452664,0.000199351566862363,-0.06829049670678893,0.00427916096679809
sample_358,False,ok,multi_seed_output\seed_1_S302109584\airfoils\sample_358.dat,0.07745401697500043,0.3226452905811623,1.4831992908165281e-08,1.3166409172996052e-08,0.16484782098555523,0.14997500170984812,0.23410572125139822,0.19429845647840843,0.1390633491883797,0.13351143540279656,-0.046733193954504204,-0.041525201219451455,0.019798820773849785,-0.0005143075537684533,-0.0291339821241116,-0.03396451684768242
sample_359,False,ok,multi_seed_output\seed_1_S302109584\airfoils\sample_359.dat,0.08845854438017509,0.2865731462925851,1.4831992908165281e-08,1.3166409172996052e-08,0.1575203078188036,0.21459080718688067,0.19600503983955042,0.21341091153495884,0.1736019652443716,0.15846197903190995,-0.12333898432800693,0.009410096994541817,-0.059755744685927065,0.03011926231371563,-0.0295451231559421,-0.06801942908494818
sample_360,False,ok,multi_seed_output\seed_1_S302109584\airfoils\sample_360.dat,0.10439263634064667,0.30861723446893785,1.4831992908165281e-08,1.3166409172996052e-08,0.1256707284264869,0.21138083346005562,0.16515280590918158,0.24564138012838405,0.19814710888462816,0.15827946961779102,-0.13703281602607445,-0.11445991589718173,-0.027942364965565042,-0.0848581313781795,-0.05175780022322933,0.03250933718302283
sample_361,False,ok,multi_seed_output\seed_1_S302109584\airfoils\sample_361.dat,0.11290308772118013,0.30861723446893785,1.4831992908165281e-08,1.3166409172996052e-08,0.2289007595426127,0.22256747337689564,0.24019762987146834,0.24310543755575184,0.1758787188596973,0.17797609670860431,-0.11147098015533091,-0.0342171359157009,-0.09068082428654631,-0.023336281586982116,-0.058192638526372145,-0.07743103583155762
sample_362,False,ok,multi_seed_output\seed_1_S302109584\airfoils\sample_362.dat,0.09225501001215791,0.30861723446893785,1.4831992908165281e-08,1.3166409172996052e-08,0.13267966651728014,0.17976079391581784,0.19580508160351084,0.14543111658648536,0.21792793998046,0.11440835148899425,-0.08871686081773733,-0.062823215576995,-0.09339239632396736,-0.0029006497376901225,-0.015246425987347531,-0.06480323236213267
sample_363,False,ok,multi_seed_output\seed_1_S302109584\airfoils\sample_363.dat,0.10062570790019634,0.2925851703406813,1.4831992908165281e-08,1.3166409172996052e-08,0.11338224172756213,0.24697291038755625,0.2211181804633932,0.21755452168674144,0.18399782254846286,0.11945171261824998,-0.09406173567293173,-0.08485880067629759,-0.02349820194868521,0.021198980600671075,-0.028361166982902003,-0.07238286143614496
sample_364,False,ok,multi_seed_output\seed_1_S302109584\airfoils\sample_364.dat,0.07845160521510505,0.406813627254509,1.4831992908165281e-08,1.3166409172996052e-08,0.17454966952173925,0.15620134194431778,0.24228910297183448,0.1849795970535237,0.20378181249471247,0.11384355339353916,-0.04652303789415335,0.006928959390817974,0.024854106368691273,-0.05810675485602742,-0.038898347492363115,0.013686046455411938
sample_365,False,ok,multi_seed_output\seed_1_S302109584\airfoils\sample_365.dat,0.10767966303678053,0.344689378757515,1.4831992908165281e-08,1.3166409172996052e-08,0.14688615291222645,0.2128711083962599,0.2492399561878828,0.20704691183149823,0.14595180970588556,0.1017428254242611,-0.11056373063906363,-0.030094250926590918,-0.08859073090585332,-0.08186010445633246,-0.012848163301977161,0.009314801779036791
sample_366,False,ok,multi_seed_output\seed_1_S302109584\airfoils\sample_366.dat,0.079621281992459,0.30861723446893785,1.4831992908165281e-08,1.3166409172996052e-08,0.14468695381106406,0.15299413637482143,0.14489839672639812,0.23466300464429996,0.1021565449803043,0.1934578562668032,-0.12839216561055902,-0.016312911639711533,-0.06935043151793015,0.01569304326145725,-0.07432123999279527,-0.06545548571169656
sample_367,False,ok,multi_seed_output\seed_1_S302109584\airfoils\sample_367.dat,0.08856578351227314,0.35270541082164325,1.4831992908165281e-08,1.3166409172996052e-08,0.10603388628022037,0.19092525120390763,0.1534667606423551,0.20121248842984807,0.17224055702492658,0.1849782822494196,-0.1037661583784127,-0.025813663417341717,-0.09475051335989773,-0.04117455559922134,-0.029585501901541647,-0.004226598288488231
sample_368,False,ok,multi_seed_output\seed_1_S302109584\airfoils\sample_368.dat,0.10276157133119283,0.3687374749498998,1.4831992908165281e-08,1.3166409172996052e-08,0.11401160431356606,0.15739026494170946,0.2698115707766866,0.18995132436757645,0.16256035131915866,0.21995634975297698,-0.033064728372570296,-0.10999074163340114,-0.05730570175103255,-0.046062906754647415,-0.08377276032793275,-0.02203678029191905
sample_369,False,ok,multi_seed_output\seed_1_S302109584\airfoils\sample_369.dat,0.08709086768934718,0.2945891783567134,1.4831992908165281e-08,1.3166409172996052e-08,0.1742391848024314,0.171654001152182,0.22031770964088715,0.18846628629707682,0.13426975719559414,0.16214821996596257,-0.04799239553825495,-0.07187267502001213,-0.018292677298780424,0.013543946768612633,-0.03696666993210793,0.004365104179322385
sample_370,False,ok,multi_seed_output\seed_1_S302109584\airfoils\sample_370.dat,0.10342763702223821,0.2945891783567134,1.4831992908165281e-08,1.3166409172996052e-08,0.19610499899900366,0.26317262667183716,0.17227786568858877,0.2503123741453452,0.16941080195587588,0.1550249399656998,-0.06748912297726331,-0.05378871510757785,-0.040153176599204525,-0.046676995324468035,-0.03836283884227195,-0.0646357481476536
sample_371,False,ok,multi_seed_output\seed_1_S302109584\airfoils\sample_371.dat,0.09571774774267042,0.30861723446893785,1.4831992908165281e-08,1.3166409172996052e-08,0.18182198485216117,0.17864793917304653,0.22639515083132764,0.22101817128903808,0.15422001827681914,0.1747774818843419,-0.10300560096845715,-0.067041954989504,-0.004336095037892826,-0.04024493927487143,-0.0917968129213964,-0.016160644296404
sample_372,False,ok,multi_seed_output\seed_1_S302109584\airfoils\sample_372.dat,0.08925130940712475,0.3306613226452906,1.4831992908165281e-08,1.3166409172996052e-08,0.10584889850090104,0.21311130626052882,0.18473881177095325,0.2213282398561457,0.14780327526202353,0.21835989480158186,-0.025323112318623678,-0.09558433408166325,-0.022437831693095184,0.01232753778490274,-0.08429884006764447,0.026219729252917143
sample_373,False,ok,multi_seed_output\seed_1_S302109584\airfoils\sample_373.dat,0.10563188404349294,0.2745490981963928,1.4831992908165281e-08,1.3166409172996052e-08,0.2237570341153679,0.19053543211000373,0.17428355729516468,0.18152013783664722,0.22477688907916252,0.18580343910984737,-0.06847103757139873,-0.11287035729426134,-0.08251750400555193,-0.05056002675817079,0.011193224728960172,0.02642034385952685
sample_374,False,ok,multi_seed_output\seed_1_S302109584\airfoils\sample_374.dat,0.09920351632179315,0.3006012024048096,1.4831992908165281e-08,1.3166409172996052e-08,0.19720571253724872,0.2019679330545085,0.1683327669564487,0.1940597983875203,0.12732305634515909,0.22069540062163245,-0.10347438654690949,-0.03729380624438386,-0.09657627171224156,-0.07779413426079676,-0.0045177239295478705,-0.010192642010205935
sample_375,False,ok,multi_seed_output\seed_1_S302109584\airfoils\sample_375.dat,0.10412517512269755,0.2745490981963928,1.4831992908165281e-08,1.3166409172996052e-08,0.18067386673697877,0.18062229839359012,0.1914990767770042,0.23211683951583878,0.22078985564445708,0.1525345553513076,-0.1487560710351644,-0.10325720237068263,-0.02140285894115128,-0.06853932236007662,-0.051151355498716085,0.029703624783696314
sample_376,False,ok,multi_seed_output\seed_1_S302109584\airfoils\sample_376.dat,0.09571543014680567,0.3306613226452906,1.4831992908165281e-08,1.3166409172996052e-08,0.1119705597810914,0.20792911023528104,0.23135767029265075,0.20641064260094621,0.16496486408459685,0.22253606587069563,-0.10058156089056414,-0.06172914590574228,-0.02108023262906189,-0.02111770490794891,-0.0903015308250925,0.018199043307587925
sample_377,False,ok,multi_seed_output\seed_1_S302109584\airfoils\sample_377.dat,0.09276725391101395,0.3166332665330661,1.4831992908165281e-08,1.3166409172996052e-08,0.20662281657107595,0.14434463749377013,0.23391466723124998,0.20971784918050362,0.20116548137621482,0.15433797329639032,-0.0861386936107938,-0.05428080023219944,-0.041995366490181325,-0.01505904616585986,0.005102488535118105,-0.06979664211183984
sample_378,False,ok,multi_seed_output\seed_1_S302109584\airfoils\sample_378.dat,0.10059624999063992,0.30861723446893785,1.4831992908165281e-08,1.3166409172996052e-08,0.11000197036441653,0.2346135286090616,0.18411514007781365,0.1623648231254346,0.10264254156530282,0.15336278118729121,-0.09341933687248155,-0.07578036098315913,-0.07185803035185653,-0.09011824515272153,-0.02122075902699179,0.00982926848666324
sample_379,False,ok,multi_seed_output\seed_1_S302109584\airfoils\sample_379.dat,0.08661487363464904,0.3306613226452906,1.4831992908165281e-08,1.3166409172996052e-08,0.13332112143028155,0.2304268525781342,0.20496564598033634,0.18353881439443553,0.14165863549403288,0.17741461219449756,-0.031124987800031104,-0.03783564472318318,-0.005185497660756128,-0.04122033952897739,-0.052375419689138454,-0.03819812181147419
sample_380,False,ok,multi_seed_output\seed_1_S302109584\airfoils\sample_380.dat,0.09855778178340924,0.3006012024048096,1.4831992908165281e-08,1.3166409172996052e-08,0.20334263219031076,0.19797728641956175,0.21693179426816767,0.1922646595785694,0.1492893786666578,0.10828528208694692,-0.048654250035565325,-0.05467087289257616,-0.08729473102697813,-0.005465939476367421,0.03004072617516293,-0.002357250583764778
sample_381,False,ok,multi_seed_output\seed_1_S302109584\airfoils\sample_381.dat,0.09746382693286387,0.280561122244489,1.4831992908165281e-08,1.3166409172996052e-08,0.11162638096472319,0.19399418458925938,0.1487941360157057,0.2441667045841973,0.22597561895034757,0.13575992970607176,-0.1423846530163696,-0.11466943111648764,-0.041862678727310726,-0.006579759544743005,-0.03966345031101718,-0.060265543281410094
sample_382,False,ok,multi_seed_output\seed_1_S302109584\airfoils\sample_382.dat,0.09361909710336012,0.3306613226452906,1.4831992908165281e-08,1.3166409172996052e-08,0.17574475527560202,0.19519698191304108,0.2472843520724125,0.22740735451292177,0.18804500091497067,0.10296366096257695,-0.08802161724947602,-0.034592739183208585,-0.0036534376565130755,-0.008765035644721378,-0.07472413966742461,-0.02413463613846012
sample_383,False,ok,multi_seed_output\seed_1_S302109584\airfoils\sample_383.dat,0.09256132488513427,0.2945891783567134,1.4831992908165281e-08,1.3166409172996052e-08,0.17760728555534205,0.2172618934219988,0.15085407097451073,0.14579143968705857,0.18078039428032844,0.11996727250274038,-0.08028628990512743,-0.031422594466792186,-0.08902460365229993,-0.056987419401065324,-0.07406213470865926,-0.049787690447564134
sample_384,False,ok,multi_seed_output\seed_1_S302109584\airfoils\sample_384.dat,0.10109213863532157,0.3607214428857715,1.4831992908165281e-08,1.3166409172996052e-08,0.11756786068667746,0.21436612144861153,0.2426491764888602,0.1665494376189779,0.207388852617805,0.18141051902083136,-0.05565138853689945,-0.056569357751568926,-0.0520153459504102,-0.09530440871037693,-0.004178105671515442,-0.03750180259911474
sample_385,False,ok,multi_seed_output\seed_1_S302109584\airfoils\sample_385.dat,0.10399849132059916,0.30260521042084165,1.4831992908165281e-08,1.3166409172996052e-08,0.15789630726166776,0.2613575299353898,0.14631634467330745,0.1399508943068343,0.21180433854469938,0.21750337203363967,-0.039993888508185485,-0.09432439762406253,-0.09009980839106022,-0.06923745774946713,-0.0903758569730534,-0.05763398289982164
sample_386,False,ok,multi_seed_output\seed_1_S302109584\airfoils\sample_386.dat,0.0768197815893997,0.2945891783567134,1.4831992908165281e-08,1.3166409172996052e-08,0.14904686263009315,0.2068471991963979,0.23594922545494995,0.16737257816152107,0.14789338317239623,0.19304986654090794,-0.04957283742126871,-0.004888223660047222,0.026461734912867144,0.006533847971160273,-0.005080806182894887,0.017164982679644322
sample_387,False,ok,multi_seed_output\seed_1_S302109584\airfoils\sample_387.dat,0.09270921249522376,0.2725450901803607,1.4831992908165281e-08,1.3166409172996052e-08,0.19289061007236716,0.19329836836823022,0.2007616989594368,0.16623261407961604,0.10818002181268029,0.21011740178756733,-0.13514112437525724,0.012714642392811587,-0.10067874378667685,-0.01831659711158662,0.002095121534931396,0.023527030161521634
sample_388,False,ok,multi_seed_output\seed_1_S302109584\airfoils\sample_388.dat,0.08337068127010461,0.1943887775551102,1.4831992908165281e-08,1.3166409172996052e-08,0.2303352054675875,0.18838232915773362,0.17621164235364475,0.1520052369817874,0.1461426531293532,0.17070365922748554,-0.07080573323769668,-0.04254243984071736,0.023607706396356523,0.010186030917473263,-0.031959935388580704,-0.06962500167716218
sample_389,False,ok,multi_seed_output\seed_1_S302109584\airfoils\sample_389.dat,0.10021635690292402,0.2725450901803607,1.4831992908165281e-08,1.3166409172996052e-08,0.21277574621801976,0.2516392404142254,0.22260813092700826,0.1419570517014101,0.1416900554665855,0.19631775607646168,-0.032205297402334104,-0.04499341103293661,-0.06630488804278525,0.0066080783729183246,-0.02722742981844549,0.013620910069730735
sample_390,False,ok,multi_seed_output\seed_1_S302109584\airfoils\sample_390.dat,0.08699200508661194,0.24649298597194386,1.4831992908165281e-08,1.3166409172996052e-08,0.20185636916056707,0.18983149141920325,0.15825091849685488,0.24343064858579333,0.1675731606381611,0.1296394723074864,-0.05258976092525598,-0.08893854171727153,0.017802329023217434,-0.00099465690757862,-0.014597206405012553,-0.0388587284790887
sample_391,False,ok,multi_seed_output\seed_1_S302109584\airfoils\sample_391.dat,0.08418921890060467,0.2785571142284569,1.4831992908165281e-08,1.3166409172996052e-08,0.127057036941265,0.2591845101547151,0.1901786971375648,0.1621866570671121,0.1466031211899862,0.12088036483393301,-0.0968439615095994,0.009921189023733207,-0.007568922527827329,-0.040826328298023185,0.02956864067621294,-0.06376412218981375
sample_392,False,ok,multi_seed_output\seed_1_S302109584\airfoils\sample_392.dat,0.08843841410832734,0.374749498997996,1.4831992908165281e-08,1.3166409172996052e-08,0.13288251888703143,0.2578144864593013,0.16134990758527273,0.20275259947985647,0.20619483496495045,0.21368904419330992,-0.05647804296324897,0.004519893236988107,-0.027772736531098907,-0.0844816952497652,-0.03793348589378468,0.02999802870271008
sample_393,False,ok,multi_seed_output\seed_1_S302109584\airfoils\sample_393.dat,0.09062418238718871,0.2865731462925851,1.4831992908165281e-08,1.3166409172996052e-08,0.20148725653192884,0.22250281076392073,0.22655041124948197,0.19748679271568542,0.14450834904344545,0.12538715837329772,-0.0665546608019335,-0.024640857588847695,0.022265616453675946,-0.06268128590533811,-0.004932952456119119,-0.047726388769835926
sample_394,False,ok,multi_seed_output\seed_1_S302109584\airfoils\sample_394.dat,0.08423802267018134,0.2725450901803607,1.4831992908165281e-08,1.3166409172996052e-08,0.15033564718113096,0.2268973801232423,0.15172066372651938,0.1413509964993503,0.10591746432357922,0.22148344784438995,-0.10108905289890588,-0.011932622470459411,-0.02812743322109644,-0.08117902279191225,-0.08815352258541728,0.03035460190719233
sample_395,False,ok,multi_seed_output\seed_1_S302109584\airfoils\sample_395.dat,0.10608300944574858,0.2665330661322645,1.4831992908165281e-08,1.3166409172996052e-08,0.19061307825760776,0.18635300954601003,0.19160381014628924,0.17534447880554208,0.2127864373245521,0.17904333504648662,-0.14820469017767504,-0.0856108590366444,-0.07680044198766157,-0.05307414321064902,-0.037221856356505253,0.027981750459740856
sample_396,False,ok,multi_seed_output\seed_1_S302109584\airfoils\sample_396.dat,0.10025153765776215,0.22645290581162322,1.4831992908165281e-08,1.3166409172996052e-08,0.21491404273877573,0.2293556568291103,0.18601704468730212,0.2078990967229284,0.14702998244059923,0.17420735618918198,-0.14443762615588082,-0.026926361669195972,-0.01181665606603502,-0.08436611989657272,-0.0029941969048548622,-0.03666217612967429
sample_397,False,ok,multi_seed_output\seed_1_S302109584\airfoils\sample_397.dat,0.10674223765466893,0.3386773547094188,1.4831992908165281e-08,1.3166409172996052e-08,0.11610063752654705,0.25256005887542365,0.2643511458890533,0.17234331960849267,0.22552020955386604,0.17143809549936817,-0.0363315360883775,-0.08060032702465547,-0.034404830038786735,-0.04843350906494305,-0.06979038883554084,0.015166438511706279
sample_398,False,ok,multi_seed_output\seed_1_S302109584\airfoils\sample_398.dat,0.09915424334176659,0.2885771543086172,1.4831992908165281e-08,1.3166409172996052e-08,0.18707419830342875,0.16079826310988143,0.2664541392388411,0.16540784097727604,0.19927761006891692,0.10221569783864351,-0.13032837159128874,-0.0729273127957612,-0.0038550674257060435,-0.0650685538820185,-0.04466434363006117,0.04059724005419843
sample_399,False,ok,multi_seed_output\seed_1_S302109584\airfoils\sample_399.dat,0.09441071341226373,0.23246492985971942,1.4831992908165281e-08,1.3166409172996052e-08,0.17606820739305967,0.15613477906456885,0.22220067902103702,0.19478040096655252,0.10627610667709292,0.16147071741312496,-0.13494529690659218,-0.10076360405086071,0.009061511902177244,-0.007038411681187379,-0.029351456464876066,-0.0036612250847143785
sample_400,False,ok,multi_seed_output\seed_1_S302109584\airfoils\sample_400.dat,0.09410343121017295,0.3246492985971944,1.4831992908165281e-08,1.3166409172996052e-08,0.18970033482999438,0.19828921766441876,0.25728200960033576,0.23556908530375903,0.1122590867555119,0.10713438049910713,-0.04510658945902722,-0.049075269911922764,0.005749061262156019,-0.010731381998605544,-0.09067018152743467,0.015491379770292801
sample_401,False,ok,multi_seed_output\seed_1_S302109584\airfoils\sample_401.dat,0.09432977917220725,0.2725450901803607,1.4831992908165281e-08,1.3166409172996052e-08,0.14486766641062143,0.1647904557913004,0.2019405777339564,0.14695711559080576,0.21413223947658083,0.21739394118517066,-0.14486796279684724,-0.08403775142402949,-0.03197249404428974,-0.06386669824518505,-0.012988669047757334,-0.029655277182073163
sample_402,False,ok,multi_seed_output\seed_1_S302109584\airfoils\sample_402.dat,0.0867263645570091,0.2665330661322645,1.4831992908165281e-08,1.3166409172996052e-08,0.22095485881816848,0.16143369250135708,0.2596274742495615,0.14734249747223083,0.14406903430038362,0.18058046103024628,-0.10137273362414989,0.0007259161257963248,-0.027229947194324478,0.01043301364530326,-0.07210811024542682,-0.02029727620706598
sample_403,False,ok,multi_seed_output\seed_1_S302109584\airfoils\sample_403.dat,0.11450395208241104,0.250501002004008,1.4831992908165281e-08,1.3166409172996052e-08,0.22763654925271423,0.2636603574659389,0.2570490632105417,0.14826133131255215,0.1998346625948378,0.19735840263080118,-0.13673733054023376,-0.03946548928888734,-0.035460484454758245,-0.06604732952042355,0.009127389632595795,-0.0557545608913914
sample_404,False,ok,multi_seed_output\seed_1_S302109584\airfoils\sample_404.dat,0.08255987976081557,0.2605210420841683,1.4831992908165281e-08,1.3166409172996052e-08,0.14264580661248938,0.18387428013233958,0.17489391255833714,0.13268368949501588,0.18968667949059692,0.193847015210423,-0.036003044810290305,-0.11123673036918215,-0.008655572223175118,0.02455735647310449,0.0012575634429477373,-0.021766439416766717
sample_405,False,ok,multi_seed_output\seed_1_S302109584\airfoils\sample_405.dat,0.08584079592054052,0.30260521042084165,1.4831992908165281e-08,1.3166409172996052e-08,0.15910702120303377,0.21518134200196662,0.18918709039748094,0.14069382470520939,0.14713970254429212,0.12124631870376838,-0.05505340203023784,-0.01906850683258661,-0.053988150069059625,-0.02651780392523423,-0.06425250116472045,-0.01826708162571053
sample_406,False,ok,multi_seed_output\seed_1_S302109584\airfoils\sample_406.dat,0.10731767894651444,0.2785571142284569,1.4831992908165281e-08,1.3166409172996052e-08,0.21072839245454622,0.2416917398673712,0.17956104527577635,0.1400833603041065,0.15113879488633664,0.20990719015807235,-0.04198464324529484,-0.09258682540895465,-0.09809970507006409,-0.053731579150067356,0.0020119516946126986,-0.030484119913294132
sample_407,False,ok,multi_seed_output\seed_1_S302109584\airfoils\sample_407.dat,0.08358135965619759,0.26452905811623245,1.4831992908165281e-08,1.3166409172996052e-08,0.18436521742469492,0.15583122462632326,0.25311956281998926,0.14573582718671563,0.21453028861744028,0.1601982095993208,-0.10638613411006625,-0.027077711070173233,0.002199003689475801,0.01924509058200241,-0.05407604950882392,-0.03803241946584674
sample_408,False,ok,multi_seed_output\seed_1_S302109584\airfoils\sample_408.dat,0.08531890302588996,0.2124248496993988,1.4831992908165281e-08,1.3166409172996052e-08,0.14275100657967968,0.24854193910330957,0.14802845198540343,0.1301236402248841,0.21070205432791636,0.14283720500419006,-0.1333253861115589,-0.017797189290265872,0.009973664775330765,-0.045899805495222226,0.014036208648336615,-0.038304605446451374
sample_409,False,ok,multi_seed_output\seed_1_S302109584\airfoils\sample_409.dat,0.09504026156990436,0.30861723446893785,1.4831992908165281e-08,1.3166409172996052e-08,0.22669971741892106,0.1836579930351761,0.23714087508554696,0.17041520259576726,0.19873295483333542,0.1996655109323432,-0.06606814089059378,-0.0627423370418195,0.021823766186015697,-0.093766104335276,-0.08105336959589254,-0.032033473234968066
sample_410,False,ok,multi_seed_output\seed_1_S302109584\airfoils\sample_410.dat,0.09315924508042336,0.2885771543086172,1.4831992908165281e-08,1.3166409172996052e-08,0.16746637784648782,0.19824309705412244,0.17983411998041055,0.13335019081429367,0.1972692792862062,0.13486894524514065,-0.06625396229103804,-0.07036350205491447,-0.07446625101918165,-0.022967736917741635,-0.06069025330089976,-0.0007716135415753583
sample_411,False,ok,multi_seed_output\seed_1_S302109584\airfoils\sample_411.dat,0.09899849378917668,0.2605210420841683,1.4831992908165281e-08,1.3166409172996052e-08,0.2064050887484895,0.21722793001115454,0.21864733731208902,0.17430762959230234,0.11180840688860008,0.13570092967002564,-0.09285128044176,-0.049534907080817744,-0.036763463677914665,-0.023108030157876186,-0.05166282069171366,-0.0743708416838718
sample_412,False,ok,multi_seed_output\seed_1_S302109584\airfoils\sample_412.dat,0.09329067755013364,0.2885771543086172,1.4831992908165281e-08,1.3166409172996052e-08,0.15489060482918793,0.1812534666200291,0.22918988091942172,0.21943721982760525,0.1809779909349981,0.15603440241639577,-0.1344872953237365,-0.0681424917886592,0.028570924289277586,-0.05168780726747314,-0.047055403952914666,-0.06339485785341573
sample_413,False,ok,multi_seed_output\seed_1_S302109584\airfoils\sample_413.dat,0.08791483884991494,0.30861723446893785,1.4831992908165281e-08,1.3166409172996052e-08,0.1871527965078483,0.18293915389680176,0.2609129876742889,0.17162934256453427,0.2287060351817216,0.10837061551668892,-0.030885627696747034,-0.059610501671639615,0.014931361797348025,0.011238494327151086,-0.046416893483126526,-0.012196772690374114
sample_414,False,ok,multi_seed_output\seed_1_S302109584\airfoils\sample_414.dat,0.09002860971379928,0.2725450901803607,1.4831992908165281e-08,1.3166409172996052e-08,0.13001110858083276,0.18090748667982814,0.21239995844986267,0.14078194140452543,0.12041576179650218,0.14464339407253043,-0.11358803512700266,-0.0675406642444968,-0.052755109701957056,0.01158268244447383,-0.01314925755781371,-0.04141050845812924
sample_415,False,ok,multi_seed_output\seed_1_S302109584\airfoils\sample_415.dat,0.08258292147078497,0.35270541082164325,1.4831992908165281e-08,1.3166409172996052e-08,0.11491616008100304,0.1754147052457531,0.25051025990952497,0.14647107417760724,0.18964870973800024,0.1009015371451759,-0.03464300520956741,-0.056895248335211,0.02037167182039204,-0.056381234448521,-0.012494181656637918,-0.05411547381786806
sample_416,False,ok,multi_seed_output\seed_1_S302109584\airfoils\sample_416.dat,0.07855379590512587,0.25250501002004005,1.4831992908165281e-08,1.3166409172996052e-08,0.22013993603427967,0.16799580447391826,0.1703709725354246,0.1461166229113441,0.18176289590853761,0.2011350038256982,-0.03048741989419848,-0.04855597987886412,-0.0033277004125862736,-0.023612118803077287,-0.0492577480208662,-0.04925702198787696
sample_417,False,ok,multi_seed_output\seed_1_S302109584\airfoils\sample_417.dat,0.1081878864122541,0.2665330661322645,1.4831992908165281e-08,1.3166409172996052e-08,0.1953712002012683,0.24061108093243408,0.20431962671745305,0.13224450306308821,0.2170482595705698,0.1162763473662368,-0.07041649367556203,-0.09937953046350968,-0.07450692560846969,-0.02721397058305182,0.0228697200749972,-0.00681736854245811
sample_418,False,ok,multi_seed_output\seed_1_S302109584\airfoils\sample_418.dat,0.08807719120221663,0.3246492985971944,1.4831992908165281e-08,1.3166409172996052e-08,0.1545217258667118,0.18357711454867215,0.22857082127117925,0.2046608092994112,0.18060202359101646,0.16238893421514938,-0.13999957934424148,0.01234103530778538,-0.03689239770593267,-0.023492790002741945,-0.016947555686093033,0.02480516377348911
sample_419,False,ok,multi_seed_output\seed_1_S302109584\airfoils\sample_419.dat,0.09000073774063667,0.2865731462925851,1.4831992908165281e-08,1.3166409172996052e-08,0.1862016263704867,0.23487969726023916,0.2745191630793433,0.18179929835311762,0.1398498323200482,0.22007105266978508,-0.05390874056276006,-0.0122807686286516,0.019663613301484334,0.02921068593174138,-0.05830817521995975,-0.03508417593015481
sample_420,False,ok,multi_seed_output\seed_1_S302109584\airfoils\sample_420.dat,0.10374044873741162,0.3226452905811623,1.4831992908165281e-08,1.3166409172996052e-08,0.16435422000102912,0.1674929993619796,0.21910392380124186,0.20689673459354857,0.14105216325623834,0.1749450313782533,-0.07745918300310853,-0.10246338536569724,-0.08279898268512405,-0.04771299181588808,-0.021600476558815,0.0020576140999288145
sample_421,False,ok,multi_seed_output\seed_1_S302109584\airfoils\sample_421.dat,0.11118970880481342,0.2665330661322645,1.4831992908165281e-08,1.3166409172996052e-08,0.20451132919530257,0.26264214762678767,0.1589304965237491,0.23527605450275085,0.1225748853348225,0.14968394302372345,-0.10983912059946031,-0.07721153221080182,-0.05413514288388891,-0.09492813804986049,0.005583302707038912,-0.07703947308481023
sample_422,False,ok,multi_seed_output\seed_1_S302109584\airfoils\sample_422.dat,0.0819037299392064,0.2945891783567134,1.4831992908165281e-08,1.3166409172996052e-08,0.15387045136548813,0.20899812069255141,0.1497004456194504,0.22038007080566194,0.21519524994864692,0.11098287869435541,-0.05977811292018778,-0.055217685977962075,0.007224033694833529,-0.005157153510056578,-0.0804833297023926,-0.021635485970323373
sample_423,False,ok,multi_seed_output\seed_1_S302109584\airfoils\sample_423.dat,0.0931705313457181,0.3687374749498998,1.4831992908165281e-08,1.3166409172996052e-08,0.12549896040347425,0.21416408940215395,0.18178386017916434,0.2394395612432931,0.11381891200789612,0.11428023826986204,-0.0645180587214719,-0.002462659839359879,-0.08674725775491121,-0.06481368043522587,-0.009129125807597643,-0.0012756147010363483
sample_424,False,ok,multi_seed_output\seed_1_S302109584\airfoils\sample_424.dat,0.11577532452487224,0.31462925851703405,1.4831992908165281e-08,1.3166409172996052e-08,0.15716990231698486,0.2733022544371092,0.2089342367584639,0.2057817099562064,0.1978943999543265,0.16298012984462784,-0.08723533148569544,-0.07558401408631168,-0.09328888586673587,-0.04877236245449529,-0.07151175889300833,0.00139432608758093
sample_425,False,ok,multi_seed_output\seed_1_S302109584\airfoils\sample_425.dat,0.096986390974695,0.406813627254509,1.4831992908165281e-08,1.3166409172996052e-08,0.22698428902340453,0.15499003802554775,0.23796217670232567,0.24859144198433847,0.22145306883946142,0.11559226934509978,-0.02141876873868212,-0.04806769711802311,-0.02358776565179249,-0.04931228357596321,-0.0799222386859968,-0.024384284918680596
sample_426,False,ok,multi_seed_output\seed_1_S302109584\airfoils\sample_426.dat,0.09430337982294018,0.19839679358717432,1.4831992908165281e-08,1.3166409172996052e-08,0.21254337805312726,0.2567363505947012,0.1600825940038421,0.24479062860340206,0.11576464604123604,0.17434480017480447,-0.13878015859582876,0.0010954890278822987,0.025914448280301247,-0.04707569588798129,-0.08090537053256916,-0.06752264639929047
sample_427,False,ok,multi_seed_output\seed_1_S302109584\airfoils\sample_427.dat,0.10085808600316656,0.3166332665330661,1.4831992908165281e-08,1.3166409172996052e-08,0.17448023497139897,0.21057408800276925,0.21068778903868643,0.2347102562768667,0.13173072615373727,0.1697240661537047,-0.05843054453848216,-0.055430076699285485,-0.08719531391756141,-0.0017897757817921939,-0.004574561611278671,-0.049404299248453215
sample_428,False,ok,multi_seed_output\seed_1_S302109584\airfoils\sample_428.dat,0.09143255436966831,0.344689378757515,1.4831992908165281e-08,1.3166409172996052e-08,0.149190972763161,0.196264917455663,0.2154264816055284,0.15235201264507894,0.21542340643335167,0.20679921002547147,-0.07977185346133672,-0.019174726593558386,-0.06029370970555659,-0.06654458871113382,-0.0003662757451663723,0.03172040345130976
sample_429,False,ok,multi_seed_output\seed_1_S302109584\airfoils\sample_429.dat,0.10024778142973995,0.21843687374749496,1.4831992908165281e-08,1.3166409172996052e-08,0.20955405960592605,0.2439317553689631,0.20071152947667795,0.19346417004110145,0.19395565835846604,0.13741505727728734,-0.11998686142834337,-0.04732009406090064,-0.005703388127037787,0.02927778796856685,-0.040928130231467796,-0.04229148244454104
sample_430,False,ok,multi_seed_output\seed_1_S302109584\airfoils\sample_430.dat,0.10018707477474212,0.3306613226452906,1.4831992908165281e-08,1.3166409172996052e-08,0.15106802184791968,0.17041788916962436,0.22225417246169604,0.2082629200269555,0.13702844570823106,0.1314650115350951,-0.08495132354774021,-0.08615320006983002,-0.06108283119589927,-0.07418094283386309,0.03277672810996034,-0.028409080082600673
sample_431,False,ok,multi_seed_output\seed_1_S302109584\airfoils\sample_431.dat,0.11022586797850024,0.3607214428857715,1.4831992908165281e-08,1.3166409172996052e-08,0.11769295624860741,0.20589378661773336,0.2619936800720394,0.241687900908183,0.20010661993917295,0.14485361108882958,-0.06270430298374505,-0.10103755494956702,-0.04407877901359333,-0.05578527394319223,-0.03787924280180873,-0.08043715258521822
sample_432,False,ok,multi_seed_output\seed_1_S302109584\airfoils\sample_432.dat,0.10359711060701239,0.3306613226452906,1.4831992908165281e-08,1.3166409172996052e-08,0.21113296869932002,0.2521644845125671,0.23503612274308727,0.16025300735469739,0.22467287010735082,0.11215680911436064,-0.02700958228979837,-0.03177199777341255,-0.04360503663352959,-0.08360987592776066,-0.06997076325976928,0.037078669356555696
sample_433,False,ok,multi_seed_output\seed_1_S302109584\airfoils\sample_433.dat,0.09500815822009653,0.35270541082164325,1.4831992908165281e-08,1.3166409172996052e-08,0.13320082169033653,0.1488734773505274,0.17741594001303057,0.16974456904114538,0.16151862712364567,0.1977342311947138,-0.1204452801816867,-0.06385195013265255,-0.09928529477927771,-0.08900834386440681,-0.04777344934968434,0.0037726407844252963
sample_434,False,ok,multi_seed_output\seed_1_S302109584\airfoils\sample_434.dat,0.10178306466228226,0.3226452905811623,1.4831992908165281e-08,1.3166409172996052e-08,0.15370712907799697,0.18211202170071955,0.22709928319194692,0.135510161113526,0.19615388693673297,0.16925559327458478,-0.07958730402303758,-0.0873193392023025,-0.07042943012762776,-0.0950182258241509,-0.0006416662870739193,-0.05463685007053824
sample_435,False,ok,multi_seed_output\seed_1_S302109584\airfoils\sample_435.dat,0.1076042960412576,0.3306613226452906,1.4831992908165281e-08,1.3166409172996052e-08,0.1952525369350408,0.15327553646134792,0.2737521336933524,0.24447596819402523,0.12823275320626412,0.15575822818519236,-0.026567628478537733,-0.11279843392414604,-0.08405386252907429,0.0053402014208877024,0.012770801347354699,-0.048413558444095346
sample_436,False,ok,multi_seed_output\seed_1_S302109584\airfoils\sample_436.dat,0.09344337376832408,0.2725450901803607,1.4831992908165281e-08,1.3166409172996052e-08,0.21873665482267338,0.2310599374515438,0.2346093437376301,0.1994216228370987,0.21260120881816807,0.10137218248630486,-0.06485114574503102,-0.020286596107946725,0.0016752562025724033,0.016936372488967663,-0.09135984012502266,0.033071068599558676
sample_437,False,ok,multi_seed_output\seed_1_S302109584\airfoils\sample_437.dat,0.09082481349932697,0.3386773547094188,1.4831992908165281e-08,1.3166409172996052e-08,0.16688367840349239,0.1963201098049015,0.1458094883140394,0.1677428769771332,0.22701356119060564,0.16726784723401653,-0.05751047709417631,-0.038448495650604056,-0.10076004067141484,-0.05274860055176529,-0.03585033365293387,-0.028925572587484405
sample_438,False,ok,multi_seed_output\seed_1_S302109584\airfoils\sample_438.dat,0.0819081611779464,0.3226452905811623,1.4831992908165281e-08,1.3166409172996052e-08,0.10811892760819607,0.1704719466105572,0.14712708956871853,0.20036641731643284,0.1992005986227083,0.13383928485116428,-0.0659207571361551,-0.07246492925508824,-0.06645038987577737,0.02442713355687015,-0.03666896820805693,-0.06893216418491342
sample_439,False,ok,multi_seed_output\seed_1_S302109584\airfoils\sample_439.dat,0.08552022929359143,0.2665330661322645,1.4831992908165281e-08,1.3166409172996052e-08,0.1660000126396879,0.2012585602735539,0.1459209283255105,0.1553003968813049,0.11664645076345419,0.17563314099908744,-0.0673659723126434,-0.059709634645533895,-0.040893286590094655,-0.03738749420868172,-0.06687890160637747,-0.02265164765867065
sample_440,False,ok,multi_seed_output\seed_1_S302109584\airfoils\sample_440.dat,0.0792910422577849,0.21843687374749496,1.4831992908165281e-08,1.3166409172996052e-08,0.13650605734716667,0.1673660442583691,0.14925502056382556,0.1975346892616959,0.11368466667797048,0.18704933875234303,-0.1380189799327075,-0.04921177116732878,-0.006938055392741005,0.006061110537512626,0.017200773277433107,-0.06553964754908281
sample_441,False,ok,multi_seed_output\seed_1_S302109584\airfoils\sample_441.dat,0.1148740126311397,0.3306613226452906,1.4831992908165281e-08,1.3166409172996052e-08,0.18364920224031117,0.21972898129992519,0.26555910271055577,0.16325775096387782,0.1406922106370439,0.11362078215136615,-0.020620580762804513,-0.10483429539382927,-0.08820797072459177,-0.07496258254771869,-0.059685934029522776,-0.06811511774903078
sample_442,False,ok,multi_seed_output\seed_1_S302109584\airfoils\sample_442.dat,0.08999257290873335,0.3687374749498998,1.4831992908165281e-08,1.3166409172996052e-08,0.18842409602704274,0.15443730435987046,0.24980516186585752,0.20553330744403359,0.14877026550921565,0.14420292475220364,-0.10992861596424852,-0.006774232300487293,-0.012482701035987198,-0.06681634131615863,-0.05920006859622779,-0.06221199872364458
sample_443,False,ok,multi_seed_output\seed_1_S302109584\airfoils\sample_443.dat,0.09843922501991245,0.25250501002004005,1.4831992908165281e-08,1.3166409172996052e-08,0.1735044646617797,0.18815375222798394,0.18755801641594683,0.21803834927449914,0.12223357902090509,0.1909994271549372,-0.11115608673813357,-0.10368128964630585,-0.03725142254800626,0.0089281719003199,0.006439612314563761,0.015089414814723104
sample_444,False,ok,multi_seed_output\seed_1_S302109584\airfoils\sample_444.dat,0.10534263618976746,0.2925851703406813,1.4831992908165281e-08,1.3166409172996052e-08,0.21397539087516543,0.2722823237710576,0.18925597324210597,0.21465543778043794,0.16687535804311115,0.13194888441261457,-0.10478074889267575,0.012643556196865496,-0.09183394295964613,-0.0591492039675067,0.011963984252626639,0.04269056661303544
sample_445,False,ok,multi_seed_output\seed_1_S302109584\airfoils\sample_445.dat,0.10780109753777925,0.3006012024048096,1.4831992908165281e-08,1.3166409172996052e-08,0.12614758699279568,0.22206541556235482,0.2578648638325469,0.18021285423314212,0.18722813447471504,0.1872832420065488,-0.12371689426646221,-0.07096676281978961,-0.0805282581729337,-0.0019075575035541054,0.02217096426487597,0.018133055296201434
sample_446,False,ok,multi_seed_output\seed_1_S302109584\airfoils\sample_446.dat,0.09842873846708908,0.30861723446893785,1.4831992908165281e-08,1.3166409172996052e-08,0.14201608766173401,0.2261648760354788,0.2192026120580623,0.20414673297480102,0.17474368274148916,0.1644111641918899,-0.053981912887260286,-0.07928443444415756,-0.047592421495657705,0.02491248880018139,-0.0796696306516473,-0.002101533771710795
sample_447,False,ok,multi_seed_output\seed_1_S302109584\airfoils\sample_447.dat,0.09095042448676827,0.26452905811623245,1.4831992908165281e-08,1.3166409172996052e-08,0.19043518803656406,0.26944546364783506,0.18669952569129064,0.21824342360029253,0.11101789809722484,0.17703440227566541,-0.054470741008548026,-0.01914386402535695,0.0031094481914066274,0.004296786761708124,-0.0750094747143712,0.03567239047902861
sample_448,False,ok,multi_seed_output\seed_1_S302109584\airfoils\sample_448.dat,0.0989674565464091,0.2885771543086172,1.4831992908165281e-08,1.3166409172996052e-08,0.21875553707843898,0.18725938664231115,0.2454141562747968,0.17310259160649877,0.15866440717108515,0.2111031532261095,-0.09397181333195924,-0.020979286143805356,-0.08870397167679953,0.005811714038041774,-0.006673503657005642,0.011077984846966968
sample_449,False,ok,multi_seed_output\seed_1_S302109584\airfoils\sample_449.dat,0.09769264523655904,0.26452905811623245,1.4831992908165281e-08,1.3166409172996052e-08,0.23467003918013069,0.15356600858669237,0.26848581539648086,0.2130520269029958,0.16634386322836509,0.12951679910209557,-0.08865377989909183,-0.08911591915750336,0.022904688491930794,-0.007984039173026869,-0.05602460517078492,-0.08213279269260942
sample_450,False,ok,multi_seed_output\seed_1_S302109584\airfoils\sample_450.dat,0.07923565867628732,0.2725450901803607,1.4831992908165281e-08,1.3166409172996052e-08,0.17051938090607155,0.16750126302070706,0.20986920727960784,0.14592361147164956,0.18647139458752648,0.09859699197807632,-0.03471680776137247,-0.0722352196999269,0.01111159171456634,0.02334192293415284,-0.07731009780510378,0.04450020083816808
sample_451,False,ok,multi_seed_output\seed_1_S302109584\airfoils\sample_451.dat,0.09146203726389741,0.23847695390781562,1.4831992908165281e-08,1.3166409172996052e-08,0.18289310280171867,0.223984441064694,0.15797127199835417,0.1672645101742057,0.16596828158296612,0.14242730325271966,-0.0738832875469111,-0.07481370662918345,-0.02224764982957511,0.01679924669805788,-0.0894070148169484,-0.017270067634789943
sample_452,False,ok,multi_seed_output\seed_1_S302109584\airfoils\sample_452.dat,0.09906260590254705,0.23246492985971942,1.4831992908165281e-08,1.3166409172996052e-08,0.22816348963601815,0.17077218863315521,0.20127486995013089,0.17581660298260643,0.20926014264500858,0.16450731861493897,-0.1208386893622258,-0.07959683913042256,-0.019314701547507362,-0.049905600773605625,-0.05851189040851218,-0.021276787900967487
sample_453,False,ok,multi_seed_output\seed_1_S302109584\airfoils\sample_453.dat,0.09044132188460219,0.2945891783567134,1.4831992908165281e-08,1.3166409172996052e-08,0.13052471267349222,0.22593922636798067,0.20558884712243902,0.20438636979191818,0.19124244069455187,0.19374509357686776,-0.05438351750883556,-0.08012459641126649,0.008308284520625625,-0.005786850943516303,0.0069261030988562455,-0.06323088690478924
sample_454,False,ok,multi_seed_output\seed_1_S302109584\airfoils\sample_454.dat,0.08294351023825176,0.17434869739478956,1.4831992908165281e-08,1.3166409172996052e-08,0.22222692807502933,0.1902708491057626,0.1691027612324731,0.14455706291583303,0.13471832577645687,0.14770681769503127,-0.11474350488872048,0.0007964303244803322,-0.00021126531934613502,0.010953369716510702,-0.05574212815062238,-0.005446770255999392
sample_455,False,ok,multi_seed_output\seed_1_S302109584\airfoils\sample_455.dat,0.09086059398223162,0.2124248496993988,1.4831992908165281e-08,1.3166409172996052e-08,0.19781228570372533,0.19440992678529082,0.1583507296900002,0.1885474234950542,0.17565806949651286,0.20721538575137233,-0.10487329423835029,-0.0787455118192129,0.008956532667252506,-0.014645832305149348,-0.05750711856131455,0.0013382336997520977
sample_456,False,ok,multi_seed_output\seed_1_S302109584\airfoils\sample_456.dat,0.09233797699761706,0.41482965931863724,1.4831992908165281e-08,1.3166409172996052e-08,0.1782127995969317,0.21515228523131177,0.23634203117977265,0.22319974844301851,0.22130473581324103,0.21522033362909804,-0.021921550289402375,-0.0075584646228966795,0.014647054331428266,-0.08245822439155387,-0.04281197476562468,-0.034195047344519766
sample_457,False,ok,multi_seed_output\seed_1_S302109584\airfoils\sample_457.dat,0.09805883146814681,0.31462925851703405,1.4831992908165281e-08,1.3166409172996052e-08,0.11596367191039339,0.21557720879079956,0.26766538582178306,0.19473942496171492,0.10299135498126408,0.15553809798837895,-0.11316221906256915,-0.05278611200663057,-0.008190266285575606,-0.03356987743203904,-0.056654183741451855,-0.03976799362860519
sample_458,False,ok,multi_seed_output\seed_1_S302109584\airfoils\sample_458.dat,0.08501666228229546,0.3166332665330661,1.4831992908165281e-08,1.3166409172996052e-08,0.14387559435747949,0.2211494549670645,0.20022159119401411,0.16709146806011882,0.1392871375877367,0.1152992035772166,-0.03132631035619418,-0.013497024488267534,-0.06558190506061762,0.008002120148640171,0.00015494417047989817,-0.06359130419319002
sample_459,False,ok,multi_seed_output\seed_1_S302109584\airfoils\sample_459.dat,0.07411830118948068,0.3166332665330661,1.4831992908165281e-08,1.3166409172996052e-08,0.152795285497078,0.15429533629258374,0.2376491975891139,0.18129511880683138,0.11148801557845797,0.10699992195420997,-0.0675356527894013,-0.001967134761824557,-0.005057177265255966,0.03339206484790712,-0.06556508796224969,0.010235737756969704
sample_460,False,ok,multi_seed_output\seed_1_S302109584\airfoils\sample_460.dat,0.10852663088376331,0.2665330661322645,1.4831992908165281e-08,1.3166409172996052e-08,0.1678040764600823,0.27083728318944467,0.23261580428014353,0.1906306539984526,0.19379561927372624,0.216128830562427,-0.0996020979819775,-0.07289124022688373,-0.040963276433531814,0.030980112100461574,-0.020756435759892083,-0.043339010140082894
sample_461,False,ok,multi_seed_output\seed_1_S302109584\airfoils\sample_461.dat,0.08714910323706884,0.30861723446893785,1.4831992908165281e-08,1.3166409172996052e-08,0.11834707555481952,0.16600025049875594,0.25538068666543673,0.1781388383247356,0.11087177262738919,0.21460452565735955,-0.07249243407087495,-0.08123005270846795,0.00013591810746328703,0.0011999012314531793,-0.007166890520729663,-0.026722517503828112
sample_462,False,ok,multi_seed_output\seed_1_S302109584\airfoils\sample_462.dat,0.1060477751294884,0.3166332665330661,1.4831992908165281e-08,1.3166409172996052e-08,0.13550056301634802,0.256038493571349,0.26340513702087187,0.23481202257936604,0.12690370418709,0.21220460148662648,-0.1257978978830246,-0.0009596350300851986,-0.0746580433767291,0.0054691819644037964,-0.030675682752054262,0.04011841599971233
sample_463,False,ok,multi_seed_output\seed_1_S302109584\airfoils\sample_463.dat,0.07600781484269224,0.3306613226452906,1.4831992908165281e-08,1.3166409172996052e-08,0.154391137991337,0.1697234079746512,0.22118703342780655,0.16141666562274296,0.16249137348887105,0.10674443158564802,-0.06538416538502875,0.0032815458957482085,-0.009518372629510288,-0.02630511195953983,0.0044188004235078265,0.018774226253254797
sample_464,False,ok,multi_seed_output\seed_1_S302109584\airfoils\sample_464.dat,0.08764269642053188,0.344689378757515,1.4831992908165281e-08,1.3166409172996052e-08,0.13213928816356008,0.19043302896032904,0.16921313843496674,0.2105109400275267,0.19366896876314033,0.1745256469035933,-0.13981465468229987,-0.013888016472889744,-0.03764885733906172,-0.07917793385399521,-0.005634548556241931,0.03625687227056437
sample_465,False,ok,multi_seed_output\seed_1_S302109584\airfoils\sample_465.dat,0.1183902574598634,0.24649298597194386,1.4831992908165281e-08,1.3166409172996052e-08,0.2338953714379378,0.2640523448088936,0.2166650738128897,0.22638225183431046,0.16129274646369346,0.21148907730079936,-0.1378408032875889,-0.06675065125591925,-0.05039314601770343,-0.044288500863558976,0.00674245488532127,0.030831887939669192
sample_466,False,ok,multi_seed_output\seed_1_S302109584\airfoils\sample_466.dat,0.07470038527073442,0.3386773547094188,1.4831992908165281e-08,1.3166409172996052e-08,0.13661167925419562,0.19198854990204692,0.2079831272258876,0.14208174047351677,0.11499407154607705,0.21200146263133124,-0.04530183458119974,-0.00479841102163156,0.015516221491583632,-0.07114970537978614,-0.024680801842539887,-0.056011491614086806
sample_467,False,ok,multi_seed_output\seed_1_S302109584\airfoils\sample_467.dat,0.10154803021823348,0.30861723446893785,1.4831992908165281e-08,1.3166409172996052e-08,0.14736819377288266,0.26976106102480385,0.2097818505683185,0.142348964557046,0.21854353069831858,0.1616079910795646,-0.08889567126078973,-0.022927376971525207,-0.06725409623627504,-0.04943568320179455,-0.07498824984442942,-0.021268495812847718
sample_468,False,ok,multi_seed_output\seed_1_S302109584\airfoils\sample_468.dat,0.08601059642572696,0.35871743486973945,1.4831992908165281e-08,1.3166409172996052e-08,0.119811361751755,0.20679364397650246,0.17021958183551678,0.21853205450735724,0.1299256601849962,0.19399572984332852,-0.11042996822309117,1.8845875033493553e-05,-0.047212883477206535,-0.05546633131097583,-0.036571502844436936,-0.07771591967206377
sample_469,False,ok,multi_seed_output\seed_1_S302109584\airfoils\sample_469.dat,0.09772182069641261,0.22645290581162322,1.4831992908165281e-08,1.3166409172996052e-08,0.2264206877146893,0.23129612390541365,0.17372541874952036,0.20635791956565613,0.22196446790807126,0.12764349343152143,-0.1364814933558252,0.011380527265957785,-0.0806422538479386,0.018030816206847183,0.00042582777007808825,-0.022209550012870435
sample_470,False,ok,multi_seed_output\seed_1_S302109584\airfoils\sample_470.dat,0.09487320972144467,0.3607214428857715,1.4831992908165281e-08,1.3166409172996052e-08,0.10711374901784089,0.16330889505838206,0.15025472631671744,0.22905496333715203,0.21893305640461808,0.22117768239817728,-0.1017690295615135,-0.0893308307385764,-0.09938410895910828,-0.014998172022451461,-0.06919465466567133,-0.011358361007992743
sample_471,False,ok,multi_seed_output\seed_1_S302109584\airfoils\sample_471.dat,0.07890886368146638,0.2725450901803607,1.4831992908165281e-08,1.3166409172996052e-08,0.21723826803376384,0.14896614126723226,0.15238996088834741,0.16637799504948128,0.2005422181255648,0.1676041260559845,-0.06107618598945519,-0.024366586799272075,-0.06499235171709801,0.005240980085263455,-0.05540037829569116,-0.08102815148095277
sample_472,False,ok,multi_seed_output\seed_1_S302109584\airfoils\sample_472.dat,0.09419764676554077,0.2064128256513026,1.4831992908165281e-08,1.3166409172996052e-08,0.19243432652639275,0.17335731235996965,0.19030621246891113,0.15937295717062894,0.1968771578029546,0.12075455992347182,-0.14935076669617023,-0.06801759334840857,-0.01715095867981757,-0.004537851225766484,-0.01862294376100916,-0.08048086410153633
sample_473,False,ok,multi_seed_output\seed_1_S302109584\airfoils\sample_473.dat,0.07679877491340614,0.30861723446893785,1.4831992908165281e-08,1.3166409172996052e-08,0.19264066594413992,0.15244155523787484,0.188315617715413,0.16251991324100132,0.173932565294389,0.13158504905592322,-0.06289920049030816,-0.01802151082368522,-0.020526032017642984,-0.022697442365666648,-0.0558018624279484,-0.05194792193809574
sample_474,False,ok,multi_seed_output\seed_1_S302109584\airfoils\sample_474.dat,0.10105302382868547,0.2605210420841683,1.4831992908165281e-08,1.3166409172996052e-08,0.23017123424919528,0.2678051135217221,0.24503918598846558,0.19142513923924803,0.10787432960798568,0.1175848523448021,-0.07768090415617719,0.010516505283401617,-0.04791780190667763,0.018602166675257673,-0.024216537937925997,0.03920014923431979
sample_475,False,ok,multi_seed_output\seed_1_S302109584\airfoils\sample_475.dat,0.10036560658817378,0.30861723446893785,1.4831992908165281e-08,1.3166409172996052e-08,0.14544551832144978,0.26292456869647535,0.2133372811495507,0.16718139454507638,0.22966987036425812,0.16122302781803044,-0.045750838791510165,-0.052898105699983725,-0.060545423198612724,0.00023875740368403675,-0.07403117295128468,-0.038960915408374895
sample_476,False,ok,multi_seed_output\seed_1_S302109584\airfoils\sample_476.dat,0.09102773474533518,0.3246492985971944,1.4831992908165281e-08,1.3166409172996052e-08,0.13816080846215656,0.1635001203592569,0.2385990854437371,0.1273447981407416,0.22446970641955225,0.13040791946252767,-0.09733088545397081,-0.02937228350204249,-0.09659301338000847,0.0031234222566952075,-0.035197415101521204,0.01750269740635718
sample_477,False,ok,multi_seed_output\seed_1_S302109584\airfoils\sample_477.dat,0.0976161411904176,0.30861723446893785,1.4831992908165281e-08,1.3166409172996052e-08,0.11951366644135475,0.27247575467079543,0.18122221096419816,0.15252669105745428,0.2218445787196151,0.22343746137960965,-0.09483440680011515,-0.013274905733343209,-0.09587417955716682,-0.015375427553418669,-0.03392309380330218,-0.02811329083858982
sample_478,False,ok,multi_seed_output\seed_1_S302109584\airfoils\sample_478.dat,0.11876513327356601,0.3226452905811623,1.4831992908165281e-08,1.3166409172996052e-08,0.1655494879342071,0.26873214331054335,0.26021485886378043,0.2406559237285929,0.15813763953029022,0.1600579575857844,-0.08063642833640564,-0.08440969856212667,-0.04750702397049048,-0.052280808429678034,-0.06617066337164523,-0.049092125799202004
sample_479,False,ok,multi_seed_output\seed_1_S302109584\airfoils\sample_479.dat,0.10481555557077986,0.2945891783567134,1.4831992908165281e-08,1.3166409172996052e-08,0.15152575593102732,0.23971731575071017,0.1815853514416703,0.21673087829402077,0.1915204901739121,0.16609501743745136,-0.09194748929928794,-0.10183061223442218,-0.026100291286611677,-0.08219571227706017,0.0026403092434497955,0.003341061814141219
sample_480,False,ok,multi_seed_output\seed_1_S302109584\airfoils\sample_480.dat,0.11044808208837938,0.3006012024048096,1.4831992908165281e-08,1.3166409172996052e-08,0.14794157721024864,0.25295136963401105,0.2552413807439306,0.175130731377272,0.15832368170577343,0.21600526352163182,-0.10453999616874854,-0.05509236622934438,-0.0836004013794146,-0.013765928324518437,0.0022020753126838766,-0.06825420071161266
sample_481,False,ok,multi_seed_output\seed_1_S302109584\airfoils\sample_481.dat,0.09526635927804006,0.2865731462925851,1.4831992908165281e-08,1.3166409172996052e-08,0.1632719252343957,0.2643096013988883,0.17328003404173445,0.17109645214007396,0.10496212087931682,0.16914802827470626,-0.10664361269566974,0.012073709525878856,-0.07789848782601191,-0.06812786052928167,0.018100067238484743,0.02198116672517382
sample_482,False,ok,multi_seed_output\seed_1_S302109584\airfoils\sample_482.dat,0.09153627349347672,0.24649298597194386,1.4831992908165281e-08,1.3166409172996052e-08,0.1431511508373201,0.24241620354359295,0.17999853815851533,0.1287939553804645,0.15347484181375767,0.11046293524754112,-0.11950195776121415,-0.03450713784478521,-0.033147631614659764,-0.017449360391471963,-0.054324118578120195,-0.04128465183204491
sample_483,False,ok,multi_seed_output\seed_1_S302109584\airfoils\sample_483.dat,0.0921338686126197,0.3306613226452906,1.4831992908165281e-08,1.3166409172996052e-08,0.13067108430977153,0.23312462305389225,0.2354083704510414,0.1515199391421006,0.14973916625333816,0.21681038464983446,-0.07947028319246038,-0.0038794049429251437,-0.046419498466980236,-0.03661307949735549,-0.06544405184502422,-0.03892380029775596
sample_484,False,ok,multi_seed_output\seed_1_S302109584\airfoils\sample_484.dat,0.09063721284321079,0.38276553106212424,1.4831992908165281e-08,1.3166409172996052e-08,0.1089805143211181,0.16897658276599137,0.18845407219436974,0.20875621083391996,0.16442031258341047,0.18611805911334464,-0.07764510792165903,-0.04416845447906555,-0.06777211195560007,-0.06673951490989993,-0.027824941520901827,-0.003408223469582153
sample_485,False,ok,multi_seed_output\seed_1_S302109584\airfoils\sample_485.dat,0.089554587265562,0.23246492985971942,1.4831992908165281e-08,1.3166409172996052e-08,0.13346010576313067,0.25418311626975115,0.19089337745288276,0.16311073681475807,0.1672573391376777,0.114781746807802,-0.14063126508501342,-0.017495006437192928,0.011459292484777714,-0.02041401547460929,-0.0027475488690609784,0.015434868878785368
sample_486,False,ok,multi_seed_output\seed_1_S302109584\airfoils\sample_486.dat,0.09057017832515347,0.3366733466933867,1.4831992908165281e-08,1.3166409172996052e-08,0.1098318793390665,0.26119526705991547,0.17986875711549177,0.1902287979633749,0.21339111452610304,0.1869367844361167,-0.07096540016094792,0.010198947911424588,-0.09022021954665489,0.017494857897919908,-0.043595299997069764,-0.04426878582258662
sample_487,False,ok,multi_seed_output\seed_1_S302109584\airfoils\sample_487.dat,0.09191234396469296,0.3607214428857715,1.4831992908165281e-08,1.3166409172996052e-08,0.22686334513288792,0.14637858721635932,0.2449702828203558,0.14629552278291355,0.19306710740238203,0.22174608714311753,-0.05985357535146334,0.0058699247316952585,-0.09913402547678518,-0.029785361670403868,-0.06938728235242178,-0.022278768646531694
sample_488,False,ok,multi_seed_output\seed_1_S302109584\airfoils\sample_488.dat,0.08160264523033811,0.2945891783567134,1.4831992908165281e-08,1.3166409172996052e-08,0.15864546305338373,0.16109148165513765,0.16884298688062116,0.17557818918796117,0.1355875108696259,0.1437224510368199,-0.11709877205196823,-0.012907722531850643,-0.0685967397873247,-0.008024959690064448,-0.0723142415905868,0.006819272377260793
sample_489,False,ok,multi_seed_output\seed_1_S302109584\airfoils\sample_489.dat,0.10647178741929528,0.280561122244489,1.4831992908165281e-08,1.3166409172996052e-08,0.15620847164666268,0.2341840231809638,0.2147231843688589,0.13830866444274056,0.1853773780147937,0.18304785581981528,-0.09618187174639703,-0.10493652812441212,-0.03571968162199608,-0.08195863370059028,-0.007815428045887612,-0.059558273889812496
sample_490,False,ok,multi_seed_output\seed_1_S302109584\airfoils\sample_490.dat,0.08298871746832819,0.2865731462925851,1.4831992908165281e-08,1.3166409172996052e-08,0.12868774114995457,0.2580449662887516,0.1705160206294898,0.12842546082025275,0.19893916915186038,0.13892374964520918,-0.04986023755263305,-0.013567619071054221,-0.03250732608510497,-0.013565138379490624,-0.03137890163280804,-0.06134061450271244
sample_491,False,ok,multi_seed_output\seed_1_S302109584\airfoils\sample_491.dat,0.082631324243669,0.2725450901803607,1.4831992908165281e-08,1.3166409172996052e-08,0.16082519187928054,0.17692250890737182,0.22657651882685018,0.1741273596863064,0.10842683668656697,0.09915353763569139,-0.12076180007107643,0.00847342511563974,-0.044054392077161574,0.025182795805419225,-0.012594246534102876,-0.008067264604036437
sample_492,False,ok,multi_seed_output\seed_1_S302109584\airfoils\sample_492.dat,0.07889226058466893,0.41482965931863724,1.4831992908165281e-08,1.3166409172996052e-08,0.14061398946972825,0.15754177506725525,0.22239551589812,0.25040985698021234,0.15222608098950313,0.13453097952270732,-0.031431746002653485,-0.01309817507400117,0.02103309941749615,-0.03019221740581607,-0.03618247738662734,-0.0018454048687939484
sample_493,False,ok,multi_seed_output\seed_1_S302109584\airfoils\sample_493.dat,0.10327009322857068,0.2665330661322645,1.4831992908165281e-08,1.3166409172996052e-08,0.1600319047538737,0.25633882510015416,0.19876949948832337,0.1744165043931155,0.20681085963092094,0.11890559464590768,-0.0968158523375306,-0.0922286263255224,0.009706133068852554,-0.08264680612687558,-0.027353377450753613,-0.06405445754906855
sample_494,False,ok,multi_seed_output\seed_1_S302109584\airfoils\sample_494.dat,0.08257842576932925,0.34669338677354705,1.4831992908165281e-08,1.3166409172996052e-08,0.1277630392944525,0.15668118989935287,0.1753492738789018,0.21847182531454187,0.15410248822037043,0.21078303796160308,-0.10416394505765804,-0.043885746928848945,-0.025743348785357806,-0.051264522873444913,-0.002961499883861518,0.019559576330933567
sample_495,False,ok,multi_seed_output\seed_1_S302109584\airfoils\sample_495.dat,0.0897067342152117,0.3386773547094188,1.4831992908165281e-08,1.3166409172996052e-08,0.20514948099866276,0.14461123091478234,0.2724052236037848,0.1905690693359095,0.17578270242066163,0.164742237861419,-0.11174907023084465,0.002199225490007728,-0.021555469592980728,-0.055963977029324596,0.017072695502945046,0.03758461765229429
sample_496,False,ok,multi_seed_output\seed_1_S302109584\airfoils\sample_496.dat,0.10160019578478117,0.3226452905811623,1.4831992908165281e-08,1.3166409172996052e-08,0.1907788226545849,0.20713703747465,0.25150510021654504,0.20204648019969404,0.17996628951649302,0.1527809503471351,-0.10436416250312032,-0.040884054370347284,-0.013246611506299175,-0.07548636105088098,-0.05648056127638287,-0.03682909094006493
sample_497,False,ok,multi_seed_output\seed_1_S302109584\airfoils\sample_497.dat,0.09630780037514149,0.26452905811623245,1.4831992908165281e-08,1.3166409172996052e-08,0.2297991702970603,0.22928459513121374,0.23111395039301527,0.17744831797369096,0.11691552881212586,0.21311732236487138,-0.06819044891574573,-0.019879645297889284,-0.026389270362048592,-0.02145000179728386,-0.006746940430210652,0.03269017177948842
sample_498,False,ok,multi_seed_output\seed_1_S302109584\airfoils\sample_498.dat,0.09505547556998446,0.34669338677354705,1.4831992908165281e-08,1.3166409172996052e-08,0.16859201372341603,0.18922768881998256,0.2699109276906974,0.20841904886277346,0.12748237848546176,0.15377458153832707,-0.029165965594801987,-0.050623600287420634,-0.01811442462429952,-0.022129452301003757,-0.07308779788832923,-0.013842082000204134
sample_499,False,ok,multi_seed_output\seed_1_S302109584\airfoils\sample_499.dat,0.09016708972993175,0.2885771543086172,1.4831992908165281e-08,1.3166409172996052e-08,0.19207336655379126,0.25907198296244055,0.2199573464103494,0.1691261642777754,0.20549277805022675,0.11670378030961867,-0.029897591427713283,-0.01242871097770687,0.0015474991083641032,-0.037068253442806655,0.03307247866905315,-0.042542354719364794
sample_500,False,ok,multi_seed_output\seed_1_S302109584\airfoils\sample_500.dat,0.10507060312923931,0.25250501002004005,1.4831992908165281e-08,1.3166409172996052e-08,0.2326165239311303,0.24666666270608395,0.17888185672077273,0.15482426522661502,0.14530602712981014,0.122305158369915,-0.026148787336262913,-0.10273882152364017,-0.0727183447437452,0.016279435792272826,0.016188207503781832,-0.07092055988009066
sample_501,False,ok,multi_seed_output\seed_1_S302109584\airfoils\sample_501.dat,0.09421234317833171,0.2945891783567134,1.4831992908165281e-08,1.3166409172996052e-08,0.2194860522984764,0.2434049110954355,0.21368190832831457,0.23209031972006472,0.15509090361784794,0.155273962412385,-0.06099601642932359,-0.015593569959018519,0.016444134906182892,-0.058084144360108794,-0.04100302455338104,-0.030957207491127507
sample_502,False,ok,multi_seed_output\seed_1_S302109584\airfoils\sample_502.dat,0.10201565096229691,0.30861723446893785,1.4831992908165281e-08,1.3166409172996052e-08,0.12479798166194916,0.25488761658750814,0.23521412826893986,0.14300545906702547,0.12266929762026992,0.20793916163729054,-0.07322368434438822,-0.07670177080091442,-0.01754619728822411,-0.07299393479448897,-0.0916486721843279,-0.06997238658094247
sample_503,False,ok,multi_seed_output\seed_1_S302109584\airfoils\sample_503.dat,0.09087083959887857,0.2785571142284569,1.4831992908165281e-08,1.3166409172996052e-08,0.120479511699593,0.21621305134667707,0.20921142393848183,0.18685375492675393,0.16758278990388845,0.14256211531502383,-0.1381044979470099,-0.025959062546086126,-0.046072137698219634,0.031948361512700627,-0.04344997310062304,-0.07309223703794801
sample_504,False,ok,multi_seed_output\seed_1_S302109584\airfoils\sample_504.dat,0.10276759093837681,0.3166332665330661,1.4831992908165281e-08,1.3166409172996052e-08,0.1850397909640643,0.2489372166551947,0.21795882788899398,0.16074030178345242,0.1613835656614743,0.1594766950065806,-0.08978008600007473,-0.02054592166910227,-0.05304050588788325,-0.09219016593590432,-0.08820452375732239,0.005582079905149445
sample_505,False,ok,multi_seed_output\seed_1_S302109584\airfoils\sample_505.dat,0.10548614556253583,0.22444889779559116,1.4831992908165281e-08,1.3166409172996052e-08,0.2104891262270165,0.25065169394618325,0.15588714319853356,0.2294566405405299,0.13153593431723715,0.16855765929171487,-0.12637494829266477,-0.0713361900643878,-0.02917298064226767,-0.013252625374352942,-0.04993386127677984,0.02908688340853338
sample_506,False,ok,multi_seed_output\seed_1_S302109584\airfoils\sample_506.dat,0.07702030274215708,0.3306613226452906,1.4831992908165281e-08,1.3166409172996052e-08,0.18913715044043686,0.14648693970598584,0.23027117875059172,0.1541557539624092,0.19051404402851374,0.1730084447149412,-0.03428806640969513,-0.024292480837126026,0.0008869512284015724,-0.030635010929930262,0.005176570667837457,-0.04598062338340281
sample_507,False,ok,multi_seed_output\seed_1_S302109584\airfoils\sample_507.dat,0.09105434004883953,0.3386773547094188,1.4831992908165281e-08,1.3166409172996052e-08,0.1728977469097332,0.1646193530802926,0.193727627610413,0.22997850976365292,0.1182086135885464,0.1714061768794128,-0.12897850282240048,-0.00840041089987928,-0.08256465018272527,-0.009306048646383805,-0.08839345295169077,-0.06730347847582899
sample_508,False,ok,multi_seed_output\seed_1_S302109584\airfoils\sample_508.dat,0.10762118134286602,0.280561122244489,1.4831992908165281e-08,1.3166409172996052e-08,0.11361056089078017,0.2602458461118031,0.1624686305275577,0.19784961281929953,0.20238597238342793,0.16886064607311577,-0.13842496808953178,-0.10401630551251084,-0.04108809538884024,-0.09186245439932371,0.02874523468409705,-0.002675387698437781
sample_509,False,ok,multi_seed_output\seed_1_S302109584\airfoils\sample_509.dat,0.11296388294643318,0.21843687374749496,1.4831992908165281e-08,1.3166409172996052e-08,0.2104198868569193,0.27266195887684463,0.20873591330161256,0.14377844464372613,0.14265493863574602,0.12904004047407178,-0.11630576066866924,-0.11430525785543123,0.02080807946587239,-0.043360301258847676,-0.02602873232902886,0.013812538162228896
sample_510,False,ok,multi_seed_output\seed_1_S302109584\airfoils\sample_510.dat,0.10097711033960563,0.23847695390781562,1.4831992908165281e-08,1.3166409172996052e-08,0.17364699172152254,0.19352985092712754,0.20280388408180153,0.12694404674149706,0.16816021842617096,0.15488800260546504,-0.1363748881682983,-0.11187230866687074,0.005558466189354544,-0.09000127389510619,-0.06666529172585717,-0.06894296287619392
sample_511,False,ok,multi_seed_output\seed_1_S302109584\airfoils\sample_511.dat,0.08697473403135163,0.30861723446893785,1.4831992908165281e-08,1.3166409172996052e-08,0.1102340120421969,0.14978363213935386,0.1621050388431536,0.1590142625129024,0.13221043956259193,0.22358296748835854,-0.09259378240476537,-0.0984600135751142,-0.0803410355116167,-0.006193292828281044,-0.08524873493827227,0.034394836804651746
sample_512,False,ok,multi_seed_output\seed_1_S302109584\airfoils\sample_512.dat,0.08875475459684115,0.18036072144288576,1.4831992908165281e-08,1.3166409172996052e-08,0.21478268355824337,0.21019904596687072,0.1998360399071396,0.1258291447511899,0.21359992299475833,0.1520073352482766,-0.12933509304930113,-0.010964780251435352,0.016842240769728206,0.026736568418118695,-0.008532128153177304,0.026854925081768302
sample_513,False,ok,multi_seed_output\seed_1_S302109584\airfoils\sample_513.dat,0.09020586815539307,0.344689378757515,1.4831992908165281e-08,1.3166409172996052e-08,0.17405914645584986,0.15235886467056883,0.21973088402460444,0.21387559252405225,0.1162765899498727,0.19208696922498955,-0.08995562547466325,-0.009948693913328269,-0.09982575216841189,0.020572287002031356,-0.08656043673927341,0.03634866395869146
sample_514,False,ok,multi_seed_output\seed_1_S302109584\airfoils\sample_514.dat,0.1114279132345956,0.25250501002004005,1.4831992908165281e-08,1.3166409172996052e-08,0.19911974927447232,0.26889147323599666,0.22187756137542958,0.14760981364373982,0.19776311081220146,0.13230182022253645,-0.11002211290706955,-0.083255657153736,-0.005405289246423722,-0.0948130564606117,-0.014816033699732528,-0.012822811133653203
sample_515,False,ok,multi_seed_output\seed_1_S302109584\airfoils\sample_515.dat,0.08393836977038657,0.3006012024048096,1.4831992908165281e-08,1.3166409172996052e-08,0.12658889984195162,0.23182800470465836,0.2102662183437439,0.20095373121838916,0.16234219555577117,0.12442674379034387,-0.10144943120755053,0.011867935327178086,-0.021769273461458544,0.009472353832065197,0.022470651201025135,-0.0662935958102068
sample_516,False,ok,multi_seed_output\seed_1_S302109584\airfoils\sample_516.dat,0.09780337805256184,0.35270541082164325,1.4831992908165281e-08,1.3166409172996052e-08,0.1655290118616844,0.2207494680330231,0.16859425034283326,0.2505066276764163,0.16903232353339975,0.11252741732369603,-0.02789490380953498,-0.06910229725781954,-0.04654866848273533,-0.07478946576520713,-0.023936600187310766,-0.0063813863437545415
sample_517,False,ok,multi_seed_output\seed_1_S302109584\airfoils\sample_517.dat,0.08354164393167554,0.25250501002004005,1.4831992908165281e-08,1.3166409172996052e-08,0.11906197424755036,0.17585976143087173,0.18512741077906125,0.17608119205470213,0.14913454102314577,0.19603762504380357,-0.13074574628752073,-0.06517865719268977,-0.01187186574697123,0.02480029508623953,-0.032925580703832655,-0.07164571378882448
sample_518,False,ok,multi_seed_output\seed_1_S302109584\airfoils\sample_518.dat,0.07375376294233077,0.35270541082164325,1.4831992908165281e-08,1.3166409172996052e-08,0.1246994393814419,0.20903650805334162,0.15355027023510676,0.14679875164404893,0.19478679939972599,0.1873105225815267,-0.026015352565359445,0.010328790936782822,-0.05588779168758761,-0.02166173645924696,-0.02015861735330303,0.03790360528553091
sample_519,False,ok,multi_seed_output\seed_1_S302109584\airfoils\sample_519.dat,0.08735346925053572,0.3366733466933867,1.4831992908165281e-08,1.3166409172996052e-08,0.17649263329120235,0.14767492525430223,0.27100096060640333,0.15553939244305012,0.17109098324269384,0.11933179543169528,-0.06176818834899474,-0.05349219161865104,0.007627802392504657,-0.03877968091332162,-0.070965898935344,-0.050336598661484856
sample_520,False,ok,multi_seed_output\seed_1_S302109584\airfoils\sample_520.dat,0.08328200895341163,0.25851703406813625,1.4831992908165281e-08,1.3166409172996052e-08,0.1802263322392943,0.18505095384337986,0.18401254915465431,0.1319614157998314,0.19298525010178308,0.10797762375056315,-0.054903064572521185,-0.06717938493878484,0.005035515845307745,-0.05954113750588305,0.0356902069304673,0.020361360630915107
sample_521,False,ok,multi_seed_output\seed_1_S302109584\airfoils\sample_521.dat,0.10906089814415305,0.3006012024048096,1.4831992908165281e-08,1.3166409172996052e-08,0.19035005395324328,0.22459318230780478,0.2639080121686517,0.15386193057924558,0.12630837669547415,0.21259594559820266,-0.10296713946479813,-0.04610971571068176,-0.07133476164441328,-0.06272266541263613,-0.048116032686793445,-0.02571400247320471
sample_522,False,ok,multi_seed_output\seed_1_S302109584\airfoils\sample_522.dat,0.09315975110227957,0.3006012024048096,1.4831992908165281e-08,1.3166409172996052e-08,0.16194164624956411,0.26513760395528485,0.21937213602610098,0.17023082950916288,0.15252644322650435,0.1795742494791252,-0.0921810074387566,0.00040586101579727363,0.0076819546300496006,-0.07301517842491796,-0.09311519215048449,0.00024268940703001118
sample_523,False,ok,multi_seed_output\seed_1_S302109584\airfoils\sample_523.dat,0.08751537510382204,0.3166332665330661,1.4831992908165281e-08,1.3166409172996052e-08,0.11305957545811078,0.27107588716427267,0.19786476879059725,0.19520111695366826,0.1544862843282059,0.09950141422358295,-0.03549919809546956,-0.03469205577090227,0.018280525032918382,-0.04163208765516822,-0.04380021902024801,-0.060945946279730545
sample_524,False,ok,multi_seed_output\seed_1_S302109584\airfoils\sample_524.dat,0.08172875240467095,0.280561122244489,1.4831992908165281e-08,1.3166409172996052e-08,0.11446731260385869,0.24145165597048102,0.15195957677130184,0.1575654015174648,0.2057294746640655,0.1605805837857255,-0.0962463113800302,-0.010413719255795553,-0.03582070061103268,0.005034886656181875,-0.07824755625065664,-0.06989353482700722
sample_525,False,ok,multi_seed_output\seed_1_S302109584\airfoils\sample_525.dat,0.09163723562524789,0.30861723446893785,1.4831992908165281e-08,1.3166409172996052e-08,0.14002320308541316,0.17079801124970362,0.23923553040893966,0.16589673778005376,0.132484177162213,0.1631179577081799,-0.09093729604882944,-0.05207519861311123,-0.05930440885656985,-0.005285695888112021,-0.02770131987629053,-0.004633239593603428
sample_526,False,ok,multi_seed_output\seed_1_S302109584\airfoils\sample_526.dat,0.09322134139976783,0.2725450901803607,1.4831992908165281e-08,1.3166409172996052e-08,0.2105811436659909,0.1853919155884072,0.22963270780885425,0.18060985167527516,0.21266690084218354,0.17047614513705323,-0.13249928587115292,0.00806690946452486,-0.06940496703598154,0.02694866668091818,-0.06513073900728271,-0.06650290899018824
sample_527,False,ok,multi_seed_output\seed_1_S302109584\airfoils\sample_527.dat,0.0884034049601425,0.30260521042084165,1.4831992908165281e-08,1.3166409172996052e-08,0.16215635083740007,0.2575286453344283,0.16643794220422098,0.18474003819012605,0.15132345673136027,0.21453595118233676,-0.06306157490692871,0.003061761186895176,-0.04963469743415672,-0.024589320754032237,-0.060425472756916086,-0.06305911829440518
sample_528,False,ok,multi_seed_output\seed_1_S302109584\airfoils\sample_528.dat,0.10774570833541897,0.3306613226452906,1.4831992908165281e-08,1.3166409172996052e-08,0.12310040372866043,0.2451325739091379,0.2693845365934786,0.1698270264091603,0.20792792244562097,0.11820219548623234,-0.10032374393758264,-0.030249203594043192,-0.07895215081758551,-0.03768387260841722,-0.04620182899041326,-0.020789110822867746
sample_529,False,ok,multi_seed_output\seed_1_S302109584\airfoils\sample_529.dat,0.08492853858767442,0.30861723446893785,1.4831992908165281e-08,1.3166409172996052e-08,0.12883515017561836,0.18029267665112872,0.21267815697983672,0.18012868008659672,0.20632719066091582,0.20567869559501445,-0.08814222031828281,-0.05923869845534125,-0.005612638415798676,-8.513690730195533e-05,-0.044139893018941743,0.027627395533763074
sample_530,False,ok,multi_seed_output\seed_1_S302109584\airfoils\sample_530.dat,0.09968395286660581,0.344689378757515,1.4831992908165281e-08,1.3166409172996052e-08,0.12111597337593688,0.23746218204474046,0.1866242834062192,0.2509175402158459,0.10571670797477481,0.13768630377646038,-0.13662292996191988,0.0033304663965934705,-0.08162312810100689,-0.08703822311370284,0.02627215770032444,-0.016030504959179195
sample_531,False,ok,multi_seed_output\seed_1_S302109584\airfoils\sample_531.dat,0.09595809128179328,0.3166332665330661,1.4831992908165281e-08,1.3166409172996052e-08,0.1504220165790346,0.19759979684870632,0.23015283224781813,0.22238602597850976,0.2267808553298471,0.10423939917916303,-0.1472967075275826,-0.051417368337374134,0.02149068614286538,-0.053997361621080375,-0.0926668529210308,-0.05308739940769324
sample_532,False,ok,multi_seed_output\seed_1_S302109584\airfoils\sample_532.dat,0.08504796692716063,0.3306613226452906,1.4831992908165281e-08,1.3166409172996052e-08,0.11994783815243408,0.23174088125022316,0.15607326413931624,0.20755948907305974,0.208457192387169,0.1905146173928044,-0.10048447121199654,-0.022232988357458253,0.004057483356157951,-0.09240542263719263,0.011265771906020114,-0.00036819620709528655
sample_533,False,ok,multi_seed_output\seed_1_S302109584\airfoils\sample_533.dat,0.12399001370046875,0.2865731462925851,1.4831992908165281e-08,1.3166409172996052e-08,0.18319717192892904,0.2723725034427984,0.21752067436271835,0.2437060841109427,0.18317824550162287,0.17973970483107615,-0.12889772723439297,-0.10128713233713879,-0.08006232081876406,-0.0315014071134522,-0.06967591575673526,-0.07160870546308824
sample_534,False,ok,multi_seed_output\seed_1_S302109584\airfoils\sample_534.dat,0.10093458271064823,0.24649298597194386,1.4831992908165281e-08,1.3166409172996052e-08,0.23159011639217675,0.16392840102911052,0.1466896415460771,0.24460002475970188,0.10828222579912897,0.12045918116279537,-0.11961275971809696,-0.09001167881935089,-0.06653155842620243,-0.06959928453889956,0.013319456205936595,-0.04192101888577557
sample_535,False,ok,multi_seed_output\seed_1_S302109584\airfoils\sample_535.dat,0.10875809456186877,0.3306613226452906,1.4831992908165281e-08,1.3166409172996052e-08,0.14554260517692186,0.2437435198012052,0.23062967609752033,0.251884802188329,0.125505239601476,0.18426845876328424,-0.05942552217343865,-0.07801985904110786,-0.05658699979743016,-0.029860767471219754,-0.06458658113020939,-0.02956947168573923
sample_536,False,ok,multi_seed_output\seed_1_S302109584\airfoils\sample_536.dat,0.10157284902124045,0.2925851703406813,1.4831992908165281e-08,1.3166409172996052e-08,0.15726928622153794,0.22681613435988832,0.2651532150756535,0.15264936254971834,0.14893590724859695,0.1970885619916426,-0.12993580329740761,-0.015033776872678234,-0.06993513391868152,0.0035116564763782304,-0.05033278519852786,-0.06430120071821367
sample_537,False,ok,multi_seed_output\seed_1_S302109584\airfoils\sample_537.dat,0.10854960635594008,0.23246492985971942,1.4831992908165281e-08,1.3166409172996052e-08,0.21804273912108932,0.21941576825798131,0.15058597737824098,0.14852353713918806,0.14473892138421815,0.10415661650912153,-0.13025992608639542,-0.09729604516273256,-0.06785757698305517,-0.08209546025060485,-0.058083110167090175,-0.010773369573985891
sample_538,False,ok,multi_seed_output\seed_1_S302109584\airfoils\sample_538.dat,0.09544489507896442,0.2865731462925851,1.4831992908165281e-08,1.3166409172996052e-08,0.20572597412024124,0.14988860811820434,0.22242476166025682,0.1964432612229447,0.1563369315716628,0.13098459259783254,-0.1018714779009561,-0.08496421356333395,-0.009097224748216781,-0.0696468911228422,-0.033541650850497956,-0.07793431004870531
sample_539,False,ok,multi_seed_output\seed_1_S302109584\airfoils\sample_539.dat,0.09589222678085538,0.2865731462925851,1.4831992908165281e-08,1.3166409172996052e-08,0.1716446168759501,0.2144924828081797,0.1830936654359791,0.18593542800259047,0.20352335609197678,0.195899813893968,-0.04938786147901916,-0.09232931635374089,-0.04602287016503122,0.004056022806447637,-0.04061211055598083,0.00933995500865642
sample_540,False,ok,multi_seed_output\seed_1_S302109584\airfoils\sample_540.dat,0.09237416826646894,0.30260521042084165,1.4831992908165281e-08,1.3166409172996052e-08,0.23079618313578865,0.16846013782148594,0.2543431049514663,0.15561125221496863,0.1039635665951505,0.16367458238229626,-0.056875853122530184,-0.0023501478578774604,-0.09275651326998555,0.002620102029461946,-0.005945209043764416,-0.06065305831938626
sample_541,False,ok,multi_seed_output\seed_1_S302109584\airfoils\sample_541.dat,0.09738669824703407,0.3366733466933867,1.4831992908165281e-08,1.3166409172996052e-08,0.13773322126950732,0.24450155735211,0.18089596673594632,0.17874018333413355,0.2207051054470805,0.1995268432981604,-0.06945461148867432,-0.020603328992639516,-0.09043646640880018,-0.06632907943178713,0.029413560877327216,-0.02384720898484302
sample_542,False,ok,multi_seed_output\seed_1_S302109584\airfoils\sample_542.dat,0.10035613744129437,0.30260521042084165,1.4831992908165281e-08,1.3166409172996052e-08,0.17429860027077074,0.2234679718504285,0.23376442048225501,0.1982161489274591,0.19232454865481835,0.17425627036399613,-0.03488497192546863,-0.112290363870476,0.022152694317304697,-0.047204855905575924,-0.06863402111679764,-0.021438973495626734
sample_543,False,ok,multi_seed_output\seed_1_S302109584\airfoils\sample_543.dat,0.08791281723761842,0.35270541082164325,1.4831992908165281e-08,1.3166409172996052e-08,0.13417853398369925,0.16671168190491512,0.2425095281590742,0.2174531674867919,0.11517849427233996,0.21801398297752153,-0.10815403788364708,-0.028879075590290196,-0.012970231446453165,-0.017081699449840546,-0.08497677567178556,-0.013083611987741342
sample_544,False,ok,multi_seed_output\seed_1_S302109584\airfoils\sample_544.dat,0.09310744803124525,0.3366733466933867,1.4831992908165281e-08,1.3166409172996052e-08,0.11962211741678974,0.27291210448737047,0.15555965099583544,0.20365086699607482,0.20857220884850483,0.19540496217086872,-0.13192307037827739,0.007341425449582953,-0.029971030386911762,-0.08816980593070876,-0.06549005186069122,-0.03644521438362346
sample_545,False,ok,multi_seed_output\seed_1_S302109584\airfoils\sample_545.dat,0.10380188859246302,0.34669338677354705,1.4831992908165281e-08,1.3166409172996052e-08,0.2089077403812199,0.15422796632116717,0.23528748416674497,0.16476453700989946,0.1763551180018118,0.10539278918341098,-0.05534477024593083,-0.0856477524435578,-0.07718534121602925,-0.08553406251816012,-0.08899430877034538,-0.07256064184736966
sample_546,False,ok,multi_seed_output\seed_1_S302109584\airfoils\sample_546.dat,0.08587543282093354,0.2865731462925851,1.4831992908165281e-08,1.3166409172996052e-08,0.19882152704482792,0.18220716636022086,0.2047245773864551,0.21619898426487294,0.16521375431387636,0.12170387885197995,-0.10826229665654873,0.007051965328155718,-0.045257226545510336,0.026639218418109914,-0.0658853212260987,-0.018957084738886673
sample_547,False,ok,multi_seed_output\seed_1_S302109584\airfoils\sample_547.dat,0.08528453448016651,0.3306613226452906,1.4831992908165281e-08,1.3166409172996052e-08,0.1439660711467713,0.16194173822433278,0.1743707096340033,0.21144419155455613,0.12858883519567654,0.2060913162263045,-0.047235088711101714,-0.09769945392476974,0.002952763259647412,-0.07736708716403913,-0.022400722866216485,0.026655233079179358
sample_548,False,ok,multi_seed_output\seed_1_S302109584\airfoils\sample_548.dat,0.08526562405671505,0.344689378757515,1.4831992908165281e-08,1.3166409172996052e-08,0.1169608847994095,0.18927538341188072,0.2624747134933211,0.20918039483903378,0.23122274994607747,0.1307126572914113,-0.12426649113621305,-0.005425692132682736,0.025296064537601234,-0.02443573768664735,0.025671977568774637,-0.01353040629094028
sample_549,False,ok,multi_seed_output\seed_1_S302109584\airfoils\sample_549.dat,0.09830282719189049,0.3607214428857715,1.4831992908165281e-08,1.3166409172996052e-08,0.19270708420192711,0.20287621887511603,0.2688539309433933,0.2314140218875112,0.2075450562386289,0.18152502785353702,-0.09584415950261901,-0.008774974711385622,0.0006104657212250564,-0.06817214992863582,-0.0024574548249393646,-0.05498671066653389
sample_550,False,ok,multi_seed_output\seed_1_S302109584\airfoils\sample_550.dat,0.09042420874292505,0.3166332665330661,1.4831992908165281e-08,1.3166409172996052e-08,0.12957732670924754,0.25411735824093085,0.2370225434936616,0.16565715236694367,0.18244517057945808,0.1328875566650522,-0.048545842299868566,-0.010263131018445754,-0.03143586760957583,0.016586976668634568,-0.07413857526786888,-0.03448374408042566
sample_551,False,ok,multi_seed_output\seed_1_S302109584\airfoils\sample_551.dat,0.08907514003254483,0.2865731462925851,1.4831992908165281e-08,1.3166409172996052e-08,0.11483068341337256,0.18230529783955682,0.16101435639386827,0.1603300221112488,0.14341939955149569,0.1496746945427403,-0.12133427021942167,-0.07013870711611825,-0.06765076386594526,-0.044837392758187274,0.02824753030638219,-0.02935850019471032
sample_552,False,ok,multi_seed_output\seed_1_S302109584\airfoils\sample_552.dat,0.09802061470765529,0.35270541082164325,1.4831992908165281e-08,1.3166409172996052e-08,0.19322137037216275,0.17814553873048666,0.22040584437861813,0.23971967687444157,0.16970715309314344,0.10584337066774652,-0.04076710759918785,-0.0890360147471933,-0.0006314226371849363,-0.0892335396192932,-0.030450734106871435,-0.004413345932504781
sample_553,False,ok,multi_seed_output\seed_1_S302109584\airfoils\sample_553.dat,0.09199540812659625,0.3366733466933867,1.4831992908165281e-08,1.3166409172996052e-08,0.17281110719976922,0.16438303012326638,0.2617756128792031,0.19712668231542177,0.10212538224917767,0.2172231849552117,-0.08621791279943834,-0.007984784035536818,-0.06589769271181131,-0.019320066007123812,0.019054167610400102,-0.08404571262964682
sample_554,False,ok,multi_seed_output\seed_1_S302109584\airfoils\sample_554.dat,0.10734539022912155,0.22645290581162322,1.4831992908165281e-08,1.3166409172996052e-08,0.14038828277529605,0.2730809998248554,0.16504243352582312,0.1889970873122473,0.13212746667625833,0.1709329316091455,-0.14719041220220153,-0.11157559329409442,-0.011015799366481754,0.01677482040866511,-0.08167672489297523,0.004028178929734505
sample_555,False,ok,multi_seed_output\seed_1_S302109584\airfoils\sample_555.dat,0.09851148761075637,0.37675350701402804,1.4831992908165281e-08,1.3166409172996052e-08,0.1318260847967206,0.19320822561669498,0.24270731292798847,0.24961147649691273,0.18389816760467703,0.13724500540897464,-0.0458176971245577,-0.024998876678662782,-0.08554666691599051,0.009073721230569473,-0.05738544907616375,0.020980306949794816
sample_556,False,ok,multi_seed_output\seed_1_S302109584\airfoils\sample_556.dat,0.068776755589164,0.41482965931863724,1.4831992908165281e-08,1.3166409172996052e-08,0.1501633816994252,0.14809197272196425,0.17948613525374427,0.17569691282955738,0.20360741335413607,0.13982849242418158,-0.022789089847320032,-0.008887550223959456,0.022388649376259936,-0.06995639672010331,0.012850997350185508,0.0016626143006958777
sample_557,False,ok,multi_seed_output\seed_1_S302109584\airfoils\sample_557.dat,0.10363103705727242,0.3166332665330661,1.4831992908165281e-08,1.3166409172996052e-08,0.12033465884880405,0.20498417131363592,0.25388537216648854,0.2357319864084353,0.1933650935701016,0.18201989946764266,-0.09552234283180433,-0.10161917984800325,-0.026965265449561113,0.021299881523453135,-0.07574194673291076,-0.0041877153802363926
sample_558,False,ok,multi_seed_output\seed_1_S302109584\airfoils\sample_558.dat,0.10286718911880238,0.2885771543086172,1.4831992908165281e-08,1.3166409172996052e-08,0.18587956036296488,0.1694579686367252,0.22994291856155818,0.24615375904202624,0.10452116408161938,0.1729559713020066,-0.09209164323757893,-0.11484463896313243,-0.03721202536148398,0.011945910193600764,-0.07356336035911964,-0.05206714487436467
sample_559,False,ok,multi_seed_output\seed_1_S302109584\airfoils\sample_559.dat,0.10029388563886477,0.22645290581162322,1.4831992908165281e-08,1.3166409172996052e-08,0.2183691404653844,0.20839120487042262,0.21245534824771875,0.2386422988309262,0.21842923104347423,0.09598318647503543,-0.14760408401555497,-0.037196818104204554,-0.007101088046728599,-0.002412677280149822,-0.040344941018441285,0.03197766963831791
sample_560,False,ok,multi_seed_output\seed_1_S302109584\airfoils\sample_560.dat,0.0977298533157563,0.3226452905811623,1.4831992908165281e-08,1.3166409172996052e-08,0.21808634222220052,0.21358824226116732,0.2627711606207178,0.16208965999647268,0.175175866428941,0.11712921806440202,-0.04626020439687806,-0.023478938668347105,-0.02281214354718114,-0.05435603347323455,-0.09073800387501295,0.029038120302693163
sample_561,False,ok,multi_seed_output\seed_1_S302109584\airfoils\sample_561.dat,0.0943794388789548,0.2725450901803607,1.4831992908165281e-08,1.3166409172996052e-08,0.11531808448609422,0.21166236287475426,0.17599497595681313,0.1531393367499743,0.20515277694796547,0.1688034283993246,-0.1073088802744738,-0.10845005519125825,-0.013973184616951892,-0.05615327213185873,0.007699646890371253,-0.02860329304057531
sample_562,False,ok,multi_seed_output\seed_1_S302109584\airfoils\sample_562.dat,0.11185086520404816,0.3386773547094188,1.4831992908165281e-08,1.3166409172996052e-08,0.12281817299160017,0.24941288630589947,0.20938938536255292,0.24120586966659957,0.13784824189472095,0.20665878766132825,-0.060141235061126994,-0.10802164135125038,-0.05599322872780682,-0.07156123413501,-0.07630240522441054,-0.06703699340838339
sample_563,False,ok,multi_seed_output\seed_1_S302109584\airfoils\sample_563.dat,0.10251405095816243,0.30260521042084165,1.4831992908165281e-08,1.3166409172996052e-08,0.16569730554199838,0.24574668328970786,0.22468495957792445,0.25017163523181085,0.23002337985410407,0.10863054709672995,-0.07680067566219397,-0.07542969576085265,0.0018846066174806747,-0.0042687148649013795,-0.053715141098250485,-0.08333665535500764
sample_564,False,ok,multi_seed_output\seed_1_S302109584\airfoils\sample_564.dat,0.09892801874281626,0.3166332665330661,1.4831992908165281e-08,1.3166409172996052e-08,0.13946297042720823,0.18319183068364797,0.19185538613517178,0.17644278609648786,0.22017904246220643,0.10621261978005128,-0.0923914060861683,-0.10649162748800839,-0.049468847557625276,-0.07201890050377502,-0.019169264521888718,-0.032757498681872596
sample_565,False,ok,multi_seed_output\seed_1_S302109584\airfoils\sample_565.dat,0.09147868647478974,0.30260521042084165,1.4831992908165281e-08,1.3166409172996052e-08,0.13244114871547488,0.2596745799492205,0.15806103286648696,0.21584668453758482,0.15748258051725222,0.17438583059150886,-0.08369063781369199,-0.009399592101636017,-0.07330891358621221,-0.0023306716447230313,-0.003787910969870606,-0.03269224531556594
sample_566,False,ok,multi_seed_output\seed_1_S302109584\airfoils\sample_566.dat,0.09803971947786565,0.3607214428857715,1.4831992908165281e-08,1.3166409172996052e-08,0.19366586946420722,0.15714858627436606,0.1961710990103526,0.2283719368228606,0.21379938924721575,0.09720674936579508,-0.1038784796602244,-0.047735212451657974,-0.0762004015135815,-0.05444319279049897,-0.04937630153038073,-0.029451270010057602
sample_567,False,ok,multi_seed_output\seed_1_S302109584\airfoils\sample_567.dat,0.1166153947729287,0.34669338677354705,1.4831992908165281e-08,1.3166409172996052e-08,0.19849028393581183,0.20315145570007276,0.24816981389128143,0.2512957315665451,0.19524255327810808,0.1817340434142795,-0.07736737911515713,-0.07836657934750507,-0.09774998118054629,-0.035707396313699284,-0.09245988479929712,0.006164175323426099
sample_568,False,ok,multi_seed_output\seed_1_S302109584\airfoils\sample_568.dat,0.10939508807554735,0.22044088176352702,1.4831992908165281e-08,1.3166409172996052e-08,0.20748882951781866,0.2627615672259418,0.15873895815726521,0.13313487227833573,0.1452660750150347,0.11763554730422453,-0.10610710520443567,-0.10879764587381288,-0.03811732009619001,-0.023699021314237623,-0.04800064167721648,-0.002139589288353269
sample_569,False,ok,multi_seed_output\seed_1_S302109584\airfoils\sample_569.dat,0.09752573522113099,0.280561122244489,1.4831992908165281e-08,1.3166409172996052e-08,0.1514372308075224,0.22675873745003527,0.15010719948299583,0.20757988936876903,0.18502580584694878,0.1763826878786741,-0.10682834100562563,-0.08641577207259546,-0.01915779818057846,-0.08284490535252899,-0.05714511647909106,0.0351557656127562
sample_570,False,ok,multi_seed_output\seed_1_S302109584\airfoils\sample_570.dat,0.0901250267701356,0.3306613226452906,1.4831992908165281e-08,1.3166409172996052e-08,0.19511846279228795,0.155557338886519,0.18066843019609827,0.2328302820072089,0.1879205392827059,0.10808612128474221,-0.0368806131309737,-0.08946027883297922,-0.028039532015400215,-0.04263831841653729,-0.008782378180345177,-0.08496722893312232
sample_571,False,ok,multi_seed_output\seed_1_S302109584\airfoils\sample_571.dat,0.09731898129145729,0.3166332665330661,1.4831992908165281e-08,1.3166409172996052e-08,0.15091134452209254,0.18560936030068553,0.2608152582425883,0.1393411417877995,0.12479741443525386,0.21121026718226676,-0.08054509654613883,-0.04060239734624377,-0.0894121769485832,-0.006092486936955008,-0.05471677037889442,-0.014461741189806185
sample_572,False,ok,multi_seed_output\seed_1_S302109584\airfoils\sample_572.dat,0.07469238619860441,0.30861723446893785,1.4831992908165281e-08,1.3166409172996052e-08,0.10801072707248133,0.19415320532454078,0.16743914589425177,0.19888134322502676,0.21582929445956373,0.2013954135121802,-0.1233578526099807,0.0012840528972183213,0.0011531368569808603,-0.016228349125095146,-0.00021120447181051383,-0.0031910723191877627
sample_573,False,ok,multi_seed_output\seed_1_S302109584\airfoils\sample_573.dat,0.0800026703097184,0.2865731462925851,1.4831992908165281e-08,1.3166409172996052e-08,0.19590639459375112,0.15134448769099612,0.21628637741039697,0.21026011381327397,0.1823399773052275,0.1622016787951473,-0.11811156780669363,0.0014179604634983606,0.007980695677048719,-0.034206862449335386,0.01225655702361482,0.009100400720281107
sample_574,False,ok,multi_seed_output\seed_1_S302109584\airfoils\sample_574.dat,0.09014444124558293,0.23847695390781562,1.4831992908165281e-08,1.3166409172996052e-08,0.1339832690387353,0.23801343124942967,0.14572582109318966,0.1397077880750548,0.19469740276578473,0.10248065814549025,-0.1046536912061519,-0.08717570202896424,0.013570747007848091,-0.045699460354993386,-0.046520703307247384,-0.07962583510283282
sample_575,False,ok,multi_seed_output\seed_1_S302109584\airfoils\sample_575.dat,0.08245613500091215,0.2725450901803607,1.4831992908165281e-08,1.3166409172996052e-08,0.141732780393917,0.16050743540095114,0.24349063346417202,0.14922265607197197,0.12848399485629625,0.09575897987191728,-0.12482593374741481,-0.04257028188909785,0.026918369433032732,-0.03348438364498764,-0.053989312930643706,-0.006625041139026455
sample_576,False,ok,multi_seed_output\seed_1_S302109584\airfoils\sample_576.dat,0.0866541713749642,0.25851703406813625,1.4831992908165281e-08,1.3166409172996052e-08,0.13811432231355852,0.17620286362013665,0.18325093544113075,0.15424972217829055,0.17316812350118443,0.17526636471092,-0.10165048155464385,-0.100262942808126,0.014259744506677885,-0.0342952785634977,-0.06284189983603099,-0.02886850140587781
sample_577,False,ok,multi_seed_output\seed_1_S302109584\airfoils\sample_577.dat,0.10031195404906254,0.30260521042084165,1.4831992908165281e-08,1.3166409172996052e-08,0.20473442117144885,0.19594442304944606,0.19061292664449658,0.24494044563888873,0.17915924546159862,0.19746721190708583,-0.06321684256772461,-0.0976444064802401,-0.01839312119128929,-0.05859840360980391,-0.02528689605016894,0.03726631750392691
sample_578,False,ok,multi_seed_output\seed_1_S302109584\airfoils\sample_578.dat,0.10569777787471246,0.30861723446893785,1.4831992908165281e-08,1.3166409172996052e-08,0.14132325993083994,0.2535405623044982,0.20824865851684857,0.20377149167806963,0.19432940931311027,0.18669270114904157,-0.08184681216437155,-0.07477554335337833,-0.05642442429791729,-0.03839691225329538,8.703838471732506e-05,-0.08079084495397411
sample_579,False,ok,multi_seed_output\seed_1_S302109584\airfoils\sample_579.dat,0.0847189638242121,0.3687374749498998,1.4831992908165281e-08,1.3166409172996052e-08,0.12454704617374361,0.2082663780982062,0.22733202313078024,0.24334707201417555,0.19672147436181697,0.2009476938235243,-0.04824675856881326,-0.014617914165262924,0.007378819450533605,-0.010323587794510841,0.010133475050152413,-0.03962483269245238
sample_580,False,ok,multi_seed_output\seed_1_S302109584\airfoils\sample_580.dat,0.08823287779954526,0.280561122244489,1.4831992908165281e-08,1.3166409172996052e-08,0.12560353336952498,0.23571138109438822,0.19643296931774684,0.2105267306278712,0.15881252330747186,0.11591574384664403,-0.1447213510309673,-0.006460902961412662,0.01354033592736599,-0.06594418676157152,0.022297903274464917,0.015998282503778494
sample_581,False,ok,multi_seed_output\seed_1_S302109584\airfoils\sample_581.dat,0.09476091692475686,0.2945891783567134,1.4831992908165281e-08,1.3166409172996052e-08,0.16697460490885513,0.23828665084849743,0.1542279496331509,0.13413622419390797,0.21237454216756968,0.140448227287529,-0.026232497419287237,-0.08348122093997151,-0.052873147987117584,-0.06611902129340422,-0.07289753168724017,0.021592403862684656
sample_582,False,ok,multi_seed_output\seed_1_S302109584\airfoils\sample_582.dat,0.10908197991638112,0.3006012024048096,1.4831992908165281e-08,1.3166409172996052e-08,0.17703730109255716,0.2319794397309941,0.25138259783999073,0.138501524755391,0.17556505832749603,0.1860667945926692,-0.0870940072111822,-0.06004065793615015,-0.08609864986857721,-0.042840200388474754,-0.04512093418071339,-0.029142685707101677
sample_583,False,ok,multi_seed_output\seed_1_S302109584\airfoils\sample_583.dat,0.08554001256596064,0.22444889779559116,1.4831992908165281e-08,1.3166409172996052e-08,0.14097806614384042,0.18720068163316636,0.1506727653646025,0.12471914978047377,0.17650240425513333,0.16831217407668397,-0.1129503057077723,-0.0881685404083801,-0.023259955465155413,0.02384520165246673,-0.019599549210609427,-0.020655580428578277
sample_584,False,ok,multi_seed_output\seed_1_S302109584\airfoils\sample_584.dat,0.10434555162111185,0.24649298597194386,1.4831992908165281e-08,1.3166409172996052e-08,0.16720183184939685,0.2738879587437485,0.26496303554449907,0.13497289923987313,0.17288511354835728,0.10115904384959448,-0.11437776823126589,-0.05456535364306001,0.012274833232533866,-0.008215903532110796,0.026939178613100953,-0.06608759342796752
sample_585,False,ok,multi_seed_output\seed_1_S302109584\airfoils\sample_585.dat,0.0930456989962805,0.31462925851703405,1.4831992908165281e-08,1.3166409172996052e-08,0.17099208178942182,0.24076942677209923,0.16016485699450117,0.1929325764906617,0.1718223765717023,0.20760160732278563,-0.08531364407062102,0.00042993496707979806,-0.08396775295552882,-0.0403322147459461,-0.04301948635957865,-0.021844219102278448
sample_586,False,ok,multi_seed_output\seed_1_S302109584\airfoils\sample_586.dat,0.10083531033925752,0.3226452905811623,1.4831992908165281e-08,1.3166409172996052e-08,0.16380001187975865,0.2636969650814943,0.16542867303436684,0.19860870923556456,0.11938081383694993,0.09815859163042955,-0.07806452486890374,-0.01978796920348294,-0.08147440259692038,-0.09344782355415024,-0.04293056805547325,-0.041056101003835666
sample_587,False,ok,multi_seed_output\seed_1_S302109584\airfoils\sample_587.dat,0.0931701475655541,0.3547094188376753,1.4831992908165281e-08,1.3166409172996052e-08,0.18856733388911995,0.18455780865026866,0.17003684125352803,0.24452963113122927,0.13515395315963935,0.20343984088516703,-0.05044275935483461,-0.04549984812855874,-0.06579190124971544,-0.04546029120459147,-0.06841787762979001,0.03703029776060775
sample_588,False,ok,multi_seed_output\seed_1_S302109584\airfoils\sample_588.dat,0.09931492173131412,0.3226452905811623,1.4831992908165281e-08,1.3166409172996052e-08,0.18156882396184,0.18153847553704652,0.20832480372202566,0.2293023082849325,0.22733198575632327,0.18640523399002168,-0.13763745480946304,-0.03165871637959876,-0.06819334504493024,-0.04634706232489725,0.02595867585808974,-0.06776277156171573
sample_589,False,ok,multi_seed_output\seed_1_S302109584\airfoils\sample_589.dat,0.09703673646260752,0.2945891783567134,1.4831992908165281e-08,1.3166409172996052e-08,0.16571794358886585,0.150323047501072,0.23638728812289367,0.18778196833319574,0.16340140682385557,0.2109561111570299,-0.09736290714995535,-0.10739156903572379,-0.04115400594665345,0.01593326496350282,-0.08181952464918595,-0.05238503333174313
sample_590,False,ok,multi_seed_output\seed_1_S302109584\airfoils\sample_590.dat,0.10246546367341405,0.30861723446893785,1.4831992908165281e-08,1.3166409172996052e-08,0.17216851891510548,0.21986720266665363,0.2061335737427164,0.20721173287222056,0.22214987618966558,0.1371579283983877,-0.09255492769796672,-0.058719567629450076,-0.06254775694560961,-0.031922617208827525,-0.04181383542312721,0.03688089621795511
sample_591,False,ok,multi_seed_output\seed_1_S302109584\airfoils\sample_591.dat,0.10327873323633219,0.25851703406813625,1.4831992908165281e-08,1.3166409172996052e-08,0.21529540957294407,0.2526158413495249,0.2631490105014307,0.18909916873691454,0.18840802953407815,0.13557826197420308,-0.1019971768323017,-0.01450307952457712,-0.026837049692747264,0.013895045825724178,0.027921261551790755,-0.004772654408141161
sample_592,False,ok,multi_seed_output\seed_1_S302109584\airfoils\sample_592.dat,0.09755297001107545,0.37675350701402804,1.4831992908165281e-08,1.3166409172996052e-08,0.15497299121987368,0.21024189582146385,0.2641993036464075,0.23624104114643923,0.14933468369687802,0.20304144251552442,-0.045619577839213915,-0.0016537651236965267,-0.043144106049923865,-0.03783871359220516,-0.03682671679491367,-0.019721659563486912
sample_593,False,ok,multi_seed_output\seed_1_S302109584\airfoils\sample_593.dat,0.10599688309410576,0.25250501002004005,1.4831992908165281e-08,1.3166409172996052e-08,0.2204554152195598,0.22382466543206594,0.25683564714024076,0.14036130045675166,0.20724027173811926,0.13649774462591108,-0.11960890378249284,-0.05110352453790365,-0.018733542504243986,-0.051815900407619915,-0.02948038480803923,-0.06260727968102314
sample_594,False,ok,multi_seed_output\seed_1_S302109584\airfoils\sample_594.dat,0.10195913178703875,0.2865731462925851,1.4831992908165281e-08,1.3166409172996052e-08,0.22495235867082958,0.24153540992747163,0.22497797977663792,0.18446738278107355,0.2010815931855211,0.1885099258860007,-0.06778202981224951,-0.04168147545974331,-0.015319891846837727,-0.05488965581623674,-0.08551130299170479,-0.07747602657288877
sample_595,False,ok,multi_seed_output\seed_1_S302109584\airfoils\sample_595.dat,0.08356415047103019,0.23246492985971942,1.4831992908165281e-08,1.3166409172996052e-08,0.13087841780233958,0.17561548043741648,0.149818856533985,0.18836619266401028,0.17952487948537213,0.12200057659266222,-0.11261936625822422,-0.09383819763230491,-0.006206470026279623,0.0271633130894747,-0.010405471197568447,0.011470200477894932
sample_596,False,ok,multi_seed_output\seed_1_S302109584\airfoils\sample_596.dat,0.09125924539168045,0.3226452905811623,1.4831992908165281e-08,1.3166409172996052e-08,0.18118228524854724,0.16587342912528358,0.23429156276531465,0.1709089871830094,0.11810234705396938,0.2198211026918509,-0.07561528959467298,-0.05172574010633192,-0.024804471914137247,-0.05554859408863396,-0.0795522202949384,0.01705339895423305
sample_597,False,ok,multi_seed_output\seed_1_S302109584\airfoils\sample_597.dat,0.07250904666576115,0.25250501002004005,1.4831992908165281e-08,1.3166409172996052e-08,0.19326559105979355,0.19257840425959089,0.19693448114307918,0.13202603982966027,0.1407220166119428,0.19388778813662888,-0.020742617941632818,-0.013020550360950858,0.008661163495729637,0.021251210912213284,0.02271338544003712,0.031607909552948954
sample_598,False,ok,multi_seed_output\seed_1_S302109584\airfoils\sample_598.dat,0.10108636546686439,0.41482965931863724,1.4831992908165281e-08,1.3166409172996052e-08,0.19665144499633708,0.15012570274968104,0.25474901586268484,0.21241348762221468,0.20964985883784165,0.22395529054387453,-0.08212954244613775,0.0028931936477458176,-0.07663175794157519,-0.0895261388641545,-0.041228212976883054,-0.05871675675479078
sample_599,False,ok,multi_seed_output\seed_1_S302109584\airfoils\sample_599.dat,0.0832801236578136,0.3366733466933867,1.4831992908165281e-08,1.3166409172996052e-08,0.20885551814222736,0.16602421353122676,0.24797130115157795,0.20018236881102724,0.1888737527519923,0.1551060242124957,-0.04600567886621924,-0.002203802257426987,-0.014173851479277771,0.008255240909651587,-0.02267306963943161,-0.04392442067770062
sample_600,False,ok,multi_seed_output\seed_1_S302109584\airfoils\sample_600.dat,0.09294511168421304,0.3226452905811623,1.4831992908165281e-08,1.3166409172996052e-08,0.1481847372899731,0.1652714459818463,0.23344559534441733,0.1505270687483287,0.10729485192507253,0.12771447894452767,-0.036481535217888605,-0.09039572916247278,-0.05430601078991922,-0.046039789350508585,-0.010318234327894582,-0.07922961471732147
sample_601,False,ok,multi_seed_output\seed_1_S302109584\airfoils\sample_601.dat,0.0822730918176708,0.3687374749498998,1.4831992908165281e-08,1.3166409172996052e-08,0.1849130875068557,0.16989207341092463,0.14812408126994728,0.22569208579602573,0.1834702895013134,0.19124897847720876,-0.07641301069488353,-0.007116389535418294,-0.04633640242859968,-0.07141054137583339,0.02011827872351754,0.013408860105283957
sample_602,False,ok,multi_seed_output\seed_1_S302109584\airfoils\sample_602.dat,0.09405336151152684,0.31462925851703405,1.4831992908165281e-08,1.3166409172996052e-08,0.1948551025514361,0.15002308769594672,0.23966058033092547,0.14369796074934643,0.18978964315109503,0.15811516242946377,-0.08930306490462514,-0.03555650016095886,-0.09105988656034726,-0.027607022390500655,0.0010507869502117961,0.004885318976285996
sample_603,False,ok,multi_seed_output\seed_1_S302109584\airfoils\sample_603.dat,0.09727728586260137,0.3306613226452906,1.4831992908165281e-08,1.3166409172996052e-08,0.19970838880995168,0.20362610533875602,0.24388890625647172,0.13284287173081563,0.16859955883072886,0.22135816291314664,-0.039385477076373035,-0.016232122746585503,-0.08559840606384433,-0.0604689174340862,-0.011176325497505288,-0.063464028667233
sample_604,False,ok,multi_seed_output\seed_1_S302109584\airfoils\sample_604.dat,0.10263008492840894,0.2945891783567134,1.4831992908165281e-08,1.3166409172996052e-08,0.20805393030980363,0.20644096130292788,0.22989612483411437,0.16902384728848566,0.17021353638609865,0.14497872301305265,-0.09549352829260833,-0.03335728278142529,-0.07851502420272728,-0.06372874060970637,0.02901332634389353,0.022646670518566683
sample_605,False,ok,multi_seed_output\seed_1_S302109584\airfoils\sample_605.dat,0.10135818480174635,0.2925851703406813,1.4831992908165281e-08,1.3166409172996052e-08,0.18201734140902115,0.22481646301335462,0.2711448863794886,0.2094393355409907,0.12070222437441126,0.15006423798291052,-0.12260581858235754,-0.027657111717715663,-0.0046735389278534795,-0.020735213784380493,-0.0940388357764531,-0.04684734275482718
sample_606,False,ok,multi_seed_output\seed_1_S302109584\airfoils\sample_606.dat,0.10181333829616582,0.30260521042084165,1.4831992908165281e-08,1.3166409172996052e-08,0.1450022475868216,0.17565690096201225,0.1986905240602959,0.23860193507817845,0.16198077610655615,0.16874578257362188,-0.10690031690682147,-0.1077873826927682,-0.07404713847974419,-0.004047525804232385,0.006828312678906878,-0.010089184697630357
sample_607,False,ok,multi_seed_output\seed_1_S302109584\airfoils\sample_607.dat,0.11559824864115598,0.23246492985971942,1.4831992908165281e-08,1.3166409172996052e-08,0.21917703644830172,0.250934461708593,0.18697638195936553,0.15915161715476073,0.1695355105464336,0.17840026155817518,-0.13595893781049093,-0.0941036576891354,-0.06025030307621231,-0.058190625651495735,-0.007584200275591355,0.006445570237175208
sample_608,False,ok,multi_seed_output\seed_1_S302109584\airfoils\sample_608.dat,0.10341313940684246,0.18637274549098196,1.4831992908165281e-08,1.3166409172996052e-08,0.22499137864522167,0.19939603842500767,0.15117546096193352,0.12757376127656903,0.14871974981272604,0.1444676203036877,-0.14165781067157465,-0.11581602510310521,0.014100139969130024,-0.07041570263696156,-0.017073154121189427,0.011225135719077087
sample_609,False,ok,multi_seed_output\seed_1_S302109584\airfoils\sample_609.dat,0.09784759656215539,0.30861723446893785,1.4831992908165281e-08,1.3166409172996052e-08,0.1812459821873927,0.20735501188548433,0.24519922306846184,0.22000147664642783,0.11336997305521995,0.12397334027647527,-0.07384206790562717,-0.02084756155221594,-0.08380740054098479,0.02870427104306454,0.012183223483142061,-0.012504472821062679
sample_610,False,ok,multi_seed_output\seed_1_S302109584\airfoils\sample_610.dat,0.09719949973815134,0.3306613226452906,1.4831992908165281e-08,1.3166409172996052e-08,0.13596790456682573,0.16824101605363995,0.23441104537867927,0.16335294001651343,0.19960796938920822,0.09641695283504902,-0.11305287096404422,-0.0661478282270638,-0.057403364530051695,-0.060087322345324184,-0.02087022919131251,-0.05831126845179885
sample_611,False,ok,multi_seed_output\seed_1_S302109584\airfoils\sample_611.dat,0.11085044467166205,0.3006012024048096,1.4831992908165281e-08,1.3166409172996052e-08,0.1298214118045339,0.26005201832101205,0.2693371869190093,0.12758992257690818,0.14090619193302426,0.16248024360831337,-0.05972311475383532,-0.0931233695440788,-0.0660186747169522,-0.046953467463546006,0.03141118099375152,0.012966984563186956
sample_612,False,ok,multi_seed_output\seed_1_S302109584\airfoils\sample_612.dat,0.09961626524634024,0.2444889779559118,1.4831992908165281e-08,1.3166409172996052e-08,0.1879475585643718,0.19118485481094208,0.20425085260140025,0.14223906016227073,0.13675384700830373,0.1708748651274578,-0.0944906697876486,-0.11249104330324382,-0.037702076807724624,-0.0006612214399932259,0.006133427742799319,0.002985688419563509
sample_613,False,ok,multi_seed_output\seed_1_S302109584\airfoils\sample_613.dat,0.09626693176570994,0.3607214428857715,1.4831992908165281e-08,1.3166409172996052e-08,0.11324497358510613,0.1769820203264274,0.24100178611617484,0.2526892265830281,0.1458866125982504,0.21345923975673464,-0.025929078088999677,-0.11077987322808902,-0.018063941377023218,0.004686948212774253,-0.07833286180410065,-0.01740956814280213
sample_614,False,ok,multi_seed_output\seed_1_S302109584\airfoils\sample_614.dat,0.09269950608814706,0.2945891783567134,1.4831992908165281e-08,1.3166409172996052e-08,0.1613974638386228,0.18134963629995307,0.21830063877010203,0.1561270320347901,0.10192800109518835,0.1006504389379057,-0.09507696691679579,-0.07279090281704875,-0.008377317347710342,-0.09329111093608224,-0.033325170111957125,-0.016750832736667665
sample_615,False,ok,multi_seed_output\seed_1_S302109584\airfoils\sample_615.dat,0.07357043459517457,0.39078156312625245,1.4831992908165281e-08,1.3166409172996052e-08,0.10972632822351866,0.1711416732193306,0.1786920579902198,0.22041771396573312,0.10322304626041716,0.200052538331092,-0.02978674234999247,0.01246114539515586,-0.05100821837356741,0.005347190824731965,-0.030227388148133957,-0.056233305199286744
sample_616,False,ok,multi_seed_output\seed_1_S302109584\airfoils\sample_616.dat,0.09308473559465141,0.2865731462925851,1.4831992908165281e-08,1.3166409172996052e-08,0.1946213139839281,0.16633570447220372,0.26001600363354777,0.17949177582091932,0.10256586802854593,0.16928874382660708,-0.12789349955290236,-0.003570683711486583,-0.07024433922432852,0.015204049507479236,-0.0005730888571781056,-0.04415749187262545
sample_617,False,ok,multi_seed_output\seed_1_S302109584\airfoils\sample_617.dat,0.10958170287540378,0.3687374749498998,1.4831992908165281e-08,1.3166409172996052e-08,0.17556679907128547,0.17575122447999572,0.24321043243886337,0.2425126964465809,0.1374690607906233,0.1493961644350372,-0.059119205337164235,-0.07365288669820982,-0.07782792319281973,-0.09495193037316965,-0.05552499839915993,0.02539240834637249
sample_618,False,ok,multi_seed_output\seed_1_S302109584\airfoils\sample_618.dat,0.09218130756916182,0.2124248496993988,1.4831992908165281e-08,1.3166409172996052e-08,0.1707718797315595,0.19791402663869453,0.18166808868457507,0.13178065767705713,0.11942512629227028,0.14169218612635684,-0.15001218295248234,-0.046870106784204585,-0.029342933036836147,-0.01758808302793244,-0.03553419538450515,-0.047348675985192046
sample_619,False,ok,multi_seed_output\seed_1_S302109584\airfoils\sample_619.dat,0.083693976781089,0.34669338677354705,1.4831992908165281e-08,1.3166409172996052e-08,0.1825009990157685,0.14436581710547502,0.2552912416657506,0.13069551150482112,0.13489369950092145,0.22376670390529715,-0.044583722458171604,0.009657434304483514,-0.08027291111627893,-0.03089936642717825,0.011843484917900146,0.02308307468918426
sample_620,False,ok,multi_seed_output\seed_1_S302109584\airfoils\sample_620.dat,0.08775997074822295,0.3366733466933867,1.4831992908165281e-08,1.3166409172996052e-08,0.1496202474940721,0.1458347039500894,0.16148575271531593,0.2332610598210168,0.12028084394706386,0.15920554913696772,-0.027486721528312108,-0.10447717008710786,-0.06452911098609038,-0.025714188737702343,0.014770123697980739,-0.06052901012600198
sample_621,False,ok,multi_seed_output\seed_1_S302109584\airfoils\sample_621.dat,0.09901570788355987,0.3607214428857715,1.4831992908165281e-08,1.3166409172996052e-08,0.15626925539802733,0.20720423707432556,0.24937602818610272,0.23711719065130527,0.16271866149651515,0.2051805100102681,-0.04695487976887472,-0.06295822729714201,0.009017681143101197,-0.08968557646265052,0.0025487209685854245,-0.08006348784976097
sample_622,False,ok,multi_seed_output\seed_1_S302109584\airfoils\sample_622.dat,0.10412698553979927,0.2665330661322645,1.4831992908165281e-08,1.3166409172996052e-08,0.1389759331565372,0.2324429366052726,0.2587150656941104,0.14339720821900262,0.13804615246795865,0.20421390686240787,-0.10350238810083295,-0.10284948133031797,-0.011089802274896449,-0.016806127530664725,0.03125285193899015,0.0019585345594369113
sample_623,False,ok,multi_seed_output\seed_1_S302109584\airfoils\sample_623.dat,0.0992515402757968,0.25851703406813625,1.4831992908165281e-08,1.3166409172996052e-08,0.14490961895831148,0.2625682436878123,0.238239461420655,0.14334159339010616,0.13275514028195481,0.11522534668615914,-0.06762791964780526,-0.0908167546752576,0.0030480128319691074,0.033470208888384714,-0.04322405183237101,-0.0005214463612872172
sample_624,False,ok,multi_seed_output\seed_1_S302109584\airfoils\sample_624.dat,0.10026273946723357,0.2665330661322645,1.4831992908165281e-08,1.3166409172996052e-08,0.19695058123730952,0.2281380815076342,0.17512777516871578,0.16468515433217357,0.16484593584829088,0.20775776013571223,-0.053100228407797115,-0.07824617469121285,-0.0954001305926449,0.021481647315192934,0.010606606866964755,0.014775378925728624
sample_625,False,ok,multi_seed_output\seed_1_S302109584\airfoils\sample_625.dat,0.09763508902219188,0.3226452905811623,1.4831992908165281e-08,1.3166409172996052e-08,0.16933159707619927,0.18006000220536217,0.24580249126300133,0.19128387887672474,0.21743012671727202,0.19526114251709037,-0.12029712600354839,-0.013417337795013029,-0.09852348053714259,0.01959995239864,-0.003901171069485926,-0.030638344451287325
sample_626,False,ok,multi_seed_output\seed_1_S302109584\airfoils\sample_626.dat,0.08542039830236339,0.2605210420841683,1.4831992908165281e-08,1.3166409172996052e-08,0.19053539337222603,0.24534507118364948,0.2358149238264009,0.15631874836879273,0.11015670072892304,0.12318676462571236,-0.056429470051921615,0.0020002722600430123,0.025558115724439015,-0.02036043237415558,-0.00606276143997618,-0.013263508892426154
sample_627,False,ok,multi_seed_output\seed_1_S302109584\airfoils\sample_627.dat,0.08562462727778375,0.3687374749498998,1.4831992908165281e-08,1.3166409172996052e-08,0.13935371546831893,0.1857213597670006,0.2226824875026207,0.20909279525376445,0.17460741974765084,0.16271223576837657,-0.0627906483340005,-0.01890125070310851,-0.012266480021837542,-0.04105367269834551,-0.022343867721427116,-0.03931738890708637
sample_628,False,ok,multi_seed_output\seed_1_S302109584\airfoils\sample_628.dat,0.09024642754359716,0.3226452905811623,1.4831992908165281e-08,1.3166409172996052e-08,0.1076224517980514,0.24521526047010406,0.18237692553586865,0.18220369860561178,0.22500299862804987,0.1752355753782115,-0.05592216279035839,-0.03936042839950739,-0.05008193021421902,-0.017280463859891057,0.0047939330368724775,0.010447073708917454
sample_629,False,ok,multi_seed_output\seed_1_S302109584\airfoils\sample_629.dat,0.0982231326113262,0.3667334669338677,1.4831992908165281e-08,1.3166409172996052e-08,0.21367487651792183,0.14497724958427255,0.225940033643321,0.15867397672401878,0.1882941526482586,0.20017727246021455,-0.031875412594785074,-0.06084414151332405,-0.08779575428468973,-0.08238964683126972,-0.06533658745942574,0.039819004699329
sample_630,False,ok,multi_seed_output\seed_1_S302109584\airfoils\sample_630.dat,0.10113904285825909,0.2665330661322645,1.4831992908165281e-08,1.3166409172996052e-08,0.16768912152885332,0.2638679239587604,0.17404793848836295,0.19304569924798964,0.16737699809380757,0.1064180129682842,-0.10121175070241989,-0.04324590330474469,-0.06160061140036558,-0.02276438530515007,-0.01111118612276002,-0.05896701931410557
sample_631,False,ok,multi_seed_output\seed_1_S302109584\airfoils\sample_631.dat,0.09927795259444115,0.3166332665330661,1.4831992908165281e-08,1.3166409172996052e-08,0.22655297708214944,0.24044313875650436,0.22082747626944024,0.19332574376225442,0.21539055371847352,0.19805391184682514,-0.038929059091942525,-0.0006678134998317764,-0.0799398883975059,-0.004794494947459746,-0.04844682991184905,-0.026298586733004253
sample_632,False,ok,multi_seed_output\seed_1_S302109584\airfoils\sample_632.dat,0.10217877725820648,0.3246492985971944,1.4831992908165281e-08,1.3166409172996052e-08,0.16916563643118052,0.2209374079978786,0.24701048141819693,0.1517655076249044,0.20398461704529264,0.11510141573640732,-0.14786745556002606,0.012875318784714151,-0.07650375930292962,-0.07463658431303091,-0.06573772724152678,0.04122855030317027
sample_633,False,ok,multi_seed_output\seed_1_S302109584\airfoils\sample_633.dat,0.09233554030454638,0.34669338677354705,1.4831992908165281e-08,1.3166409172996052e-08,0.15993747374394218,0.21928917150100985,0.210945274312615,0.22118407697197778,0.14420929454297254,0.09963910049779294,-0.03254471511855411,-0.028164706972451298,-0.035645855969184265,-0.04854681961732847,-0.026083889127566623,0.0313401170194374
sample_634,False,ok,multi_seed_output\seed_1_S302109584\airfoils\sample_634.dat,0.09983915934930682,0.35270541082164325,1.4831992908165281e-08,1.3166409172996052e-08,0.21889292279235745,0.16960089092281744,0.26916285122095795,0.1400118769884191,0.22104968008006598,0.15982518814362362,-0.0700836443784134,-0.012622612024984256,-0.07863912056579964,-0.06910193861075442,-0.054784631269470814,0.0025514239369146124
sample_635,False,ok,multi_seed_output\seed_1_S302109584\airfoils\sample_635.dat,0.08895331351820214,0.250501002004008,1.4831992908165281e-08,1.3166409172996052e-08,0.16827756480763156,0.19012417671840517,0.16235797947479153,0.15906621668567217,0.13753163332681184,0.09990119075764736,-0.13464083164474944,-0.02902298467472117,-0.057093480304427374,-0.056942535611303975,0.019579910001393364,0.01392387840419304
sample_636,False,ok,multi_seed_output\seed_1_S302109584\airfoils\sample_636.dat,0.10029440861328903,0.3246492985971944,1.4831992908165281e-08,1.3166409172996052e-08,0.16706447016674675,0.1783509150514056,0.2716153409008418,0.1331185782019851,0.15627335088330405,0.17021906072399806,-0.07428135125151321,-0.06170437482937411,-0.05577226026608664,-0.0676158371982339,-0.03578125435499769,-0.06935043019372135
sample_637,False,ok,multi_seed_output\seed_1_S302109584\airfoils\sample_637.dat,0.09824180015458374,0.30861723446893785,1.4831992908165281e-08,1.3166409172996052e-08,0.16242199288326883,0.20063854099898487,0.18902115500994057,0.2509103200722521,0.18521312014065727,0.20030158017316474,-0.11749551129252603,-0.03964519858443094,-0.08809736592062142,0.015230851601499326,-0.0034388388371842382,-0.006950674118176292
sample_638,False,ok,multi_seed_output\seed_1_S302109584\airfoils\sample_638.dat,0.09646846603025219,0.30861723446893785,1.4831992908165281e-08,1.3166409172996052e-08,0.11745869302709169,0.25951320891387963,0.23591237597473866,0.13777717685234273,0.12707536865225316,0.14364315807004657,-0.04636359854661008,-0.07455882246197057,0.015339533961478302,-0.08765336957244353,-0.05958905409789746,-0.04803561274919022
sample_639,False,ok,multi_seed_output\seed_1_S302109584\airfoils\sample_639.dat,0.09770997591428093,0.3386773547094188,1.4831992908165281e-08,1.3166409172996052e-08,0.10609676573016563,0.19767459040103244,0.2429255630717996,0.1855161205421137,0.11397955194420065,0.10756458481222658,-0.14150923678563793,-0.014213928040384252,-0.07571394970557513,-0.06090892586600525,-0.023237357918585735,0.019685192253508385
sample_640,False,ok,multi_seed_output\seed_1_S302109584\airfoils\sample_640.dat,0.09342159830927407,0.23046092184368736,1.4831992908165281e-08,1.3166409172996052e-08,0.17995070951494138,0.21329753126625922,0.15705193614316634,0.22064880793168862,0.13629512311985714,0.10362904414195254,-0.10396644345407224,-0.09113868935571642,0.019955648886574695,-0.028713367160696168,-0.04084281415103024,-0.003507245185413968
sample_641,False,ok,multi_seed_output\seed_1_S302109584\airfoils\sample_641.dat,0.09189027368565245,0.3607214428857715,1.4831992908165281e-08,1.3166409172996052e-08,0.15825246055501652,0.17463049611294923,0.20606542394899544,0.2149568132803646,0.11332079025070659,0.18098486527407365,-0.05586898218575116,-0.02849122292814385,-0.07356710333779075,-0.048941797522338355,-0.0347865674131535,-0.07825298849403282
sample_642,False,ok,multi_seed_output\seed_1_S302109584\airfoils\sample_642.dat,0.11008626384960427,0.2605210420841683,1.4831992908165281e-08,1.3166409172996052e-08,0.18283013622100502,0.2734690635590364,0.1478431353415918,0.20813325145485595,0.10246197981509898,0.215565225125834,-0.11242887077291383,-0.07354960642116645,-0.07918188988882646,-0.06663563103666968,-0.01559170590344558,-0.06700525920956121
sample_643,False,ok,multi_seed_output\seed_1_S302109584\airfoils\sample_643.dat,0.08240287889702916,0.344689378757515,1.4831992908165281e-08,1.3166409172996052e-08,0.13412181675584436,0.1859977243151537,0.24742888746523822,0.1605637488881838,0.12672385737306424,0.1274394489288788,-0.04329690194635591,-0.004580420135548255,-0.03240493866101746,-0.009063617017327635,-0.0541342049488863,0.041466481870429756
sample_644,False,ok,multi_seed_output\seed_1_S302109584\airfoils\sample_644.dat,0.1099719485895913,0.2725450901803607,1.4831992908165281e-08,1.3166409172996052e-08,0.21731206728768926,0.2645765357779269,0.2703445803440411,0.13101260179807828,0.2061258562426732,0.15706234497286303,-0.13989747175327014,0.003685856838019169,-0.04275559265814767,-0.07953725882857826,-0.03713403446737549,-0.02441930903342561
sample_645,False,ok,multi_seed_output\seed_1_S302109584\airfoils\sample_645.dat,0.10958221772525206,0.31462925851703405,1.4831992908165281e-08,1.3166409172996052e-08,0.13618685769965697,0.2705287023425314,0.2557944756303056,0.21551256951779035,0.20767387291671463,0.20296296674963682,-0.0857972393290938,-0.0822005889345768,0.013241312451173062,-0.09245468096569848,0.02847488625055994,-0.016201103927910132
sample_646,False,ok,multi_seed_output\seed_1_S302109584\airfoils\sample_646.dat,0.08891898041449514,0.3226452905811623,1.4831992908165281e-08,1.3166409172996052e-08,0.1291748606436976,0.2000421991310955,0.24191382907694708,0.20455160310157722,0.17894799918826745,0.11193333919309055,-0.07294614306023431,-0.058648743915074006,0.01744036869516752,-0.010240210242336109,-0.042398078768635536,-0.05899941889753807
sample_647,False,ok,multi_seed_output\seed_1_S302109584\airfoils\sample_647.dat,0.09251416062951219,0.39078156312625245,1.4831992908165281e-08,1.3166409172996052e-08,0.14751394933990256,0.19420165528511898,0.25607444783878347,0.2531717635343129,0.20084574862732207,0.1723880881228174,-0.029076032521871034,-0.036888548286361664,0.010154855627599407,-0.03503816271925475,-0.010019226813094667,-0.06662729857084035
sample_648,False,ok,multi_seed_output\seed_1_S302109584\airfoils\sample_648.dat,0.0965672230662968,0.2865731462925851,1.4831992908165281e-08,1.3166409172996052e-08,0.23377050852485415,0.2322348772513953,0.2707815150807612,0.1318844961966262,0.23179811519159,0.14000392409988627,-0.033470409359760006,-0.0076409049358876074,-0.0486689939150745,0.025454255888472804,-0.024443103060148755,0.012660014069305989
sample_649,False,ok,multi_seed_output\seed_1_S302109584\airfoils\sample_649.dat,0.09986146689021366,0.22444889779559116,1.4831992908165281e-08,1.3166409172996052e-08,0.20685481841815173,0.20251949667650715,0.17575376851156707,0.12639596468639971,0.10268336522878514,0.1514783100969147,-0.09902964334087434,-0.10887886959693088,-0.023734193249453875,-0.043013495163520835,-0.0008705572229132652,-0.06849629997459883
sample_650,False,ok,multi_seed_output\seed_1_S302109584\airfoils\sample_650.dat,0.11346007317450425,0.2945891783567134,1.4831992908165281e-08,1.3166409172996052e-08,0.1310786749550809,0.26549449534354513,0.22770945377105412,0.18257382766189242,0.14364085977154978,0.13526143636751525,-0.1304142368826343,-0.05683660595337576,-0.0983424318147849,-0.0547924366184135,0.020303286977476978,-0.007779758592279695
sample_651,False,ok,multi_seed_output\seed_1_S302109584\airfoils\sample_651.dat,0.10989536137113645,0.3607214428857715,1.4831992908165281e-08,1.3166409172996052e-08,0.12391528317980204,0.22523218393888333,0.23129387576213487,0.248961982302744,0.1139102089554102,0.19105105239844752,-0.04965357362564077,-0.07742896071403925,-0.07872992622587326,-0.07049250310183179,-0.04762200699552697,0.009526045047202447
sample_652,False,ok,multi_seed_output\seed_1_S302109584\airfoils\sample_652.dat,0.11750865548836849,0.31462925851703405,1.4831992908165281e-08,1.3166409172996052e-08,0.17353140498989716,0.24868015292877416,0.26724321719690136,0.22704961674375057,0.1982948322721652,0.16652670522587593,-0.13009686076162888,-0.07535903758699847,-0.025230864735964587,-0.07634661358382296,-0.07294467335071347,-0.01930485896814277
sample_653,False,ok,multi_seed_output\seed_1_S302109584\airfoils\sample_653.dat,0.08967445533479734,0.23847695390781562,1.4831992908165281e-08,1.3166409172996052e-08,0.15521991145539016,0.25847728491651745,0.1934694128354855,0.16691783931127246,0.1481798095634411,0.21536108382622307,-0.10608970430613428,-0.02753899612269975,0.024217503739740368,-0.027909925532689672,0.023663867607315717,0.011021152581890875
sample_654,False,ok,multi_seed_output\seed_1_S302109584\airfoils\sample_654.dat,0.0873983853752916,0.31462925851703405,1.4831992908165281e-08,1.3166409172996052e-08,0.1445362631314691,0.21128625285344677,0.2180003187063096,0.21794885237825173,0.22279358032384633,0.18294054859897851,-0.1338319389805707,0.011815134260984989,-0.012877298795453143,-0.025967161067906322,0.03485222525269259,0.04187892208933339
sample_655,False,ok,multi_seed_output\seed_1_S302109584\airfoils\sample_655.dat,0.1039071451734955,0.2885771543086172,1.4831992908165281e-08,1.3166409172996052e-08,0.15208022723493161,0.27256093605190646,0.25935716341571036,0.15949109757697927,0.19005914590858225,0.1317019481995951,-0.09753519294745915,-0.05502152290163788,0.02836825183345003,-0.0860241766446209,-0.04577675627162849,-0.06172716342895884
sample_656,False,ok,multi_seed_output\seed_1_S302109584\airfoils\sample_656.dat,0.08924275975925929,0.2945891783567134,1.4831992908165281e-08,1.3166409172996052e-08,0.1321990778822298,0.1950518390085301,0.14499354103171389,0.13976054723861137,0.10935817063341721,0.11081695821638554,-0.023327382792435486,-0.10341551392568109,-0.09308571245977482,-0.029470015660842855,0.0043866176196550866,0.006626651171304454
sample_657,False,ok,multi_seed_output\seed_1_S302109584\airfoils\sample_657.dat,0.09639984376846678,0.2865731462925851,1.4831992908165281e-08,1.3166409172996052e-08,0.12650954670793513,0.16653464197426476,0.2165442680185085,0.1730731560467247,0.12652667433109427,0.11486315409694217,-0.12125666217451139,-0.09984173912913856,-0.059951710992161455,-0.01277239901456391,0.009560965681360431,0.0021490049796492605
sample_658,False,ok,multi_seed_output\seed_1_S302109584\airfoils\sample_658.dat,0.07883226719780898,0.31462925851703405,1.4831992908165281e-08,1.3166409172996052e-08,0.1279136774798044,0.22804403702420006,0.20859207369784455,0.1351915335967233,0.15278165534137578,0.10161339188418005,-0.037585626885135864,-0.00953181099456904,0.0017697086202889678,-0.038522823248458,-0.022077050898775583,-0.019599769854557095
sample_659,False,ok,multi_seed_output\seed_1_S302109584\airfoils\sample_659.dat,0.10147249211515948,0.24048096192384769,1.4831992908165281e-08,1.3166409172996052e-08,0.16634824004594675,0.25207546175495105,0.19900150654230722,0.18406410460106762,0.1571450757135912,0.10646979904203173,-0.13564113174183273,-0.06523697683985225,0.014435900298964813,-0.063746108079301,-0.031890782120420874,-0.028281429580691582
sample_660,False,ok,multi_seed_output\seed_1_S302109584\airfoils\sample_660.dat,0.07188188240036,0.35270541082164325,1.4831992908165281e-08,1.3166409172996052e-08,0.20362141146402593,0.14579715706929305,0.15653255761936247,0.15851165798232658,0.17542723944773325,0.1458814878993936,-0.06240392572835006,0.012908823025401528,-0.02932470613713732,-0.07933426645787015,0.011328934976789065,-0.031106701233317567
sample_661,False,ok,multi_seed_output\seed_1_S302109584\airfoils\sample_661.dat,0.09232808107023646,0.3607214428857715,1.4831992908165281e-08,1.3166409172996052e-08,0.13505571992169513,0.21807437487920378,0.23810071879199207,0.16861396388121297,0.14670290613776438,0.1065937200970837,-0.037381915931864976,0.006888956818066019,-0.07154176447970448,-0.06118989743842757,-0.007942809916319932,-0.01291789268673424
sample_662,False,ok,multi_seed_output\seed_1_S302109584\airfoils\sample_662.dat,0.09541024919753671,0.2865731462925851,1.4831992908165281e-08,1.3166409172996052e-08,0.12106612660936808,0.25128708961005175,0.20033058889723002,0.20451738612414466,0.12977091077176164,0.12479068026121215,-0.08773783507526242,-0.05448685760808061,-0.03957588591772842,0.018398715266534527,-0.025743435454927993,0.044632555098300886
sample_663,False,ok,multi_seed_output\seed_1_S302109584\airfoils\sample_663.dat,0.11229973252931102,0.2865731462925851,1.4831992908165281e-08,1.3166409172996052e-08,0.11859376257580748,0.2698268001829781,0.1964904014029576,0.22010800735030686,0.16079131646561268,0.1163254720219971,-0.1394293424969758,-0.1020660858339353,-0.03339820301566214,-0.062174923673813415,-0.07090975081761722,-0.07688834165496876
sample_664,False,ok,multi_seed_output\seed_1_S302109584\airfoils\sample_664.dat,0.09522766530728585,0.2945891783567134,1.4831992908165281e-08,1.3166409172996052e-08,0.17971432754239375,0.24252632833817953,0.1469021535139755,0.2345356504570729,0.20223055429116382,0.09454136228485216,-0.044532446685882215,-0.04721442373708008,-0.08446861930020663,0.022172925117063758,-0.03370137682323851,0.04079020701116773
sample_665,False,ok,multi_seed_output\seed_1_S302109584\airfoils\sample_665.dat,0.1145903884249694,0.2665330661322645,1.4831992908165281e-08,1.3166409172996052e-08,0.23095796218415457,0.20675150018794347,0.18056936419223574,0.19803087482274478,0.23036402442282217,0.1822692908654775,-0.1250534779329004,-0.09524416980721209,-0.10038738918517798,-0.0758595740928096,0.033951246441353014,-0.025128074971647485
sample_666,False,ok,multi_seed_output\seed_1_S302109584\airfoils\sample_666.dat,0.07813931164525206,0.280561122244489,1.4831992908165281e-08,1.3166409172996052e-08,0.15215100340654292,0.20884420953664073,0.24121090199636763,0.14647956443630672,0.1332762658464327,0.20079967459268724,-0.08182111342211582,0.014038370547079293,0.01480758260265315,0.006222518861246473,-0.045665787216410764,-0.009311417745331327
sample_667,False,ok,multi_seed_output\seed_1_S302109584\airfoils\sample_667.dat,0.1009063160344538,0.30861723446893785,1.4831992908165281e-08,1.3166409172996052e-08,0.19863071909690336,0.16490700193416957,0.2540264263774487,0.2150878209406354,0.2128911251177591,0.19531565524993538,-0.13540601206401223,-0.05442872346533891,-0.03501649386139104,-0.009554320179482892,-0.08732791699389432,-0.037745178131924344
sample_668,False,ok,multi_seed_output\seed_1_S302109584\airfoils\sample_668.dat,0.09537063372900051,0.26452905811623245,1.4831992908165281e-08,1.3166409172996052e-08,0.18357830348428875,0.20860100605733403,0.18144396074934016,0.1353998805152511,0.19896337936115624,0.12371956200458725,-0.09655626447228022,-0.05579525222792347,-0.06874001521174183,-0.011934506737691641,-0.07863734767005523,0.021516191558200212
sample_669,False,ok,multi_seed_output\seed_1_S302109584\airfoils\sample_669.dat,0.09931817773645606,0.26452905811623245,1.4831992908165281e-08,1.3166409172996052e-08,0.14891265380735075,0.2693536899458137,0.23077588143941333,0.23924299302736762,0.2030925950918981,0.2085076658889455,-0.1462146594317911,-0.017375352842117706,0.01051074839601969,0.027747933769604063,-0.08768402663615812,-0.0735128192599659
sample_670,False,ok,multi_seed_output\seed_1_S302109584\airfoils\sample_670.dat,0.09436275095563958,0.3306613226452906,1.4831992908165281e-08,1.3166409172996052e-08,0.17723547685537883,0.18711726154441194,0.2718333372690974,0.21525892461740492,0.15782058532601453,0.09782950512286194,-0.13174597871009328,-0.018541272194112765,0.02704809550011371,-0.06099916451770791,-0.08739772200591348,-0.052548809654557445
sample_671,False,ok,multi_seed_output\seed_1_S302109584\airfoils\sample_671.dat,0.09848242793425421,0.24048096192384769,1.4831992908165281e-08,1.3166409172996052e-08,0.22618409770517528,0.19727295828743696,0.2515317470112197,0.17053086903034242,0.13794215347104533,0.16691237305165238,-0.0871745375755823,-0.06500430373117197,-0.010835652527700163,0.027036827213114276,-0.03213123157040865,0.011591957353828147
sample_672,False,ok,multi_seed_output\seed_1_S302109584\airfoils\sample_672.dat,0.10110290318341564,0.2865731462925851,1.4831992908165281e-08,1.3166409172996052e-08,0.17706675783304265,0.2546209473053872,0.25317012287031226,0.22485952698865494,0.13823283476194664,0.09765744591764604,-0.09991405177955374,-0.03119597974434883,0.013942633247927771,-0.04303671358145511,-0.018364308049852424,-0.030355107986198095
sample_673,False,ok,multi_seed_output\seed_1_S302109584\airfoils\sample_673.dat,0.11313186102083442,0.2725450901803607,1.4831992908165281e-08,1.3166409172996052e-08,0.20601078209731905,0.2364683071302398,0.24084685361074815,0.17521475511254075,0.2194786337054323,0.2072322097855317,-0.09668265710881738,-0.08481245677078252,-0.07606770028685311,0.008164558886956913,-0.015715825400931194,-0.04957194629651412
sample_674,False,ok,multi_seed_output\seed_1_S302109584\airfoils\sample_674.dat,0.0872860831791661,0.3386773547094188,1.4831992908165281e-08,1.3166409172996052e-08,0.13277142884437163,0.16071419306857654,0.25299310393999047,0.16121149103399868,0.2212046106056722,0.12051052407033569,-0.12351921611896335,-0.021462922134808493,-0.02024559913993655,-0.042394134181052257,0.0031814182411645797,-0.025624585600093265
sample_675,False,ok,multi_seed_output\seed_1_S302109584\airfoils\sample_675.dat,0.10714859968914972,0.3166332665330661,1.4831992908165281e-08,1.3166409172996052e-08,0.12449875852999646,0.2184463683946638,0.2503618445580189,0.19959823507974836,0.1714532593076909,0.10626469424013442,-0.14379641634682075,-0.07071398778103025,-0.036968065235879755,-0.056669029916366735,-0.07789633564192026,-0.004023661480597435
sample_676,False,ok,multi_seed_output\seed_1_S302109584\airfoils\sample_676.dat,0.09479431002434419,0.35871743486973945,1.4831992908165281e-08,1.3166409172996052e-08,0.17938160926321,0.17493297301319868,0.2692196814709561,0.24582098119749227,0.11906892425334303,0.17776158260788055,-0.0374750805698357,-0.0008590014412106634,-0.08138676038300066,0.007717959591199988,0.029323868634288375,0.0033145249222627654
sample_677,False,ok,multi_seed_output\seed_1_S302109584\airfoils\sample_677.dat,0.08095366877578,0.30861723446893785,1.4831992908165281e-08,1.3166409172996052e-08,0.14413015882764646,0.1683854733303643,0.18503357496175576,0.1874759422835085,0.1973390479269615,0.14341495555281256,-0.03168030281567419,-0.08335574558336054,-0.010040629642287205,0.011186658601739827,-0.05079206188295275,0.0431868074235045
sample_678,False,ok,multi_seed_output\seed_1_S302109584\airfoils\sample_678.dat,0.09823028417529935,0.3226452905811623,1.4831992908165281e-08,1.3166409172996052e-08,0.14343702598913366,0.2108843438143405,0.2039882242130186,0.1807366723066124,0.21822342529903882,0.14886570323874743,-0.13050219504047894,-0.04307112231245287,-0.04231737725925034,-0.07844795262986598,-0.05317954732198573,0.027480724966331888
sample_679,False,ok,multi_seed_output\seed_1_S302109584\airfoils\sample_679.dat,0.10542139141961585,0.24048096192384769,1.4831992908165281e-08,1.3166409172996052e-08,0.200497529258998,0.2680247155835376,0.16799118803633253,0.17504917672171164,0.10610502834668885,0.17782804165047128,-0.09866377693332262,-0.07118883847791697,-0.03519377080750767,-0.04982709251023457,-0.053265980278555385,-0.025194150180698656
sample_680,False,ok,multi_seed_output\seed_1_S302109584\airfoils\sample_680.dat,0.10478684352822473,0.2124248496993988,1.4831992908165281e-08,1.3166409172996052e-08,0.22084057587480183,0.2065738427652663,0.14617345871239448,0.17702542827606454,0.15903309481686206,0.1272470906145702,-0.1410732899384611,-0.08173059211887146,-0.07629686994636461,-0.0036884610048254496,-0.011924721146796088,0.02610052616482504
sample_681,False,ok,multi_seed_output\seed_1_S302109584\airfoils\sample_681.dat,0.07975134586943605,0.23246492985971942,1.4831992908165281e-08,1.3166409172996052e-08,0.18647159566863442,0.1528006192107716,0.21423108559711423,0.15512460696946442,0.11432979954381384,0.11495893828813705,-0.09939218828345456,-0.03822414064326679,0.015974437983252376,-0.00023723130883082644,-0.08695409064306461,-0.044822727501093326
sample_682,False,ok,multi_seed_output\seed_1_S302109584\airfoils\sample_682.dat,0.10373408333345073,0.3306613226452906,1.4831992908165281e-08,1.3166409172996052e-08,0.22346086277912347,0.15453510946341015,0.2528980257923535,0.16165311782173022,0.2098153095547831,0.1180009691159284,-0.03663264076007411,-0.09485350975709779,-0.06480342361905903,-0.07254864475439889,-0.014027981111449234,-0.07397253483619405
sample_683,False,ok,multi_seed_output\seed_1_S302109584\airfoils\sample_683.dat,0.09735084899008915,0.26452905811623245,1.4831992908165281e-08,1.3166409172996052e-08,0.19470427206129443,0.2197613998058856,0.1767788324966317,0.2110080633578074,0.1033887767094543,0.1789077018082848,-0.038550484027187304,-0.10919321526916062,-0.02700456346335127,0.010290018463042477,-0.05297549182738554,0.0015587470457669311
sample_684,False,ok,multi_seed_output\seed_1_S302109584\airfoils\sample_684.dat,0.09669060040451792,0.2665330661322645,1.4831992908165281e-08,1.3166409172996052e-08,0.12015138259066646,0.23143676832351415,0.2148190812473402,0.1293863092605479,0.14053428202794419,0.19665883535871115,-0.13306834342834778,-0.03498427991256778,-0.09202070771238102,0.027671362610578537,0.02021504207167965,0.016568035873222864
sample_685,False,ok,multi_seed_output\seed_1_S302109584\airfoils\sample_685.dat,0.09184996787301125,0.30861723446893785,1.4831992908165281e-08,1.3166409172996052e-08,0.13488361893879855,0.23778526431108923,0.16169408835563137,0.15011952190240957,0.2265383109128825,0.18663789515438034,-0.06546643306414211,-0.05114499698697457,-0.05254852035923303,-0.07244626187454506,0.020993598872013283,0.022073369422023356
sample_686,False,ok,multi_seed_output\seed_1_S302109584\airfoils\sample_686.dat,0.08445224053756321,0.23046092184368736,1.4831992908165281e-08,1.3166409172996052e-08,0.20467860995145132,0.18268063195901468,0.1448028131595634,0.24736406718233928,0.2244062962109995,0.15045192560109236,-0.04999305244504315,-0.09708699062106224,0.02682970252316723,0.03085333504125641,-0.004297159850554552,-0.00387435771770038
sample_687,False,ok,multi_seed_output\seed_1_S302109584\airfoils\sample_687.dat,0.08592549569932677,0.23246492985971942,1.4831992908165281e-08,1.3166409172996052e-08,0.15834545774788425,0.19387586443541793,0.17127377957138698,0.12488765736740765,0.19288931934983555,0.19175877601757602,-0.07070381396306825,-0.10897852639999688,0.024740188492951773,-0.014586207793919517,-0.05151001711509929,-0.027287854136954885
sample_688,False,ok,multi_seed_output\seed_1_S302109584\airfoils\sample_688.dat,0.10933757911955425,0.30861723446893785,1.4831992908165281e-08,1.3166409172996052e-08,0.19552372503069618,0.16626734250931494,0.2631178307063282,0.1907575405256935,0.1322689433247951,0.19855931409626643,-0.09780675435341933,-0.0963915376962796,-0.08217799842142406,-0.036762074945279055,-0.010576762596985562,-0.00994030290327344
sample_689,False,ok,multi_seed_output\seed_1_S302109584\airfoils\sample_689.dat,0.09786679013055433,0.374749498997996,1.4831992908165281e-08,1.3166409172996052e-08,0.110432400074556,0.1479735887707887,0.232038747680228,0.24609470242866993,0.12447107158870716,0.19439661095185412,-0.1059042682211695,-0.06474098044559914,-0.06197906555340779,-0.061993443784783324,-0.0033181082495602754,-0.06419312613813197
sample_690,False,ok,multi_seed_output\seed_1_S302109584\airfoils\sample_690.dat,0.10883341211190509,0.2665330661322645,1.4831992908165281e-08,1.3166409172996052e-08,0.19398215518106282,0.26609160570351365,0.18890231852071623,0.2374636065477947,0.19080503912302071,0.17960758171808222,-0.08912901611715424,-0.09285840473894452,-0.014291301199466228,-0.028867969771762356,-0.05627071235636325,0.02012254844507902
sample_691,False,ok,multi_seed_output\seed_1_S302109584\airfoils\sample_691.dat,0.0938441350095791,0.3166332665330661,1.4831992908165281e-08,1.3166409172996052e-08,0.20059124357695707,0.19275046746488592,0.20338381354595722,0.22166018117046926,0.17840035867893733,0.11352931517767975,-0.03159397950594528,-0.09515883857348341,0.021681702956894408,-0.069124832225749,-0.060501533319050164,-0.07500518469112229
sample_692,False,ok,multi_seed_output\seed_1_S302109584\airfoils\sample_692.dat,0.10206417454916622,0.406813627254509,1.4831992908165281e-08,1.3166409172996052e-08,0.15639240287112918,0.15787446635838243,0.2336049304165707,0.2543412382823542,0.17930447072694566,0.1593664448599103,-0.024626092769450353,-0.053682733531421244,-0.06553576801550086,-0.09453058666686402,-0.0021294803520131717,-0.0627431406716206
sample_693,False,ok,multi_seed_output\seed_1_S302109584\airfoils\sample_693.dat,0.09443465537940696,0.24649298597194386,1.4831992908165281e-08,1.3166409172996052e-08,0.14319365671258882,0.1538781945870096,0.21107128484904922,0.1250127070697646,0.17612405605721304,0.21849975115469594,-0.14967675852294118,-0.11391361118746614,-0.009144047240568526,-0.03619656993225447,-0.08931489449493012,-0.0679503552426131
sample_694,False,ok,multi_seed_output\seed_1_S302109584\airfoils\sample_694.dat,0.09415947947894715,0.23246492985971942,1.4831992908165281e-08,1.3166409172996052e-08,0.22958590240143892,0.192206449536995,0.21491806483180764,0.14860673176558611,0.13342635301619885,0.18967668612061925,-0.08373804262192394,-0.06534755639353648,0.01661017972183841,-0.08099507977662782,0.0006022361211687199,-0.034758821843206535
sample_695,False,ok,multi_seed_output\seed_1_S302109584\airfoils\sample_695.dat,0.10499043635149335,0.30861723446893785,1.4831992908165281e-08,1.3166409172996052e-08,0.15878940924952328,0.20584732227194646,0.23269461645450756,0.1421750904571503,0.15855589571177942,0.13749984933204756,-0.0341776518134598,-0.109958905017014,-0.09431978308649083,-0.004286008992207685,-0.08465184186776277,0.0024068347189971084
sample_696,False,ok,multi_seed_output\seed_1_S302109584\airfoils\sample_696.dat,0.10852424069301392,0.2665330661322645,1.4831992908165281e-08,1.3166409172996052e-08,0.17262467265260972,0.2199661134031285,0.160459677313536,0.2018264614392002,0.15927074820968817,0.14192625658191144,-0.1352668902831144,-0.10237175283484437,-0.07414335989426724,-0.06512091505847473,-0.039455491672753744,-0.07083942241669716
sample_697,False,ok,multi_seed_output\seed_1_S302109584\airfoils\sample_697.dat,0.0989910631666622,0.35270541082164325,1.4831992908165281e-08,1.3166409172996052e-08,0.14830220232654734,0.22164457907329124,0.24809236360879633,0.21158154673644675,0.2261910486777436,0.12185383512116359,-0.03917683096763662,-0.023506802999837387,-0.06704957497257022,-0.019261270930198027,0.009807514605368578,-0.007615244034978541
sample_698,False,ok,multi_seed_output\seed_1_S302109584\airfoils\sample_698.dat,0.10269711640442174,0.2925851703406813,1.4831992908165281e-08,1.3166409172996052e-08,0.17371754333360884,0.20563015768568615,0.21554086871917771,0.13488494131826564,0.1856605450987246,0.16822036935447537,-0.0813424516211168,-0.10596043577519948,-0.027359202687744166,-0.08872497353545827,-0.08753224384878416,0.014813781094895284
sample_699,False,ok,multi_seed_output\seed_1_S302109584\airfoils\sample_699.dat,0.09948682330454567,0.3667334669338677,1.4831992908165281e-08,1.3166409172996052e-08,0.12499618633312326,0.15104272372834368,0.20589577786321192,0.23007388638795423,0.16987314002179962,0.15760809633182243,-0.12698860536208684,-0.08080663892316017,-0.0674829166347404,-0.055703290755073055,-0.08322817594619963,0.007273236573691999
sample_700,False,ok,multi_seed_output\seed_1_S302109584\airfoils\sample_700.dat,0.10783590775861276,0.2865731462925851,1.4831992908165281e-08,1.3166409172996052e-08,0.16367498051954826,0.23383283092361218,0.16297325005716157,0.23405951425167576,0.2235240518237505,0.12344972552673575,-0.12741782548753072,-0.08247301750838162,-0.0846754544228666,-0.011622102044967678,-0.08920898113844573,-0.05488522549158384
sample_701,False,ok,multi_seed_output\seed_1_S302109584\airfoils\sample_701.dat,0.08427758564287405,0.30861723446893785,1.4831992908165281e-08,1.3166409172996052e-08,0.11123519857151165,0.1881071928456323,0.21506692074109038,0.17015157098164585,0.2146420441212698,0.17717232005839267,-0.051508928009537644,-0.0892479671007069,0.02120236722541015,-0.03215553831944423,0.020883416229876328,0.035013725858462616
sample_702,False,ok,multi_seed_output\seed_1_S302109584\airfoils\sample_702.dat,0.07848646595652789,0.30861723446893785,1.4831992908165281e-08,1.3166409172996052e-08,0.11538365564535714,0.16365636579219894,0.23877020648444383,0.14311214159341634,0.18543444750014515,0.16390958902221617,-0.04640815657164722,-0.06778764980557665,0.012414368660597544,0.0022371040850932417,0.004159344149428562,0.0016932930887821052
sample_703,False,ok,multi_seed_output\seed_1_S302109584\airfoils\sample_703.dat,0.10141749323626725,0.280561122244489,1.4831992908165281e-08,1.3166409172996052e-08,0.1874291612296768,0.23808075120410632,0.1575027667127566,0.14290359758345753,0.19019929887564857,0.15127917249299955,-0.026359901852473916,-0.10686839047635105,-0.0774244780672292,-0.050525774581409194,0.010736715121771254,-0.03850420813014524
sample_704,False,ok,multi_seed_output\seed_1_S302109584\airfoils\sample_704.dat,0.10688861462150043,0.3166332665330661,1.4831992908165281e-08,1.3166409172996052e-08,0.1814424204039996,0.2046059991465326,0.2492699838800815,0.2353822887224876,0.1526899615188254,0.2205505049839555,-0.0848004134572509,-0.06400198261288645,-0.07386954170419976,0.0010949049584965537,-0.04149475886450011,-0.022375197539691652
sample_705,False,ok,multi_seed_output\seed_1_S302109584\airfoils\sample_705.dat,0.07673326862993901,0.344689378757515,1.4831992908165281e-08,1.3166409172996052e-08,0.17340929091155688,0.17531321680945675,0.14899627180014746,0.23166266253400095,0.12665626450150705,0.10522609186512016,-0.11451636488585432,0.012206948035642429,-0.01269054269896204,-0.043960544150520045,-0.07999398146754676,-0.0431640507570939
sample_706,False,ok,multi_seed_output\seed_1_S302109584\airfoils\sample_706.dat,0.08090603061912315,0.34669338677354705,1.4831992908165281e-08,1.3166409172996052e-08,0.11293252675092845,0.18858506704802194,0.14607417564815794,0.1508240908029301,0.2056529053814204,0.16281352829440557,-0.12770632659347075,0.013990184536828126,-0.08085996749539529,-0.07910112227870014,0.01674401114464516,0.024674244355756186
sample_707,False,ok,multi_seed_output\seed_1_S302109584\airfoils\sample_707.dat,0.0978199954983631,0.2945891783567134,1.4831992908165281e-08,1.3166409172996052e-08,0.2177560957593228,0.17381966360808987,0.2097200416840782,0.16769045925693965,0.10597407623242697,0.16351157489288126,-0.043716844310715916,-0.08830313828239623,-0.055076351468869314,-0.05620495192203994,-0.0722954880109242,0.008922683440207135
sample_708,False,ok,multi_seed_output\seed_1_S302109584\airfoils\sample_708.dat,0.09850344497394437,0.2865731462925851,1.4831992908165281e-08,1.3166409172996052e-08,0.19813847727081113,0.1556359035332522,0.25854293318962096,0.15366504675322132,0.21898691966236655,0.10377575389176978,-0.07369715961571152,-0.10833362472221278,-0.013596383508767615,-0.041793443094715985,0.019763738219019153,-0.07150191156542919
sample_709,False,ok,multi_seed_output\seed_1_S302109584\airfoils\sample_709.dat,0.0972777368733678,0.3987975951903807,1.4831992908165281e-08,1.3166409172996052e-08,0.1397783681770037,0.19549597039376002,0.26836965932666057,0.22725001554335122,0.22182793534655965,0.19286311879884727,-0.098046585214279,-0.035418101190217724,0.02563962021749132,-0.06860739520039211,-0.08570649245663887,-0.034990415834714704
sample_710,False,ok,multi_seed_output\seed_1_S302109584\airfoils\sample_710.dat,0.11161232759817205,0.23246492985971942,1.4831992908165281e-08,1.3166409172996052e-08,0.23062351291423613,0.209627330707648,0.21838627298336882,0.17390471296261192,0.20531946515916571,0.15592731160892648,-0.12276669989126882,-0.11462827024719717,-0.029068507250697984,0.0007360395265614689,-0.08371152734552735,-0.06938541839649368
sample_711,False,ok,multi_seed_output\seed_1_S302109584\airfoils\sample_711.dat,0.08489572340396769,0.30861723446893785,1.4831992908165281e-08,1.3166409172996052e-08,0.11503867701051708,0.21495685291023806,0.17256737489895635,0.22071454142279473,0.1603710504115321,0.20221823362800173,-0.14984369251024288,-0.009686431692823669,0.009860416964695654,-0.09313279216786964,0.03068053677005346,-0.012699555132233434
sample_712,False,ok,multi_seed_output\seed_1_S302109584\airfoils\sample_712.dat,0.0849724654907495,0.31462925851703405,1.4831992908165281e-08,1.3166409172996052e-08,0.16291512977213754,0.20988108123574367,0.19520716963288476,0.17176388526494188,0.15231320013902738,0.1878216072727269,-0.02324894032804478,-0.06710848992996071,0.025422819041465664,-0.061043830380105586,-0.08793771027366505,0.025525977754399146
sample_713,False,ok,multi_seed_output\seed_1_S302109584\airfoils\sample_713.dat,0.10604317931818899,0.3246492985971944,1.4831992908165281e-08,1.3166409172996052e-08,0.13577589529810455,0.21269150569831105,0.1542999222573587,0.23196944994298074,0.18571174207614333,0.213499838516039,-0.09791195952564613,-0.10267584676442165,-0.09752394692385452,-0.05113806676988599,-0.07012577241970433,0.010951121461286448
sample_714,False,ok,multi_seed_output\seed_1_S302109584\airfoils\sample_714.dat,0.09589859340979906,0.2745490981963928,1.4831992908165281e-08,1.3166409172996052e-08,0.12751346186110646,0.24005800355546336,0.19706523960114886,0.15212141351674785,0.15212311166783282,0.12504938150760286,-0.07462103245432787,-0.08236095224510005,-0.042197362892551826,-0.00352840349427308,0.006045016048801727,-0.05580904717404726
sample_715,False,ok,multi_seed_output\seed_1_S302109584\airfoils\sample_715.dat,0.09312537700669843,0.3306613226452906,1.4831992908165281e-08,1.3166409172996052e-08,0.18211202014372235,0.2202930620827958,0.22399015171496717,0.19354209002863945,0.11455330268758354,0.19358916238355034,-0.07506162109006856,0.0023749929886531795,-0.03947664271379629,-0.05941905133323982,-0.05121770182411979,-0.08429651736826377
sample_716,False,ok,multi_seed_output\seed_1_S302109584\airfoils\sample_716.dat,0.08141519278978543,0.2444889779559118,1.4831992908165281e-08,1.3166409172996052e-08,0.20725490768738394,0.19268387362593162,0.18586492328369353,0.20237704773167858,0.17850932348938112,0.1746124800823416,-0.09414469779462364,-0.00325082990007039,0.022709845288756567,-0.03648509175057957,-0.08483594733807376,-0.027780032120508127
sample_717,False,ok,multi_seed_output\seed_1_S302109584\airfoils\sample_717.dat,0.09097214883031178,0.3386773547094188,1.4831992908165281e-08,1.3166409172996052e-08,0.13026999585002794,0.16580898134711006,0.17186456441834572,0.19043689843799508,0.14689230662382452,0.17190089568430883,-0.11817621661046997,-0.04233512027122378,-0.09741450202762797,-0.029500901698121154,-0.08828306159947544,0.036531455761562276
sample_718,False,ok,multi_seed_output\seed_1_S302109584\airfoils\sample_718.dat,0.105181230702134,0.3226452905811623,1.4831992908165281e-08,1.3166409172996052e-08,0.14120813690221692,0.20758557116019544,0.20669196522304376,0.2516259587404629,0.22986696151327787,0.10312977488228216,-0.14267927535500652,-0.04894941334332423,-0.09335039623451276,-0.015462566710948741,0.030119544362758738,0.038902139861433704
sample_719,False,ok,multi_seed_output\seed_1_S302109584\airfoils\sample_719.dat,0.09692133672135383,0.2945891783567134,1.4831992908165281e-08,1.3166409172996052e-08,0.2133226968557791,0.1699490922026327,0.1688224733199071,0.20222757259995544,0.18422172497961709,0.11791175593068909,-0.09380288199868858,-0.06627843765992125,-0.07685775309171505,-0.04336745512035666,-0.07970335461350711,0.00403858921443534
sample_720,False,ok,multi_seed_output\seed_1_S302109584\airfoils\sample_720.dat,0.09090392522470951,0.3006012024048096,1.4831992908165281e-08,1.3166409172996052e-08,0.1914098948435261,0.22444694112523556,0.16827381954885995,0.20709907212611778,0.11765573459229345,0.15647529793826379,-0.07672189459688886,-0.015907702055069084,-0.043917246806631435,-0.05189052337270844,-0.06490369863073435,-0.061057513633327815
sample_721,False,ok,multi_seed_output\seed_1_S302109584\airfoils\sample_721.dat,0.10193813966506898,0.2444889779559118,1.4831992908165281e-08,1.3166409172996052e-08,0.12607419634072448,0.273922779086893,0.18581959543439414,0.12712286278285398,0.17032166347895547,0.15892430017813464,-0.12833856507658456,-0.09293434832168249,0.007892090644367133,-0.05563907169146378,-0.0467717531716317,0.034108179632960756
sample_722,False,ok,multi_seed_output\seed_1_S302109584\airfoils\sample_722.dat,0.08743490707357526,0.37675350701402804,1.4831992908165281e-08,1.3166409172996052e-08,0.10954728862291299,0.18828484041199867,0.16308810563531717,0.21275918597244436,0.16400666490850413,0.1252012953719595,-0.07173474907969124,-0.01598976703598176,-0.09193164076814284,-0.039487330718771876,-0.03365646970012609,-0.008616312115808142
sample_723,False,ok,multi_seed_output\seed_1_S302109584\airfoils\sample_723.dat,0.10189578570338784,0.30260521042084165,1.4831992908165281e-08,1.3166409172996052e-08,0.11057894901838894,0.2582649777313586,0.24870497396598323,0.22710417966340368,0.1971644500789722,0.22188677841660837,-0.13651835638422458,-0.033403175678174954,-0.023093428836708285,0.023094351754084252,-0.06894152082466713,-0.08243943765058236
sample_724,False,ok,multi_seed_output\seed_1_S302109584\airfoils\sample_724.dat,0.08258009671657487,0.25851703406813625,1.4831992908165281e-08,1.3166409172996052e-08,0.23531814920407318,0.17411028174706644,0.2594239663868061,0.1380970876822462,0.16305775321432067,0.134464467726834,-0.058579880042808036,0.00754544470165526,-0.01540269306684032,0.03176577248504876,-0.011798179765020372,-0.05882516093329873
sample_725,False,ok,multi_seed_output\seed_1_S302109584\airfoils\sample_725.dat,0.09350756457889059,0.35270541082164325,1.4831992908165281e-08,1.3166409172996052e-08,0.14238942636315355,0.18415036027901532,0.21984071746036832,0.23086223534701716,0.135855196150999,0.10738745191274081,-0.0864879114137681,-0.049708651702493584,-0.030647661923413436,-0.03238758733669814,-0.08801147837269648,-0.023452709811337943
sample_726,False,ok,multi_seed_output\seed_1_S302109584\airfoils\sample_726.dat,0.08392989900186994,0.374749498997996,1.4831992908165281e-08,1.3166409172996052e-08,0.12624824690681627,0.16675425471375152,0.2131063694526215,0.20078742539144961,0.12047476599684284,0.12702744438055297,-0.11841036513957673,-0.011362912214209736,-0.010184425768809971,-0.06315353236389898,-0.08987944810671646,-0.004040968869285497
sample_727,False,ok,multi_seed_output\seed_1_S302109584\airfoils\sample_727.dat,0.09248454533288741,0.280561122244489,1.4831992908165281e-08,1.3166409172996052e-08,0.12594398864118977,0.27333985368105773,0.23158422825608851,0.22863489206950252,0.17093928379477244,0.17507231647899113,-0.11523860046610965,-0.005989644888456366,0.020862418014899325,0.0032207597716881337,0.023046425361645168,-0.06086132096447675
sample_728,False,ok,multi_seed_output\seed_1_S302109584\airfoils\sample_728.dat,0.10184517487208784,0.3006012024048096,1.4831992908165281e-08,1.3166409172996052e-08,0.1580349407098366,0.27202168067192295,0.16684541582489779,0.20893274494570635,0.1081119451146308,0.14159236631579936,-0.11555857473472744,-0.002565564350275301,-0.09090081293791627,-0.0829248224649081,0.0305833718168302,-0.018526675227855935
sample_729,False,ok,multi_seed_output\seed_1_S302109584\airfoils\sample_729.dat,0.09973414101223768,0.2725450901803607,1.4831992908165281e-08,1.3166409172996052e-08,0.1601122791084726,0.2168661648129231,0.20508320675040814,0.23447511704368562,0.2070087829301415,0.11686664250838638,-0.08955396477101865,-0.10259566492094756,-0.0077171886969343295,0.000975354652260757,0.019669362316225486,-0.027503831494837608
sample_730,False,ok,multi_seed_output\seed_1_S302109584\airfoils\sample_730.dat,0.08255923091539344,0.25851703406813625,1.4831992908165281e-08,1.3166409172996052e-08,0.16130470246273998,0.26217461258389535,0.15222193651754276,0.17382800429044692,0.16993447107625026,0.14553866246067484,-0.024291116196182155,-0.04024017324362811,0.00617524829695533,-0.0015175772646483232,0.015882161706159012,-0.06185298962172128
sample_731,False,ok,multi_seed_output\seed_1_S302109584\airfoils\sample_731.dat,0.10493559103971223,0.3667334669338677,1.4831992908165281e-08,1.3166409172996052e-08,0.1557739135109944,0.24461973878281382,0.22194117703203625,0.24556619842917893,0.19258831276278085,0.11281398685365487,-0.0318017042522426,-0.03293820152708185,-0.0576369918870231,-0.0961500360038634,0.0334139298156574,0.0393931365273618
sample_732,False,ok,multi_seed_output\seed_1_S302109584\airfoils\sample_732.dat,0.08023224901894302,0.25250501002004005,1.4831992908165281e-08,1.3166409172996052e-08,0.16937332655883647,0.15018333146427598,0.14659267049963248,0.2279283100263474,0.11068399528618092,0.2218080133200218,-0.0986276355204412,-0.04994677960374132,-0.051313002701013334,0.031243200986092776,0.0053464640777528966,0.04404854888489168
sample_733,False,ok,multi_seed_output\seed_1_S302109584\airfoils\sample_733.dat,0.08313832831558661,0.4288577154308617,1.4831992908165281e-08,1.3166409172996052e-08,0.11546255187346235,0.19876184899936528,0.1755445120169158,0.203706740645219,0.15706105623781966,0.18323954802294523,-0.05815594954150098,-0.008486983253085306,-0.007956688524828004,-0.08511435967145099,-0.09289897445866523,-0.031034287864851615
sample_734,False,ok,multi_seed_output\seed_1_S302109584\airfoils\sample_734.dat,0.10560700035793698,0.25851703406813625,1.4831992908165281e-08,1.3166409172996052e-08,0.22277748341055226,0.2422365228217076,0.16475281333160213,0.14323511012495743,0.2014474551207468,0.09835290447859797,-0.06892362799009946,-0.08764462681158254,-0.06294245321464267,-0.059010836009058626,-0.06676586766351428,-0.048817932198658494
sample_735,False,ok,multi_seed_output\seed_1_S302109584\airfoils\sample_735.dat,0.08886054771384497,0.2945891783567134,1.4831992908165281e-08,1.3166409172996052e-08,0.19431337299029414,0.1851855749172971,0.18835324189544955,0.13651121812678485,0.11613203183730578,0.09924708936347754,-0.10634811723046968,0.011319975450893083,-0.09796285027133259,-0.064058531146685,0.002242278846048676,-0.08444727107690761
sample_736,False,ok,multi_seed_output\seed_1_S302109584\airfoils\sample_736.dat,0.10463585344846339,0.2665330661322645,1.4831992908165281e-08,1.3166409172996052e-08,0.21472556378374824,0.205507207357488,0.20951576549183426,0.22761993382521703,0.16056660945788875,0.15532794036349168,-0.07235506683109968,-0.11336247456654117,-0.015483500492783075,-0.016058879635758833,-0.0674627151883528,-0.06231774730643228
sample_737,False,ok,multi_seed_output\seed_1_S302109584\airfoils\sample_737.dat,0.10825921900779878,0.3607214428857715,1.4831992908165281e-08,1.3166409172996052e-08,0.10771770984833398,0.25376598537001444,0.2462840938502191,0.2229101374010974,0.14004668321701697,0.18038714313131485,-0.04552764679949996,-0.034299728374803384,-0.0903635368000672,-0.0633950912079439,-0.009403256743008695,-0.04490151354403836
sample_738,False,ok,multi_seed_output\seed_1_S302109584\airfoils\sample_738.dat,0.09274218253129193,0.2945891783567134,1.4831992908165281e-08,1.3166409172996052e-08,0.2282980317145704,0.17897014800040387,0.2517944262327037,0.22390594884893483,0.13656708549868218,0.18556588167451726,-0.1310864339136768,0.009860794485536367,-0.00759308706948883,-0.031368298240713466,-0.08709123419228403,0.02758777285713071
sample_739,False,ok,multi_seed_output\seed_1_S302109584\airfoils\sample_739.dat,0.07948096024660922,0.2745490981963928,1.4831992908165281e-08,1.3166409172996052e-08,0.14300907782117683,0.24298562726259892,0.17826262466956297,0.16751928036448285,0.1997109801129191,0.17859693709204227,-0.08233316375217879,0.0006354728880084842,0.026732792690108767,-0.04496417503638481,-0.028638314005772325,0.0342418680333903
sample_740,False,ok,multi_seed_output\seed_1_S302109584\airfoils\sample_740.dat,0.08304455883213518,0.3366733466933867,1.4831992908165281e-08,1.3166409172996052e-08,0.16359055517227505,0.18234568822350342,0.22521028401482845,0.1392080648040249,0.16566810949095473,0.22267676706003398,-0.06934784778653572,-0.002719248977597913,-0.034090923484449975,-0.026956352743881917,-0.08558539163870163,-0.043592128070552016
sample_741,False,ok,multi_seed_output\seed_1_S302109584\airfoils\sample_741.dat,0.08495718128707792,0.280561122244489,1.4831992908165281e-08,1.3166409172996052e-08,0.17742962855558994,0.1788539757000155,0.17970292885469968,0.23383507168283674,0.12298621251227873,0.16137059028255402,-0.08737669162469404,-0.03637141478080236,-0.028275352577358637,-0.008266308763812916,0.027721603669939768,0.009689186307020703
sample_742,False,ok,multi_seed_output\seed_1_S302109584\airfoils\sample_742.dat,0.10036305578556436,0.344689378757515,1.4831992908165281e-08,1.3166409172996052e-08,0.22362035472096675,0.16210066899556289,0.2682971250858225,0.246480165146803,0.1895688161244321,0.20616427185308744,-0.04068690190574609,-0.07004804731609834,-0.01522437436830723,-0.04664797761698521,0.021654910626806093,-0.006312781477698232
sample_743,False,ok,multi_seed_output\seed_1_S302109584\airfoils\sample_743.dat,0.08689437646647516,0.280561122244489,1.4831992908165281e-08,1.3166409172996052e-08,0.12419673114451968,0.24608117215275627,0.1515559789193329,0.2092400380248366,0.2131244698547014,0.12019684609663013,-0.09771782380418009,-0.03930960635206911,-0.002955141859058305,-0.02641166941230029,-0.03170119830194028,-0.06437246852317177
sample_744,False,ok,multi_seed_output\seed_1_S302109584\airfoils\sample_744.dat,0.12141409685332666,0.2945891783567134,1.4831992908165281e-08,1.3166409172996052e-08,0.1487591301520785,0.2499828592476049,0.24294938441972924,0.25067243840573783,0.10869396249445651,0.2038724205445393,-0.13131315704527635,-0.11452273292509231,-0.06949951211198047,-0.03508389938632386,-0.014482041987978117,-0.002293036720450989
sample_745,False,ok,multi_seed_output\seed_1_S302109584\airfoils\sample_745.dat,0.08659743101856264,0.2124248496993988,1.4831992908165281e-08,1.3166409172996052e-08,0.18447926049996966,0.23021149346757253,0.1488516587056616,0.19160616823859766,0.12873726964452176,0.21425384674917286,-0.13224937665990966,0.00849071951294128,-0.023633564861960346,-0.02429806031430061,0.0027049520701928065,-0.06460383952018825
sample_746,False,ok,multi_seed_output\seed_1_S302109584\airfoils\sample_746.dat,0.10008357058613865,0.2945891783567134,1.4831992908165281e-08,1.3166409172996052e-08,0.1519135387219058,0.24877838937588592,0.2324452607839973,0.18740424199192018,0.18163473970718685,0.14468358103312468,-0.10878383602356348,-0.021302228848233934,-0.05962023384254108,0.014516465634428932,-0.04590272951415189,-0.018459692802856503
sample_747,False,ok,multi_seed_output\seed_1_S302109584\airfoils\sample_747.dat,0.09196284972272901,0.3927855711422845,1.4831992908165281e-08,1.3166409172996052e-08,0.12069695712367798,0.16775783385488066,0.23787009240768398,0.2190716238409391,0.21726451233627517,0.17172746638635467,-0.064319428801288,-0.018259811579649357,-0.06410914599028772,-0.019475703764607513,-0.014998368830440242,-0.07809123354921657
sample_748,False,ok,multi_seed_output\seed_1_S302109584\airfoils\sample_748.dat,0.08402365520937172,0.4288577154308617,1.4831992908165281e-08,1.3166409172996052e-08,0.11012024347211458,0.21012070322403903,0.18560742823573712,0.23276953182979032,0.16819039959672372,0.14521753691579045,-0.024874267609814316,-0.007060026214931861,-0.0003730639000026764,-0.0701480833805248,-0.07779632224212579,0.04423696467574048
sample_749,False,ok,multi_seed_output\seed_1_S302109584\airfoils\sample_749.dat,0.07943407499993875,0.3987975951903807,1.4831992908165281e-08,1.3166409172996052e-08,0.20357611723561275,0.18760891072660357,0.15213577473411727,0.24955636734624034,0.2283700372966367,0.1089878189414767,-0.05024790389670637,-0.006664514108007433,-0.003819749687309998,-0.016301393848472845,-0.07450150335773514,0.028905753905993592
sample_750,False,ok,multi_seed_output\seed_1_S302109584\airfoils\sample_750.dat,0.09081955666033292,0.3306613226452906,1.4831992908165281e-08,1.3166409172996052e-08,0.23234942915987683,0.1748283754829409,0.1897347923975016,0.21952156489506147,0.16331727070539814,0.17547884295815086,-0.02292966093769766,-0.02210043801105399,-0.09510048303881584,-0.004490071284269731,0.022591856898013712,-0.08061192420508943
sample_751,False,ok,multi_seed_output\seed_1_S302109584\airfoils\sample_751.dat,0.10094154938575627,0.2665330661322645,1.4831992908165281e-08,1.3166409172996052e-08,0.1559231431611696,0.19720055384955607,0.23942885980552592,0.13945463472667005,0.18698875039003598,0.10507604101213408,-0.14986946951093325,-0.06020035390634624,-0.05548167332759926,-0.012685977179809793,-0.03473604284783585,0.01827111342206557
sample_752,False,ok,multi_seed_output\seed_1_S302109584\airfoils\sample_752.dat,0.0805228560081343,0.35871743486973945,1.4831992908165281e-08,1.3166409172996052e-08,0.1212550835656606,0.19182261217914612,0.17378013792605929,0.15455068328852378,0.18086646496720532,0.1438432134139875,-0.08327418029625684,-0.011256947275782705,-0.025374305334964556,-0.09553589545462851,-0.002362565605288622,-0.039431670201558695
sample_753,False,ok,multi_seed_output\seed_1_S302109584\airfoils\sample_753.dat,0.10816622482503696,0.30861723446893785,1.4831992908165281e-08,1.3166409172996052e-08,0.22561621499190748,0.21563646468366465,0.21912528937744152,0.18713887176082486,0.20510084071867213,0.17082365551537476,-0.08402171123969554,-0.05329907037395809,-0.0759958697230135,-0.08001343457432072,-0.015843896199004642,-0.015061293996489311
sample_754,False,ok,multi_seed_output\seed_1_S302109584\airfoils\sample_754.dat,0.10002277085278496,0.23246492985971942,1.4831992908165281e-08,1.3166409172996052e-08,0.1982141376687426,0.26962662065455867,0.16447332805306264,0.2477866949448465,0.1379265724686402,0.12878510672955323,-0.09000416987548848,-0.06306551271529448,0.00036532284427570616,0.017644470756070493,-0.04390676868381073,-0.08137167915314028
sample_755,False,ok,multi_seed_output\seed_1_S302109584\airfoils\sample_755.dat,0.10358877436807978,0.3226452905811623,1.4831992908165281e-08,1.3166409172996052e-08,0.2001128635241231,0.21218115325611986,0.20367017308900714,0.19340018026790654,0.2080564845338248,0.09917566666404748,-0.05615835631711577,-0.05095999061479216,-0.09412985311610116,-0.06624274348565987,0.03220663033736722,-0.05246194618199476
sample_756,False,ok,multi_seed_output\seed_1_S302109584\airfoils\sample_756.dat,0.08827712597394649,0.30861723446893785,1.4831992908165281e-08,1.3166409172996052e-08,0.12524458599324942,0.15519576475399888,0.2314564620056368,0.1559422713717805,0.19572594637219523,0.10456490900510006,-0.10855029997685772,-0.076497878908854,-0.01656656792309477,-0.0218999294667879,-0.056902559245849464,0.022375860304503226
sample_757,False,ok,multi_seed_output\seed_1_S302109584\airfoils\sample_757.dat,0.11251961406780177,0.2785571142284569,1.4831992908165281e-08,1.3166409172996052e-08,0.12188131729003204,0.2644165496876133,0.20136032255750982,0.22628624371241798,0.2282585818329637,0.16600420748181527,-0.14847519450363275,-0.08973529567274766,-0.07227513432131963,0.015018896301829912,-0.01737399472355461,0.028105769911947256
sample_758,False,ok,multi_seed_output\seed_1_S302109584\airfoils\sample_758.dat,0.09404888273019849,0.2725450901803607,1.4831992908165281e-08,1.3166409172996052e-08,0.21189673159704914,0.24678714543388103,0.26605482401509584,0.1446728127954725,0.11995054475592451,0.1595270571407556,-0.04348993818546262,-0.025706474774358126,0.02759391611387345,-0.044422477540534654,-0.026656437197862412,-0.001741589294488713
sample_759,False,ok,multi_seed_output\seed_1_S302109584\airfoils\sample_759.dat,0.09358396355597157,0.2444889779559118,1.4831992908165281e-08,1.3166409172996052e-08,0.19833885280620495,0.23150828808244298,0.15448966129698216,0.25273313351705984,0.11892895657392756,0.16948543002036726,-0.09469418279834205,-0.03906831958854794,-0.03797797783569959,0.028420297021807636,-0.04173461695683791,0.020804818518119716
sample_760,False,ok,multi_seed_output\seed_1_S302109584\airfoils\sample_760.dat,0.09886558238275489,0.3006012024048096,1.4831992908165281e-08,1.3166409172996052e-08,0.1703152251113855,0.2573354795064181,0.19622593458180013,0.24377226203420563,0.11033305554841609,0.21238938807306595,-0.07649013492653356,-0.05745283191105099,0.01511185680027144,-0.06533904779022577,-0.08969743072994736,-0.010170032590094982
sample_761,False,ok,multi_seed_output\seed_1_S302109584\airfoils\sample_761.dat,0.09304307836106779,0.23246492985971942,1.4831992908165281e-08,1.3166409172996052e-08,0.21955939623741444,0.2454120103577233,0.15030231549023595,0.20104698608963703,0.2308549947815272,0.14292744554739406,-0.09025484115266635,-0.020425761955707528,-0.020345775684877387,-0.017766146013190348,-0.09303193430297063,-0.06952655637195763
sample_762,False,ok,multi_seed_output\seed_1_S302109584\airfoils\sample_762.dat,0.10211526714726415,0.2925851703406813,1.4831992908165281e-08,1.3166409172996052e-08,0.22858914253279644,0.20982431216571298,0.20714232861707987,0.24053693862570938,0.13728653408942734,0.15872965853728255,-0.14399324195459215,0.0031878183925068415,-0.0696724231874474,-0.03919832837284805,-0.08645689407555322,-0.029221499457772034
sample_763,False,ok,multi_seed_output\seed_1_S302109584\airfoils\sample_763.dat,0.10227153001293635,0.2865731462925851,1.4831992908165281e-08,1.3166409172996052e-08,0.15989454047745838,0.26423964347314177,0.2014905721357758,0.1635114120732744,0.19042431473806753,0.16258740079486134,-0.14685583449953724,0.012010111977817955,-0.08787993516785698,-0.04864745398185803,-0.03855122011186081,0.030731156323116196
sample_764,False,ok,multi_seed_output\seed_1_S302109584\airfoils\sample_764.dat,0.09113353099642424,0.3306613226452906,1.4831992908165281e-08,1.3166409172996052e-08,0.22728552525419926,0.14789922503512243,0.2730779567743747,0.23492855868656928,0.11112798804646165,0.19450214175302935,-0.021738033349176594,-0.04269633059162958,-0.02634392590691491,0.007389053030745066,0.011529791395304675,-0.07406705936440083
sample_765,False,ok,multi_seed_output\seed_1_S302109584\airfoils\sample_765.dat,0.09687419002416271,0.35270541082164325,1.4831992908165281e-08,1.3166409172996052e-08,0.15711144070829589,0.1999689420372372,0.2276697340252053,0.19720519499617878,0.10950737341893052,0.1783566315753377,-0.026870776766476104,-0.04351266426530921,-0.06404361052055284,-0.08275278225533178,0.018795820180696185,-0.05689939650678943
sample_766,False,ok,multi_seed_output\seed_1_S302109584\airfoils\sample_766.dat,0.08518826573406313,0.3006012024048096,1.4831992908165281e-08,1.3166409172996052e-08,0.19002185172284328,0.2105598937047743,0.24376982307213502,0.15705194565892977,0.2305175384557828,0.12706514298205612,-0.06048387494454434,0.0041877532679801405,-0.011286718484661437,0.023139695206005936,-0.08145070431583472,-0.0651549474256761
sample_767,False,ok,multi_seed_output\seed_1_S302109584\airfoils\sample_767.dat,0.1050677990765479,0.3166332665330661,1.4831992908165281e-08,1.3166409172996052e-08,0.1620204448194657,0.19537947602012679,0.24558239140860694,0.2019312118166478,0.12133385243154166,0.1391759223714118,-0.12969133009932782,-0.062102792964751095,-0.04078877162106961,-0.09301992310558502,-0.02823588710057727,0.017953209056703376
sample_768,False,ok,multi_seed_output\seed_1_S302109584\airfoils\sample_768.dat,0.10960106083576386,0.2605210420841683,1.4831992908165281e-08,1.3166409172996052e-08,0.1662229965455,0.2657021300763952,0.23803033108597205,0.17036112177174137,0.20586157383084308,0.17215260171499697,-0.1458678251935505,-0.050132547366953134,-0.032813041938400594,-0.04224598039376686,0.013488963369154505,0.008385930451737467
sample_769,False,ok,multi_seed_output\seed_1_S302109584\airfoils\sample_769.dat,0.08530753771708717,0.22645290581162322,1.4831992908165281e-08,1.3166409172996052e-08,0.2350404726511632,0.18422250124929296,0.25413660626325557,0.1488898209577086,0.13291145185393993,0.16178876979288867,-0.06668813109647556,-0.019565779728380625,0.02465439639131249,0.006831916441071451,0.024236415642794523,-0.03443009945749677
sample_770,False,ok,multi_seed_output\seed_1_S302109584\airfoils\sample_770.dat,0.10007531988596727,0.3306613226452906,1.4831992908165281e-08,1.3166409172996052e-08,0.13166444828870338,0.2599347182697492,0.22681219017158388,0.1928618457075273,0.16778443297258733,0.18617837093822492,-0.026282600848334003,-0.052812654524598115,-0.043839276212463765,-0.049055734423743766,0.010474576825954512,-0.013472881845472962
sample_771,False,ok,multi_seed_output\seed_1_S302109584\airfoils\sample_771.dat,0.07926835277533403,0.18837675350701402,1.4831992908165281e-08,1.3166409172996052e-08,0.19419325829755324,0.17845909696578935,0.14872872674469154,0.17904195126905817,0.17794377303608205,0.17381238375338331,-0.12320669067309815,-0.001077798364310642,-0.012748772769573605,-0.0021816635410200486,-0.05595143095810191,-0.07001264265293156
sample_772,False,ok,multi_seed_output\seed_1_S302109584\airfoils\sample_772.dat,0.07432155370877984,0.3306613226452906,1.4831992908165281e-08,1.3166409172996052e-08,0.16469110020163516,0.16231445726930585,0.22440636896308158,0.14758573484618986,0.1472494502034779,0.21373917932941,-0.06617318643642749,-0.0012568003936158367,0.021106629332387536,-0.07075964807832605,0.019841695901003445,0.04131005729892748
sample_773,False,ok,multi_seed_output\seed_1_S302109584\airfoils\sample_773.dat,0.0654339700691324,0.280561122244489,1.4831992908165281e-08,1.3166409172996052e-08,0.14480579147983308,0.1536532928407443,0.15545052604605766,0.14276329300848914,0.1572708741393266,0.21417489826634212,-0.05123813077557639,-0.03075180464978726,0.023365448264360156,-0.05676370038052805,0.03354410548151533,0.016419839456363203
sample_774,False,ok,multi_seed_output\seed_1_S302109584\airfoils\sample_774.dat,0.09423022282682042,0.22444889779559116,1.4831992908165281e-08,1.3166409172996052e-08,0.19501133738935017,0.19808452381259306,0.15511739919274523,0.16338363541950274,0.12494054209441585,0.2149445489111076,-0.12598050559507268,-0.07022158775314966,-0.008490307867999577,-0.0856653839691771,-0.07585277172268728,0.021141826696387922
sample_775,False,ok,multi_seed_output\seed_1_S302109584\airfoils\sample_775.dat,0.09573416146844488,0.35270541082164325,1.4831992908165281e-08,1.3166409172996052e-08,0.12147046974001358,0.19652165279364991,0.16958278249997447,0.24086880694576712,0.17817522482597103,0.1347700341464312,-0.05947974268762915,-0.0865335439283246,-0.059850138519640515,-0.034604133752309314,-0.05364701723711123,-0.08143114473684199
sample_776,False,ok,multi_seed_output\seed_1_S302109584\airfoils\sample_776.dat,0.1014060210840549,0.2785571142284569,1.4831992908165281e-08,1.3166409172996052e-08,0.19987056193786837,0.24112995027405537,0.17661668123610397,0.17797447819019285,0.15743502775524862,0.19237017916073978,-0.05208568049638779,-0.08848664218411538,-0.02728437408685716,-0.0734921946866442,-0.055863476624568524,-0.04134481187621432
sample_777,False,ok,multi_seed_output\seed_1_S302109584\airfoils\sample_777.dat,0.08683410872751422,0.2785571142284569,1.4831992908165281e-08,1.3166409172996052e-08,0.11810351118167474,0.2080056945571172,0.1845963541084665,0.13876897006357503,0.12511932049216376,0.2105813140429966,-0.0894331948473597,-0.041354487550460076,-0.08659885062456221,0.03322567002643033,0.02396442578680487,0.012898296684386051
sample_778,False,ok,multi_seed_output\seed_1_S302109584\airfoils\sample_778.dat,0.08827626958697253,0.2665330661322645,1.4831992908165281e-08,1.3166409172996052e-08,0.19903147699373036,0.19908260002238162,0.18023279077733995,0.21701872472671174,0.19851173371853104,0.18568507910760668,-0.025546618999323673,-0.08295029898736128,-0.013160817421238008,0.030163702706768228,0.02911926908325818,-0.03582137730919961
sample_779,False,ok,multi_seed_output\seed_1_S302109584\airfoils\sample_779.dat,0.09104209382555475,0.3306613226452906,1.4831992908165281e-08,1.3166409172996052e-08,0.1866423967866963,0.19431436311349887,0.24167442812607917,0.15113016629394158,0.16679152180524082,0.15757014737767772,-0.04471834826638314,-0.016056897283748567,-0.05651597475003486,-0.027726527630485706,-0.032738453459894075,-0.07655516283014971
sample_780,False,ok,multi_seed_output\seed_1_S302109584\airfoils\sample_780.dat,0.11557815573606381,0.344689378757515,1.4831992908165281e-08,1.3166409172996052e-08,0.14969833211298125,0.22434657452770018,0.2734639232056077,0.22616660365426744,0.1339194450017319,0.12067418362105115,-0.08041200975155556,-0.08669979483974527,-0.05325321604800422,-0.07661273825118492,-0.08908965283498924,-0.07501564970823073
sample_781,False,ok,multi_seed_output\seed_1_S302109584\airfoils\sample_781.dat,0.09364582199979454,0.2004008016032064,1.4831992908165281e-08,1.3166409172996052e-08,0.22114798595697815,0.25403647437432997,0.1632365824642584,0.24410610403716432,0.14497672381921822,0.19186775775620163,-0.1089267376699107,-0.01871031560319386,0.025719009656308398,0.005710009780332481,-0.07758748920487261,-0.05993688888374396
sample_782,False,ok,multi_seed_output\seed_1_S302109584\airfoils\sample_782.dat,0.09649953343348695,0.2725450901803607,1.4831992908165281e-08,1.3166409172996052e-08,0.21981177031508892,0.2571979266771015,0.22529485363564278,0.1277383761381223,0.13022296134361863,0.15062204159257098,-0.04285496573075871,-0.009554455915459448,-0.043328277127766074,-0.05206615276983618,0.005300273862392527,0.011489981361932883
sample_783,False,ok,multi_seed_output\seed_1_S302109584\airfoils\sample_783.dat,0.11203949020645249,0.3226452905811623,1.4831992908165281e-08,1.3166409172996052e-08,0.13871073880450238,0.23981727783959308,0.272501057576119,0.20603300452567966,0.2091554107640795,0.146996060041829,-0.03378044069497707,-0.09740609751052921,-0.08181593302223397,0.014251847817928986,0.010045263965564905,-0.02601428681455529
sample_784,False,ok,multi_seed_output\seed_1_S302109584\airfoils\sample_784.dat,0.09227374872824305,0.35270541082164325,1.4831992908165281e-08,1.3166409172996052e-08,0.16054322409803262,0.1687203896527831,0.2666166023547105,0.21471265437057097,0.19074524092213707,0.1803064560629763,-0.06150473167487898,-0.057853083734999096,0.00466381528103571,-0.015162759704063986,-0.07339295024197594,0.036172762605932066
sample_785,False,ok,multi_seed_output\seed_1_S302109584\airfoils\sample_785.dat,0.08368485292942678,0.3306613226452906,1.4831992908165281e-08,1.3166409172996052e-08,0.10853135975625808,0.14741922557841483,0.2743682418283809,0.2166463288774223,0.153081470733494,0.1019338143023972,-0.14083376818176818,-0.023281501441679023,0.009457170714823854,0.00449962496147642,0.011623778298159207,0.0010858328336650486
sample_786,False,ok,multi_seed_output\seed_1_S302109584\airfoils\sample_786.dat,0.06501922773931108,0.18236472945891782,1.4831992908165281e-08,1.3166409172996052e-08,0.2295740829580681,0.14487224069091362,0.14547529040374088,0.1574662593525279,0.21805048031261137,0.14918279029547474,-0.035211186909622244,0.000128936761440282,0.014198962840293317,0.023904548308205112,-0.038986835081046375,-0.011847460054260822
sample_787,False,ok,multi_seed_output\seed_1_S302109584\airfoils\sample_787.dat,0.11098313456369943,0.3386773547094188,1.4831992908165281e-08,1.3166409172996052e-08,0.11911475764912394,0.2133891539752421,0.26297766982162485,0.21255572695959668,0.16148530336022163,0.17024513290490634,-0.10267075547144291,-0.06441493122699407,-0.09993015228048004,-0.017878704587523206,-0.07055163000252448,0.012584510298611337
sample_788,False,ok,multi_seed_output\seed_1_S302109584\airfoils\sample_788.dat,0.08766091666425802,0.23847695390781562,1.4831992908165281e-08,1.3166409172996052e-08,0.21201058457608263,0.23966405290757808,0.171390870326045,0.14929157191896603,0.10411474613061338,0.20364703058729258,-0.07662087312306766,0.008725404267714024,-0.04803744168958909,0.00207897770072904,-0.08613664645139546,-0.010541511365415951
sample_789,False,ok,multi_seed_output\seed_1_S302109584\airfoils\sample_789.dat,0.1088303741806411,0.2605210420841683,1.4831992908165281e-08,1.3166409172996052e-08,0.21266113078604015,0.23395303406048712,0.19270704785618753,0.18305285034144536,0.13621349260401192,0.12636832512809493,-0.0890429403711063,-0.1013331728389045,-0.033839244758772216,-0.08914360306933504,-0.002821265735946571,-0.02245673593550611
sample_790,False,ok,multi_seed_output\seed_1_S302109584\airfoils\sample_790.dat,0.11039461137283968,0.2725450901803607,1.4831992908165281e-08,1.3166409172996052e-08,0.14927732408069821,0.25249563832593724,0.19746647173703868,0.19768880292684873,0.2046678413543964,0.15522337100942096,-0.14659750597657079,-0.08459071194087911,-0.04628211408570455,-0.06032859311126457,0.0016749851082300399,-0.08269860279573754
sample_791,False,ok,multi_seed_output\seed_1_S302109584\airfoils\sample_791.dat,0.07829532153457862,0.38276553106212424,1.4831992908165281e-08,1.3166409172996052e-08,0.1437817912141041,0.16919753951070715,0.1607779848742882,0.14616188135607153,0.19697797541770545,0.14012865913058198,-0.02130161859698157,-0.021543831067590016,-0.05359757424174911,-0.08174825535314499,-0.008471530218483403,0.006201677878137704
sample_792,False,ok,multi_seed_output\seed_1_S302109584\airfoils\sample_792.dat,0.10047242835550058,0.30861723446893785,1.4831992908165281e-08,1.3166409172996052e-08,0.2119088431633697,0.17446404552083294,0.1560041198065368,0.23789660839763713,0.21497619090558068,0.19630115422134592,-0.14214388660276694,-0.04171126502506203,-0.08919456007627727,-0.08727168263133574,0.02140814885180284,0.019179158909972696
sample_793,False,ok,multi_seed_output\seed_1_S302109584\airfoils\sample_793.dat,0.09093171032274892,0.39078156312625245,1.4831992908165281e-08,1.3166409172996052e-08,0.11330865021309469,0.1631943321309009,0.27174846823118937,0.20539440947133036,0.15962685475503927,0.17056416588391607,-0.07858378806467725,0.008622646998728598,-0.0608163775172126,-0.02323982389471882,-0.030899062615688144,-0.055070451829253464
sample_794,False,ok,multi_seed_output\seed_1_S302109584\airfoils\sample_794.dat,0.09162999508597636,0.30861723446893785,1.4831992908165281e-08,1.3166409172996052e-08,0.1762021979488202,0.2556906278671109,0.19195145677129083,0.15287862803926464,0.10371010492940479,0.11964279419685081,-0.0651019719741053,0.011129502858274687,-0.05118212192128629,-0.07868624190836582,-0.05302792860883103,0.03600322659932746
sample_795,False,ok,multi_seed_output\seed_1_S302109584\airfoils\sample_795.dat,0.09903356354528947,0.38476953907815625,1.4831992908165281e-08,1.3166409172996052e-08,0.18539481899987123,0.15083247796584384,0.18291764138040414,0.2205218268491863,0.22356612028054257,0.1544077166112326,-0.050185384763917845,-0.07751696482871342,-0.0819289972366174,-0.08576362178867235,-0.02141180017265429,-0.07605727311618775
sample_796,False,ok,multi_seed_output\seed_1_S302109584\airfoils\sample_796.dat,0.09978670916685806,0.3306613226452906,1.4831992908165281e-08,1.3166409172996052e-08,0.20210673588702877,0.16411920429987686,0.2701129115099604,0.16489180249960178,0.18945104618538483,0.21292667703610907,-0.024424338254703998,-0.06541341922783568,-0.08580019264180926,0.009837345624314708,-0.060170148041713827,-0.0049062306505322645
sample_797,False,ok,multi_seed_output\seed_1_S302109584\airfoils\sample_797.dat,0.09513096590444135,0.374749498997996,1.4831992908165281e-08,1.3166409172996052e-08,0.1581109986633198,0.16791961110949208,0.2667585746305071,0.19994876356461178,0.17673136178618482,0.20379508313569894,-0.06991108456269639,-0.012544670585571488,-0.05478652098041656,-0.05100199857348272,-0.012688787834873094,0.015936208884433353
sample_798,False,ok,multi_seed_output\seed_1_S302109584\airfoils\sample_798.dat,0.07191374073685211,0.3166332665330661,1.4831992908165281e-08,1.3166409172996052e-08,0.14632224747817685,0.21000029779748597,0.19264993727821716,0.20430027723302246,0.19911629388544272,0.11218904660287432,-0.0383296530634291,0.013283737338779161,0.01118911108591425,0.020707914219525503,0.02388499141587544,0.02053563273093606
sample_799,False,ok,multi_seed_output\seed_1_S302109584\airfoils\sample_799.dat,0.07694861950746638,0.3386773547094188,1.4831992908165281e-08,1.3166409172996052e-08,0.12244630416670507,0.16370940571312537,0.19517417387058492,0.15106416633050512,0.1849343826976098,0.20557834085695292,-0.05298534340120695,-0.033531020909547515,-0.03997819233248444,0.015496125585322429,-0.09105874725034091,0.023224642427446
sample_800,False,ok,multi_seed_output\seed_1_S302109584\airfoils\sample_800.dat,0.0980599334384188,0.3226452905811623,1.4831992908165281e-08,1.3166409172996052e-08,0.23185183681404883,0.20414334004323062,0.1723284561490999,0.23582209473488008,0.2215770382873714,0.21133528007546448,-0.09053530385741933,-0.02656822039453445,-0.052317070723287624,-0.07823316302128264,-0.019680169310904036,0.032843524809463634
sample_801,False,ok,multi_seed_output\seed_1_S302109584\airfoils\sample_801.dat,0.10972143547368066,0.2865731462925851,1.4831992908165281e-08,1.3166409172996052e-08,0.15404632038025268,0.23871829081033763,0.18446473862492926,0.16368990061373562,0.12812701471745438,0.17256871894614384,-0.09270313995504789,-0.1081253070352477,-0.08982640491135968,-0.05986160538089134,-0.042752213719238645,0.03681684639197262
sample_802,False,ok,multi_seed_output\seed_1_S302109584\airfoils\sample_802.dat,0.09543239054708168,0.30861723446893785,1.4831992908165281e-08,1.3166409172996052e-08,0.17943065862977015,0.14615489586836325,0.1955267512003583,0.19609926895250956,0.21671530519007942,0.2128576934070154,-0.1323174790491464,-0.06246899808466296,-0.07935590820124117,-0.013526666884768293,-0.07533946149821477,0.026499331329608092
sample_803,False,ok,multi_seed_output\seed_1_S302109584\airfoils\sample_803.dat,0.10972036808059732,0.2785571142284569,1.4831992908165281e-08,1.3166409172996052e-08,0.10748418493224485,0.253234483697575,0.2566984261137925,0.17469926642350744,0.10422725020334568,0.09424654204110475,-0.13874759954059385,-0.10149016405942983,-0.01678807721225216,-0.02224439636017153,-0.08337303473648888,-0.0815117043911236
sample_804,False,ok,multi_seed_output\seed_1_S302109584\airfoils\sample_804.dat,0.0922038448485428,0.3366733466933867,1.4831992908165281e-08,1.3166409172996052e-08,0.16036935459790577,0.16170512579497368,0.21012499826623382,0.1370049428005566,0.19854009765289662,0.14620452421714325,-0.047063431097657024,-0.07792828982848679,-0.05904952191073381,-0.08006632699940704,-0.00578763466687883,0.0007803492373544829
sample_805,False,ok,multi_seed_output\seed_1_S302109584\airfoils\sample_805.dat,0.09777493852919084,0.31462925851703405,1.4831992908165281e-08,1.3166409172996052e-08,0.22878150903833996,0.16000221270430315,0.2365375943079207,0.18870112743083534,0.18931538913379647,0.13549881713984432,-0.027820143293283223,-0.08865059038347692,-0.04852490749089349,-0.013987351561833228,-0.055231186609900944,-0.030583903453435812
sample_806,False,ok,multi_seed_output\seed_1_S302109584\airfoils\sample_806.dat,0.0985792291830406,0.3226452905811623,1.4831992908165281e-08,1.3166409172996052e-08,0.1391542422760458,0.1949027208260101,0.26778835909995596,0.19086486539848646,0.1428695955381814,0.18939965198722009,-0.04091625248615781,-0.10478584382152573,-0.0009880823903466313,-0.04274531625747177,0.00497201178730379,-0.027686702934823552
sample_807,False,ok,multi_seed_output\seed_1_S302109584\airfoils\sample_807.dat,0.10178584295250173,0.2444889779559118,1.4831992908165281e-08,1.3166409172996052e-08,0.21615177587981077,0.2496088998372561,0.2451563899619178,0.25003440705651925,0.20947166505337422,0.1306431329757436,-0.14538756376752862,0.002298600245615401,0.008402293666997032,0.004907741862684806,-0.043793500304263405,0.0330386147619893
sample_808,False,ok,multi_seed_output\seed_1_S302109584\airfoils\sample_808.dat,0.11073905128603896,0.3006012024048096,1.4831992908165281e-08,1.3166409172996052e-08,0.14853331637658806,0.2565014031268666,0.2675636394250452,0.2507490655792583,0.14754792676772754,0.1246239860450318,-0.08819136892369522,-0.1005556382207957,0.017574876155666427,-0.03366154696029773,-0.04436479340205,0.03467723132096116
sample_809,False,ok,multi_seed_output\seed_1_S302109584\airfoils\sample_809.dat,0.12306864396059017,0.2745490981963928,1.4831992908165281e-08,1.3166409172996052e-08,0.19192523155602137,0.27041839983766464,0.25193796289614556,0.23225811915643418,0.15682390333954682,0.12818052220808956,-0.13824396828159585,-0.07196379204947531,-0.09704796155921716,0.03332580060235933,-0.07852926615763295,-0.07344301912027855
sample_810,False,ok,multi_seed_output\seed_1_S302109584\airfoils\sample_810.dat,0.08830588213429365,0.2885771543086172,1.4831992908165281e-08,1.3166409172996052e-08,0.1660704152047289,0.24578878541598065,0.15836742317261232,0.24359551026497345,0.12763503023601208,0.1724946419909802,-0.025579366866155084,-0.051008486017489474,-0.0198242861157346,-0.005583990368421762,0.03239617774971863,-0.007496949049368401
sample_811,False,ok,multi_seed_output\seed_1_S302109584\airfoils\sample_811.dat,0.08488979615831638,0.3226452905811623,1.4831992908165281e-08,1.3166409172996052e-08,0.1931155794144299,0.16636956880404516,0.23769612831218404,0.16611836937256602,0.14759034781739794,0.14406743981288603,-0.0418067059031134,-0.0523746046496566,0.027639358559638075,-0.0764646397668106,-0.042436350057808984,-0.011515578814208824
sample_812,False,ok,multi_seed_output\seed_1_S302109584\airfoils\sample_812.dat,0.09727161300270207,0.25250501002004005,1.4831992908165281e-08,1.3166409172996052e-08,0.22151943803181479,0.265239939533547,0.17472456611737272,0.24115276476445796,0.18863408353445585,0.11699487607790501,-0.09011314219264606,-0.012370034933856536,-0.0005189228674438578,-0.05873644167967644,-0.01013375571722644,-0.03519868684199186
sample_813,False,ok,multi_seed_output\seed_1_S302109584\airfoils\sample_813.dat,0.11111368610014503,0.2885771543086172,1.4831992908165281e-08,1.3166409172996052e-08,0.19770255847392942,0.27281317371608677,0.18438028729228728,0.1914663767279478,0.12486355781814079,0.1631056323039033,-0.06578879628190092,-0.07687016152533085,-0.0675824997013651,-0.07352493283194916,-0.08926282984196228,-0.049480922933390736
sample_814,False,ok,multi_seed_output\seed_1_S302109584\airfoils\sample_814.dat,0.0938083496480187,0.4228456913827655,1.4831992908165281e-08,1.3166409172996052e-08,0.13426723114051722,0.21632974680827416,0.2560179408542435,0.21708933730873886,0.2058930346145881,0.2043672471843202,-0.029456395435000726,0.001181821036847594,0.009192751871261909,-0.08743587065310224,-0.06808549231087652,0.04245390335154456
sample_815,False,ok,multi_seed_output\seed_1_S302109584\airfoils\sample_815.dat,0.09426259168559609,0.3006012024048096,1.4831992908165281e-08,1.3166409172996052e-08,0.21062542859237288,0.17615450696629348,0.2201988296787248,0.23931936418572308,0.21613364475159952,0.15994998133481036,-0.048353282544574785,-0.0800088730831934,-0.015564930989020925,0.010053167411637753,-0.01855057419512747,0.032126480929143206
sample_816,False,ok,multi_seed_output\seed_1_S302109584\airfoils\sample_816.dat,0.09230408394197524,0.3306613226452906,1.4831992908165281e-08,1.3166409172996052e-08,0.19125650372186767,0.15973709191071422,0.23100729797954683,0.21596448958876244,0.16623138625843425,0.15179518172250164,-0.13063780302131428,-0.02959209268801831,-0.001966768709352834,-0.09110810523405372,-0.012357674496343826,0.03114660092235226
sample_817,False,ok,multi_seed_output\seed_1_S302109584\airfoils\sample_817.dat,0.11399345070144726,0.2605210420841683,1.4831992908165281e-08,1.3166409172996052e-08,0.23338914679094233,0.19617798282025595,0.2123279658849348,0.21601783214751435,0.1544013236843281,0.15451232915113655,-0.11762425852756758,-0.11192786095255589,-0.06383222932975299,-0.050695837136310366,0.0046765179704118115,-0.07229964266436477
sample_818,False,ok,multi_seed_output\seed_1_S302109584\airfoils\sample_818.dat,0.08618973974906084,0.35270541082164325,1.4831992908165281e-08,1.3166409172996052e-08,0.20537941715672536,0.21586660877382824,0.20847141171746325,0.24709230053282163,0.13001132022536493,0.13419064139518988,-0.039299494870635304,0.010447387713798079,0.0077907483224932406,-0.0739613251919466,0.022939047036579438,0.003235284902351504
sample_819,False,ok,multi_seed_output\seed_1_S302109584\airfoils\sample_819.dat,0.09952895150834334,0.3166332665330661,1.4831992908165281e-08,1.3166409172996052e-08,0.2171832153446387,0.26932808412942144,0.19844327531279865,0.21686057492681976,0.19012514062658686,0.12715813632210052,-0.03342547853132803,0.00818823146726752,-0.08422812729707033,0.001526126917761536,-0.06164264376878967,0.02634740466193969
sample_820,False,ok,multi_seed_output\seed_1_S302109584\airfoils\sample_820.dat,0.10661190332590309,0.280561122244489,1.4831992908165281e-08,1.3166409172996052e-08,0.16800608774058357,0.25177723093899035,0.20196240996706202,0.1683844227243758,0.19602799528127285,0.1906155802470748,-0.08562617863811527,-0.08060696310433016,-0.06522945362622146,-0.01896400757618044,-0.06822419876015655,-0.011479903538070074
sample_821,False,ok,multi_seed_output\seed_1_S302109584\airfoils\sample_821.dat,0.0952971781981126,0.25851703406813625,1.4831992908165281e-08,1.3166409172996052e-08,0.1510073049713358,0.17675016050999492,0.2318285726849938,0.1280484584091488,0.2116713140140406,0.13342924604787568,-0.11231823443084535,-0.10923999489533001,-0.004147486935585365,-0.01329298234486713,-0.03922583925670669,0.005443229996770688
sample_822,False,ok,multi_seed_output\seed_1_S302109584\airfoils\sample_822.dat,0.09769810077145823,0.37675350701402804,1.4831992908165281e-08,1.3166409172996052e-08,0.15588095967669657,0.17770815954836647,0.176368736821706,0.24578897225905455,0.19767906177591554,0.19036408642978675,-0.021810822550805048,-0.0699029054846371,-0.08949462453970736,-0.05865990254848244,-0.0010756798672152679,0.028736832190192116
sample_823,False,ok,multi_seed_output\seed_1_S302109584\airfoils\sample_823.dat,0.08422698336761511,0.2925851703406813,1.4831992908165281e-08,1.3166409172996052e-08,0.15010049786326113,0.16867183950430745,0.24189785386707696,0.1386090771804664,0.17622845192377934,0.14327702090307096,-0.10063636213513413,-0.03595734542812555,-0.009631594622918432,-0.003864827277973326,-0.06218802829270988,-0.07417392549762165
sample_824,False,ok,multi_seed_output\seed_1_S302109584\airfoils\sample_824.dat,0.09435236412721226,0.3306613226452906,1.4831992908165281e-08,1.3166409172996052e-08,0.16502706533473283,0.26076050922034255,0.18797604529240647,0.24732657805505498,0.10905560408684754,0.11379321791115354,-0.09089524301057206,0.009583813985522965,-0.01938755262968836,-0.0753315699893734,-0.06058867281392154,0.020603347290384003
sample_825,False,ok,multi_seed_output\seed_1_S302109584\airfoils\sample_825.dat,0.09083817209811379,0.39078156312625245,1.4831992908165281e-08,1.3166409172996052e-08,0.17592879660737215,0.16212923414893157,0.2436680926992075,0.2318868806420883,0.11011526927679666,0.19250604956637787,-0.03533302123776168,-0.0029377238258661287,-0.059551496962405054,-0.019858896962174175,-0.09126387267811824,0.016603923051735248
sample_826,False,ok,multi_seed_output\seed_1_S302109584\airfoils\sample_826.dat,0.09510528191010696,0.2605210420841683,1.4831992908165281e-08,1.3166409172996052e-08,0.16161265162179192,0.2214710301121214,0.16496281642326333,0.22642708933577704,0.11543759270535671,0.1663491066106189,-0.05803999450739289,-0.1150811439579277,-0.013328987849988844,0.0024090373125514597,0.030900182789503225,-0.08035120708806562
sample_827,False,ok,multi_seed_output\seed_1_S302109584\airfoils\sample_827.dat,0.09416592462071861,0.38276553106212424,1.4831992908165281e-08,1.3166409172996052e-08,0.1912817154339557,0.1705933119634468,0.24455624435347187,0.19515740526435824,0.20028728381843192,0.15398139806726652,-0.06580190720168577,-0.039256788751682176,-0.0034390913203348195,-0.08318947044995557,-0.08995536835089112,0.015900208096821578
sample_828,False,ok,multi_seed_output\seed_1_S302109584\airfoils\sample_828.dat,0.10357373405945908,0.2865731462925851,1.4831992908165281e-08,1.3166409172996052e-08,0.14784389851621133,0.2532976656796277,0.1477203122891523,0.15964763456981693,0.1301540227409958,0.20501977324781145,-0.056005734693233014,-0.11108520904096077,-0.068897963168983,-0.09555427656509952,0.01731344720984243,0.004785153668885017
sample_829,False,ok,multi_seed_output\seed_1_S302109584\airfoils\sample_829.dat,0.08767264577059936,0.22645290581162322,1.4831992908165281e-08,1.3166409172996052e-08,0.1863075320095354,0.1737115717441096,0.1982380571912842,0.16426934660039463,0.19618458071404496,0.11664397089225152,-0.1486273689952666,-0.026229207809095725,0.005651895088022357,-0.06052625620714524,-0.09188146071423033,-0.027103819595593465
sample_830,False,ok,multi_seed_output\seed_1_S302109584\airfoils\sample_830.dat,0.11027076857443299,0.2725450901803607,1.4831992908165281e-08,1.3166409172996052e-08,0.2224174425214694,0.21658764356673976,0.19856418439861587,0.24545103377056615,0.10831227812928305,0.15544835278116031,-0.09947818031574054,-0.0837675153596345,-0.08235255015598522,-0.010528158656307546,0.00036416432050316583,-0.007958673298741961
sample_831,False,ok,multi_seed_output\seed_1_S302109584\airfoils\sample_831.dat,0.09853194297327415,0.374749498997996,1.4831992908165281e-08,1.3166409172996052e-08,0.13992569013017186,0.15748950449128368,0.26953216854965106,0.23973258120903285,0.1980815106877441,0.09811630730273133,-0.025871582311259134,-0.07892664314274002,-0.04833025595879836,0.010497273003991753,-0.0767931254971334,0.008702254670487547
sample_832,False,ok,multi_seed_output\seed_1_S302109584\airfoils\sample_832.dat,0.07847963872659534,0.35270541082164325,1.4831992908165281e-08,1.3166409172996052e-08,0.13303354364257997,0.1731860313983942,0.15716889402277034,0.21788094783078477,0.11282803118642988,0.17153767407453674,-0.13262167544265488,0.004489548000824642,-0.01887237678838795,-0.08297088461966909,-0.0014159430387524347,-0.06864812002989154
sample_833,False,ok,multi_seed_output\seed_1_S302109584\airfoils\sample_833.dat,0.08266227091741332,0.2925851703406813,1.4831992908165281e-08,1.3166409172996052e-08,0.18341953583227782,0.19306543539982846,0.2176457941565909,0.24156664249781037,0.1691067631347276,0.17851482546384856,-0.04857116802016999,-0.03582959082515057,0.023066623228207753,0.017204682831285123,0.03330533259198927,-0.037261644819783515
sample_834,False,ok,multi_seed_output\seed_1_S302109584\airfoils\sample_834.dat,0.10996765133781827,0.26452905811623245,1.4831992908165281e-08,1.3166409172996052e-08,0.13742538348191663,0.25761421538395796,0.20901887445745645,0.1797155315448155,0.21916705687994126,0.17692220635195438,-0.13601011763301343,-0.11562272066004455,0.001405651362302307,-0.07007013532875768,-0.01973812026144192,-0.0813344700737222
sample_835,False,ok,multi_seed_output\seed_1_S302109584\airfoils\sample_835.dat,0.12006272801853014,0.2865731462925851,1.4831992908165281e-08,1.3166409172996052e-08,0.1070165007324629,0.26358090971276826,0.2668817267845509,0.14175308104397957,0.13186571290100937,0.17887650048970818,-0.13304027235839988,-0.11025515149183401,-0.09594972738736592,-0.006945185071902782,-0.07311348997867939,0.022774233162999022
sample_836,False,ok,multi_seed_output\seed_1_S302109584\airfoils\sample_836.dat,0.0990989114908727,0.2945891783567134,1.4831992908165281e-08,1.3166409172996052e-08,0.2038241360024254,0.22969720043071268,0.25617087878262196,0.22369751918597872,0.15585759040786684,0.17931264897768057,-0.052699443988234604,-0.04066691118592773,-0.017710890272175622,0.013780443576600715,-0.024780479923076013,-0.04153470943172968
sample_837,False,ok,multi_seed_output\seed_1_S302109584\airfoils\sample_837.dat,0.08322113113479485,0.2605210420841683,1.4831992908165281e-08,1.3166409172996052e-08,0.18904260700832187,0.17069229985144868,0.19466461629573,0.23912891310886872,0.18301181537000438,0.12917658189967382,-0.11757785931236836,-0.009239354669733052,-0.016942647214307507,0.019166862460828174,-0.001297878622440421,0.0245999853851772
sample_838,False,ok,multi_seed_output\seed_1_S302109584\airfoils\sample_838.dat,0.10267721287797724,0.374749498997996,1.4831992908165281e-08,1.3166409172996052e-08,0.13231007483097024,0.2550743676508395,0.21532275643938784,0.2438534237409371,0.1483394682895405,0.11954937530842832,-0.09872599445499464,0.01307843858580826,-0.06336784536344167,-0.08820561275745717,-0.05028323940884162,0.03148874525444888
sample_839,False,ok,multi_seed_output\seed_1_S302109584\airfoils\sample_839.dat,0.08957586457828487,0.30861723446893785,1.4831992908165281e-08,1.3166409172996052e-08,0.12739766191872348,0.1631282449841884,0.2626341111362586,0.15939299381493488,0.15120627000390863,0.1349952271582476,-0.06690299489486323,-0.08754563916547849,-0.0015642829492650834,-0.026629956044797815,0.01414849469397425,-0.05853946879796645
sample_840,False,ok,multi_seed_output\seed_1_S302109584\airfoils\sample_840.dat,0.09931323982790044,0.3166332665330661,1.4831992908165281e-08,1.3166409172996052e-08,0.13682640087622483,0.26203939052437203,0.18265909062283817,0.22422524882292258,0.10861587580782786,0.10142783306360093,-0.11659388116002917,0.0027025067065499647,-0.08268296168072797,-0.050745018320204074,-0.031466052821527826,-0.056611452273228544
sample_841,False,ok,multi_seed_output\seed_1_S302109584\airfoils\sample_841.dat,0.0974775170529473,0.2945891783567134,1.4831992908165281e-08,1.3166409172996052e-08,0.1940875225314156,0.22770900492593588,0.26233977122130403,0.17759424811429442,0.22515268292013663,0.1114803793627058,-0.1093596215095039,-0.007878098243446624,-0.004475435216852633,-0.029366252535130644,-0.06708163607335342,-0.026571887201386563
sample_842,False,ok,multi_seed_output\seed_1_S302109584\airfoils\sample_842.dat,0.07647040976293215,0.35270541082164325,1.4831992908165281e-08,1.3166409172996052e-08,0.13371253064899957,0.19898693362969652,0.16104928218892992,0.25440664081631936,0.22745971558961955,0.21659307610513434,-0.09163130799506475,-0.00444636591937117,0.012180816823093854,-0.011103339708713189,0.03472834476112398,-0.08469950045010567
sample_843,False,ok,multi_seed_output\seed_1_S302109584\airfoils\sample_843.dat,0.09855356841671442,0.30260521042084165,1.4831992908165281e-08,1.3166409172996052e-08,0.11416904326344107,0.2028305508612968,0.21786290696701796,0.14743511339216375,0.21872159912005223,0.18353935778575048,-0.10257156723984667,-0.11304534403962054,-0.0035362839581685734,-0.08668444136274826,-0.03261806252081434,0.013525948696108209
sample_844,False,ok,multi_seed_output\seed_1_S302109584\airfoils\sample_844.dat,0.10749791249182822,0.2925851703406813,1.4831992908165281e-08,1.3166409172996052e-08,0.21147048081246894,0.2308881836370824,0.2729721980568195,0.16933013816875364,0.12683644757886436,0.2228110581298531,-0.12612039045918075,-0.0052171911430386325,-0.05933552411296534,-0.07597602606645054,0.021548559961157177,0.01452139411985294
sample_845,False,ok,multi_seed_output\seed_1_S302109584\airfoils\sample_845.dat,0.09524528433478524,0.3246492985971944,1.4831992908165281e-08,1.3166409172996052e-08,0.12955479592990934,0.17456867255226044,0.17500167763678998,0.2429279743277444,0.1430076076383004,0.09847729904616191,-0.0705208208244025,-0.10315777363739993,-0.06328509683853015,-0.03276223307445175,0.014411458628189378,-0.020326938990732693
sample_846,False,ok,multi_seed_output\seed_1_S302109584\airfoils\sample_846.dat,0.09078434258059066,0.3306613226452906,1.4831992908165281e-08,1.3166409172996052e-08,0.21605817864481702,0.19203701140466056,0.2046033683872968,0.2529786034939484,0.23175124556718493,0.11311737473898599,-0.035113285738578165,-0.036584409632655246,-0.029110829906631774,0.016638232772411346,-0.044878413966336364,0.04165261905860401
sample_847,False,ok,multi_seed_output\seed_1_S302109584\airfoils\sample_847.dat,0.09429180548496319,0.37675350701402804,1.4831992908165281e-08,1.3166409172996052e-08,0.10945503958979477,0.14926573324582915,0.18692078654155156,0.21404773252557546,0.1157072538944017,0.162008663614032,-0.030113433890407798,-0.09471073240370476,-0.08108737968665192,-0.08544511300315817,-0.023636326222134227,0.034923674987072065
sample_848,False,ok,multi_seed_output\seed_1_S302109584\airfoils\sample_848.dat,0.10282738408024006,0.2665330661322645,1.4831992908165281e-08,1.3166409172996052e-08,0.14515618860624244,0.25338591200781235,0.19631936480184242,0.14952558920545575,0.1578788121620921,0.1735911340091998,-0.09036287328398127,-0.08609376265288886,-0.061738259460720764,0.002207065218513493,-0.005682880524022202,-0.017349108662946408
sample_849,False,ok,multi_seed_output\seed_1_S302109584\airfoils\sample_849.dat,0.08254849915362004,0.23847695390781562,1.4831992908165281e-08,1.3166409172996052e-08,0.16067115561415377,0.14628507363253215,0.16708133232697803,0.15430659582017112,0.16282052339863448,0.1139243473056018,-0.14511098332053768,-0.03528380487134336,-0.049011885890021305,-0.02898421387877778,-0.007447402812323936,0.02532022770925417
sample_850,False,ok,multi_seed_output\seed_1_S302109584\airfoils\sample_850.dat,0.08234112049334935,0.344689378757515,1.4831992908165281e-08,1.3166409172996052e-08,0.12538445764656703,0.1709428722195225,0.17109569295920032,0.21363357944858363,0.11589643609118544,0.10994965226190717,-0.06700592302257932,-0.017246026468711206,-0.08472327455700694,-0.020628997634396032,0.03466834639873605,0.011673621055828615
sample_851,False,ok,multi_seed_output\seed_1_S302109584\airfoils\sample_851.dat,0.0927550067244276,0.3246492985971944,1.4831992908165281e-08,1.3166409172996052e-08,0.18471573998129265,0.15217519854503955,0.19142139514587025,0.21611485582896647,0.16344204262459816,0.1317812499754574,-0.10570355073800933,-0.04881735892098803,-0.07321038872841096,-0.02406758660989504,-0.06286462323997993,-0.005539098242359264
sample_852,False,ok,multi_seed_output\seed_1_S302109584\airfoils\sample_852.dat,0.08293602231214658,0.3386773547094188,1.4831992908165281e-08,1.3166409172996052e-08,0.11561195365004182,0.16813957745008506,0.182210220865321,0.22910849067042097,0.16924941494244133,0.10973051248334063,-0.07177770236800418,-0.05258674393733917,-0.04621760402529732,0.027554615681519692,-0.055121279654264534,-0.006170899907592647
sample_853,False,ok,multi_seed_output\seed_1_S302109584\airfoils\sample_853.dat,0.10682593202467833,0.2785571142284569,1.4831992908165281e-08,1.3166409172996052e-08,0.1962347624577057,0.24135909940467307,0.23316727595723225,0.1300041285105183,0.21437070313898954,0.22236588322953563,-0.03290494244558044,-0.10953230417713651,-0.04505036069010296,-0.023800360328978143,-0.0024382107799468394,0.03122213072947834
sample_854,False,ok,multi_seed_output\seed_1_S302109584\airfoils\sample_854.dat,0.11070954815708042,0.25250501002004005,1.4831992908165281e-08,1.3166409172996052e-08,0.21893438733195075,0.24123319388022252,0.226180082319983,0.12815578366567731,0.17205689576801908,0.1261102226920786,-0.09371962819933072,-0.0798554738342328,-0.06792853350333337,-0.024277931658697918,-0.026381257132663052,-0.0429766356306991
sample_855,False,ok,multi_seed_output\seed_1_S302109584\airfoils\sample_855.dat,0.11169410063856455,0.3226452905811623,1.4831992908165281e-08,1.3166409172996052e-08,0.12687560891179114,0.22548122266546708,0.23472275187408925,0.25351208954656035,0.1775506394273721,0.20174314318436543,-0.1357924879593882,-0.07950611188004475,-0.062431664315428306,-0.04209878209773373,-0.002663062180208245,-0.07855547936789586
sample_856,False,ok,multi_seed_output\seed_1_S302109584\airfoils\sample_856.dat,0.10501899502284044,0.3226452905811623,1.4831992908165281e-08,1.3166409172996052e-08,0.1137196760930143,0.24029812294657338,0.24683214105788215,0.2432627875157309,0.20447011233530393,0.1768604031126661,-0.12468022200096843,-0.07179147146956241,0.013150141617519678,-0.0848958646748586,0.032062483239604186,0.038449920002586374
sample_857,False,ok,multi_seed_output\seed_1_S302109584\airfoils\sample_857.dat,0.10805114848803074,0.30260521042084165,1.4831992908165281e-08,1.3166409172996052e-08,0.18593320640388086,0.2667845183476209,0.18771495278430822,0.20028556688164595,0.1638716915293928,0.1418431888514916,-0.041269898424754065,-0.06639147661639833,-0.08650619895500011,-0.06206967933679357,0.027491538388575973,-0.02508573142386568
sample_858,False,ok,multi_seed_output\seed_1_S302109584\airfoils\sample_858.dat,0.1042014815070747,0.3166332665330661,1.4831992908165281e-08,1.3166409172996052e-08,0.20702823474946128,0.21081250032387688,0.2238807410149518,0.18418659473961377,0.2026329383180425,0.12939294547381816,-0.04978566949003049,-0.059438237061759616,-0.07820133864450118,-0.05725998026047445,0.016864207820999316,-0.055307289722465285
sample_859,False,ok,multi_seed_output\seed_1_S302109584\airfoils\sample_859.dat,0.10450786803027755,0.26452905811623245,1.4831992908165281e-08,1.3166409172996052e-08,0.2291681038410167,0.1828851308492901,0.19669403489895837,0.1899849713553755,0.15048162012817456,0.1634141888911529,-0.1425455006328283,-0.04122046648278542,-0.09623001057416286,-0.06568895083510315,0.027312164271482864,0.0046264119542937104
sample_860,False,ok,multi_seed_output\seed_1_S302109584\airfoils\sample_860.dat,0.09352219648316468,0.23847695390781562,1.4831992908165281e-08,1.3166409172996052e-08,0.14701124878733593,0.24981709614986872,0.15288893396787367,0.18266153751769543,0.16180657474986626,0.10921059560596309,-0.1411676190525057,-0.026079755020216353,-0.043751372975857065,-0.00709395612149348,-0.048561588572433916,-0.07695243375124802
sample_861,False,ok,multi_seed_output\seed_1_S302109584\airfoils\sample_861.dat,0.09714054733839955,0.2785571142284569,1.4831992908165281e-08,1.3166409172996052e-08,0.2113955617477918,0.1547096263976604,0.24907182666483266,0.20683357393660268,0.22761728796432698,0.10262358461882627,-0.08851966171832724,-0.09890961632460074,0.003913167485501634,0.00595980475266665,-0.07364409919295511,-0.04526950967111153
sample_862,False,ok,multi_seed_output\seed_1_S302109584\airfoils\sample_862.dat,0.09231836055230547,0.23246492985971942,1.4831992908165281e-08,1.3166409172996052e-08,0.20101737378952994,0.20753455218016564,0.15772821284351363,0.17057649945457626,0.17783715830811525,0.1901632862302059,-0.08505942779874584,-0.08162164593191447,0.010378405140334501,-0.07698774414790704,-0.016845393888451188,0.018854546031293676
sample_863,False,ok,multi_seed_output\seed_1_S302109584\airfoils\sample_863.dat,0.09056118294477834,0.3687374749498998,1.4831992908165281e-08,1.3166409172996052e-08,0.12138492243241567,0.17236258611270036,0.22053069490571942,0.1282282739247647,0.2304650405898096,0.14389204600011607,-0.04362876523979216,-0.04563553811259877,-0.07774323446903425,-0.04819420201043362,-0.06437802698912015,-0.06449521792796173
sample_864,False,ok,multi_seed_output\seed_1_S302109584\airfoils\sample_864.dat,0.07887612988325471,0.280561122244489,1.4831992908165281e-08,1.3166409172996052e-08,0.11132346809625786,0.19127140433266185,0.1910528109240272,0.20300905861658175,0.2110981673579845,0.16506365100266562,-0.11035596817118828,-0.043398446065403606,0.02846529708695629,-0.0011754929509498607,-0.006165805579060837,0.03276603384409575
sample_865,False,ok,multi_seed_output\seed_1_S302109584\airfoils\sample_865.dat,0.10260270484588171,0.25250501002004005,1.4831992908165281e-08,1.3166409172996052e-08,0.16956236309007827,0.24549630438826303,0.17271752174319166,0.2172821823135345,0.17189986771396087,0.11014265679677823,-0.08752213046576725,-0.10641344843523531,-0.03371702838848896,0.0286347124631096,0.015437630442564451,-0.02413755639824325
sample_866,False,ok,multi_seed_output\seed_1_S302109584\airfoils\sample_866.dat,0.08677977851102252,0.20440881763527052,1.4831992908165281e-08,1.3166409172996052e-08,0.21781977083623705,0.1626753063330628,0.16346268099188552,0.15186640254357944,0.14939668970707168,0.10606380089999957,-0.08699428337337435,-0.07788500658263026,-0.013660428303340716,0.024220067344900204,-0.048883029791716326,-0.06122383455273905
sample_867,False,ok,multi_seed_output\seed_1_S302109584\airfoils\sample_867.dat,0.10868205909910258,0.21843687374749496,1.4831992908165281e-08,1.3166409172996052e-08,0.22987558227681415,0.2538526683152498,0.16158852427842424,0.20398569343247885,0.20492482509634896,0.18405614995789937,-0.13061057258852976,-0.059095972581830566,-0.05636839605508441,-0.005329762253048043,0.0018323317344800666,-0.0043402698501461
sample_868,False,ok,multi_seed_output\seed_1_S302109584\airfoils\sample_868.dat,0.10093421016931121,0.2124248496993988,1.4831992908165281e-08,1.3166409172996052e-08,0.21248733337374198,0.22441779470046164,0.22562346050446958,0.1364523163856831,0.22723343042026176,0.22107404137825698,-0.142449804080421,-0.0366682099217657,-0.02206594800369978,0.02280523474289084,-0.06471065685713132,-0.06772661812232668
sample_869,False,ok,multi_seed_output\seed_1_S302109584\airfoils\sample_869.dat,0.09411358858635663,0.3226452905811623,1.4831992908165281e-08,1.3166409172996052e-08,0.17502466490859153,0.19608796989431398,0.20488969035520313,0.23108768786942752,0.1909613227561547,0.15928756988596837,-0.11531594735628174,-0.026635762443523253,-0.025921456026052406,-0.06732527686629595,0.019199855687962092,-0.017010937616881133
sample_870,False,ok,multi_seed_output\seed_1_S302109584\airfoils\sample_870.dat,0.09261571573901564,0.30260521042084165,1.4831992908165281e-08,1.3166409172996052e-08,0.1929686191505588,0.17108227314683386,0.2414642283564791,0.12796292221559644,0.20325833968584306,0.10032766816020397,-0.040511686515984066,-0.08034588645699896,-0.02458802567974941,-0.03798229801446563,-0.05869670903466849,-0.0044994134666499624
sample_871,False,ok,multi_seed_output\seed_1_S302109584\airfoils\sample_871.dat,0.11844620582105644,0.3006012024048096,1.4831992908165281e-08,1.3166409172996052e-08,0.22270584664792933,0.2434688557071337,0.24389216063772465,0.18637691454545835,0.12601563905284127,0.17368740074156608,-0.09602603045962063,-0.06640014033196659,-0.08307209028428406,-0.0936536712164668,-0.05701172027234821,-0.0729205184532627
sample_872,False,ok,multi_seed_output\seed_1_S302109584\airfoils\sample_872.dat,0.11547184010571751,0.2865731462925851,1.4831992908165281e-08,1.3166409172996052e-08,0.14717705342202084,0.2691380840020078,0.1849256564661682,0.21036958939556064,0.22204383866133842,0.19889539098964007,-0.14868020884788502,-0.08447379162885413,-0.0725790322376245,-0.06448054056042413,-0.04223855550730328,0.021215972539296205
sample_873,False,ok,multi_seed_output\seed_1_S302109584\airfoils\sample_873.dat,0.10889884020248565,0.25851703406813625,1.4831992908165281e-08,1.3166409172996052e-08,0.1975771186346284,0.18258715834863307,0.21023129956658565,0.13380657691522224,0.20688229791728818,0.14818839646684154,-0.14346632192598938,-0.098855893215197,-0.08738118935594814,-0.050282212894763756,-0.01159161664868398,-0.08324871640290737
sample_874,False,ok,multi_seed_output\seed_1_S302109584\airfoils\sample_874.dat,0.09088254682271661,0.2725450901803607,1.4831992908165281e-08,1.3166409172996052e-08,0.16020358241807434,0.22994428439318915,0.21952083184978333,0.14813287766039512,0.11635842715819061,0.15635269553498596,-0.025821515416573862,-0.09010883929415156,0.013889322845151209,-0.0025115637125877333,-0.08774830100318913,-0.0029089419741147593
sample_875,False,ok,multi_seed_output\seed_1_S302109584\airfoils\sample_875.dat,0.10195419780910357,0.2745490981963928,1.4831992908165281e-08,1.3166409172996052e-08,0.21302609119810348,0.18139339340013183,0.1977626240645057,0.16151820727564928,0.1848271790309866,0.09738582411868864,-0.07341058925642642,-0.1065948406562881,-0.0550178462265356,-0.05339017096268991,-0.04922772846357105,-0.03321643177218269
sample_876,False,ok,multi_seed_output\seed_1_S302109584\airfoils\sample_876.dat,0.10024028579238722,0.3006012024048096,1.4831992908165281e-08,1.3166409172996052e-08,0.11142047972370483,0.2246906849579951,0.24794974662440217,0.17675710889889587,0.12313567799058797,0.10125832274295575,-0.1493031364676962,-0.06449355623175859,0.013477148973169498,-0.08520430246797114,-0.09211809788420634,-0.03954409512563237
sample_877,False,ok,multi_seed_output\seed_1_S302109584\airfoils\sample_877.dat,0.09748097369515968,0.2665330661322645,1.4831992908165281e-08,1.3166409172996052e-08,0.23329141858461314,0.18331990211306476,0.24216490868708518,0.13788233839258618,0.15292418767512198,0.10984721311802108,-0.0326507438798401,-0.10842205316963763,0.012793420057700858,-0.06162813414948901,-0.04137214555385934,-0.07297122694732422
sample_878,False,ok,multi_seed_output\seed_1_S302109584\airfoils\sample_878.dat,0.10192597452256141,0.20440881763527052,1.4831992908165281e-08,1.3166409172996052e-08,0.2087011980834415,0.19978429569356165,0.15263451739626543,0.14243399459350514,0.16115336705573202,0.19652637671143267,-0.14749283754874212,-0.08147854250339073,-0.06845122230525387,0.013601336125532104,0.0011692352220235014,-0.023039782867912417
sample_879,False,ok,multi_seed_output\seed_1_S302109584\airfoils\sample_879.dat,0.08734173404639417,0.3607214428857715,1.4831992908165281e-08,1.3166409172996052e-08,0.12907240135666087,0.1633546652430367,0.27409296566983377,0.12966761589942694,0.17122265799902314,0.17624948241327681,-0.0969197745125292,0.006686802072000092,-0.034729091442341806,-0.09058289469586982,0.03319862889719001,-0.062477081470616785
sample_880,False,ok,multi_seed_output\seed_1_S302109584\airfoils\sample_880.dat,0.10080398295015057,0.3166332665330661,1.4831992908165281e-08,1.3166409172996052e-08,0.13567064036019755,0.18044903536126525,0.20775775984532058,0.18199196542084828,0.12615574627423126,0.16666779740102233,-0.09428588168138576,-0.1104992484304583,-0.0473088372023599,-0.0750895160052095,-0.07801355644597269,-0.053589308364222266
sample_881,False,ok,multi_seed_output\seed_1_S302109584\airfoils\sample_881.dat,0.11500328936640108,0.2865731462925851,1.4831992908165281e-08,1.3166409172996052e-08,0.1408897179443157,0.2663369340364388,0.2502344160394044,0.2259338998271326,0.1481083421078985,0.12468652563412412,-0.14519433342884824,-0.08423160201042504,-0.016362825017931723,-0.06979083377902667,0.03164020713803907,-0.080947517608449
sample_882,False,ok,multi_seed_output\seed_1_S302109584\airfoils\sample_882.dat,0.08680003118628006,0.2064128256513026,1.4831992908165281e-08,1.3166409172996052e-08,0.18308884040277568,0.22492048731074404,0.16356701294814602,0.1624518268115388,0.21058246686208837,0.22244735299744922,-0.12674187528979378,-0.005560405511402397,-0.020735329531606353,0.018307492527018562,-0.0055346179712249255,-0.03293026982377938
sample_883,False,ok,multi_seed_output\seed_1_S302109584\airfoils\sample_883.dat,0.09115039575454034,0.2124248496993988,1.4831992908165281e-08,1.3166409172996052e-08,0.153968161637056,0.1616292741578524,0.20379847973526619,0.1419729655559451,0.1245774816681228,0.17988080861746866,-0.14405803154448107,-0.106849563455418,0.008138567005310501,0.027233023653610758,-0.0062533456833123585,-0.03154236030279824
sample_884,False,ok,multi_seed_output\seed_1_S302109584\airfoils\sample_884.dat,0.1067763992868789,0.2785571142284569,1.4831992908165281e-08,1.3166409172996052e-08,0.22782578545634752,0.2391275953885687,0.22412509793625668,0.24779939558899222,0.14211950361430875,0.13731128625647687,-0.060408340150001155,-0.06871481348349393,-0.042545446570296366,0.013999867996197901,-0.025109510207508234,-0.05472388075197522
sample_885,False,ok,multi_seed_output\seed_1_S302109584\airfoils\sample_885.dat,0.10691622976960513,0.2444889779559118,1.4831992908165281e-08,1.3166409172996052e-08,0.16180993907536798,0.22315532997951953,0.19395351937476574,0.2221203578974274,0.21975993980917607,0.16700488091128787,-0.15025650931168838,-0.10663899233826081,-0.028754193633164365,0.014818110042104773,-0.0147603145798864,-0.0361636550007098
sample_886,False,ok,multi_seed_output\seed_1_S302109584\airfoils\sample_886.dat,0.10404220030860732,0.3607214428857715,1.4831992908165281e-08,1.3166409172996052e-08,0.2164500594932059,0.1743036837904874,0.23445257246231066,0.24826044093662655,0.21623981129145334,0.12215133451592278,-0.06979977072780412,-0.02939173426805311,-0.0912887956706498,-0.04558247952973052,0.007148558724650603,0.017351242436307632
sample_887,False,ok,multi_seed_output\seed_1_S302109584\airfoils\sample_887.dat,0.08087657553482266,0.22645290581162322,1.4831992908165281e-08,1.3166409172996052e-08,0.15972639934685026,0.15071356207305142,0.1950427736397481,0.15999095603434954,0.15076554072315126,0.12802647244085374,-0.11723335854198236,-0.0562796908985557,-0.009808517465601185,0.030491257370142563,0.015328050884572106,-0.019107604182306462
sample_888,False,ok,multi_seed_output\seed_1_S302109584\airfoils\sample_888.dat,0.11022959958926531,0.3246492985971944,1.4831992908165281e-08,1.3166409172996052e-08,0.2008369994500569,0.20334737258379648,0.25970808296549935,0.22969312939727188,0.11061319031589374,0.22411045824252035,-0.037862036393947834,-0.0880980609027613,-0.07057212211339084,-0.028295636093136997,-0.059252912286716176,0.040753837931366554
sample_889,False,ok,multi_seed_output\seed_1_S302109584\airfoils\sample_889.dat,0.08451407068135851,0.3226452905811623,1.4831992908165281e-08,1.3166409172996052e-08,0.10636504501177561,0.20426273692270996,0.18301171645832176,0.16047578100587304,0.21817807724361069,0.11452302185648504,-0.1333052182585648,0.005473036247997956,-0.06306735574715067,-0.03726385415310139,0.018923951816499224,-0.052825542044648385
sample_890,False,ok,multi_seed_output\seed_1_S302109584\airfoils\sample_890.dat,0.09539824564493937,0.2665330661322645,1.4831992908165281e-08,1.3166409172996052e-08,0.21708327560378454,0.24236632067826872,0.15400092253732267,0.22224159116863537,0.1870508078885031,0.22319823682886694,-0.08736811881840592,-0.004215980862435853,-0.07999008812078194,-0.006854861204221047,0.03038110026129938,-0.056066705124311
sample_891,False,ok,multi_seed_output\seed_1_S302109584\airfoils\sample_891.dat,0.10527757200328312,0.25851703406813625,1.4831992908165281e-08,1.3166409172996052e-08,0.1465089621197139,0.2700365210076304,0.2544806711614119,0.12473702722064062,0.11248237101970386,0.13022453212132615,-0.06803096693816932,-0.11266189500178542,0.005983671989495176,0.01106472578564642,-0.06735963616407475,-0.013780500781065491
sample_892,False,ok,multi_seed_output\seed_1_S302109584\airfoils\sample_892.dat,0.09994486482876037,0.3386773547094188,1.4831992908165281e-08,1.3166409172996052e-08,0.12253952199301127,0.244695756143456,0.2564772821484193,0.17134091018288772,0.10556880400103806,0.16401809310129975,-0.03059534078877832,-0.01039296039391406,-0.10003425676563292,-0.02554518368336288,-0.01538281352861956,0.002845703649776002
sample_893,False,ok,multi_seed_output\seed_1_S302109584\airfoils\sample_893.dat,0.11141391011090825,0.34669338677354705,1.4831992908165281e-08,1.3166409172996052e-08,0.12348314857065902,0.2554132315326362,0.2576729112494851,0.20319618337125767,0.11352690507828983,0.20413845708371609,-0.10313118438798476,-0.03410390885123259,-0.06352447020389895,-0.09598510109021002,-0.07929709085018047,-0.053455225770610425
sample_894,False,ok,multi_seed_output\seed_1_S302109584\airfoils\sample_894.dat,0.0874195163630874,0.3366733466933867,1.4831992908165281e-08,1.3166409172996052e-08,0.18923486610637102,0.16933544383109406,0.2164163806335595,0.21914167087285696,0.13376115477195213,0.1194129670685009,-0.10228222588126043,-0.026800897298346074,0.017986472773440718,-0.09570972215497384,-0.024619538746300323,0.00033737899585752074
sample_895,False,ok,multi_seed_output\seed_1_S302109584\airfoils\sample_895.dat,0.10440888247344265,0.2785571142284569,1.4831992908165281e-08,1.3166409172996052e-08,0.14691818631533943,0.2452441774176089,0.18612623025346958,0.2111274856052114,0.12929470570233548,0.16476518140776922,-0.11651491531983713,-0.08549971087480326,-0.03326599646056552,-0.060730357365169824,-0.019246339926045755,0.03961761154282549
sample_896,False,ok,multi_seed_output\seed_1_S302109584\airfoils\sample_896.dat,0.11609068276548407,0.2945891783567134,1.4831992908165281e-08,1.3166409172996052e-08,0.17515729962706827,0.24083344172187207,0.17724217394979097,0.252399602648718,0.18033587236350773,0.18924575083482248,-0.1377689415713709,-0.09601862285743043,-0.07582483407086853,-0.07847700358542198,-0.0450376031587568,-0.051199244285019964
sample_897,False,ok,multi_seed_output\seed_1_S302109584\airfoils\sample_897.dat,0.09129544965828985,0.25250501002004005,1.4831992908165281e-08,1.3166409172996052e-08,0.13600650180203822,0.24790637643086139,0.19287535641414105,0.17755015974973143,0.17773008272623672,0.10440181373353664,-0.10131980040464889,-0.05485758451688004,0.012509255730669924,-0.02054265126620705,0.021877580595166313,-0.01034094644993562
sample_898,False,ok,multi_seed_output\seed_1_S302109584\airfoils\sample_898.dat,0.09230499835816647,0.3226452905811623,1.4831992908165281e-08,1.3166409172996052e-08,0.13921709757788153,0.24642305525436053,0.160236312644172,0.207279980155057,0.14202679068259244,0.11243484628516541,-0.06726877666986764,-0.015285742084470755,-0.08509799976264178,-0.011433933956835063,-0.0793434442673405,-0.001198651271841475
sample_899,False,ok,multi_seed_output\seed_1_S302109584\airfoils\sample_899.dat,0.11030181985317211,0.280561122244489,1.4831992908165281e-08,1.3166409172996052e-08,0.18270210850949214,0.2641739113367024,0.2741600776123748,0.19852186274793127,0.15054922151683103,0.18273661341244157,-0.08332169565470932,-0.05471452670773651,-0.052213763346565016,0.029794837176855757,0.015592242649064475,-0.03714814593678046
sample_900,False,ok,multi_seed_output\seed_1_S302109584\airfoils\sample_900.dat,0.08372047202466161,0.21442885771543085,1.4831992908165281e-08,1.3166409172996052e-08,0.160762907442972,0.1855066763708345,0.17074996667504125,0.2124464651050727,0.18044418675237006,0.14838655264003023,-0.13279858784590443,-0.04408133689726382,0.013029434736571047,0.02083025933858039,-0.022211963628220033,-0.044664844214829864
sample_901,False,ok,multi_seed_output\seed_1_S302109584\airfoils\sample_901.dat,0.09242965581782034,0.34669338677354705,1.4831992908165281e-08,1.3166409172996052e-08,0.16231670435652004,0.22727358499138298,0.14911304604460146,0.17940522631025807,0.14620851267068194,0.20336652436684668,-0.020837767886034864,-0.031491614517407465,-0.09244787288243447,-0.07889094213442022,-0.03741752075877047,-0.03918031672886551
sample_902,False,ok,multi_seed_output\seed_1_S302109584\airfoils\sample_902.dat,0.09734793833207028,0.23046092184368736,1.4831992908165281e-08,1.3166409172996052e-08,0.2096193904548394,0.21579431457414897,0.2528091117818069,0.15132433461809275,0.12140501541420197,0.20482753573489482,-0.12431551751278508,-0.02629698124089945,-0.012170981922589905,0.020501107858763842,-0.04398635800567727,-0.04185353006836
sample_903,False,ok,multi_seed_output\seed_1_S302109584\airfoils\sample_903.dat,0.09593683142546805,0.2444889779559118,1.4831992908165281e-08,1.3166409172996052e-08,0.19159441167941654,0.2190056313803168,0.19434471787597654,0.16957158991789048,0.13406988290733082,0.1528529504858404,-0.11499845095897573,-0.053829859062276636,0.0046115300716820795,-0.09152250078592412,-0.005345721169259091,0.022483600198965975
sample_904,False,ok,multi_seed_output\seed_1_S302109584\airfoils\sample_904.dat,0.08612399207579766,0.2945891783567134,1.4831992908165281e-08,1.3166409172996052e-08,0.21654895908747424,0.17211354924097658,0.16432066467030995,0.21080774216692927,0.13266898051136808,0.12033545422676553,-0.04839371768119459,-0.05918266945675354,-0.01626660436262853,-0.057135021331524746,-0.05209172788716887,-0.017727669137038396
sample_905,False,ok,multi_seed_output\seed_1_S302109584\airfoils\sample_905.dat,0.07722956156444163,0.30861723446893785,1.4831992908165281e-08,1.3166409172996052e-08,0.10791625536765734,0.16545798788103372,0.2557253404542848,0.16464076591512708,0.11751694540102753,0.11599438348788096,-0.09135020203701569,-0.017709865742918718,-9.353289459959613e-06,0.01490400012466954,0.01698436565464191,0.0008676798671298364
sample_906,False,ok,multi_seed_output\seed_1_S302109584\airfoils\sample_906.dat,0.08893385546230953,0.2945891783567134,1.4831992908165281e-08,1.3166409172996052e-08,0.1163583049637637,0.2500224726237191,0.20044523584228172,0.16673917894441975,0.12644888147665986,0.18987398735028477,-0.0757620976044258,-0.03762401375688976,-0.0068615869247612565,-0.034954189488989214,-0.03932989158649081,-0.08377567204094633
sample_907,False,ok,multi_seed_output\seed_1_S302109584\airfoils\sample_907.dat,0.08958662891854252,0.24649298597194386,1.4831992908165281e-08,1.3166409172996052e-08,0.2330612930396955,0.17657255434346053,0.2672916157319596,0.13663506065745593,0.22310935851924385,0.19730752654459005,-0.09329495044054478,-0.021133764764464297,0.02612280994408893,-0.05271079041781272,0.02858967887592055,0.023889088393599572
sample_908,False,ok,multi_seed_output\seed_1_S302109584\airfoils\sample_908.dat,0.10016515869655714,0.2665330661322645,1.4831992908165281e-08,1.3166409172996052e-08,0.13850129412661774,0.2497219647098765,0.21394608285533878,0.24347021695941318,0.12941014638253567,0.14031861163462653,-0.09363782570788623,-0.09267384361945778,0.009503241893905875,0.013016616467381309,0.015770274239511425,-0.08479964373636892
sample_909,False,ok,multi_seed_output\seed_1_S302109584\airfoils\sample_909.dat,0.11829703137338621,0.2865731462925851,1.4831992908165281e-08,1.3166409172996052e-08,0.21932626397073463,0.19689590815954588,0.24241593046810028,0.21770818681663395,0.10420882503231878,0.19715010403541988,-0.11080747628896409,-0.11176088523632675,-0.08490928139581896,-0.06928225551003611,0.028857462738797288,0.008881689272631388
sample_910,False,ok,multi_seed_output\seed_1_S302109584\airfoils\sample_910.dat,0.08322392067371565,0.344689378757515,1.4831992908165281e-08,1.3166409172996052e-08,0.14942870612958692,0.1465280187030185,0.21722300471944808,0.17823222697366378,0.13943924506757727,0.13636732104724197,-0.07497329850877865,-0.05009645036796677,-0.011431667688106453,-0.05719666371093609,-0.030780061871233527,-0.06556301671701723
sample_911,False,ok,multi_seed_output\seed_1_S302109584\airfoils\sample_911.dat,0.09424520335396512,0.34669338677354705,1.4831992908165281e-08,1.3166409172996052e-08,0.14459985220514962,0.19959196283841407,0.178135745552988,0.1722719151363466,0.12196389749033273,0.19118139460217962,-0.04270089474457078,-0.05979921682325848,-0.08106567078553716,-0.0694810472293569,-0.08628616603870454,-0.030791288874693776
sample_912,False,ok,multi_seed_output\seed_1_S302109584\airfoils\sample_912.dat,0.09354058948094852,0.2665330661322645,1.4831992908165281e-08,1.3166409172996052e-08,0.16234936198302685,0.24900474933583303,0.20815085406947187,0.1921398144001697,0.1446281413290644,0.14079033337283842,-0.08584521380923019,-0.034492505483722416,-0.01951185764703009,0.025716282449203653,-0.06905826767313933,-0.06568899362148119
sample_913,False,ok,multi_seed_output\seed_1_S302109584\airfoils\sample_913.dat,0.08914650756193432,0.24048096192384769,1.4831992908165281e-08,1.3166409172996052e-08,0.13017763284611414,0.21785203019741717,0.1484746368576624,0.13955957244435563,0.13416944480756762,0.1483656210191122,-0.1296124489400303,-0.058154196308394836,-0.04132619405138136,-0.012575432359327926,-0.08868381230367112,-0.010873694064178707
sample_914,False,ok,multi_seed_output\seed_1_S302109584\airfoils\sample_914.dat,0.09281222879759142,0.39078156312625245,1.4831992908165281e-08,1.3166409172996052e-08,0.13711006182521215,0.19474710712939566,0.25546194041882886,0.1827916147077344,0.2027439444757221,0.21848092766860283,-0.04316935986279084,0.002100725922978608,-0.03804783235999025,-0.08774796116438281,0.014658367251842039,-0.011738092576700845
sample_915,False,ok,multi_seed_output\seed_1_S302109584\airfoils\sample_915.dat,0.09620167787531347,0.3366733466933867,1.4831992908165281e-08,1.3166409172996052e-08,0.10723994300325114,0.17517347764058683,0.1769368077651716,0.24173374431095274,0.213690406456154,0.15346250598359226,-0.09435858268386385,-0.1055037414188958,-0.0556337800714748,-0.03774890667752444,0.02739678714406177,-0.028519707555092574
sample_916,False,ok,multi_seed_output\seed_1_S302109584\airfoils\sample_916.dat,0.10147123397484317,0.2945891783567134,1.4831992908165281e-08,1.3166409172996052e-08,0.14868958106747668,0.22874496186847623,0.2355581478060572,0.19170511643408975,0.2046945267100905,0.1370113049976392,-0.08148944207214878,-0.0708127794055762,-0.04565054544263812,-0.0014075077030069882,0.01317671862409829,0.020868433842147774
sample_917,False,ok,multi_seed_output\seed_1_S302109584\airfoils\sample_917.dat,0.08868167840521479,0.2945891783567134,1.4831992908165281e-08,1.3166409172996052e-08,0.12093691394561139,0.23013954181762641,0.14857115888910602,0.21123211924539875,0.22257921393312202,0.16937764656425985,-0.1226929475527094,-0.02105832811797849,-0.056184264124654076,-0.018233403149052738,0.021039977489166875,-0.07327353583295378
sample_918,False,ok,multi_seed_output\seed_1_S302109584\airfoils\sample_918.dat,0.11685068863890793,0.2665330661322645,1.4831992908165281e-08,1.3166409172996052e-08,0.21755454004704716,0.2606514862818582,0.25794793078151274,0.2515477611681336,0.19268015505926717,0.20507389764351214,-0.09981489984331882,-0.08744013094648498,-0.024886095870685035,0.02412514508867568,-0.03616832021355119,-0.0030390805575503943
sample_919,False,ok,multi_seed_output\seed_1_S302109584\airfoils\sample_919.dat,0.10261142174045502,0.2865731462925851,1.4831992908165281e-08,1.3166409172996052e-08,0.17805407479698307,0.16035357462008298,0.22793275352769854,0.22537107176889115,0.20887885074295856,0.176729513873718,-0.11224285915159984,-0.10173273939992696,-0.07121570222532862,0.029981431578660442,0.009067744855006485,0.01011211854636096
sample_920,False,ok,multi_seed_output\seed_1_S302109584\airfoils\sample_920.dat,0.11247477445495536,0.30861723446893785,1.4831992908165281e-08,1.3166409172996052e-08,0.1484160799754602,0.2356206946848749,0.2641384974883837,0.22688106850610568,0.12536994845742688,0.21065118820908446,-0.10911402655066178,-0.11405183548001178,0.01707371336575121,-0.09271601205588156,-0.04817840204265683,-0.056363064166978706
sample_921,False,ok,multi_seed_output\seed_1_S302109584\airfoils\sample_921.dat,0.10424415569325571,0.23847695390781562,1.4831992908165281e-08,1.3166409172996052e-08,0.23521525636453594,0.22137342420505288,0.24547388872551487,0.21838581109712915,0.209989904076537,0.16668743186030327,-0.12462937954512353,-0.045978432595100815,0.008853268495036551,-0.02232514932204417,0.013044618585320536,-0.04583455293267809
sample_922,False,ok,multi_seed_output\seed_1_S302109584\airfoils\sample_922.dat,0.0944811622954724,0.280561122244489,1.4831992908165281e-08,1.3166409172996052e-08,0.13858995550819653,0.23947891529646,0.16196373795092828,0.19485981875729677,0.13653083601924482,0.18112163543506657,-0.05226699614650887,-0.09829328163249013,-0.022003954048095506,-0.03734650195234411,-0.020243774521929825,0.03477271884130402
sample_923,False,ok,multi_seed_output\seed_1_S302109584\airfoils\sample_923.dat,0.10058380205757327,0.30861723446893785,1.4831992908165281e-08,1.3166409172996052e-08,0.1882196336529965,0.23835862937161967,0.22734669952652514,0.22842647264845808,0.13833330815868705,0.20147700994833373,-0.057989440759987465,-0.038669709810269,-0.04579024854895581,-0.02172487080820633,0.02519328373547565,-0.025463579771403427
sample_924,False,ok,multi_seed_output\seed_1_S302109584\airfoils\sample_924.dat,0.06792039510815966,0.2945891783567134,1.4831992908165281e-08,1.3166409172996052e-08,0.1758383444731258,0.15965014182455436,0.18944482167509172,0.17613861776781992,0.1556458868531973,0.13402435296426224,-0.060002653152665786,0.0015790415179133266,0.0278383319651873,-0.005056401931435112,-0.06466057179070964,-0.05668742907403772
sample_925,False,ok,multi_seed_output\seed_1_S302109584\airfoils\sample_925.dat,0.10405911196952286,0.35270541082164325,1.4831992908165281e-08,1.3166409172996052e-08,0.15653037671040934,0.24353747177388924,0.24886999837017804,0.2415299761995845,0.13198408363385752,0.1561513777741672,-0.058862951224729926,-0.006316935881482022,-0.07284584835358396,-0.04688811619298274,0.010269265596161425,-0.06395374943483179
sample_926,False,ok,multi_seed_output\seed_1_S302109584\airfoils\sample_926.dat,0.07639138693832562,0.2945891783567134,1.4831992908165281e-08,1.3166409172996052e-08,0.1533244056408673,0.1811803624269417,0.174586750299824,0.1362841165941455,0.17062100076210152,0.2070422099357674,-0.03977519898072131,-0.02743188769618088,-0.048785168484890486,0.007478795173923983,-0.01384390168591354,0.03405867675564751
sample_927,False,ok,multi_seed_output\seed_1_S302109584\airfoils\sample_927.dat,0.0781202697780243,0.31462925851703405,1.4831992908165281e-08,1.3166409172996052e-08,0.19238960426662133,0.18739170641247593,0.26099473165332676,0.1372473668811963,0.15473514811948544,0.12226571581046022,-0.02223760740876979,-0.0020575130097314903,0.021547247572905673,0.0008757839399058248,-0.08978910383101339,-0.047109616510933726
sample_928,False,ok,multi_seed_output\seed_1_S302109584\airfoils\sample_928.dat,0.07541846170435001,0.3246492985971944,1.4831992908165281e-08,1.3166409172996052e-08,0.18772280644206457,0.18480122736803412,0.18423386474032563,0.14307789717750535,0.2285821819338994,0.11035537623613653,-0.028460059870734092,-0.021870710129526544,0.01675622497688639,-0.04483434023996247,-0.07740484160900742,-0.07275018471306063
sample_929,False,ok,multi_seed_output\seed_1_S302109584\airfoils\sample_929.dat,0.10171870919545214,0.35871743486973945,1.4831992908165281e-08,1.3166409172996052e-08,0.2235241775594634,0.18786999973190432,0.23864972040747168,0.21570909662725668,0.17326785704447475,0.14740516782647708,-0.023648035662911654,-0.04628843549194327,-0.06037366300443396,-0.061882366892758646,-0.055594516930572595,0.03097955462953758
sample_930,False,ok,multi_seed_output\seed_1_S302109584\airfoils\sample_930.dat,0.08125533817957034,0.2885771543086172,1.4831992908165281e-08,1.3166409172996052e-08,0.15174272827034171,0.26848868702793455,0.21675249516948353,0.17185786384052912,0.1827228939897333,0.19641876803025182,-0.03244324798271549,0.007704056939820597,0.025446805830042343,0.00960086888755822,-0.02994650290665425,0.034340743565490675
sample_931,False,ok,multi_seed_output\seed_1_S302109584\airfoils\sample_931.dat,0.09034878773181264,0.30861723446893785,1.4831992908165281e-08,1.3166409172996052e-08,0.12209585192841624,0.22792618579448826,0.20010290258866886,0.17880981790618813,0.2150844577846725,0.19764618552689278,-0.0551333253764614,-0.08180946187435274,0.020002241311492766,-0.06882480215670345,0.023276623222360543,0.010295664708518754
sample_932,False,ok,multi_seed_output\seed_1_S302109584\airfoils\sample_932.dat,0.06278135499096646,0.35270541082164325,1.4831992908165281e-08,1.3166409172996052e-08,0.14535579583022726,0.16689230372366465,0.1548342625843241,0.2534665132579877,0.1705726522849873,0.18628306869226524,-0.02964568857672814,-0.0007515226300186945,0.02793228273859487,0.031081960075303297,0.03172252493650694,0.026142141439642705
sample_933,False,ok,multi_seed_output\seed_1_S302109584\airfoils\sample_933.dat,0.09323741048666807,0.2745490981963928,1.4831992908165281e-08,1.3166409172996052e-08,0.20183980906055166,0.19744742261642162,0.1886030992917049,0.1943603982121867,0.15464372962687073,0.20771986340226217,-0.06348792282605643,-0.059816375617046086,-0.0520986213402746,0.006418828909142096,-0.04055995457599157,-0.05374252867934793
sample_934,False,ok,multi_seed_output\seed_1_S302109584\airfoils\sample_934.dat,0.10234869634092192,0.344689378757515,1.4831992908165281e-08,1.3166409172996052e-08,0.2092974153386897,0.18342675867423586,0.26121022045179665,0.24934205442301513,0.1509591121064419,0.14213343506602735,-0.049037127550018586,-0.03954167101929994,-0.07701160622792255,0.028209397213450033,-0.09358788022614319,0.0057944647724166715
sample_935,False,ok,multi_seed_output\seed_1_S302109584\airfoils\sample_935.dat,0.08526592844869883,0.2785571142284569,1.4831992908165281e-08,1.3166409172996052e-08,0.2128684934300697,0.149370736730058,0.2260711671738585,0.15724347745321196,0.18011577822525504,0.09620360494107032,-0.11347273271378532,0.0017191877247481335,-0.0502982443798297,-0.01522916432692778,-0.014202508805688324,-0.08322287971655203
sample_936,False,ok,multi_seed_output\seed_1_S302109584\airfoils\sample_936.dat,0.09212640219101725,0.30260521042084165,1.4831992908165281e-08,1.3166409172996052e-08,0.1688799970546909,0.24795228989113055,0.19327125777135298,0.17546886506237167,0.10958782169638431,0.1235756623324232,-0.07153797360204449,-0.0026684011221334986,-0.044213108375286136,-0.06457459712337726,-0.041029170697337115,0.0144309340248827
sample_937,False,ok,multi_seed_output\seed_1_S302109584\airfoils\sample_937.dat,0.11334459930770387,0.31462925851703405,1.4831992908165281e-08,1.3166409172996052e-08,0.17046747718211985,0.26267031397927354,0.2466870800510636,0.24938592419665168,0.20835815238580652,0.15152489548733208,-0.05199000507326952,-0.09942476598153908,-0.027843380826797673,-0.01858332512211426,-0.035260532592227695,-0.05547883383503147
sample_938,False,ok,multi_seed_output\seed_1_S302109584\airfoils\sample_938.dat,0.08953838071080701,0.2665330661322645,1.4831992908165281e-08,1.3166409172996052e-08,0.17230764721696884,0.21867507590229684,0.19975737565857626,0.1342146863851547,0.11711450197054785,0.14894469075822264,-0.06383930143952211,-0.060307187581054994,0.0018445061776939248,-0.054647182231633055,-0.0878649146560057,-0.015907303788378846
sample_939,False,ok,multi_seed_output\seed_1_S302109584\airfoils\sample_939.dat,0.10220362789112869,0.3006012024048096,1.4831992908165281e-08,1.3166409172996052e-08,0.1422856507301436,0.2193778910286353,0.20762230878354332,0.1606671923701881,0.17480759817724434,0.1969277176868569,-0.13205300711030388,-0.06156440328434712,-0.0491000576967146,-0.08844169459541475,-0.05441912409851732,-0.04005551484269803
sample_940,False,ok,multi_seed_output\seed_1_S302109584\airfoils\sample_940.dat,0.09533065052073089,0.2945891783567134,1.4831992908165281e-08,1.3166409172996052e-08,0.11517455569616666,0.25102579780262313,0.20633691631517329,0.13509616321572462,0.223306458065557,0.21631285350612717,-0.03797796916060775,-0.1153034718110037,0.025166995683369706,-0.057327487285981665,-0.09279913098387338,-0.04166948064213064
sample_941,False,ok,multi_seed_output\seed_1_S302109584\airfoils\sample_941.dat,0.09828357942100965,0.24649298597194386,1.4831992908165281e-08,1.3166409172996052e-08,0.13328424393067456,0.2611295058239812,0.17104775604557682,0.2126838615805185,0.21022808215237118,0.1132591718262371,-0.12368253706501497,-0.07106694387395152,-0.017412307720080025,0.017110340682825437,0.02338382750500416,-0.007700904849669579
sample_942,False,ok,multi_seed_output\seed_1_S302109584\airfoils\sample_942.dat,0.09167929893993687,0.2665330661322645,1.4831992908165281e-08,1.3166409172996052e-08,0.11455801919106984,0.2503874061191606,0.16810215514693114,0.12595020866899706,0.20711964895386634,0.18808791486908966,-0.07131622498272645,-0.10154853235571944,0.01932863196766159,-0.07672877146742625,-0.02438027954465656,-0.024903160668462078
sample_943,False,ok,multi_seed_output\seed_1_S302109584\airfoils\sample_943.dat,0.12350210212941118,0.25851703406813625,1.4831992908165281e-08,1.3166409172996052e-08,0.22483166591941328,0.23677849029352133,0.239188724734053,0.22336133883614664,0.1601219159417629,0.18797080216082668,-0.13585420754222688,-0.10960367747925025,-0.07349662888690564,-0.02855842088728995,0.03350043222943962,0.015017804749546962
sample_944,False,ok,multi_seed_output\seed_1_S302109584\airfoils\sample_944.dat,0.07965552987815669,0.3006012024048096,1.4831992908165281e-08,1.3166409172996052e-08,0.13404197215623698,0.19297399413491184,0.1641845571875176,0.1655224071740637,0.19978573162228486,0.09505482214476489,-0.06211024264639568,-0.044974059835044836,-0.0329876331417782,0.013460620134516738,-0.0726304610899133,-0.06634676013254662
sample_945,False,ok,multi_seed_output\seed_1_S302109584\airfoils\sample_945.dat,0.09488250253356047,0.25250501002004005,1.4831992908165281e-08,1.3166409172996052e-08,0.1851335954362273,0.22955185394235514,0.23352524146774148,0.1391143128263383,0.21607372131490166,0.15190121087462538,-0.10757509230246871,-0.03562928259349661,0.017530790279953953,-0.07443128799928533,0.03147218226621536,-0.08360844994314658
sample_946,False,ok,multi_seed_output\seed_1_S302109584\airfoils\sample_946.dat,0.0892444629725382,0.38476953907815625,1.4831992908165281e-08,1.3166409172996052e-08,0.13150575042613735,0.19174617427871227,0.1983629650598086,0.19828691539384452,0.10918914249478659,0.12190574400723622,-0.07330967949223917,-0.008504505367161241,-0.04488488405942811,-0.09033365325918162,-0.09380846561785111,0.0228874804368307
sample_947,False,ok,multi_seed_output\seed_1_S302109584\airfoils\sample_947.dat,0.09165824208786445,0.30861723446893785,1.4831992908165281e-08,1.3166409172996052e-08,0.19204869240564054,0.1485891688333808,0.19913115106616225,0.19014355905736166,0.15193122786995553,0.1067905435454421,-0.029669919385363328,-0.10756883335663836,-0.039719543314512926,-0.051376406902445756,0.029186355111523635,-0.010469457428933321
sample_948,False,ok,multi_seed_output\seed_1_S302109584\airfoils\sample_948.dat,0.1146476359991431,0.30260521042084165,1.4831992908165281e-08,1.3166409172996052e-08,0.1358378074774918,0.27098185827982546,0.26614968972267977,0.14164114707668782,0.13762145522179917,0.18774672490674782,-0.11572734415354882,-0.04961716468655916,-0.07961251857227573,-0.0886863906316953,0.00923741479076691,0.01728473136211152
sample_949,False,ok,multi_seed_output\seed_1_S302109584\airfoils\sample_949.dat,0.08954602828937094,0.23246492985971942,1.4831992908165281e-08,1.3166409172996052e-08,0.18495435338128563,0.18393581273502632,0.23993949495578515,0.16785896233932232,0.11846662761423135,0.18762716627927878,-0.129792319416684,-0.032292446514277595,0.00824973160370071,-0.006638330901979864,0.009317363495558617,-0.053057459252542336
sample_950,False,ok,multi_seed_output\seed_1_S302109584\airfoils\sample_950.dat,0.10283452378418101,0.3006012024048096,1.4831992908165281e-08,1.3166409172996052e-08,0.1516509424158885,0.2593365611672953,0.16187537126569848,0.1644644984294227,0.1905686307194914,0.09998675837961217,-0.09481471217751063,-0.041318458615170375,-0.09900068819453901,-0.08311860085898524,0.015123299984104221,-0.005067680442890535
sample_951,False,ok,multi_seed_output\seed_1_S302109584\airfoils\sample_951.dat,0.09280322424191999,0.3166332665330661,1.4831992908165281e-08,1.3166409172996052e-08,0.19493068944157477,0.18408557623458333,0.2648502500104346,0.18381557789561742,0.22030294463829786,0.20130110987308866,-0.03326445855369753,-0.0721451542619546,0.0233142007393327,-0.03748613987896011,-0.019890602692415355,0.03210385071041716
sample_952,False,ok,multi_seed_output\seed_1_S302109584\airfoils\sample_952.dat,0.10680467027207093,0.344689378757515,1.4831992908165281e-08,1.3166409172996052e-08,0.13556115817818348,0.2406804119793947,0.2068024844685067,0.22189892140744313,0.16976289386623078,0.21021972856031845,-0.05823655673815177,-0.05824118935772382,-0.09171057016767681,-0.06997900122388011,0.01871975968562148,-0.008806697621789872
sample_953,False,ok,multi_seed_output\seed_1_S302109584\airfoils\sample_953.dat,0.1062268351510162,0.25250501002004005,1.4831992908165281e-08,1.3166409172996052e-08,0.16093216764133172,0.25020182741942154,0.19294555528786517,0.13407011062263108,0.14546976046076202,0.13582701497378552,-0.11936400887285875,-0.09802925132058775,-0.0201238440577675,-0.08598998553035817,-0.08197507294950346,-0.008496386931217112
sample_954,False,ok,multi_seed_output\seed_1_S302109584\airfoils\sample_954.dat,0.09418613614500353,0.26452905811623245,1.4831992908165281e-08,1.3166409172996052e-08,0.19115633234017165,0.2177412119772965,0.24070578324588338,0.1876569389031238,0.1422416787944114,0.12600011596192628,-0.13116242601268013,-0.006943928795358559,0.006694287485372763,-0.05749207326180721,-0.016738813920523815,0.023768226264755
sample_955,False,ok,multi_seed_output\seed_1_S302109584\airfoils\sample_955.dat,0.08111879996243714,0.30861723446893785,1.4831992908165281e-08,1.3166409172996052e-08,0.11156571346819757,0.16285480246111808,0.1938119898440339,0.14942731072877266,0.14483768806689454,0.1652761907535584,-0.069150853363233,-0.09534139006073389,0.016232657165203473,-0.05142779857360423,-0.07377499145211694,-0.06348338582380979
sample_956,False,ok,multi_seed_output\seed_1_S302109584\airfoils\sample_956.dat,0.08829094653465565,0.3006012024048096,1.4831992908165281e-08,1.3166409172996052e-08,0.14997615593030672,0.1877384655301778,0.1660946654877044,0.21292543239748496,0.12815379973874505,0.12422687032701178,-0.12693001624723887,-0.01841057280075438,-0.07438539632725752,-0.010842128741542986,-0.05882506526493864,-0.022952512304821857
sample_957,False,ok,multi_seed_output\seed_1_S302109584\airfoils\sample_957.dat,0.10647371841531958,0.35270541082164325,1.4831992908165281e-08,1.3166409172996052e-08,0.11474215662550394,0.1535347974932601,0.2721398970924839,0.15228176087634412,0.22268293773366687,0.16702956133374985,-0.12670172453725173,-0.1097994935926084,-0.04663541537713128,-0.08753060231777743,-0.08064122601127782,-0.04915683707404465
sample_958,False,ok,multi_seed_output\seed_1_S302109584\airfoils\sample_958.dat,0.08100256463089173,0.23847695390781562,1.4831992908165281e-08,1.3166409172996052e-08,0.1942812579623326,0.21962354349928345,0.16754182739963583,0.18228175688432002,0.14736264323615345,0.14433333723792147,-0.06805490526198268,-0.01829519487456112,0.027256205550377846,-0.04095127154430213,-0.04351071412142469,0.03294558674583799
sample_959,False,ok,multi_seed_output\seed_1_S302109584\airfoils\sample_959.dat,0.0974722760788596,0.3246492985971944,1.4831992908165281e-08,1.3166409172996052e-08,0.16908414523989757,0.17659625015981226,0.2389916772303518,0.17738307393318464,0.17489788634921485,0.13239211614576107,-0.09313330456700095,-0.04980599943085025,-0.06399144031952966,-0.02475599870231658,-0.08595935587388988,0.041210090776933966
sample_960,False,ok,multi_seed_output\seed_1_S302109584\airfoils\sample_960.dat,0.09294391643550283,0.3306613226452906,1.4831992908165281e-08,1.3166409172996052e-08,0.17325767634689376,0.22501536711749248,0.16560772429411014,0.24025075699716264,0.15591220595209448,0.11032651654328328,-0.073095562894377,-0.026470156830113042,-0.04744681121662319,-0.036380504061089176,-0.09200376353889526,0.021834363239428584
sample_961,False,ok,multi_seed_output\seed_1_S302109584\airfoils\sample_961.dat,0.0767998000405412,0.2004008016032064,1.4831992908165281e-08,1.3166409172996052e-08,0.21923044774757644,0.1791904488875593,0.16399662365888587,0.15479585063279638,0.13690498475835447,0.16616855253697002,-0.07871245540853189,0.006344409847459584,-0.02186150095825981,0.015431283204632953,-0.014553883395923423,-0.04554723295233713
sample_962,False,ok,multi_seed_output\seed_1_S302109584\airfoils\sample_962.dat,0.0741037731908618,0.41482965931863724,1.4831992908165281e-08,1.3166409172996052e-08,0.22940037056571672,0.14619884710487915,0.19084208770979227,0.17722291706309973,0.17801962083532102,0.19568961943956908,-0.036307670158900546,-0.005016183287857481,0.02909232824254966,-0.07517414608613704,-0.07746090093388347,0.032297007058302435
sample_963,False,ok,multi_seed_output\seed_1_S302109584\airfoils\sample_963.dat,0.08322885854621724,0.26452905811623245,1.4831992908165281e-08,1.3166409172996052e-08,0.12806071457078144,0.16128157435507692,0.15778016871360212,0.1799871188050463,0.21227223158826458,0.10317394255663355,-0.09076413148885981,-0.10425408781078424,-0.022971311110701387,0.029600486180552513,-0.04784479098915998,0.007459710168947864
sample_964,False,ok,multi_seed_output\seed_1_S302109584\airfoils\sample_964.dat,0.09441237971149288,0.2945891783567134,1.4831992908165281e-08,1.3166409172996052e-08,0.20529450652860987,0.14539858611581144,0.15629553388393067,0.23768581743780584,0.11212261818442726,0.1836100449094924,-0.1077774781833884,-0.09145596258698456,-0.03870797984931798,-0.09124062085642212,-0.03430333639009227,0.008126852839484361
sample_965,False,ok,multi_seed_output\seed_1_S302109584\airfoils\sample_965.dat,0.11004777035297941,0.3306613226452906,1.4831992908165281e-08,1.3166409172996052e-08,0.19279387955040483,0.2606971383238159,0.261325751753212,0.18244445454488337,0.12092156781280596,0.1635590109044257,-0.04280907513921353,-0.02557877110562433,-0.07833031311981507,-0.05932883390552221,-0.07687473189685322,-0.04628438600186784
sample_966,False,ok,multi_seed_output\seed_1_S302109584\airfoils\sample_966.dat,0.10227019915310341,0.2945891783567134,1.4831992908165281e-08,1.3166409172996052e-08,0.2143693064933836,0.17956236992833494,0.18544901660499488,0.172877371686213,0.1682811650646062,0.1898995888871463,-0.10078650169985276,-0.06589169001027732,-0.10015111582059527,-0.055167981295142936,-0.06194712457821187,-0.0008434404858004424
sample_967,False,ok,multi_seed_output\seed_1_S302109584\airfoils\sample_967.dat,0.09829981688084687,0.3987975951903807,1.4831992908165281e-08,1.3166409172996052e-08,0.1077341033517751,0.22559041613637842,0.17859512015741738,0.24794014653497962,0.20775652938634018,0.14071592257301704,-0.05831441533417478,-0.019947286794176455,-0.09076825153392278,-0.04450090538503451,-0.051879897600347495,-0.06148903786769594
sample_968,False,ok,multi_seed_output\seed_1_S302109584\airfoils\sample_968.dat,0.10203953248151529,0.2665330661322645,1.4831992908165281e-08,1.3166409172996052e-08,0.20260904216965753,0.24201977979825678,0.2582225748991323,0.24810313903157383,0.11747489426914913,0.2093968559474919,-0.11918607806693927,-0.014351514275956864,-0.015748030067719077,0.0317960952993558,-0.049158136008109435,-0.0650554789382643
sample_969,False,ok,multi_seed_output\seed_1_S302109584\airfoils\sample_969.dat,0.11247908669726957,0.25851703406813625,1.4831992908165281e-08,1.3166409172996052e-08,0.20068965186247772,0.23698917569699102,0.23779972332432148,0.16647647916886923,0.11446799171537118,0.17574057205252094,-0.11280883301287738,-0.08577794810160429,-0.06069261492206759,-0.030562621636831183,0.013124715615555754,-0.05186772603578782
sample_970,False,ok,multi_seed_output\seed_1_S302109584\airfoils\sample_970.dat,0.10510109124480196,0.280561122244489,1.4831992908165281e-08,1.3166409172996052e-08,0.1574444474640719,0.23339038621926922,0.2447858238017732,0.17373266099987564,0.12101638789484374,0.0968049206481328,-0.06678809212954546,-0.11367049108564495,-0.018221711131394883,-0.009624702414145758,-0.05271619550407567,-0.04042706799209258
sample_971,False,ok,multi_seed_output\seed_1_S302109584\airfoils\sample_971.dat,0.09096707153635573,0.3286573146292585,1.4831992908165281e-08,1.3166409172996052e-08,0.16893577980300406,0.2390752478129663,0.1707094597718331,0.1851644473464414,0.21796503643392673,0.14932145516317685,-0.02094973927353863,-0.04553651616981301,-0.03118405967236086,-0.06180879745612934,-0.018960386133661133,-0.0302486343927479
sample_972,False,ok,multi_seed_output\seed_1_S302109584\airfoils\sample_972.dat,0.09517088971831326,0.30861723446893785,1.4831992908165281e-08,1.3166409172996052e-08,0.222163411269985,0.20375975240027777,0.19308609949410402,0.22771859092702137,0.10436718596067725,0.12267374519908383,-0.0424918445222299,-0.02262570054399822,-0.08937492976440037,-0.016619345306571873,0.027676730913015216,-0.059183202919746526
sample_973,False,ok,multi_seed_output\seed_1_S302109584\airfoils\sample_973.dat,0.09118402921140595,0.30861723446893785,1.4831992908165281e-08,1.3166409172996052e-08,0.17439635553430094,0.2104250767785676,0.24114372200759188,0.13669349695488847,0.18443664108717217,0.12977915512508337,-0.04780414808641607,-0.022854845692567002,-0.05190917072767786,-0.0067704943633725145,-0.04683094113726115,-0.012021621692897416
sample_974,False,ok,multi_seed_output\seed_1_S302109584\airfoils\sample_974.dat,0.10210099449253075,0.2605210420841683,1.4831992908165281e-08,1.3166409172996052e-08,0.2116131689904272,0.24714661126398982,0.18985395935350813,0.2335456330555611,0.22387447962343254,0.10232468902671801,-0.07886776269746276,-0.056076279634155575,-0.042407846947918555,0.020263872898167126,0.008618933430473971,-0.02155954550961503
sample_975,False,ok,multi_seed_output\seed_1_S302109584\airfoils\sample_975.dat,0.10282291403023787,0.3166332665330661,1.4831992908165281e-08,1.3166409172996052e-08,0.17146053598895966,0.18035168021203335,0.2170070022262666,0.25119253245618955,0.15698552316553271,0.18311438603524444,-0.0859258063436113,-0.09671286311522578,-0.05531146661686988,-0.0038025095867659786,-0.06614153019908159,-0.0667600471914981
sample_976,False,ok,multi_seed_output\seed_1_S302109584\airfoils\sample_976.dat,0.09184490483387536,0.2725450901803607,1.4831992908165281e-08,1.3166409172996052e-08,0.16879174138295913,0.246900820889616,0.22064669565172512,0.1496402637181648,0.15993927239015204,0.09868685810253092,-0.06133098243036604,-0.022373136783482683,-0.043068112451824486,0.022880338370606892,0.009449627093078908,-0.03038097074701287
sample_977,False,ok,multi_seed_output\seed_1_S302109584\airfoils\sample_977.dat,0.09706926157339268,0.2945891783567134,1.4831992908165281e-08,1.3166409172996052e-08,0.17063726414516264,0.15801809457988214,0.25265820392931254,0.19571516469388645,0.12187602022474438,0.19295487631056124,-0.10718259124832336,-0.09057144045488912,-0.010709555151539513,-0.027550666513330713,-0.07764850518947873,0.006777075313788586
sample_978,False,ok,multi_seed_output\seed_1_S302109584\airfoils\sample_978.dat,0.09553833401187409,0.22444889779559116,1.4831992908165281e-08,1.3166409172996052e-08,0.19577479096982542,0.22087736306143865,0.20303192312726787,0.24131719582340916,0.20330883810534947,0.19941482957097295,-0.12913357498254005,-0.047012231269380686,0.02388173543602133,0.012959909316013221,-0.033296311333791635,-0.05220831605001025
sample_979,False,ok,multi_seed_output\seed_1_S302109584\airfoils\sample_979.dat,0.10407864878387002,0.22645290581162322,1.4831992908165281e-08,1.3166409172996052e-08,0.2263008950390089,0.18692511255562763,0.24689325649063015,0.15672872048257847,0.19239930997106475,0.13994039209989145,-0.13278528707731088,-0.09016471660136921,0.025056174838936005,-0.08018809813890587,0.017971134022568433,0.03565050755761988
sample_980,False,ok,multi_seed_output\seed_1_S302109584\airfoils\sample_980.dat,0.12009762461369991,0.2725450901803607,1.4831992908165281e-08,1.3166409172996052e-08,0.16836532693963668,0.24560273844251612,0.26505004934445775,0.15721395831956703,0.2155356382410926,0.11548801542613062,-0.1301571798717307,-0.10874436874462762,-0.07933783985989751,2.6783952933123745e-05,-0.013663131726460331,-0.07124663293483353
sample_981,False,ok,multi_seed_output\seed_1_S302109584\airfoils\sample_981.dat,0.08859321425897303,0.3226452905811623,1.4831992908165281e-08,1.3166409172996052e-08,0.12814164398480735,0.16537415341759784,0.2526385660191949,0.1347643625631583,0.14383512084561434,0.09585792836547076,-0.02424369668168519,-0.09089827369497817,-0.03704904751827261,0.007837511644842546,-0.06367649816925017,-0.08025351758880826
sample_982,False,ok,multi_seed_output\seed_1_S302109584\airfoils\sample_982.dat,0.0866292367972985,0.280561122244489,1.4831992908165281e-08,1.3166409172996052e-08,0.16264258865906253,0.19577896551882534,0.21345161557380354,0.15990833503067042,0.1629827171823815,0.2069405692502465,-0.05629056150624971,-0.053041756215970126,-0.030118567007559494,0.023237544179118386,-0.023480562413812744,-0.05479019724442678
sample_983,False,ok,multi_seed_output\seed_1_S302109584\airfoils\sample_983.dat,0.10177716328718558,0.2945891783567134,1.4831992908165281e-08,1.3166409172996052e-08,0.1243101699192625,0.21351450669840888,0.26220980902693647,0.1765226032637203,0.1608358713634689,0.15408752195781705,-0.1252212885534909,-0.060120420121383016,-0.060764551222536115,0.03271490101811585,-0.04463514700669203,0.014366535127855379
sample_984,False,ok,multi_seed_output\seed_1_S302109584\airfoils\sample_984.dat,0.10610281958278642,0.24649298597194386,1.4831992908165281e-08,1.3166409172996052e-08,0.23447644469530077,0.18315238042867266,0.1865901352716936,0.16404541363965136,0.22921665488203985,0.17062169889515483,-0.09930678587795896,-0.11421035177396316,-0.05825311409856518,-0.02920822351238908,-0.07019675530428482,-0.011181189981550835
sample_985,False,ok,multi_seed_output\seed_1_S302109584\airfoils\sample_985.dat,0.08977544117514094,0.35270541082164325,1.4831992908165281e-08,1.3166409172996052e-08,0.14055504947174594,0.24472883582766503,0.15471433379701632,0.2502634482661423,0.17009530598127576,0.2118240207646795,-0.027961354376076983,-0.023988987991521604,-0.05140381450845611,-0.033763746466389966,0.014005433654964733,-0.08458221753703077
sample_986,False,ok,multi_seed_output\seed_1_S302109584\airfoils\sample_986.dat,0.10754376656146634,0.34669338677354705,1.4831992908165281e-08,1.3166409172996052e-08,0.138770635818167,0.2443403671170985,0.18774991866946183,0.21211379407272415,0.1819025730896282,0.14671241608095612,-0.030386621503499273,-0.08140195818846548,-0.09210272299157465,-0.07171097051940457,-0.06764147228845556,0.03902549542173206
sample_987,False,ok,multi_seed_output\seed_1_S302109584\airfoils\sample_987.dat,0.085644207119213,0.30260521042084165,1.4831992908165281e-08,1.3166409172996052e-08,0.23429523995295545,0.17794364049083747,0.14766810193420957,0.22240924713976312,0.11171734054020277,0.13599717747023374,-0.06827424769371693,-0.006334245450829112,-0.05801385390569576,-0.07879749700476224,0.03128779123411578,-0.08250927378489231
sample_988,False,ok,multi_seed_output\seed_1_S302109584\airfoils\sample_988.dat,0.09453660509473888,0.280561122244489,1.4831992908165281e-08,1.3166409172996052e-08,0.15301293999158708,0.20307342363456513,0.17873790423642558,0.1626394046129565,0.18784093119956485,0.1056521382354605,-0.06719015354093105,-0.10350800208856253,-0.04583322296966584,0.002492807096608249,-0.08472453948670053,-0.020870625285089206
sample_989,False,ok,multi_seed_output\seed_1_S302109584\airfoils\sample_989.dat,0.09398818305007267,0.30861723446893785,1.4831992908165281e-08,1.3166409172996052e-08,0.1398595323245157,0.21442124783024374,0.1725110891782864,0.23543775916572984,0.1514603590970136,0.17655091419641883,-0.13155845838276936,-0.051902669525020456,-0.005793077253126042,-0.09177343141953727,-0.021814279536218797,0.03646242908326931
sample_990,False,ok,multi_seed_output\seed_1_S302109584\airfoils\sample_990.dat,0.07884182946563806,0.2665330661322645,1.4831992908165281e-08,1.3166409172996052e-08,0.2109306348858867,0.14918976723929273,0.20289454987248984,0.15535110211347164,0.21128318002435736,0.1749035555598088,-0.06956348549653239,-0.01641887298579907,-0.02888335901356537,-0.0025465540469897935,0.02674530571372588,-0.06691667819861855
sample_991,False,ok,multi_seed_output\seed_1_S302109584\airfoils\sample_991.dat,0.10166617585032983,0.3306613226452906,1.4831992908165281e-08,1.3166409172996052e-08,0.1294275848838778,0.20919651765253844,0.23404657356157163,0.19380159808001635,0.20932227333779208,0.16810936043606042,-0.0367572825347498,-0.09422219596022219,-0.07698366443308474,0.015395813862392874,-0.025639316408191518,-0.04763622161263426
sample_992,False,ok,multi_seed_output\seed_1_S302109584\airfoils\sample_992.dat,0.09305999374075231,0.30260521042084165,1.4831992908165281e-08,1.3166409172996052e-08,0.22103362557028494,0.17635270405715692,0.15418837302576152,0.2487296832488563,0.16867316044041836,0.14983501104757468,-0.13498576312076943,-0.005722039111780805,-0.07761679054351922,-0.05215320129842093,-0.026763433178782547,-0.016533889721220843
sample_993,False,ok,multi_seed_output\seed_1_S302109584\airfoils\sample_993.dat,0.09736363413302104,0.22044088176352702,1.4831992908165281e-08,1.3166409172996052e-08,0.1845747230162751,0.22038660026718,0.24089102355893552,0.21331343144345075,0.19319441366083764,0.17762459866894392,-0.14915666170251204,-0.04193999232667871,0.025792245293508917,0.029153505315710995,0.025710778237430662,-0.03339368053606983
sample_994,False,ok,multi_seed_output\seed_1_S302109584\airfoils\sample_994.dat,0.10050950452937335,0.3246492985971944,1.4831992908165281e-08,1.3166409172996052e-08,0.1781166435747511,0.2120706886424485,0.2616593534676064,0.14028560807206358,0.21483191993370632,0.19928328331298983,-0.02312933176887827,-0.08509133747635797,-0.01149788485637157,-0.07260010130971077,-0.0512844806062148,0.0041389132727261
sample_995,False,ok,multi_seed_output\seed_1_S302109584\airfoils\sample_995.dat,0.10042326697133178,0.23847695390781562,1.4831992908165281e-08,1.3166409172996052e-08,0.16642345209337903,0.2699496537167445,0.1720628983649481,0.23603888728228056,0.15915739113795682,0.2119421075021487,-0.11622276253490146,-0.06878861897062373,0.00924102636371553,-0.002803101443908426,-0.000754949453438597,-0.012152278516905798
sample_996,False,ok,multi_seed_output\seed_1_S302109584\airfoils\sample_996.dat,0.09503738203364283,0.37675350701402804,1.4831992908165281e-08,1.3166409172996052e-08,0.11071206383644931,0.20090911456513688,0.2670971148784786,0.18146923095350798,0.20049348907526654,0.12284911838738559,-0.10168486199869528,-0.0015169306865140952,-0.03206670822654466,-0.07226116383702627,-0.026971245817744308,-0.027381334754577775
sample_997,False,ok,multi_seed_output\seed_1_S302109584\airfoils\sample_997.dat,0.09968926197955208,0.2124248496993988,1.4831992908165281e-08,1.3166409172996052e-08,0.20331168146988446,0.20502255482762996,0.20109133811407337,0.16271333978309244,0.213963971959649,0.2037527370973034,-0.1450722633458085,-0.07230421543407835,0.012656269389629188,-0.050051942024078,0.02945752004318132,0.03182909232029328
sample_998,False,ok,multi_seed_output\seed_1_S302109584\airfoils\sample_998.dat,0.08299312487072605,0.23246492985971942,1.4831992908165281e-08,1.3166409172996052e-08,0.22236358218833874,0.1730324128509221,0.16461545079902837,0.15893157035049327,0.11735126907230824,0.10614838584964369,-0.021053024839417483,-0.08781917244269277,-0.002202891669145071,-0.00924436631349368,0.03549384759957826,-0.014103753196906266
sample_999,False,ok,multi_seed_output\seed_1_S302109584\airfoils\sample_999.dat,0.08095301910977318,0.17635270541082163,1.4831992908165281e-08,1.3166409172996052e-08,0.22185911870408886,0.14474792143117893,0.1684695482528359,0.1486537528946424,0.1427447021930333,0.2190836216923923,-0.12511166082557798,-0.014669863362715474,0.006096490774945437,-0.08412257374308146,-0.0867065380535232,-0.04659927619659458
sample_1000,False,ok,multi_seed_output\seed_1_S302109584\airfoils\sample_1000.dat,0.09418786161924594,0.3006012024048096,1.4831992908165281e-08,1.3166409172996052e-08,0.12289756285561508,0.26563075589285784,0.25802474112779894,0.19256161681690043,0.181455245517683,0.1782524499813548,-0.05003171429535015,-0.04488261847446366,0.006800144309430822,0.032521729238289096,-0.013274825864514228,-0.03987641610360101
sample_1001,False,ok,multi_seed_output\seed_1_S302109584\airfoils\sample_1001.dat,0.10082517221622583,0.3226452905811623,1.4831992908165281e-08,1.3166409172996052e-08,0.1708606278910067,0.21799123051466796,0.2015913985199983,0.2295913259797045,0.17241437295046957,0.1712417202234509,-0.08089299676306909,-0.06317823211437607,-0.03650753900651044,-0.07815615209828797,0.019213378077147625,-0.0006541679697304736
sample_1002,False,ok,multi_seed_output\seed_1_S302109584\airfoils\sample_1002.dat,0.10665714528790485,0.31462925851703405,1.4831992908165281e-08,1.3166409172996052e-08,0.2341814088182355,0.19192997508543863,0.22877733869831762,0.2266391964623683,0.22772294269416674,0.1808912665343988,-0.059949899973107554,-0.06337842372220981,-0.09080534008199152,-0.012028810607394844,0.015541540457607445,0.03384189271813333
sample_1003,False,ok,multi_seed_output\seed_1_S302109584\airfoils\sample_1003.dat,0.0869358346974437,0.30861723446893785,1.4831992908165281e-08,1.3166409172996052e-08,0.1096619847305712,0.23122871503617684,0.20463952976435296,0.19375588286835183,0.10687964523009653,0.1351661821354293,-0.07187609096286386,-0.054140424022954776,0.02242524447101711,-0.05316981686416246,-0.03905807847210495,-0.01554480282827407
sample_1004,False,ok,multi_seed_output\seed_1_S302109584\airfoils\sample_1004.dat,0.1085820005764467,0.3306613226452906,1.4831992908165281e-08,1.3166409172996052e-08,0.15959504749972642,0.22776911961181953,0.272688627981554,0.24202045950784176,0.1715568230935527,0.20941417027625403,-0.09724586318688108,-0.0594641612193225,-0.023885194324700737,-0.049144021366527874,-0.008922873000727818,0.0403105884500268
sample_1005,False,ok,multi_seed_output\seed_1_S302109584\airfoils\sample_1005.dat,0.09066469345618787,0.2665330661322645,1.4831992908165281e-08,1.3166409172996052e-08,0.10577212536836653,0.2645009227786382,0.1846541820652689,0.13736506056369252,0.14850176888426087,0.2193258125342325,-0.09230586740933311,-0.03836121805427137,-0.048865731751789286,0.024938061949638282,-0.03629083338011206,0.035792947228256725
sample_1006,False,ok,multi_seed_output\seed_1_S302109584\airfoils\sample_1006.dat,0.09982619808482947,0.23847695390781562,1.4831992908165281e-08,1.3166409172996052e-08,0.14047543030928689,0.23624463737258658,0.2199972104356795,0.13756837573911312,0.11138800342628866,0.15371938901229643,-0.11850047367865191,-0.10911646761505833,0.026557853950750263,-0.030506098001988377,-0.024878274234105532,-0.029869930571112056
sample_1007,False,ok,multi_seed_output\seed_1_S302109584\airfoils\sample_1007.dat,0.09990029101645392,0.3226452905811623,1.4831992908165281e-08,1.3166409172996052e-08,0.1701805322401027,0.2340514744854122,0.21818966397630774,0.23695764891278287,0.19943226331052782,0.1545380462455165,-0.06563015693371632,-0.026386889902213176,-0.07959285630987861,0.02832083620925313,-0.03567852986332528,0.020264927006011096
sample_1008,False,ok,multi_seed_output\seed_1_S302109584\airfoils\sample_1008.dat,0.1043509808363793,0.3226452905811623,1.4831992908165281e-08,1.3166409172996052e-08,0.17637539303640637,0.235808749407465,0.22823676875489773,0.2378106536652324,0.20388319310676295,0.09650391303569807,-0.03541590795467926,-0.0809735070363067,-0.03230672606137085,-0.014103831071027348,-0.07270009706709385,0.04377658414595004
sample_1009,False,ok,multi_seed_output\seed_1_S302109584\airfoils\sample_1009.dat,0.10321706235677862,0.39078156312625245,1.4831992908165281e-08,1.3166409172996052e-08,0.14677862830636057,0.25198518194421793,0.2708562188557165,0.24834441686474018,0.1829901911507869,0.14661377784303276,-0.03809533277602878,-0.012104931001932343,0.0025925452873119953,-0.08042576943420815,-0.05980430352487969,-0.04407855076072683
sample_1010,False,ok,multi_seed_output\seed_1_S302109584\airfoils\sample_1010.dat,0.08995839259462057,0.280561122244489,1.4831992908165281e-08,1.3166409172996052e-08,0.18639243366055835,0.21706704197686996,0.1785051677609183,0.14981999294508233,0.1182858783395035,0.10356269682257616,-0.023033946916603765,-0.06364612402295058,-0.050601118773624575,-0.027305521710408745,-0.0011633527574529262,0.018647365406230312
sample_1011,False,ok,multi_seed_output\seed_1_S302109584\airfoils\sample_1011.dat,0.07739418990824883,0.30861723446893785,1.4831992908165281e-08,1.3166409172996052e-08,0.2161116122379959,0.14758651384750446,0.19222063724265911,0.1444017677590411,0.1297897139708769,0.12751287474574444,-0.046665192480446385,-0.03187041230248294,0.011651441158111786,-0.0938786943896978,-0.062041871308752446,-0.008898218137810027
sample_1012,False,ok,multi_seed_output\seed_1_S302109584\airfoils\sample_1012.dat,0.11674587426751101,0.22645290581162322,1.4831992908165281e-08,1.3166409172996052e-08,0.19618381748277935,0.2653591477500093,0.2424291503721216,0.14487216839162662,0.10530789301009215,0.1405187832799142,-0.14958415383093782,-0.1004324972495376,-0.007008003110161365,-0.03899881708167604,0.0038818768813733,-0.0010094126650130875
sample_1013,False,ok,multi_seed_output\seed_1_S302109584\airfoils\sample_1013.dat,0.08977812694430216,0.3006012024048096,1.4831992908165281e-08,1.3166409172996052e-08,0.1433118884052314,0.23119030515126243,0.2304224673272057,0.200403612437888,0.20820577754168884,0.20579688340485136,-0.1275890548272161,-0.0005173401916600401,0.012540913580634222,-0.03179529897895811,-0.021151653466227452,-0.08273193281101761
sample_1014,False,ok,multi_seed_output\seed_1_S302109584\airfoils\sample_1014.dat,0.08594557316088845,0.2665330661322645,1.4831992908165281e-08,1.3166409172996052e-08,0.1788922754282536,0.14949322278850538,0.17350750618424907,0.19535888381378397,0.13238756736828783,0.12735604268319078,-0.1051541028300371,-0.06116854618872899,-0.044594121221151695,-0.005843545592182975,-0.06264423054409203,-0.008795740897063808
sample_1015,False,ok,multi_seed_output\seed_1_S302109584\airfoils\sample_1015.dat,0.09041686155393536,0.23246492985971942,1.4831992908165281e-08,1.3166409172996052e-08,0.22262156217716123,0.17905545968059935,0.21645962477218617,0.19675755985232457,0.21296450890745128,0.17875575177828718,-0.10409493810162868,-0.03643503462918575,-0.0018994344961879434,0.007173119330406444,-0.042525968494203537,-0.0066625851363305705
sample_1016,False,ok,multi_seed_output\seed_1_S302109584\airfoils\sample_1016.dat,0.08658603208897285,0.3006012024048096,1.4831992908165281e-08,1.3166409172996052e-08,0.1711391699545053,0.15390505273533675,0.255597269821194,0.19530251498216983,0.22056213872874325,0.12651004664424037,-0.07610696598861576,-0.06484795178436134,0.0119058693301278,0.018506773377419627,-0.012047169360634519,0.007571923014065299
sample_1017,False,ok,multi_seed_output\seed_1_S302109584\airfoils\sample_1017.dat,0.10016460114425745,0.2665330661322645,1.4831992908165281e-08,1.3166409172996052e-08,0.22541143864205485,0.23454205505729625,0.1863229880611747,0.1696912356378725,0.177356855590904,0.13267497579669432,-0.021985744376478794,-0.08604524547780454,-0.04934192665488959,-0.012921639729313913,-0.013951597075750916,0.015651745793219332
sample_1018,False,ok,multi_seed_output\seed_1_S302109584\airfoils\sample_1018.dat,0.09928771851814017,0.26452905811623245,1.4831992908165281e-08,1.3166409172996052e-08,0.16167381639503772,0.22412032119499095,0.2001755629109365,0.16525550358775126,0.21044743831923243,0.1134443261268671,-0.1474149225267113,-0.044384342426438864,-0.03849315873360066,-0.035811436732382435,-0.0828402623833153,-0.04754234414448858
sample_1019,False,ok,multi_seed_output\seed_1_S302109584\airfoils\sample_1019.dat,0.0911458493612198,0.280561122244489,1.4831992908165281e-08,1.3166409172996052e-08,0.1362883974045995,0.24329879914894847,0.22101248995095932,0.17978396723435397,0.11230700215703389,0.11809247529163877,-0.1037273666323712,-0.01072883334377922,-0.03211377044880573,-0.005682476081124585,0.03298839088528628,-0.05269377671857613
sample_1020,False,ok,multi_seed_output\seed_1_S302109584\airfoils\sample_1020.dat,0.09660399199893119,0.30861723446893785,1.4831992908165281e-08,1.3166409172996052e-08,0.1283629575971889,0.223255717394858,0.1564012187062219,0.2542102931783681,0.17510126106916385,0.0951640479179085,-0.09958538389414173,-0.08631778494455626,-0.02454054362794618,-0.04572450170971822,-0.047174531475384265,-0.007129256760551983
sample_1021,False,ok,multi_seed_output\seed_1_S302109584\airfoils\sample_1021.dat,0.09029550856927615,0.25851703406813625,1.4831992908165281e-08,1.3166409172996052e-08,0.13479378938736403,0.20110255980645025,0.15293343563042372,0.2172992536109152,0.18336163078730894,0.15587518968124606,-0.08880452619677522,-0.10727334312424996,-0.01993380091231481,0.02012728412769775,0.011142111759100001,-0.04494718438195766
sample_1022,False,ok,multi_seed_output\seed_1_S302109584\airfoils\sample_1022.dat,0.10313674413140328,0.25851703406813625,1.4831992908165281e-08,1.3166409172996052e-08,0.18331963637736398,0.2658597412355975,0.16952670358972946,0.17447880777506014,0.13813517359028632,0.13096348185538292,-0.05411959448943031,-0.09843903145904824,-0.0368242114151391,-0.02078381266031759,-0.04860358117853388,-0.00838044505834476
sample_1023,False,ok,multi_seed_output\seed_1_S302109584\airfoils\sample_1023.dat,0.1174276763359471,0.2725450901803607,1.4831992908165281e-08,1.3166409172996052e-08,0.20585633965999017,0.2589196182392197,0.22833394159615122,0.24855581404678115,0.18715882049662239,0.19283143248796342,-0.1372812264247999,-0.07550814332341094,-0.028665478010588816,-0.07388181839731567,0.026079100831279775,-0.08198153233789121
sample_1024,False,ok,multi_seed_output\seed_1_S302109584\airfoils\sample_1024.dat,0.09708553519129454,0.30260521042084165,1.4831992908165281e-08,1.3166409172996052e-08,0.18694374521459212,0.22177763732407013,0.1456518496261897,0.21514696887108653,0.1951326831402409,0.09898812306873768,-0.02678877462988903,-0.07881014264773811,-0.09889580495431215,0.022572650496504656,-0.0794645994821086,-0.02012972847745309
sample_1025,False,ok,multi_seed_output\seed_1_S302109584\airfoils\sample_1025.dat,0.09299438314948742,0.3386773547094188,1.4831992908165281e-08,1.3166409172996052e-08,0.10712407570179155,0.21149247998784856,0.24313779956916823,0.13358845320191753,0.16365702044401814,0.1030026641732194,-0.02251602057538249,-0.03915909712167996,-0.0844546814414538,-0.03470000365435352,0.014251981636304714,0.03972449979250464
sample_1026,False,ok,multi_seed_output\seed_1_S302109584\airfoils\sample_1026.dat,0.08371399454350681,0.25851703406813625,1.4831992908165281e-08,1.3166409172996052e-08,0.2240188093000649,0.2022091772372777,0.15957509685705878,0.13274498753517508,0.19386491837230677,0.16577121703226289,-0.0532535882176465,0.006161489091518188,-0.09404483346335134,0.02065307222602962,-0.0048763791492179714,-0.0707194644123725
sample_1027,False,ok,multi_seed_output\seed_1_S302109584\airfoils\sample_1027.dat,0.08962915437331948,0.3386773547094188,1.4831992908165281e-08,1.3166409172996052e-08,0.16308920977317543,0.20168666622645107,0.22892609607401104,0.19931206046075875,0.1131630586629752,0.16584430781296297,-0.04009309034458053,-0.032840632182479484,-0.014814805555701471,-0.05882576572796363,-0.01763280734750547,-0.01766767603956325
sample_1028,False,ok,multi_seed_output\seed_1_S302109584\airfoils\sample_1028.dat,0.10186267858073318,0.3166332665330661,1.4831992908165281e-08,1.3166409172996052e-08,0.16454444939855922,0.23715955818686546,0.2546736253478168,0.21883141057237993,0.14641013355844007,0.12380855231918599,-0.06312919597259568,-0.07260164844600775,0.02633213618267248,-0.08230262868458914,-0.02161805885897293,-0.05225867923566081
sample_1029,False,ok,multi_seed_output\seed_1_S302109584\airfoils\sample_1029.dat,0.10174974089464904,0.25250501002004005,1.4831992908165281e-08,1.3166409172996052e-08,0.1898774757215334,0.2666838916954662,0.15941496447898074,0.2545834483032335,0.12004400347788069,0.09586853921713104,-0.10272136882385333,-0.04358914398972899,-0.05687736384810331,0.02688710580736517,-0.022750400414807956,0.037383564801836966
sample_1030,False,ok,multi_seed_output\seed_1_S302109584\airfoils\sample_1030.dat,0.10626383144014118,0.25250501002004005,1.4831992908165281e-08,1.3166409172996052e-08,0.21355230375201034,0.27416162438362746,0.1662488133306063,0.14253359129943366,0.18434950300493602,0.20466348931475825,-0.034091187450836974,-0.1043900026508818,-0.04250268799717083,-0.04433716578284806,-0.0331303558350128,0.007064241749564895
sample_1031,False,ok,multi_seed_output\seed_1_S302109584\airfoils\sample_1031.dat,0.08626595083586332,0.2665330661322645,1.4831992908165281e-08,1.3166409172996052e-08,0.18962102829497482,0.21407582593057367,0.16734967901932513,0.22745666164964468,0.10777709297770711,0.2032527839470126,-0.06231937093032544,-0.03737803417628367,-0.013088353711044803,-0.007330202203757463,-0.025935102067899937,-0.08169949342279541
sample_1032,False,ok,multi_seed_output\seed_1_S302109584\airfoils\sample_1032.dat,0.09327361970925022,0.25250501002004005,1.4831992908165281e-08,1.3166409172996052e-08,0.17886551714553256,0.23102082469311638,0.20244880121075776,0.20626076410510025,0.1496294708572002,0.2080219760623197,-0.12037348387373988,-0.010774932255566735,-0.03919590168009471,0.020993562223607723,0.024342302979946606,-0.05163758740655469
sample_1033,False,ok,multi_seed_output\seed_1_S302109584\airfoils\sample_1033.dat,0.0950331791982732,0.34669338677354705,1.4831992908165281e-08,1.3166409172996052e-08,0.1807365902183124,0.17526213920756223,0.2569616381211566,0.21636645536854743,0.11871778133745432,0.12621857767381733,-0.028816762479907207,-0.03324449887905846,-0.0751608801576851,0.017038760026138133,-0.06417004891546263,-0.05042886604752656
sample_1034,False,ok,multi_seed_output\seed_1_S302109584\airfoils\sample_1034.dat,0.08263278469562071,0.2605210420841683,1.4831992908165281e-08,1.3166409172996052e-08,0.15649949271251884,0.26010940946617056,0.1504564447583774,0.17727923618916908,0.1480179691629329,0.1078418874472647,-0.05163559605161941,-0.019280563580030483,-0.005929046458625284,-0.007199465623725657,-0.04219621763454821,0.028712479554548614
sample_1035,False,ok,multi_seed_output\seed_1_S302109584\airfoils\sample_1035.dat,0.08643438880448535,0.3667334669338677,1.4831992908165281e-08,1.3166409172996052e-08,0.1313292824190909,0.15037059634235747,0.18125868142539067,0.17318951273883423,0.10483688237314095,0.1836615953866978,-0.1392538334738371,-0.010056593382228585,-0.07890034262038778,-0.07681674342661121,-0.08120574544031788,-0.05145172742558126
sample_1036,False,ok,multi_seed_output\seed_1_S302109584\airfoils\sample_1036.dat,0.10514434018270163,0.39078156312625245,1.4831992908165281e-08,1.3166409172996052e-08,0.16810661022122164,0.14736276210388785,0.26620936545653007,0.24198293514973485,0.16538908431809027,0.19691465647501233,-0.024075599139348536,-0.06482328211595001,-0.0804678276963265,-0.06255539177962435,-0.03411303082280205,0.02986980427822103
sample_1037,False,ok,multi_seed_output\seed_1_S302109584\airfoils\sample_1037.dat,0.0900861512296488,0.2665330661322645,1.4831992908165281e-08,1.3166409172996052e-08,0.11412905317975451,0.2633507780761734,0.160715950779223,0.17962686921416243,0.21532114362688431,0.22022893664352064,-0.051886410187434645,-0.0930354109031081,0.007425616398014229,0.0030344833427566748,0.001405417056727143,0.0006308193113955807
sample_1038,False,ok,multi_seed_output\seed_1_S302109584\airfoils\sample_1038.dat,0.10108199831774087,0.26452905811623245,1.4831992908165281e-08,1.3166409172996052e-08,0.17927055699317765,0.1964277526170368,0.24158009559455093,0.14061804703221392,0.18683264715488146,0.11021155442102117,-0.08514336693651527,-0.11517203145693039,-0.0073812390928676,-0.019417764976555035,-0.04661625258943177,-0.05402551155668584
sample_1039,False,ok,multi_seed_output\seed_1_S302109584\airfoils\sample_1039.dat,0.09142340330195065,0.2004008016032064,1.4831992908165281e-08,1.3166409172996052e-08,0.18553245234729382,0.20204039881233435,0.16868222986908762,0.13710568694032366,0.12581948385072433,0.18977995537215217,-0.13409676105090218,-0.05764640348120968,-0.004794415168099725,-0.01448399686295744,-0.04009544884317698,-0.07675301146646289
sample_1040,False,ok,multi_seed_output\seed_1_S302109584\airfoils\sample_1040.dat,0.08731511466998816,0.3366733466933867,1.4831992908165281e-08,1.3166409172996052e-08,0.12200409993435142,0.18056341985943813,0.16435437186881857,0.19837186141785002,0.12890412480156588,0.20185438371979897,-0.02805761190330637,-0.1113459220866455,-0.01058465518644991,-0.08388579544253676,-0.02178087842214277,0.023142769252215686
sample_1041,False,ok,multi_seed_output\seed_1_S302109584\airfoils\sample_1041.dat,0.11362102858691693,0.2444889779559118,1.4831992908165281e-08,1.3166409172996052e-08,0.21901764842057087,0.22983922459563222,0.24345060932377233,0.19979366921854302,0.1585988729998393,0.09433387473414062,-0.13158817044140694,-0.0960707930006223,-0.013811003160253507,-0.027348520885737373,-0.03773049608514311,-0.06523857749844583
sample_1042,False,ok,multi_seed_output\seed_1_S302109584\airfoils\sample_1042.dat,0.10611408711175024,0.25851703406813625,1.4831992908165281e-08,1.3166409172996052e-08,0.15933660657234605,0.2328573680241121,0.27130881814724894,0.12646422471785132,0.18469670442271133,0.1321433096386259,-0.14563260697575786,-0.06216510927445668,-0.02081848220354844,-0.034443481306333824,0.01754181289607125,-0.04752637099922245
sample_1043,False,ok,multi_seed_output\seed_1_S302109584\airfoils\sample_1043.dat,0.07619612051506197,0.1943887775551102,1.4831992908165281e-08,1.3166409172996052e-08,0.17180886044703939,0.157957841195079,0.16669686792111,0.180319964413289,0.15944212812373593,0.14113136935566192,-0.13564626943461097,-0.006870707913351773,-0.0008437095331900318,0.004935956352602758,-0.05354795915530797,0.035078961140189796
sample_1044,False,ok,multi_seed_output\seed_1_S302109584\airfoils\sample_1044.dat,0.08278863603987906,0.31462925851703405,1.4831992908165281e-08,1.3166409172996052e-08,0.19166107842738012,0.15958017212160455,0.1921422527692505,0.13952631630327633,0.16225478573315577,0.21541605425123975,-0.046633899305262724,-0.05835365294114239,-0.008332413373893094,-0.07336307082799931,-0.0698590105304765,-0.05707057628608146
sample_1045,False,ok,multi_seed_output\seed_1_S302109584\airfoils\sample_1045.dat,0.09387311054707083,0.23847695390781562,1.4831992908165281e-08,1.3166409172996052e-08,0.22770201385561412,0.18186773325761632,0.1848556085732789,0.18187543822360702,0.22647698433947366,0.17538300051156777,-0.08202598776680776,-0.06855551100342241,-0.04053987620781482,0.012663172374186363,0.009948803925276556,0.04427284425287509
sample_1046,False,ok,multi_seed_output\seed_1_S302109584\airfoils\sample_1046.dat,0.09970905209851867,0.25250501002004005,1.4831992908165281e-08,1.3166409172996052e-08,0.18197088624920293,0.26858733427530646,0.1623307107943584,0.16878991739692628,0.11415213295246177,0.14788482603666914,-0.04593270231005783,-0.09917017729100608,-0.014695085790947665,-0.027797031787377774,-0.04193677829528726,0.0306044170877504
sample_1047,False,ok,multi_seed_output\seed_1_S302109584\airfoils\sample_1047.dat,0.10346563236685682,0.25851703406813625,1.4831992908165281e-08,1.3166409172996052e-08,0.1944243849497882,0.17923805567695594,0.1689300624356276,0.2234883963211399,0.14772237051179687,0.18085767925611657,-0.1325783948650577,-0.10290173270100925,-0.05969133167829755,-0.04148594646428517,-0.04446848421416868,-0.059664404957034456
sample_1048,False,ok,multi_seed_output\seed_1_S302109584\airfoils\sample_1048.dat,0.10035541249803834,0.3306613226452906,1.4831992908165281e-08,1.3166409172996052e-08,0.2045884942763412,0.14945160315775236,0.18344811482277742,0.1576267174451027,0.19747705118089506,0.22339697837554395,-0.053631421954229916,-0.11257873882490585,-0.08528920468251261,-0.08377146298349629,-0.07036979413483878,-0.07131775602585462
sample_1049,False,ok,multi_seed_output\seed_1_S302109584\airfoils\sample_1049.dat,0.0744138826512612,0.26452905811623245,1.4831992908165281e-08,1.3166409172996052e-08,0.12302892326258999,0.20181700399081282,0.16092709213745368,0.1371632358391328,0.11720899819615847,0.09775503979406275,-0.03611818604707365,-0.0615179652205032,-0.0032165125348545126,0.004448278537845171,0.034977681165134486,0.010662983721884817
sample_1050,False,ok,multi_seed_output\seed_1_S302109584\airfoils\sample_1050.dat,0.09007903693382381,0.25250501002004005,1.4831992908165281e-08,1.3166409172996052e-08,0.15361515688133986,0.2281817556485084,0.1518824115965666,0.17491503447076884,0.18102832815729883,0.2191588042166852,-0.0507673432536917,-0.11559764202501607,0.017295717688863968,-0.012373120703097165,-0.06127333636591019,-0.024516957609120045
sample_1051,False,ok,multi_seed_output\seed_1_S302109584\airfoils\sample_1051.dat,0.10582363533208933,0.3226452905811623,1.4831992908165281e-08,1.3166409172996052e-08,0.1556749151424393,0.22383617271301803,0.2192849037706029,0.20860359596698735,0.2159184983016586,0.12058508640554705,-0.05553390492043456,-0.08137798649065739,-0.09297521539429042,0.01878998801403077,-0.07384307916751516,0.012160133709724116
sample_1052,False,ok,multi_seed_output\seed_1_S302109584\airfoils\sample_1052.dat,0.09422612261693192,0.3306613226452906,1.4831992908165281e-08,1.3166409172996052e-08,0.16976789740596174,0.18875430940902418,0.17324417002752915,0.19312170170171655,0.1821745717699747,0.13690251847920207,-0.07404976324676607,-0.04481147714402345,-0.09448394049541999,-0.04256394903175752,-0.01552377354030754,-0.03606020809341762
sample_1053,False,ok,multi_seed_output\seed_1_S302109584\airfoils\sample_1053.dat,0.11848706286136891,0.250501002004008,1.4831992908165281e-08,1.3166409172996052e-08,0.22308408635163823,0.2605246142575718,0.15934616607458954,0.24906682198015095,0.14579843622706612,0.21392665035276373,-0.1397482305735283,-0.082142698790376,-0.09181725393157168,-0.04218792349352406,-0.012605586815626124,0.0010259725615558157
sample_1054,False,ok,multi_seed_output\seed_1_S302109584\airfoils\sample_1054.dat,0.09047798266256898,0.3246492985971944,1.4831992908165281e-08,1.3166409172996052e-08,0.15487136825519443,0.23684700514935467,0.22512568008848857,0.15856810009414685,0.16934683501953568,0.15882575821747447,-0.05455394476054186,0.005776058702031184,-0.05363734512572847,-0.02688740898676925,-0.03254221736642483,-0.02754440634177515
sample_1055,False,ok,multi_seed_output\seed_1_S302109584\airfoils\sample_1055.dat,0.10203939032125027,0.3166332665330661,1.4831992908165281e-08,1.3166409172996052e-08,0.16256886088085243,0.2448515269165477,0.25107300016230794,0.24469127459862278,0.17944055283276172,0.19009952424316867,-0.02542908562514154,-0.0947738003255243,0.01926798169751008,-0.0022598029012244614,-0.06996600251231315,-0.046082144668303036
sample_1056,False,ok,multi_seed_output\seed_1_S302109584\airfoils\sample_1056.dat,0.08858680585929193,0.2885771543086172,1.4831992908165281e-08,1.3166409172996052e-08,0.15730292030660625,0.20040035505844395,0.1890695566041541,0.2113297390894002,0.20941891672672674,0.11749196741670467,-0.14293176244531045,-0.0062199551863857255,-0.02677079274285052,-0.04023379270849867,-0.003087564556919567,0.0374903611418296
sample_1057,False,ok,multi_seed_output\seed_1_S302109584\airfoils\sample_1057.dat,0.09052122489837741,0.23046092184368736,1.4831992908165281e-08,1.3166409172996052e-08,0.22081330346473552,0.1586026083608104,0.14515122664970964,0.20392145581221166,0.16843471211857008,0.196773691269517,-0.07352609195120201,-0.10301585444150946,-0.03496623563512012,0.007309433126572562,-0.0062735137639786664,-0.026055304703310002
sample_1058,False,ok,multi_seed_output\seed_1_S302109584\airfoils\sample_1058.dat,0.10583868296388045,0.25250501002004005,1.4831992908165281e-08,1.3166409172996052e-08,0.21223518567712574,0.21572839421550716,0.18316003364259467,0.12946485170505984,0.1788302136333126,0.10178831383820032,-0.09043198634841981,-0.10414272528940369,-0.05394228084764604,-0.08030843358509686,-0.012121567866498706,-0.046566183775910354
sample_1059,False,ok,multi_seed_output\seed_1_S302109584\airfoils\sample_1059.dat,0.09615803708810336,0.34669338677354705,1.4831992908165281e-08,1.3166409172996052e-08,0.11927891134819156,0.2007100840127174,0.18870428067947773,0.23829708416339868,0.18590306129076756,0.1989348765276433,-0.08760634691372939,-0.0885509488566792,-0.020007804352460107,-0.043868323878288984,-0.08073762284365538,-0.06011642351381288
sample_1060,False,ok,multi_seed_output\seed_1_S302109584\airfoils\sample_1060.dat,0.08308458693714914,0.2725450901803607,1.4831992908165281e-08,1.3166409172996052e-08,0.15943561285895133,0.17778654674702982,0.15491376087424097,0.14186385533806128,0.14680595755412865,0.19999270098239597,-0.08296576306955274,-0.040155271535353795,-0.08571323566711402,0.02200661402465673,-0.06341833373573835,-0.03689643890571775
sample_1061,False,ok,multi_seed_output\seed_1_S302109584\airfoils\sample_1061.dat,0.10039461656939186,0.21843687374749496,1.4831992908165281e-08,1.3166409172996052e-08,0.19765995347315324,0.22018030196479457,0.18278905706853743,0.1583528723447879,0.12206783114580735,0.13849302338803923,-0.11804136761769313,-0.0962637143128923,0.004427521034817666,-0.017506098877499474,-0.09024485061128253,-0.0816048727770534
sample_1062,False,ok,multi_seed_output\seed_1_S302109584\airfoils\sample_1062.dat,0.10655009998878302,0.23847695390781562,1.4831992908165281e-08,1.3166409172996052e-08,0.20737107196225285,0.2528739860862308,0.2213769146153725,0.21069770796929266,0.13530898124281282,0.09517529013686349,-0.11834233709569845,-0.05640151860236604,-0.023864523734601614,0.022142015369407714,-0.07163497394334628,-0.04593994315955845
sample_1063,False,ok,multi_seed_output\seed_1_S302109584\airfoils\sample_1063.dat,0.09917551119881213,0.2725450901803607,1.4831992908165281e-08,1.3166409172996052e-08,0.20714572877120493,0.197041703161479,0.15325082702178638,0.2418674731059337,0.15922098036690813,0.12590772566298924,-0.06890487898871887,-0.08581754603410047,-0.09568445646750968,0.030463980450675845,0.013755703205481876,-0.01649208079056874
sample_1064,False,ok,multi_seed_output\seed_1_S302109584\airfoils\sample_1064.dat,0.10101677197290215,0.2725450901803607,1.4831992908165281e-08,1.3166409172996052e-08,0.23137859591417206,0.19069607133796396,0.2487981720302085,0.196015407353302,0.11836535029237095,0.18681492073382205,-0.09538297300427684,-0.05804856239606445,-0.014381034301757536,-0.03999429765046658,-0.06564646765587992,0.009462157011022126
sample_1065,False,ok,multi_seed_output\seed_1_S302109584\airfoils\sample_1065.dat,0.09213990968542055,0.25250501002004005,1.4831992908165281e-08,1.3166409172996052e-08,0.21817327816401472,0.20743685920613542,0.15700355839717148,0.16820717738261087,0.13085591751076636,0.20844139752384688,-0.041393199427714536,-0.0657040734187112,-0.07824333001966494,0.028915466638491913,0.024022192847506688,-0.056442734785330406
sample_1066,False,ok,multi_seed_output\seed_1_S302109584\airfoils\sample_1066.dat,0.09937549460715328,0.3667334669338677,1.4831992908165281e-08,1.3166409172996052e-08,0.2023568411813367,0.17029149282122544,0.2131606064354839,0.2303268110948225,0.12800423145738812,0.17912140253986564,-0.09644744682497947,-0.009087114898763099,-0.09232213208082526,-0.07926653669741734,-0.03510049053408301,0.044750904960373095
sample_1067,False,ok,multi_seed_output\seed_1_S302109584\airfoils\sample_1067.dat,0.08864767426899872,0.31462925851703405,1.4831992908165281e-08,1.3166409172996052e-08,0.13515592388476302,0.14712831758532643,0.22090779250618453,0.12744245992845546,0.18457374200966814,0.19153959783873803,-0.097994291972308,-0.054921397694205724,-0.08332215989751024,-0.02261996264453911,0.014607251905875973,0.0004643554222504981
sample_1068,False,ok,multi_seed_output\seed_1_S302109584\airfoils\sample_1068.dat,0.08997129097582557,0.39078156312625245,1.4831992908165281e-08,1.3166409172996052e-08,0.1783904273601045,0.14684985841587878,0.24606411688414256,0.22266408399442617,0.17434063649890544,0.13657179106527179,-0.1286013530556761,0.004876328268935692,-0.00810443834019034,-0.09607953248895325,-0.00923507170981544,0.04100493651112036
sample_1069,False,ok,multi_seed_output\seed_1_S302109584\airfoils\sample_1069.dat,0.09955841884583266,0.2865731462925851,1.4831992908165281e-08,1.3166409172996052e-08,0.2220429289291741,0.24620192664582186,0.24204580656071334,0.17563794081913234,0.2186928569429149,0.1644798026786165,-0.05375151767856749,-0.029181903089209413,-0.014484952479597413,-0.01994918698947286,-0.08191935308374025,-0.00725013189132577
sample_1070,False,ok,multi_seed_output\seed_1_S302109584\airfoils\sample_1070.dat,0.11182627233047011,0.2665330661322645,1.4831992908165281e-08,1.3166409172996052e-08,0.20152113003594055,0.24323020412635324,0.25997884805761395,0.1289258637156258,0.23144523261423153,0.20314359410294824,-0.11088271412565201,-0.0830439308610316,-0.015115641022732287,-0.08585483784530412,0.020379413195832655,0.00524404028931745
sample_1071,False,ok,multi_seed_output\seed_1_S302109584\airfoils\sample_1071.dat,0.08578949671038731,0.3226452905811623,1.4831992908165281e-08,1.3166409172996052e-08,0.1566430845526073,0.15177288248736562,0.15844398801678514,0.24317792707969582,0.19884729660924638,0.19721744871263197,-0.061236250214264945,-0.10754194931916397,-0.014084993549387442,0.004769946912881129,-0.08398541078562771,-0.06374049286266706
sample_1072,False,ok,multi_seed_output\seed_1_S302109584\airfoils\sample_1072.dat,0.09215298857428288,0.23847695390781562,1.4831992908165281e-08,1.3166409172996052e-08,0.20295956077392058,0.20959387104224345,0.2355770916118959,0.14997588905188572,0.12111955575728199,0.17810381047775334,-0.07600062224557395,-0.05855539164899618,0.016896311312451964,-0.009986105204756873,0.02334861958707793,0.01701650257151313
sample_1073,False,ok,multi_seed_output\seed_1_S302109584\airfoils\sample_1073.dat,0.10753747408971802,0.2444889779559118,1.4831992908165281e-08,1.3166409172996052e-08,0.20898566373581412,0.20867206878606825,0.1780882483027607,0.1956448313735457,0.131249647157358,0.1033889482043103,-0.12714401493533434,-0.08390976749202185,-0.09945012929231785,0.012816321645493844,0.007651430579217924,-0.060743970484586504
sample_1074,False,ok,multi_seed_output\seed_1_S302109584\airfoils\sample_1074.dat,0.10010795985978765,0.25250501002004005,1.4831992908165281e-08,1.3166409172996052e-08,0.22162287259738264,0.23161295101926155,0.15110154169036674,0.22679003776332834,0.201280483406863,0.18013093063370475,-0.10941350162198063,-0.050607982881500896,-0.0196210024354945,-0.09075676800170304,-0.04521175574468763,-0.06532343057084015
sample_1075,False,ok,multi_seed_output\seed_1_S302109584\airfoils\sample_1075.dat,0.09700320295814607,0.3006012024048096,1.4831992908165281e-08,1.3166409172996052e-08,0.1737748175289327,0.1889492900492623,0.17614323258259024,0.1308921893210387,0.23021212049669718,0.2028868585141945,-0.0782400357858093,-0.08837069385462944,-0.06688477001877148,-0.07036719143152328,-0.07047231622196468,-0.045139927695198805
sample_1076,False,ok,multi_seed_output\seed_1_S302109584\airfoils\sample_1076.dat,0.0901859336624978,0.2004008016032064,1.4831992908165281e-08,1.3166409172996052e-08,0.2197645260489678,0.1940390453493521,0.20161646111718617,0.18331450513387898,0.16574339590213288,0.11156011073578519,-0.10867219262728933,-0.04383370851781729,0.020211516006329103,0.0178215597618938,-0.04670113963606691,-0.015667693422691073
sample_1077,False,ok,multi_seed_output\seed_1_S302109584\airfoils\sample_1077.dat,0.0891806238808307,0.280561122244489,1.4831992908165281e-08,1.3166409172996052e-08,0.14748040909630103,0.2175948601111749,0.15903131272132062,0.23956291007892977,0.11561919009191814,0.21504452942069022,-0.11599712831984452,-0.0306544836500173,-0.039436257006770434,-0.0027099445767527763,-0.04597935779023623,-0.06202732280050666
sample_1078,False,ok,multi_seed_output\seed_1_S302109584\airfoils\sample_1078.dat,0.08728365526241488,0.23847695390781562,1.4831992908165281e-08,1.3166409172996052e-08,0.20496995000332202,0.2064000551873968,0.22632956421131478,0.17871196132868228,0.22589618080341528,0.1264054274002307,-0.10449366928703957,-0.0016158727963552638,0.0024309308058245993,0.010825812008146377,0.027183525066938496,-0.07364682778474947
sample_1079,False,ok,multi_seed_output\seed_1_S302109584\airfoils\sample_1079.dat,0.10753377526896092,0.3166332665330661,1.4831992908165281e-08,1.3166409172996052e-08,0.16585082881344074,0.1978005478275285,0.26817842004995207,0.1454937155417302,0.10667753612759524,0.2189785367030078,-0.10094522713479488,-0.06811139185810638,-0.06733923776539577,-0.08561103185974328,-0.061066956390489015,-0.007020971807153359
sample_1080,False,ok,multi_seed_output\seed_1_S302109584\airfoils\sample_1080.dat,0.10716543296568551,0.2665330661322645,1.4831992908165281e-08,1.3166409172996052e-08,0.20944945118762254,0.26734876937003604,0.1912508684763039,0.17402602089040192,0.14311538948769878,0.20198418323076833,-0.04775862898169146,-0.09103225918900644,-0.03629093281682967,-0.0390650853680201,-0.09371435731469521,-0.033049512448515624
sample_1081,False,ok,multi_seed_output\seed_1_S302109584\airfoils\sample_1081.dat,0.08425194875860761,0.3306613226452906,1.4831992908165281e-08,1.3166409172996052e-08,0.16846588902884824,0.21276868683631622,0.17006927512767542,0.24685731598890887,0.22993382006416702,0.14303375490452375,-0.0932297949032376,-0.006523669090977152,-0.005939543994662899,-0.004395206821274256,-0.06737585330674535,-0.026337161238402122
sample_1082,False,ok,multi_seed_output\seed_1_S302109584\airfoils\sample_1082.dat,0.1032406173538763,0.280561122244489,1.4831992908165281e-08,1.3166409172996052e-08,0.22942035740447186,0.2731553732950033,0.25844828361878247,0.22412451714464346,0.16656479819252784,0.20744718040438717,-0.049078828457689516,-0.008742689759333414,-0.03074011567990896,0.03151004354892313,-0.013788775878545226,-0.08312229766119708
sample_1083,False,ok,multi_seed_output\seed_1_S302109584\airfoils\sample_1083.dat,0.09267221895212709,0.41482965931863724,1.4831992908165281e-08,1.3166409172996052e-08,0.1314380085472513,0.14845517585020368,0.259152250365612,0.21372758107345452,0.17098845445552055,0.21180493912554083,-0.10154030933618113,-0.007496288890299838,-0.026248484250353393,-0.08428634771102468,-0.02922004825440179,-0.06282248519408938
sample_1084,False,ok,multi_seed_output\seed_1_S302109584\airfoils\sample_1084.dat,0.10323617526930029,0.22645290581162322,1.4831992908165281e-08,1.3166409172996052e-08,0.20757530324199353,0.2352378075375429,0.2180784615354264,0.2051900231364288,0.13668943248643123,0.15560283083268367,-0.12297406079778518,-0.07397471039428709,0.024275110883732368,-0.018453226493102173,-0.05017453275271372,-0.021919801608769718
sample_1085,False,ok,multi_seed_output\seed_1_S302109584\airfoils\sample_1085.dat,0.10621804996421567,0.3386773547094188,1.4831992908165281e-08,1.3166409172996052e-08,0.1906865294684763,0.1551539029290596,0.2649119768355821,0.2100380826390567,0.14036399310195175,0.1034679208283276,-0.058965986639645224,-0.09630820742222776,-0.06544777117771444,-0.05527543838424616,-0.038717497809382995,-0.00950728124248855
sample_1086,False,ok,multi_seed_output\seed_1_S302109584\airfoils\sample_1086.dat,0.07562248113607127,0.280561122244489,1.4831992908165281e-08,1.3166409172996052e-08,0.12489496159189972,0.1788101371248123,0.15205856993830308,0.14152745765504227,0.20249349574800637,0.16995800956433796,-0.09277772072399221,-0.025093860697986595,-0.04937588278542667,-0.0004068222328459242,0.006035638870474702,0.0436933122562817
sample_1087,False,ok,multi_seed_output\seed_1_S302109584\airfoils\sample_1087.dat,0.11630733072215022,0.2665330661322645,1.4831992908165281e-08,1.3166409172996052e-08,0.23052186540225603,0.21125075213307254,0.2613108461635101,0.22597685723610197,0.1825754754130348,0.2026699796760083,-0.1054075549081533,-0.10799198014474398,-0.0517792367272837,0.028009569491239783,-0.0637398339255051,0.03334794251643494
sample_1088,False,ok,multi_seed_output\seed_1_S302109584\airfoils\sample_1088.dat,0.08625049323718668,0.280561122244489,1.4831992908165281e-08,1.3166409172996052e-08,0.1738555330068861,0.23277439148883958,0.1836904724445691,0.24435760478695545,0.15353810043688793,0.17619750994875777,-0.08409217891868406,-0.01888488085100741,0.024386070853897893,-0.019563069211203737,-0.06332154852876797,-0.024677358618820484
sample_1089,False,ok,multi_seed_output\seed_1_S302109584\airfoils\sample_1089.dat,0.09168049638344147,0.3306613226452906,1.4831992908165281e-08,1.3166409172996052e-08,0.11205663101551196,0.2350461370116919,0.16377646260015968,0.21541607240006577,0.12343646262888928,0.19614225368384414,-0.11273046748698048,0.009963818196837226,-0.09817835319517682,-0.047870048608906576,0.02130847172446003,0.022158700422542435
sample_1090,False,ok,multi_seed_output\seed_1_S302109584\airfoils\sample_1090.dat,0.08842773367119175,0.34669338677354705,1.4831992908165281e-08,1.3166409172996052e-08,0.12999377262351733,0.18581434678806485,0.2417539484768218,0.21683791328335017,0.15158163454553852,0.1388294363882899,-0.020293976544597275,-0.05346800948696256,-0.025303966260647348,-0.0028709307710821502,-0.0010464693227030808,0.007584285467316432
sample_1091,False,ok,multi_seed_output\seed_1_S302109584\airfoils\sample_1091.dat,0.0660397344822013,0.4228456913827655,1.4831992908165281e-08,1.3166409172996052e-08,0.1361142376229366,0.15688482440194598,0.16066681787615414,0.22312303079333268,0.20419405692340428,0.11088068766069656,-0.028383448410851136,0.0015424495965972451,-0.00028943041832474314,0.03309171908269316,-0.05457423860945992,-0.031909423892246686
sample_1092,False,ok,multi_seed_output\seed_1_S302109584\airfoils\sample_1092.dat,0.08720701798768993,0.2945891783567134,1.4831992908165281e-08,1.3166409172996052e-08,0.20908285199939747,0.1793025945394469,0.1450574252200143,0.1535374548180937,0.15396450927776678,0.14914868809287787,-0.07868697041632672,-0.018759279534251605,-0.0888777284825743,-0.07449104532709827,-0.019306157089357304,-0.031651812546003764
sample_1093,False,ok,multi_seed_output\seed_1_S302109584\airfoils\sample_1093.dat,0.09816240336223606,0.2725450901803607,1.4831992908165281e-08,1.3166409172996052e-08,0.1803206915476514,0.24187729602248542,0.16287020477439967,0.2078076450452631,0.15520015412397836,0.11405285063356821,-0.04112854196915908,-0.07940133260014104,-0.07943257177150329,0.03220455744494803,0.0331537695644097,-0.026462022990091726
sample_1094,False,ok,multi_seed_output\seed_1_S302109584\airfoils\sample_1094.dat,0.12069219992984828,0.24649298597194386,1.4831992908165281e-08,1.3166409172996052e-08,0.22745174156722645,0.25130643847825757,0.2562379433325182,0.17684272190302738,0.1179001980634869,0.1859503299361606,-0.12137927695121584,-0.1115402682554488,-0.02430229251784216,-0.034020386728753425,-0.07626422993478454,-0.014658235312986462
sample_1095,False,ok,multi_seed_output\seed_1_S302109584\airfoils\sample_1095.dat,0.1083296899731391,0.22645290581162322,1.4831992908165281e-08,1.3166409172996052e-08,0.224590107211055,0.25900443687983865,0.24106122203099906,0.1323679561604675,0.12837293375051848,0.1511992524771137,-0.1345292991523365,-0.0325868702141255,-0.020937512626416008,-0.055081242864914476,-0.0017030200611458934,0.01739217143587525
sample_1096,False,ok,multi_seed_output\seed_1_S302109584\airfoils\sample_1096.dat,0.09352140404785388,0.21843687374749496,1.4831992908165281e-08,1.3166409172996052e-08,0.22691813673816447,0.17442793753657132,0.2229886613578781,0.14719219711629764,0.22222785435089898,0.20055490845180168,-0.14318275685977394,-0.012672650711584799,-0.03622559312127846,-0.013051370910799123,-0.05660106593432942,-0.04283690967197974
sample_1097,False,ok,multi_seed_output\seed_1_S302109584\airfoils\sample_1097.dat,0.0938617264415611,0.25250501002004005,1.4831992908165281e-08,1.3166409172996052e-08,0.11185110114963587,0.2320914798206718,0.19917911698130455,0.16373992676155824,0.11805356220458985,0.09547891903327779,-0.12055608018073523,-0.07974252283516692,-0.017549996348741603,0.023525647554727802,-0.03442221246911595,0.00020379478034419918
sample_1098,False,ok,multi_seed_output\seed_1_S302109584\airfoils\sample_1098.dat,0.08944490594477408,0.2665330661322645,1.4831992908165281e-08,1.3166409172996052e-08,0.19740080271324584,0.14837402616805279,0.21709526898175993,0.1994909401355865,0.20410905423710174,0.20279074415335563,-0.07168522658293097,-0.09812704251396448,0.0014449861050991886,0.010762741165600206,-0.01624834264548565,0.00445347112298361
sample_1099,False,ok,multi_seed_output\seed_1_S302109584\airfoils\sample_1099.dat,0.0792585120087705,0.280561122244489,1.4831992908165281e-08,1.3166409172996052e-08,0.1995488345930836,0.14553790703967093,0.2628509044927088,0.15332743549327324,0.11484269376259752,0.17629668333956322,-0.07967343070657851,-0.0073887775849565684,0.001986991587643927,0.004193427261969987,-0.01131317987406287,-0.04234446614346479
sample_1100,False,ok,multi_seed_output\seed_1_S302109584\airfoils\sample_1100.dat,0.10687549174108847,0.2865731462925851,1.4831992908165281e-08,1.3166409172996052e-08,0.14290558345984805,0.26397660419446245,0.21388011588594655,0.1513324138918743,0.22580031617573754,0.1301531282482801,-0.057071709477341345,-0.08515622376783383,-0.09692347445445262,0.02399113639946654,0.01730198519141525,-0.044538395515865366
sample_1101,False,ok,multi_seed_output\seed_1_S302109584\airfoils\sample_1101.dat,0.09087586731321359,0.3306613226452906,1.4831992908165281e-08,1.3166409172996052e-08,0.19744043906791783,0.16524186164451996,0.22555832126237302,0.25409472233131203,0.2171137467325181,0.112727420550626,-0.04043316944851506,-0.0689835128697216,-0.01031451285858509,0.0037918251015983534,0.014899863731455604,-0.002413357149546727
sample_1102,False,ok,multi_seed_output\seed_1_S302109584\airfoils\sample_1102.dat,0.09903106923942098,0.3226452905811623,1.4831992908165281e-08,1.3166409172996052e-08,0.13082275139887378,0.22284142438122045,0.1922527602545212,0.12834761840812345,0.10301503094232306,0.18880687683511366,-0.03585890308633011,-0.0825576666471518,-0.0897027423738183,-0.08372104871842655,-0.03648725498201863,-0.06878815282443104
sample_1103,False,ok,multi_seed_output\seed_1_S302109584\airfoils\sample_1103.dat,0.10754122694543723,0.3306613226452906,1.4831992908165281e-08,1.3166409172996052e-08,0.1887950487706657,0.16893781116300527,0.22598269406546234,0.23361639788820443,0.18628061441253066,0.11738017001842878,-0.06695882522910111,-0.10587400212699476,-0.08633298172743456,-0.022013099069409375,-0.046375392424317693,-0.06965417855987804
sample_1104,False,ok,multi_seed_output\seed_1_S302109584\airfoils\sample_1104.dat,0.11432044548415891,0.21843687374749496,1.4831992908165281e-08,1.3166409172996052e-08,0.2167426263443508,0.2549705498913931,0.1940374513299209,0.19188061112988664,0.18281814609074226,0.1294634042805442,-0.14673850560781715,-0.10618650642077618,0.012932774152126403,-0.06493631380883302,-0.05774730529204876,0.03356390683197122
sample_1105,False,ok,multi_seed_output\seed_1_S302109584\airfoils\sample_1105.dat,0.08192456355786619,0.2665330661322645,1.4831992908165281e-08,1.3166409172996052e-08,0.16848922101753028,0.2040565058993396,0.1591519035363192,0.12792941617790485,0.1655476129722515,0.21674241124003332,-0.07625356475821335,-0.030427602057180744,-0.01646164416033219,-0.07384356669781446,-0.0472678663489249,0.03671263190748643
sample_1106,False,ok,multi_seed_output\seed_1_S302109584\airfoils\sample_1106.dat,0.07829358120166768,0.21442885771543085,1.4831992908165281e-08,1.3166409172996052e-08,0.16654088980930032,0.16384088908240393,0.15235169643564261,0.12495450503799997,0.19633232749796115,0.13681293013260953,-0.08014740481414949,-0.0841104411352332,0.011534971201201366,0.02087573585931815,-0.09348324004169957,-0.011623566709000943
sample_1107,False,ok,multi_seed_output\seed_1_S302109584\airfoils\sample_1107.dat,0.10971133705477837,0.2665330661322645,1.4831992908165281e-08,1.3166409172996052e-08,0.21320814038057093,0.2316960142095566,0.2545841786286965,0.20957505266422286,0.15886360441802294,0.11137918248856174,-0.14217275472081556,-0.03680178266316103,-0.04678164244424515,-0.0034101725325090815,-0.07543025196194851,-0.05934373194929221
sample_1108,False,ok,multi_seed_output\seed_1_S302109584\airfoils\sample_1108.dat,0.088745219273137,0.2945891783567134,1.4831992908165281e-08,1.3166409172996052e-08,0.21996119141255416,0.2359052826095555,0.17040622911252304,0.19692005264708295,0.12878697480890278,0.15861054037477607,-0.038299052655790075,0.0013350588793419327,-0.04369144776377094,-0.053433353699971535,-0.008004774753768054,-0.035251848486854934
sample_1109,False,ok,multi_seed_output\seed_1_S302109584\airfoils\sample_1109.dat,0.07698198355310708,0.34669338677354705,1.4831992908165281e-08,1.3166409172996052e-08,0.11574782944325897,0.16730211423033692,0.20571335358080645,0.15144685505950148,0.14992601787319706,0.17863972070730263,-0.04247629838534808,-0.0021634040936211463,-0.07341510117561781,0.000558983590932205,0.019994415639628726,-0.07485141464427549
sample_1110,False,ok,multi_seed_output\seed_1_S302109584\airfoils\sample_1110.dat,0.10131135739145994,0.4048096192384769,1.4831992908165281e-08,1.3166409172996052e-08,0.11889240321145711,0.1651276894461131,0.2175815242099826,0.2358581492570555,0.21940170130808245,0.09891641836106645,-0.0635543857579071,-0.06095857254626109,-0.08387593352871003,-0.04781199550224112,-0.09343638378543472,0.03748019141188015
sample_1111,False,ok,multi_seed_output\seed_1_S302109584\airfoils\sample_1111.dat,0.09736403588084043,0.25250501002004005,1.4831992908165281e-08,1.3166409172996052e-08,0.12634182870701402,0.2480932777878317,0.23931711740571693,0.12550528761583596,0.18849235925298263,0.21809936822893586,-0.13191124980214655,-0.0674549732046148,0.027512887254413657,-0.028760714240767496,-0.07709971548085162,-0.030155353816667993
sample_1112,False,ok,multi_seed_output\seed_1_S302109584\airfoils\sample_1112.dat,0.11286258855850878,0.280561122244489,1.4831992908165281e-08,1.3166409172996052e-08,0.17831931426422426,0.2661809133631124,0.18595575522822805,0.21811759705551328,0.10646638819759797,0.12334873072997365,-0.0636866611189035,-0.11059645729409662,-0.07874472083599791,-0.02213821476979827,-0.010175836367317323,-0.04078137833063516
sample_1113,False,ok,multi_seed_output\seed_1_S302109584\airfoils\sample_1113.dat,0.09163898317860524,0.3386773547094188,1.4831992908165281e-08,1.3166409172996052e-08,0.1344052438490869,0.16716173010579233,0.17162612313962808,0.15238933752397016,0.12375624544288573,0.21782781085000366,-0.0971432191019257,-0.05216995097455662,-0.09717148907504283,-0.07488700998903172,-0.08720017229487839,0.03457552250242396
sample_1114,False,ok,multi_seed_output\seed_1_S302109584\airfoils\sample_1114.dat,0.10893486518212724,0.3547094188376753,1.4831992908165281e-08,1.3166409172996052e-08,0.16872039775613767,0.24028788510647558,0.2322415862500655,0.21380926412694817,0.18740818032405104,0.10964178082359609,-0.0846252352755427,-0.02617694367040481,-0.07712086005610533,-0.07501739420819432,-0.08603878421459521,-0.05865570941514689
sample_1115,False,ok,multi_seed_output\seed_1_S302109584\airfoils\sample_1115.dat,0.10229858066047261,0.30260521042084165,1.4831992908165281e-08,1.3166409172996052e-08,0.16512712425995424,0.15400689166856446,0.2522955336399585,0.20085956221165768,0.1514530493671872,0.1123584754748596,-0.12758032078564058,-0.10009819280861967,-0.028399181062188944,-0.06353421276180576,0.00787411568926659,-0.054371171929598464
sample_1116,False,ok,multi_seed_output\seed_1_S302109584\airfoils\sample_1116.dat,0.11369585311607482,0.2725450901803607,1.4831992908165281e-08,1.3166409172996052e-08,0.17694969503313862,0.262269473101214,0.23979870630811545,0.16190177006553597,0.11153240557903744,0.1353464534443981,-0.09528072085996839,-0.1039929595345626,-0.024697645001272597,-0.07560272051436165,-0.0271392429382446,-0.057404925047372754
sample_1117,False,ok,multi_seed_output\seed_1_S302109584\airfoils\sample_1117.dat,0.09492158082397466,0.2665330661322645,1.4831992908165281e-08,1.3166409172996052e-08,0.2182451714563789,0.2585726986299559,0.1740322675119086,0.19033790339153436,0.2316975429171556,0.15363660735822374,-0.05700540968465438,-0.016837908382788133,-0.044780877382929074,0.006343075567998194,-0.08126842950116975,0.04002510336546264
sample_1118,False,ok,multi_seed_output\seed_1_S302109584\airfoils\sample_1118.dat,0.10720804056671837,0.3006012024048096,1.4831992908165281e-08,1.3166409172996052e-08,0.22610568698099626,0.23054618636984353,0.2320028008324299,0.22173796071771423,0.1263994481881665,0.12262671886284962,-0.08276222110883263,-0.052459924998266586,-0.025151898341836537,-0.08351351561630954,-0.07614418764369682,0.008511146508754647
sample_1119,False,ok,multi_seed_output\seed_1_S302109584\airfoils\sample_1119.dat,0.08989659439028555,0.20440881763527052,1.4831992908165281e-08,1.3166409172996052e-08,0.21407584614595807,0.2011741244307224,0.15373677744604197,0.1713907014641072,0.13460943108443102,0.19494202983956863,-0.09361172268390668,-0.06860518031082767,0.013699495749729021,-0.02016624658352377,-0.08270817461670664,0.025221855372683954
sample_1120,False,ok,multi_seed_output\seed_1_S302109584\airfoils\sample_1120.dat,0.10219748387465782,0.3246492985971944,1.4831992908165281e-08,1.3166409172996052e-08,0.1856234338567469,0.15146454674273158,0.26582129357437867,0.22981278071395855,0.15844601055232288,0.10013820904590248,-0.13216439082165432,-0.05022941664392787,-0.06437668980503233,-0.007855970996611353,-0.05795212381626848,-0.019639822931539583
sample_1121,False,ok,multi_seed_output\seed_1_S302109584\airfoils\sample_1121.dat,0.08904309089542017,0.23847695390781562,1.4831992908165281e-08,1.3166409172996052e-08,0.19527804648012392,0.16202611559969327,0.1531167161024043,0.2338515151292754,0.1520278308291591,0.14315830093546192,-0.14049473271971583,-0.03130384431776949,-0.06624470668404905,-0.010608563504893753,0.029920342190976223,0.017842324098461218
sample_1122,False,ok,multi_seed_output\seed_1_S302109584\airfoils\sample_1122.dat,0.08282216232632475,0.30861723446893785,1.4831992908165281e-08,1.3166409172996052e-08,0.18898679025798243,0.16710221289804827,0.21007355654752768,0.12536789389364716,0.22788452491798783,0.19944818527722108,-0.08473647918948454,-0.021194644642414273,-0.014866090468113269,-0.052853163958116005,-0.07599932794387453,-0.024245951261224266
sample_1123,False,ok,multi_seed_output\seed_1_S302109584\airfoils\sample_1123.dat,0.10800517891924506,0.2745490981963928,1.4831992908165281e-08,1.3166409172996052e-08,0.20031346908839598,0.15830189247497642,0.2640664836382397,0.1551666226803262,0.2021434274144788,0.15668256606024822,-0.1430689581938046,-0.10112271014012693,-0.03999914841454176,-0.06764082126481842,-0.011682482153749632,-0.05972096897194777
sample_1124,False,ok,multi_seed_output\seed_1_S302109584\airfoils\sample_1124.dat,0.09336610446034709,0.2605210420841683,1.4831992908165281e-08,1.3166409172996052e-08,0.2031928658776314,0.19109913272182125,0.2290923839734,0.14552824975171025,0.12351919701164785,0.2126763778780118,-0.03695543801069119,-0.10609905144436779,0.018471146031887944,-0.044045472678714705,0.0024527695490215995,-0.05326915804425494
sample_1125,False,ok,multi_seed_output\seed_1_S302109584\airfoils\sample_1125.dat,0.09283519791608955,0.2444889779559118,1.4831992908165281e-08,1.3166409172996052e-08,0.18810689873483272,0.2283359103237544,0.18719492765301396,0.17596312772267536,0.19558482889834264,0.14271573096817874,-0.08023291185500381,-0.06183701622486174,-0.006130754346974535,0.00859988618832383,-0.022918743738417832,-0.027750862939912926
sample_1126,False,ok,multi_seed_output\seed_1_S302109584\airfoils\sample_1126.dat,0.10826222023618093,0.3306613226452906,1.4831992908165281e-08,1.3166409172996052e-08,0.14821366352186682,0.2639285707936395,0.268628808700519,0.1811237573457175,0.17449847343443742,0.18125966668230575,-0.09015750672201689,-0.02824064871179449,-0.04175157140669948,-0.06744078800973013,-0.0638490889896904,-0.005708226434758046
sample_1127,False,ok,multi_seed_output\seed_1_S302109584\airfoils\sample_1127.dat,0.1169335663691867,0.3006012024048096,1.4831992908165281e-08,1.3166409172996052e-08,0.1652938106120164,0.2712776557540632,0.23694048531500972,0.12508350814432964,0.12698670672865198,0.13329493963867617,-0.05334860415421287,-0.10466262054527134,-0.08303420940808245,-0.08642226952892956,-0.076430740517972,-0.0032689816519281406
sample_1128,False,ok,multi_seed_output\seed_1_S302109584\airfoils\sample_1128.dat,0.0784296207377575,0.3386773547094188,1.4831992908165281e-08,1.3166409172996052e-08,0.16108951583594425,0.16887313927021275,0.15742078992023142,0.20938802861779765,0.14559701624532193,0.1654054448504648,-0.09394062770525742,-0.029826011766436025,0.007134395004421298,-0.07108867892167857,-0.05684674578512993,-0.025822593228531844
sample_1129,False,ok,multi_seed_output\seed_1_S302109584\airfoils\sample_1129.dat,0.09401155637667992,0.3366733466933867,1.4831992908165281e-08,1.3166409172996052e-08,0.15324739497493461,0.1741769928154372,0.2520151091900963,0.2131324156639973,0.1251000998058622,0.1797591144271456,-0.14415350455516152,-0.02316928434440882,-0.01703639082061567,-0.039966168812933404,-0.09102911870528684,-0.06038866470747169
sample_1130,False,ok,multi_seed_output\seed_1_S302109584\airfoils\sample_1130.dat,0.08128011430727257,0.39078156312625245,1.4831992908165281e-08,1.3166409172996052e-08,0.10631064054803986,0.20707770052957197,0.20721781825661328,0.19268896505304361,0.17433092428731828,0.13278663986664105,-0.09308625140911034,0.004056858086812068,0.022966088587087347,-0.08938256396675241,-0.030177712261494086,-0.02359157166631206
sample_1131,False,ok,multi_seed_output\seed_1_S302109584\airfoils\sample_1131.dat,0.10736927843499297,0.3226452905811623,1.4831992908165281e-08,1.3166409172996052e-08,0.14343024696933648,0.22061595274259968,0.20326242187676688,0.1959312516644644,0.16578492257740596,0.11616645121693842,-0.11505580669237173,-0.06666530361085736,-0.09350153286940793,-0.06363200771400418,-0.06003251269409266,0.014338310304912824
sample_1132,False,ok,multi_seed_output\seed_1_S302109584\airfoils\sample_1132.dat,0.1099875276014413,0.2945891783567134,1.4831992908165281e-08,1.3166409172996052e-08,0.15426906886178532,0.2707428867890872,0.23951102910679734,0.21183868758178193,0.15341388608135065,0.12663180358913456,-0.11977354039633403,-0.03218385773674014,-0.0729601768380298,-0.007767081239233767,-0.057634294799623405,0.03716833115591185
sample_1133,False,ok,multi_seed_output\seed_1_S302109584\airfoils\sample_1133.dat,0.1212935030097157,0.24649298597194386,1.4831992908165281e-08,1.3166409172996052e-08,0.2196535764089036,0.267251505955402,0.19939030616698986,0.1813359542776639,0.22749248509663045,0.16783893759646962,-0.1252495323062779,-0.09912319342786104,-0.09283037758644501,-0.00030067259520123735,-0.010846131224441155,-0.027036732897294212
sample_1134,False,ok,multi_seed_output\seed_1_S302109584\airfoils\sample_1134.dat,0.0998711950974234,0.2725450901803607,1.4831992908165281e-08,1.3166409172996052e-08,0.23284410093002628,0.2326838023077583,0.17418147787547544,0.25215664981658303,0.2311359673906595,0.19197260377279246,-0.06192919631163603,-0.06727885135079073,-0.002225315469839173,-0.051653280212684255,-0.026551474126167984,-0.0015135802548408989
sample_1135,False,ok,multi_seed_output\seed_1_S302109584\airfoils\sample_1135.dat,0.08374228889559741,0.25250501002004005,1.4831992908165281e-08,1.3166409172996052e-08,0.16922459303075427,0.2523159824820664,0.18132483891063733,0.16454836529951167,0.17826961181832368,0.18134353989306695,-0.045241406374021534,-0.02584412149824744,0.0032449040453376293,0.015570694883021097,0.027182078143949184,0.04392236304462438
sample_1136,False,ok,multi_seed_output\seed_1_S302109584\airfoils\sample_1136.dat,0.0799061168136749,0.30861723446893785,1.4831992908165281e-08,1.3166409172996052e-08,0.23169256791990495,0.14777399103265013,0.17119646493550297,0.1678845292296992,0.18334545656892293,0.11973058764858642,-0.03716800479492627,-0.031059391932331634,-0.03157873399916754,-0.06238278956192888,-0.007238073393279046,-0.0073969754207840605
sample_1137,False,ok,multi_seed_output\seed_1_S302109584\airfoils\sample_1137.dat,0.09804013150721695,0.25250501002004005,1.4831992908165281e-08,1.3166409172996052e-08,0.20774380669750456,0.1449532541616063,0.20248609101681186,0.1897919089861666,0.1728622707479211,0.1686412604266321,-0.12098664291603868,-0.09613177979511789,-0.05889934398233427,0.015072765683126085,-0.07321236976191883,-0.03671579553634865
sample_1138,False,ok,multi_seed_output\seed_1_S302109584\airfoils\sample_1138.dat,0.09903880537990861,0.3166332665330661,1.4831992908165281e-08,1.3166409172996052e-08,0.12859226021864623,0.2558263466210329,0.18949722006349357,0.14095126305820518,0.19842104632607344,0.14808414458676852,-0.10555496660538727,-0.01519591256420523,-0.08793601572306699,-0.07433627145313405,-0.032039378190975916,-0.00976566771756543
sample_1139,False,ok,multi_seed_output\seed_1_S302109584\airfoils\sample_1139.dat,0.0993805301772163,0.2725450901803607,1.4831992908165281e-08,1.3166409172996052e-08,0.15340285169107715,0.24987334359280344,0.22867187007443573,0.15660671428640266,0.13710331696581435,0.18412905232453744,-0.1309599846053932,-0.010528611315222855,-0.07039579806118235,0.026463787466196723,-0.09238066009079164,-0.025343264177823475
sample_1140,False,ok,multi_seed_output\seed_1_S302109584\airfoils\sample_1140.dat,0.10385029823353008,0.2725450901803607,1.4831992908165281e-08,1.3166409172996052e-08,0.17544468740434224,0.2297469117019385,0.20992865136644767,0.14475034010700752,0.19286480285093482,0.1384002076618743,-0.08317359199465164,-0.09187248861174319,-0.052690499213828006,-0.02848519527913887,-0.010997047903737428,-0.05317517437715234
sample_1141,False,ok,multi_seed_output\seed_1_S302109584\airfoils\sample_1141.dat,0.10824976629499408,0.2725450901803607,1.4831992908165281e-08,1.3166409172996052e-08,0.23251016899784782,0.21852897235169488,0.22724881734472577,0.225627951818897,0.13981464554614437,0.18537590714430785,-0.05275027852376511,-0.11140090904098088,-0.017755414219276913,-0.040877196273148585,0.03255583616884568,0.014630751421688057
sample_1142,False,ok,multi_seed_output\seed_1_S302109584\airfoils\sample_1142.dat,0.08289390657651324,0.4228456913827655,1.4831992908165281e-08,1.3166409172996052e-08,0.1184626004097844,0.15187621978011948,0.22428807588152305,0.19905515838621773,0.10568230287456272,0.1802471111071859,-0.04224030030695623,0.010128484164395102,-0.03062346813716245,-0.09131633387828512,-0.04718540971259584,-0.003121459029571491
sample_1143,False,ok,multi_seed_output\seed_1_S302109584\airfoils\sample_1143.dat,0.09397650609995574,0.2665330661322645,1.4831992908165281e-08,1.3166409172996052e-08,0.20270150970634943,0.260334877377072,0.17905923327021778,0.13855027510283244,0.13499438839150904,0.18052340297329844,-0.04397000268231803,-0.01713158415145087,-0.07803960669867933,0.01163671071947868,-0.05347336783461725,-0.05647612755550338
sample_1144,False,ok,multi_seed_output\seed_1_S302109584\airfoils\sample_1144.dat,0.10143450243793242,0.3366733466933867,1.4831992908165281e-08,1.3166409172996052e-08,0.2062099391663918,0.18653998140890216,0.23005808509931602,0.24769619291379372,0.1501973560249046,0.21318993852507717,-0.031011632151274768,-0.11022434190734255,0.013058474968210457,-0.07768252444764288,-0.06602362934081317,0.043578955073779735
sample_1145,False,ok,multi_seed_output\seed_1_S302109584\airfoils\sample_1145.dat,0.10064773085357567,0.2885771543086172,1.4831992908165281e-08,1.3166409172996052e-08,0.1713372635291995,0.24949010457831172,0.18819787228601945,0.2305073603202906,0.22543187956907984,0.22293815400193093,-0.11907811813062599,-0.010216228844410591,-0.0877056033490718,0.019091317109074205,0.003787567995434102,-0.04646455736887573
sample_1146,False,ok,multi_seed_output\seed_1_S302109584\airfoils\sample_1146.dat,0.11114684444196715,0.3226452905811623,1.4831992908165281e-08,1.3166409172996052e-08,0.1436450769558285,0.23859669114708915,0.2440966482612558,0.14771541056853835,0.1891082439998822,0.12126798282722918,-0.06344039262888994,-0.07691787286366655,-0.10024262580885862,-0.05450649367753006,-0.056157616018494595,-0.0641349529731383
sample_1147,False,ok,multi_seed_output\seed_1_S302109584\airfoils\sample_1147.dat,0.08839095881098007,0.21843687374749496,1.4831992908165281e-08,1.3166409172996052e-08,0.16398167684079096,0.15509381703225614,0.16456632708821287,0.1865288417651463,0.22400143751965715,0.15268026678480795,-0.1373092465420791,-0.09901597241549416,0.006592446228922175,0.0020051204715560156,-0.08663426252685907,0.014229978881320896
sample_1148,False,ok,multi_seed_output\seed_1_S302109584\airfoils\sample_1148.dat,0.0997337493826865,0.3226452905811623,1.4831992908165281e-08,1.3166409172996052e-08,0.14528204265655803,0.1936146566281119,0.16254052114065526,0.20546451218661715,0.12473369374744908,0.1637800469396245,-0.05928831935906198,-0.11270713176806914,-0.07116055082015701,-0.08466182992522434,-0.016486424483962744,0.012405083133870135
sample_1149,False,ok,multi_seed_output\seed_1_S302109584\airfoils\sample_1149.dat,0.08881012870353613,0.344689378757515,1.4831992908165281e-08,1.3166409172996052e-08,0.2349145677327638,0.15884216994950381,0.25869728703208267,0.17658570469101176,0.13686152796212325,0.11727174502284199,-0.027461737353775606,-0.020200458735239832,-0.02221410708384644,-0.037617459085872273,-0.08457910187259372,0.03642327545536106
sample_1150,False,ok,multi_seed_output\seed_1_S302109584\airfoils\sample_1150.dat,0.10231148452774935,0.2865731462925851,1.4831992908165281e-08,1.3166409172996052e-08,0.22297925280823935,0.22290741749241721,0.2564197752016547,0.15584920312476758,0.19346678096402833,0.09554859522627548,-0.03920745046016334,-0.059948024672651375,-0.04259887588146643,-0.005957131492660486,-0.03748545134661825,-0.07800877435640168
sample_1151,False,ok,multi_seed_output\seed_1_S302109584\airfoils\sample_1151.dat,0.10509900081836729,0.23847695390781562,1.4831992908165281e-08,1.3166409172996052e-08,0.2336247438199993,0.2683083459609996,0.22013463851406134,0.1355956717526946,0.1309514012586641,0.14352859793597308,-0.09907566949192659,-0.014072924674065054,-0.06977413921722343,0.021726721884749375,-0.056718353164108906,0.019829465816259412
sample_1152,False,ok,multi_seed_output\seed_1_S302109584\airfoils\sample_1152.dat,0.11023682015248495,0.30861723446893785,1.4831992908165281e-08,1.3166409172996052e-08,0.1435454915206907,0.24275052435342798,0.20883317058903245,0.20281341863610808,0.1661460328281167,0.1171978612110849,-0.06408196918256868,-0.10502942392906989,-0.09372771997608244,0.0026646090320563837,-0.08083017147553506,-0.055582927057969175
sample_1153,False,ok,multi_seed_output\seed_1_S302109584\airfoils\sample_1153.dat,0.11061092371508204,0.35270541082164325,1.4831992908165281e-08,1.3166409172996052e-08,0.1390906046339455,0.1762764774660318,0.23571491735177308,0.20249345881072933,0.22794712509279552,0.10712973075163064,-0.14606592803167037,-0.08277655066597768,-0.08015838273911706,-0.08650932302718634,-0.0624077783123544,-0.055144632466203464
sample_1154,False,ok,multi_seed_output\seed_1_S302109584\airfoils\sample_1154.dat,0.09642354326359323,0.3166332665330661,1.4831992908165281e-08,1.3166409172996052e-08,0.16312223628171163,0.21677631067290115,0.1935807144620758,0.25381314445042025,0.22433304193531795,0.1819586746406977,-0.12192829964449958,-0.06055249440345311,0.023640663606517426,-0.06244015409224072,-0.08589647403525885,-0.012540965552354247
sample_1155,False,ok,multi_seed_output\seed_1_S302109584\airfoils\sample_1155.dat,0.10213568315478741,0.2444889779559118,1.4831992908165281e-08,1.3166409172996052e-08,0.2278562019266286,0.25032731807412784,0.18153526401871206,0.2517349804727841,0.16191955297901842,0.12841916546063248,-0.0491686357819061,-0.09954895258624304,0.016259518225330033,-0.0017039561719412316,0.015698815980576583,-0.04986428972976106
sample_1156,False,ok,multi_seed_output\seed_1_S302109584\airfoils\sample_1156.dat,0.06591517499135456,0.2865731462925851,1.4831992908165281e-08,1.3166409172996052e-08,0.1710396436672061,0.15138983622606525,0.15666588283431718,0.15501905587137935,0.11963589254339685,0.13831968212649853,-0.05093888044815842,0.007462087235397874,-0.03662642124133475,0.025197941675667496,-0.07658825484273812,0.01994021763203921
sample_1157,False,ok,multi_seed_output\seed_1_S302109584\airfoils\sample_1157.dat,0.09584529411581329,0.3226452905811623,1.4831992908165281e-08,1.3166409172996052e-08,0.11640134095643312,0.18795753309550373,0.19037241558929957,0.23840655725664164,0.1632279519191831,0.2067736433538382,-0.1092802051047804,-0.05714767506198847,-0.09387488133909726,0.0033332324130658786,0.03017471109192374,0.025926557384545912
sample_1158,False,ok,multi_seed_output\seed_1_S302109584\airfoils\sample_1158.dat,0.10329291913452354,0.2865731462925851,1.4831992908165281e-08,1.3166409172996052e-08,0.13073521384992026,0.2463124835293185,0.26538535566169696,0.14795921931440453,0.19221587824540032,0.1574705225238362,-0.14603886653853562,-0.04281023465192467,-0.0014182003097474999,-0.07711803164391383,-0.023011946508201847,0.008298358311307041
sample_1159,False,ok,multi_seed_output\seed_1_S302109584\airfoils\sample_1159.dat,0.0968838741308946,0.22645290581162322,1.4831992908165281e-08,1.3166409172996052e-08,0.15414518894789553,0.23471868286942493,0.1721840355842101,0.19400875743684726,0.20256061504145456,0.20621738717166233,-0.13128202012595067,-0.08940364528566162,0.0179806363074462,0.003875649451857935,-0.06879283227111366,-0.08111521268690042
sample_1160,False,ok,multi_seed_output\seed_1_S302109584\airfoils\sample_1160.dat,0.09422851272383298,0.21843687374749496,1.4831992908165281e-08,1.3166409172996052e-08,0.21549933743354693,0.17127690969815093,0.19859277240637835,0.21979600401818955,0.21248048261824548,0.15660830224242547,-0.11640585924882862,-0.07849397768699194,0.003592905959769868,0.021588071939179776,-0.041659198601923575,-0.01919219048939992
sample_1161,False,ok,multi_seed_output\seed_1_S302109584\airfoils\sample_1161.dat,0.12625358674732373,0.3306613226452906,1.4831992908165281e-08,1.3166409172996052e-08,0.20481338609752692,0.2649512708499154,0.266300655984008,0.24917756825012585,0.19490501338608915,0.21247263971360825,-0.03592703922049599,-0.09571434104010815,-0.08928248902920388,-0.06542746692696175,0.006482672054363772,-0.018897568672748596
sample_1162,False,ok,multi_seed_output\seed_1_S302109584\airfoils\sample_1162.dat,0.10340597128482873,0.39078156312625245,1.4831992908165281e-08,1.3166409172996052e-08,0.14589505819746326,0.25117384122497854,0.20499847620995337,0.2513945775632324,0.2103156852410425,0.19610883641198207,-0.020525911567672556,-0.02478360133705193,-0.07533467241399473,-0.031432876221354614,-0.09161170130683229,-0.06679419876066184
sample_1163,False,ok,multi_seed_output\seed_1_S302109584\airfoils\sample_1163.dat,0.10620956090027908,0.2665330661322645,1.4831992908165281e-08,1.3166409172996052e-08,0.1809538192777222,0.1824199590370957,0.2107145425686452,0.17914855620378825,0.11090071110558367,0.18179853563961706,-0.11934434098309728,-0.11317451898468585,-0.06815274265155116,-0.03719540940387337,-0.014328231525274085,0.027289217836493795
sample_1164,False,ok,multi_seed_output\seed_1_S302109584\airfoils\sample_1164.dat,0.09866221182581356,0.35270541082164325,1.4831992908165281e-08,1.3166409172996052e-08,0.12321916448453014,0.1770814499832014,0.2690460738237516,0.19265693954766466,0.16272893367098357,0.1617127227854343,-0.04212180187429511,-0.10118813326768264,0.0028324602413334204,-0.09631290247611797,0.006606261960910215,-0.013016632470275194
sample_1165,False,ok,multi_seed_output\seed_1_S302109584\airfoils\sample_1165.dat,0.08541806844308486,0.3226452905811623,1.4831992908165281e-08,1.3166409172996052e-08,0.1456658780589792,0.1469724773590861,0.20837350980236072,0.17782495559081143,0.10335409447403827,0.14903980916946125,-0.05168061744328746,-0.0716638182860866,-0.05015731444323589,-0.03538497022435726,0.03498529129679677,-0.029068359190148413
sample_1166,False,ok,multi_seed_output\seed_1_S302109584\airfoils\sample_1166.dat,0.10276403413418925,0.2665330661322645,1.4831992908165281e-08,1.3166409172996052e-08,0.23022022699654016,0.15594536836085282,0.16694794096267973,0.1766630719521229,0.18655816541670805,0.10935115178398143,-0.11589097729024742,-0.09247940400762933,-0.08998733552789244,-0.07804904595532244,-0.030340039674954522,0.021797013441432075
sample_1167,False,ok,multi_seed_output\seed_1_S302109584\airfoils\sample_1167.dat,0.07860353090764842,0.30861723446893785,1.4831992908165281e-08,1.3166409172996052e-08,0.11920385013292478,0.15307709947364478,0.1484381878283913,0.17193601850195936,0.1792523667547642,0.21646444234041462,-0.07907405663339429,-0.05152663532119198,-0.08753805614825717,0.025908520161016205,0.0006908287836975974,-0.06619056581373137
sample_1168,False,ok,multi_seed_output\seed_1_S302109584\airfoils\sample_1168.dat,0.10328000683847943,0.22444889779559116,1.4831992908165281e-08,1.3166409172996052e-08,0.17601546382010425,0.24091637969280352,0.23324230291224166,0.13035903979345073,0.17858634500515858,0.21887558307563543,-0.11717672094466115,-0.10309170458880448,0.020603744898749415,0.028487354157334527,-0.04031282940153455,0.007374373591555211
sample_1169,False,ok,multi_seed_output\seed_1_S302109584\airfoils\sample_1169.dat,0.10681923024048519,0.30260521042084165,1.4831992908165281e-08,1.3166409172996052e-08,0.11063945444986223,0.24382327841583537,0.1851860911865247,0.1685060935744723,0.13882872331228013,0.17791552409572187,-0.0826675504414634,-0.10698575813285344,-0.08519635962975092,-0.06783528218597656,-0.02399569313715999,0.012807156919029658
sample_1170,False,ok,multi_seed_output\seed_1_S302109584\airfoils\sample_1170.dat,0.11070782324198084,0.344689378757515,1.4831992908165281e-08,1.3166409172996052e-08,0.1168488289282209,0.23667660296432552,0.25555734666302277,0.17805070061344178,0.18774883166539363,0.1311824698281791,-0.02519641999644251,-0.1129923723153602,-0.04830705899842644,-0.08854293013083668,-0.03988374337251245,0.03823677582143023
sample_1171,False,ok,multi_seed_output\seed_1_S302109584\airfoils\sample_1171.dat,0.09901247415617725,0.2665330661322645,1.4831992908165281e-08,1.3166409172996052e-08,0.11088436143495829,0.2557367768010881,0.25206189705950854,0.1438024281805249,0.11489889697010099,0.18588656352858118,-0.14639193857520125,-0.02799408372325457,-0.03604530114631506,0.003606058329770387,0.004276545028413722,-0.07213539329604733
sample_1172,False,ok,multi_seed_output\seed_1_S302109584\airfoils\sample_1172.dat,0.1117072521627488,0.25851703406813625,1.4831992908165281e-08,1.3166409172996052e-08,0.2224764514815848,0.2510564672184957,0.25815685227812624,0.1497656437218548,0.11440466282697158,0.1408978938071807,-0.13366320833720832,-0.024022051149150347,-0.05846794920905793,-0.07068102156736324,0.01689085325127844,-0.02330267437750571
sample_1173,False,ok,multi_seed_output\seed_1_S302109584\airfoils\sample_1173.dat,0.0838951878530025,0.23246492985971942,1.4831992908165281e-08,1.3166409172996052e-08,0.18837432561332446,0.16805001907216638,0.1999546917905878,0.14597831623425625,0.1152602249135827,0.2143593815063695,-0.08682822274881649,-0.05362603212841613,-0.01733104129616439,0.014307689737384638,0.03095618547966454,-0.07634382314647306
sample_1174,False,ok,multi_seed_output\seed_1_S302109584\airfoils\sample_1174.dat,0.08675488785460822,0.22444889779559116,1.4831992908165281e-08,1.3166409172996052e-08,0.2127420603517225,0.15212442697708886,0.1499074307917984,0.1798803306700623,0.13589953083169481,0.21762115804857815,-0.14642201511379252,-0.004718813959742121,-0.08096261959611754,-0.05257870082964737,-0.015977841430593887,0.027249764082582423
sample_1175,False,ok,multi_seed_output\seed_1_S302109584\airfoils\sample_1175.dat,0.09459479739889357,0.2945891783567134,1.4831992908165281e-08,1.3166409172996052e-08,0.13038912038838393,0.16704554251082798,0.19254170274965438,0.1955674457529135,0.2167219553885631,0.1005736966978386,-0.1185752409262811,-0.08661920717071465,-0.08062345228327547,0.029067567738144326,-0.02853731625943992,0.027731225661862174
sample_1176,False,ok,multi_seed_output\seed_1_S302109584\airfoils\sample_1176.dat,0.09409609429438626,0.3306613226452906,1.4831992908165281e-08,1.3166409172996052e-08,0.17315084811798342,0.17250093400771596,0.18071935742804424,0.2406846170400591,0.21629472529609656,0.16794272164527901,-0.07920584837807042,-0.05159213692157498,-0.09679467794405325,0.02972306191318473,-0.037727790042639216,-0.05589432392738336
sample_1177,False,ok,multi_seed_output\seed_1_S302109584\airfoils\sample_1177.dat,0.08451460266215209,0.39078156312625245,1.4831992908165281e-08,1.3166409172996052e-08,0.14616255442811846,0.17943613084868917,0.222016290720927,0.22958508193916066,0.16888844256249808,0.1509818246268836,-0.03482512286098431,0.013490110260077348,-0.05572261549658394,0.0011590814195214516,-0.020345158051138887,-0.0825969808268853
sample_1178,False,ok,multi_seed_output\seed_1_S302109584\airfoils\sample_1178.dat,0.08846772187079631,0.30861723446893785,1.4831992908165281e-08,1.3166409172996052e-08,0.13280331615561722,0.26812038732212967,0.22176244594714473,0.1404465225673699,0.16524470408736103,0.18475869353459315,-0.029380855062017097,-0.019415865300817084,-0.004968135466962065,-0.0420259047591195,-0.01716640194004264,-0.030851285785336732
sample_1179,False,ok,multi_seed_output\seed_1_S302109584\airfoils\sample_1179.dat,0.09017222035904654,0.3166332665330661,1.4831992908165281e-08,1.3166409172996052e-08,0.14884043141488906,0.1868240910353935,0.2731628062437651,0.18454185613454074,0.145172313133807,0.1221085179426514,-0.08569499046331394,-0.030581554191029675,-0.006417311516815766,-0.006342427691755831,-0.035335527206464094,-0.04874211999597456
sample_1180,False,ok,multi_seed_output\seed_1_S302109584\airfoils\sample_1180.dat,0.08345226689446389,0.2945891783567134,1.4831992908165281e-08,1.3166409172996052e-08,0.14016933917594254,0.22878560497970418,0.15382091131447753,0.18431187909812935,0.10977735316443492,0.22135276934357198,-0.06184089581216169,-0.024600504809494633,-0.0414458166189565,-0.034683657494336564,0.02079210091108462,-0.03288500806299029
sample_1181,False,ok,multi_seed_output\seed_1_S302109584\airfoils\sample_1181.dat,0.10453665033339657,0.2865731462925851,1.4831992908165281e-08,1.3166409172996052e-08,0.21792234442314434,0.1859011070020043,0.27224443552622335,0.18567639700284005,0.20136734175781668,0.11420537393205728,-0.061593775266174974,-0.08803828604626462,-0.04688846186843868,0.024689428883410164,-0.03043641141453668,-0.06584590452682122
sample_1182,False,ok,multi_seed_output\seed_1_S302109584\airfoils\sample_1182.dat,0.10239560935685407,0.24649298597194386,1.4831992908165281e-08,1.3166409172996052e-08,0.223892131742934,0.23886026255514992,0.16821153586340182,0.2254747541174271,0.15296864408878977,0.11182634416876433,-0.11869916980945522,-0.03979322324427788,-0.027990251662187854,-0.07905580593084918,-0.04757332739911161,-0.0025838950631298374
sample_1183,False,ok,multi_seed_output\seed_1_S302109584\airfoils\sample_1183.dat,0.10421680720073016,0.2945891783567134,1.4831992908165281e-08,1.3166409172996052e-08,0.20670570943578273,0.2675817223345307,0.1760895739620825,0.21195932521197305,0.15763222858983217,0.21227141556929793,-0.07923095930492748,-0.021654853630236795,-0.06666379847512946,-0.09587405338208692,0.035511476347551904,0.024416354374853774
sample_1184,False,ok,multi_seed_output\seed_1_S302109584\airfoils\sample_1184.dat,0.07558430770103294,0.3246492985971944,1.4831992908165281e-08,1.3166409172996052e-08,0.11706904268530517,0.18956800992395473,0.17291675565139838,0.13117203519917361,0.22273616074313868,0.17603781880647834,-0.10018831460674152,-0.02416259352575073,0.023975518787831787,-0.09225304921369351,-0.032856139070348546,-0.07977328222758605
sample_1185,False,ok,multi_seed_output\seed_1_S302109584\airfoils\sample_1185.dat,0.09350871762266048,0.344689378757515,1.4831992908165281e-08,1.3166409172996052e-08,0.13389461559594362,0.2123692148313764,0.20438909276493025,0.25303213946424363,0.14000867974939216,0.1088406239287553,-0.038607302562312845,-0.08722070262835661,0.007509249015904981,-0.031027226675307593,-0.0925675114240352,0.016335897182234008
sample_1186,False,ok,multi_seed_output\seed_1_S302109584\airfoils\sample_1186.dat,0.07219531291366763,0.2725450901803607,1.4831992908165281e-08,1.3166409172996052e-08,0.18265514254435145,0.1456276676667659,0.1453640698237711,0.2050678748484879,0.10739283046648819,0.13200618170468598,-0.03398712852800334,-0.05706110620749471,-0.012588513381228336,0.017878941183022273,-0.052283635328542646,0.003924806299254513
sample_1187,False,ok,multi_seed_output\seed_1_S302109584\airfoils\sample_1187.dat,0.08500980782789058,0.38276553106212424,1.4831992908165281e-08,1.3166409172996052e-08,0.11892323580157292,0.14468439792599003,0.21969415426576694,0.17339191194076772,0.20779429182246378,0.16332644086125064,-0.06463425358120858,-0.02540038735741057,-0.08428625933020915,0.019377682202106145,-0.09274818758171387,-0.005176787260614699
sample_1188,False,ok,multi_seed_output\seed_1_S302109584\airfoils\sample_1188.dat,0.0865575146528596,0.2945891783567134,1.4831992908165281e-08,1.3166409172996052e-08,0.203117027608606,0.14534234954705041,0.14677396065110196,0.24758163099537167,0.17234248065559604,0.14132488140144442,-0.09835658722368196,-0.06233993126645817,-0.03416274370669814,-0.04241116342672073,-0.024202512602950477,-0.05931859680805915
sample_1189,False,ok,multi_seed_output\seed_1_S302109584\airfoils\sample_1189.dat,0.090785330749946,0.2444889779559118,1.4831992908165281e-08,1.3166409172996052e-08,0.2275853135893779,0.17352220119200168,0.16524870545714457,0.23229091366098126,0.13355599080220437,0.15803752861722103,-0.1265634345839204,-0.010846222797023047,-0.06492802137423023,-0.009443642101640573,-0.06761595375018845,-0.07716279930884062
sample_1190,False,ok,multi_seed_output\seed_1_S302109584\airfoils\sample_1190.dat,0.08525884652422364,0.25250501002004005,1.4831992908165281e-08,1.3166409172996052e-08,0.20274417052753035,0.2598352208013426,0.18990535597531755,0.1758744339933871,0.12910637650722187,0.12238420741343176,-0.03272085456525932,-0.007781678196528474,0.011772348110205541,-0.016944942550825404,0.02504768052811672,-0.06291336114730514
sample_1191,False,ok,multi_seed_output\seed_1_S302109584\airfoils\sample_1191.dat,0.09935292839981905,0.38476953907815625,1.4831992908165281e-08,1.3166409172996052e-08,0.2138531385001315,0.15291960016207756,0.25951335928196684,0.24981005533272216,0.1950033881947389,0.21874359796137594,-0.02727414567838385,-0.0445615554223827,-0.05155076492140673,-0.02242212119537859,-0.05089371546059675,-0.03587227545660083
sample_1192,False,ok,multi_seed_output\seed_1_S302109584\airfoils\sample_1192.dat,0.09492903532129347,0.18236472945891782,1.4831992908165281e-08,1.3166409172996052e-08,0.22320032619599378,0.25651273127557994,0.20528767087393976,0.14700728924675482,0.21887102669303343,0.15840556055099497,-0.13504742709190531,0.005231842239665677,0.028042349542290276,0.024266547325268922,-0.07609141181341345,-0.042187033824856716
sample_1193,False,ok,multi_seed_output\seed_1_S302109584\airfoils\sample_1193.dat,0.1029161654175863,0.2665330661322645,1.4831992908165281e-08,1.3166409172996052e-08,0.19145149766552735,0.2230076791065177,0.274461429847368,0.15462494288685674,0.11701284926585685,0.14427831704614,-0.1369489140401521,-0.017874996090135833,-0.04067148259658066,-0.016885017091402083,-0.050033241069576746,-0.05907019684634169
sample_1194,False,ok,multi_seed_output\seed_1_S302109584\airfoils\sample_1194.dat,0.10581279812961329,0.30861723446893785,1.4831992908165281e-08,1.3166409172996052e-08,0.19546547848626683,0.24283281349507785,0.24955740082100503,0.24601128749661672,0.12228606748568971,0.1048174193266962,-0.08389403357076813,-0.029502027061634628,-0.043241189366112674,-0.016464962346510043,-0.06913105064244485,0.0005482454082223198
sample_1195,False,ok,multi_seed_output\seed_1_S302109584\airfoils\sample_1195.dat,0.09961945369082106,0.30861723446893785,1.4831992908165281e-08,1.3166409172996052e-08,0.12636179229235392,0.1820383356175026,0.23052439982369707,0.13247025742311913,0.1511028147532592,0.1852142294946182,-0.08105143190931602,-0.0982102267084314,-0.0750452164071927,-0.06146171943810349,0.031573210509355173,-0.03197331279933176
sample_1196,False,ok,multi_seed_output\seed_1_S302109584\airfoils\sample_1196.dat,0.10121381617666529,0.2665330661322645,1.4831992908165281e-08,1.3166409172996052e-08,0.22580017182322892,0.2701690262709775,0.19237375007580537,0.20260372987229935,0.16451322343317606,0.11177685288326039,-0.04161351426522192,-0.054249686450367166,-0.002639389401586631,-0.0643245998522593,-0.021004316256994587,0.026758663175890818
sample_1197,False,ok,multi_seed_output\seed_1_S302109584\airfoils\sample_1197.dat,0.09610706819371435,0.2865731462925851,1.4831992908165281e-08,1.3166409172996052e-08,0.1546491915696505,0.2010270502955776,0.152983722233609,0.2334232714006283,0.1023035943286269,0.1145869633673754,-0.1314101546222298,-0.07301894944860077,-0.029868463909304865,-0.09095620005124158,-0.03824769509056903,-0.03458584405111631
sample_1198,False,ok,multi_seed_output\seed_1_S302109584\airfoils\sample_1198.dat,0.09714320963130924,0.2004008016032064,1.4831992908165281e-08,1.3166409172996052e-08,0.23042306509174132,0.1865812575090565,0.16962871551069236,0.216511017877306,0.22131532797596862,0.11649869653270337,-0.12348125820463318,-0.07387589096877992,-0.009048235211185779,0.009232866785236757,-0.03497178124388095,0.023406141536428074
sample_1199,False,ok,multi_seed_output\seed_1_S302109584\airfoils\sample_1199.dat,0.0766408482883694,0.3166332665330661,1.4831992908165281e-08,1.3166409172996052e-08,0.10891427595628288,0.14421518194396551,0.15359277719197498,0.136207987503542,0.1304348512220228,0.20104050870143714,-0.0642938733908508,-0.05218827022004997,-0.09520556380258804,-0.013172099516787439,0.03233649193284342,0.019768435560756012
sample_1200,False,ok,multi_seed_output\seed_1_S302109584\airfoils\sample_1200.dat,0.07993205171558239,0.374749498997996,1.4831992908165281e-08,1.3166409172996052e-08,0.19843658088897848,0.14608405547604786,0.23672558849122272,0.2015606830320565,0.13139759677669405,0.20455308173749315,-0.03023647154680492,-0.020131895598683364,0.010301692891160383,-0.025607978976606882,-0.08758063746179041,0.012721846989074206
sample_1201,False,ok,multi_seed_output\seed_1_S302109584\airfoils\sample_1201.dat,0.11369940147820212,0.2785571142284569,1.4831992908165281e-08,1.3166409172996052e-08,0.15971461641502635,0.23082426197874611,0.24988007146874003,0.24538655621037653,0.20649563351525685,0.1299340880683122,-0.14945297428022408,-0.11168768323678499,0.010672493695421711,-0.0658702658910775,0.022559315131547034,-0.02266304091562525
sample_1202,False,ok,multi_seed_output\seed_1_S302109584\airfoils\sample_1202.dat,0.09389866598566227,0.2945891783567134,1.4831992908165281e-08,1.3166409172996052e-08,0.1589373856059598,0.17150172438625896,0.14941728957075165,0.12623192691928012,0.2006085125357146,0.2064729515174225,-0.06028171542587056,-0.11009095622445537,-0.09961463926141202,-0.0360456048214246,-0.06792562166504637,-0.07457123841064434
sample_1203,False,ok,multi_seed_output\seed_1_S302109584\airfoils\sample_1203.dat,0.12187518574736471,0.25851703406813625,1.4831992908165281e-08,1.3166409172996052e-08,0.23372022538013912,0.258630214358919,0.2578351540638378,0.1439530539292163,0.17664164166459934,0.14476987639376346,-0.14477525487214624,-0.05232597568342222,-0.08599780251980961,-0.06423924026827318,-0.01901436095026121,-0.07862998348682665
sample_1204,False,ok,multi_seed_output\seed_1_S302109584\airfoils\sample_1204.dat,0.10416636302002959,0.3226452905811623,1.4831992908165281e-08,1.3166409172996052e-08,0.17245277460068192,0.2482080293891123,0.24030569261161328,0.1304692014660274,0.22527765523892837,0.14858794776231074,-0.0798434286178649,-0.02359425513992687,-0.07012127271265534,-0.0670523703782796,-0.07722481269291309,0.0066576927722027945
sample_1205,False,ok,multi_seed_output\seed_1_S302109584\airfoils\sample_1205.dat,0.10405996777073372,0.280561122244489,1.4831992908165281e-08,1.3166409172996052e-08,0.22432498530545258,0.1807785652742913,0.25248909563777444,0.23791822020068004,0.19443587530156398,0.1799676460433347,-0.12869077805589998,-0.07308501211870802,0.022642466821800933,-0.09321965375884564,0.010406579215895662,0.004952005140670679
sample_1206,False,ok,multi_seed_output\seed_1_S302109584\airfoils\sample_1206.dat,0.09125094464511983,0.35270541082164325,1.4831992908165281e-08,1.3166409172996052e-08,0.1508277987071308,0.1834756580154277,0.1946076203330963,0.20114200935837082,0.1272096811542144,0.20439963054354887,-0.06259720703008094,-0.02715022550633875,-0.07477410299182097,-0.07655097377968259,0.025854564418577752,0.03956201706944004
sample_1207,False,ok,multi_seed_output\seed_1_S302109584\airfoils\sample_1207.dat,0.09484434067028104,0.26452905811623245,1.4831992908165281e-08,1.3166409172996052e-08,0.1832865860206776,0.17997242389648185,0.19540965729080617,0.22752812359041025,0.17195714890580135,0.12508446746626675,-0.10765666993817082,-0.09373358650735583,0.010030434121941045,-0.035881659441199906,-0.051844396806462065,-0.026759992419467804
sample_1208,False,ok,multi_seed_output\seed_1_S302109584\airfoils\sample_1208.dat,0.07357608558285388,0.2444889779559118,1.4831992908165281e-08,1.3166409172996052e-08,0.15916211984892972,0.21068321597774192,0.15460996756243148,0.14354650696988894,0.19450252593571718,0.13086909365827615,-0.035092244842178655,-0.043313978750706736,0.02068206174224095,0.027886170006392208,-0.0744146241612403,-0.07671184485058119
sample_1209,False,ok,multi_seed_output\seed_1_S302109584\airfoils\sample_1209.dat,0.11083985035065025,0.2945891783567134,1.4831992908165281e-08,1.3166409172996052e-08,0.12843893625827313,0.2476407488869983,0.24489025404735687,0.23999832913355879,0.12120058643785343,0.2059367319668273,-0.1287548575485149,-0.06924360739413954,-0.07202853820141274,0.026258625403588115,-0.06319081069170032,0.036091254795299066
sample_1210,False,ok,multi_seed_output\seed_1_S302109584\airfoils\sample_1210.dat,0.11652193513092958,0.21843687374749496,1.4831992908165281e-08,1.3166409172996052e-08,0.2286577869952246,0.258328470893318,0.2227483726358887,0.16753995569334731,0.14394688115724918,0.14650896209777803,-0.14332043103610692,-0.0999855318169231,0.018365597100225714,-0.09042685889894178,-0.020404854104690798,0.030496723820384777
sample_1211,False,ok,multi_seed_output\seed_1_S302109584\airfoils\sample_1211.dat,0.09254025494341209,0.35270541082164325,1.4831992908165281e-08,1.3166409172996052e-08,0.11229162816067136,0.20915575524583074,0.22333447183655797,0.20733445082114332,0.1788459448697966,0.16730944126433847,-0.0637944871212721,-0.046709480486027535,-0.030826906350605268,-0.03028982242710522,-0.04624215611465571,0.021702068443336026
sample_1212,False,ok,multi_seed_output\seed_1_S302109584\airfoils\sample_1212.dat,0.1006208038375687,0.22444889779559116,1.4831992908165281e-08,1.3166409172996052e-08,0.21418834405680248,0.2544840491174857,0.15159878391175347,0.12605738154481458,0.15515168709195243,0.19457851143651192,-0.10704182758663018,-0.035173690512856765,-0.0854766319310125,-0.0055745469270686715,0.01655747520079466,0.011754138202995604
sample_1213,False,ok,multi_seed_output\seed_1_S302109584\airfoils\sample_1213.dat,0.10472670667626167,0.3006012024048096,1.4831992908165281e-08,1.3166409172996052e-08,0.15382657518200868,0.22854719336951224,0.26802768527587806,0.18738060748376847,0.1777086508347243,0.19760862091786735,-0.12388469869737503,-0.04646418149902137,-0.025818026518486997,-0.05383362153798888,0.026002982823358944,-0.013187988535794684
sample_1214,False,ok,multi_seed_output\seed_1_S302109584\airfoils\sample_1214.dat,0.10568614903144656,0.26452905811623245,1.4831992908165281e-08,1.3166409172996052e-08,0.20140946300505852,0.24646245316997611,0.24535190019241876,0.1573709804759048,0.2138980645358915,0.21824324752726104,-0.14717239032491192,-0.01671404111837714,-0.022897893245197434,-0.0714889159843316,-0.04047483962920315,-0.0671354435052661
sample_1215,False,ok,multi_seed_output\seed_1_S302109584\airfoils\sample_1215.dat,0.09097742410987539,0.23847695390781562,1.4831992908165281e-08,1.3166409172996052e-08,0.21100886325415819,0.16255654307302853,0.261399670056626,0.1834558859442902,0.11607529579716286,0.18528395539146467,-0.11367457231022324,-0.04535227029604519,0.014549110946037877,0.001956998767346091,-0.02369947061918623,0.02601973895277658
sample_1216,False,ok,multi_seed_output\seed_1_S302109584\airfoils\sample_1216.dat,0.09258653945870479,0.3166332665330661,1.4831992908165281e-08,1.3166409172996052e-08,0.16442481517104857,0.26869386036114795,0.21351709923750067,0.24634696964117347,0.1560678465468814,0.13310389750944268,-0.0319692347459538,-0.015631003034173738,-0.0026972064171995047,-0.012288926461205427,0.0012758736624130518,-0.02881470817020148
sample_1217,False,ok,multi_seed_output\seed_1_S302109584\airfoils\sample_1217.dat,0.0775031553065618,0.2885771543086172,1.4831992908165281e-08,1.3166409172996052e-08,0.17768510291527484,0.1615225385454425,0.15339940632432314,0.1361071566755068,0.1306389947851828,0.17401317635418456,-0.08551119541122491,-0.020697182755780447,-0.03130388216557134,-0.09257853665863951,-0.02547228908042752,-0.04406320977335607
sample_1218,False,ok,multi_seed_output\seed_1_S302109584\airfoils\sample_1218.dat,0.0933907968359915,0.34669338677354705,1.4831992908165281e-08,1.3166409172996052e-08,0.2153752432396485,0.1515616271387766,0.20582467828262221,0.18785781805908475,0.1772190461683753,0.17325925140726894,-0.054960226827376765,-0.03314122711873853,-0.08985768970103185,-0.06210818984505099,0.018965337967444,-0.07926016626790475
sample_1219,False,ok,multi_seed_output\seed_1_S302109584\airfoils\sample_1219.dat,0.10408078609142313,0.2885771543086172,1.4831992908165281e-08,1.3166409172996052e-08,0.14374770923960728,0.2669268661218143,0.15952931924964264,0.2049647247079076,0.1982032461258133,0.14868522073746138,-0.12732431009611625,-0.03751108279812046,-0.08835348793142103,-0.050139334077899944,0.011430176505952683,-0.08303073538910297
sample_1220,False,ok,multi_seed_output\seed_1_S302109584\airfoils\sample_1220.dat,0.0895195779469548,0.3006012024048096,1.4831992908165281e-08,1.3166409172996052e-08,0.16347710942801058,0.16563469099444758,0.19447282948759012,0.13442657970766064,0.1745235350244841,0.2035198969010713,-0.08001997084058103,-0.0809221262037571,-0.030438622933187193,-0.06689817768193627,-0.07875131176484489,-0.011039275388251737
sample_1221,False,ok,multi_seed_output\seed_1_S302109584\airfoils\sample_1221.dat,0.08569434394267096,0.2124248496993988,1.4831992908165281e-08,1.3166409172996052e-08,0.22466984872935442,0.23546612660349037,0.1863747200994084,0.12700136520029023,0.10759028085422474,0.16407722211009518,-0.07777732099947594,0.006507955034874099,0.005774554023170536,-0.044112956228247104,0.005810995340709085,-0.0010923775883638492
sample_1222,False,ok,multi_seed_output\seed_1_S302109584\airfoils\sample_1222.dat,0.09351712336750072,0.3006012024048096,1.4831992908165281e-08,1.3166409172996052e-08,0.19582772107834778,0.19708220294119544,0.21589080802168342,0.2233408835108329,0.20094341829800977,0.1027683866648654,-0.09069619421255146,-0.03304800971884862,-0.0266173410591639,-0.015844183425859817,-0.00971898927621559,-0.06214067629548982
sample_1223,False,ok,multi_seed_output\seed_1_S302109584\airfoils\sample_1223.dat,0.1090075451325899,0.38276553106212424,1.4831992908165281e-08,1.3166409172996052e-08,0.17801085753298343,0.2488333792140366,0.2707531204601137,0.2287388887321859,0.22563300297275374,0.15477837760998514,-0.05430574771802843,-0.0033164598105979853,-0.04550141840902481,-0.07373644404578861,-0.07143970388618939,-0.009063919118883768
sample_1224,False,ok,multi_seed_output\seed_1_S302109584\airfoils\sample_1224.dat,0.0928173635993622,0.2745490981963928,1.4831992908165281e-08,1.3166409172996052e-08,0.17466887680709142,0.26319944415502916,0.23235350901784707,0.13584871683408864,0.1668946192887577,0.20404225880218507,-0.05547359885682339,-0.03525532795284751,0.028177835128954012,-0.04924962263566777,-0.08134334951310318,-0.07818018094086782
sample_1225,False,ok,multi_seed_output\seed_1_S302109584\airfoils\sample_1225.dat,0.1042642364030401,0.344689378757515,1.4831992908165281e-08,1.3166409172996052e-08,0.15116583656269983,0.14826628108672532,0.24970513637393713,0.22386317899553915,0.15026659487876637,0.10555282458585061,-0.09896674108191508,-0.08543360363589754,-0.08291040321688643,-0.03944869546394626,-0.02875717362292482,-0.04047672760989374
sample_1226,False,ok,multi_seed_output\seed_1_S302109584\airfoils\sample_1226.dat,0.09320549643769388,0.21843687374749496,1.4831992908165281e-08,1.3166409172996052e-08,0.20401467192596762,0.19031830457027993,0.1931402278860631,0.15080909077822274,0.13445225472107758,0.10912154462145783,-0.14425477114054827,-0.032362734583058994,-0.009967314618575016,-0.09420963011440925,0.030460638158525774,-0.016648403459865832
sample_1227,False,ok,multi_seed_output\seed_1_S302109584\airfoils\sample_1227.dat,0.0893712967908829,0.35270541082164325,1.4831992908165281e-08,1.3166409172996052e-08,0.11813272230748217,0.21254584477366445,0.16219411572934225,0.22923992582625244,0.2203968205451472,0.09605958022233299,-0.10912883435135604,-0.028721794859695643,-0.04813077561787504,-0.01218272509797258,-0.09325980105462418,-0.07064265406046936
sample_1228,False,ok,multi_seed_output\seed_1_S302109584\airfoils\sample_1228.dat,0.08722556615890248,0.3166332665330661,1.4831992908165281e-08,1.3166409172996052e-08,0.2143113406535582,0.16301093080331983,0.20805178967256913,0.16198083464909802,0.2266005744851694,0.2032012102487564,-0.07903045773600248,-0.039718411215475535,-0.004559908557289452,-0.06561409676960116,-0.07886888335538494,-0.07113334940966332
sample_1229,False,ok,multi_seed_output\seed_1_S302109584\airfoils\sample_1229.dat,0.10393113021753086,0.22645290581162322,1.4831992908165281e-08,1.3166409172996052e-08,0.18228084902019664,0.24267811279190998,0.15078102492972248,0.18800901292764605,0.14602939883533206,0.15206655036623126,-0.12444622001203796,-0.09989342898364648,-0.020229358996661978,-0.04144074834237814,-0.04070819484954738,0.02297011358822368
sample_1230,False,ok,multi_seed_output\seed_1_S302109584\airfoils\sample_1230.dat,0.09642127620254441,0.3306613226452906,1.4831992908165281e-08,1.3166409172996052e-08,0.1852958913853211,0.2174242944069828,0.2121546672787036,0.22220010388631625,0.15385127022844103,0.18912759337481636,-0.04021959356401712,-0.04696241334666619,-0.029445247411132955,-0.05791339579891162,-0.023260001624158075,-0.01637290304507283
sample_1231,False,ok,multi_seed_output\seed_1_S302109584\airfoils\sample_1231.dat,0.10324736763620518,0.2865731462925851,1.4831992908165281e-08,1.3166409172996052e-08,0.16281279910313928,0.24908882468868654,0.2250359811770049,0.1410843418296345,0.14060512517921098,0.19554753785332685,-0.03295248778613234,-0.08116896198293133,-0.08239129536771286,0.0067891206581529445,-0.0009211841095714685,-0.015357665336311069
sample_1232,False,ok,multi_seed_output\seed_1_S302109584\airfoils\sample_1232.dat,0.10264731409615124,0.2725450901803607,1.4831992908165281e-08,1.3166409172996052e-08,0.22997267179898917,0.18783592716221292,0.2656591861854737,0.2099097746395824,0.16768310208417803,0.1010423265189308,-0.1132787790629472,-0.05044669231319532,-0.018549596835045548,-0.009877113147618952,-0.04904718462207262,-0.0726535614020529
sample_1233,False,ok,multi_seed_output\seed_1_S302109584\airfoils\sample_1233.dat,0.11789646471633652,0.31462925851703405,1.4831992908165281e-08,1.3166409172996052e-08,0.13700913937057407,0.20940586393415955,0.2701630461716369,0.19094685316015508,0.22395299682517172,0.2181888231604801,-0.12019875612849534,-0.11239377675996919,-0.10056498639176491,0.002843682176400908,-0.06211973528035813,-0.04551257203168986
sample_1234,False,ok,multi_seed_output\seed_1_S302109584\airfoils\sample_1234.dat,0.07375752208731612,0.45290581162324645,1.4831992908165281e-08,1.3166409172996052e-08,0.14599031319559333,0.15543832212744185,0.18705335767889814,0.16696505737925357,0.21662449288912256,0.20855851837376807,-0.03869041948676395,-0.013185546843885398,0.0037194096149196776,-0.03198664159902777,-0.08518198323208442,-0.07622341626043838
sample_1235,False,ok,multi_seed_output\seed_1_S302109584\airfoils\sample_1235.dat,0.09065387052464988,0.2865731462925851,1.4831992908165281e-08,1.3166409172996052e-08,0.10828219708073966,0.16030130600133738,0.21954428130585285,0.1387407104381581,0.212394032767816,0.16328946415293538,-0.11979430949456221,-0.09858533257886219,-0.03364709865199231,-0.008691538863046619,-0.021308980143891154,-0.009347066671913415
sample_1236,False,ok,multi_seed_output\seed_1_S302109584\airfoils\sample_1236.dat,0.08911616628779268,0.2444889779559118,1.4831992908165281e-08,1.3166409172996052e-08,0.2212549988578152,0.2571446239669809,0.19419829956570872,0.14735175198315575,0.11917458154080626,0.20655750821941093,-0.03067939564276484,-0.016481394585475373,-0.016112892692479938,0.008299360973642367,0.007992728614235722,-0.08485190678073282
sample_1237,False,ok,multi_seed_output\seed_1_S302109584\airfoils\sample_1237.dat,0.08351424396859493,0.3987975951903807,1.4831992908165281e-08,1.3166409172996052e-08,0.17264985790917545,0.1643550540103518,0.26452703961452056,0.23752946775532452,0.18997145711830193,0.17314208353616978,-0.057431567714978704,0.010822851371274755,0.02855299145633823,-0.05388579282170449,0.029667152240059197,0.03829703796638051
sample_1238,False,ok,multi_seed_output\seed_1_S302109584\airfoils\sample_1238.dat,0.0785607740804595,0.30260521042084165,1.4831992908165281e-08,1.3166409172996052e-08,0.11084224137013089,0.21610068083648773,0.16933973872780766,0.2317190342652217,0.12058146099404622,0.21579858285851217,-0.05353767378204735,-0.050337346097206234,0.015845924088403157,0.014679547542743712,-0.03832453714572836,-0.07662261799894603
sample_1239,False,ok,multi_seed_output\seed_1_S302109584\airfoils\sample_1239.dat,0.08958225366359004,0.344689378757515,1.4831992908165281e-08,1.3166409172996052e-08,0.1293389224705207,0.21479676525538283,0.2615502449083961,0.2422027318663163,0.12742890885076222,0.1028242135541201,-0.06252595878804838,-0.003139376592473278,-0.021287825879801436,0.0237057900768418,-0.025028596933420313,0.03020347645345424
sample_1240,False,ok,multi_seed_output\seed_1_S302109584\airfoils\sample_1240.dat,0.09551699664452967,0.2925851703406813,1.4831992908165281e-08,1.3166409172996052e-08,0.1542185213196218,0.2484160258678786,0.16783668852661537,0.242076140015996,0.22019420254723648,0.1386272230384875,-0.08194878349074824,-0.06108006862395711,-0.014074691421301855,-0.010038944261557992,-0.05992575859599728,-0.051329321054099056
sample_1241,False,ok,multi_seed_output\seed_1_S302109584\airfoils\sample_1241.dat,0.10920341281340307,0.30861723446893785,1.4831992908165281e-08,1.3166409172996052e-08,0.20652461872460384,0.2646689434529627,0.16666387725296175,0.23564797011538252,0.15554843874471808,0.19833075507685788,-0.03074124900152872,-0.07244399457583152,-0.0931951379500722,-0.06134283457782678,0.0318631688538787,-0.006227250338164375
sample_1242,False,ok,multi_seed_output\seed_1_S302109584\airfoils\sample_1242.dat,0.0994999000283723,0.3166332665330661,1.4831992908165281e-08,1.3166409172996052e-08,0.16179066291150088,0.20616189416279454,0.22374855393440346,0.16096142024872112,0.16852421892359656,0.2082608891082849,-0.09170937436095897,-0.057951718142356175,-0.0524601142415045,-0.05535808078358265,-0.07977167886554805,-0.051988627375106324
sample_1243,False,ok,multi_seed_output\seed_1_S302109584\airfoils\sample_1243.dat,0.09484830390462758,0.2725450901803607,1.4831992908165281e-08,1.3166409172996052e-08,0.20744869625313858,0.16951944455438536,0.18550805021746958,0.25454161482966586,0.20437310468606687,0.1931348290322912,-0.14832165203511602,-0.029248157483962436,-0.0533078729065503,-0.0011047656431111136,-0.06797982654411223,0.0100777798703338
sample_1244,False,ok,multi_seed_output\seed_1_S302109584\airfoils\sample_1244.dat,0.07198997543725053,0.3386773547094188,1.4831992908165281e-08,1.3166409172996052e-08,0.11285826657202101,0.16574034176770658,0.18254703503330633,0.19869674487360012,0.1740352001748953,0.17665706888595345,-0.058805769501447586,-0.038940212177116504,0.024822877848210093,-0.032848082371604526,0.018042119719974742,0.042960257993610335
sample_1245,False,ok,multi_seed_output\seed_1_S302109584\airfoils\sample_1245.dat,0.08317791925611696,0.3987975951903807,1.4831992908165281e-08,1.3166409172996052e-08,0.12510586177653157,0.16451259519602163,0.2512320028446788,0.20773325980283947,0.2113575488049162,0.19820892863913345,-0.0799974017996767,0.004411457347762812,-0.014993281214861195,-0.0007282386577229932,-0.037104717877090056,-0.05795458977548077
sample_1246,False,ok,multi_seed_output\seed_1_S302109584\airfoils\sample_1246.dat,0.10863578543953585,0.3006012024048096,1.4831992908165281e-08,1.3166409172996052e-08,0.11668981362800085,0.2708957867923071,0.26810163425087885,0.2014950891548632,0.1840604746001603,0.15389225205869211,-0.07524035938097592,-0.10361506348987264,0.011934898648829448,-0.03872044651034215,0.012643784309048514,-0.05141073898672196
sample_1247,False,ok,multi_seed_output\seed_1_S302109584\airfoils\sample_1247.dat,0.093486459869324,0.2785571142284569,1.4831992908165281e-08,1.3166409172996052e-08,0.1466859278504387,0.2161738609638294,0.22432826989182988,0.1785119039556236,0.17978144579086924,0.11446937215928307,-0.14369521012703998,-0.00895743758218187,-0.050761715925494284,0.00879858674486679,-0.021441934006439095,-0.017894240080759613
sample_1248,False,ok,multi_seed_output\seed_1_S302109584\airfoils\sample_1248.dat,0.08510134070198383,0.2885771543086172,1.4831992908165281e-08,1.3166409172996052e-08,0.18056567292624542,0.1546053096012778,0.21409757899323664,0.14844000941228516,0.18380028149457175,0.19328051832343243,-0.04297683675734039,-0.0940145607301074,0.0068545203926885095,-0.026189431259906665,-0.07110485116575391,0.0009321006682100619
sample_1249,False,ok,multi_seed_output\seed_1_S302109584\airfoils\sample_1249.dat,0.10537972659676498,0.23847695390781562,1.4831992908165281e-08,1.3166409172996052e-08,0.1798874874776223,0.27057949438182916,0.16564051316524084,0.1303047751899649,0.11124063627415431,0.12656788787133683,-0.13867306618752387,-0.03403518489439021,-0.09882934241918756,-0.02341470914779953,0.031094869408898176,-0.04860608211162898
sample_1250,False,ok,multi_seed_output\seed_1_S302109584\airfoils\sample_1250.dat,0.10166975659828803,0.3306613226452906,1.4831992908165281e-08,1.3166409172996052e-08,0.18733109941225862,0.22306171588409568,0.20541900214880454,0.24509115062189174,0.2308271205338878,0.20208712172594406,-0.07712597654209509,-0.04627537555942565,-0.05451830682472936,-0.010873000090870638,-0.05483014343984038,-0.08392386873729038
sample_1251,False,ok,multi_seed_output\seed_1_S302109584\airfoils\sample_1251.dat,0.0929161654966339,0.3006012024048096,1.4831992908165281e-08,1.3166409172996052e-08,0.2083154054864913,0.15881963549346384,0.17097839075823545,0.2367139623346283,0.1547934184472574,0.1610223106507345,-0.023439645535943132,-0.11041552090336834,-0.05381212232810961,-0.005094788784419754,-0.009837084625420378,0.004524011883537779
sample_1252,False,ok,multi_seed_output\seed_1_S302109584\airfoils\sample_1252.dat,0.09645470464446426,0.3106212424849699,1.4831992908165281e-08,1.3166409172996052e-08,0.1614749207864199,0.19160707487674997,0.22253349346272353,0.18669976035577399,0.13313656423397363,0.1331422717276976,-0.10947528641137022,-0.028376303817616536,-0.08123545861390279,-0.02402796367766434,-0.035456042010148986,0.04479235155247338
sample_1253,False,ok,multi_seed_output\seed_1_S302109584\airfoils\sample_1253.dat,0.08104682827649021,0.2925851703406813,1.4831992908165281e-08,1.3166409172996052e-08,0.20116818315912127,0.16856055707821901,0.20356920420924496,0.18067013635376739,0.14455225890696893,0.1467729040523319,-0.04792925918960354,-0.023707277061296897,-0.025970111585236405,-0.011141780625579023,0.020522856504988973,-0.04883701589276165
sample_1254,False,ok,multi_seed_output\seed_1_S302109584\airfoils\sample_1254.dat,0.09193693526098919,0.2945891783567134,1.4831992908165281e-08,1.3166409172996052e-08,0.19345020228656828,0.19955706115377925,0.25330395962473085,0.22362786161211565,0.1941475266741278,0.14449924344840415,-0.09119457662931178,-0.011750544185421014,-0.017858500427367655,0.02805960787256956,-0.009311932448459279,-0.061778938802786836
sample_1255,False,ok,multi_seed_output\seed_1_S302109584\airfoils\sample_1255.dat,0.09574687475493798,0.30861723446893785,1.4831992908165281e-08,1.3166409172996052e-08,0.1376550500830503,0.2514769515141037,0.20785105291722222,0.1843638473131473,0.1847780308542356,0.186468274367368,-0.11188696100513987,-0.03266824474327222,0.009335783525184688,-0.08685412635951922,-0.08642671984768997,-0.019986121177423613
sample_1256,False,ok,multi_seed_output\seed_1_S302109584\airfoils\sample_1256.dat,0.10603324298742123,0.3226452905811623,1.4831992908165281e-08,1.3166409172996052e-08,0.2108334981719429,0.18396394894825563,0.25060402275810173,0.17410858335062399,0.1802725885185751,0.15413454566275586,-0.10044432996892748,-0.04245659917538533,-0.08610562027522987,-0.06229582234787417,-0.052465601244779426,0.03541343305921994
sample_1257,False,ok,multi_seed_output\seed_1_S302109584\airfoils\sample_1257.dat,0.10773832688902163,0.37675350701402804,1.4831992908165281e-08,1.3166409172996052e-08,0.10927045505806307,0.27022772298095044,0.24011511643312095,0.24816966433415855,0.18312735723280701,0.1339351626059104,-0.07954014692737488,-0.00010070321385009795,-0.07408647256822838,-0.04731055494678423,-0.07346533570348773,-0.07576882208674557
sample_1258,False,ok,multi_seed_output\seed_1_S302109584\airfoils\sample_1258.dat,0.10276197725533942,0.2945891783567134,1.4831992908165281e-08,1.3166409172996052e-08,0.2150779757826366,0.21093005949275867,0.19803185310281352,0.1857571961961955,0.23065361966858436,0.14565141896697978,-0.11132032950930976,-0.028574779510247977,-0.08741979018132734,-0.05747211902589373,0.018206470805005023,-0.07951255708341701
sample_1259,False,ok,multi_seed_output\seed_1_S302109584\airfoils\sample_1259.dat,0.07232443482520703,0.22444889779559116,1.4831992908165281e-08,1.3166409172996052e-08,0.208543840156102,0.1661425711744413,0.16122604293879322,0.17713817106262159,0.12557468232684416,0.19844334529098395,-0.062477012615178906,-0.0029549978746191974,-0.004411754394173392,0.012740335652837928,-0.07183040733573487,0.021343115718309158
sample_1260,False,ok,multi_seed_output\seed_1_S302109584\airfoils\sample_1260.dat,0.10906632889563449,0.2444889779559118,1.4831992908165281e-08,1.3166409172996052e-08,0.1592519499827958,0.2719415675956558,0.21128664397713276,0.17695205529764638,0.2033703575949224,0.19969806946997834,-0.12585549465330387,-0.1018855059629888,-0.0012603551414678699,-0.0008899219423869065,-0.027975419152342598,0.02427414204959727
sample_1261,False,ok,multi_seed_output\seed_1_S302109584\airfoils\sample_1261.dat,0.09303924808755944,0.3607214428857715,1.4831992908165281e-08,1.3166409172996052e-08,0.11584853826184861,0.19881924780956428,0.22671867013597252,0.21227463411844788,0.20705361511023235,0.18395475350736828,-0.052865420475116276,-0.022642256752866657,-0.08620320187883072,0.021947013672681384,-0.04369194970748008,-0.0028213340247007224
sample_1262,False,ok,multi_seed_output\seed_1_S302109584\airfoils\sample_1262.dat,0.09160332972669188,0.3246492985971944,1.4831992908165281e-08,1.3166409172996052e-08,0.12160994550027013,0.26304514654975364,0.20206921719296975,0.1442616301038434,0.17719131883307604,0.13622886682214658,-0.08258467650945082,0.01157139290384765,-0.056683264150936226,-0.0560984054629122,-0.05038782881316406,-0.04350189904175404
sample_1263,False,ok,multi_seed_output\seed_1_S302109584\airfoils\sample_1263.dat,0.07575962354616352,0.39078156312625245,1.4831992908165281e-08,1.3166409172996052e-08,0.12364088315976121,0.17173265317092806,0.17776883451507275,0.13365388372071607,0.20394919103342266,0.21546846485168913,-0.029482265776235667,-0.00043788817829243376,-0.04925380012056316,-0.0686884254681402,-0.005022446013250886,0.03004788731186568
sample_1264,False,ok,multi_seed_output\seed_1_S302109584\airfoils\sample_1264.dat,0.09630726411931884,0.280561122244489,1.4831992908165281e-08,1.3166409172996052e-08,0.13829118767439402,0.1587112202992169,0.2714833923847472,0.22732446206741339,0.15690594175394312,0.17583553050051182,-0.14160345990824963,-0.10031131579208563,0.0262613429416491,0.0004732107694067761,0.0045460255822531576,0.04037403414747068
sample_1265,False,ok,multi_seed_output\seed_1_S302109584\airfoils\sample_1265.dat,0.10394867582365092,0.3306613226452906,1.4831992908165281e-08,1.3166409172996052e-08,0.12834280106277943,0.2570506659248395,0.17590984253142833,0.23689903340598073,0.21598977011877774,0.14319718910203255,-0.10497069893165156,-0.049483629626153686,-0.0646313033145017,-0.044666870507200244,-0.08362589364313967,0.005050962556637992
sample_1266,False,ok,multi_seed_output\seed_1_S302109584\airfoils\sample_1266.dat,0.12549110014204146,0.25250501002004005,1.4831992908165281e-08,1.3166409172996052e-08,0.20579239598059873,0.27350567822333954,0.21435596930603376,0.1980785101317497,0.21775810444136873,0.22123032186302752,-0.14544263105748365,-0.10945056070544687,-0.07242719814787933,-0.02994512421244963,-0.052123219453146984,0.023675321928155676
sample_1267,False,ok,multi_seed_output\seed_1_S302109584\airfoils\sample_1267.dat,0.09747065700632965,0.25250501002004005,1.4831992908165281e-08,1.3166409172996052e-08,0.14219059314079666,0.24425563858842783,0.15760649330385196,0.23611207656381916,0.22244158022450297,0.21450236261779654,-0.13435891715580187,-0.08048399687670876,0.02144347556938958,-0.07026198308700357,0.03527538688010946,-0.07481724064617234
sample_1268,False,ok,multi_seed_output\seed_1_S302109584\airfoils\sample_1268.dat,0.11845771630974058,0.24649298597194386,1.4831992908165281e-08,1.3166409172996052e-08,0.214653334979695,0.2470839867056432,0.24704192798759184,0.19666937682088523,0.1347889952238195,0.09709883899632518,-0.13961105738523782,-0.08591360738610254,-0.06518185302508013,0.025304969103398828,-0.03914093572233714,-0.07140874940966058
sample_1269,False,ok,multi_seed_output\seed_1_S302109584\airfoils\sample_1269.dat,0.10467159078475632,0.2885771543086172,1.4831992908165281e-08,1.3166409172996052e-08,0.18395442618157914,0.25478817462527276,0.15869784344978605,0.16662712124550136,0.2102002104696102,0.21774778732071737,-0.06065151603177703,-0.09165630815655007,-0.04844832857276238,-0.09521715522538801,-0.06228430655878259,-0.07559417022191602
sample_1270,False,ok,multi_seed_output\seed_1_S302109584\airfoils\sample_1270.dat,0.08547752322064776,0.280561122244489,1.4831992908165281e-08,1.3166409172996052e-08,0.13839411019943107,0.15815501516725816,0.2373344688828931,0.21816055574582416,0.16651364080012843,0.22399997810679143,-0.12680926315465207,-0.059365294428968034,0.018880113394266748,0.010662833962743909,0.022006015009337937,-0.05059423524431479
sample_1271,False,ok,multi_seed_output\seed_1_S302109584\airfoils\sample_1271.dat,0.09152995885261414,0.24649298597194386,1.4831992908165281e-08,1.3166409172996052e-08,0.20967985902798283,0.20209246555562982,0.20098341117342422,0.17074744608808912,0.12156555648390228,0.18262038532567698,-0.07816927426776896,-0.05515171748714137,-0.0051184208196694,-0.01867359759226389,-0.07514917970998762,0.03781709115221832
sample_1272,False,ok,multi_seed_output\seed_1_S302109584\airfoils\sample_1272.dat,0.08873717005975039,0.1943887775551102,1.4831992908165281e-08,1.3166409172996052e-08,0.20168373551024793,0.2045676971853138,0.1853773343266674,0.12723106517364105,0.16465453502902133,0.1214143759639504,-0.1230963486073649,-0.03702758423146474,0.02315881174357834,-0.03235142183996102,-0.011859325805330001,-0.05336553616480215
sample_1273,False,ok,multi_seed_output\seed_1_S302109584\airfoils\sample_1273.dat,0.09515438893490531,0.25250501002004005,1.4831992908165281e-08,1.3166409172996052e-08,0.19879742638543363,0.24055357399815713,0.24723960399588601,0.23824767155739468,0.10664717896716107,0.19786158871676773,-0.1173001559284069,-0.001197952046587944,0.01277950851242432,0.03033133141093787,-0.08207093227907267,-0.06390603256120277
sample_1274,False,ok,multi_seed_output\seed_1_S302109584\airfoils\sample_1274.dat,0.10529023124708906,0.25250501002004005,1.4831992908165281e-08,1.3166409172996052e-08,0.11039624804387378,0.2706463755867061,0.18427628170648774,0.19457924826041778,0.14895944572909076,0.13805978704721117,-0.14803463524453372,-0.10581017650370629,0.01658024580487287,-0.08125083395705057,0.016095025513722078,0.006530246042341842
sample_1275,False,ok,multi_seed_output\seed_1_S302109584\airfoils\sample_1275.dat,0.10245134792697369,0.2444889779559118,1.4831992908165281e-08,1.3166409172996052e-08,0.23219817795787256,0.17361342298582877,0.20387517356895588,0.19630258309887982,0.11681334828851507,0.18257281463858116,-0.12116391685704891,-0.08530253838862444,-0.025444163539232234,-0.08472018927487192,0.0088027048749285,0.021365460209729667
sample_1276,False,ok,multi_seed_output\seed_1_S302109584\airfoils\sample_1276.dat,0.1098436015931584,0.2665330661322645,1.4831992908165281e-08,1.3166409172996052e-08,0.2271415460103624,0.17761780503924673,0.2342010639272013,0.1450691581708668,0.1155569212506359,0.18437891344364682,-0.12398044371695767,-0.08700528538579266,-0.08156333602243182,-0.06150149545781722,-0.08354230527713026,0.0011819799160702055
sample_1277,False,ok,multi_seed_output\seed_1_S302109584\airfoils\sample_1277.dat,0.08457088991640423,0.3226452905811623,1.4831992908165281e-08,1.3166409172996052e-08,0.10552727172802681,0.19083138465866617,0.20346853116699926,0.18794347719068683,0.12530593267104323,0.15028526791910196,-0.10838531302225583,0.0002455376361506917,-0.08287085315966199,0.007890806608014056,0.02126118083618972,0.03929712885877698
sample_1278,False,ok,multi_seed_output\seed_1_S302109584\airfoils\sample_1278.dat,0.09065648921442865,0.35270541082164325,1.4831992908165281e-08,1.3166409172996052e-08,0.1784519573712321,0.1555079117987508,0.20625403737125753,0.19586845645434808,0.1872861493953307,0.21795415699181508,-0.02573893133077791,-0.08317871698037763,-0.04034169197097789,-0.025818875315347614,-0.08212391093190094,-0.01677092522713139
sample_1279,False,ok,multi_seed_output\seed_1_S302109584\airfoils\sample_1279.dat,0.07739288563973645,0.35270541082164325,1.4831992908165281e-08,1.3166409172996052e-08,0.11243851509714911,0.20179745287664713,0.19129326825510265,0.21281418388761164,0.12327139063060999,0.15072565591317594,-0.0706065756660925,0.007259448552619091,-0.007886180333889048,-0.04075966043404924,0.008339416520083798,0.018380209978906825
sample_1280,False,ok,multi_seed_output\seed_1_S302109584\airfoils\sample_1280.dat,0.0916256574145353,0.23847695390781562,1.4831992908165281e-08,1.3166409172996052e-08,0.21125222926868187,0.15091760314676486,0.19005721544550147,0.15873370315086902,0.16741202265640354,0.1628800837136507,-0.1167608869723148,-0.0673809507703881,-0.03739514498873288,-0.029609871682446776,-0.05910849789793644,0.017611919618701816
sample_1281,False,ok,multi_seed_output\seed_1_S302109584\airfoils\sample_1281.dat,0.10891011602130678,0.3386773547094188,1.4831992908165281e-08,1.3166409172996052e-08,0.11025267853028645,0.2189338388226914,0.2719132421178525,0.18557394189914322,0.11257034311336946,0.1318394120202441,-0.09350924972783309,-0.0705153560937308,-0.06342044621447591,-0.07892235585740634,-0.03763301395436428,-0.03540759670997298
sample_1282,False,ok,multi_seed_output\seed_1_S302109584\airfoils\sample_1282.dat,0.10989125333559518,0.3386773547094188,1.4831992908165281e-08,1.3166409172996052e-08,0.12263726905777296,0.2588135336051816,0.27329386786678145,0.19619527430659905,0.2295469005530522,0.19370735254200191,-0.14919650503296172,0.00511860951679434,-0.06532510424586627,-0.08143373720364132,0.028144956249364167,0.033251756127996066
sample_1283,False,ok,multi_seed_output\seed_1_S302109584\airfoils\sample_1283.dat,0.1007755532502759,0.30861723446893785,1.4831992908165281e-08,1.3166409172996052e-08,0.19646302674768232,0.20445159652900957,0.24153187577564245,0.18866523156827464,0.10278285166125409,0.1966464452237212,-0.1167065982437398,0.005084951590567266,-0.09536202596009777,-0.05095123968247514,0.026557538641380773,0.015303446233368476
sample_1284,False,ok,multi_seed_output\seed_1_S302109584\airfoils\sample_1284.dat,0.08917190900940784,0.25851703406813625,1.4831992908165281e-08,1.3166409172996052e-08,0.15133420921863944,0.24729222012789986,0.21425461227995557,0.21093400617900865,0.10523749093620834,0.1711437301339091,-0.1282068338494256,0.010854248075514938,-0.006589655247379478,0.01609929640259561,-0.04737136111279925,-0.08395101342023424
sample_1285,False,ok,multi_seed_output\seed_1_S302109584\airfoils\sample_1285.dat,0.09963707133019448,0.30260521042084165,1.4831992908165281e-08,1.3166409172996052e-08,0.13048777955724247,0.22762921603529424,0.2405159036028575,0.15022836483809893,0.16473385006338281,0.1750990165105899,-0.14173359505879984,-0.020731734101091734,-0.05944523692300189,-0.035635031839557026,-0.08247912992172196,-0.018070422198388753
sample_1286,False,ok,multi_seed_output\seed_1_S302109584\airfoils\sample_1286.dat,0.10390719228102945,0.2665330661322645,1.4831992908165281e-08,1.3166409172996052e-08,0.20542832165709085,0.2556178733217243,0.22477752431122466,0.14690925394749205,0.18287208635263186,0.11229640088918234,-0.04125551976919137,-0.06688876772174844,-0.06833780845256598,0.031621724543288085,-0.006425724972622449,-0.06926042223758452
sample_1287,False,ok,multi_seed_output\seed_1_S302109584\airfoils\sample_1287.dat,0.07718863353452793,0.2725450901803607,1.4831992908165281e-08,1.3166409172996052e-08,0.20072498786749637,0.18935226348213385,0.16595893214103308,0.1733108095751255,0.13452585999417457,0.10076008828052409,-0.05122853924407002,0.0034071042822712283,-0.036381807397624144,-0.015624781719663292,0.003115491212444879,-0.04833932038876409
sample_1288,False,ok,multi_seed_output\seed_1_S302109584\airfoils\sample_1288.dat,0.11087355472830474,0.344689378757515,1.4831992908165281e-08,1.3166409172996052e-08,0.21520029581131184,0.20880538033672202,0.24965316504808127,0.23596234423853452,0.1031028053310998,0.12010748946680075,-0.04354810398171463,-0.04989675774168585,-0.09787819270672693,-0.04510647347019453,-0.0785686751648817,-0.01763175639854428
sample_1289,False,ok,multi_seed_output\seed_1_S302109584\airfoils\sample_1289.dat,0.0854112403889381,0.19839679358717432,1.4831992908165281e-08,1.3166409172996052e-08,0.17733816116889298,0.198925219408016,0.15572024167526502,0.1829231839497032,0.1120511240501405,0.10751522339554571,-0.14021981445953607,-0.029737571647750913,0.021987663789840947,-0.0718815479661551,0.024419830333254886,0.04224665787220758
sample_1290,False,ok,multi_seed_output\seed_1_S302109584\airfoils\sample_1290.dat,0.08912588614230942,0.30861723446893785,1.4831992908165281e-08,1.3166409172996052e-08,0.17921444810722187,0.20777959614230745,0.16335857229084647,0.21204905750553646,0.1708127115661897,0.13357315466485015,-0.0816113409738647,-0.00585902630333672,-0.0914156924542967,0.006140757514223591,-0.01512006073301346,-0.0659356890190527
sample_1291,False,ok,multi_seed_output\seed_1_S302109584\airfoils\sample_1291.dat,0.09274950808940652,0.2945891783567134,1.4831992908165281e-08,1.3166409172996052e-08,0.12591712186208395,0.24833664978356668,0.17528706487296375,0.22654629365153595,0.1976407997978629,0.18072560135429072,-0.14891613665475437,-0.007338908482789008,-0.015671860314991903,-0.06987420199955717,0.016461527070233392,0.0431119226365399
sample_1292,False,ok,multi_seed_output\seed_1_S302109584\airfoils\sample_1292.dat,0.09008860519432982,0.30861723446893785,1.4831992908165281e-08,1.3166409172996052e-08,0.17776125301503054,0.1599193408836718,0.24429872364638666,0.23516556910995884,0.12305396226694557,0.18215756522395338,-0.07890969429763929,-0.06605975916995388,-0.0004394511214245167,0.02034055103304136,-0.08023325937997965,-0.07942926461246716
sample_1293,False,ok,multi_seed_output\seed_1_S302109584\airfoils\sample_1293.dat,0.09745201994998873,0.3306613226452906,1.4831992908165281e-08,1.3166409172996052e-08,0.18016357098555172,0.18250621683474796,0.25377746730998535,0.16678424550793014,0.17415337839504547,0.21690888004061618,-0.09743330843412826,-0.024498362029609325,-0.06642785890926817,-0.02822899558215028,-0.0627046071635955,-0.07563954222693345
sample_1294,False,ok,multi_seed_output\seed_1_S302109584\airfoils\sample_1294.dat,0.09732640294103935,0.2725450901803607,1.4831992908165281e-08,1.3166409172996052e-08,0.14112939074727648,0.2689325687663393,0.2583446522197774,0.189572149140981,0.14191522560818964,0.1601165168001093,-0.14842277797256193,0.0074361009724836225,0.00848366730901065,-0.019761514465246793,-0.020955287018864593,-0.07551208612108265
sample_1295,False,ok,multi_seed_output\seed_1_S302109584\airfoils\sample_1295.dat,0.08839167327498862,0.25851703406813625,1.4831992908165281e-08,1.3166409172996052e-08,0.2043147194806258,0.18853044673534972,0.22924859124787728,0.2328887264018893,0.14798123281924347,0.12689518658012797,-0.12106642586998353,0.0003312136467817639,-0.009273027536034928,0.025880454037456715,-0.04826818620602517,0.03861619699430911
sample_1296,False,ok,multi_seed_output\seed_1_S302109584\airfoils\sample_1296.dat,0.10918496822793214,0.2865731462925851,1.4831992908165281e-08,1.3166409172996052e-08,0.2093536154073593,0.2227444646061138,0.21466484813038703,0.18083699487770044,0.18371329686882798,0.1987185245742076,-0.09444051958302316,-0.06581694627648019,-0.09361950159257412,-0.01881069353303952,-0.07913104703010644,-0.039942336348318425
sample_1297,False,ok,multi_seed_output\seed_1_S302109584\airfoils\sample_1297.dat,0.10156895335825439,0.2725450901803607,1.4831992908165281e-08,1.3166409172996052e-08,0.13254692271168392,0.2568787847386121,0.20405223281435989,0.24011402133447768,0.14106773026206104,0.1072822844144121,-0.13374405398539754,-0.04766962749179901,-0.04433328293544847,0.02779856032749481,-0.008836883287779249,-0.02464921757678957
sample_1298,False,ok,multi_seed_output\seed_1_S302109584\airfoils\sample_1298.dat,0.0963950981237993,0.3166332665330661,1.4831992908165281e-08,1.3166409172996052e-08,0.19009656424395927,0.18493072469832222,0.16773539153581826,0.22893836716691035,0.15402469862898976,0.0967302658428225,-0.09970096252078223,-0.052695363649197705,-0.06177189270595604,-0.07974167739403396,-0.02226122171983594,0.03026366867660095
sample_1299,False,ok,multi_seed_output\seed_1_S302109584\airfoils\sample_1299.dat,0.11080702682336238,0.25250501002004005,1.4831992908165281e-08,1.3166409172996052e-08,0.22645963215236461,0.20354447434181278,0.17338079000940415,0.2399505453064401,0.11990288771794488,0.15304529195344485,-0.1295527183680383,-0.09872893234037873,-0.06372410818872204,-0.06829068880181241,0.009927440415200203,-0.07902111734455512
sample_1300,False,ok,multi_seed_output\seed_1_S302109584\airfoils\sample_1300.dat,0.10808156019615993,0.25851703406813625,1.4831992908165281e-08,1.3166409172996052e-08,0.2267936381698713,0.2718594200089166,0.2361317135244544,0.15297696495731217,0.1742024683573593,0.10041533730531253,-0.0957482840185789,-0.030342563677272172,-0.029771089581108592,-0.05405346208477817,-0.07029015856157722,-0.04204736177808666
sample_1301,False,ok,multi_seed_output\seed_1_S302109584\airfoils\sample_1301.dat,0.07862841666779409,0.25851703406813625,1.4831992908165281e-08,1.3166409172996052e-08,0.16377474407440978,0.2013631529340028,0.21358536580685888,0.13529486044802935,0.14152793211803888,0.18336042507563835,-0.08453327158787394,0.0024620303064612215,-0.010893507209381717,0.01794790861184918,-0.022490062992382834,0.031035246537556446
sample_1302,False,ok,multi_seed_output\seed_1_S302109584\airfoils\sample_1302.dat,0.10479747743929535,0.280561122244489,1.4831992908165281e-08,1.3166409172996052e-08,0.11946795663554827,0.2038924646987678,0.2308383078644579,0.19503218289305785,0.14426666029800878,0.19585957600740195,-0.13627063766214784,-0.09969929586389646,-0.07560521889572067,0.03260822219681005,0.016323359276290195,-0.026887162411158523
sample_1303,False,ok,multi_seed_output\seed_1_S302109584\airfoils\sample_1303.dat,0.09004753730097323,0.3226452905811623,1.4831992908165281e-08,1.3166409172996052e-08,0.18485556776921797,0.18105431486355153,0.25511888689273865,0.18949638917356326,0.12062615803508324,0.14731568129786826,-0.034994373553108235,-0.027611652346719917,-0.051446296556041556,0.022947066879635936,-0.0563425497411219,0.0051638632316378386
sample_1304,False,ok,multi_seed_output\seed_1_S302109584\airfoils\sample_1304.dat,0.10585500055667385,0.30260521042084165,1.4831992908165281e-08,1.3166409172996052e-08,0.1947630918533478,0.22008066221929076,0.21889392441912014,0.2384836816216224,0.11886641543929094,0.213868266118024,-0.058629166749666034,-0.09386655058726737,-0.03616810336159565,-0.03314898596583725,-0.06871390111441661,0.03186906784526608
sample_1305,False,ok,multi_seed_output\seed_1_S302109584\airfoils\sample_1305.dat,0.09360134721140516,0.24649298597194386,1.4831992908165281e-08,1.3166409172996052e-08,0.2163531385326194,0.2063072016816651,0.14642432506107425,0.18099155182097537,0.20173544041538657,0.1511295636321049,-0.06553549058503266,-0.07571889937035502,-0.043394252616686876,-0.016130861088745105,-0.048796075008054954,0.04105673039586577
sample_1306,False,ok,multi_seed_output\seed_1_S302109584\airfoils\sample_1306.dat,0.07691670002306145,0.2745490981963928,1.4831992908165281e-08,1.3166409172996052e-08,0.10833500754724683,0.19448455134695206,0.1663328628509297,0.12856824612534654,0.12526710216344852,0.21730124024905806,-0.13951933794441806,0.009182368026804888,-0.03897578345151593,-0.06306538772708117,0.035778318851117916,0.02335162282477478
sample_1307,False,ok,multi_seed_output\seed_1_S302109584\airfoils\sample_1307.dat,0.11547995187109189,0.2725450901803607,1.4831992908165281e-08,1.3166409172996052e-08,0.2036973162716747,0.26555547086329473,0.2285366054630354,0.20487623300369173,0.20000596954627706,0.15089584171114423,-0.07669061032181308,-0.09964970835213702,-0.04672432494375969,-0.025458675046470272,0.004907060280851333,-0.03971908072131437
sample_1308,False,ok,multi_seed_output\seed_1_S302109584\airfoils\sample_1308.dat,0.09922098116750047,0.2865731462925851,1.4831992908165281e-08,1.3166409172996052e-08,0.15278129896027814,0.19338421053923777,0.23479584883831,0.22185104892952956,0.10801407461375151,0.1456994881764827,-0.13851333152116785,-0.061900137026082803,-0.028592673530430823,-0.021851448520082833,-0.027493796367951642,0.03793825149397187
sample_1309,False,ok,multi_seed_output\seed_1_S302109584\airfoils\sample_1309.dat,0.08001551699249237,0.22044088176352702,1.4831992908165281e-08,1.3166409172996052e-08,0.1846009250818691,0.194880418788839,0.1462508794571993,0.1623271268809976,0.17807062190259998,0.11259612033331101,-0.05914547984252054,-0.06941127859884583,0.026770690104325354,-0.012085225876991929,-0.03162939183371835,-0.035574185020139974
sample_1310,False,ok,multi_seed_output\seed_1_S302109584\airfoils\sample_1310.dat,0.10369571230640778,0.30260521042084165,1.4831992908165281e-08,1.3166409172996052e-08,0.20840549210036086,0.22131511325393227,0.26677324807994096,0.2510479983223152,0.18894550583357264,0.1907887539078007,-0.07147826413053873,-0.06979904936553033,0.02456331590470877,-0.027054888267398644,-0.04418571128185991,0.024858792151154982
sample_1311,False,ok,multi_seed_output\seed_1_S302109584\airfoils\sample_1311.dat,0.08772787736180246,0.24649298597194386,1.4831992908165281e-08,1.3166409172996052e-08,0.18721094984393105,0.1997336761816602,0.18211008996796355,0.16435205462931535,0.1034474621217869,0.17393026908815887,-0.13532716066621003,0.013629794649843624,-0.06382158807149171,-0.029322548193662173,-0.017226602522960655,0.011870340018041908
sample_1312,False,ok,multi_seed_output\seed_1_S302109584\airfoils\sample_1312.dat,0.10986361377391955,0.3306613226452906,1.4831992908165281e-08,1.3166409172996052e-08,0.11100407916394817,0.2713484009227043,0.2549986645886479,0.18116132727808243,0.12923954694290687,0.1198736974099203,-0.037722980767862846,-0.08359568792710496,-0.04541608443042447,-0.06776301471661454,-0.08303616912748207,0.027810907296456328
sample_1313,False,ok,multi_seed_output\seed_1_S302109584\airfoils\sample_1313.dat,0.08427590671866576,0.25851703406813625,1.4831992908165281e-08,1.3166409172996052e-08,0.20660550903372255,0.1677396249779004,0.16549844264350846,0.1853303494264021,0.16718495821399415,0.10597303628338399,-0.09509031572567087,-0.030060986870405662,-0.03397110951326557,-0.024169878573650633,-0.08855779496539978,-0.03213259001276028
sample_1314,False,ok,multi_seed_output\seed_1_S302109584\airfoils\sample_1314.dat,0.07558345914956499,0.3607214428857715,1.4831992908165281e-08,1.3166409172996052e-08,0.17512824121766354,0.14911637538630326,0.18723657811056107,0.17358031456948939,0.1517769780232773,0.11571107694746191,-0.039479321151824315,0.009742862382864703,-0.05718818034787371,-0.04321500007881775,0.025535674342775372,0.04191631643979718
sample_1315,False,ok,multi_seed_output\seed_1_S302109584\airfoils\sample_1315.dat,0.11134658973063727,0.3306613226452906,1.4831992908165281e-08,1.3166409172996052e-08,0.13845118693273656,0.21735282162821012,0.24892148644535736,0.20506363150236495,0.1387443499075259,0.1297402314302659,-0.13360557436865203,-0.06334626497280722,-0.07232754898605305,-0.07542895001769272,-0.06499415769834682,-0.0430638261765018
sample_1316,False,ok,multi_seed_output\seed_1_S302109584\airfoils\sample_1316.dat,0.11026243857242031,0.25851703406813625,1.4831992908165281e-08,1.3166409172996052e-08,0.12895716936161228,0.25393768745442424,0.19791501285175128,0.20339854941163932,0.18530034788720814,0.15176273855506683,-0.1469991721235354,-0.11356832711069766,-0.031109638598639702,-0.01795119762356759,-0.02496559271635465,0.03870673147307685
sample_1317,False,ok,multi_seed_output\seed_1_S302109584\airfoils\sample_1317.dat,0.10775092430898814,0.30861723446893785,1.4831992908165281e-08,1.3166409172996052e-08,0.11379727868741292,0.26480548337584786,0.2678640687052924,0.21956435274585756,0.13013228456958176,0.11070837839941329,-0.14587297396178633,-0.049312098193739815,0.010989739301881324,-0.0798121934439502,-0.04972765667750933,0.03852477777666366
sample_1318,False,ok,multi_seed_output\seed_1_S302109584\airfoils\sample_1318.dat,0.09629052882342008,0.23246492985971942,1.4831992908165281e-08,1.3166409172996052e-08,0.20238836256771686,0.26154524673154705,0.20291303665947824,0.18166198105760933,0.21350478069341366,0.09463332199251975,-0.10510933625531377,-0.027360286122800573,0.028963799812775956,-0.035474176741811685,-0.05983855450222766,-0.07620357582070252
sample_1319,False,ok,multi_seed_output\seed_1_S302109584\airfoils\sample_1319.dat,0.11284213720631339,0.2945891783567134,1.4831992908165281e-08,1.3166409172996052e-08,0.17788385090090197,0.234972246490534,0.27222902105922175,0.20742746758288721,0.1532093167958526,0.18934953730822715,-0.08845735417910452,-0.08429876884314365,-0.05839988193352258,0.012483466043796285,-0.06151477627172601,-0.05731902613087192
sample_1320,False,ok,multi_seed_output\seed_1_S302109584\airfoils\sample_1320.dat,0.10347361466181497,0.2785571142284569,1.4831992908165281e-08,1.3166409172996052e-08,0.15307658910496152,0.23543230212265914,0.20698860441604816,0.16516795973044004,0.19358177074354296,0.17337822144703474,-0.07749494082024175,-0.09141652196023872,-0.07969934965778523,0.030227453302473825,-0.01077267388656486,0.03482348441600848
sample_1321,False,ok,multi_seed_output\seed_1_S302109584\airfoils\sample_1321.dat,0.10236923884090438,0.2745490981963928,1.4831992908165281e-08,1.3166409172996052e-08,0.14572601127729265,0.2670230333271861,0.2601474025771283,0.136936633044053,0.2120423535702201,0.1816353174582701,-0.14763299753737358,-0.013802792006368803,-0.001687361394040049,-0.08409153910023419,0.028105897268036126,-0.06757879387641087
sample_1322,False,ok,multi_seed_output\seed_1_S302109584\airfoils\sample_1322.dat,0.094250716650167,0.26452905811623245,1.4831992908165281e-08,1.3166409172996052e-08,0.21746239489203556,0.2522185859168479,0.21113402839429096,0.20047910476859482,0.12435036755712318,0.19794938685280558,-0.023820068467487687,-0.0565117725726579,0.024452961968000356,-0.033906252829267514,0.005914142447346782,0.039912891843209564
sample_1323,False,ok,multi_seed_output\seed_1_S302109584\airfoils\sample_1323.dat,0.10740237808155133,0.26452905811623245,1.4831992908165281e-08,1.3166409172996052e-08,0.23350888233240377,0.22191351541267906,0.26742305272793643,0.12965956705986648,0.13642861344406626,0.22309784725272327,-0.07517267492050793,-0.057288593066563705,-0.06999001267634278,-0.001474133849749662,0.017825821991890395,0.012207046613547476
sample_1324,False,ok,multi_seed_output\seed_1_S302109584\airfoils\sample_1324.dat,0.11795891790136462,0.25250501002004005,1.4831992908165281e-08,1.3166409172996052e-08,0.17152094657528258,0.2530359894800623,0.2185289435941749,0.21487608068506242,0.11800008128999148,0.2222734800584772,-0.14095753372762332,-0.11439097325474305,-0.07177340944023144,0.023750233918390484,0.0138421129871458,0.012082704713497303
sample_1325,False,ok,multi_seed_output\seed_1_S302109584\airfoils\sample_1325.dat,0.1172414562987937,0.24048096192384769,1.4831992908165281e-08,1.3166409172996052e-08,0.23339619400768277,0.26108647917991024,0.1562411618379021,0.1836892531675452,0.18669992540245056,0.19131136048049666,-0.1056397536773165,-0.10823801436439154,-0.07727689579988609,-0.0596722968293396,-0.009915019142330395,0.02834119943056576
sample_1326,False,ok,multi_seed_output\seed_1_S302109584\airfoils\sample_1326.dat,0.08955632608834808,0.2064128256513026,1.4831992908165281e-08,1.3166409172996052e-08,0.21171360733764139,0.16469426704861137,0.17275173238429403,0.16892832644345873,0.23007827342468232,0.2054104574314081,-0.14574844616456892,-0.024807321070359087,-0.04427391741144565,-0.007433603157495805,-0.07897887345892027,-0.06102451743349283
sample_1327,False,ok,multi_seed_output\seed_1_S302109584\airfoils\sample_1327.dat,0.06998025191993106,0.2865731462925851,1.4831992908165281e-08,1.3166409172996052e-08,0.17001566348010305,0.16553283656834336,0.21564207501724392,0.13303874976107297,0.20659213440890606,0.1378783825031203,-0.02151915341949842,-0.022010778992081675,0.017898487034585783,0.011345922386831131,0.019981954944566366,0.04063684699770084
sample_1328,False,ok,multi_seed_output\seed_1_S302109584\airfoils\sample_1328.dat,0.07649460018475393,0.16432865731462926,1.4831992908165281e-08,1.3166409172996052e-08,0.20092504918648751,0.153120438196909,0.14813994412887202,0.15317782930876014,0.2223165392156159,0.14108942512653805,-0.12608097658391482,-0.010622614575017966,0.028898558991461223,-0.08833933221284386,0.01606226504836443,-0.07838977894302832
sample_1329,False,ok,multi_seed_output\seed_1_S302109584\airfoils\sample_1329.dat,0.10635076736248132,0.2725450901803607,1.4831992908165281e-08,1.3166409172996052e-08,0.18183404709160877,0.2736118677116095,0.1965943714335909,0.17957064581100202,0.19796112084837014,0.11903460831803164,-0.05766763433836035,-0.09748034043437925,-0.009334932639106147,-0.05759464126068868,-0.058098159396265794,-0.014367358661326268
sample_1330,False,ok,multi_seed_output\seed_1_S302109584\airfoils\sample_1330.dat,0.09750124292417013,0.3987975951903807,1.4831992908165281e-08,1.3166409172996052e-08,0.13205747639596543,0.1923023012196193,0.2478285285000974,0.1969017987632375,0.1735069489593035,0.09497764184676569,-0.03029609426125758,0.001910144775521025,-0.09136368821816583,-0.05685294551711734,-0.0678282138255178,0.023606276178979993
sample_1331,False,ok,multi_seed_output\seed_1_S302109584\airfoils\sample_1331.dat,0.09629409743273201,0.280561122244489,1.4831992908165281e-08,1.3166409172996052e-08,0.14605360467263537,0.23764599495453745,0.23603726414391385,0.13451936706414808,0.21460599886037124,0.1885277821720845,-0.11385432698986181,-0.03503993305444364,-0.021192603001246563,-0.018543237792975606,-0.09296294532506262,-0.02653653486675732
sample_1332,False,ok,multi_seed_output\seed_1_S302109584\airfoils\sample_1332.dat,0.10421486995304902,0.2725450901803607,1.4831992908165281e-08,1.3166409172996052e-08,0.1908647972305907,0.19510240554732058,0.2633447489418392,0.20526957615749641,0.15063557424498975,0.11580780817209992,-0.14882579839350787,-0.06847112809961396,0.018242414908536897,-0.08160121853318092,-0.030598538607313264,0.002376376700794755
sample_1333,False,ok,multi_seed_output\seed_1_S302109584\airfoils\sample_1333.dat,0.10118350867333623,0.31462925851703405,1.4831992908165281e-08,1.3166409172996052e-08,0.21005613861266834,0.17346186747568068,0.23984186048976786,0.19730036932458073,0.1228505985270971,0.19982396865754734,-0.06529062098408095,-0.047843411070955105,-0.10041070556790785,-0.02677501496420144,0.03268775464631672,0.0358736392668645
sample_1334,False,ok,multi_seed_output\seed_1_S302109584\airfoils\sample_1334.dat,0.09486250546976958,0.2885771543086172,1.4831992908165281e-08,1.3166409172996052e-08,0.19448263087088016,0.17145230102512082,0.19685301027295363,0.19653176312380571,0.1700322540001762,0.20121882330393576,-0.056712234654774735,-0.09040679061027601,-0.06591683778758888,0.03056699919003726,-0.07818548483361504,-0.08083748987839313
sample_1335,False,ok,multi_seed_output\seed_1_S302109584\airfoils\sample_1335.dat,0.09803966490886842,0.2945891783567134,1.4831992908165281e-08,1.3166409172996052e-08,0.1523996674907488,0.2527133119517546,0.22843401674045838,0.19124574458678711,0.22367392690708943,0.17748413425067022,-0.04434483390805334,-0.06043108483400944,-0.03254161940456242,0.021836993627247808,-0.0020851148810770714,-0.024829222710607377
sample_1336,False,ok,multi_seed_output\seed_1_S302109584\airfoils\sample_1336.dat,0.07579374405284416,0.30861723446893785,1.4831992908165281e-08,1.3166409172996052e-08,0.18102983891276048,0.1608444484930259,0.2607090795151872,0.13792801325597065,0.13282604782487833,0.19440432873922475,-0.038822024845139746,0.005367184695448876,-0.011968924132281067,0.018733738324303584,-0.014150013735288638,-0.018834942916319916
sample_1337,False,ok,multi_seed_output\seed_1_S302109584\airfoils\sample_1337.dat,0.10360559278021472,0.25851703406813625,1.4831992908165281e-08,1.3166409172996052e-08,0.21578931720491823,0.21262230949180905,0.2688286474481947,0.23012308754134822,0.16001597207607915,0.11568416307766774,-0.10431751241369185,-0.06353947421464515,0.008715340751830322,-0.00015907562296967048,0.025346343817340924,-0.05674639787400704
sample_1338,False,ok,multi_seed_output\seed_1_S302109584\airfoils\sample_1338.dat,0.10307674138139086,0.2885771543086172,1.4831992908165281e-08,1.3166409172996052e-08,0.18522302632652712,0.24769359822624948,0.16585096910319921,0.23727513809998732,0.17495146069532497,0.12249022469779017,-0.06637478710688988,-0.07605153056953012,-0.05091305322554025,-0.054604722941391376,0.03364613393059128,0.007847158746147637
sample_1339,False,ok,multi_seed_output\seed_1_S302109584\airfoils\sample_1339.dat,0.10382589997556425,0.3166332665330661,1.4831992908165281e-08,1.3166409172996052e-08,0.14162123075157534,0.25808441513775776,0.17362476369475818,0.2032938291685208,0.12419888296313779,0.16422724618856566,-0.035597485071599155,-0.07431160329332108,-0.09115813066735717,-0.05982536329310186,-0.006978099824119163,-0.028714857787350417
sample_1340,False,ok,multi_seed_output\seed_1_S302109584\airfoils\sample_1340.dat,0.08664951197054732,0.3166332665330661,1.4831992908165281e-08,1.3166409172996052e-08,0.11792779964178732,0.16229272863334987,0.20315439655838008,0.12546668150247017,0.22690346672825287,0.190302758526817,-0.04193051162946847,-0.077614940233266,-0.09546777581155644,0.026199983647437627,0.003774011303156466,-0.05152837943686613
sample_1341,False,ok,multi_seed_output\seed_1_S302109584\airfoils\sample_1341.dat,0.07722909730687498,0.39078156312625245,1.4831992908165281e-08,1.3166409172996052e-08,0.11663414034377491,0.20539449558123093,0.18351091654933568,0.18522922316081197,0.21049729700143657,0.1252841039983862,-0.04155297711128035,-0.004253380855377825,0.014029228739147331,-0.08394829199192985,0.012427839397940371,0.029165921709737266
sample_1342,False,ok,multi_seed_output\seed_1_S302109584\airfoils\sample_1342.dat,0.10178309176604591,0.3306613226452906,1.4831992908165281e-08,1.3166409172996052e-08,0.1696770927679328,0.192539067777078,0.254902289524382,0.24395068963591604,0.2108754236023986,0.18382349926627373,-0.14122756971557218,-0.04619713637099657,-0.008854834388020358,-0.03265758166888877,-0.07649713280256429,0.013098682780133333
sample_1343,False,ok,multi_seed_output\seed_1_S302109584\airfoils\sample_1343.dat,0.08307888874000455,0.4228456913827655,1.4831992908165281e-08,1.3166409172996052e-08,0.1551658871449448,0.1576798264491058,0.223164734573089,0.24877020373341918,0.20537416595943545,0.21157238025255237,-0.04619214033641564,-0.015392195831543942,-0.0010630513631214172,0.002316532320910253,-0.0755191766843425,0.0034746914110696525
sample_1344,False,ok,multi_seed_output\seed_1_S302109584\airfoils\sample_1344.dat,0.09197046575883641,0.344689378757515,1.4831992908165281e-08,1.3166409172996052e-08,0.14523450270971194,0.15198215882646146,0.19675067430446372,0.21860102076940102,0.16053054375700812,0.1684079980950216,-0.05132175243512495,-0.07594250730036148,-0.08416148173784109,-0.015698577430714955,0.013672933399486761,-0.025375637489656426
sample_1345,False,ok,multi_seed_output\seed_1_S302109584\airfoils\sample_1345.dat,0.09359855841466264,0.280561122244489,1.4831992908165281e-08,1.3166409172996052e-08,0.13360499051918198,0.23609579374636228,0.206622232294359,0.23090233288322976,0.16096023114411895,0.10329990949195669,-0.08082134780912155,-0.08274779268495455,0.026143167970644796,-0.0009151828094085823,-0.05897877838371962,0.0068952787327265785
sample_1346,False,ok,multi_seed_output\seed_1_S302109584\airfoils\sample_1346.dat,0.08611888070402435,0.2605210420841683,1.4831992908165281e-08,1.3166409172996052e-08,0.21029111618961385,0.19658351187955228,0.22385396233919302,0.18807762207390374,0.1598005240352378,0.12496496356457347,-0.08114045988220457,-0.010076814995607197,-0.0024028237048130674,0.010273855728060763,-0.057250388378705074,-0.08368638098448983
sample_1347,False,ok,multi_seed_output\seed_1_S302109584\airfoils\sample_1347.dat,0.08988336313675081,0.280561122244489,1.4831992908165281e-08,1.3166409172996052e-08,0.12719279017053117,0.22647307519873688,0.18396511199434157,0.13158534534590402,0.12240084040663674,0.1417202988265452,-0.03233125470792539,-0.09793605983417028,-0.030303704559411088,-0.025877815281676972,0.02660878260938579,-0.014875137351606754
sample_1348,False,ok,multi_seed_output\seed_1_S302109584\airfoils\sample_1348.dat,0.11057009631119855,0.2945891783567134,1.4831992908165281e-08,1.3166409172996052e-08,0.21111143973597887,0.1999021583628222,0.26697870372362753,0.2484141381128534,0.11364708324935527,0.14682960735439793,-0.14906118514100414,-0.047939590427594936,-0.035089985616946553,-0.0565424114707262,-0.048383135420251994,-0.023680636262583273
sample_1349,False,ok,multi_seed_output\seed_1_S302109584\airfoils\sample_1349.dat,0.08781370937717978,0.2745490981963928,1.4831992908165281e-08,1.3166409172996052e-08,0.1752660263399773,0.20478937796115837,0.2077265208751343,0.18660963682504356,0.2195828793630733,0.12829975792780307,-0.12944652468159912,0.008396372777534855,-0.02743047299615295,-0.023875155157856626,0.014304548466636716,-0.06303209535626006
sample_1350,False,ok,multi_seed_output\seed_1_S302109584\airfoils\sample_1350.dat,0.08715278041705785,0.30861723446893785,1.4831992908165281e-08,1.3166409172996052e-08,0.22966999321871764,0.145293347407661,0.26050735760896293,0.19327252152694957,0.1758971359189894,0.16495616765108387,-0.05482754595484936,-0.03619609285658952,-0.006676741128123262,0.0029814385523910386,-0.03237321912008199,-0.05102866463883623
sample_1351,False,ok,multi_seed_output\seed_1_S302109584\airfoils\sample_1351.dat,0.07885663077211372,0.2124248496993988,1.4831992908165281e-08,1.3166409172996052e-08,0.21014410694362567,0.23617355968674336,0.16274452578212578,0.1478007016698876,0.17532696522993813,0.10240438409827962,-0.052354996190133965,-0.0009008193521962415,0.02876359059937815,-0.01900985457001228,0.00969898135732608,0.0031201861160895794
sample_1352,False,ok,multi_seed_output\seed_1_S302109584\airfoils\sample_1352.dat,0.09011287679797728,0.344689378757515,1.4831992908165281e-08,1.3166409172996052e-08,0.17981413355497672,0.19462174787297445,0.1885366348817516,0.1911397761575199,0.1436851847233575,0.15640593420661172,-0.02286128983188629,-0.02276239287427248,-0.09452872358300737,-0.010474810079263833,-0.0715750833021102,0.03533235927295747
sample_1353,False,ok,multi_seed_output\seed_1_S302109584\airfoils\sample_1353.dat,0.09836227507896006,0.3166332665330661,1.4831992908165281e-08,1.3166409172996052e-08,0.11722129120264323,0.20810408471676517,0.17169925497112143,0.17239969001617983,0.14259518855431527,0.12386495488974422,-0.043791174507202865,-0.11482683775088744,-0.07667057403845767,-0.06697340247257443,-0.003669091801286467,0.016501995682103157
sample_1354,False,ok,multi_seed_output\seed_1_S302109584\airfoils\sample_1354.dat,0.08320430911129417,0.3607214428857715,1.4831992908165281e-08,1.3166409172996052e-08,0.14153941197354414,0.20367900184557253,0.1758482841069314,0.17204799429897183,0.19179525328821367,0.12308752473604873,-0.05061453999862506,0.003979187810348506,-0.058044305540116775,-0.06523238338590304,0.005469826522809848,-0.028129155130915205
sample_1355,False,ok,multi_seed_output\seed_1_S302109584\airfoils\sample_1355.dat,0.08969531812363776,0.2785571142284569,1.4831992908165281e-08,1.3166409172996052e-08,0.11367181645341945,0.23953127681715092,0.17731622679533127,0.144596432924031,0.21849629145797217,0.1608577191809778,-0.10576125648267407,-0.057305099855880226,0.0010316051075113103,-0.0671174182969064,-0.020121815980910604,-0.03469283720141017
sample_1356,False,ok,multi_seed_output\seed_1_S302109584\airfoils\sample_1356.dat,0.0964129614328332,0.3667334669338677,1.4831992908165281e-08,1.3166409172996052e-08,0.16301192154485755,0.17227156836406166,0.26252810942040666,0.22612010964998525,0.15527382477754723,0.11516629356993506,-0.11074349676518916,0.005698638776196169,-0.06918553218610679,-0.017176149338605118,-0.05714194151502692,-0.009055612976783797
sample_1357,False,ok,multi_seed_output\seed_1_S302109584\airfoils\sample_1357.dat,0.09741913698674767,0.3006012024048096,1.4831992908165281e-08,1.3166409172996052e-08,0.20426561924993408,0.19057818860908748,0.20556090602327873,0.20271299347707292,0.1935632910704971,0.12984268906390836,-0.029018466997642822,-0.09751058380821395,-0.04033998595258039,-0.009026527242821158,-0.046077280799732945,-0.04073040185684147
sample_1358,False,ok,multi_seed_output\seed_1_S302109584\airfoils\sample_1358.dat,0.11766857424395201,0.3006012024048096,1.4831992908165281e-08,1.3166409172996052e-08,0.15948922366641052,0.23000995600709218,0.26595110301406805,0.25199280309376704,0.15188577534114964,0.11116045874342663,-0.13168870546093564,-0.08522424829650446,-0.08335138662262098,0.00849390775322588,0.007038979079627597,-0.010653162952126066
sample_1359,False,ok,multi_seed_output\seed_1_S302109584\airfoils\sample_1359.dat,0.0912899940370234,0.23046092184368736,1.4831992908165281e-08,1.3166409172996052e-08,0.20443173071202422,0.1665451839452838,0.14923182975441954,0.22201534742058887,0.11304636892722349,0.12778290791074176,-0.1347303485550128,-0.048488726853844866,-0.04821719423587479,-0.053569005102652,0.035631125568839725,-0.007190204578412546
sample_1360,False,ok,multi_seed_output\seed_1_S302109584\airfoils\sample_1360.dat,0.10387721440349489,0.37675350701402804,1.4831992908165281e-08,1.3166409172996052e-08,0.15071566879679893,0.195405652066925,0.21514348988341309,0.19243133073153212,0.22469826528807907,0.12845360686577337,-0.07013301454339635,-0.06136597989127742,-0.07212228127110508,-0.09116788806969983,-0.07546629307743823,-0.046178747200848434
sample_1361,False,ok,multi_seed_output\seed_1_S302109584\airfoils\sample_1361.dat,0.10745384086532941,0.344689378757515,1.4831992908165281e-08,1.3166409172996052e-08,0.18574249536653595,0.22541849441629755,0.23494717557733408,0.23898435126194267,0.1737172856113032,0.1700941178063183,-0.08828978372559855,-0.04114130314526111,-0.04702727540225043,-0.09190480205481963,0.001940426699038919,-0.04576886932884905
sample_1362,False,ok,multi_seed_output\seed_1_S302109584\airfoils\sample_1362.dat,0.09386661976996209,0.280561122244489,1.4831992908165281e-08,1.3166409172996052e-08,0.15019811440739722,0.1860610214151869,0.26159327511311703,0.1564152567486326,0.20899317203387188,0.21971987887608507,-0.07259595803408765,-0.09456825479913433,-0.0018210499690845677,0.019671614263299123,0.0008951234041912337,-0.03479706165080822
sample_1363,False,ok,multi_seed_output\seed_1_S302109584\airfoils\sample_1363.dat,0.08029637088779812,0.344689378757515,1.4831992908165281e-08,1.3166409172996052e-08,0.14424498764788854,0.2015517371762677,0.18934039460675642,0.18939239636538996,0.19132295321198273,0.16715842070540354,-0.0833876283972829,0.012257737872035351,-0.02043196321358516,-0.0475138906835143,0.0045878511337283795,0.04351536523997451
sample_1364,False,ok,multi_seed_output\seed_1_S302109584\airfoils\sample_1364.dat,0.07314669229732006,0.2725450901803607,1.4831992908165281e-08,1.3166409172996052e-08,0.12152615113792845,0.15099897427922493,0.15787268384792205,0.1511639021609117,0.12968550637704518,0.2054700485977836,-0.10010263549273857,-0.04207957331702353,-0.03265556971095944,0.0036935839329141767,-0.03126679452316743,0.0298136878269524
sample_1365,False,ok,multi_seed_output\seed_1_S302109584\airfoils\sample_1365.dat,0.09678375288241672,0.344689378757515,1.4831992908165281e-08,1.3166409172996052e-08,0.20207031140277354,0.20785783232093813,0.20745924541025723,0.22823486500261964,0.20987894243105562,0.12908754171999212,-0.07399521814143728,-7.700634716831245e-05,-0.08758899838654462,-0.0048226119768895875,-0.047874869811767716,0.014053437980875355
sample_1366,False,ok,multi_seed_output\seed_1_S302109584\airfoils\sample_1366.dat,0.08507735085140485,0.2865731462925851,1.4831992908165281e-08,1.3166409172996052e-08,0.1722056288568116,0.20516667171359992,0.17959672303230967,0.23720977614995364,0.20670967826862996,0.18466672017628244,-0.12240335457846627,0.007154838931925117,-0.020897796782130273,-0.015325676882160286,0.027023005790718715,-0.05021468878265583
sample_1367,False,ok,multi_seed_output\seed_1_S302109584\airfoils\sample_1367.dat,0.09482289137053707,0.31462925851703405,1.4831992908165281e-08,1.3166409172996052e-08,0.18681042953923999,0.21239012917397182,0.2620849948924588,0.17002659415264515,0.21408007169668367,0.1008400128270511,-0.056826531307900024,-0.04451543517865775,0.015220972258232865,-0.06470723916563918,0.00301872074880577,-0.07375795345808671
sample_1368,False,ok,multi_seed_output\seed_1_S302109584\airfoils\sample_1368.dat,0.11589704523915194,0.25250501002004005,1.4831992908165281e-08,1.3166409172996052e-08,0.22806301774275473,0.25170926295764406,0.19099821739572606,0.21872354196296906,0.17305668243115044,0.18422253010769085,-0.10740588298304175,-0.10866539866783301,-0.031385512278093775,-0.060865450875598005,-0.06507636781538359,-0.042912976662408654
sample_1369,False,ok,multi_seed_output\seed_1_S302109584\airfoils\sample_1369.dat,0.07523721744100192,0.42084168336673344,1.4831992908165281e-08,1.3166409172996052e-08,0.19105731829430206,0.18095621116981417,0.15129343987982122,0.17428526265700384,0.22971734079297315,0.21410141543703987,-0.0571786316351728,-0.015821266990812696,0.019483656807335922,-0.07266750400892161,-0.0652320817544155,-0.059420400687128436
sample_1370,False,ok,multi_seed_output\seed_1_S302109584\airfoils\sample_1370.dat,0.08532312985579281,0.23246492985971942,1.4831992908165281e-08,1.3166409172996052e-08,0.2169146047429462,0.15345336200064225,0.14467905926265298,0.17219751013769344,0.2306840793377997,0.1723987959667213,-0.07109382645548938,-0.07616097874279909,-0.047747912508943544,0.023377173184021577,-0.044532468083372696,0.014137570853112652
sample_1371,False,ok,multi_seed_output\seed_1_S302109584\airfoils\sample_1371.dat,0.08987514023112393,0.3306613226452906,1.4831992908165281e-08,1.3166409172996052e-08,0.11783999794095874,0.16351689826304516,0.22575830115233653,0.15819214160322145,0.19191269042799566,0.20977475256391354,-0.08949164308576232,-0.05565527661096474,-0.07215893353951522,0.001765752358004094,-0.029043595072605927,-0.06007943487692533
sample_1372,False,ok,multi_seed_output\seed_1_S302109584\airfoils\sample_1372.dat,0.08085631659051658,0.34669338677354705,1.4831992908165281e-08,1.3166409172996052e-08,0.12798774982948605,0.15480060793100245,0.14750949782186656,0.24625516154035842,0.1531207671637509,0.21035974258461232,-0.07548931538074004,-0.08964882785908261,0.017269921055294124,-0.07758755459481459,0.01781019413560575,-0.02093473656294234
sample_1373,False,ok,multi_seed_output\seed_1_S302109584\airfoils\sample_1373.dat,0.09147138293383297,0.3306613226452906,1.4831992908165281e-08,1.3166409172996052e-08,0.18422495919317922,0.17002931945072566,0.22537107270997847,0.1314849987609786,0.21651169376395638,0.1675132735239946,-0.026911995389787446,-0.04037400606845393,-0.0979932586749049,-0.019698655007637927,0.013531760464604206,-0.044397465976362765
sample_1374,False,ok,multi_seed_output\seed_1_S302109584\airfoils\sample_1374.dat,0.10234018866623826,0.23847695390781562,1.4831992908165281e-08,1.3166409172996052e-08,0.18036716422648608,0.20030038147769566,0.1697269845056637,0.22470560337708653,0.18223923957888205,0.21166577536386866,-0.1428882885680042,-0.11537845000317229,0.015387894645676636,-0.08079858843775176,-0.045844203040440096,-0.07526819643013
sample_1375,False,ok,multi_seed_output\seed_1_S302109584\airfoils\sample_1375.dat,0.09481813370084394,0.2865731462925851,1.4831992908165281e-08,1.3166409172996052e-08,0.12700861790558746,0.23852933680870467,0.17564465976393187,0.1317398982769182,0.20557526277994248,0.15820610681310002,-0.04543537579470952,-0.10602169564867697,-0.03537718863532814,-0.031125294664460998,-0.036429260404186405,0.02931512720382716
sample_1376,False,ok,multi_seed_output\seed_1_S302109584\airfoils\sample_1376.dat,0.10469724688014011,0.30260521042084165,1.4831992908165281e-08,1.3166409172996052e-08,0.1825326021637304,0.18992696319755503,0.2705732272310307,0.15768067924145907,0.18825087773459415,0.13904170692142542,-0.11409037301258186,-0.06069135399514527,-0.041688915236939066,-0.07829984375680804,0.008872023141544186,0.03807599938227797
sample_1377,False,ok,multi_seed_output\seed_1_S302109584\airfoils\sample_1377.dat,0.08474885747080672,0.2945891783567134,1.4831992908165281e-08,1.3166409172996052e-08,0.18006445615248107,0.1785222022333578,0.18884743902274057,0.21627751491216607,0.21441217361401052,0.21333720897008768,-0.13343451885595392,0.011202921555173717,-0.0486485096026139,0.010009439975673204,-0.028094376641182098,-0.03133492129923879
sample_1378,False,ok,multi_seed_output\seed_1_S302109584\airfoils\sample_1378.dat,0.1038716271157568,0.3226452905811623,1.4831992908165281e-08,1.3166409172996052e-08,0.13637040946562165,0.2288975517760544,0.2477741125865587,0.21432943854936337,0.1186030277222457,0.19483395334591175,-0.1207022621257432,-0.033819684992044685,-0.050464773757424995,-0.06753442608482613,0.02785083936620611,-0.04893718050066046
sample_1379,False,ok,multi_seed_output\seed_1_S302109584\airfoils\sample_1379.dat,0.1039396317900933,0.3987975951903807,1.4831992908165281e-08,1.3166409172996052e-08,0.17191002722205428,0.17781880937042027,0.2548632523627424,0.2511611544061731,0.2232175154387463,0.2200138750837765,-0.05108888959115611,-0.04289699099424979,-0.043541727648610036,-0.08795290656943398,0.02065626598596136,-0.026951421674424367
sample_1380,False,ok,multi_seed_output\seed_1_S302109584\airfoils\sample_1380.dat,0.08928080368583656,0.3306613226452906,1.4831992908165281e-08,1.3166409172996052e-08,0.1857065224821733,0.16502709815271022,0.24638468599614,0.15543661931253414,0.1891769962777597,0.09525982988296496,-0.040992240170992594,-0.023067008879013196,-0.08343301799540268,0.020204069856647286,-0.0198128098127396,-0.07830417172800953
sample_1381,False,ok,multi_seed_output\seed_1_S302109584\airfoils\sample_1381.dat,0.11486496434617183,0.31462925851703405,1.4831992908165281e-08,1.3166409172996052e-08,0.1526401117022824,0.22535753854720736,0.26797884135582223,0.139846444395729,0.20198482858497951,0.16981837361032553,-0.0710063104601339,-0.1111574494765772,-0.07196616862523184,-0.08756788463347241,0.021147563996023827,0.01116122959749001
sample_1382,False,ok,multi_seed_output\seed_1_S302109584\airfoils\sample_1382.dat,0.10627482973265998,0.31462925851703405,1.4831992908165281e-08,1.3166409172996052e-08,0.1319311792373341,0.23534219735159084,0.2516992725525499,0.23883594670299246,0.16791836903142518,0.12679663447696035,-0.14703887410340885,-0.07168300896597682,0.028664419435985675,-0.095958221552854,-0.044751644268411744,-0.03131312791368401
sample_1383,False,ok,multi_seed_output\seed_1_S302109584\airfoils\sample_1383.dat,0.10114926709885816,0.3006012024048096,1.4831992908165281e-08,1.3166409172996052e-08,0.15790715569061942,0.15735258021390242,0.2031817395307649,0.20419728873166515,0.10363376972930692,0.17165338268435246,-0.13936256872123257,-0.07590089800262151,-0.09964669848884763,-0.04823595789678326,0.01093176089272238,0.029391414077855824
sample_1384,False,ok,multi_seed_output\seed_1_S302109584\airfoils\sample_1384.dat,0.10694199231004232,0.23046092184368736,1.4831992908165281e-08,1.3166409172996052e-08,0.22452363969207134,0.2587397919704153,0.17760464523835703,0.20950944229510504,0.16070080547941532,0.16959658247754478,-0.07828365601611363,-0.10384262831520157,-0.007288894121859887,0.01261405232889766,-0.03599370368732122,0.01579288154779797
sample_1385,False,ok,multi_seed_output\seed_1_S302109584\airfoils\sample_1385.dat,0.10721601847289533,0.25250501002004005,1.4831992908165281e-08,1.3166409172996052e-08,0.22801662383002427,0.26344775021179856,0.22037271245099155,0.16109415317530312,0.21193923955376165,0.10854661037956986,-0.14191697948919063,0.009282463281640924,-0.06422933959878901,-0.05366610925289471,-0.03119777389360219,-0.016923797523304696
sample_1386,False,ok,multi_seed_output\seed_1_S302109584\airfoils\sample_1386.dat,0.09091532863879818,0.22044088176352702,1.4831992908165281e-08,1.3166409172996052e-08,0.23454516017991628,0.18946845411106272,0.193651551612662,0.1823863634103059,0.22512227235972548,0.11859663166992575,-0.11400193788714419,-0.020073168503703304,0.0023756651805300066,-0.07231184546580616,0.0023948710319962457,-0.058036636934467964
sample_1387,False,ok,multi_seed_output\seed_1_S302109584\airfoils\sample_1387.dat,0.1124461620858084,0.3166332665330661,1.4831992908165281e-08,1.3166409172996052e-08,0.21519046956736848,0.24002373767805785,0.2504294416461675,0.18544251990642463,0.10847118850282787,0.09726709344673001,-0.040238604629041885,-0.07414233227322992,-0.05485203681484322,-0.08941456696984568,-0.09410676970756844,-0.06605431587066758
sample_1388,False,ok,multi_seed_output\seed_1_S302109584\airfoils\sample_1388.dat,0.1019917937986087,0.2444889779559118,1.4831992908165281e-08,1.3166409172996052e-08,0.15845664980925084,0.25534426352697337,0.16652346607129237,0.15815212148394345,0.10770377946028611,0.10184693471419928,-0.09823142790703845,-0.09930755020037006,-0.029665182915475402,-0.041845716341462925,0.01937524330641352,-0.06658439584053757
sample_1389,False,ok,multi_seed_output\seed_1_S302109584\airfoils\sample_1389.dat,0.10308899411908172,0.3987975951903807,1.4831992908165281e-08,1.3166409172996052e-08,0.16272354547062787,0.17969717927732143,0.24643692700514333,0.25147934224933527,0.1765819303945668,0.22161859515676305,-0.03236042142574071,-0.06427049416393821,-0.025665850995157766,-0.09441982459391779,-0.03805456746804449,-0.07601911177531503
sample_1390,False,ok,multi_seed_output\seed_1_S302109584\airfoils\sample_1390.dat,0.10889560964081732,0.3006012024048096,1.4831992908165281e-08,1.3166409172996052e-08,0.20630940166684142,0.2740494235219203,0.18964182112292044,0.2064582657392643,0.16019981478538356,0.1057985551133497,-0.03992400425440626,-0.051305941765774785,-0.09674545483436042,-0.021210012016596072,-0.07282062349505414,-0.03118903375235043
sample_1391,False,ok,multi_seed_output\seed_1_S302109584\airfoils\sample_1391.dat,0.0989776677074,0.25851703406813625,1.4831992908165281e-08,1.3166409172996052e-08,0.22600202353017165,0.20930235476022993,0.22548705853988132,0.19772993489663432,0.14414068072028183,0.1475348802991812,-0.043948591014678615,-0.09128963732129883,-0.0104855535531089,0.02001403233993722,-0.049790890248161176,-0.03391190527622902
sample_1392,False,ok,multi_seed_output\seed_1_S302109584\airfoils\sample_1392.dat,0.09059854053488067,0.3006012024048096,1.4831992908165281e-08,1.3166409172996052e-08,0.2310016693479321,0.18013556794245922,0.15437599012777556,0.2533868961093354,0.1565542129968056,0.13467357927303947,-0.053727294618299296,-0.03718063925971399,-0.08197413433906976,0.016256651384470133,-0.03461922326012923,-0.04265298154752578
sample_1393,False,ok,multi_seed_output\seed_1_S302109584\airfoils\sample_1393.dat,0.10625988145303289,0.2865731462925851,1.4831992908165281e-08,1.3166409172996052e-08,0.15232672843635692,0.15601828072476162,0.25339535925252576,0.1544968635427752,0.21146041238753613,0.11297694823041042,-0.14372011832041268,-0.10768878887563176,-0.08700793914426362,0.009716185922832118,-0.06443340999593339,0.04024376757260731
sample_1394,False,ok,multi_seed_output\seed_1_S302109584\airfoils\sample_1394.dat,0.09417513698952201,0.39078156312625245,1.4831992908165281e-08,1.3166409172996052e-08,0.118686239089172,0.18376467441751063,0.2187900539456103,0.2066782384319954,0.1099237229953214,0.2024069594096271,-0.07718002272835524,-0.008166536939907473,-0.07568478279067782,-0.08049393593737142,-0.061036458022685855,0.009213645176133031
sample_1395,False,ok,multi_seed_output\seed_1_S302109584\airfoils\sample_1395.dat,0.1141485395115911,0.2725450901803607,1.4831992908165281e-08,1.3166409172996052e-08,0.23123624323094213,0.26761116659040435,0.20730889732054428,0.1777177978378046,0.17739953415890639,0.15960757183440583,-0.054646373530949005,-0.09100134351016814,-0.06102875715365206,-0.04977355890505882,-0.028617158553517166,-0.0015870781312410376
sample_1396,False,ok,multi_seed_output\seed_1_S302109584\airfoils\sample_1396.dat,0.10196268173898101,0.24649298597194386,1.4831992908165281e-08,1.3166409172996052e-08,0.19372263878611534,0.22715255192021233,0.2485810419774022,0.18698404803819682,0.13073632834537222,0.2151533581196361,-0.0924081297767904,-0.0906551499518739,0.023475936009596826,0.007028660473100953,-0.0640076297580801,-0.08120762655438479
sample_1397,False,ok,multi_seed_output\seed_1_S302109584\airfoils\sample_1397.dat,0.10953091409431512,0.3547094188376753,1.4831992908165281e-08,1.3166409172996052e-08,0.1547558408976095,0.19300334531997085,0.2720055211761855,0.21412060360402702,0.12179428245332723,0.18551828255331404,-0.14781923112708414,-0.0249533202351767,-0.07491219524872585,-0.08069565177569263,-0.09140485405614962,-0.023359561167631875
sample_1398,False,ok,multi_seed_output\seed_1_S302109584\airfoils\sample_1398.dat,0.10177331073218489,0.3246492985971944,1.4831992908165281e-08,1.3166409172996052e-08,0.17489866446814023,0.2609225710593879,0.2563602282258973,0.23438445682976639,0.13261267397370996,0.1510576418561961,-0.07844571951060322,-0.012827090359849982,0.005073487884914435,-0.08211565452438198,0.008246881281228788,-0.07647389383755017
sample_1399,False,ok,multi_seed_output\seed_1_S302109584\airfoils\sample_1399.dat,0.10896319658682038,0.3306613226452906,1.4831992908165281e-08,1.3166409172996052e-08,0.2213736798526405,0.22569754663157965,0.2675064565244224,0.23990053141275353,0.1654431885181285,0.14761600494650148,-0.033899459511286464,-0.05314674079785943,-0.0428129118230482,-0.04531846709059171,-0.03152024246315764,0.03375465226833818
sample_1400,False,ok,multi_seed_output\seed_1_S302109584\airfoils\sample_1400.dat,0.09785082969241424,0.3246492985971944,1.4831992908165281e-08,1.3166409172996052e-08,0.10679441490966037,0.18619415861095034,0.18186870665913385,0.14564875083426754,0.2217055140396392,0.1890660218676647,-0.1285127874214637,-0.07406913836668527,-0.0960296715499233,-0.05926097692039751,-0.05068108825185747,-0.0709788104620982
sample_1401,False,ok,multi_seed_output\seed_1_S302109584\airfoils\sample_1401.dat,0.07549293626100656,0.3226452905811623,1.4831992908165281e-08,1.3166409172996052e-08,0.11990634683222116,0.17187716332389166,0.15408633795246035,0.23732772426533613,0.18611133079281358,0.22361842538798424,-0.12417337073525314,-0.030863781917987318,0.02902153410021409,-0.05847451475166707,0.02675560178691047,0.03237594671444191
sample_1402,False,ok,multi_seed_output\seed_1_S302109584\airfoils\sample_1402.dat,0.08102529242417962,0.2925851703406813,1.4831992908165281e-08,1.3166409172996052e-08,0.11969887979151411,0.1456926652163605,0.16199824129205212,0.13749422684210796,0.19532034215531158,0.208863309014012,-0.08675757969081692,-0.0902835483859923,-0.049554303085813094,5.700597864109758e-05,-0.07133001520374728,-0.012428322801757444
sample_1403,False,ok,multi_seed_output\seed_1_S302109584\airfoils\sample_1403.dat,0.08863202420173683,0.22645290581162322,1.4831992908165281e-08,1.3166409172996052e-08,0.14993170950612336,0.14664734279237066,0.20751615053125563,0.1955293530214373,0.18415009820727507,0.13333405478120763,-0.14034969656696425,-0.10458591908781344,0.021353969230812536,0.013158733260436817,0.02970777522992772,-0.03561833474401978
sample_1404,False,ok,multi_seed_output\seed_1_S302109584\airfoils\sample_1404.dat,0.08523776712710972,0.30260521042084165,1.4831992908165281e-08,1.3166409172996052e-08,0.16496821526338584,0.1782937007432565,0.2524413077465809,0.18817489236766033,0.16876309766488418,0.1646422666235881,-0.0593185434760114,-0.05396979229839866,0.022768081732162604,0.015902574045994947,-0.07120589627795415,-0.03142528274480147
sample_1405,False,ok,multi_seed_output\seed_1_S302109584\airfoils\sample_1405.dat,0.08078851444835962,0.23246492985971942,1.4831992908165281e-08,1.3166409172996052e-08,0.18241831097499903,0.19380661571374544,0.15516399408019044,0.17269026999746362,0.11730490272936885,0.2121163394396429,-0.07608814375828986,-0.04198697773526659,-0.0030959204379266414,-0.01127605811878031,-0.05281255713395317,-0.0020202779655116715
sample_1406,False,ok,multi_seed_output\seed_1_S302109584\airfoils\sample_1406.dat,0.09593860290614077,0.2004008016032064,1.4831992908165281e-08,1.3166409172996052e-08,0.23150249108754087,0.24810492000720474,0.17195014843044454,0.20072120448339587,0.11766721476204539,0.13378265751812812,-0.12059988673429516,-0.001355895968107923,-0.02647976321188797,0.028774361082939112,-0.055319059133220966,-0.04508148913422346
sample_1407,False,ok,multi_seed_output\seed_1_S302109584\airfoils\sample_1407.dat,0.09329668767143741,0.23847695390781562,1.4831992908165281e-08,1.3166409172996052e-08,0.20847860054154121,0.22331193576885194,0.19963156526942696,0.15331894031406607,0.17115811597402858,0.21493867331651023,-0.09147251065349468,-0.04815956976076485,0.02732662726612274,-0.09389315991166806,-0.01828404124627081,0.024198965625421162
sample_1408,False,ok,multi_seed_output\seed_1_S302109584\airfoils\sample_1408.dat,0.08415751060400763,0.2945891783567134,1.4831992908165281e-08,1.3166409172996052e-08,0.16522600335183196,0.24131257950435986,0.15387174619189808,0.24519958276459375,0.10542868439054344,0.12110236600520942,-0.04231941230176332,-0.01658809270735216,-0.030492324338112553,0.012085602951948507,-0.024043672236118016,0.011937137761648259
sample_1409,False,ok,multi_seed_output\seed_1_S302109584\airfoils\sample_1409.dat,0.08912881839703873,0.3386773547094188,1.4831992908165281e-08,1.3166409172996052e-08,0.12767674586453767,0.20970215323603217,0.223616904323719,0.1321395412084676,0.18021795971219212,0.2074029196239205,-0.05032528225032264,-0.032147459614735474,-0.03429790433657137,-0.0853270917675622,0.018651472114536646,-0.06200036625281151
sample_1410,False,ok,multi_seed_output\seed_1_S302109584\airfoils\sample_1410.dat,0.08509615303253593,0.19839679358717432,1.4831992908165281e-08,1.3166409172996052e-08,0.2193997151858546,0.1598059103360118,0.1596978177537501,0.20295155378210256,0.15540464096206275,0.15776391891178382,-0.11031793258849565,-0.050396962901276626,0.015795453810655113,-0.045801907859057155,-0.07196393730008907,0.007833924266071324
sample_1411,False,ok,multi_seed_output\seed_1_S302109584\airfoils\sample_1411.dat,0.07775726016123288,0.4128256513026052,1.4831992908165281e-08,1.3166409172996052e-08,0.16413125679495805,0.17220208417931324,0.1501336839826314,0.2196466749274209,0.14862017316696152,0.14543767250467274,-0.07445597586772737,0.0048238227172921755,-0.018947261410768593,-0.07093646936295765,-0.05262810450470487,-0.05534513013688515
sample_1412,False,ok,multi_seed_output\seed_1_S302109584\airfoils\sample_1412.dat,0.09829266380942753,0.3166332665330661,1.4831992908165281e-08,1.3166409172996052e-08,0.1167960477566383,0.1946625820887351,0.22815140431497938,0.12657891338988364,0.16638136467086695,0.09694096687510846,-0.027646308097061617,-0.11216021181188289,-0.07906912968511629,-0.025300983789603895,-0.03974313941561692,0.00957900218025054
sample_1413,False,ok,multi_seed_output\seed_1_S302109584\airfoils\sample_1413.dat,0.0907594787963643,0.3687374749498998,1.4831992908165281e-08,1.3166409172996052e-08,0.11873741661421819,0.2013952492166532,0.26374556502687874,0.24299075793600367,0.18558311025117344,0.16431466195660505,-0.06300827659425717,-0.018624518576034726,-0.013473034005696757,0.030663301302204085,-0.08007862363911686,-0.040961924495137844
sample_1414,False,ok,multi_seed_output\seed_1_S302109584\airfoils\sample_1414.dat,0.08508559779697304,0.2945891783567134,1.4831992908165281e-08,1.3166409172996052e-08,0.18978457346461733,0.24406749149554258,0.23905802774593277,0.18918885968467886,0.13959017515609856,0.1178179184279733,-0.021186284184824905,0.004250356976216119,0.001293432688949922,0.022266609415887928,-0.008297223584452035,-0.030063701123469462
sample_1415,False,ok,multi_seed_output\seed_1_S302109584\airfoils\sample_1415.dat,0.08381742044064178,0.3306613226452906,1.4831992908165281e-08,1.3166409172996052e-08,0.17567110006183295,0.14864192727922615,0.250065300968793,0.15601324542731676,0.10925886034760435,0.15071630773003158,-0.054784195807417155,-0.03806583218551003,-0.009664915918335043,-0.04802142410141047,-0.03382232875227175,-0.0818519079285845
sample_1416,False,ok,multi_seed_output\seed_1_S302109584\airfoils\sample_1416.dat,0.09101232036822625,0.344689378757515,1.4831992908165281e-08,1.3166409172996052e-08,0.18296736232193495,0.1523107869158366,0.2732578897727091,0.22819876628377142,0.1660524160198616,0.11124828778934803,-0.11485535530971737,-0.0003064955427481558,-0.03163718739032072,-0.009712506251440808,0.0017536176173538753,-0.02997051728880911
sample_1417,False,ok,multi_seed_output\seed_1_S302109584\airfoils\sample_1417.dat,0.08938437589996123,0.35270541082164325,1.4831992908165281e-08,1.3166409172996052e-08,0.20300116805410134,0.16249591273880098,0.2228944662170539,0.22447549221803376,0.18742756015740805,0.11850505546938904,-0.03816331310597304,-0.03246856821554943,-0.04992624813179966,0.00871256413622383,-0.052393762207479315,-0.0701525079748225
sample_1418,False,ok,multi_seed_output\seed_1_S302109584\airfoils\sample_1418.dat,0.09480215132155606,0.2865731462925851,1.4831992908165281e-08,1.3166409172996052e-08,0.18750149931007287,0.2274519537955175,0.22744211354661042,0.17347642719894138,0.16700085762623545,0.17279806349170015,-0.022117569085501776,-0.06406717235850551,-0.03600568254408039,0.01473610548655832,0.029797487356213667,-0.035924791771749044
sample_1419,False,ok,multi_seed_output\seed_1_S302109584\airfoils\sample_1419.dat,0.10730538964142863,0.3166332665330661,1.4831992908165281e-08,1.3166409172996052e-08,0.1933725201678413,0.17681318294209797,0.2635935766759698,0.2214128324483314,0.1679557113751281,0.10773409324474056,-0.0913631684187394,-0.10788877634798841,-0.006465473002350425,-0.07621106212333403,-0.051069564822345065,0.018567393837166574
sample_1420,False,ok,multi_seed_output\seed_1_S302109584\airfoils\sample_1420.dat,0.08897695006828871,0.280561122244489,1.4831992908165281e-08,1.3166409172996052e-08,0.191741720463789,0.15260250598375158,0.26965325807841506,0.16293983580735732,0.10677423778604464,0.20068355780946723,-0.1142695576790978,-0.02381818598418188,-0.02196489983616562,-0.0033359396923443307,-0.04207640467356774,-0.03572660386508226
sample_1421,False,ok,multi_seed_output\seed_1_S302109584\airfoils\sample_1421.dat,0.08695506335259848,0.2665330661322645,1.4831992908165281e-08,1.3166409172996052e-08,0.1888928108290603,0.2722062931472147,0.15651900996579582,0.1507204225646686,0.12210236572029859,0.13131097200002614,-0.040320766575211844,0.006072213523784328,-0.05346141112334143,-0.010084638609595298,-0.03222802048196739,-0.04695376077467979
sample_1422,False,ok,multi_seed_output\seed_1_S302109584\airfoils\sample_1422.dat,0.08755080561864989,0.2945891783567134,1.4831992908165281e-08,1.3166409172996052e-08,0.14181209864567626,0.2008369334672539,0.17312948934793437,0.24673316123004446,0.15086441785442195,0.19259030956458695,-0.10491417316235163,-0.03575178012861918,-0.039126518597486074,0.011484499809680637,-0.012320565617841034,0.02564790911076399
sample_1423,False,ok,multi_seed_output\seed_1_S302109584\airfoils\sample_1423.dat,0.0794253299839589,0.22645290581162322,1.4831992908165281e-08,1.3166409172996052e-08,0.14786252993479632,0.21652320164731326,0.16794556966822616,0.19108230582299615,0.2232147453129844,0.1106691229066954,-0.11701208157254994,-0.011294452735524568,0.01911025450571968,0.013292676323780103,-0.004745879074468551,0.028856265025733227
sample_1424,False,ok,multi_seed_output\seed_1_S302109584\airfoils\sample_1424.dat,0.08351379159655253,0.22645290581162322,1.4831992908165281e-08,1.3166409172996052e-08,0.23113291786288637,0.22358670828149052,0.18046635991538817,0.12635206963499207,0.19142699043047204,0.1381258566259706,-0.05958922027906938,0.006585969158829474,-0.010171984393024261,-0.02008235977747974,-0.09081278815307252,-0.005874425471691841
sample_1425,False,ok,multi_seed_output\seed_1_S302109584\airfoils\sample_1425.dat,0.1180822356608559,0.2925851703406813,1.4831992908165281e-08,1.3166409172996052e-08,0.23005418928221782,0.2624227801029526,0.2321832054915347,0.2490974906542257,0.13917388426287985,0.1170887950587415,-0.03960786310962437,-0.10337732970753767,-0.0609084903365999,-0.004668374383322377,-0.08850502991703967,-0.014080164297396808
sample_1426,False,ok,multi_seed_output\seed_1_S302109584\airfoils\sample_1426.dat,0.12150263103919576,0.2725450901803607,1.4831992908165281e-08,1.3166409172996052e-08,0.21343450021029256,0.2561854970787299,0.2159100152918859,0.22473823575826124,0.2017167244044364,0.09703353305424436,-0.11613493509634565,-0.10504648422990259,-0.06005257973150687,-0.07730048073842694,0.02453721891334855,0.018006899623788722
sample_1427,False,ok,multi_seed_output\seed_1_S302109584\airfoils\sample_1427.dat,0.07592036174294042,0.3166332665330661,1.4831992908165281e-08,1.3166409172996052e-08,0.11257318167040534,0.14515380933848748,0.15538002857883368,0.13444577700499555,0.13113983105313154,0.10478679401332591,-0.024536090010011086,-0.06776052479763969,-0.09635816340193887,0.009046747445751194,0.01499847121695777,-0.01399515894230706
sample_1428,False,ok,multi_seed_output\seed_1_S302109584\airfoils\sample_1428.dat,0.09556469392513132,0.30861723446893785,1.4831992908165281e-08,1.3166409172996052e-08,0.14982037912651244,0.24012636195774695,0.18007593647493164,0.16946952174550528,0.12906310302911042,0.17714980909853476,-0.021153687142006022,-0.09778041761867207,-0.008789892606367533,-0.08887213677391706,-0.07424028737180612,-0.014336073446615832
sample_1429,False,ok,multi_seed_output\seed_1_S302109584\airfoils\sample_1429.dat,0.11587267851413818,0.3226452905811623,1.4831992908165281e-08,1.3166409172996052e-08,0.1424217867098227,0.25050545689009196,0.22485992193830578,0.2079949096471312,0.23128706836092097,0.13962619514531283,-0.08395179813079359,-0.09205171152136851,-0.0976015879842336,-0.030444285942720015,-0.06120251101888143,-0.07781514315490888
sample_1430,False,ok,multi_seed_output\seed_1_S302109584\airfoils\sample_1430.dat,0.1009676201353433,0.2605210420841683,1.4831992908165281e-08,1.3166409172996052e-08,0.17487166182613312,0.2668913897385247,0.1667688559463921,0.16120351409397685,0.11344168814351566,0.09799868377725912,-0.1241188515179117,-0.019723641879634893,-0.06300891456144869,-0.09266940054370451,-0.009041187124858296,0.03985982476330949
sample_1431,False,ok,multi_seed_output\seed_1_S302109584\airfoils\sample_1431.dat,0.09729983440770242,0.280561122244489,1.4831992908165281e-08,1.3166409172996052e-08,0.11614985780479702,0.19586686566960887,0.21612086198508582,0.22161224288753045,0.12782064887107877,0.12483649085101091,-0.1390359982635659,-0.10194614982829285,0.015148529544663142,-0.06296282522039476,0.012909633703772613,-0.008251818099966737
sample_1432,False,ok,multi_seed_output\seed_1_S302109584\airfoils\sample_1432.dat,0.09104240569440153,0.30260521042084165,1.4831992908165281e-08,1.3166409172996052e-08,0.16420157045042655,0.21531283636088405,0.1546789066096696,0.20615941317797354,0.119250244956958,0.1712860467719732,-0.06933390262533992,-0.028782143190410142,-0.09153765381411308,-0.02744374630392163,0.012290165765828545,0.03132384445342681
sample_1433,False,ok,multi_seed_output\seed_1_S302109584\airfoils\sample_1433.dat,0.09771014178117758,0.3226452905811623,1.4831992908165281e-08,1.3166409172996052e-08,0.10871775846039303,0.20159432707675293,0.15052293903191005,0.24241978364672367,0.1927869200003511,0.16033202586437578,-0.12157505322882921,-0.09495078312526575,-0.04591093983028225,-0.08022288707136288,0.020495906053335344,-0.07595146630210134
sample_1434,False,ok,multi_seed_output\seed_1_S302109584\airfoils\sample_1434.dat,0.09245642715960642,0.34669338677354705,1.4831992908165281e-08,1.3166409172996052e-08,0.1980695019489359,0.18307399312459827,0.25755047355963046,0.18323196418045454,0.22235932710610912,0.10400452437805235,-0.03083590607563713,-0.03364613469394734,-0.02311296257082192,-0.024544748173664574,-0.060774735087424474,0.04414990662389354
sample_1435,False,ok,multi_seed_output\seed_1_S302109584\airfoils\sample_1435.dat,0.09798424974081245,0.30260521042084165,1.4831992908165281e-08,1.3166409172996052e-08,0.13122312022938654,0.2136254093466185,0.26427734179381546,0.209761919556765,0.11674555978990178,0.09560844829555652,-0.1217099152293312,-0.02552997416844814,-0.0540622939027314,0.017232205776620574,0.012095680678372286,0.00797948778773759
sample_1436,False,ok,multi_seed_output\seed_1_S302109584\airfoils\sample_1436.dat,0.10454668820490585,0.3166332665330661,1.4831992908165281e-08,1.3166409172996052e-08,0.17655849218773342,0.22198147590886325,0.27065039541399516,0.13640112262507872,0.22090100886414382,0.11169899245937613,-0.055254116637593,-0.07320016842670803,-0.024042885219316454,-0.08338536030419343,-0.016599876337475963,-0.01476612737688196
sample_1437,False,ok,multi_seed_output\seed_1_S302109584\airfoils\sample_1437.dat,0.09156027978139039,0.31462925851703405,1.4831992908165281e-08,1.3166409172996052e-08,0.13781231374039865,0.19559729266283685,0.19011310484081834,0.21892449292237198,0.11404118955253201,0.13005225730317885,-0.054032731223890434,-0.07081373848579821,-0.06185471025747502,0.0006109900022732151,-0.005413551830725324,-0.012319729697968657
sample_1438,False,ok,multi_seed_output\seed_1_S302109584\airfoils\sample_1438.dat,0.10257627028992031,0.30861723446893785,1.4831992908165281e-08,1.3166409172996052e-08,0.19943448867024344,0.2211143033316678,0.24951746461187918,0.23659843632332403,0.16217183456596604,0.20811334932270975,-0.09635418821936131,-0.04298142745529829,-0.0030742030289024475,-0.06461407258658783,0.006322630215616243,0.028256641809265556
sample_1439,False,ok,multi_seed_output\seed_1_S302109584\airfoils\sample_1439.dat,0.10557879120947274,0.2444889779559118,1.4831992908165281e-08,1.3166409172996052e-08,0.23196275881932596,0.17648032839955632,0.1724482189666653,0.1965985991162998,0.2027957170872954,0.11134957664849446,-0.12230949440995054,-0.09218299143736335,-0.09006543369570469,-0.014378264070821822,-0.0251641349849428,0.02575927257885663
sample_1440,False,ok,multi_seed_output\seed_1_S302109584\airfoils\sample_1440.dat,0.10278332432068876,0.3366733466933867,1.4831992908165281e-08,1.3166409172996052e-08,0.186871383375173,0.2103308579434076,0.24571033447007834,0.18361645121165507,0.17629161909848937,0.1409606492386703,-0.07221671566712518,-0.03030673317931308,-0.07751675224088836,-0.03680873514200322,-0.0688730561494404,-0.08341871044797454
sample_1441,False,ok,multi_seed_output\seed_1_S302109584\airfoils\sample_1441.dat,0.1122521316152882,0.23246492985971942,1.4831992908165281e-08,1.3166409172996052e-08,0.21588055267949854,0.23813447584246436,0.17698669319859855,0.16181672127112312,0.213171461100636,0.10434210375528982,-0.12252120181926977,-0.10562498273916912,-0.05883247110072299,-0.021309029150290024,-0.07522487224955002,-0.07311973368934233
sample_1442,False,ok,multi_seed_output\seed_1_S302109584\airfoils\sample_1442.dat,0.07503711783792395,0.39078156312625245,1.4831992908165281e-08,1.3166409172996052e-08,0.11387935801073726,0.14598420902878084,0.22889700735835908,0.1762087055538452,0.19639899560604418,0.20190929991564188,-0.0713631089112533,-0.011448449292785184,0.00522238474409932,-0.029097269545358947,-0.006922247128145001,-0.013689255909139553
sample_1443,False,ok,multi_seed_output\seed_1_S302109584\airfoils\sample_1443.dat,0.0871512088665611,0.31462925851703405,1.4831992908165281e-08,1.3166409172996052e-08,0.154536010446607,0.14800289686649765,0.17652374993207454,0.13079404882035842,0.13344122571186864,0.1457901186071825,-0.05623376607345984,-0.07828339408555152,-0.08074493908783807,-0.07594193331780384,0.02358557080022912,0.028479899423317703
sample_1444,False,ok,multi_seed_output\seed_1_S302109584\airfoils\sample_1444.dat,0.08314957026815824,0.3226452905811623,1.4831992908165281e-08,1.3166409172996052e-08,0.12898307943507828,0.15274346105482256,0.16039789084089312,0.2469266653665257,0.1617678228341273,0.14528858302314746,-0.10678404497073274,-0.08104856992777668,0.0021017412734302132,-0.04289059131946227,-0.02315694488698128,0.018459842227885076
sample_1445,False,ok,multi_seed_output\seed_1_S302109584\airfoils\sample_1445.dat,0.09609727048432551,0.3687374749498998,1.4831992908165281e-08,1.3166409172996052e-08,0.12236702859386848,0.1924441894798429,0.26552532159999975,0.2376225900267684,0.19997048119208355,0.13297103580081274,-0.0960415471429111,-0.036131420360603975,0.0037787683724763016,-0.06889779313779765,0.034235317705545845,-0.07952917494518773
sample_1446,False,ok,multi_seed_output\seed_1_S302109584\airfoils\sample_1446.dat,0.08867372633907998,0.3246492985971944,1.4831992908165281e-08,1.3166409172996052e-08,0.14624293938062974,0.1720560303403903,0.2544447190459669,0.14113998832365346,0.15266941683297366,0.17201989118268185,-0.06870940770575788,-0.02214564737870725,-0.07545397485931812,0.01609003558131178,-0.03957392333379595,-0.06240384521657842
sample_1447,False,ok,multi_seed_output\seed_1_S302109584\airfoils\sample_1447.dat,0.09078917702413555,0.23847695390781562,1.4831992908165281e-08,1.3166409172996052e-08,0.1352391996356315,0.2552771858899194,0.1638447162729038,0.13391063677238144,0.22099883154157643,0.20917811831605404,-0.1144665122676976,-0.044715782002952564,-0.02855000595568137,0.027439926912964888,-0.025528251389495868,0.005667040371057169
sample_1448,False,ok,multi_seed_output\seed_1_S302109584\airfoils\sample_1448.dat,0.09111473361008991,0.3246492985971944,1.4831992908165281e-08,1.3166409172996052e-08,0.17863858958984713,0.2675045966734224,0.24840634166322603,0.24492876208686934,0.15617063261633016,0.20971996368780388,-0.024579999569147776,0.010615492694989626,0.010900409904062852,0.005127107502238243,-0.005873657731854193,-0.03633288409228629
sample_1449,False,ok,multi_seed_output\seed_1_S302109584\airfoils\sample_1449.dat,0.09811461793634475,0.3006012024048096,1.4831992908165281e-08,1.3166409172996052e-08,0.22542529031826825,0.2676997388463995,0.2529273878825684,0.19444827430479586,0.17070483463760136,0.17321503312497227,-0.028173175498380235,-0.013769130455206502,0.017712291433772717,-0.06061392283730627,-0.004688026086104954,-0.06908903280406767
sample_1450,False,ok,multi_seed_output\seed_1_S302109584\airfoils\sample_1450.dat,0.0926449281800619,0.2725450901803607,1.4831992908165281e-08,1.3166409172996052e-08,0.12171334588171091,0.2149906047169301,0.22954396842782504,0.1272937255633455,0.12896055629971445,0.1505480512727317,-0.1401160869639823,-0.04151108781023351,-0.014601727951745969,-0.053316443179392,-0.03736665243073181,0.0019412109853553516
sample_1451,False,ok,multi_seed_output\seed_1_S302109584\airfoils\sample_1451.dat,0.08339603972385651,0.3987975951903807,1.4831992908165281e-08,1.3166409172996052e-08,0.1066121349418708,0.22696903819816802,0.14530867933231006,0.23632929167716632,0.17959788463741225,0.13940411646440792,-0.09840056374359876,0.013832258648978302,-0.018495358676507423,-0.09143972532910044,-0.01794761167755203,0.013827558766687148
sample_1452,False,ok,multi_seed_output\seed_1_S302109584\airfoils\sample_1452.dat,0.1053092079499014,0.344689378757515,1.4831992908165281e-08,1.3166409172996052e-08,0.1714250247695584,0.24209402334810598,0.2671475456151754,0.18006589335221973,0.1451197435779476,0.15030947337182263,-0.057216630349939804,0.009046655711146961,-0.09863009958787475,-0.05797830016336948,-0.003177839539479116,-0.05715830549163574
sample_1453,False,ok,multi_seed_output\seed_1_S302109584\airfoils\sample_1453.dat,0.10692582486956681,0.3306613226452906,1.4831992908165281e-08,1.3166409172996052e-08,0.10617514836648102,0.21222134770564646,0.2440227976689669,0.15262875472119253,0.12020584450623303,0.09479646637080472,-0.0659816994803118,-0.10012085308934968,-0.07909688815063662,-0.09435185640238677,0.00817852765473008,-0.057488750228874924
sample_1454,False,ok,multi_seed_output\seed_1_S302109584\airfoils\sample_1454.dat,0.09604686602300275,0.2725450901803607,1.4831992908165281e-08,1.3166409172996052e-08,0.22476926630996757,0.1993514826718513,0.21848526445034866,0.13886129968309044,0.2075247687489503,0.1487964209068464,-0.07121974499421661,-0.04184041093622419,-0.05315078624895873,-0.038285408761797306,0.028019463932581187,-0.057527934550285764
sample_1455,False,ok,multi_seed_output\seed_1_S302109584\airfoils\sample_1455.dat,0.10602279655858331,0.2945891783567134,1.4831992908165281e-08,1.3166409172996052e-08,0.2079496253797813,0.229171663701219,0.20451613519110667,0.1924090796778632,0.22712066595453212,0.11206526212344105,-0.06018269292857316,-0.07643940022683282,-0.07151841618939714,-0.02001328896536614,-0.04203442246572016,-0.052744671947972756
sample_1456,False,ok,multi_seed_output\seed_1_S302109584\airfoils\sample_1456.dat,0.11304556083631638,0.344689378757515,1.4831992908165281e-08,1.3166409172996052e-08,0.19978211081482458,0.20396020286851044,0.2483150314805491,0.2539238244194988,0.11422198842404564,0.1656699188353078,-0.023511619665130157,-0.09320433088034075,-0.08174906471788511,-0.05837494114874982,-0.017880599560529523,-0.0434018686587451
sample_1457,False,ok,multi_seed_output\seed_1_S302109584\airfoils\sample_1457.dat,0.10570689874452223,0.3306613226452906,1.4831992908165281e-08,1.3166409172996052e-08,0.12665121104078642,0.2294082436444338,0.26465043591097764,0.19495374564493326,0.1959384100049874,0.16514353336709928,-0.02874775026399516,-0.0838654515678296,-0.07365618885890923,0.006984007476512025,0.0003023408805609279,0.010564492239540924
sample_1458,False,ok,multi_seed_output\seed_1_S302109584\airfoils\sample_1458.dat,0.1093189966784403,0.23046092184368736,1.4831992908165281e-08,1.3166409172996052e-08,0.21173183851393185,0.23353298127365543,0.23890408697488655,0.24534203156096682,0.13546083588164373,0.14537220998694525,-0.1335429566684409,-0.08994236729494087,0.013757807287144194,0.03298385689147228,-0.05155464867218278,-0.0330856142121279
sample_1459,False,ok,multi_seed_output\seed_1_S302109584\airfoils\sample_1459.dat,0.1076861942356849,0.3166332665330661,1.4831992908165281e-08,1.3166409172996052e-08,0.20549235013598782,0.22575402925528992,0.19049524947186086,0.18623612888731167,0.13937006758464257,0.21096039487739227,-0.07533538907294338,-0.05751543479773694,-0.09609759759694952,-0.09091253301195339,-0.056420039842918525,-0.07017711133890826
sample_1460,False,ok,multi_seed_output\seed_1_S302109584\airfoils\sample_1460.dat,0.10744453057874123,0.30861723446893785,1.4831992908165281e-08,1.3166409172996052e-08,0.1193574234365815,0.2291073027070159,0.173013664656471,0.2537521730907507,0.22628508980091647,0.11828041344828392,-0.13743206498196012,-0.11494938673931374,-0.028343996197376792,-0.0705772273648884,-0.04963627131290338,0.025452119510418952
sample_1461,False,ok,multi_seed_output\seed_1_S302109584\airfoils\sample_1461.dat,0.09105719880870122,0.3306613226452906,1.4831992908165281e-08,1.3166409172996052e-08,0.16791873301377755,0.24103194282595247,0.18083070003267937,0.23873957871992868,0.13855437335704968,0.11307555881989532,-0.031207571941287288,-0.04402221182115139,0.007288819713028485,-0.08092155292480178,-0.018029126354881242,0.03906494667171928
sample_1462,False,ok,multi_seed_output\seed_1_S302109584\airfoils\sample_1462.dat,0.10070888586636452,0.22044088176352702,1.4831992908165281e-08,1.3166409172996052e-08,0.19602275224790655,0.2665343215369221,0.22784522814052238,0.15343128358905128,0.1602342718451542,0.14784746229404122,-0.1501657465451196,0.0037408887297390864,-0.02170342849657883,0.019974677854305414,-0.09045019384083366,-0.0018931161913110228
sample_1463,False,ok,multi_seed_output\seed_1_S302109584\airfoils\sample_1463.dat,0.07773805302984983,0.3607214428857715,1.4831992908165281e-08,1.3166409172996052e-08,0.10567802888014981,0.2057900558208468,0.16119447283929678,0.17890957235925364,0.20904254202241157,0.10156994681788303,-0.02647954823514692,-0.04829120002272537,-0.0007661191459149147,-0.03611786745458824,-0.06183353482891742,-0.03870144564033177
sample_1464,False,ok,multi_seed_output\seed_1_S302109584\airfoils\sample_1464.dat,0.08908223073265861,0.18236472945891782,1.4831992908165281e-08,1.3166409172996052e-08,0.2204891214207857,0.17747161595342945,0.17499101318944682,0.18888830586347083,0.15829473449279902,0.16798696801533614,-0.15010877947097287,-0.0023129838392620533,-0.034674492818765335,0.00929795475354546,-0.06669877257058801,0.008580469784744416
sample_1465,False,ok,multi_seed_output\seed_1_S302109584\airfoils\sample_1465.dat,0.08644310123786864,0.2865731462925851,1.4831992908165281e-08,1.3166409172996052e-08,0.14662727142524007,0.15573695263031032,0.1856971624943657,0.18303515142130494,0.17272519943821069,0.1746615852121114,-0.08309024668366403,-0.11341211451480686,0.01938517847275427,-0.0600907823157033,-0.0338839367209889,0.023841566600727504
sample_1466,False,ok,multi_seed_output\seed_1_S302109584\airfoils\sample_1466.dat,0.09325751097590862,0.2725450901803607,1.4831992908165281e-08,1.3166409172996052e-08,0.21023541785172434,0.1746903153741908,0.21040290616010582,0.2315548207747493,0.12171487260867488,0.21581070724217422,-0.08666674184784212,-0.05530560813541512,-0.04125705134840542,0.022490708379387575,-0.008672519649211022,-0.0038115473072648787
sample_1467,False,ok,multi_seed_output\seed_1_S302109584\airfoils\sample_1467.dat,0.09142650003005232,0.24649298597194386,1.4831992908165281e-08,1.3166409172996052e-08,0.16664929320771074,0.23253360208395535,0.23297897813553636,0.14904764001269208,0.16384511685350636,0.19570859567497256,-0.12794483999328038,-0.005507381699206337,-0.010661891363554582,0.01442293557085439,-0.0707658614893532,-0.0471993987797156
sample_1468,False,ok,multi_seed_output\seed_1_S302109584\airfoils\sample_1468.dat,0.09841820166849893,0.3166332665330661,1.4831992908165281e-08,1.3166409172996052e-08,0.14411946412680401,0.25359784115373263,0.18809159489130628,0.2326995577916425,0.12756213302432046,0.10978141982451212,-0.12810893683103033,0.013900671874002957,-0.08204986006220594,-0.0446289722037334,-0.012887426587515918,0.029625980722354894
sample_1469,False,ok,multi_seed_output\seed_1_S302109584\airfoils\sample_1469.dat,0.10610755250822122,0.2665330661322645,1.4831992908165281e-08,1.3166409172996052e-08,0.18408592329315399,0.26176735159248454,0.2570697838513196,0.16205950345060594,0.10551672645032638,0.2083404795390419,-0.11994317684427756,-0.018091598733719544,-0.06148549163909039,0.007621964784093271,-0.027539579969546396,0.02102639590551285
sample_1470,False,ok,multi_seed_output\seed_1_S302109584\airfoils\sample_1470.dat,0.10081592495644508,0.23246492985971942,1.4831992908165281e-08,1.3166409172996052e-08,0.22880248911302994,0.2076399353613817,0.19071632792785953,0.18462564385078112,0.18125400279881676,0.1618258166226283,-0.10600584584213504,-0.07425052267355609,-0.01513832972923801,-0.03696236802639349,-0.058786967841728585,-0.055238443987914235
sample_1471,False,ok,multi_seed_output\seed_1_S302109584\airfoils\sample_1471.dat,0.08507817226433981,0.25250501002004005,1.4831992908165281e-08,1.3166409172996052e-08,0.22552730808413907,0.15640628845255158,0.1628142750333833,0.1821069388635674,0.15074874224624008,0.1988080034490462,-0.06393028712761012,-0.058275028029736484,-0.036565504349035674,-0.011885693921149285,-0.08236844724072488,-0.043785399875699925
sample_1472,False,ok,multi_seed_output\seed_1_S302109584\airfoils\sample_1472.dat,0.08813056310629565,0.23847695390781562,1.4831992908165281e-08,1.3166409172996052e-08,0.22029788038134207,0.19853509536350727,0.1605870720420655,0.13142018217873078,0.21120489045887347,0.21361042637533587,-0.10533573720535586,0.0038888096667936134,-0.07304531229707353,-0.045027229341242,-0.018155597676919058,0.01133307008597996
sample_1473,False,ok,multi_seed_output\seed_1_S302109584\airfoils\sample_1473.dat,0.11018681617161949,0.25851703406813625,1.4831992908165281e-08,1.3166409172996052e-08,0.22288710895205355,0.23516253842372953,0.21404839496614658,0.18387711361132705,0.21641166490228064,0.21939291961464932,-0.11290355597446551,-0.06946795646203961,-0.050688827497742985,-0.0386195516540371,-0.04957868028642908,-0.05987044352449644
sample_1474,False,ok,multi_seed_output\seed_1_S302109584\airfoils\sample_1474.dat,0.10213589802727244,0.23847695390781562,1.4831992908165281e-08,1.3166409172996052e-08,0.1702252298638358,0.2613044113750213,0.1702562948544928,0.1498997817318182,0.1271090451478492,0.18769397534200197,-0.14625622132961585,-0.030850271782096844,-0.07315377794562428,-0.021388776404365983,-0.0073332050231680185,-0.04530416392863348
sample_1475,False,ok,multi_seed_output\seed_1_S302109584\airfoils\sample_1475.dat,0.08283074849882835,0.30861723446893785,1.4831992908165281e-08,1.3166409172996052e-08,0.11710273594408256,0.22657765839447086,0.16727740609213895,0.2060155236297551,0.1733847251137807,0.10690866100344151,-0.028654932865080696,-0.07782575978511935,0.026621501079613127,-0.04681208330417335,0.011000291222982517,-0.04012427510519687
sample_1476,False,ok,multi_seed_output\seed_1_S302109584\airfoils\sample_1476.dat,0.11543299482853445,0.3006012024048096,1.4831992908165281e-08,1.3166409172996052e-08,0.23072505882016162,0.18699817799427357,0.25089385071939707,0.2459690260692375,0.15034499395824283,0.09972886941163561,-0.08143973227975752,-0.11546549059359346,-0.06684764103850166,-0.015779021390589537,-0.08279311036768677,-0.046364115238934286
sample_1477,False,ok,multi_seed_output\seed_1_S302109584\airfoils\sample_1477.dat,0.10907126313587065,0.2945891783567134,1.4831992908165281e-08,1.3166409172996052e-08,0.22126089128350207,0.19102427132047384,0.2653307134440905,0.1700787858403764,0.19249373981395668,0.1889817393413982,-0.12535190400926036,-0.045277615324168144,-0.0742888587603824,-0.06165322922553812,0.011782145603026262,-0.000935920632589321
sample_1478,False,ok,multi_seed_output\seed_1_S302109584\airfoils\sample_1478.dat,0.09992517788418574,0.2785571142284569,1.4831992908165281e-08,1.3166409172996052e-08,0.14271530114545558,0.2372017764542877,0.1495792747778628,0.22526053098738386,0.11653032782386394,0.2169841449226017,-0.12302734031942589,-0.07766639377201785,-0.039282131631736564,-0.06322395292870389,-0.05748468274115115,-0.04684211144743843
sample_1479,False,ok,multi_seed_output\seed_1_S302109584\airfoils\sample_1479.dat,0.08199331933445098,0.25250501002004005,1.4831992908165281e-08,1.3166409172996052e-08,0.17418825140366762,0.2393693516114169,0.1588308507193627,0.22434364424446268,0.20153395686788234,0.22216114181333027,-0.08634699049946985,0.010663730142798922,-0.012040697145717483,0.01742179458238491,0.003442959510812582,0.00899311849952146
sample_1480,False,ok,multi_seed_output\seed_1_S302109584\airfoils\sample_1480.dat,0.07799310318558349,0.25851703406813625,1.4831992908165281e-08,1.3166409172996052e-08,0.2070853201013757,0.1851403133917185,0.20121118498139245,0.13128093188666137,0.13837418407526386,0.2209885992781227,-0.027348027408144626,-0.02304032326593304,-0.017232928957435334,0.019739976873305476,-0.020504884888722638,-0.0005656432963438013
sample_1481,False,ok,multi_seed_output\seed_1_S302109584\airfoils\sample_1481.dat,0.10009947779698927,0.280561122244489,1.4831992908165281e-08,1.3166409172996052e-08,0.11521103515487953,0.24363116348819452,0.21573037165837472,0.1908138720835833,0.11045110218442936,0.21482860234472081,-0.1455599624205161,-0.03758341528299487,-0.06714514272170213,0.013702455996581708,-0.026889182568258937,-0.08284631670704486
sample_1482,False,ok,multi_seed_output\seed_1_S302109584\airfoils\sample_1482.dat,0.11058061734349445,0.23847695390781562,1.4831992908165281e-08,1.3166409172996052e-08,0.2340290575618001,0.22831537424364734,0.20958845501472795,0.17635383876386307,0.12384593709801525,0.16777115884390534,-0.11251172560065825,-0.07864058129664525,-0.062199728669736054,-0.02099388190893145,-0.008113552643178534,0.027865956580851045
sample_1483,False,ok,multi_seed_output\seed_1_S302109584\airfoils\sample_1483.dat,0.09593019003829976,0.2865731462925851,1.4831992908165281e-08,1.3166409172996052e-08,0.23412952361425854,0.19373605315742906,0.2215839868670909,0.20132131285497784,0.21075060079145247,0.15322678295460895,-0.02149492313544915,-0.07376352333666247,-0.03820065203320694,0.018938026301909064,0.0027701250594436566,-0.01577399462674836
sample_1484,False,ok,multi_seed_output\seed_1_S302109584\airfoils\sample_1484.dat,0.09387085730011697,0.2665330661322645,1.4831992908165281e-08,1.3166409172996052e-08,0.12211745082162787,0.2559501431219046,0.15912770510386187,0.13904453309968404,0.1863326299504805,0.20490546923149433,-0.07692281607323259,-0.07859018622644753,-0.04529617837367402,-0.014936475817088651,0.006281132002268125,-0.019961509464459404
sample_1485,False,ok,multi_seed_output\seed_1_S302109584\airfoils\sample_1485.dat,0.090723085285236,0.39078156312625245,1.4831992908165281e-08,1.3166409172996052e-08,0.16993378227663125,0.16682072809586676,0.2516165948158229,0.25308790133995607,0.16510829107471992,0.1818866831669454,-0.07938481262826422,-0.017649766258452368,0.016978136662129925,-0.08628364266617464,0.024804181132192557,0.01777838768630524
sample_1486,False,ok,multi_seed_output\seed_1_S302109584\airfoils\sample_1486.dat,0.08132071172348862,0.3306613226452906,1.4831992908165281e-08,1.3166409172996052e-08,0.1589745323828204,0.2027515169035966,0.15138273819164932,0.1434569867733811,0.19066882804810473,0.16529285647991404,-0.04873936977546248,0.01148233118503153,-0.09697805541848464,-0.048077899357636435,0.01663685863135332,0.04180418420626625
sample_1487,False,ok,multi_seed_output\seed_1_S302109584\airfoils\sample_1487.dat,0.09196442703381838,0.3607214428857715,1.4831992908165281e-08,1.3166409172996052e-08,0.22147384555079314,0.15933651851749034,0.231616706242937,0.22553192204694383,0.2242544535960723,0.11055757915206782,-0.042608585041609776,-0.0561419658907199,0.01208550492675442,-0.08690503865004665,0.014461439700055173,0.028424287394606756
sample_1488,False,ok,multi_seed_output\seed_1_S302109584\airfoils\sample_1488.dat,0.09022839406143028,0.38276553106212424,1.4831992908165281e-08,1.3166409172996052e-08,0.12057387358163821,0.16295699794024138,0.17751149575953515,0.2226505069627819,0.22346828575828281,0.21273137817952337,-0.10249335546390265,-0.09348821104484359,0.006265462455848192,-0.08836277263422122,-0.03692874142244992,-0.07529487972745671
sample_1489,False,ok,multi_seed_output\seed_1_S302109584\airfoils\sample_1489.dat,0.08977390542796897,0.2665330661322645,1.4831992908165281e-08,1.3166409172996052e-08,0.20984249496756083,0.15045301751582468,0.16623068167201005,0.21644224564971715,0.2309399620076532,0.15680640428231202,-0.12732665209203,-0.04009298573099532,-0.05818717523749476,-0.013428406407433813,-0.06245564685269983,-0.03836645394570229
sample_1490,False,ok,multi_seed_output\seed_1_S302109584\airfoils\sample_1490.dat,0.10781573907294731,0.2865731462925851,1.4831992908165281e-08,1.3166409172996052e-08,0.20005283146539726,0.18190170344685647,0.24303214601233908,0.1719653814479214,0.19424011572572236,0.10803151095721833,-0.11008801572642733,-0.09335439728014416,-0.06825421328826378,-0.02489686935033085,-0.06651702940351628,0.040475271652735345
sample_1491,False,ok,multi_seed_output\seed_1_S302109584\airfoils\sample_1491.dat,0.0981506539102859,0.2865731462925851,1.4831992908165281e-08,1.3166409172996052e-08,0.21376799397965918,0.1887003986250306,0.16575796670209478,0.24146363500798657,0.10392990706413137,0.14998897047270812,-0.06646883711045735,-0.07624696068966944,-0.07378166536882262,-0.032562462696059544,0.008450636261014333,-0.007877684970269846
sample_1492,False,ok,multi_seed_output\seed_1_S302109584\airfoils\sample_1492.dat,0.10184165408518481,0.24048096192384769,1.4831992908165281e-08,1.3166409172996052e-08,0.20808872841633452,0.2047433037297133,0.22099609122717417,0.1252487009878938,0.2001671933394355,0.1183842464305649,-0.14325256997832064,-0.028036788209492722,-0.0948973447078615,0.024626930178303738,-0.05454107746187348,-0.06497226403996398
sample_1493,False,ok,multi_seed_output\seed_1_S302109584\airfoils\sample_1493.dat,0.10659614731380494,0.3306613226452906,1.4831992908165281e-08,1.3166409172996052e-08,0.22509186139421944,0.23240805369847378,0.27278342381603315,0.15881397812718037,0.22635753213530002,0.16676359688650563,-0.028937883106143023,-0.011682996337902707,-0.09288334759722222,-0.03313589629046476,-0.02971108069018996,0.016127560914406827
sample_1494,False,ok,multi_seed_output\seed_1_S302109584\airfoils\sample_1494.dat,0.104790250525635,0.280561122244489,1.4831992908165281e-08,1.3166409172996052e-08,0.22008869752825733,0.2543877272283663,0.23725312143579233,0.2252269094207129,0.20828872478654387,0.2146900873997932,-0.08450629586525035,-0.02388255179490427,-0.0399047387822829,0.00842745433047691,-0.02632405809517699,-0.048222391941824205
sample_1495,False,ok,multi_seed_output\seed_1_S302109584\airfoils\sample_1495.dat,0.09058701552752062,0.2745490981963928,1.4831992908165281e-08,1.3166409172996052e-08,0.12275067411101268,0.23927579394913184,0.23960879889322972,0.16810860340757303,0.12250230035236297,0.0993333958212823,-0.1360989738407792,-0.0035157136713115655,-0.004211285569367729,-0.026692586162160623,0.0014956388677353077,0.01939054256084967
sample_1496,False,ok,multi_seed_output\seed_1_S302109584\airfoils\sample_1496.dat,0.07483324624525366,0.3607214428857715,1.4831992908165281e-08,1.3166409172996052e-08,0.12119973410121906,0.16107065724721556,0.21295030584788702,0.18970546466602825,0.15000674331056796,0.19216537573355677,-0.07570213310007672,0.0009873426346965336,-0.008902153830980808,-0.03251948859654963,0.03515919678744463,-0.03659484821211865
sample_1497,False,ok,multi_seed_output\seed_1_S302109584\airfoils\sample_1497.dat,0.10647714441471322,0.35270541082164325,1.4831992908165281e-08,1.3166409172996052e-08,0.12331782340215673,0.2653039951775446,0.2710187261995469,0.22281066353328716,0.23156474579537054,0.1845291714562251,-0.03578622835730237,-0.07450564507262086,0.018114732873754646,-0.07620368076040578,-0.01774469548505922,0.016778963276614364
sample_1498,False,ok,multi_seed_output\seed_1_S302109584\airfoils\sample_1498.dat,0.0970906207580986,0.22444889779559116,1.4831992908165281e-08,1.3166409172996052e-08,0.22841483566409404,0.1984563115524725,0.23505854148736205,0.12918282116641316,0.1319293304199301,0.20254609477557844,-0.0869226865938233,-0.06558011805225673,-0.02433081663528594,0.03300077414105611,0.03377642183389622,-0.0028064811369534204
sample_1499,False,ok,multi_seed_output\seed_1_S302109584\airfoils\sample_1499.dat,0.0973681131857668,0.2725450901803607,1.4831992908165281e-08,1.3166409172996052e-08,0.23394672870008382,0.20008390838191026,0.2733687535372611,0.15790817431673232,0.12771115748886927,0.1535362837389841,-0.11743895384196124,-0.0028454401168154647,0.004755858208994809,-0.09400482845541346,-0.03859949452862053,0.0046997561147260475
sample_1500,False,ok,multi_seed_output\seed_1_S302109584\airfoils\sample_1500.dat,0.08360052125849544,0.38276553106212424,1.4831992908165281e-08,1.3166409172996052e-08,0.11312608915662564,0.1727937421626027,0.23340436665354858,0.12929918582476607,0.11647118747145088,0.14229259858224105,-0.05757149831100419,0.008306688345690677,-0.055563302192199196,-0.07678140469981236,-0.0868582317694962,0.03398978732544311
