name,is_baseline,status,dat_file,t_max,x_tmax,dz_u,dz_l,Au_0,Au_1,Au_2,Au_3,Au_4,Au_5,Al_0,Al_1,Al_2,Al_3,Al_4,Al_5
sample_000,True,ok,multi_seed_output\seed_3_mh114\airfoils\sample_000.dat,0.1307116010907901,0.3006012024048096,2.230437806671759e-09,2.356746969453538e-09,0.26007655000634666,0.3265540540630131,0.34722801427011346,0.3488495891987947,0.35817454649749664,0.4019538544275347,-0.09667551152311701,-0.02271109991180407,0.007210517660426893,0.03098308703131822,0.08650599164455493,0.21167278457248587
sample_001,False,ok,multi_seed_output\seed_3_mh114\airfoils\sample_001.dat,0.13282186988746406,0.3687374749498998,2.230437806671759e-09,2.356746969453538e-09,0.20696947381547182,0.3409026845982346,0.3320736024503878,0.41283581730294294,0.41137971779401306,0.4530893004903928,-0.1370414769639562,0.013014107848405246,0.01863941447892835,-0.03223594641663273,0.1025938558157881,0.177272464940119
sample_002,False,ok,multi_seed_output\seed_3_mh114\airfoils\sample_002.dat,0.12231550635379035,0.280561122244489,2.230437806671759e-09,2.356746969453538e-09,0.2763140816959397,0.3239694147231963,0.3150362517062151,0.2997765618429067,0.31253981581595525,0.34266832359867233,-0.08106057289135638,0.00280082250693868,-0.006721849943713838,0.018732361447413623,0.09968186448244071,0.21549538074197128
sample_003,False,ok,multi_seed_output\seed_3_mh114\airfoils\sample_003.dat,0.11905052916646752,0.3006012024048096,2.230437806671759e-09,2.356746969453538e-09,0.28054909010326695,0.2686438520416659,0.3381742317831238,0.30421245953909315,0.38589450807485076,0.401374656851587,-0.13288005757662902,0.04133838257805163,-0.05114438720394508,0.0885843138567952,0.030218630140911022,0.24857636372136527
sample_004,False,ok,multi_seed_output\seed_3_mh114\airfoils\sample_004.dat,0.13317064174593754,0.24649298597194386,2.230437806671759e-09,2.356746969453538e-09,0.30729862347588427,0.3546794929694068,0.36098834879319575,0.30450487198592224,0.3345633266645277,0.426668355650543,-0.11502286783195721,-0.010344838354057181,0.04735172181097265,0.03230000745366851,0.08560574351837232,0.16346112947014524
sample_005,False,ok,multi_seed_output\seed_3_mh114\airfoils\sample_005.dat,0.11993709343359571,0.2444889779559118,2.230437806671759e-09,2.356746969453538e-09,0.2691174003960022,0.3395419421811003,0.2890573555592323,0.29251561780208296,0.29605301305144643,0.4124695673532967,-0.13920329252259797,0.03459457023884069,0.004657411626546905,0.02911379612766897,0.02348720923805053,0.25438952529944614
sample_006,False,ok,multi_seed_output\seed_3_mh114\airfoils\sample_006.dat,0.13387619410473392,0.2865731462925851,2.230437806671759e-09,2.356746969453538e-09,0.2118319550829915,0.31602655905848065,0.4020390271408851,0.3161099559644853,0.32700620424309657,0.39973921087947767,-0.13355730947704827,-0.060610775586969506,0.03823451344809768,0.04576523819091809,0.09281406097291056,0.19413071209002974
sample_007,False,ok,multi_seed_output\seed_3_mh114\airfoils\sample_007.dat,0.14736060412988158,0.30861723446893785,2.230437806671759e-09,2.356746969453538e-09,0.2052292550733301,0.33910044597423805,0.3550229613658337,0.3576652025948195,0.3009491017051569,0.3686164883295917,-0.13789045430965324,-0.08760570442325996,-0.019453722846401483,-0.024865466496673254,0.08106210987788387,0.19276498025276054
sample_008,False,ok,multi_seed_output\seed_3_mh114\airfoils\sample_008.dat,0.14463042874759746,0.280561122244489,2.230437806671759e-09,2.356746969453538e-09,0.28668124829334174,0.3355595832484125,0.3332987431263951,0.29819622650550626,0.4088605696099804,0.426263763880359,-0.1267620452386855,-0.05648478101097748,-0.05132814921678952,0.023236731858389856,0.05241986059682878,0.1932448267477489
sample_009,False,ok,multi_seed_output\seed_3_mh114\airfoils\sample_009.dat,0.1358302821820061,0.2865731462925851,2.230437806671759e-09,2.356746969453538e-09,0.25588519291343204,0.385653124403339,0.3323977870919297,0.37216622473453376,0.3853091361709686,0.3696532131426044,-0.048598553586443494,-0.05962842853117421,0.03019635924874986,0.06411428988159111,0.1064870469810358,0.17620252363712596
sample_010,False,ok,multi_seed_output\seed_3_mh114\airfoils\sample_010.dat,0.12871211275026562,0.2665330661322645,2.230437806671759e-09,2.356746969453538e-09,0.29360819612296,0.3547291618553126,0.33808851365832787,0.3318453843738458,0.40555469692340357,0.3820569887315597,-0.09261749849763842,-0.006752006483092085,0.04640477930117451,0.0335207335751358,0.07407521024777441,0.21846508447295834
sample_011,False,ok,multi_seed_output\seed_3_mh114\airfoils\sample_011.dat,0.15386820732164197,0.3006012024048096,2.230437806671759e-09,2.356746969453538e-09,0.3115925948490409,0.388811067357545,0.39948069576228135,0.3279268858906066,0.4194442732690953,0.41872437522320016,-0.1012107661615192,-0.008076958674839138,-0.05268511059677573,0.041592157835062815,0.0315445402539484,0.19382594082889323
sample_012,False,ok,multi_seed_output\seed_3_mh114\airfoils\sample_012.dat,0.14274723433161168,0.30861723446893785,2.230437806671759e-09,2.356746969453538e-09,0.2389661913742393,0.33787732534662007,0.3427568015941851,0.38004761286330546,0.4142514713656824,0.427912054796333,-0.15498334857614537,-0.04083160317846402,-0.019264992728245743,0.023140559091807497,0.06137804668512376,0.16915656814127994
sample_013,False,ok,multi_seed_output\seed_3_mh114\airfoils\sample_013.dat,0.12745173716608454,0.2785571142284569,2.230437806671759e-09,2.356746969453538e-09,0.23108884759158838,0.2641309161722118,0.2957192782903438,0.33849113092391386,0.3141965075042702,0.382625314713945,-0.1368737901565472,-0.0741821005120302,-0.05156163726061966,0.0897817372322115,0.047149915080323186,0.25633452376442245
sample_014,False,ok,multi_seed_output\seed_3_mh114\airfoils\sample_014.dat,0.11695712334107213,0.25250501002004005,2.230437806671759e-09,2.356746969453538e-09,0.25355217641174727,0.32060357076800644,0.30357167473687524,0.3129896397494952,0.3773185422821804,0.3714544667342894,-0.12113546340232789,-0.003387675666672668,0.059162430446412964,0.02263094043338347,0.05532074320015011,0.23985606944490698
sample_015,False,ok,multi_seed_output\seed_3_mh114\airfoils\sample_015.dat,0.1276355129792696,0.2745490981963928,2.230437806671759e-09,2.356746969453538e-09,0.2935023979689687,0.380204802782107,0.325622801390808,0.297411617580928,0.3553790295229808,0.45179273065146375,-0.03966311086730746,0.00033834116784858814,0.012026142581893301,0.02587041448243338,0.15099537961481285,0.20207457187746627
sample_016,False,ok,multi_seed_output\seed_3_mh114\airfoils\sample_016.dat,0.13559378751987786,0.2725450901803607,2.230437806671759e-09,2.356746969453538e-09,0.2859126813238039,0.2891232886875726,0.3165030465455466,0.37698887534763603,0.366774305420047,0.3671431771180601,-0.15052789519295273,-0.06457928702303607,0.010092462560776644,0.015967007119938238,0.03217146783817533,0.2752652337893188
sample_017,False,ok,multi_seed_output\seed_3_mh114\airfoils\sample_017.dat,0.14591390951738156,0.3166332665330661,2.230437806671759e-09,2.356746969453538e-09,0.224359244318871,0.37050869096476224,0.401121396296006,0.3870540526120877,0.4200892666555648,0.43030472571732875,-0.1566658691941456,-0.027331327963455408,0.04345647590777933,-0.008794471258940399,0.08776259407508406,0.18011364678893144
sample_018,False,ok,multi_seed_output\seed_3_mh114\airfoils\sample_018.dat,0.13743423115442904,0.3006012024048096,2.230437806671759e-09,2.356746969453538e-09,0.27992200886141194,0.3642341505404132,0.34920992301123865,0.36118419211374825,0.3273973210137622,0.41187663916679423,-0.09578234760087274,-0.025188130017936558,0.037613203770616346,-0.015279937094284244,0.023350656359988224,0.22434873929214655
sample_019,False,ok,multi_seed_output\seed_3_mh114\airfoils\sample_019.dat,0.12479652658744352,0.3306613226452906,2.230437806671759e-09,2.356746969453538e-09,0.19749185833454502,0.27982999540003006,0.33163429218235957,0.36597513242199653,0.36880846427754227,0.3892581771436042,-0.15271962642155654,-0.022620587260748143,0.002592358987430453,0.01616960363411117,0.07688383715530145,0.2375380007421509
sample_020,False,ok,multi_seed_output\seed_3_mh114\airfoils\sample_020.dat,0.13327846995073933,0.3106212424849699,2.230437806671759e-09,2.356746969453538e-09,0.19866160549666764,0.372911542954688,0.37824251817170124,0.3154465992911206,0.38296413973177756,0.4038955307395877,-0.0632163735356557,-0.04340747785782387,0.031870011254958766,0.037415074199049686,0.05175111245661026,0.2744099920927662
sample_021,False,ok,multi_seed_output\seed_3_mh114\airfoils\sample_021.dat,0.12105466444949808,0.25851703406813625,2.230437806671759e-09,2.356746969453538e-09,0.22490466619305682,0.3725049965820249,0.30751451873914304,0.31413692250094283,0.3533553584597026,0.3505719837182074,-0.1352077808100864,0.014519810552192203,0.06333808837666494,0.0028661772504991814,0.09988282428900466,0.15292426871773399
sample_022,False,ok,multi_seed_output\seed_3_mh114\airfoils\sample_022.dat,0.14717174023650545,0.3306613226452906,2.230437806671759e-09,2.356746969453538e-09,0.20067054560990005,0.37419924130089066,0.39522083686532034,0.330411601294507,0.3059304438713332,0.431498063660614,-0.10032127995738646,-0.03619595082932964,-0.023048817354069807,-0.024121717198521332,0.043492429306148175,0.2584603156716284
sample_023,False,ok,multi_seed_output\seed_3_mh114\airfoils\sample_023.dat,0.13837649690882592,0.3386773547094188,2.230437806671759e-09,2.356746969453538e-09,0.22715006589873107,0.35167304131370936,0.3729433385296442,0.38792294270454475,0.32089787069197895,0.44519868826611886,-0.08498031245857791,-0.0027929021726185166,-0.016020775440400793,0.0025051879005886027,0.09832032971889898,0.2079120032662271
sample_024,False,ok,multi_seed_output\seed_3_mh114\airfoils\sample_024.dat,0.12647470036565484,0.22645290581162322,2.230437806671759e-09,2.356746969453538e-09,0.3210623241112775,0.2871636617891378,0.3758388471751198,0.29495582445780344,0.42074411199212225,0.4492581245653696,-0.1192293627452794,-0.030272713501709528,0.05777434416394252,0.0884936776210906,0.13087505628749455,0.18477373801381938
sample_025,False,ok,multi_seed_output\seed_3_mh114\airfoils\sample_025.dat,0.12293410959991775,0.2725450901803607,2.230437806671759e-09,2.356746969453538e-09,0.25673782475079115,0.32264524249809473,0.2973224478621185,0.2949384191703677,0.36173439353551506,0.35696526462193107,-0.11425528801892215,-0.03084932985094447,0.04751228820144272,-0.02957975521163883,0.026898436924354743,0.15303043602189959
sample_026,False,ok,multi_seed_output\seed_3_mh114\airfoils\sample_026.dat,0.12850756898578633,0.31462925851703405,2.230437806671759e-09,2.356746969453538e-09,0.2704090369889499,0.3504623928716173,0.364428221706998,0.33398502321671153,0.320746890245006,0.4042537451491832,-0.03370221927944572,0.002973471271355374,0.005194090839576823,0.016064307102368877,0.1341312422808062,0.26952998749387436
sample_027,False,ok,multi_seed_output\seed_3_mh114\airfoils\sample_027.dat,0.14813607404771495,0.2865731462925851,2.230437806671759e-09,2.356746969453538e-09,0.2570230606115008,0.37782886970613644,0.3656562602577952,0.39562120624987895,0.2959149929439203,0.45580109000426183,-0.08933457415091318,-0.08389333426545274,0.00366443416540025,0.07652807479419887,0.052590867006787854,0.22003304689070063
sample_028,False,ok,multi_seed_output\seed_3_mh114\airfoils\sample_028.dat,0.13925575397866258,0.25851703406813625,2.230437806671759e-09,2.356746969453538e-09,0.23027634143065295,0.3679241631601645,0.35279163364502475,0.33216341993486903,0.3712930269696268,0.3407422142743055,-0.15211920226385056,-0.055488641643208304,0.023356968489262622,0.07415515804539664,0.14213454273198878,0.18067953832830558
sample_029,False,ok,multi_seed_output\seed_3_mh114\airfoils\sample_029.dat,0.129674638042635,0.34669338677354705,2.230437806671759e-09,2.356746969453538e-09,0.30998830837483343,0.3001444920418962,0.3429740248578154,0.3917551410808273,0.39932930447689335,0.34943741813955587,-0.034604921485044376,-0.03307588568552449,0.039296023571359,-0.026372489588060318,0.10497066929911077,0.1813174913484865
sample_030,False,ok,multi_seed_output\seed_3_mh114\airfoils\sample_030.dat,0.1362833928679318,0.2885771543086172,2.230437806671759e-09,2.356746969453538e-09,0.2863720767620823,0.3437058164658908,0.3119879465761114,0.28487474395244,0.3811789174445024,0.4419442437829851,-0.04142256356970872,-0.08394306133234855,0.004717644299959661,-0.026632847510779496,0.04235000503253839,0.22531415314088726
sample_031,False,ok,multi_seed_output\seed_3_mh114\airfoils\sample_031.dat,0.1283875514857508,0.25851703406813625,2.230437806671759e-09,2.356746969453538e-09,0.30636250953258687,0.26804367715200966,0.34626453196106877,0.28444865441776246,0.32232419834612647,0.3557242417081328,-0.12161595271251598,-0.03247593996762416,-0.026791730945294887,0.06323189526388022,0.057839905525142135,0.20012267154427366
sample_032,False,ok,multi_seed_output\seed_3_mh114\airfoils\sample_032.dat,0.11676836585685096,0.3607214428857715,2.230437806671759e-09,2.356746969453538e-09,0.2245983200314731,0.272706802598062,0.39739435459389927,0.3616634479731744,0.42153341545067075,0.43155590274431077,-0.034048732574424395,-0.007347672673222783,0.05439592492810498,0.05516862156579222,0.13939169884841612,0.1885779058769284
sample_033,False,ok,multi_seed_output\seed_3_mh114\airfoils\sample_033.dat,0.13482987283134454,0.35270541082164325,2.230437806671759e-09,2.356746969453538e-09,0.26715059885197834,0.26987521266245296,0.3682258083829931,0.398687152328261,0.3517509450208045,0.4433934748420048,-0.07991739125972959,-0.03468166645725978,-0.025773798032903777,0.02849695867967575,0.05547825874511125,0.22654007701579293
sample_034,False,ok,multi_seed_output\seed_3_mh114\airfoils\sample_034.dat,0.12045364914866424,0.25250501002004005,2.230437806671759e-09,2.356746969453538e-09,0.26078501538204296,0.2624817896141499,0.36209494010302423,0.2966379219744488,0.3012950461235716,0.37717425612992334,-0.10991655700618774,-0.06978068424075708,0.06510410799008098,0.07701355636254488,0.02616138624660671,0.19478692020224858
sample_035,False,ok,multi_seed_output\seed_3_mh114\airfoils\sample_035.dat,0.11723436697312486,0.30861723446893785,2.230437806671759e-09,2.356746969453538e-09,0.30530732698025115,0.29474746498637194,0.3357303215929842,0.32807991169744627,0.37316004163449135,0.4486761115329636,-0.06105802481339473,0.039234694989832355,-0.02122854423542088,0.08516910047645822,0.05424881394486314,0.17354719592613452
sample_036,False,ok,multi_seed_output\seed_3_mh114\airfoils\sample_036.dat,0.14125222269601617,0.2745490981963928,2.230437806671759e-09,2.356746969453538e-09,0.31401300668960497,0.3566242532947702,0.38232754368448896,0.31573844551265345,0.3216353663154338,0.3805643926705935,-0.05613618610090472,-0.06057138201152408,0.027138890892280276,0.03888700349733594,0.03156558270727333,0.20380586851123017
sample_037,False,ok,multi_seed_output\seed_3_mh114\airfoils\sample_037.dat,0.12445327956813565,0.2124248496993988,2.230437806671759e-09,2.356746969453538e-09,0.2898293795384019,0.36747476244406296,0.3272045344908194,0.30359210141586573,0.41103038644529016,0.41179012840838464,-0.14562009449423885,0.03174763239499931,0.06156341963178086,0.08998963523863998,0.11374232448325389,0.23410272097661056
sample_038,False,ok,multi_seed_output\seed_3_mh114\airfoils\sample_038.dat,0.13398453686035122,0.2945891783567134,2.230437806671759e-09,2.356746969453538e-09,0.2163730842478991,0.3903658623225821,0.3448897298554222,0.34238325541961,0.3128431564701974,0.38638710765014095,-0.14815918190425395,0.022018940793210803,0.009835687542384841,-0.005431917382038402,0.11163137582405017,0.25923687835931625
sample_039,False,ok,multi_seed_output\seed_3_mh114\airfoils\sample_039.dat,0.1203204555347051,0.3006012024048096,2.230437806671759e-09,2.356746969453538e-09,0.21137161431745197,0.344887645474,0.3700400605879239,0.32418110047581206,0.3711249373578336,0.3923212764721304,-0.045797500309092035,-0.03218388293995534,0.06314708950172358,0.08066910644945384,0.104216391437767,0.27390459972364567
sample_040,False,ok,multi_seed_output\seed_3_mh114\airfoils\sample_040.dat,0.12193500502942847,0.3306613226452906,2.230437806671759e-09,2.356746969453538e-09,0.2463703519605536,0.31021666349234767,0.3481463312895826,0.3727284945755729,0.37272421431189284,0.401942232894679,-0.12261294473708473,0.03983582568920331,0.007520099381907841,0.04523013477724171,0.07067765712104535,0.22602376096144844
sample_041,False,ok,multi_seed_output\seed_3_mh114\airfoils\sample_041.dat,0.13198927439451016,0.3306613226452906,2.230437806671759e-09,2.356746969453538e-09,0.2869077888035295,0.35114852625736603,0.33478369439525135,0.3922421123198139,0.3865114213118592,0.4328575930903744,-0.0687232696882915,0.02302934870628491,-0.018492428693777027,0.03119405346661412,0.10915181812219203,0.21594996237069514
sample_042,False,ok,multi_seed_output\seed_3_mh114\airfoils\sample_042.dat,0.12955409057609213,0.3306613226452906,2.230437806671759e-09,2.356746969453538e-09,0.2104466724747815,0.36587331550318836,0.335199770144208,0.30633533001888275,0.33837715692058107,0.46317293334585313,-0.08587343515876936,0.02673112935366334,-0.03237333016590824,-0.022827067885531172,0.10514616668745601,0.18909580305230334
sample_043,False,ok,multi_seed_output\seed_3_mh114\airfoils\sample_043.dat,0.13965514546469585,0.3306613226452906,2.230437806671759e-09,2.356746969453538e-09,0.22423812616306915,0.3365380652940802,0.33255409521016227,0.3841370160607248,0.3462583875547985,0.35289048017809227,-0.04702175664919665,-0.06837073932342749,-0.04496763155903837,0.022898767373519972,0.11663703370771146,0.21200445838723592
sample_044,False,ok,multi_seed_output\seed_3_mh114\airfoils\sample_044.dat,0.12820123235130856,0.2444889779559118,2.230437806671759e-09,2.356746969453538e-09,0.27720934591429713,0.34399635404056356,0.33518007509033826,0.3101245675020029,0.3040203123354535,0.46146159175785806,-0.15943549130770227,0.030796827252840678,-0.004759853961081403,0.07584479402002477,0.03788959444887684,0.23013317765152863
sample_045,False,ok,multi_seed_output\seed_3_mh114\airfoils\sample_045.dat,0.12392625531442619,0.280561122244489,2.230437806671759e-09,2.356746969453538e-09,0.3025629675824293,0.2923804373988199,0.35080841663251905,0.28898845398045275,0.36732760021724914,0.38231164407920387,-0.09927644125234823,0.026324115091117067,-0.05618832332583027,0.09406222858494917,0.10035827971600562,0.24254030486730488
sample_046,False,ok,multi_seed_output\seed_3_mh114\airfoils\sample_046.dat,0.13316710872459375,0.280561122244489,2.230437806671759e-09,2.356746969453538e-09,0.22402415847944743,0.33447920337925063,0.37029529489343704,0.31193042798788645,0.345855608187154,0.43441500647438597,-0.15104953449182332,-0.041524704183053415,0.054725055712118,-0.00918117381771641,0.06696531664359176,0.18097972624808872
sample_047,False,ok,multi_seed_output\seed_3_mh114\airfoils\sample_047.dat,0.1518046984493738,0.280561122244489,2.230437806671759e-09,2.356746969453538e-09,0.27912753636315335,0.3591487717490929,0.3913374780157357,0.35376940866743295,0.41621590135553604,0.3449713706405265,-0.13633300343811164,-0.0688605183763778,0.0009632276647653024,0.03711530251863339,0.1192795473178755,0.22808419355177775
sample_048,False,ok,multi_seed_output\seed_3_mh114\airfoils\sample_048.dat,0.13059069365222362,0.3246492985971944,2.230437806671759e-09,2.356746969453538e-09,0.19874695708866835,0.37476930311421597,0.2870152293417967,0.3842912197970455,0.38682944043746914,0.37166042871647864,-0.05675151108500277,-0.06845762141415564,0.04798869470968267,-0.022556860693101595,0.06181881696642522,0.22367570264396758
sample_049,False,ok,multi_seed_output\seed_3_mh114\airfoils\sample_049.dat,0.12651736778787062,0.3166332665330661,2.230437806671759e-09,2.356746969453538e-09,0.3040243888118778,0.26930316998816656,0.3525276571642145,0.37906673799651014,0.3999913156944239,0.3927211321373143,-0.10318460976516133,-0.0055856411290515495,2.4348395472419126e-05,0.03621508157048661,0.1305172744074104,0.2146767504173997
sample_050,False,ok,multi_seed_output\seed_3_mh114\airfoils\sample_050.dat,0.12519630691908112,0.25250501002004005,2.230437806671759e-09,2.356746969453538e-09,0.26863994441217587,0.31667190272492385,0.28405430103037643,0.30582407789701244,0.2941878934578868,0.379108653070933,-0.09424947877599575,-0.061648528494376145,0.02630292142673299,-0.005558506349014454,0.11562756846243458,0.23770568690431554
sample_051,False,ok,multi_seed_output\seed_3_mh114\airfoils\sample_051.dat,0.1347512378495922,0.3306613226452906,2.230437806671759e-09,2.356746969453538e-09,0.21782849949729893,0.36323472990753713,0.40781639252120994,0.3490471288834125,0.3794110681914557,0.3720727473127374,-0.044577300981099716,-0.014054322264639985,0.014080375156834093,0.05096494601069251,0.08333805598167929,0.2643960956969974
sample_052,False,ok,multi_seed_output\seed_3_mh114\airfoils\sample_052.dat,0.1099901492392491,0.25250501002004005,2.230437806671759e-09,2.356746969453538e-09,0.28313249936289886,0.33270872396262235,0.30915636782217115,0.31845266389568344,0.3523028812575423,0.3769638250462209,-0.04338624690360525,0.008745351351637828,0.0682431479227077,0.08900731305369411,0.09023391149653204,0.2207324868729491
sample_053,False,ok,multi_seed_output\seed_3_mh114\airfoils\sample_053.dat,0.11516529810791327,0.23246492985971942,2.230437806671759e-09,2.356746969453538e-09,0.3239517972014936,0.27755171747615626,0.29741256181706494,0.28912890486186105,0.3220730731492847,0.3952110092459959,-0.08384231900094273,-0.009782390446324257,0.03268731353073612,0.0244507861617383,0.11969510444362105,0.1983166467739226
sample_054,False,ok,multi_seed_output\seed_3_mh114\airfoils\sample_054.dat,0.1401432698103399,0.3166332665330661,2.230437806671759e-09,2.356746969453538e-09,0.19779135685186214,0.3425255716859994,0.3882409584776083,0.37910791629796325,0.3227504624368953,0.4648044455562188,-0.14217975504463504,-0.03443142629150899,0.009496619853401028,0.013055382838250723,0.11042560163372683,0.17791485002950247
sample_055,False,ok,multi_seed_output\seed_3_mh114\airfoils\sample_055.dat,0.12136796446242477,0.3166332665330661,2.230437806671759e-09,2.356746969453538e-09,0.20723785176506843,0.31407148809795526,0.2831465634551255,0.33195863417574145,0.31105634005406246,0.4432732573693767,-0.09978275255435178,-0.019707929301832905,-0.019730105544405588,-0.0030161547517787574,0.09945483055614507,0.1893650497666144
sample_056,False,ok,multi_seed_output\seed_3_mh114\airfoils\sample_056.dat,0.13940763127070357,0.280561122244489,2.230437806671759e-09,2.356746969453538e-09,0.2616993985019479,0.29900388574095815,0.3553584228176787,0.3891422388608876,0.2951382461628227,0.3840383257014057,-0.15195215559563496,-0.058937657670543195,-0.01439516705118074,0.044381065395553504,0.13424746713379238,0.2604162956719186
sample_057,False,ok,multi_seed_output\seed_3_mh114\airfoils\sample_057.dat,0.133299018518993,0.3366733466933867,2.230437806671759e-09,2.356746969453538e-09,0.2268834264031172,0.33689331104213593,0.38851642915727763,0.37143558387740816,0.32256188727160523,0.3959307883225367,-0.08221382332227081,0.01114390062138533,-0.01567530345087325,0.034345582181385184,0.09915779368353494,0.2450868336463892
sample_058,False,ok,multi_seed_output\seed_3_mh114\airfoils\sample_058.dat,0.13321132235337257,0.280561122244489,2.230437806671759e-09,2.356746969453538e-09,0.3082082231833842,0.38545763538294026,0.3888782478499163,0.30317979106181486,0.29596937636029347,0.41386698018566614,-0.09306017173229338,0.03588449369896894,0.05329680924363056,-0.020785109338659895,0.06814053936063827,0.19117355759436117
sample_059,False,ok,multi_seed_output\seed_3_mh114\airfoils\sample_059.dat,0.12119573326069866,0.2945891783567134,2.230437806671759e-09,2.356746969453538e-09,0.2183255491173971,0.35059618951418553,0.337118049538666,0.32507697598019675,0.41899362758548897,0.46250590509078005,-0.10951564979200425,0.0028664595098707307,0.059099302926211864,0.017067757950468977,0.113650687194376,0.24670485314967333
sample_060,False,ok,multi_seed_output\seed_3_mh114\airfoils\sample_060.dat,0.1441656475092033,0.35270541082164325,2.230437806671759e-09,2.356746969453538e-09,0.22502522319726936,0.33136611176293557,0.3678551401185391,0.3613577907507899,0.4197239444990931,0.34302896641686903,-0.03399710264225689,-0.06510714878836671,-0.054198203803163696,0.035394256204350966,0.02560940506025271,0.19954332095537627
sample_061,False,ok,multi_seed_output\seed_3_mh114\airfoils\sample_061.dat,0.12371892821721871,0.3386773547094188,2.230437806671759e-09,2.356746969453538e-09,0.27788544656077396,0.3337965297802979,0.33093157456499056,0.4034530754068595,0.3429989529315387,0.40481029423944825,-0.06350350396278076,0.03612988745058966,0.008471074114084556,0.022791692755209272,0.12322556891563913,0.2569083679973294
sample_062,False,ok,multi_seed_output\seed_3_mh114\airfoils\sample_062.dat,0.12139659405753124,0.3166332665330661,2.230437806671759e-09,2.356746969453538e-09,0.26578687797443173,0.2765140636835873,0.3501694351377085,0.4018290794225752,0.33258993805056447,0.3416943415582401,-0.10251633575713912,-0.01694053941333673,0.04577704039909508,0.05212004093249832,0.041711218715697385,0.25413934437373487
sample_063,False,ok,multi_seed_output\seed_3_mh114\airfoils\sample_063.dat,0.14052295562588613,0.2925851703406813,2.230437806671759e-09,2.356746969453538e-09,0.28646584216884285,0.3666382972224491,0.3111458127761592,0.4015922075237154,0.408633562798911,0.34650095010632936,-0.08569140839687968,-0.027679049083354612,-0.05087716418683556,0.0921281655366038,0.09624010925355783,0.2282930026566124
sample_064,False,ok,multi_seed_output\seed_3_mh114\airfoils\sample_064.dat,0.11140924801730527,0.34669338677354705,2.230437806671759e-09,2.356746969453538e-09,0.20241455290870192,0.2791534207294887,0.30744380493166007,0.4117296558330073,0.3719795448005583,0.45368081507986635,-0.051006283938184155,-0.03060974437734608,0.0483842196503209,0.05854228451689372,0.14082967040673794,0.23333674000136775
sample_065,False,ok,multi_seed_output\seed_3_mh114\airfoils\sample_065.dat,0.1481117305109087,0.22444889779559116,2.230437806671759e-09,2.356746969453538e-09,0.3095536287858246,0.3832669744581719,0.3169604055646894,0.3307735908210907,0.3629767295643236,0.43602690336533356,-0.1456425891105027,-0.08275839193161375,0.04373019400626989,0.04223564926252245,0.13878567040424988,0.15751864197219734
sample_066,False,ok,multi_seed_output\seed_3_mh114\airfoils\sample_066.dat,0.13187639934769682,0.3386773547094188,2.230437806671759e-09,2.356746969453538e-09,0.21932118050442131,0.34103442527733485,0.38991529462615426,0.35980395907941914,0.38608254353791643,0.3619691879673859,-0.1334059853330881,0.03229463883131746,0.017974585821832617,-0.009628976574983215,0.1241872408176354,0.25089690231102413
sample_067,False,ok,multi_seed_output\seed_3_mh114\airfoils\sample_067.dat,0.13561090828056582,0.2945891783567134,2.230437806671759e-09,2.356746969453538e-09,0.25502235491803515,0.3216072846689461,0.3349187619233715,0.3512462277153261,0.35565956353801914,0.36857284548854424,-0.09422502741092409,-0.04816580115222999,-0.052566825973066084,0.08815560042315362,0.11416218995827139,0.18085465259165673
sample_068,False,ok,multi_seed_output\seed_3_mh114\airfoils\sample_068.dat,0.11906325663060313,0.2945891783567134,2.230437806671759e-09,2.356746969453538e-09,0.2636189610567286,0.2722882651123536,0.32090794599977956,0.3838479340576364,0.3330839144633595,0.4589812339729542,-0.13853585884886058,0.010914129838698147,-0.008128883003340415,0.09532575166569326,0.040041659446676654,0.14884835171517385
sample_069,False,ok,multi_seed_output\seed_3_mh114\airfoils\sample_069.dat,0.1558831728028471,0.3006012024048096,2.230437806671759e-09,2.356746969453538e-09,0.27360691704700224,0.3207875833605434,0.4115674589608589,0.31493924630886466,0.38165683479047774,0.3794556585680975,-0.13708772363986127,-0.07754194706918131,-0.05604195692156613,-0.0032518202158210267,0.1250210297840822,0.22317940692571303
sample_070,False,ok,multi_seed_output\seed_3_mh114\airfoils\sample_070.dat,0.1305959494318895,0.3226452905811623,2.230437806671759e-09,2.356746969453538e-09,0.23252747966986168,0.32939206980577773,0.34804174752523304,0.3994149489926536,0.34678687873415814,0.41654179396135604,-0.1534184115581257,0.009999765479268258,0.01962478773320421,0.022664524218065495,0.04495632137093686,0.25764818737465583
sample_071,False,ok,multi_seed_output\seed_3_mh114\airfoils\sample_071.dat,0.15030216271589536,0.2725450901803607,2.230437806671759e-09,2.356746969453538e-09,0.31294213595025844,0.37501839825479955,0.38375626099763616,0.32454756587483014,0.37341972692736225,0.42345675087098944,-0.11846307881725386,-0.033256923650315545,-0.013862428099791678,0.020846419396757986,0.1023505266918637,0.15462882426643457
sample_072,False,ok,multi_seed_output\seed_3_mh114\airfoils\sample_072.dat,0.13094813531078647,0.30260521042084165,2.230437806671759e-09,2.356746969453538e-09,0.235388771491765,0.33592163022518745,0.3847362948281281,0.32861553978848623,0.3879243102724345,0.38211772939727107,-0.12556836275668692,-0.016169241600664366,0.061832902238181844,-0.02472027808665836,0.13514480176661933,0.19021672364153694
sample_073,False,ok,multi_seed_output\seed_3_mh114\airfoils\sample_073.dat,0.13745680049735434,0.280561122244489,2.230437806671759e-09,2.356746969453538e-09,0.24732748336462357,0.38948237637780364,0.37219966465003895,0.3958404207543571,0.4081725584161427,0.3889361399890543,-0.09569995688809302,-0.04177977205333451,0.07099898485883895,0.06431706782568739,0.1332436512249684,0.26333586174481693
sample_074,False,ok,multi_seed_output\seed_3_mh114\airfoils\sample_074.dat,0.13725674504401703,0.30861723446893785,2.230437806671759e-09,2.356746969453538e-09,0.30701568208270696,0.29003972924733445,0.36112859003894227,0.38277257011973653,0.36429242103276915,0.3474750339486928,-0.13428324457514612,-0.04008496206737838,0.03362680000476184,-0.02746293748719831,0.03533850237273019,0.27518808848575693
sample_075,False,ok,multi_seed_output\seed_3_mh114\airfoils\sample_075.dat,0.12601918819431107,0.30861723446893785,2.230437806671759e-09,2.356746969453538e-09,0.22201576780963195,0.31791472534998566,0.3492785928647487,0.3433068313381672,0.32565343477956554,0.4312386143037589,-0.10662081525191036,-0.008834123036303612,-0.01118691883050197,0.07005223939584226,0.05624322524619944,0.19160754350636744
sample_076,False,ok,multi_seed_output\seed_3_mh114\airfoils\sample_076.dat,0.13148438041588897,0.3226452905811623,2.230437806671759e-09,2.356746969453538e-09,0.20586928723077194,0.30703156927689235,0.340204099266641,0.3627611932826331,0.3748180710273682,0.41689063609680277,-0.12722512209135817,-0.028787359891553316,-0.029731360151420742,0.029224206622355087,0.14745304200332898,0.1925301363033896
sample_077,False,ok,multi_seed_output\seed_3_mh114\airfoils\sample_077.dat,0.1349782473846769,0.34669338677354705,2.230437806671759e-09,2.356746969453538e-09,0.2446584077123709,0.3529020581169647,0.3669028758242444,0.4057069959406215,0.3825216552453197,0.4204019123210876,-0.0680152319554116,0.017020982239510332,-0.01550455375659425,0.043303117961642046,0.08246587277570155,0.25131911299095305
sample_078,False,ok,multi_seed_output\seed_3_mh114\airfoils\sample_078.dat,0.12282784301888182,0.34669338677354705,2.230437806671759e-09,2.356746969453538e-09,0.19826888969165482,0.2904787719218984,0.346867453894615,0.3340424216584525,0.331430580082958,0.4499034765438163,-0.06914116770456923,-0.020056608473685067,-0.004091236436490078,-0.0060027809328996005,0.11139905438562313,0.26140152740010136
sample_079,False,ok,multi_seed_output\seed_3_mh114\airfoils\sample_079.dat,0.14789690986946744,0.30861723446893785,2.230437806671759e-09,2.356746969453538e-09,0.311474949972096,0.31787693060043465,0.3965503503563034,0.30836755490950507,0.41665161971386355,0.3658271596210754,-0.09903106750272034,-0.05100027579918427,-0.02203513681223493,-0.03031150207967713,0.08141777039377247,0.26125900223620435
sample_080,False,ok,multi_seed_output\seed_3_mh114\airfoils\sample_080.dat,0.14075302461192968,0.30260521042084165,2.230437806671759e-09,2.356746969453538e-09,0.31018075349422586,0.3544313128103826,0.34952200723594185,0.3453613939771264,0.3771333308006956,0.3643265457420875,-0.05957697983738698,-0.036481392276949895,0.002289813238605165,-0.024268443633860055,0.1081301389585439,0.1776535399480834
sample_081,False,ok,multi_seed_output\seed_3_mh114\airfoils\sample_081.dat,0.13829217835324095,0.3166332665330661,2.230437806671759e-09,2.356746969453538e-09,0.26211004744516997,0.3506963919290059,0.39800326218459614,0.3480586983315461,0.30002535152212334,0.39506541176170384,-0.07621812266860879,-0.00010527657453894557,-0.02057086510741657,0.037811751536027755,0.08007071564535728,0.19321017984232658
sample_082,False,ok,multi_seed_output\seed_3_mh114\airfoils\sample_082.dat,0.12676165759116387,0.3226452905811623,2.230437806671759e-09,2.356746969453538e-09,0.2994129073860825,0.28218792720101854,0.36878014807751835,0.3767035513337621,0.3099475786060576,0.36057914865294677,-0.11561494165103367,0.019046006046329278,0.0168315053225552,-0.016147832983969452,0.14034838504305153,0.27342549210007805
sample_083,False,ok,multi_seed_output\seed_3_mh114\airfoils\sample_083.dat,0.14490622258669458,0.280561122244489,2.230437806671759e-09,2.356746969453538e-09,0.2382233006557624,0.355247596355296,0.2875717607242737,0.41211191328568764,0.3218315381788397,0.4308316681515584,-0.12350947961434933,-0.08569617258914863,-0.05569159740617451,0.07429805096502458,0.08668593042382686,0.22238149214023278
sample_084,False,ok,multi_seed_output\seed_3_mh114\airfoils\sample_084.dat,0.1418346578175248,0.25250501002004005,2.230437806671759e-09,2.356746969453538e-09,0.2772678354900771,0.35177385396938887,0.35468192233358453,0.32343191151201117,0.36172250102826314,0.39957413838393485,-0.15787336079473946,-0.0485509682266844,0.026135719816630945,0.02193569999071547,0.13391943109887483,0.20869845767628653
sample_085,False,ok,multi_seed_output\seed_3_mh114\airfoils\sample_085.dat,0.12915591935712267,0.30260521042084165,2.230437806671759e-09,2.356746969453538e-09,0.23765361439522006,0.31550742544573296,0.35133081849068226,0.4080776156012127,0.39609357188652417,0.3588848491326672,-0.08344521337215577,-0.06874646032191234,0.06287841617515065,0.0498030997093382,0.12307583632042679,0.23174048307282258
sample_086,False,ok,multi_seed_output\seed_3_mh114\airfoils\sample_086.dat,0.1264301382263797,0.2605210420841683,2.230437806671759e-09,2.356746969453538e-09,0.32499920107324043,0.2955490871160398,0.33934205760135033,0.3931768666684563,0.3010040135352005,0.35824763946983607,-0.12206429794175473,0.018423817679187687,-0.00992681993467262,0.09239481488029455,0.1234639673372828,0.17755040341945066
sample_087,False,ok,multi_seed_output\seed_3_mh114\airfoils\sample_087.dat,0.1344472981057948,0.2725450901803607,2.230437806671759e-09,2.356746969453538e-09,0.23871244237986156,0.3594954399146809,0.31443167485115975,0.37817350964295565,0.31541820841994395,0.456865147516288,-0.07799364919916392,-0.08702866985339114,0.02332256827490846,0.07824523790464549,0.1461625134405652,0.236921999063921
sample_088,False,ok,multi_seed_output\seed_3_mh114\airfoils\sample_088.dat,0.14099348418415272,0.2865731462925851,2.230437806671759e-09,2.356746969453538e-09,0.2373681702477503,0.38693242000331485,0.38335087075001767,0.28785548274217426,0.31719329186270895,0.34854580879484176,-0.08486005845021717,-0.0374556446881038,-0.01153332889179192,0.04778440364164466,0.101301419844783,0.14730764073838226
sample_089,False,ok,multi_seed_output\seed_3_mh114\airfoils\sample_089.dat,0.14165128834792473,0.30861723446893785,2.230437806671759e-09,2.356746969453538e-09,0.31295098834079726,0.305736502120993,0.3638210340870844,0.3233088019700203,0.41832529321689454,0.3655876491856844,-0.06237762079047271,-0.05370530801873662,-0.04949725824025187,0.02760515590412494,0.07277801971284074,0.26248671417001995
sample_090,False,ok,multi_seed_output\seed_3_mh114\airfoils\sample_090.dat,0.1370461743967407,0.35270541082164325,2.230437806671759e-09,2.356746969453538e-09,0.28347453694920993,0.2813660487376814,0.3803455049436255,0.38961670282027716,0.36290273811400897,0.3809860731775836,-0.05887619016904977,-0.03781902527020206,-0.01034334320108335,-0.008406031070876462,0.10205120076121163,0.24709049492934948
sample_091,False,ok,multi_seed_output\seed_3_mh114\airfoils\sample_091.dat,0.14073568531787728,0.25250501002004005,2.230437806671759e-09,2.356746969453538e-09,0.2701087189062803,0.3770882891706243,0.3650879451468236,0.3454831678820287,0.33096310211349705,0.4310959551619671,-0.1553284493495924,-0.018963857719774185,0.029182198332411882,0.060410194507793655,0.07140517203395536,0.1837102335756414
sample_092,False,ok,multi_seed_output\seed_3_mh114\airfoils\sample_092.dat,0.13428904917774048,0.2785571142284569,2.230437806671759e-09,2.356746969453538e-09,0.2889981422612178,0.38225837733417223,0.3742172309510251,0.33754739072514856,0.3579822455914011,0.37501646290608276,-0.1070634275827892,0.03100769946315718,0.008856533717584228,0.07350728910071234,0.06667687403879594,0.21030005617074557
sample_093,False,ok,multi_seed_output\seed_3_mh114\airfoils\sample_093.dat,0.13051206872574472,0.344689378757515,2.230437806671759e-09,2.356746969453538e-09,0.2098845614869366,0.33108027828491055,0.31047131990894666,0.3584357837743145,0.34612800033952895,0.45211716322285467,-0.036282188366940415,-0.07266774260729146,0.018943479721509504,-0.0329710977031576,0.04967432047860873,0.21643341571731461
sample_094,False,ok,multi_seed_output\seed_3_mh114\airfoils\sample_094.dat,0.148544289612349,0.3226452905811623,2.230437806671759e-09,2.356746969453538e-09,0.2539112568881765,0.3739788567719421,0.3949578928169167,0.4002529022803042,0.31591038054853676,0.41936416121132836,-0.07213433072781043,-0.03555305079807144,-0.01821951860711201,0.029028564337509735,0.07450259191163464,0.19445331711979924
sample_095,False,ok,multi_seed_output\seed_3_mh114\airfoils\sample_095.dat,0.1170843703451466,0.280561122244489,2.230437806671759e-09,2.356746969453538e-09,0.278219983822658,0.3327947437558673,0.322788064371314,0.319338162717233,0.42082629590996,0.42009077467495737,-0.04848682240989578,-0.011732021532065248,0.06497721289032098,0.03995960636450088,0.10782153531782665,0.2316345216551132
sample_096,False,ok,multi_seed_output\seed_3_mh114\airfoils\sample_096.dat,0.13644823201139625,0.3246492985971944,2.230437806671759e-09,2.356746969453538e-09,0.21887926073944072,0.26486580719387837,0.40894923053025567,0.3431450825306229,0.3955784354443332,0.3954259871350738,-0.12828707599068817,-0.050947220329403776,-0.03824539131826036,0.07129235767629175,0.10226685289089478,0.23438993194491545
sample_097,False,ok,multi_seed_output\seed_3_mh114\airfoils\sample_097.dat,0.1352003059077587,0.3306613226452906,2.230437806671759e-09,2.356746969453538e-09,0.23216155508615577,0.338067415184435,0.4075884148022964,0.33385040426384516,0.352969969882042,0.34163380946970695,-0.1314666589669572,0.03164843268515061,-0.011339168329930698,0.005966558038757841,0.11191465394371218,0.18331822449894244
sample_098,False,ok,multi_seed_output\seed_3_mh114\airfoils\sample_098.dat,0.13452913111778336,0.30861723446893785,2.230437806671759e-09,2.356746969453538e-09,0.27341048848266214,0.35091945131196595,0.3488900101372511,0.3803495475790518,0.42041688250795783,0.4298524822341579,-0.10338303325467171,-0.02364170903333329,0.051128205157285486,0.004657885192067307,0.05387562949884106,0.19418776152019704
sample_099,False,ok,multi_seed_output\seed_3_mh114\airfoils\sample_099.dat,0.12124096070119005,0.280561122244489,2.230437806671759e-09,2.356746969453538e-09,0.2197362777710657,0.3322421690201939,0.320429017871352,0.313298196322537,0.34935608396058043,0.3998635488640384,-0.12476296332679329,0.006826954836560692,-0.010658012370565781,0.09071175103734162,0.0493781210705205,0.2313469509061813
sample_100,False,ok,multi_seed_output\seed_3_mh114\airfoils\sample_100.dat,0.1423922320602636,0.3006012024048096,2.230437806671759e-09,2.356746969453538e-09,0.2818179916973381,0.35336408061145297,0.35377579104615603,0.35314886962348097,0.3072253725335786,0.37075596947156286,-0.04596449263287744,-0.05817443263732046,-0.04177528482607788,0.054066227295129984,0.09228760440081295,0.23544244172781825
sample_101,False,ok,multi_seed_output\seed_3_mh114\airfoils\sample_101.dat,0.1287150936674676,0.2865731462925851,2.230437806671759e-09,2.356746969453538e-09,0.22648746021660981,0.32919297530307723,0.32115620686996077,0.3801613430252437,0.39067224309119686,0.41633623463564867,-0.1293143132556632,-0.039479903225024676,0.016374634990297177,0.0944734701704176,0.025080306083598077,0.14946114491048218
sample_102,False,ok,multi_seed_output\seed_3_mh114\airfoils\sample_102.dat,0.14324246014005199,0.35270541082164325,2.230437806671759e-09,2.356746969453538e-09,0.2129679106737962,0.3289473220413388,0.36661788721745053,0.40019768959799473,0.31524726819722104,0.4598849661823239,-0.04872082139626785,-0.052010160110083754,-0.04929624151987508,0.010078023012618682,0.08833513398141929,0.1788567727063394
sample_103,False,ok,multi_seed_output\seed_3_mh114\airfoils\sample_103.dat,0.1297502404025745,0.3306613226452906,2.230437806671759e-09,2.356746969453538e-09,0.22972831344251213,0.3302902311863217,0.30818728475528856,0.41146832791321586,0.35540679952903026,0.4379153655808788,-0.06974082697358484,-0.05378853342665082,0.03137357549626313,-0.013275805309479895,0.1340674369794791,0.1825441909683673
sample_104,False,ok,multi_seed_output\seed_3_mh114\airfoils\sample_104.dat,0.13202758362285305,0.280561122244489,2.230437806671759e-09,2.356746969453538e-09,0.27895194462584444,0.33561741711337617,0.30240608228418514,0.40933124922330133,0.3886933220673577,0.3403060866698896,-0.08171344394261526,-0.06726255668062751,0.03751287895972337,0.04855347040928368,0.10439308293871864,0.1527216507466876
sample_105,False,ok,multi_seed_output\seed_3_mh114\airfoils\sample_105.dat,0.12442895520639469,0.3006012024048096,2.230437806671759e-09,2.356746969453538e-09,0.2571395583337479,0.29059348295586673,0.39999936224515814,0.30802028094258305,0.41059788487286036,0.3765068250919878,-0.07007941550001517,-0.04315163971269136,0.05264514746246561,0.050758703596937585,0.1374203997322248,0.2344664058808209
sample_106,False,ok,multi_seed_output\seed_3_mh114\airfoils\sample_106.dat,0.13799535848068803,0.3226452905811623,2.230437806671759e-09,2.356746969453538e-09,0.2401393881640915,0.37929927776611694,0.3393132730921389,0.34850737325557296,0.36393121854776017,0.40327065121052946,-0.05847027442656742,-0.046889248204275445,0.02718730223303094,-0.02790636454862524,0.047855181634747626,0.18182645443451373
sample_107,False,ok,multi_seed_output\seed_3_mh114\airfoils\sample_107.dat,0.13156680237866047,0.35270541082164325,2.230437806671759e-09,2.356746969453538e-09,0.2007620978375519,0.38769004216210334,0.30171691637719933,0.4115684284445057,0.31924446844288473,0.4541182365260121,-0.0562772440556657,0.024731158053798205,-0.03450723398150553,0.001221002351946436,0.11047525999756869,0.20893124497670001
sample_108,False,ok,multi_seed_output\seed_3_mh114\airfoils\sample_108.dat,0.11464467720230698,0.2665330661322645,2.230437806671759e-09,2.356746969453538e-09,0.28668956332575096,0.29752654649597615,0.2872207516318875,0.2898010531189629,0.40285545580081394,0.43024463346089753,-0.04064220240877599,-0.040708191873988185,0.02848246974506731,0.053661958350604735,0.08586936164138884,0.1511466398642307
sample_109,False,ok,multi_seed_output\seed_3_mh114\airfoils\sample_109.dat,0.14102974634004736,0.30260521042084165,2.230437806671759e-09,2.356746969453538e-09,0.1952416812264317,0.3452596619682039,0.3866853444072609,0.30712920081712947,0.34463595311987477,0.38916508948528483,-0.08417432495013139,-0.07560007651654067,-0.0333344707960065,0.05352270327681738,0.14972088411870188,0.16004814244203994
sample_110,False,ok,multi_seed_output\seed_3_mh114\airfoils\sample_110.dat,0.11959019705986162,0.3386773547094188,2.230437806671759e-09,2.356746969453538e-09,0.206945326753852,0.3226587756724578,0.3029073322598105,0.3706961844974141,0.40232436844535163,0.4529134541316349,-0.12779218516305837,0.021429930458371216,0.009155086432561466,0.02439412088676035,0.09883489178124899,0.15283893197660653
sample_111,False,ok,multi_seed_output\seed_3_mh114\airfoils\sample_111.dat,0.13440146457188756,0.2865731462925851,2.230437806671759e-09,2.356746969453538e-09,0.21332019382453526,0.3891736884181821,0.39506753993401444,0.29686807955704525,0.323739217771712,0.3706776949138202,-0.058661176774038704,-0.05153340666405874,0.04948042137211628,0.05332916937756087,0.09692549962626189,0.17401641339765253
sample_112,False,ok,multi_seed_output\seed_3_mh114\airfoils\sample_112.dat,0.1382557380110531,0.2865731462925851,2.230437806671759e-09,2.356746969453538e-09,0.2263167210529548,0.388870384680378,0.28483117067772085,0.3674954335482472,0.34706495369212365,0.3923690174606952,-0.15637828429992048,-0.00619022011962965,-0.030844911540620856,0.0075128035797907555,0.052664238803436875,0.23901053720685478
sample_113,False,ok,multi_seed_output\seed_3_mh114\airfoils\sample_113.dat,0.1362699332726541,0.3306613226452906,2.230437806671759e-09,2.356746969453538e-09,0.21371143083399913,0.3752947624057036,0.31590451605668907,0.39041752388691464,0.3403716861588,0.42101025984032586,-0.05557772323817986,-0.05528370203951362,0.020532536575430527,-0.00882324200894398,0.02169021600900591,0.2378440404750068
sample_114,False,ok,multi_seed_output\seed_3_mh114\airfoils\sample_114.dat,0.13895626636306987,0.30861723446893785,2.230437806671759e-09,2.356746969453538e-09,0.2709514436945535,0.314120535501074,0.38868153661675,0.3463220952514484,0.3017832911666277,0.37557453748018554,-0.08355580013722505,-0.042214574812659715,-0.013196165363329092,0.01507782528717308,0.08952075002297416,0.21703401718912368
sample_115,False,ok,multi_seed_output\seed_3_mh114\airfoils\sample_115.dat,0.1384886892621822,0.30260521042084165,2.230437806671759e-09,2.356746969453538e-09,0.28216021556675225,0.35616422850291424,0.41048629072384035,0.39019415481649816,0.31697278034550036,0.44079707706198407,-0.11894662767378644,0.022868569697262364,0.013307372973205861,0.0592475649104673,0.08159769132694447,0.1632756023086349
sample_116,False,ok,multi_seed_output\seed_3_mh114\airfoils\sample_116.dat,0.13928847946177556,0.23847695390781562,2.230437806671759e-09,2.356746969453538e-09,0.2888125233886847,0.37109760949289244,0.3318416822050017,0.32475681547240653,0.37767812517857907,0.44762368649436834,-0.1268966805967649,-0.05653725286691781,0.04015225860046502,0.07205917708669007,0.11225154922238065,0.1850802033413576
sample_117,False,ok,multi_seed_output\seed_3_mh114\airfoils\sample_117.dat,0.1265999151739357,0.31462925851703405,2.230437806671759e-09,2.356746969453538e-09,0.2947330329598848,0.2981222026204456,0.3398756729392051,0.3933827568673103,0.4173215219909054,0.3477944898731852,-0.09187135702629129,-0.011825526797931724,0.02381194960233954,0.039470950209857206,0.11406869977670359,0.15990586120977884
sample_118,False,ok,multi_seed_output\seed_3_mh114\airfoils\sample_118.dat,0.14318766194026517,0.3246492985971944,2.230437806671759e-09,2.356746969453538e-09,0.22929347183706836,0.35001592996352027,0.3703711019265562,0.41184808440749243,0.41113938023398655,0.44444584129001985,-0.1233541131853108,-0.020889011031969287,-0.02718246907638457,0.048754660560874144,0.12237499058896639,0.23153714956350474
sample_119,False,ok,multi_seed_output\seed_3_mh114\airfoils\sample_119.dat,0.1307598622689549,0.3386773547094188,2.230437806671759e-09,2.356746969453538e-09,0.21314259144619296,0.3493002844447728,0.3911767744001657,0.291738699534512,0.3921734605094996,0.3813719997671138,-0.06187506652413517,0.013308750495236582,-0.016134154255469407,0.0211558231050389,0.057118213030833156,0.27467274011176335
sample_120,False,ok,multi_seed_output\seed_3_mh114\airfoils\sample_120.dat,0.1421757184587778,0.3607214428857715,2.230437806671759e-09,2.356746969453538e-09,0.2415489612865444,0.3751353944122933,0.39100068828110623,0.34125653004471657,0.372471497912374,0.4666802024046205,-0.06280668257184481,0.028684336299415497,-0.02955510337250625,-0.027128278460626747,0.031738189643812774,0.24261476120255998
sample_121,False,ok,multi_seed_output\seed_3_mh114\airfoils\sample_121.dat,0.14023566150679118,0.24649298597194386,2.230437806671759e-09,2.356746969453538e-09,0.3169960654352801,0.3866097972005548,0.3153213687779602,0.37103076739730717,0.35720430239660195,0.4039845783855937,-0.07474125708546264,-0.06357765888172426,0.043122931898846306,0.06710559186951207,0.06060994106409653,0.2589392428670821
sample_122,False,ok,multi_seed_output\seed_3_mh114\airfoils\sample_122.dat,0.13258435916696185,0.25851703406813625,2.230437806671759e-09,2.356746969453538e-09,0.26866832481448333,0.3889584876604059,0.3168645295362146,0.28514173901372164,0.39290829932114385,0.4503625748251761,-0.1528308049729418,0.027609446570256893,0.02031705064857589,-0.03163708761533658,0.10347681488445092,0.14673165428217658
sample_123,False,ok,multi_seed_output\seed_3_mh114\airfoils\sample_123.dat,0.1313673397788317,0.3987975951903807,2.230437806671759e-09,2.356746969453538e-09,0.22916660670964467,0.2767490734354737,0.39416366842539,0.35342310657989734,0.42276531457660554,0.3638058854305949,-0.08020335622974532,0.01713928177801277,-0.01463878274435193,0.002253290897113222,0.026054297346052087,0.15165540785320508
sample_124,False,ok,multi_seed_output\seed_3_mh114\airfoils\sample_124.dat,0.11406365271150053,0.280561122244489,2.230437806671759e-09,2.356746969453538e-09,0.19807203882393729,0.3557611701056345,0.286519203283682,0.29351483382846394,0.333697993438728,0.45247472952879386,-0.11137356776448332,0.011415809547936598,0.04095525821547372,0.018325348131282677,0.043694271429113,0.23555213746563813
sample_125,False,ok,multi_seed_output\seed_3_mh114\airfoils\sample_125.dat,0.11251795054267215,0.280561122244489,2.230437806671759e-09,2.356746969453538e-09,0.2529788312074755,0.3400328387613329,0.3281561189325037,0.3161916640247999,0.3090650372409255,0.4228594354834116,-0.06793928624462112,0.031140278903694543,0.04422964448009785,0.06403506135960266,0.08682252659620249,0.23180869867430748
sample_126,False,ok,multi_seed_output\seed_3_mh114\airfoils\sample_126.dat,0.1261787880876163,0.3166332665330661,2.230437806671759e-09,2.356746969453538e-09,0.21685832264333343,0.3433708031929292,0.3875825352022465,0.32523941544561014,0.39771082917419376,0.45919668836025695,-0.08625268119118705,-0.003857608065390053,0.04402517474813647,0.03750516936494386,0.10885462486322559,0.2727555739883132
sample_127,False,ok,multi_seed_output\seed_3_mh114\airfoils\sample_127.dat,0.13677192376638908,0.2885771543086172,2.230437806671759e-09,2.356746969453538e-09,0.24520222517450535,0.2887026240136631,0.41119714131991825,0.284952631702352,0.30373828372841793,0.33817099705037607,-0.15570889485741227,-0.05930156438359948,0.041938602441118494,-0.03180946021936406,0.029402813428831973,0.24428020391718264
sample_128,False,ok,multi_seed_output\seed_3_mh114\airfoils\sample_128.dat,0.13184960605851415,0.3006012024048096,2.230437806671759e-09,2.356746969453538e-09,0.27110850968501365,0.36493220508046553,0.34433701510871456,0.3623281274385339,0.3146551029148612,0.39447682385335037,-0.07338890040079292,-0.017002130515659256,0.048329496887128176,-0.025584682079047214,0.1246332642364936,0.24517108723699976
sample_129,False,ok,multi_seed_output\seed_3_mh114\airfoils\sample_129.dat,0.11695171008358207,0.3306613226452906,2.230437806671759e-09,2.356746969453538e-09,0.1969154250360901,0.33966256158517055,0.33320404126844116,0.38729074167725325,0.32846343155033453,0.4519396558280294,-0.052420115105106524,-0.009553050728426951,0.051630002333676414,0.07896244182937553,0.047311777961132354,0.20805429691101923
sample_130,False,ok,multi_seed_output\seed_3_mh114\airfoils\sample_130.dat,0.14442144862936127,0.24649298597194386,2.230437806671759e-09,2.356746969453538e-09,0.32279601661943036,0.3026970776877338,0.32927667044143977,0.3736848913179719,0.3899549562296641,0.4251485174479518,-0.15320263128587747,-0.07729057338758846,-0.009596749296343847,0.05598659960407651,0.09182359844786539,0.18611762964184664
sample_131,False,ok,multi_seed_output\seed_3_mh114\airfoils\sample_131.dat,0.1288815690145694,0.34669338677354705,2.230437806671759e-09,2.356746969453538e-09,0.21396998477111107,0.3435742159676698,0.2931575667163467,0.3579575098174266,0.39649928736855333,0.3815472403736417,-0.1005825448698204,0.020967530273391113,-0.04916417306112429,-0.027386420228254785,0.1500840202376068,0.21162354340204065
sample_132,False,ok,multi_seed_output\seed_3_mh114\airfoils\sample_132.dat,0.1271780182455268,0.2745490981963928,2.230437806671759e-09,2.356746969453538e-09,0.21444202923872696,0.3415615475994569,0.2894119306544974,0.3589700738010656,0.3680724860659868,0.3519603752323753,-0.1262283962882975,-0.039773418953224296,0.002800059746480621,0.04768251020962362,0.1498245143029408,0.17923621719673477
sample_133,False,ok,multi_seed_output\seed_3_mh114\airfoils\sample_133.dat,0.12419689489038252,0.2124248496993988,2.230437806671759e-09,2.356746969453538e-09,0.2937373373918366,0.3320193575989818,0.2937248120599491,0.31604131571103167,0.33162886719619067,0.4342658050964744,-0.14531242760236796,-0.004516121841664042,0.0423149122217661,0.08485483746524755,0.03972036783391474,0.24004040268485277
sample_134,False,ok,multi_seed_output\seed_3_mh114\airfoils\sample_134.dat,0.12430731249687733,0.30861723446893785,2.230437806671759e-09,2.356746969453538e-09,0.24315991683902438,0.29031218066830955,0.38832430862598255,0.28772664751720767,0.35436872844824246,0.3455217162924616,-0.036154246269703066,-0.0668950209810601,0.03085012877343088,0.07238581572648532,0.02228906667442286,0.20974318611335588
sample_135,False,ok,multi_seed_output\seed_3_mh114\airfoils\sample_135.dat,0.1321486147037414,0.2865731462925851,2.230437806671759e-09,2.356746969453538e-09,0.29210595372868864,0.2779832360449321,0.3596860845917862,0.3135956873046368,0.3274276528877501,0.4644077335329686,-0.08140788909167734,-0.04690956640611865,-0.05536318884013097,0.09324691919327338,0.0920531715709424,0.17370943539896755
sample_136,False,ok,multi_seed_output\seed_3_mh114\airfoils\sample_136.dat,0.138078292621854,0.35270541082164325,2.230437806671759e-09,2.356746969453538e-09,0.2555518568399586,0.26454241479399754,0.37965781940628823,0.3609752055583549,0.31983362616083755,0.3907957745248134,-0.11378104526784556,-0.03572746573491197,-0.03501309197794748,-0.01472578386354775,0.03307777549807175,0.22217142732294182
sample_137,False,ok,multi_seed_output\seed_3_mh114\airfoils\sample_137.dat,0.12234559734453034,0.30260521042084165,2.230437806671759e-09,2.356746969453538e-09,0.2500542214634041,0.2856742192269551,0.324869488715247,0.3734272294339686,0.30397292244921503,0.3776071643569984,-0.1488701540739908,0.023765649433516334,-0.02769487867821868,0.04657461207153961,0.12373207825606149,0.16000206915830467
sample_138,False,ok,multi_seed_output\seed_3_mh114\airfoils\sample_138.dat,0.14077373905310164,0.374749498997996,2.230437806671759e-09,2.356746969453538e-09,0.26257381748270375,0.2736471889601063,0.4063095970287961,0.35926726396000047,0.4202358874069094,0.44842428530840966,-0.11160523419874421,0.004825141774076239,-0.05321822546324995,0.013638050396326672,0.03069752911931927,0.1531379404299789
sample_139,False,ok,multi_seed_output\seed_3_mh114\airfoils\sample_139.dat,0.14761907446384634,0.2665330661322645,2.230437806671759e-09,2.356746969453538e-09,0.257370410251886,0.38238067590530234,0.39182675067721645,0.2994465457418319,0.30295384489474164,0.38248511939803714,-0.10601669664687857,-0.06744938089213977,-0.013755656623976174,0.09486933394758038,0.05774579864586963,0.2742263872730967
sample_140,False,ok,multi_seed_output\seed_3_mh114\airfoils\sample_140.dat,0.13015886599769183,0.24048096192384769,2.230437806671759e-09,2.356746969453538e-09,0.30557217022066363,0.34684554402292456,0.3084615115836228,0.31698928311242636,0.4084620160342426,0.34690940234513035,-0.10202985084717534,-0.019412437571580704,0.000127391830062204,0.09481818105978324,0.10610334620586312,0.2111070715778796
sample_141,False,ok,multi_seed_output\seed_3_mh114\airfoils\sample_141.dat,0.13650366000936204,0.30861723446893785,2.230437806671759e-09,2.356746969453538e-09,0.24813866985926922,0.3589829435478787,0.3250630703554329,0.29275130844287056,0.2971510000260848,0.4131998650883233,-0.041339094017655315,-0.048408223911736145,-0.042846644849847036,-0.014984488461269267,0.0971844610581626,0.1593336445807891
sample_142,False,ok,multi_seed_output\seed_3_mh114\airfoils\sample_142.dat,0.12890134772458645,0.30861723446893785,2.230437806671759e-09,2.356746969453538e-09,0.3189018338350451,0.33125688871747894,0.36458925670955955,0.30443092135552385,0.3823382072105609,0.4382849342984575,-0.05949209913453818,0.01631300760606902,0.013457636460719333,-0.0019488756916439462,0.050855480586120855,0.14765747186456557
sample_143,False,ok,multi_seed_output\seed_3_mh114\airfoils\sample_143.dat,0.12489940027508367,0.3306613226452906,2.230437806671759e-09,2.356746969453538e-09,0.23403547583575135,0.32837521290495164,0.31211988425869946,0.3693538500395556,0.3003786664469709,0.4001959033139557,-0.09683045357017238,0.037055725547421633,-0.05466774714636359,0.0408731811121615,0.06472654388022417,0.27634603450264594
sample_144,False,ok,multi_seed_output\seed_3_mh114\airfoils\sample_144.dat,0.14565390143179247,0.3226452905811623,2.230437806671759e-09,2.356746969453538e-09,0.3225340224392145,0.30206150261686104,0.3966576126035194,0.38587102426334063,0.3548790940912869,0.3404014407436348,-0.15168387773336803,-0.01235993859234144,0.0011008985536494625,-0.028301697831596476,0.0241624744013216,0.2699244758857203
sample_145,False,ok,multi_seed_output\seed_3_mh114\airfoils\sample_145.dat,0.1340447842973924,0.3386773547094188,2.230437806671759e-09,2.356746969453538e-09,0.22081387262713686,0.34775302958928145,0.3439394347518486,0.39347851286846747,0.40603623866573946,0.40912486133413223,-0.06035061762190366,-0.012635759136647218,-0.03342624345438083,0.056357706882814176,0.11861327960580398,0.17737191451070938
sample_146,False,ok,multi_seed_output\seed_3_mh114\airfoils\sample_146.dat,0.12193441815678299,0.3306613226452906,2.230437806671759e-09,2.356746969453538e-09,0.3113619226952871,0.2662140560498899,0.2961789918185437,0.34408651787331684,0.33956634503455857,0.4337054391968538,-0.045086657732417226,-0.018423839698091013,-0.03217741393740094,-0.0025092057629124906,0.0980638202461726,0.18106198487461853
sample_147,False,ok,multi_seed_output\seed_3_mh114\airfoils\sample_147.dat,0.12554837480693354,0.31462925851703405,2.230437806671759e-09,2.356746969453538e-09,0.2664129182527787,0.2777770355241741,0.32873771875712093,0.337792776393071,0.38459565746483426,0.3477029177527138,-0.054807095556044974,-0.05225766436236734,-0.02653160313704074,0.0743884286900117,0.04870097139038784,0.21365831778526198
sample_148,False,ok,multi_seed_output\seed_3_mh114\airfoils\sample_148.dat,0.13505884127171516,0.2725450901803607,2.230437806671759e-09,2.356746969453538e-09,0.3080794737517379,0.3149345410033837,0.3588422296041157,0.2926831708662361,0.3064230595171475,0.43750215902925016,-0.08866579900856807,-0.04115154940286675,-0.011650828046913399,0.02397329852522305,0.11167065779214864,0.2510608670644343
sample_149,False,ok,multi_seed_output\seed_3_mh114\airfoils\sample_149.dat,0.135340751251199,0.3166332665330661,2.230437806671759e-09,2.356746969453538e-09,0.23600811169955402,0.33760861335785775,0.3293446887387951,0.3450823926529157,0.35105317127505475,0.4453914848776184,-0.06922477251749945,-0.03269107264581995,-0.05668416620052766,0.031690107618164626,0.11724404086560312,0.24497999358379538
sample_150,False,ok,multi_seed_output\seed_3_mh114\airfoils\sample_150.dat,0.12937610954042017,0.2725450901803607,2.230437806671759e-09,2.356746969453538e-09,0.24509566117168982,0.3126806495252129,0.37758171215499803,0.29387625819170854,0.333802439225934,0.4532874829683221,-0.12041436056375389,-0.035043334909892476,0.011234552063960249,0.08200463474145127,0.046071286893791974,0.2670855565298292
sample_151,False,ok,multi_seed_output\seed_3_mh114\airfoils\sample_151.dat,0.14308098070678615,0.2865731462925851,2.230437806671759e-09,2.356746969453538e-09,0.26435698760598486,0.38448001337764404,0.38205630735478796,0.28829614902476386,0.42034273479994366,0.3778880301236092,-0.09373526430435437,-0.029423159278146635,-0.008771598717683737,0.04865557203606914,0.033360053090803865,0.24222790114439674
sample_152,False,ok,multi_seed_output\seed_3_mh114\airfoils\sample_152.dat,0.12963100242915856,0.3246492985971944,2.230437806671759e-09,2.356746969453538e-09,0.22413216479282563,0.36137350868300777,0.32375610261123594,0.3996756200140306,0.403001976618114,0.3834528995756455,-0.13589210835598695,0.02022185774111636,0.01588342687438586,0.03042046327426244,0.06176017465791887,0.18154727816898014
sample_153,False,ok,multi_seed_output\seed_3_mh114\airfoils\sample_153.dat,0.11166589723852526,0.344689378757515,2.230437806671759e-09,2.356746969453538e-09,0.2339259653611142,0.34249449370060425,0.30124998802544156,0.4125078512610635,0.3728280004655294,0.37894441719056354,-0.04419609930279053,0.03986550942252291,0.0458248010335815,0.04951407704735697,0.14940719224724508,0.19771120165249667
sample_154,False,ok,multi_seed_output\seed_3_mh114\airfoils\sample_154.dat,0.11679439804957328,0.3667334669338677,2.230437806671759e-09,2.356746969453538e-09,0.19958316743514423,0.30623661877239305,0.30148801324640095,0.38943268877375203,0.3651917602432204,0.3522444559092232,-0.04286888272731951,0.014127340143516326,-0.02755732063954227,0.061175444965784434,0.09687771765316738,0.1947171825909023
sample_155,False,ok,multi_seed_output\seed_3_mh114\airfoils\sample_155.dat,0.12207265330704327,0.2945891783567134,2.230437806671759e-09,2.356746969453538e-09,0.3027674875946531,0.3342882183318132,0.34703468874591836,0.28593775390487547,0.40103119499455614,0.3423483263547329,-0.07360915480637178,0.034402334941913165,0.029551109036075413,-0.027715110311190616,0.14593762077703815,0.19093666905703205
sample_156,False,ok,multi_seed_output\seed_3_mh114\airfoils\sample_156.dat,0.1374822931529467,0.280561122244489,2.230437806671759e-09,2.356746969453538e-09,0.2465927381287466,0.37690794877767375,0.3495688568358988,0.36059060218541,0.390792497472607,0.3510059903137472,-0.08609636575618299,-0.0547087678328393,0.021551377377251893,0.08603090781991424,0.09505971413124659,0.15980800112213756
sample_157,False,ok,multi_seed_output\seed_3_mh114\airfoils\sample_157.dat,0.13772984926773074,0.3306613226452906,2.230437806671759e-09,2.356746969453538e-09,0.20417779617754894,0.38375535001596395,0.38519615167984717,0.29756039034224296,0.298264555187434,0.3957727140877822,-0.0816429427026881,0.02906696604906721,-0.047519959250584054,-0.029132091059607866,0.14254393698259343,0.2137745228121852
sample_158,False,ok,multi_seed_output\seed_3_mh114\airfoils\sample_158.dat,0.1454702009947813,0.2725450901803607,2.230437806671759e-09,2.356746969453538e-09,0.30814764234605185,0.33961206205661104,0.3254636546867495,0.3571532341405922,0.3626075013546568,0.4092818432915244,-0.0973885933979516,-0.07252357614047268,-0.043797494037143905,0.06963458684366154,0.03759857365158574,0.2511774444501887
sample_159,False,ok,multi_seed_output\seed_3_mh114\airfoils\sample_159.dat,0.14592865149052925,0.3166332665330661,2.230437806671759e-09,2.356746969453538e-09,0.19701304102506148,0.37211688470615845,0.3911623855492486,0.38073816149973094,0.3800507967983402,0.4151253050613737,-0.12283574017292215,-0.04291790099547303,-0.012168718088623381,0.0594578807355573,0.05206094451271483,0.2235398954868147
sample_160,False,ok,multi_seed_output\seed_3_mh114\airfoils\sample_160.dat,0.13705723870765973,0.3306613226452906,2.230437806671759e-09,2.356746969453538e-09,0.27344031147799497,0.27681665618100115,0.3750470594922735,0.4091541101702343,0.3489962081344677,0.45997289831442534,-0.1259818482865652,-0.015448675084363539,-0.043893347814073655,0.053973602906723483,0.11557404132114467,0.1517901783795601
sample_161,False,ok,multi_seed_output\seed_3_mh114\airfoils\sample_161.dat,0.14497584502787683,0.25250501002004005,2.230437806671759e-09,2.356746969453538e-09,0.29184039782736265,0.3618013638306274,0.3694599874179155,0.3376384181200103,0.3409950971201315,0.36615653761259187,-0.14853270327255932,-0.05119942205527225,0.0473355863841777,-0.011781641773159632,0.1443435108297626,0.15788654954969075
sample_162,False,ok,multi_seed_output\seed_3_mh114\airfoils\sample_162.dat,0.12688986226300872,0.37675350701402804,2.230437806671759e-09,2.356746969453538e-09,0.2418092404752363,0.30377714235432257,0.3851263330989671,0.36331401339846214,0.3473000445523496,0.3843082259112191,-0.05561679391314717,0.010651878930666533,0.03778447316595096,-0.025389670483498612,0.04322345101690353,0.22266414010077085
sample_163,False,ok,multi_seed_output\seed_3_mh114\airfoils\sample_163.dat,0.11856155295613616,0.2665330661322645,2.230437806671759e-09,2.356746969453538e-09,0.24275843399264743,0.29007382788505587,0.3066505640824622,0.3519756928794456,0.3638063318810348,0.3391270243465667,-0.08115801201825736,-0.06708547773993212,0.03895105598803958,0.08879233622836218,0.11208081345225739,0.2744219896918489
sample_164,False,ok,multi_seed_output\seed_3_mh114\airfoils\sample_164.dat,0.11184867478059538,0.3166332665330661,2.230437806671759e-09,2.356746969453538e-09,0.2315155219691862,0.3268939471975564,0.3299943658729704,0.3221897240832913,0.40630793597966697,0.3818110257813469,-0.049318404494415505,0.01835558984067512,0.04354640425812449,0.04362991886468108,0.14459607731141114,0.2034525397758584
sample_165,False,ok,multi_seed_output\seed_3_mh114\airfoils\sample_165.dat,0.13420464962575235,0.2665330661322645,2.230437806671759e-09,2.356746969453538e-09,0.3045822693876244,0.32338986876462145,0.28852762236646023,0.3290922361215385,0.3732776757097015,0.3753152087529153,-0.07303066149659056,-0.05973679680979492,-0.05427635560436931,0.09382139776995765,0.03400903229458898,0.2600141301143104
sample_166,False,ok,multi_seed_output\seed_3_mh114\airfoils\sample_166.dat,0.14807974956437503,0.2865731462925851,2.230437806671759e-09,2.356746969453538e-09,0.3126087213747837,0.3782612766843523,0.36847419834760825,0.3171953085669697,0.4022342625777955,0.4426935429852343,-0.12469119567057649,0.0008888464503451488,-0.04071504943330273,0.019356701846423824,0.04507166344602753,0.1626476876558073
sample_167,False,ok,multi_seed_output\seed_3_mh114\airfoils\sample_167.dat,0.12820672618997406,0.3306613226452906,2.230437806671759e-09,2.356746969453538e-09,0.23725377289087507,0.2763678795416413,0.4061201544498969,0.35658426240655894,0.40330316922279397,0.3879714836981509,-0.04500880547117307,-0.08255617281086675,0.06555081422313033,0.03961106660866577,0.09613006713055305,0.19150971570804368
sample_168,False,ok,multi_seed_output\seed_3_mh114\airfoils\sample_168.dat,0.12712278464315033,0.30861723446893785,2.230437806671759e-09,2.356746969453538e-09,0.25633983877135236,0.30359734600403343,0.29336561128690813,0.4000573138215704,0.41180798001923036,0.3974742681531585,-0.05577295047370025,-0.07230927137142994,0.0032984027359195117,0.06379152698741805,0.08863674765098208,0.2395342219481462
sample_169,False,ok,multi_seed_output\seed_3_mh114\airfoils\sample_169.dat,0.12904174243283714,0.3386773547094188,2.230437806671759e-09,2.356746969453538e-09,0.22989231485782444,0.3460512769519336,0.36728143414088044,0.33018386697187824,0.4193047641309392,0.39137110329006497,-0.04467670556057582,-0.014932618746620802,0.02511095022576741,0.014135600793556954,0.06364243208976456,0.17567337197665583
sample_170,False,ok,multi_seed_output\seed_3_mh114\airfoils\sample_170.dat,0.12339196092939349,0.2865731462925851,2.230437806671759e-09,2.356746969453538e-09,0.19607057843744774,0.3736492827116681,0.2908061222161708,0.358338277639468,0.3920313277883487,0.37409734348313545,-0.14452420309765326,0.013187722305839714,0.020648842625356822,0.037394490400196975,0.10214053933844461,0.1881199180866542
sample_171,False,ok,multi_seed_output\seed_3_mh114\airfoils\sample_171.dat,0.12511243423801216,0.2865731462925851,2.230437806671759e-09,2.356746969453538e-09,0.24644520001533032,0.3397457992456583,0.30522654349904704,0.35552906177066457,0.334602859413846,0.3903368510976548,-0.08553407279573935,-0.03879183885339419,0.040564466580215564,0.02809394225934784,0.033380395532416035,0.21669804459960287
sample_172,False,ok,multi_seed_output\seed_3_mh114\airfoils\sample_172.dat,0.1269808018396215,0.2945891783567134,2.230437806671759e-09,2.356746969453538e-09,0.3221773326522812,0.3549076906624642,0.30022660949401114,0.3397080066618893,0.34075644919952836,0.4362326984350401,-0.062193524703503034,0.015244417558918172,0.0188285815574821,-0.02814661645116562,0.04919563943931933,0.2650515904194248
sample_173,False,ok,multi_seed_output\seed_3_mh114\airfoils\sample_173.dat,0.13544496575541934,0.2945891783567134,2.230437806671759e-09,2.356746969453538e-09,0.2136731665625656,0.36876677825134474,0.3139911384773321,0.3647987574856385,0.3044187807422694,0.452350127173427,-0.11477667085840715,-0.044503281782532066,0.00857296208805082,-0.013204387500178001,0.15017220122391933,0.24950012188726067
sample_174,False,ok,multi_seed_output\seed_3_mh114\airfoils\sample_174.dat,0.1346450213350908,0.23847695390781562,2.230437806671759e-09,2.356746969453538e-09,0.32230525099392404,0.31977789217746755,0.2949418928815977,0.305946896500122,0.34557392056263775,0.39006317186355066,-0.12654778121751903,-0.04326681443823045,-0.00394129944478161,0.012066919160875149,0.08751520609893108,0.16605588331597518
sample_175,False,ok,multi_seed_output\seed_3_mh114\airfoils\sample_175.dat,0.1095255088986819,0.30260521042084165,2.230437806671759e-09,2.356746969453538e-09,0.2266477648546658,0.3775602899268744,0.2851433683655462,0.3419290285631446,0.3774516441099411,0.3717753224230239,-0.0334868527672228,0.026399203729206344,0.06718047278104032,0.0526935550119071,0.03666191701317005,0.2663387841473639
sample_176,False,ok,multi_seed_output\seed_3_mh114\airfoils\sample_176.dat,0.13281909412182727,0.30260521042084165,2.230437806671759e-09,2.356746969453538e-09,0.2957184670640471,0.3768093889058538,0.3435180791040028,0.40579505723382336,0.3488486470487946,0.4066589566308927,-0.063890689029309,-0.0031238099347675047,0.05008091767770276,0.03443563946354386,0.035240997150862347,0.18397990292230046
sample_177,False,ok,multi_seed_output\seed_3_mh114\airfoils\sample_177.dat,0.1373305140502091,0.25250501002004005,2.230437806671759e-09,2.356746969453538e-09,0.303654464257361,0.3311809179133669,0.3445401234598788,0.3231158579372487,0.4206382833934188,0.35965709254280753,-0.0898382264747115,-0.08530525482065499,0.035006779125814375,0.08194024349802843,0.06559511422749814,0.2525627296219898
sample_178,False,ok,multi_seed_output\seed_3_mh114\airfoils\sample_178.dat,0.13865943486684823,0.25851703406813625,2.230437806671759e-09,2.356746969453538e-09,0.2761637361926357,0.39117400619244225,0.38177863359926123,0.2880678357955554,0.33988010312009237,0.34397166999878376,-0.13014636142913058,0.0014033238044864893,0.035204647480745796,0.010449281429479915,0.131615625967075,0.1702866931716518
sample_179,False,ok,multi_seed_output\seed_3_mh114\airfoils\sample_179.dat,0.11583889822404692,0.24649298597194386,2.230437806671759e-09,2.356746969453538e-09,0.2276359529370302,0.2866203126449978,0.3715150686904926,0.30041641892780424,0.2948302694341396,0.3714095441593551,-0.14059530740568632,-0.01775432113496639,0.06681045115981042,0.09468921937017102,0.12289781538099281,0.16149328124362505
sample_180,False,ok,multi_seed_output\seed_3_mh114\airfoils\sample_180.dat,0.12374439068283506,0.2865731462925851,2.230437806671759e-09,2.356746969453538e-09,0.2888698088107729,0.38339930391788496,0.3336511410339444,0.3935666269831809,0.38324113029521145,0.46307125510765756,-0.059027720411718276,0.03276797218756315,0.046375367776141624,0.09361917363167468,0.07251676292601689,0.2093291048832408
sample_181,False,ok,multi_seed_output\seed_3_mh114\airfoils\sample_181.dat,0.12776958649708328,0.3166332665330661,2.230437806671759e-09,2.356746969453538e-09,0.2965243712787572,0.3029577355634833,0.3196339772357313,0.349506080304022,0.30601166414726105,0.38546375821008894,-0.10108630259427243,0.024398649271245465,-0.04334455900869992,-0.006933797346290831,0.08941645389307014,0.2480504789720211
sample_182,False,ok,multi_seed_output\seed_3_mh114\airfoils\sample_182.dat,0.12114501770380996,0.30260521042084165,2.230437806671759e-09,2.356746969453538e-09,0.29747298446486437,0.3018408979128129,0.3155641803417181,0.33450055404644896,0.30665871778298287,0.3668691153562436,-0.05310442740911672,0.001124853218030561,-0.007937491581380234,0.007412562302398437,0.12734001980980297,0.1572338022322454
sample_183,False,ok,multi_seed_output\seed_3_mh114\airfoils\sample_183.dat,0.1495167774764228,0.30861723446893785,2.230437806671759e-09,2.356746969453538e-09,0.3065709234651583,0.33893265592450944,0.4039237678995524,0.3880589618125322,0.37929838089025236,0.4332466225166274,-0.10630549431440425,-0.046246634653438264,0.015381360812355777,-0.020068679841917264,0.12814084412167706,0.1749420731338124
sample_184,False,ok,multi_seed_output\seed_3_mh114\airfoils\sample_184.dat,0.15864030543247762,0.2725450901803607,2.230437806671759e-09,2.356746969453538e-09,0.2916173643057638,0.36048299300551717,0.3582989393146739,0.37357880241299485,0.3114509277923498,0.4656593099702099,-0.15481972133353228,-0.08036055102819331,-0.045770832049551416,0.006578825333514948,0.14763042624204664,0.20253442105117198
sample_185,False,ok,multi_seed_output\seed_3_mh114\airfoils\sample_185.dat,0.14470090642973424,0.3226452905811623,2.230437806671759e-09,2.356746969453538e-09,0.2659563380917767,0.3306183609335501,0.37799470127424756,0.3784501253482696,0.35584559374590374,0.4542587151738001,-0.145462115851791,-0.005385372391644272,-0.0440193640028221,0.024229185575048787,0.04612387558065105,0.21233884239370554
sample_186,False,ok,multi_seed_output\seed_3_mh114\airfoils\sample_186.dat,0.13288803581471945,0.2725450901803607,2.230437806671759e-09,2.356746969453538e-09,0.27746576904947384,0.2739948417093274,0.31304528025784095,0.3095731186134115,0.33149002063088856,0.39109856776880686,-0.12914996846527174,-0.0739369200705411,-0.019746174121638906,-0.01032690294297178,0.10606327693689858,0.1613493114251168
sample_187,False,ok,multi_seed_output\seed_3_mh114\airfoils\sample_187.dat,0.13500279076906593,0.3246492985971944,2.230437806671759e-09,2.356746969453538e-09,0.20226173483549204,0.3315850669434204,0.34170314301631605,0.3928869793719325,0.3764493857161461,0.3467194404768973,-0.06455410135068156,-0.06305765487465907,-0.027915210941650417,0.08514449903366181,0.06870735551822435,0.19778405696521817
sample_188,False,ok,multi_seed_output\seed_3_mh114\airfoils\sample_188.dat,0.12618521340833144,0.3006012024048096,2.230437806671759e-09,2.356746969453538e-09,0.3137764368277532,0.27393031756931935,0.3329053165843179,0.38996191999595725,0.29366090649849985,0.36734392120012666,-0.03960845001128628,-0.07902466115867722,0.05519101577087675,0.013772168675296709,0.05478892075035635,0.226447546295929
sample_189,False,ok,multi_seed_output\seed_3_mh114\airfoils\sample_189.dat,0.14213683398212718,0.280561122244489,2.230437806671759e-09,2.356746969453538e-09,0.26831770088304846,0.3872386024355775,0.3861362586510371,0.30981240062993404,0.41418735890214803,0.36694167272845585,-0.11864190413501768,-0.028525807984495062,0.05638847686528513,-0.018081215163999194,0.07014752661599738,0.15824211923270584
sample_190,False,ok,multi_seed_output\seed_3_mh114\airfoils\sample_190.dat,0.13172452952989144,0.3166332665330661,2.230437806671759e-09,2.356746969453538e-09,0.2464938526210873,0.3292520427046836,0.3978735054419593,0.34567651112359277,0.29874248373855855,0.3929541749940754,-0.072224162851261,-0.017514257195429928,0.026402314501371094,0.0189176770244691,0.08634476166735384,0.15424325677310158
sample_191,False,ok,multi_seed_output\seed_3_mh114\airfoils\sample_191.dat,0.11867266261134526,0.38476953907815625,2.230437806671759e-09,2.356746969453538e-09,0.26281346405816386,0.29542441836324257,0.3494519655558671,0.3588419284652679,0.41544350200357827,0.394232410572272,-0.07855247401549673,0.03710933519123233,0.0536465354331032,-0.033868913302445715,0.09924841222920358,0.19124474191696675
sample_192,False,ok,multi_seed_output\seed_3_mh114\airfoils\sample_192.dat,0.14265267253983538,0.30861723446893785,2.230437806671759e-09,2.356746969453538e-09,0.2103636380993148,0.37558072626094297,0.3167820900909524,0.3371461638185082,0.33566474473569846,0.35653677924136307,-0.14616259915905772,-0.035340989486085356,-0.025978384731859365,-0.03269580989948482,0.023718449494700814,0.15599066065085726
sample_193,False,ok,multi_seed_output\seed_3_mh114\airfoils\sample_193.dat,0.1370209125519773,0.25250501002004005,2.230437806671759e-09,2.356746969453538e-09,0.3178454181830504,0.36925258494519686,0.317889465704884,0.3695255561158425,0.3944360386145598,0.3829826840205579,-0.09797507900595175,-0.040137924330260595,0.05943717842612957,0.0034074258276850927,0.09956214120348138,0.2379078702442117
sample_194,False,ok,multi_seed_output\seed_3_mh114\airfoils\sample_194.dat,0.13405038157575902,0.2945891783567134,2.230437806671759e-09,2.356746969453538e-09,0.298801423454939,0.37164116747171655,0.3712783359124016,0.39253658791500257,0.2983717218190819,0.4411213829997299,-0.05285712856697097,0.005708609387094235,0.01030774776207094,0.08107763112025158,0.10078788181190626,0.25620228103489684
sample_195,False,ok,multi_seed_output\seed_3_mh114\airfoils\sample_195.dat,0.13213385686491105,0.30861723446893785,2.230437806671759e-09,2.356746969453538e-09,0.2615868344817177,0.29245089421114434,0.3617377096176892,0.31961027214134996,0.3344428937596391,0.44917517744640967,-0.15590597221908994,-0.0057842126053358894,-0.012364729497730959,-0.00033560917456603584,0.03255012035930013,0.1864467924439186
sample_196,False,ok,multi_seed_output\seed_3_mh114\airfoils\sample_196.dat,0.12388421726700075,0.3386773547094188,2.230437806671759e-09,2.356746969453538e-09,0.24220845568537697,0.294741395422266,0.4111249312594736,0.3745646240015055,0.33783182190568,0.3626880999100176,-0.09493026566581908,0.01656315413769295,0.047069477169362536,0.02560769480075859,0.1485544466140965,0.1712121366241465
sample_197,False,ok,multi_seed_output\seed_3_mh114\airfoils\sample_197.dat,0.11824427290611886,0.2745490981963928,2.230437806671759e-09,2.356746969453538e-09,0.22122954237062883,0.36238653704213203,0.30507107310583786,0.2921006436531882,0.3799721753113692,0.4443771304880107,-0.11357456615787367,0.041582555526610984,-0.02146147668093109,0.09459193538669922,0.09365792875119194,0.149715968887745
sample_198,False,ok,multi_seed_output\seed_3_mh114\airfoils\sample_198.dat,0.13254010326903162,0.3306613226452906,2.230437806671759e-09,2.356746969453538e-09,0.250832231462661,0.36653466879600133,0.3621985267723179,0.3299199793835434,0.3350894428053267,0.464915329349321,-0.07634890461039613,0.041740568897699934,-0.04013595732597861,0.03728801311404144,0.03274102088315825,0.1585331229777316
sample_199,False,ok,multi_seed_output\seed_3_mh114\airfoils\sample_199.dat,0.12878437277621385,0.3246492985971944,2.230437806671759e-09,2.356746969453538e-09,0.2401543009668397,0.3788485370490542,0.352156419446562,0.3581494547231633,0.42232108207027014,0.4517666013359568,-0.06375523024129291,0.039168153259244345,-0.01706024403560734,0.0628103585811319,0.14951376882911133,0.14684222827787125
sample_200,False,ok,multi_seed_output\seed_3_mh114\airfoils\sample_200.dat,0.11747097867964691,0.3607214428857715,2.230437806671759e-09,2.356746969453538e-09,0.21503171718989306,0.28650782600864017,0.3249900294252885,0.33283739600765094,0.3973167487830668,0.3449262400850384,-0.08424709460030122,0.02218299222042379,-0.027825142516219113,0.050726664453962,0.035101918067182956,0.22696466241876123
sample_201,False,ok,multi_seed_output\seed_3_mh114\airfoils\sample_201.dat,0.12811297025780527,0.3547094188376753,2.230437806671759e-09,2.356746969453538e-09,0.26921152476440213,0.26555872392379165,0.299322747919733,0.37243223560257915,0.37179804619697365,0.4632924246136678,-0.04983702089820624,-0.04908354228159218,-0.04854473040580091,0.027175651852651618,0.031240227332782443,0.15196165340333745
sample_202,False,ok,multi_seed_output\seed_3_mh114\airfoils\sample_202.dat,0.1476621978131115,0.3306613226452906,2.230437806671759e-09,2.356746969453538e-09,0.2795404175864977,0.38396747613998905,0.40083246426705404,0.36582695765380935,0.3273006989913043,0.4634414592762823,-0.11054801729622854,0.03345484005432249,-0.024346882125341536,-0.023720737966704583,0.04457966380514691,0.18219771691219747
sample_203,False,ok,multi_seed_output\seed_3_mh114\airfoils\sample_203.dat,0.13179173223031612,0.3166332665330661,2.230437806671759e-09,2.356746969453538e-09,0.25436519257104667,0.3290911599788838,0.2836087337958307,0.32547629578681664,0.3650531386905085,0.4252015508100305,-0.03668728867033276,-0.06766669029394574,-0.03192695095182992,-0.02459819312295887,0.10854556126052967,0.19832984703515122
sample_204,False,ok,multi_seed_output\seed_3_mh114\airfoils\sample_204.dat,0.12731855660999902,0.3306613226452906,2.230437806671759e-09,2.356746969453538e-09,0.2165189647853675,0.3414031441744154,0.30697679650645615,0.38007072539528364,0.406881415323494,0.3377199540194488,-0.086899719980674,0.005842148815778339,-0.050724534874002455,0.0952402176499943,0.04091507189375215,0.1817377472796039
sample_205,False,ok,multi_seed_output\seed_3_mh114\airfoils\sample_205.dat,0.14499511268128162,0.2725450901803607,2.230437806671759e-09,2.356746969453538e-09,0.2982460252236343,0.34444333747923334,0.30955771199342685,0.39428717047628115,0.3367989457398738,0.46584536668740095,-0.15028965744478967,-0.058724350575890635,0.012791313969923293,-0.02917234972713374,0.04392898474435872,0.16075374325816216
sample_206,False,ok,multi_seed_output\seed_3_mh114\airfoils\sample_206.dat,0.14427772766385996,0.2925851703406813,2.230437806671759e-09,2.356746969453538e-09,0.20782755778101183,0.39010853626146813,0.40286017890331255,0.3442915920364229,0.3075419958719014,0.3472902396590197,-0.15403388973033444,-0.01608919945542854,0.0041259329009150775,0.05478707577290662,0.052147316642720945,0.16358456184848855
sample_207,False,ok,multi_seed_output\seed_3_mh114\airfoils\sample_207.dat,0.1264588910742511,0.3166332665330661,2.230437806671759e-09,2.356746969453538e-09,0.2738805289109962,0.3635156754125061,0.3960761007966386,0.3228452229548097,0.35842215252271503,0.4473504589111079,-0.047567871430199415,0.03692040763878264,0.045300071032872466,-0.00041059911616424943,0.1397968266326416,0.274736798093687
sample_208,False,ok,multi_seed_output\seed_3_mh114\airfoils\sample_208.dat,0.13601283974911973,0.3386773547094188,2.230437806671759e-09,2.356746969453538e-09,0.28522585335126555,0.2875208310209175,0.3607677304335915,0.3995666881008637,0.4158849420307894,0.35614110391564036,-0.08618529984860919,-0.04553928521162905,0.0014861025060466312,0.022323067464829205,0.07958274056681865,0.21318753231372775
sample_209,False,ok,multi_seed_output\seed_3_mh114\airfoils\sample_209.dat,0.13042321562317372,0.3687374749498998,2.230437806671759e-09,2.356746969453538e-09,0.22059535473591685,0.28016903650077246,0.4118103285379663,0.3475063771954674,0.3537516104219176,0.4636879931313091,-0.10299788786649991,0.034157040379032624,-0.02834683951172469,-0.011574867809376006,0.15073116118880164,0.2213849058029963
sample_210,False,ok,multi_seed_output\seed_3_mh114\airfoils\sample_210.dat,0.13367178168823166,0.3226452905811623,2.230437806671759e-09,2.356746969453538e-09,0.2391437406786382,0.2751050532206682,0.38194125559818515,0.32237987620031283,0.32653086096638284,0.38885880250967675,-0.11957568164249563,-0.04705027544315931,-0.002508787805636868,-0.02727656018518106,0.11306511175941367,0.16398747320025242
sample_211,False,ok,multi_seed_output\seed_3_mh114\airfoils\sample_211.dat,0.12520861769574426,0.3006012024048096,2.230437806671759e-09,2.356746969453538e-09,0.1991357387603378,0.2764118999887326,0.3214561128532938,0.31499532206068853,0.39310882203466124,0.38504076835614365,-0.09216134244030082,-0.07712931570898073,-0.04364800326346222,0.0868283755851517,0.1418322456009079,0.27115738614195806
sample_212,False,ok,multi_seed_output\seed_3_mh114\airfoils\sample_212.dat,0.13566327923665786,0.3366733466933867,2.230437806671759e-09,2.356746969453538e-09,0.32458337372524115,0.2786259589389614,0.3779116462465862,0.40149217020613437,0.3025534861247484,0.42601449000148267,-0.13342325261498972,0.030718056417673306,-0.028020105483247154,-0.01888811870700211,0.13804321616652754,0.1982177996448757
sample_213,False,ok,multi_seed_output\seed_3_mh114\airfoils\sample_213.dat,0.13913168886857435,0.3226452905811623,2.230437806671759e-09,2.356746969453538e-09,0.22605749611722356,0.36976819662423965,0.33639728684024917,0.4098479354987883,0.33622017548163563,0.4528017111867212,-0.05442926498505746,-0.0781343708674085,0.04667472682009012,-0.021012579788798214,0.09818127248381213,0.2640460777031505
sample_214,False,ok,multi_seed_output\seed_3_mh114\airfoils\sample_214.dat,0.1270422745030261,0.280561122244489,2.230437806671759e-09,2.356746969453538e-09,0.2414410465220862,0.2669913137287095,0.34935449189368706,0.32848023631712636,0.33212101514424863,0.46542173417480653,-0.11364022827173631,-0.0859358697022238,0.03142484245612874,0.02618209470954074,0.14829574971507103,0.19398412207831875
sample_215,False,ok,multi_seed_output\seed_3_mh114\airfoils\sample_215.dat,0.13334211365809584,0.23246492985971942,2.230437806671759e-09,2.356746969453538e-09,0.2895731170262492,0.30402110593704895,0.31550664465605266,0.36821459862906974,0.3916494590722468,0.4252822006091068,-0.16111609594788964,-0.06869815929675337,0.07076346816516978,0.004128643289678123,0.12142205988466402,0.20682584878214205
sample_216,False,ok,multi_seed_output\seed_3_mh114\airfoils\sample_216.dat,0.13312724130983597,0.3006012024048096,2.230437806671759e-09,2.356746969453538e-09,0.2885876284980389,0.2968415834179301,0.3981813634331449,0.3200593880871223,0.36051420900481024,0.4054685988463882,-0.14827115598943252,0.023121180702533717,-0.02168857682017611,0.029474881554776622,0.12526612768838769,0.19850871327929315
sample_217,False,ok,multi_seed_output\seed_3_mh114\airfoils\sample_217.dat,0.13300848356261094,0.3366733466933867,2.230437806671759e-09,2.356746969453538e-09,0.3062133275111935,0.27584327182932344,0.3740690804012386,0.41099710161306924,0.38789352284143597,0.40876526025478743,-0.11669052859011725,-0.02591349086473143,0.04998821338508265,-0.029654754032317016,0.1384664070260309,0.1544941513257347
sample_218,False,ok,multi_seed_output\seed_3_mh114\airfoils\sample_218.dat,0.1275660146368294,0.3166332665330661,2.230437806671759e-09,2.356746969453538e-09,0.21344714629101993,0.3496815604434399,0.3502947837071397,0.30861610133604966,0.39417015529822663,0.46614341510715473,-0.1234456874714881,-0.0009421023918859406,0.03698113838442092,-0.009730563876230006,0.03898915969441455,0.1981099487251622
sample_219,False,ok,multi_seed_output\seed_3_mh114\airfoils\sample_219.dat,0.11740470594430556,0.280561122244489,2.230437806671759e-09,2.356746969453538e-09,0.2019927682285185,0.3070661105950746,0.33745001507667755,0.29451806956086596,0.30315183182579053,0.3841906894181562,-0.09357530066319178,-0.03605185801700634,0.023974345850509726,0.07471313745737863,0.08455075924023771,0.21242309236824286
sample_220,False,ok,multi_seed_output\seed_3_mh114\airfoils\sample_220.dat,0.1378428404157133,0.25250501002004005,2.230437806671759e-09,2.356746969453538e-09,0.31387154207907675,0.3806998068203884,0.3061408705110272,0.3981198869077086,0.3375576071522681,0.34825257459019754,-0.09767399607795584,-0.03730824463138582,0.045563602852812746,0.03243828299452864,0.0872146705351982,0.26226892471566815
sample_221,False,ok,multi_seed_output\seed_3_mh114\airfoils\sample_221.dat,0.12498624238348685,0.3366733466933867,2.230437806671759e-09,2.356746969453538e-09,0.22846777603409696,0.3258815220286834,0.3179715256198044,0.40320146891296527,0.3780826554669509,0.43481078093502695,-0.14024539376294895,0.035979675103123235,-0.013993745914398809,0.04477640396984575,0.10409992307645274,0.1499297037917604
sample_222,False,ok,multi_seed_output\seed_3_mh114\airfoils\sample_222.dat,0.119822749379709,0.2124248496993988,2.230437806671759e-09,2.356746969453538e-09,0.30585267731375854,0.27110952381718817,0.31867543218908506,0.3108959202854846,0.34930036291693367,0.4323248473814574,-0.1492913598607229,-0.009817333761956495,0.04717765732564731,0.060848719128673054,0.02554517102347227,0.2569781328842427
sample_223,False,ok,multi_seed_output\seed_3_mh114\airfoils\sample_223.dat,0.1377369529231923,0.280561122244489,2.230437806671759e-09,2.356746969453538e-09,0.28620727711070754,0.333330883259696,0.3692504333799064,0.3192901792813509,0.3823913953674558,0.4034733574023173,-0.13321541595015787,-0.01399653047133613,-0.0014906982240470643,0.009535524036240993,0.12294221838672938,0.2756760326941965
sample_224,False,ok,multi_seed_output\seed_3_mh114\airfoils\sample_224.dat,0.1254441966890029,0.3607214428857715,2.230437806671759e-09,2.356746969453538e-09,0.24989563082059152,0.35213650833615007,0.2849367247775395,0.4067133363959657,0.34796516314731196,0.46228653803622094,-0.07224881418091611,0.027938400941512606,-0.0019142093790183654,-0.0190876412365821,0.09307196358267718,0.18734792960039087
sample_225,False,ok,multi_seed_output\seed_3_mh114\airfoils\sample_225.dat,0.12644095264273042,0.3306613226452906,2.230437806671759e-09,2.356746969453538e-09,0.20554110586948834,0.3022430882701825,0.3213191315762274,0.3709165425454618,0.29838531582871314,0.3515149858971637,-0.06711133193001347,-0.030698808301046765,-0.051967186051932825,0.07492030075040951,0.02987857214796765,0.27061732101346503
sample_226,False,ok,multi_seed_output\seed_3_mh114\airfoils\sample_226.dat,0.11708248664960968,0.3226452905811623,2.230437806671759e-09,2.356746969453538e-09,0.22309685814790747,0.30744121655931045,0.385847732721273,0.3513791901301006,0.34138638476915445,0.4430799259665013,-0.08340619349900853,0.006475637926651637,0.06482908372963314,0.06810737737174263,0.06284841880152077,0.2508246890027993
sample_227,False,ok,multi_seed_output\seed_3_mh114\airfoils\sample_227.dat,0.1397547873707449,0.3166332665330661,2.230437806671759e-09,2.356746969453538e-09,0.24211491190683906,0.29464863082952303,0.3934334320953231,0.3905166347452924,0.33698427102518047,0.3976213121461078,-0.12094323040119692,-0.06548599537298168,0.01132611927672579,0.02198644159202933,0.11897520057779368,0.1992438883213813
sample_228,False,ok,multi_seed_output\seed_3_mh114\airfoils\sample_228.dat,0.1370162788040094,0.3366733466933867,2.230437806671759e-09,2.356746969453538e-09,0.2172486620480281,0.357256516742938,0.39742667283131716,0.32015107837766055,0.39584044688441766,0.4615898026612699,-0.10430241282016892,0.01392300763540863,-0.015630919337610995,0.016307465563481026,0.0602224143948262,0.2657129146571276
sample_229,False,ok,multi_seed_output\seed_3_mh114\airfoils\sample_229.dat,0.1313639876859418,0.26452905811623245,2.230437806671759e-09,2.356746969453538e-09,0.31682748467031047,0.3538948198754633,0.3535801006235997,0.36266639696956693,0.40141314368882225,0.45154067234764034,-0.12919067626903258,0.03762928304814296,0.020439268684159656,0.06800858104782004,0.04844144799292646,0.2107032738568323
sample_230,False,ok,multi_seed_output\seed_3_mh114\airfoils\sample_230.dat,0.12159060604803812,0.3006012024048096,2.230437806671759e-09,2.356746969453538e-09,0.24720680776634113,0.3020245329417392,0.3835218218340857,0.32053350813693876,0.3032419732627102,0.43176018636266006,-0.11243862492460166,0.02237311526384464,0.0077418116881322885,0.05917588988992138,0.13203423171205614,0.20625394315892934
sample_231,False,ok,multi_seed_output\seed_3_mh114\airfoils\sample_231.dat,0.13284353117829695,0.2865731462925851,2.230437806671759e-09,2.356746969453538e-09,0.2039466417802241,0.36816106455875064,0.36706596902999067,0.29604222294404803,0.3348549337331183,0.3630453046459662,-0.12297410119683697,-0.034382963099262684,0.04067762058816986,0.014777200343151588,0.056765303831546265,0.21619682681332364
sample_232,False,ok,multi_seed_output\seed_3_mh114\airfoils\sample_232.dat,0.13010614587790084,0.3306613226452906,2.230437806671759e-09,2.356746969453538e-09,0.2593929733551748,0.270736484863686,0.38408265975489736,0.301845513004291,0.4103783347755692,0.4324159702505446,-0.1122113558516312,-0.018216152429844423,-0.014812951099774173,0.002114132383650144,0.11340404984107659,0.17801566229869792
sample_233,False,ok,multi_seed_output\seed_3_mh114\airfoils\sample_233.dat,0.12491798981510176,0.3386773547094188,2.230437806671759e-09,2.356746969453538e-09,0.2790377751083688,0.3199940906883119,0.2900551539744137,0.36786952794679045,0.3737801834867016,0.38788045186080977,-0.05029461964729369,-0.00044427866049152887,-0.020153601034389776,-0.0016892450778805482,0.07750595313247666,0.26526921363014566
sample_234,False,ok,multi_seed_output\seed_3_mh114\airfoils\sample_234.dat,0.1254300324803242,0.20440881763527052,2.230437806671759e-09,2.356746969453538e-09,0.315835563614105,0.3361434356353952,0.31986912555119773,0.327462821598919,0.3802747000291331,0.34124450764139463,-0.15908082454215072,0.029930592399132566,0.057466868900761775,0.06389520739421004,0.030577497385575095,0.157356095316813
sample_235,False,ok,multi_seed_output\seed_3_mh114\airfoils\sample_235.dat,0.1390801854751832,0.3006012024048096,2.230437806671759e-09,2.356746969453538e-09,0.2061539533022772,0.3719530221409534,0.3484374507024302,0.30076057507097737,0.3834211093607191,0.45941039240051446,-0.09555129685627232,-0.08117285168416524,0.03673936467898205,-0.017168629252385884,0.036461659282662574,0.154132764150419
sample_236,False,ok,multi_seed_output\seed_3_mh114\airfoils\sample_236.dat,0.12886943243554402,0.3166332665330661,2.230437806671759e-09,2.356746969453538e-09,0.23101827322505003,0.31574852813108173,0.3738299962297732,0.383173414619165,0.36458954751694456,0.40509646795968657,-0.03206249660398586,-0.07611683267654577,0.042933432910938735,0.08803260300956547,0.06256675562779299,0.20201367924699226
sample_237,False,ok,multi_seed_output\seed_3_mh114\airfoils\sample_237.dat,0.13458673575298444,0.30260521042084165,2.230437806671759e-09,2.356746969453538e-09,0.24495644076506923,0.3340224318153488,0.31423541439747116,0.3822471813450212,0.3042115614542078,0.3799170803539882,-0.06715439316563557,-0.07272172397654192,-0.007504350571343493,0.04429222718600351,0.03862801098694067,0.17057152036285828
sample_238,False,ok,multi_seed_output\seed_3_mh114\airfoils\sample_238.dat,0.11820440434576036,0.344689378757515,2.230437806671759e-09,2.356746969453538e-09,0.24029839964195351,0.29452310949578375,0.3402745263421291,0.34615735776499235,0.374921362521445,0.46241456040988616,-0.07920179860705495,0.012438185837131216,0.009566547109064863,0.05608861450033675,0.02837362850624591,0.18186469068628497
sample_239,False,ok,multi_seed_output\seed_3_mh114\airfoils\sample_239.dat,0.12267931699640311,0.3386773547094188,2.230437806671759e-09,2.356746969453538e-09,0.3180859414293665,0.2933233083693111,0.3897165391607741,0.3302632380934163,0.38777862946733394,0.389861663220025,-0.0384630474588005,0.03621319840278499,0.011161230486614618,0.021872352768287008,0.11645708671684678,0.254524516983314
sample_240,False,ok,multi_seed_output\seed_3_mh114\airfoils\sample_240.dat,0.12266111427264176,0.3166332665330661,2.230437806671759e-09,2.356746969453538e-09,0.23165588837064216,0.34769758146098917,0.3490808212082166,0.29152325214928504,0.3986461238663856,0.43711889358562,-0.05889911357832109,0.03005011126223253,-0.024966611760673052,0.04594164048225176,0.1350801415637859,0.1567260321063456
sample_241,False,ok,multi_seed_output\seed_3_mh114\airfoils\sample_241.dat,0.12668275958301395,0.25851703406813625,2.230437806671759e-09,2.356746969453538e-09,0.2912625213284255,0.36398594497626036,0.3114737092421774,0.37854773604335995,0.41948701869370697,0.3683946297413462,-0.11461761140047128,0.024007314956752512,0.022454464289923842,0.09189875927316155,0.05477329091959071,0.1838544072737398
sample_242,False,ok,multi_seed_output\seed_3_mh114\airfoils\sample_242.dat,0.12834310967310383,0.3366733466933867,2.230437806671759e-09,2.356746969453538e-09,0.23688301945219858,0.26904116226719876,0.3194958337593152,0.3843752578387909,0.39752342308680966,0.37342283995483333,-0.047936177720092385,-0.08506084048746365,-0.027749424830074462,0.08350904594285,0.041079725241423434,0.16452637192485925
sample_243,False,ok,multi_seed_output\seed_3_mh114\airfoils\sample_243.dat,0.1377560447964497,0.3607214428857715,2.230437806671759e-09,2.356746969453538e-09,0.21948369250105207,0.35102449357134274,0.35624412902005154,0.3973779304410952,0.3600878982527098,0.4282513107741373,-0.10245655925262839,0.03378263745892578,-0.0472623759169118,0.009951382509375363,0.06072645021124799,0.2381793525237167
sample_244,False,ok,multi_seed_output\seed_3_mh114\airfoils\sample_244.dat,0.11729342086769086,0.30861723446893785,2.230437806671759e-09,2.356746969453538e-09,0.2076220596865059,0.3647866733544603,0.30475836011740126,0.31316815448532986,0.3437012660276654,0.43774653923453877,-0.060809468815628084,0.011203807582118516,0.017518651788096154,0.04445197189938403,0.043113378302246305,0.18354181188898266
sample_245,False,ok,multi_seed_output\seed_3_mh114\airfoils\sample_245.dat,0.11985711074965655,0.34669338677354705,2.230437806671759e-09,2.356746969453538e-09,0.21705823399875152,0.2758802895973609,0.3090431754196856,0.32430492731054655,0.3682657414170526,0.38038408913538263,-0.03996663707454352,-0.020585321842444868,-0.05175068629515513,0.015375643559833625,0.14325145729304914,0.20005848172055168
sample_246,False,ok,multi_seed_output\seed_3_mh114\airfoils\sample_246.dat,0.13482763070079473,0.2665330661322645,2.230437806671759e-09,2.356746969453538e-09,0.24777104242682785,0.3603347722678286,0.30070405835508074,0.395721639975705,0.4174299677311975,0.41491760372653486,-0.14064362668067595,-0.049993623648909934,0.043267517565065555,0.023540561509401814,0.14793934822941945,0.1994721382205356
sample_247,False,ok,multi_seed_output\seed_3_mh114\airfoils\sample_247.dat,0.12566812411401423,0.30861723446893785,2.230437806671759e-09,2.356746969453538e-09,0.2011303946071936,0.2849615610337777,0.33652313146022217,0.4132137695044965,0.2989676042877277,0.37716616430655914,-0.15814366692906096,-0.02322364831728846,-0.006811911729570033,0.08142570490997982,0.08805725897939107,0.21127479574804872
sample_248,False,ok,multi_seed_output\seed_3_mh114\airfoils\sample_248.dat,0.14512084192263267,0.3226452905811623,2.230437806671759e-09,2.356746969453538e-09,0.22339426363193066,0.3514669991151795,0.4115069081800313,0.29725835551777363,0.40431814657132115,0.35175796685350597,-0.12531616975432125,-0.02961417030810789,-0.01186725811924895,-0.004024231138824448,0.021895495503935568,0.1740750921482559
sample_249,False,ok,multi_seed_output\seed_3_mh114\airfoils\sample_249.dat,0.1383495457325857,0.30861723446893785,2.230437806671759e-09,2.356746969453538e-09,0.31548654486902616,0.30647252064810715,0.3505459495885608,0.3793670805410494,0.3148747006931259,0.3618030756077188,-0.05118413569216536,-0.06540364163215642,-0.0013752329158998877,0.003575508265505123,0.08320739702188942,0.2474185476481053
sample_250,False,ok,multi_seed_output\seed_3_mh114\airfoils\sample_250.dat,0.13891513453933094,0.3306613226452906,2.230437806671759e-09,2.356746969453538e-09,0.20312265403551827,0.32849448542866216,0.4099061392921053,0.37945835953632784,0.33873438606012474,0.3643796117013678,-0.03510430578899118,-0.06071208346759077,-0.019106258876829922,0.06840487948058685,0.1375544572304574,0.19563095098747132
sample_251,False,ok,multi_seed_output\seed_3_mh114\airfoils\sample_251.dat,0.13255103036001958,0.30260521042084165,2.230437806671759e-09,2.356746969453538e-09,0.3136513508407757,0.289322565744144,0.31600679352535666,0.39055829736540415,0.333293891486538,0.3502334048818824,-0.05824664357571141,-0.07888069827273177,0.030690293844958874,-0.031135318784246278,0.11126727053265793,0.1714690450787527
sample_252,False,ok,multi_seed_output\seed_3_mh114\airfoils\sample_252.dat,0.12519072242340498,0.2945891783567134,2.230437806671759e-09,2.356746969453538e-09,0.31027717034452407,0.31306021090847086,0.4102105350788852,0.38718148067381286,0.33018570703150535,0.4026392525752226,-0.09627044561875732,0.0341218951585226,0.054323102648778834,0.0745987515345642,0.11515155728749805,0.2441233212532888
sample_253,False,ok,multi_seed_output\seed_3_mh114\airfoils\sample_253.dat,0.1309030696278435,0.2945891783567134,2.230437806671759e-09,2.356746969453538e-09,0.30190932324937986,0.3064351423265322,0.3877648800205389,0.28698175023935374,0.31738900369411,0.4514944287425242,-0.0806239700415341,-0.0017433528892834976,-0.023664819567193053,0.04820981142463325,0.07298726004916702,0.22929158936201183
sample_254,False,ok,multi_seed_output\seed_3_mh114\airfoils\sample_254.dat,0.1228711355519165,0.25250501002004005,2.230437806671759e-09,2.356746969453538e-09,0.2602830085585263,0.3230002886993542,0.29902537406993235,0.33172117562007036,0.2933149708225349,0.41019375012761583,-0.07975512095544264,-0.06339653986478044,0.041812226362373583,0.07882521865658661,0.02449937330641413,0.27618376566220226
sample_255,False,ok,multi_seed_output\seed_3_mh114\airfoils\sample_255.dat,0.12526944141336457,0.23246492985971942,2.230437806671759e-09,2.356746969453538e-09,0.287470265739708,0.2679458355923033,0.29749117925092905,0.30013446865754106,0.3484983476560457,0.3369726751207632,-0.13364877739545222,-0.07406071292816396,0.034457014245100004,0.008349942843223997,0.1331139755163263,0.195442726629343
sample_256,False,ok,multi_seed_output\seed_3_mh114\airfoils\sample_256.dat,0.1236586409417093,0.24649298597194386,2.230437806671759e-09,2.356746969453538e-09,0.32173140913015874,0.2934090893032885,0.365580159697098,0.3189597457233422,0.3327488066046712,0.41283519834520144,-0.09385101894975126,-0.01224020163459473,0.040253776652422954,0.07557755398192159,0.1403245826950309,0.15187590338494802
sample_257,False,ok,multi_seed_output\seed_3_mh114\airfoils\sample_257.dat,0.12367541946219486,0.2945891783567134,2.230437806671759e-09,2.356746969453538e-09,0.2662458504933417,0.2875780122523251,0.33345935964133516,0.2860243325701489,0.38709196405627666,0.41568090467540525,-0.052008274866581494,-0.07716093254976766,0.04792461513196816,-0.0332467849307661,0.14668218441424213,0.2220917715932632
sample_258,False,ok,multi_seed_output\seed_3_mh114\airfoils\sample_258.dat,0.13875473910758354,0.2725450901803607,2.230437806671759e-09,2.356746969453538e-09,0.32137060074812185,0.36812664353032376,0.39479022508307315,0.3885902759699953,0.3726004893309425,0.3732742002097774,-0.13037799619648743,0.02504950836614976,0.049343494920381786,0.029512823326933738,0.12650564831146693,0.22674867020270836
sample_259,False,ok,multi_seed_output\seed_3_mh114\airfoils\sample_259.dat,0.13219588820143327,0.35270541082164325,2.230437806671759e-09,2.356746969453538e-09,0.23675597463022713,0.3234868967973928,0.3384523480555365,0.39104152768087674,0.3341719355037059,0.36155025139653907,-0.055505324393384334,-0.012897039277965247,-0.02551836429782396,0.010124498721443803,0.0700972638698378,0.27384342756252084
sample_260,False,ok,multi_seed_output\seed_3_mh114\airfoils\sample_260.dat,0.1392835715652902,0.23847695390781562,2.230437806671759e-09,2.356746969453538e-09,0.3216803700227623,0.3048061195921933,0.33038852551398357,0.3401608063677293,0.3555129123883198,0.4083969622053023,-0.13944129076270678,-0.07051924525214395,0.024443361594207624,0.011251398578010052,0.10797587205097134,0.17481580545450726
sample_261,False,ok,multi_seed_output\seed_3_mh114\airfoils\sample_261.dat,0.13226955467252377,0.30861723446893785,2.230437806671759e-09,2.356746969453538e-09,0.27072249441198487,0.2883919147113099,0.3244059725115531,0.4060102270177805,0.4199513768070922,0.43695046044106756,-0.13026246219932783,-0.03840893595354218,-0.008622520080265476,0.054301278280410134,0.07572233602401068,0.16436135544534614
sample_262,False,ok,multi_seed_output\seed_3_mh114\airfoils\sample_262.dat,0.13504130765544745,0.2945891783567134,2.230437806671759e-09,2.356746969453538e-09,0.22756802923511577,0.32438366440197386,0.3841721623007289,0.312903633995803,0.39320148144994627,0.42404893022874,-0.12109617680121326,-0.06902373326864644,0.058750895065594444,-0.005865241708531536,0.08459967027911271,0.22094060039474492
sample_263,False,ok,multi_seed_output\seed_3_mh114\airfoils\sample_263.dat,0.10965287800726312,0.2945891783567134,2.230437806671759e-09,2.356746969453538e-09,0.22256487597841396,0.2745852978786039,0.3324309739649441,0.29514124038173484,0.408193482175457,0.38486459244814714,-0.1522289163232427,0.020050360952478835,0.07018651657835222,-0.02206764120404527,0.12132985961919923,0.2750840329654061
sample_264,False,ok,multi_seed_output\seed_3_mh114\airfoils\sample_264.dat,0.13845700772310143,0.30260521042084165,2.230437806671759e-09,2.356746969453538e-09,0.32082379644753645,0.34327578825216193,0.38502195866136135,0.3731758736271841,0.3562694198370489,0.42769694262014607,-0.03636786770091868,-0.015579726684721754,-0.02620821876329745,0.09193656428498245,0.104784321757887,0.19752977603233757
sample_265,False,ok,multi_seed_output\seed_3_mh114\airfoils\sample_265.dat,0.13408787490566307,0.2725450901803607,2.230437806671759e-09,2.356746969453538e-09,0.2474165746556876,0.3790216957652276,0.33310250971020655,0.3383913505388644,0.37882628049779477,0.3984885237239343,-0.1296676058578119,0.00042541768523479684,-0.005951289491647346,0.060504814912818713,0.14127894679735697,0.20781549094376395
sample_266,False,ok,multi_seed_output\seed_3_mh114\airfoils\sample_266.dat,0.12502602133786078,0.3386773547094188,2.230437806671759e-09,2.356746969453538e-09,0.21354200870627071,0.3364984187367895,0.2846120831284489,0.41132119520185356,0.4096495464659522,0.34336020719881954,-0.06432518580163367,-0.028505986365935064,0.004511431761025017,0.02653809942210797,0.11976908909069237,0.21262379040515225
sample_267,False,ok,multi_seed_output\seed_3_mh114\airfoils\sample_267.dat,0.13320557629839858,0.2124248496993988,2.230437806671759e-09,2.356746969453538e-09,0.29001525262095645,0.3765867274749345,0.29283186488843677,0.3916292912246952,0.2964197789428485,0.44146569915429285,-0.15960888451207297,-0.012825188778832014,0.06217785365561583,0.06522311630968004,0.143973212686565,0.15796983721233654
sample_268,False,ok,multi_seed_output\seed_3_mh114\airfoils\sample_268.dat,0.1405924154228666,0.280561122244489,2.230437806671759e-09,2.356746969453538e-09,0.29084943599017693,0.3794712730407459,0.3760877008622321,0.30733083303542136,0.40349172426260255,0.4077522571282588,-0.14237932573032402,0.016141456618246453,0.026815328097188187,-0.03042806478579165,0.06430663384275999,0.2038946331002997
sample_269,False,ok,multi_seed_output\seed_3_mh114\airfoils\sample_269.dat,0.12062086964190363,0.2945891783567134,2.230437806671759e-09,2.356746969453538e-09,0.19617246717335474,0.38583292797279484,0.3705170299230006,0.3043609371507692,0.3140374452177777,0.4004968256809251,-0.08044803847757516,0.01336861891222682,0.0690784705536225,0.05110640809247702,0.07024063639454411,0.23366923197299083
sample_270,False,ok,multi_seed_output\seed_3_mh114\airfoils\sample_270.dat,0.12971444485436934,0.3386773547094188,2.230437806671759e-09,2.356746969453538e-09,0.20966704853238893,0.27373214972079274,0.39823660393141924,0.32500653852462713,0.3290096267935901,0.39501186033742375,-0.09920308015001239,-0.06631592059237455,0.05280116160957417,-0.031008267908520255,0.0531085406031766,0.22715820425327354
sample_271,False,ok,multi_seed_output\seed_3_mh114\airfoils\sample_271.dat,0.12726229988575138,0.2945891783567134,2.230437806671759e-09,2.356746969453538e-09,0.2930187016344312,0.3049252636840307,0.34402835374553925,0.2892835957069563,0.3806979274923792,0.36446564882829857,-0.0490387913957388,-0.03387393183737327,-0.009245699035012114,0.027302130660372938,0.08980180719580086,0.17817152344526935
sample_272,False,ok,multi_seed_output\seed_3_mh114\airfoils\sample_272.dat,0.1421310899407259,0.3226452905811623,2.230437806671759e-09,2.356746969453538e-09,0.20181307023891984,0.3503450095183499,0.3746981140447719,0.38214657576490524,0.3002724221264226,0.4294004295585311,-0.12705783895719078,-0.04143482442269347,0.001570310195831169,-0.015443909719674912,0.11388643762982299,0.24179143739074443
sample_273,False,ok,multi_seed_output\seed_3_mh114\airfoils\sample_273.dat,0.1357042218842078,0.30861723446893785,2.230437806671759e-09,2.356746969453538e-09,0.28760719638478355,0.3852942871809902,0.3520649867656319,0.4063300935533379,0.2962987461740903,0.4025483721832104,-0.0318453505621121,-0.007855979328771912,0.01972157375862875,0.03126822674521254,0.09372496800739086,0.19938173427644312
sample_274,False,ok,multi_seed_output\seed_3_mh114\airfoils\sample_274.dat,0.14595944629179192,0.23847695390781562,2.230437806671759e-09,2.356746969453538e-09,0.31480798272322985,0.36152116298542847,0.30109328259656665,0.31088046687400017,0.34494361101428306,0.4380042748968719,-0.13691273322754424,-0.06596593316672274,-0.018286012026541072,0.028327730352200445,0.11921152366993717,0.2257629598133596
sample_275,False,ok,multi_seed_output\seed_3_mh114\airfoils\sample_275.dat,0.12676473280791378,0.3246492985971944,2.230437806671759e-09,2.356746969453538e-09,0.28355540176838423,0.29609649499025326,0.39642410971455244,0.2858671494055472,0.3634110308581194,0.38319125206103216,-0.12237104997025011,0.040645154357966715,0.007144972161212598,-0.01863331786392166,0.05396445901810455,0.20569048971703946
sample_276,False,ok,multi_seed_output\seed_3_mh114\airfoils\sample_276.dat,0.14194285242095475,0.31462925851703405,2.230437806671759e-09,2.356746969453538e-09,0.2505481992035256,0.29142639231879325,0.4080458328830171,0.35916297375859446,0.4179989267259663,0.41841641623384873,-0.11938754159779255,-0.06621997671401396,-0.01814811597753089,0.0879168847746462,0.02679843132029503,0.2558782526723506
sample_277,False,ok,multi_seed_output\seed_3_mh114\airfoils\sample_277.dat,0.12539984676370472,0.23847695390781562,2.230437806671759e-09,2.356746969453538e-09,0.3031025586538951,0.3196539453556254,0.28280938342198125,0.288264044911786,0.32491729992558,0.3690116996418431,-0.11020292651867193,-0.02265140591460177,0.013016103969907614,-0.010394529388713998,0.10724465929901467,0.16142333433176265
sample_278,False,ok,multi_seed_output\seed_3_mh114\airfoils\sample_278.dat,0.13420577076988696,0.3226452905811623,2.230437806671759e-09,2.356746969453538e-09,0.3051775100400174,0.34208065829874323,0.40413278407912034,0.35284936228475616,0.3833506521439201,0.44682785796310814,-0.039124004145827576,-0.020481597387536632,0.06692158019846396,-0.012197944719071221,0.10060087872257928,0.19647566759993412
sample_279,False,ok,multi_seed_output\seed_3_mh114\airfoils\sample_279.dat,0.12296330700182485,0.26452905811623245,2.230437806671759e-09,2.356746969453538e-09,0.22709774548886155,0.36227084973323664,0.3349826782904306,0.31127778907943826,0.3681984011215103,0.337229300762389,-0.11757583698760202,-0.00660007080172427,0.0626335914051463,0.030751523440551876,0.14415704612712704,0.16863501708523407
sample_280,False,ok,multi_seed_output\seed_3_mh114\airfoils\sample_280.dat,0.13943617545236336,0.21843687374749496,2.230437806671759e-09,2.356746969453538e-09,0.2924228163603657,0.37436001919127115,0.3177584990720237,0.3276928605921099,0.35505119053872347,0.3754053459778267,-0.15599845410602697,-0.05082198076038768,0.06020193237258782,0.06188143423844886,0.12822056993506006,0.21681498118497705
sample_281,False,ok,multi_seed_output\seed_3_mh114\airfoils\sample_281.dat,0.13428360674768725,0.2865731462925851,2.230437806671759e-09,2.356746969453538e-09,0.3226223177802639,0.35997738214354846,0.33097063479223787,0.30962456505157754,0.4150872725049814,0.37956522687743416,-0.03650232875759313,-0.008380542183119996,-0.041507853409312026,0.05486486340174636,0.14050862378440002,0.2205963047472235
sample_282,False,ok,multi_seed_output\seed_3_mh114\airfoils\sample_282.dat,0.13244586056782848,0.3166332665330661,2.230437806671759e-09,2.356746969453538e-09,0.250729102464318,0.2717665786227342,0.4121840527219668,0.28875281337495473,0.360947001954927,0.4219811866929869,-0.07539493837615266,-0.07704713649579,0.03561233318900871,-0.011211990202377835,0.07715271788147532,0.1980178590964004
sample_283,False,ok,multi_seed_output\seed_3_mh114\airfoils\sample_283.dat,0.13546344905999472,0.3006012024048096,2.230437806671759e-09,2.356746969453538e-09,0.25971231793139815,0.3362013326188973,0.2978671028376809,0.3484210632944208,0.39427647625213974,0.45852391657807257,-0.14972749639657984,-0.004831648154423579,-0.04964057183988476,0.017287297237868704,0.04076848638047416,0.21982578394106406
sample_284,False,ok,multi_seed_output\seed_3_mh114\airfoils\sample_284.dat,0.12023027008109692,0.3607214428857715,2.230437806671759e-09,2.356746969453538e-09,0.26137006894004694,0.2618911726591039,0.3346880446549145,0.4089400990395504,0.40011524812150256,0.4000615377890149,-0.07930087492326358,-0.04393639035082658,0.06797442511740752,0.026926003024667203,0.03238128040688041,0.2702376363168676
sample_285,False,ok,multi_seed_output\seed_3_mh114\airfoils\sample_285.dat,0.1302477749666202,0.2605210420841683,2.230437806671759e-09,2.356746969453538e-09,0.27831936546267433,0.38859865041027025,0.3356442476039124,0.29033797783979487,0.41697691150741323,0.46365580798977357,-0.09496813593894081,0.003962119781604559,0.0362767815933919,0.04140156551627627,0.05434769205516141,0.19062575998643908
sample_286,False,ok,multi_seed_output\seed_3_mh114\airfoils\sample_286.dat,0.12795245955749754,0.3006012024048096,2.230437806671759e-09,2.356746969453538e-09,0.2797619501394506,0.3081510574099081,0.403330900584396,0.32723469606938044,0.29576118328770684,0.46049470368459255,-0.11930299602824049,0.01595276583472828,0.04153707921461139,-0.006528119440556104,0.11549057254075608,0.26544445936125505
sample_287,False,ok,multi_seed_output\seed_3_mh114\airfoils\sample_287.dat,0.13044661200750593,0.3386773547094188,2.230437806671759e-09,2.356746969453538e-09,0.20807788403370792,0.32037923591656103,0.40658809874506835,0.31890088765208263,0.2976527184123531,0.4000192517338913,-0.06556279225381174,0.0198772260060351,-0.04602569859377033,0.03408680595714152,0.12636915421050088,0.17342120656919133
sample_288,False,ok,multi_seed_output\seed_3_mh114\airfoils\sample_288.dat,0.12730356766785844,0.250501002004008,2.230437806671759e-09,2.356746969453538e-09,0.32430703937073985,0.33571154259302133,0.29681582783856975,0.3898640217952999,0.3245194444273668,0.40318264556383365,-0.056435474426954804,-0.049192900904958155,0.04959043164687585,0.06625337916493823,0.11519344993806573,0.18439165329911555
sample_289,False,ok,multi_seed_output\seed_3_mh114\airfoils\sample_289.dat,0.15163751117972468,0.34669338677354705,2.230437806671759e-09,2.356746969453538e-09,0.21475529435058632,0.38454252111858683,0.40156624254490775,0.3680209624336795,0.350682113866349,0.37103209271652127,-0.13758276022441118,0.024497256148758542,-0.05343459706680835,-0.03217897477036059,0.048492283045782986,0.24059334236940053
sample_290,False,ok,multi_seed_output\seed_3_mh114\airfoils\sample_290.dat,0.1314829263640597,0.38276553106212424,2.230437806671759e-09,2.356746969453538e-09,0.28266965191510174,0.2756836011861641,0.37509661588124654,0.41337750498444026,0.38716001099247577,0.4449916975583398,-0.03857007639204879,0.006371431018222726,-0.014527797632605297,0.011577635942935698,0.10904520875537094,0.173923878901314
sample_291,False,ok,multi_seed_output\seed_3_mh114\airfoils\sample_291.dat,0.13430769304787257,0.24649298597194386,2.230437806671759e-09,2.356746969453538e-09,0.31533156379803307,0.31756626659125115,0.35434869289220117,0.29402746407114894,0.3377472148089387,0.3899288778838055,-0.08728746565043251,-0.061429098153300624,0.008232435064938703,0.08389322790390967,0.14998167503648918,0.16695256981847825
sample_292,False,ok,multi_seed_output\seed_3_mh114\airfoils\sample_292.dat,0.12585256650951707,0.2885771543086172,2.230437806671759e-09,2.356746969453538e-09,0.22897569992224948,0.2991145186056145,0.3397634891213663,0.3230388382525048,0.3789124015604051,0.3374948018004345,-0.0758228218698117,-0.08284513079571765,0.02702130193664208,0.0730536429047296,0.04932593597823427,0.1936768955692138
sample_293,False,ok,multi_seed_output\seed_3_mh114\airfoils\sample_293.dat,0.13023016436857285,0.3607214428857715,2.230437806671759e-09,2.356746969453538e-09,0.20385430810436225,0.27875157125133737,0.376391645839303,0.3676727280377397,0.39494882752867566,0.42766975467742563,-0.08843863121241728,-0.054145729735301004,0.033124896286587824,-0.010874422282758419,0.08382635280191139,0.17321398570557967
sample_294,False,ok,multi_seed_output\seed_3_mh114\airfoils\sample_294.dat,0.12373670278099576,0.280561122244489,2.230437806671759e-09,2.356746969453538e-09,0.2955570661277436,0.26708579927216053,0.3592275904806034,0.39601658990018723,0.33264940554374217,0.39607194036973953,-0.1200850150343803,-0.021184114741968282,0.04131333407748211,0.0766189521723429,0.05728991414374372,0.14761281212033533
sample_295,False,ok,multi_seed_output\seed_3_mh114\airfoils\sample_295.dat,0.1341142585303355,0.31462925851703405,2.230437806671759e-09,2.356746969453538e-09,0.2717906231742992,0.29132540742721563,0.4023437916597949,0.3159148266230167,0.29781351196265715,0.4223062749379546,-0.09240328910510362,-0.027460027945223148,-0.002082601387639396,-0.004774901637238205,0.09498593977545286,0.25229314074268105
sample_296,False,ok,multi_seed_output\seed_3_mh114\airfoils\sample_296.dat,0.15458765691762527,0.30861723446893785,2.230437806671759e-09,2.356746969453538e-09,0.2625995210635176,0.3651602322284179,0.40045123724986764,0.3639967343890992,0.3998326110544151,0.4370130385755351,-0.07193045179630055,-0.08242422940229333,-0.04557940093388394,0.06583591672823275,0.12066447253447168,0.15962484069108593
sample_297,False,ok,multi_seed_output\seed_3_mh114\airfoils\sample_297.dat,0.12388190118646535,0.3166332665330661,2.230437806671759e-09,2.356746969453538e-09,0.2517267334517642,0.3258157211339747,0.3147026670690302,0.4064136665532633,0.32294469563707506,0.403693614772032,-0.07254947810629453,-0.02778234092067402,0.048922224983082185,0.0189794128410676,0.06614760109418524,0.2558567992558757
sample_298,False,ok,multi_seed_output\seed_3_mh114\airfoils\sample_298.dat,0.13191734091637927,0.3226452905811623,2.230437806671759e-09,2.356746969453538e-09,0.2013188597870887,0.3666969975485193,0.2847534173787518,0.3698677371866559,0.33357532236322074,0.42732060067362465,-0.06068821369859258,-0.04525660559219779,-0.023929426838956526,0.008237790200493714,0.08266472393564916,0.1943925764224651
sample_299,False,ok,multi_seed_output\seed_3_mh114\airfoils\sample_299.dat,0.118808941715151,0.34669338677354705,2.230437806671759e-09,2.356746969453538e-09,0.2590521409284654,0.26465180881902745,0.3996834232351934,0.38506986748613836,0.330808182441512,0.4111585457464894,-0.03526365875032722,0.011979618676854736,0.012071205665435653,0.08057369190694351,0.1363921529469872,0.2487241527345816
sample_300,False,ok,multi_seed_output\seed_3_mh114\airfoils\sample_300.dat,0.1448308760129125,0.39078156312625245,2.230437806671759e-09,2.356746969453538e-09,0.19838900568579856,0.2741820291985595,0.41137834443262,0.39172115636643945,0.3699780273136899,0.37317299838911094,-0.053519359288849266,-0.028084231783909466,-0.057604835290253446,-0.01936009308564885,0.03867021404909569,0.23252146382566996
sample_301,False,ok,multi_seed_output\seed_3_mh114\airfoils\sample_301.dat,0.14050312344926766,0.2865731462925851,2.230437806671759e-09,2.356746969453538e-09,0.2450583575916077,0.3088627852301115,0.3743979094785401,0.2952705183443534,0.35246013208991256,0.34804684082012294,-0.10795458857372142,-0.07915246115240464,-0.04047339192124452,0.05003018623348131,0.1377558008521163,0.15903773352569872
sample_302,False,ok,multi_seed_output\seed_3_mh114\airfoils\sample_302.dat,0.1334003925058594,0.3166332665330661,2.230437806671759e-09,2.356746969453538e-09,0.297809914559915,0.3041168983754304,0.3835757926837679,0.2905493963568832,0.3683695362116508,0.44189334376034073,-0.060216628808529335,-0.001561337741358429,-0.04657670599289238,0.009465702734300599,0.1391602456547342,0.1701737067759085
sample_303,False,ok,multi_seed_output\seed_3_mh114\airfoils\sample_303.dat,0.14329679513422772,0.3166332665330661,2.230437806671759e-09,2.356746969453538e-09,0.21217861823021883,0.3734787974834832,0.3368379668208052,0.3033779777692026,0.3302988432541614,0.36848407452230975,-0.07553806520897809,-0.05867474556194905,-0.04796138339831514,-0.010739605530807807,0.030294943173409375,0.181160760869193
sample_304,False,ok,multi_seed_output\seed_3_mh114\airfoils\sample_304.dat,0.12602707247918432,0.2665330661322645,2.230437806671759e-09,2.356746969453538e-09,0.24561863230927497,0.3437819447832642,0.32956495361623256,0.3208099430670452,0.3103105769229797,0.36165123623202033,-0.08651955041391199,-0.038326393124064745,0.02427936121707143,0.07052424429464664,0.10744898789861594,0.27412570895866795
sample_305,False,ok,multi_seed_output\seed_3_mh114\airfoils\sample_305.dat,0.10380887703179832,0.25250501002004005,2.230437806671759e-09,2.356746969453538e-09,0.304168470815449,0.281412925261526,0.2945089123778509,0.3409447058427496,0.4090210781878808,0.3657962481310202,-0.0760763749755868,0.04132837894888068,0.05867677839123654,0.05391360911475722,0.13088977118373712,0.2143544860411033
sample_306,False,ok,multi_seed_output\seed_3_mh114\airfoils\sample_306.dat,0.14474910074831113,0.2945891783567134,2.230437806671759e-09,2.356746969453538e-09,0.28146478486509413,0.35368866410446614,0.34853754633168627,0.3650840367932424,0.32981370545614175,0.38519080417890983,-0.1330071506759683,-0.010415577582594926,-0.05704241553376431,0.032753182492212124,0.08075479747934797,0.1879598464447788
sample_307,False,ok,multi_seed_output\seed_3_mh114\airfoils\sample_307.dat,0.13058602312217923,0.344689378757515,2.230437806671759e-09,2.356746969453538e-09,0.2668108745959471,0.3089307470172738,0.3964728225588376,0.3092534685887839,0.4070266368770973,0.3951443230580847,-0.045826285587721005,0.023564277752581297,-0.045460096628624345,0.03642826672943775,0.09756242989249686,0.21076390729639302
sample_308,False,ok,multi_seed_output\seed_3_mh114\airfoils\sample_308.dat,0.14506333817611977,0.2725450901803607,2.230437806671759e-09,2.356746969453538e-09,0.27566056246905113,0.3633791925992889,0.3549111864755086,0.38170039108680703,0.400847901413031,0.4560874655410731,-0.15413888379425078,-0.04676979026285797,0.035889188664879154,0.014902733211827439,0.05151415593383804,0.21345607384230034
sample_309,False,ok,multi_seed_output\seed_3_mh114\airfoils\sample_309.dat,0.13070699634158722,0.30260521042084165,2.230437806671759e-09,2.356746969453538e-09,0.25641060101012925,0.26856994742941553,0.31281920018759946,0.37481232022942546,0.3697113232407024,0.40357936898670593,-0.14127192966695143,-0.04521707308284299,-0.0422814209280899,0.05150981833208193,0.0857839476557919,0.14956137649739298
sample_310,False,ok,multi_seed_output\seed_3_mh114\airfoils\sample_310.dat,0.10905113113410078,0.374749498997996,2.230437806671759e-09,2.356746969453538e-09,0.19555850029662022,0.27145709049043415,0.3240128224550971,0.3763438636014895,0.32862188507286283,0.4299684764682446,-0.11798270038668432,0.03285676167046231,0.05377389462769597,-0.01553973579279196,0.1405916524314731,0.20859826659968028
sample_311,False,ok,multi_seed_output\seed_3_mh114\airfoils\sample_311.dat,0.12179327331338505,0.30861723446893785,2.230437806671759e-09,2.356746969453538e-09,0.24086789846427425,0.29886275928714345,0.35902759106455684,0.3006255380332125,0.38670350351066407,0.408297910364363,-0.05637220831856897,-0.018572673039073048,-0.015297649363763217,0.08413082067485544,0.09110484750851185,0.1570808530295877
sample_312,False,ok,multi_seed_output\seed_3_mh114\airfoils\sample_312.dat,0.1106547583508883,0.3246492985971944,2.230437806671759e-09,2.356746969453538e-09,0.24572684443166526,0.3383771941202382,0.28862684903031843,0.40431842576458465,0.332499111650729,0.4506843772886022,-0.048211147090200135,0.024137328077796283,0.06404554753802438,0.030273377131352502,0.12309176199114345,0.16708185234363432
sample_313,False,ok,multi_seed_output\seed_3_mh114\airfoils\sample_313.dat,0.14216507303668696,0.2865731462925851,2.230437806671759e-09,2.356746969453538e-09,0.19654207146790334,0.3517985790420403,0.4012863327788704,0.32199363498706296,0.41084105027604073,0.3592964976222602,-0.13767619925489177,-0.06860209927697934,0.00439812040281598,0.08231130664545262,0.11619239275366487,0.21727632052184576
sample_314,False,ok,multi_seed_output\seed_3_mh114\airfoils\sample_314.dat,0.13137172753855236,0.2444889779559118,2.230437806671759e-09,2.356746969453538e-09,0.3244472065803251,0.3891032813450723,0.2943676007852884,0.3740552823866138,0.3508089045407017,0.443698854741418,-0.10898983867685319,0.02424068025519431,0.03970545508086551,0.020514617784657345,0.02865490372546803,0.23885691239885076
sample_315,False,ok,multi_seed_output\seed_3_mh114\airfoils\sample_315.dat,0.12420299831598237,0.2925851703406813,2.230437806671759e-09,2.356746969453538e-09,0.30092583904061193,0.3863860646974307,0.37063322535571375,0.3749396132873432,0.29848888723693895,0.42562964371384016,-0.035557521698479394,0.041899653782028604,0.05386279794213067,0.093809637917319,0.024733629817348564,0.2181760923785292
sample_316,False,ok,multi_seed_output\seed_3_mh114\airfoils\sample_316.dat,0.12936218363303795,0.2945891783567134,2.230437806671759e-09,2.356746969453538e-09,0.2268758521944091,0.34806159069501513,0.3942938226678039,0.2899833194950119,0.34365572952790385,0.34285344004799456,-0.12310539777684235,0.019571150281552055,0.005273603960878753,0.04608924782908515,0.07435345657460815,0.22585797111800424
sample_317,False,ok,multi_seed_output\seed_3_mh114\airfoils\sample_317.dat,0.15211215554646507,0.30861723446893785,2.230437806671759e-09,2.356746969453538e-09,0.3134611981144796,0.34803408218399906,0.3497792790472639,0.34645298805971503,0.3502316408054683,0.3855930631867339,-0.05745150257897437,-0.08166813577387831,-0.04531083266691013,-0.023634820886939658,0.056318918034164084,0.2588906733115909
sample_318,False,ok,multi_seed_output\seed_3_mh114\airfoils\sample_318.dat,0.1335094239730263,0.2885771543086172,2.230437806671759e-09,2.356746969453538e-09,0.268221470818817,0.31475374193692873,0.3166636189754709,0.30554835846270045,0.41278012058208213,0.46203134650894695,-0.08771138371990993,-0.048809688128586826,-0.05523836856387995,0.048311082126038976,0.133355314953446,0.2518522954913105
sample_319,False,ok,multi_seed_output\seed_3_mh114\airfoils\sample_319.dat,0.1357706762190509,0.3246492985971944,2.230437806671759e-09,2.356746969453538e-09,0.32477947280953523,0.3142231358167522,0.40878857563131943,0.3018900406782955,0.30203460835813806,0.40068611591256614,-0.08441550140572587,0.03734620612592855,-0.028645469952793073,-0.010664144823445253,0.031189194086830723,0.1482910382624519
sample_320,False,ok,multi_seed_output\seed_3_mh114\airfoils\sample_320.dat,0.13596834945054254,0.2665330661322645,2.230437806671759e-09,2.356746969453538e-09,0.3016821307515193,0.30171327600176956,0.4092401018591098,0.3923891093146867,0.3121186888293312,0.4352797719638571,-0.15364067165869835,-0.017635887197855346,0.04381109966694893,0.06651295873114406,0.1292504226025893,0.25879492634561124
sample_321,False,ok,multi_seed_output\seed_3_mh114\airfoils\sample_321.dat,0.1178455206822871,0.38276553106212424,2.230437806671759e-09,2.356746969453538e-09,0.2542107281575825,0.2928716845357408,0.3531514531725212,0.4086835513593859,0.3828780910048639,0.4481031312667677,-0.050458979179795,0.03841442781282227,0.01811004113706277,0.08018520052525537,0.03143591016271466,0.23721538408517906
sample_322,False,ok,multi_seed_output\seed_3_mh114\airfoils\sample_322.dat,0.12483129067595639,0.24649298597194386,2.230437806671759e-09,2.356746969453538e-09,0.2907247656044394,0.3458468374764726,0.28546901267483216,0.34406386539509104,0.3155515078691207,0.3410759346099478,-0.1476100526794629,0.035001841739821724,0.015489787326269433,-0.01694602532813715,0.11851407944526424,0.23192299636581282
sample_323,False,ok,multi_seed_output\seed_3_mh114\airfoils\sample_323.dat,0.14714260817391997,0.2865731462925851,2.230437806671759e-09,2.356746969453538e-09,0.29726094809579084,0.353999296631081,0.3673724844256186,0.3468339489422345,0.4048341367363212,0.4188133774238565,-0.11785429930578084,-0.03685541965539103,-0.0367391475227173,0.05497936417304197,0.08910607484303779,0.20591705097615826
sample_324,False,ok,multi_seed_output\seed_3_mh114\airfoils\sample_324.dat,0.1346070463640442,0.35270541082164325,2.230437806671759e-09,2.356746969453538e-09,0.24837638276499763,0.32170480023449216,0.3916862826766802,0.39829997840124665,0.4201656984400458,0.36122792249302244,-0.0338172950017078,-0.019284614143895415,-0.014800600649618398,0.08930634601812201,0.06510046098700163,0.21653917063800449
sample_325,False,ok,multi_seed_output\seed_3_mh114\airfoils\sample_325.dat,0.1392540763152177,0.3246492985971944,2.230437806671759e-09,2.356746969453538e-09,0.19889604273819572,0.3836453071195913,0.2926156679038488,0.3833721018745824,0.3962631720128712,0.3394218465376035,-0.09666897851858555,-0.03411817359038069,-0.04195644120528218,0.012921747929762,0.06508775533884698,0.214776117355662
sample_326,False,ok,multi_seed_output\seed_3_mh114\airfoils\sample_326.dat,0.12371599536291797,0.38276553106212424,2.230437806671759e-09,2.356746969453538e-09,0.2017374596669285,0.2899104954801081,0.3808802585695559,0.38979695929726843,0.3015487679519156,0.33906258492237323,-0.07282596331991731,0.04091252654283771,-0.006963557079350986,0.012452030320760511,0.07892167846192583,0.18970499196475626
sample_327,False,ok,multi_seed_output\seed_3_mh114\airfoils\sample_327.dat,0.14135501978940926,0.34669338677354705,2.230437806671759e-09,2.356746969453538e-09,0.27759487924552606,0.2744339016552035,0.39867370183792994,0.3923298302155367,0.34114292568104443,0.4104866340912816,-0.1503794181557106,0.013738256554653078,-0.05208836157153635,-0.013638705947424317,0.12599600490272764,0.25197946280943306
sample_328,False,ok,multi_seed_output\seed_3_mh114\airfoils\sample_328.dat,0.14319773326996735,0.3166332665330661,2.230437806671759e-09,2.356746969453538e-09,0.2663852460508177,0.37018551574840597,0.4073281742953409,0.36489777305197435,0.40894917937731157,0.3782149932058818,-0.04264156863137193,-0.06254189605840998,0.06176630324834109,-0.018333368460607593,0.15024957712053172,0.1612966102683872
sample_329,False,ok,multi_seed_output\seed_3_mh114\airfoils\sample_329.dat,0.13676310522905757,0.2725450901803607,2.230437806671759e-09,2.356746969453538e-09,0.31490685036404725,0.2774444652577502,0.34129154718555904,0.37380151028703024,0.3758482162536839,0.3397110974272478,-0.14903872156915327,-0.04711715264407492,-0.004591559593123719,0.03160000468130107,0.08120114572063511,0.16313155318054892
sample_330,False,ok,multi_seed_output\seed_3_mh114\airfoils\sample_330.dat,0.12681351922513323,0.280561122244489,2.230437806671759e-09,2.356746969453538e-09,0.23036065201826217,0.3447284590064198,0.29016447764219455,0.285326473578847,0.3170127011651696,0.44201856163046505,-0.05456148623226717,-0.06384252272267306,-0.026068535760610106,0.05828768762485481,0.07566347142853654,0.26849180073955137
sample_331,False,ok,multi_seed_output\seed_3_mh114\airfoils\sample_331.dat,0.13427937651840047,0.2785571142284569,2.230437806671759e-09,2.356746969453538e-09,0.2649892034883684,0.3349494776270813,0.3370277984164719,0.33963918900721685,0.2974779914612258,0.35237268999155386,-0.05875866871154449,-0.08555814112665393,0.010813069823716673,0.06685066403873594,0.08217665798742592,0.15645355275294212
sample_332,False,ok,multi_seed_output\seed_3_mh114\airfoils\sample_332.dat,0.11058415380197006,0.3246492985971944,2.230437806671759e-09,2.356746969453538e-09,0.20231131978634628,0.2766169824781521,0.29487472958047917,0.37041205578516173,0.36388979940818944,0.40185510665433083,-0.14689828015012316,0.008519076076370924,0.04654961487645401,-0.0008618012494201535,0.13984228356924097,0.17204581834721425
sample_333,False,ok,multi_seed_output\seed_3_mh114\airfoils\sample_333.dat,0.13422553637735057,0.2665330661322645,2.230437806671759e-09,2.356746969453538e-09,0.2818843032106819,0.3352144950409695,0.39686893624315994,0.31726247061188173,0.32524204150865643,0.43098751145541325,-0.13056041206881447,-0.02023443406528344,0.062063525360964295,0.00478171066675661,0.11404538973202277,0.25379156026932703
sample_334,False,ok,multi_seed_output\seed_3_mh114\airfoils\sample_334.dat,0.12052596116670547,0.3306613226452906,2.230437806671759e-09,2.356746969453538e-09,0.273154963093455,0.3108281107619755,0.3200719101899171,0.3972806252095864,0.39355915116670626,0.3575495710758903,-0.06208267340394838,0.012714682067639788,0.005517190224619384,0.07187379496583196,0.07233639892446815,0.2348862374750411
sample_335,False,ok,multi_seed_output\seed_3_mh114\airfoils\sample_335.dat,0.14040618931189378,0.25851703406813625,2.230437806671759e-09,2.356746969453538e-09,0.2892692131922345,0.33040099470366946,0.35041181947979155,0.28946798403915913,0.32992729991581826,0.40082346081247056,-0.12376449102621734,-0.05387194944476296,-0.03285120177535471,0.0588505134800751,0.1372850543700211,0.22504360782650581
sample_336,False,ok,multi_seed_output\seed_3_mh114\airfoils\sample_336.dat,0.1299612605047077,0.2945891783567134,2.230437806671759e-09,2.356746969453538e-09,0.29957733625348737,0.3463839606651614,0.30248072480199606,0.3511113838057053,0.3478788527213121,0.3890451237623031,-0.045252014926439876,-0.023808553109426853,-0.019611085026190044,0.05751130421662641,0.03454838229161816,0.20462201269968364
sample_337,False,ok,multi_seed_output\seed_3_mh114\airfoils\sample_337.dat,0.13026168330273719,0.25851703406813625,2.230437806671759e-09,2.356746969453538e-09,0.2425143841721538,0.3255533886402517,0.2858572658861199,0.407228886329589,0.3703673916285351,0.38680046216703373,-0.14428834454472134,-0.07859563469863277,0.0713055105622888,0.006131116982486265,0.11908093387741729,0.20899264822011548
sample_338,False,ok,multi_seed_output\seed_3_mh114\airfoils\sample_338.dat,0.13512640794008482,0.2745490981963928,2.230437806671759e-09,2.356746969453538e-09,0.2952215681491441,0.2816382048817255,0.3606404185042285,0.4020399491671182,0.3593560970691771,0.45874500273470276,-0.14381781045350175,-0.06774908315574812,0.06349642991694508,0.012137541887956738,0.062254214790745,0.2416724809482739
sample_339,False,ok,multi_seed_output\seed_3_mh114\airfoils\sample_339.dat,0.13815609568837356,0.344689378757515,2.230437806671759e-09,2.356746969453538e-09,0.21004448674122916,0.2660647576414631,0.3811671042719689,0.3562335824327981,0.31527742210806287,0.4146328707254605,-0.14964284591940946,-0.046508565114585815,-0.03535310969024139,-0.003925305278803758,0.034134944329485856,0.27331919928782067
sample_340,False,ok,multi_seed_output\seed_3_mh114\airfoils\sample_340.dat,0.12341814084660324,0.30861723446893785,2.230437806671759e-09,2.356746969453538e-09,0.3201443422345887,0.27436503320928834,0.3398272999241014,0.3075401722371617,0.41195817608611984,0.3539253701192605,-0.11453136439634498,0.03315366158240843,-0.019019080455210204,-0.014566658266721665,0.12436578407044234,0.2176137244740174
sample_341,False,ok,multi_seed_output\seed_3_mh114\airfoils\sample_341.dat,0.12884846597606717,0.35270541082164325,2.230437806671759e-09,2.356746969453538e-09,0.22139119584901096,0.291256956521481,0.4071381440956455,0.33070941935619236,0.31098106752829446,0.3512605083878113,-0.03536224877491234,-0.019211241897351322,0.0042575030082923696,-0.009332351261139397,0.09568390920728242,0.23041316745029505
sample_342,False,ok,multi_seed_output\seed_3_mh114\airfoils\sample_342.dat,0.13887268282673337,0.26452905811623245,2.230437806671759e-09,2.356746969453538e-09,0.2712707701793339,0.3792312279376029,0.3645423440517001,0.3691882445670387,0.4045766531040273,0.43552663209073866,-0.10730836353285728,-0.05182288328400925,0.06629161418158387,0.07980599458558697,0.037230815664587524,0.2505596120116501
sample_343,False,ok,multi_seed_output\seed_3_mh114\airfoils\sample_343.dat,0.12341787907666396,0.23246492985971942,2.230437806671759e-09,2.356746969453538e-09,0.32196457402350853,0.26431911216730997,0.29031297418112134,0.3672465068103328,0.32689521819843015,0.3807622441095309,-0.10840338545909603,-0.06377617076985861,0.06165704743600142,-0.017420273655264804,0.14199277733866666,0.22196290202030583
sample_344,False,ok,multi_seed_output\seed_3_mh114\airfoils\sample_344.dat,0.13014950604846864,0.280561122244489,2.230437806671759e-09,2.356746969453538e-09,0.3186121261243784,0.32223240483026483,0.3466804556130467,0.29308101486698407,0.347692122610135,0.4344713427345638,-0.084099054904879,-0.010611154657081248,0.021857487204591908,-0.03394346865442105,0.08481436486067617,0.21388458087935355
sample_345,False,ok,multi_seed_output\seed_3_mh114\airfoils\sample_345.dat,0.1407361242624662,0.2865731462925851,2.230437806671759e-09,2.356746969453538e-09,0.3019540192164773,0.36469530718939513,0.2845046488574481,0.3861485984583301,0.32667750263428974,0.3787696261813881,-0.12514631755026318,-0.010059531846190045,-0.03919974630932484,-0.0015044304380302104,0.0267311878969226,0.23457048982523507
sample_346,False,ok,multi_seed_output\seed_3_mh114\airfoils\sample_346.dat,0.12464652096273154,0.22044088176352702,2.230437806671759e-09,2.356746969453538e-09,0.2945360413072334,0.2783215430491473,0.2943584456941337,0.34526306271047336,0.38838009710693927,0.3620650696562361,-0.12241821907462953,-0.08153093528123159,0.06359281005535333,0.06916706158791516,0.07617099279253911,0.22618617260457272
sample_347,False,ok,multi_seed_output\seed_3_mh114\airfoils\sample_347.dat,0.11949136143611425,0.2885771543086172,2.230437806671759e-09,2.356746969453538e-09,0.2569185876853032,0.3165463087420172,0.3123376720865823,0.38776237439603395,0.30011587951919,0.3970943601864661,-0.038041258334551076,-0.04890240556099149,0.03905845652174818,0.09145213375522246,0.0754247910813895,0.23538510005354246
sample_348,False,ok,multi_seed_output\seed_3_mh114\airfoils\sample_348.dat,0.13757689062589626,0.30260521042084165,2.230437806671759e-09,2.356746969453538e-09,0.25291452452484675,0.30737915115324027,0.3822396657370707,0.36086122913904156,0.36653471766840157,0.3739206936744253,-0.11348555276798131,-0.05258569264020407,-0.0017157737222939715,0.05938418182349102,0.056104273693655636,0.2191646361719652
sample_349,False,ok,multi_seed_output\seed_3_mh114\airfoils\sample_349.dat,0.12387932481683073,0.30861723446893785,2.230437806671759e-09,2.356746969453538e-09,0.2861101974422945,0.2754219467856414,0.285898002046135,0.38369835840145883,0.37093831481048767,0.4351361476303185,-0.07645612824467829,-0.05447307392949015,0.00565755516770175,0.030826494712561714,0.035536966638295635,0.2114011785500359
sample_350,False,ok,multi_seed_output\seed_3_mh114\airfoils\sample_350.dat,0.14297597792601344,0.3226452905811623,2.230437806671759e-09,2.356746969453538e-09,0.2154371837195241,0.3797246395072019,0.3759943473843155,0.30328687040962493,0.34504000875377094,0.42216141105934674,-0.06480642715813519,-0.04242942544643137,-0.017412997245685354,-0.030626912502244807,0.10590415788115648,0.1969305798440355
sample_351,False,ok,multi_seed_output\seed_3_mh114\airfoils\sample_351.dat,0.11131459449600684,0.3607214428857715,2.230437806671759e-09,2.356746969453538e-09,0.204592112287808,0.2971908473339904,0.3490388436777141,0.3122230054825754,0.38809654411811,0.43352209406029285,-0.03299198346662305,-0.003736440658330134,0.058044954440499966,0.01883220496806369,0.0703253881744404,0.1871152045298491
sample_352,False,ok,multi_seed_output\seed_3_mh114\airfoils\sample_352.dat,0.13472743030187462,0.30260521042084165,2.230437806671759e-09,2.356746969453538e-09,0.3187109393314571,0.3198708853688109,0.36338549324527925,0.35100017710236,0.3107957010735507,0.36390101979624717,-0.04354675572111473,-0.02493709224994818,-0.012998565568783468,0.012868532162044852,0.12894367152723046,0.26738620742293473
sample_353,False,ok,multi_seed_output\seed_3_mh114\airfoils\sample_353.dat,0.12894061457053915,0.2665330661322645,2.230437806671759e-09,2.356746969453538e-09,0.25780428769080965,0.3910450823739484,0.3610424031995757,0.3175476295355322,0.3251063026827704,0.3743716867709045,-0.08003344893136138,-0.010667272205093586,0.07041371673050568,0.034469427289048296,0.1411001708716786,0.25681122256091915
sample_354,False,ok,multi_seed_output\seed_3_mh114\airfoils\sample_354.dat,0.13703421966953697,0.3226452905811623,2.230437806671759e-09,2.356746969453538e-09,0.2306632434292243,0.3550788139780472,0.3789014742754505,0.3942061292717941,0.31494668538509035,0.36825541711921206,-0.07661012285018427,-0.04138852865049778,0.04848829048614596,-0.02173306930643887,0.14640526920073657,0.21314431638103132
sample_355,False,ok,multi_seed_output\seed_3_mh114\airfoils\sample_355.dat,0.12075146153277302,0.250501002004008,2.230437806671759e-09,2.356746969453538e-09,0.27574624980082185,0.30949803673461657,0.35655852522508275,0.3081899370199614,0.324358361085335,0.4155145222060336,-0.1361821805889936,0.018882777026162423,0.03173454264830275,0.08753610579287903,0.046296455401916944,0.19934193705618997
sample_356,False,ok,multi_seed_output\seed_3_mh114\airfoils\sample_356.dat,0.13056840194856598,0.3226452905811623,2.230437806671759e-09,2.356746969453538e-09,0.19629342189296084,0.3087104550277086,0.3186034758968265,0.32650545369989253,0.41124177133127404,0.36646282982049627,-0.11985216425551407,-0.04514177681731762,-0.03168488255707334,0.010897485882203198,0.09673280946211626,0.19005131349253762
sample_357,False,ok,multi_seed_output\seed_3_mh114\airfoils\sample_357.dat,0.1456281575959209,0.2885771543086172,2.230437806671759e-09,2.356746969453538e-09,0.2882599500149356,0.35629263927120786,0.33862967537972083,0.40197261010715013,0.326246134969307,0.3990196039148835,-0.0892472338074872,-0.06437176745848991,-0.02260345251162535,0.06267228878051714,0.04736598019767589,0.2361015389493463
sample_358,False,ok,multi_seed_output\seed_3_mh114\airfoils\sample_358.dat,0.11323340205513589,0.3226452905811623,2.230437806671759e-09,2.356746969453538e-09,0.25445217740729387,0.26734717698499627,0.3716758321628798,0.35351083545870887,0.33035504234575724,0.3763347762057157,-0.05811615474730167,-0.013356757272125569,0.06284402444675108,0.06195862965988633,0.08652249478035322,0.19785786113486578
sample_359,False,ok,multi_seed_output\seed_3_mh114\airfoils\sample_359.dat,0.12417232064166107,0.2945891783567134,2.230437806671759e-09,2.356746969453538e-09,0.24712466424054225,0.3319629824620288,0.33357515075103195,0.3726232905152593,0.3648936584017492,0.4012853198348291,-0.13472194512080438,0.0375785409418677,-0.01671054101302577,0.09259219952737041,0.08611135374852272,0.1638029488976
sample_360,False,ok,multi_seed_output\seed_3_mh114\airfoils\sample_360.dat,0.14017198475798462,0.30861723446893785,2.230437806671759e-09,2.356746969453538e-09,0.21527508484822555,0.32875300873520374,0.3027229168206631,0.4048537591086845,0.3894388020420057,0.40110281042071017,-0.14841577681887191,-0.08629147194985584,0.015102838707336252,-0.022385194164524717,0.06389867668123549,0.264331715165571
sample_361,False,ok,multi_seed_output\seed_3_mh114\airfoils\sample_361.dat,0.14868498972173894,0.31462925851703405,2.230437806671759e-09,2.356746969453538e-09,0.3185051159643513,0.3399396486520438,0.37776774078294983,0.40231781653605225,0.36717041201707484,0.4207994375115235,-0.12285394094812838,-0.006048691968375014,-0.047635620613645006,0.039136655626672665,0.05746383837809267,0.15439134215099057
sample_362,False,ok,multi_seed_output\seed_3_mh114\airfoils\sample_362.dat,0.12803435842949587,0.30861723446893785,2.230437806671759e-09,2.356746969453538e-09,0.22228402293901878,0.297132969190966,0.33337519251499237,0.3046434955667858,0.4092196331378376,0.3572316922919134,-0.1000998216105348,-0.034654771629669116,-0.05034719265106607,0.05957228747596466,0.10041005091711729,0.1670191456204155
sample_363,False,ok,multi_seed_output\seed_3_mh114\airfoils\sample_363.dat,0.13634827193482324,0.2945891783567134,2.230437806671759e-09,2.356746969453538e-09,0.20298659814930078,0.3643450856627044,0.35868829137487473,0.3767669006670419,0.3752895157058404,0.36227505342116917,-0.1054446964657292,-0.0566903567289717,0.019547001724216084,0.08367191781432586,0.08729530992156281,0.15943951654640323
sample_364,False,ok,multi_seed_output\seed_3_mh114\airfoils\sample_364.dat,0.11349496262567621,0.37675350701402804,2.230437806671759e-09,2.356746969453538e-09,0.2641540259434779,0.27357351721946593,0.379859213883316,0.3441919760338241,0.39507350565209004,0.3566668941964583,-0.057905998686950816,0.03509740333814386,0.06789931004159257,0.0043661823576273615,0.0767581294121017,0.24550842443796014
sample_365,False,ok,multi_seed_output\seed_3_mh114\airfoils\sample_365.dat,0.1433753562289721,0.3386773547094188,2.230437806671759e-09,2.356746969453538e-09,0.2364905093339651,0.33024328367140804,0.3868100670993644,0.36625929081179864,0.33724350286326316,0.3445661662271803,-0.1219466914318611,-0.0019258069792650323,-0.04554552723295202,-0.019387167242677687,0.10280831360248766,0.241137179761585
sample_366,False,ok,multi_seed_output\seed_3_mh114\airfoils\sample_366.dat,0.11540267835584003,0.31462925851703405,2.230437806671759e-09,2.356746969453538e-09,0.2342913102328027,0.2703663116499696,0.2824685076378797,0.3938753836246004,0.2934482381376819,0.43628119706972235,-0.1397751264033565,0.011855532307614353,-0.026305227845028853,0.07816598047511203,0.04133523691166954,0.16636689227085164
sample_367,False,ok,multi_seed_output\seed_3_mh114\airfoils\sample_367.dat,0.12420356039040246,0.344689378757515,2.230437806671759e-09,2.356746969453538e-09,0.195638242701959,0.3082974264790558,0.2910368715538366,0.3604248674101485,0.3635322501823042,0.42780162305233876,-0.11514911917121017,0.0023547805299841684,-0.05170530968699644,0.02129838161443344,0.08607097500292317,0.22759577969405997
sample_368,False,ok,multi_seed_output\seed_3_mh114\airfoils\sample_368.dat,0.13823550599175266,0.3607214428857715,2.230437806671759e-09,2.356746969453538e-09,0.2036159607353047,0.27476244021685764,0.40738168168816813,0.3491637033478769,0.35385204447653623,0.4627796905558962,-0.04444768916536776,-0.08182229768607525,-0.014260498078131255,0.016410030459007366,0.03188371657653206,0.20978559769062916
sample_369,False,ok,multi_seed_output\seed_3_mh114\airfoils\sample_369.dat,0.12281768536047423,0.3006012024048096,2.230437806671759e-09,2.356746969453538e-09,0.26384354122417003,0.28902617642733014,0.3578878205523687,0.34767866527737723,0.3255614503529717,0.40497156076888174,-0.05937535633105241,-0.04370423107268625,0.02475252637412087,0.07601688398226741,0.07868980697235689,0.23618748216187058
sample_370,False,ok,multi_seed_output\seed_3_mh114\airfoils\sample_370.dat,0.13917334166836298,0.3006012024048096,2.230437806671759e-09,2.356746969453538e-09,0.2857093554207423,0.3805448019469853,0.3098479766000703,0.4095247531256456,0.3607024951132535,0.397848280768619,-0.07887208377006077,-0.025620271160251964,0.0028920270736967693,0.015795941889186746,0.07729363806219286,0.16718662983489457
sample_371,False,ok,multi_seed_output\seed_3_mh114\airfoils\sample_371.dat,0.1314970961600084,0.30861723446893785,2.230437806671759e-09,2.356746969453538e-09,0.2714263412738998,0.29602011444819465,0.3639652617428092,0.3802305502693385,0.3455117114341967,0.41760082268726106,-0.11438856176125461,-0.0388735110421781,0.03870910863500847,0.02222799793878335,0.023859663983068425,0.2156617336861442
sample_372,False,ok,multi_seed_output\seed_3_mh114\airfoils\sample_372.dat,0.12502349516297837,0.3246492985971944,2.230437806671759e-09,2.356746969453538e-09,0.19545325492263968,0.33048348153567697,0.32230892268243483,0.38054061883644613,0.33909496841940107,0.46118323560450103,-0.03670607311142114,-0.06741589013433738,0.02060737197980611,0.07480047499855752,0.03135763683682034,0.25804210723546533
sample_373,False,ok,multi_seed_output\seed_3_mh114\airfoils\sample_373.dat,0.1412501298726241,0.2865731462925851,2.230437806671759e-09,2.356746969453538e-09,0.31336139053710654,0.3079076073851519,0.31185366820664623,0.34073251681694766,0.4160685822365401,0.42862677991276654,-0.0798539983641962,-0.08470191334693546,-0.03947230033265063,0.01191291045548399,0.126849701633425,0.25824272184207503
sample_374,False,ok,multi_seed_output\seed_3_mh114\airfoils\sample_374.dat,0.13496275576805342,0.30260521042084165,2.230437806671759e-09,2.356746969453538e-09,0.28681006895898736,0.31934010832965665,0.30590287786793025,0.35327217736782074,0.31861474950253665,0.46351874142455163,-0.11485734733970696,-0.009125362297057973,-0.05353106803934027,-0.015321197047141983,0.11113875297491695,0.22162973597234226
sample_375,False,ok,multi_seed_output\seed_3_mh114\airfoils\sample_375.dat,0.13975530940934633,0.2865731462925851,2.230437806671759e-09,2.356746969453538e-09,0.2702782231587174,0.29799447366873827,0.32906918768848575,0.3913292184961392,0.4120815488018346,0.3953578961542268,-0.16013903182796185,-0.07508875842335674,0.021642344731750016,-0.0060663851464218335,0.06450512140574874,0.2615260027662445
sample_376,False,ok,multi_seed_output\seed_3_mh114\airfoils\sample_376.dat,0.13147179772974388,0.3306613226452906,2.230437806671759e-09,2.356746969453538e-09,0.20157491620283005,0.3253012855104292,0.3689277812041323,0.36562302158124665,0.3562565572419744,0.4653594066736148,-0.1119645216833616,-0.03356070195841639,0.021964971043839404,0.04135523230570587,0.02535494607937231,0.2500214212901361
sample_377,False,ok,multi_seed_output\seed_3_mh114\airfoils\sample_377.dat,0.12855289137994155,0.3166332665330661,2.230437806671759e-09,2.356746969453538e-09,0.2962271729928146,0.2617168127689183,0.3714847781427315,0.36893022816080406,0.3924571745335924,0.3971613140993095,-0.09752165440359127,-0.02611235628487355,0.001049837182719969,0.04741389104779492,0.12075896543958292,0.16202573587070834
sample_378,False,ok,multi_seed_output\seed_3_mh114\airfoils\sample_378.dat,0.1363755984079779,0.30861723446893785,2.230437806671759e-09,2.356746969453538e-09,0.19960632678615517,0.35198570388420974,0.3216852509892952,0.32157720210573504,0.2939342347226804,0.3961861219902104,-0.10480229766527902,-0.04761191703583325,-0.02881282667895524,-0.02764530793906675,0.09443571787747303,0.24165164646921145
sample_379,False,ok,multi_seed_output\seed_3_mh114\airfoils\sample_379.dat,0.1223712412175872,0.3306613226452906,2.230437806671759e-09,2.356746969453538e-09,0.2229254778520202,0.3477990278532823,0.34253575689181787,0.342751193374736,0.33295032865141044,0.42023795299741673,-0.04250794859282857,-0.009667200775857296,0.03785970601214517,0.02125259768467739,0.06328105721532637,0.19362425617107398
sample_380,False,ok,multi_seed_output\seed_3_mh114\airfoils\sample_380.dat,0.13431276785493476,0.30260521042084165,2.230437806671759e-09,2.356746969453538e-09,0.2929469886120494,0.3153494616947099,0.3545019051796492,0.3514770385588698,0.3405810718240354,0.3511086228898661,-0.06003721082836279,-0.026502428945250275,-0.044249527354076834,0.05700699773728736,0.14569720307962775,0.22946512739878341
sample_381,False,ok,multi_seed_output\seed_3_mh114\airfoils\sample_381.dat,0.13313075734717184,0.2925851703406813,2.230437806671759e-09,2.356746969453538e-09,0.20123073738646183,0.3113663598644075,0.28636424692718726,0.40337908356449775,0.4172673121077251,0.37858327050899093,-0.15376761380916706,-0.08650098716916176,0.0011825249455905684,0.055893177668911775,0.07599302659344764,0.17155683470113808
sample_382,False,ok,multi_seed_output\seed_3_mh114\airfoils\sample_382.dat,0.12939207765016025,0.3226452905811623,2.230437806671759e-09,2.356746969453538e-09,0.26534911169734066,0.31256915718818923,0.38485446298389403,0.3866197334932222,0.37933669407234827,0.3457870017654961,-0.09940457804227348,-0.006424295235882699,0.03939176601638822,0.0537079015689334,0.040932337237040206,0.20768774184408806
sample_383,False,ok,multi_seed_output\seed_3_mh114\airfoils\sample_383.dat,0.12831538455905442,0.30260521042084165,2.230437806671759e-09,2.356746969453538e-09,0.2672116419770807,0.33463406869714696,0.2884241818859923,0.30500381866735904,0.37207208743770603,0.36279061330565954,-0.09166925069792489,-0.0032541505194663006,-0.045979399979398636,0.005485517812589456,0.04159434219580556,0.18203468753498406
sample_384,False,ok,multi_seed_output\seed_3_mh114\airfoils\sample_384.dat,0.1366712036545232,0.35270541082164325,2.230437806671759e-09,2.356746969453538e-09,0.2071722171084161,0.33173829672375965,0.3802192874003417,0.32576181659927833,0.3986805457751825,0.4242338598237505,-0.06703434932969692,-0.02840091380424304,-0.008970142277508905,-0.03283147149672216,0.11147837123294937,0.19432057538343345
sample_385,False,ok,multi_seed_output\seed_3_mh114\airfoils\sample_385.dat,0.13976144475109234,0.30861723446893785,2.230437806671759e-09,2.356746969453538e-09,0.2475006636834064,0.37872970521053795,0.28388645558478903,0.29916327328713477,0.403096031702077,0.46032671283655885,-0.05137684930098295,-0.06615595367673663,-0.04705460471815892,-0.006764520535812356,0.025280619931411407,0.17418839508272654
sample_386,False,ok,multi_seed_output\seed_3_mh114\airfoils\sample_386.dat,0.11256584191150266,0.3006012024048096,2.230437806671759e-09,2.356746969453538e-09,0.2386512190518318,0.32421937447154603,0.3735193363664315,0.3265849571418215,0.3391850763297738,0.4358732073438271,-0.06095579821406617,0.023280220287278663,0.06950693858576844,0.06900678518481505,0.11057567072156993,0.24898736066219251
sample_387,False,ok,multi_seed_output\seed_3_mh114\airfoils\sample_387.dat,0.12830772553240538,0.2865731462925851,2.230437806671759e-09,2.356746969453538e-09,0.28249496649410577,0.31067054364337837,0.3383318098709183,0.3254449930599165,0.29947171497005787,0.4529407425904865,-0.1465240851680547,0.04088308634013747,-0.05763354011377556,0.04415634010206816,0.11775159843939621,0.2553494081440698
sample_388,False,ok,multi_seed_output\seed_3_mh114\airfoils\sample_388.dat,0.11747732316243231,0.22444889779559116,2.230437806671759e-09,2.356746969453538e-09,0.31993956188932615,0.30575450443288177,0.3137817532651263,0.31121761596208786,0.33743434628673075,0.4135270000304047,-0.08218869403049414,-0.014373995893391472,0.06665291006925782,0.07265896813112804,0.08369654151588411,0.162197376305386
sample_389,False,ok,multi_seed_output\seed_3_mh114\airfoils\sample_389.dat,0.13580848650752644,0.280561122244489,2.230437806671759e-09,2.356746969453538e-09,0.3023801026397584,0.36901141568937357,0.3601782418384898,0.30116943068171054,0.33298174862396307,0.43914109687938085,-0.04358825819513157,-0.016824967085610723,-0.023259684369883966,0.0690810155865731,0.08842904708601933,0.24544328805227894
sample_390,False,ok,multi_seed_output\seed_3_mh114\airfoils\sample_390.dat,0.12230999232762985,0.2665330661322645,2.230437806671759e-09,2.356746969453538e-09,0.29146072558230574,0.3072036666943514,0.29582102940833643,0.40264302756609377,0.3588648537955387,0.3724628131104056,-0.06397272171805345,-0.060770097769945644,0.06084753269611873,0.06147828030607616,0.10105927049945226,0.19296364950345948
sample_391,False,ok,multi_seed_output\seed_3_mh114\airfoils\sample_391.dat,0.11982812333436318,0.2865731462925851,2.230437806671759e-09,2.356746969453538e-09,0.21666139336300363,0.37655668542986326,0.3277488080490464,0.32139903604741255,0.3378948143473638,0.36370370563685217,-0.10822692230239686,0.03808963297105909,0.035476281145073965,0.021646608915631596,0.14522511758067774,0.16805825579273442
sample_392,False,ok,multi_seed_output\seed_3_mh114\airfoils\sample_392.dat,0.12393526518118217,0.35270541082164325,2.230437806671759e-09,2.356746969453538e-09,0.22248687530877007,0.3751866617344494,0.29892001849675426,0.3619649784601569,0.397486528122328,0.4565123849962291,-0.06786100375604644,0.03268833718431399,0.015272467141802387,-0.02200875803611043,0.07772299101068014,0.2618204066852583
sample_393,False,ok,multi_seed_output\seed_3_mh114\airfoils\sample_393.dat,0.1263239958802079,0.2945891783567134,2.230437806671759e-09,2.356746969453538e-09,0.2910916129536675,0.33987498603906885,0.36412052216096347,0.35669917169598586,0.335800042200823,0.3682104991762169,-0.07793762159473096,0.003527586358478191,0.06531082012657724,-0.00020834869168332576,0.1107235244483457,0.18409598921271225
sample_394,False,ok,multi_seed_output\seed_3_mh114\airfoils\sample_394.dat,0.11985912257414835,0.2865731462925851,2.230437806671759e-09,2.356746969453538e-09,0.2399400036028696,0.34426955539839044,0.28929077463800096,0.30056337547965073,0.2972091574809568,0.4643067886473091,-0.11247201369170334,0.016235821476866474,0.014917770451804854,-0.01870608557825746,0.027502954319047535,0.26217697988974054
sample_395,False,ok,multi_seed_output\seed_3_mh114\airfoils\sample_395.dat,0.1416000938770676,0.2785571142284569,2.230437806671759e-09,2.356746969453538e-09,0.2802174346793464,0.3037251848211582,0.3291739210577708,0.33455685778584254,0.40407813048192964,0.4218666758494058,-0.1595876509704725,-0.057442415089318515,-0.03375523831476028,0.009398794003005757,0.07843462054795956,0.25980412844228906
sample_396,False,ok,multi_seed_output\seed_3_mh114\airfoils\sample_396.dat,0.135261564217115,0.25250501002004005,2.230437806671759e-09,2.356746969453538e-09,0.3045183991605144,0.34672783210425845,0.3235871555987837,0.36711147570322883,0.3383216755979768,0.41703069699210116,-0.15582058694867829,0.0012420822781299135,0.031228547606866275,-0.021893182682917945,0.11266227999960995,0.1951602018528739
sample_397,False,ok,multi_seed_output\seed_3_mh114\airfoils\sample_397.dat,0.14245840320678402,0.3366733466933867,2.230437806671759e-09,2.356746969453538e-09,0.2057049939482857,0.3699322341505718,0.4019212568005348,0.3315556985887931,0.4168119027112436,0.41426143630228734,-0.04771449688117496,-0.05243188307732958,0.00864037363411456,0.01403942814871173,0.04586608806892398,0.24698881649425447
sample_398,False,ok,multi_seed_output\seed_3_mh114\airfoils\sample_398.dat,0.1348718889091221,0.2945891783567134,2.230437806671759e-09,2.356746969453538e-09,0.2766785547251674,0.2781704383850296,0.4040242501503226,0.32462021995757645,0.3905693032262945,0.3450390386415627,-0.1417113323840862,-0.044758868848435315,0.03919013624719525,-0.0025956166683637205,0.07099213327440365,0.27241961803674664
sample_399,False,ok,multi_seed_output\seed_3_mh114\airfoils\sample_399.dat,0.12949054355677425,0.25250501002004005,2.230437806671759e-09,2.356746969453538e-09,0.2656725638147983,0.273506954339717,0.35977078993251854,0.35399277994685296,0.29756779983447046,0.40429405821604414,-0.14632825769938965,-0.07259516010353483,0.05210671557507854,0.0554345255324674,0.08630502043958875,0.2281611528978338
sample_400,False,ok,multi_seed_output\seed_3_mh114\airfoils\sample_400.dat,0.12988118032949053,0.3226452905811623,2.230437806671759e-09,2.356746969453538e-09,0.279304691251733,0.3156613929395669,0.3948521205118173,0.39478146428405947,0.3035507799128895,0.3499577213020263,-0.056489550251824686,-0.02090682596459688,0.04879426493505731,0.05174155521504924,0.024986295377030145,0.247313757752841
sample_401,False,ok,multi_seed_output\seed_3_mh114\airfoils\sample_401.dat,0.12994741077089628,0.2865731462925851,2.230437806671759e-09,2.356746969453538e-09,0.23447202283236007,0.28216263106644857,0.33951068864543793,0.3061694945711062,0.4054239326339584,0.46021728198808987,-0.1562509235896447,-0.0558693074767036,0.011072709628611552,-0.0013937610315302718,0.10266780785670748,0.20216710080047504
sample_402,False,ok,multi_seed_output\seed_3_mh114\airfoils\sample_402.dat,0.1222762896644896,0.280561122244489,2.230437806671759e-09,2.356746969453538e-09,0.31055921523990715,0.27880586777650523,0.39719758516104303,0.30655487645253127,0.3353607274577612,0.42340380183316545,-0.11275569441694736,0.02889436007312221,0.015815256478576817,0.07290595085895804,0.043548366659037996,0.21152510177548223
sample_403,False,ok,multi_seed_output\seed_3_mh114\airfoils\sample_403.dat,0.14978873033738338,0.26452905811623245,2.230437806671759e-09,2.356746969453538e-09,0.31724090567445284,0.38103253274108706,0.39461917412202324,0.3074737102928526,0.3911263557522154,0.44018174343372035,-0.14812029133303123,-0.011297045341561451,0.007584719218143049,-0.0035743923067687693,0.12478386653706061,0.17606781709115676
sample_404,False,ok,multi_seed_output\seed_3_mh114\airfoils\sample_404.dat,0.11800675111265466,0.2725450901803607,2.230437806671759e-09,2.356746969453538e-09,0.23225016303422802,0.30124645540748773,0.31246402346981866,0.29189606847531635,0.3809783726479745,0.43667035601334214,-0.04738600560308777,-0.08306828642185626,0.03438963144972618,0.08703029368675927,0.11691404034741255,0.21005593856578147
sample_405,False,ok,multi_seed_output\seed_3_mh114\airfoils\sample_405.dat,0.12161644871435674,0.30861723446893785,2.230437806671759e-09,2.356746969453538e-09,0.2487113776247724,0.3325535172771148,0.32675720130896246,0.29990620368550985,0.3384313957016697,0.36406965950668757,-0.0664363628230353,0.009099937114739276,-0.01094294639615833,0.03595513328842055,0.051403975739744374,0.21355529635683768
sample_406,False,ok,multi_seed_output\seed_3_mh114\airfoils\sample_406.dat,0.14292977474138235,0.2865731462925851,2.230437806671759e-09,2.356746969453538e-09,0.30033274887628486,0.35906391514251934,0.3171311561872579,0.29929573928440695,0.34243048804371423,0.45273053096099153,-0.053367604038092306,-0.06441838146162876,-0.055054501397162794,0.008741358063587425,0.11766842859907752,0.20133825806925407
sample_407,False,ok,multi_seed_output\seed_3_mh114\airfoils\sample_407.dat,0.11911225776704318,0.280561122244489,2.230437806671759e-09,2.356746969453538e-09,0.27396957384643356,0.2732033999014714,0.3906896737314708,0.30494820616701607,0.4058219817748179,0.40302155040223997,-0.11776909490286372,0.001090732877152653,0.045244207362377095,0.08171802779565719,0.061580427395640895,0.19378995851670144
sample_408,False,ok,multi_seed_output\seed_3_mh114\airfoils\sample_408.dat,0.1199347705237488,0.23847695390781562,2.230437806671759e-09,2.356746969453538e-09,0.23235536300141832,0.3659141143784577,0.28559856289688496,0.28933601920518454,0.40199374748529393,0.38566054580710923,-0.14470834690435636,0.010371254657060014,0.05301886844823206,0.016573131718432554,0.12969268555280145,0.1935177725360968
sample_409,False,ok,multi_seed_output\seed_3_mh114\airfoils\sample_409.dat,0.13081960998724226,0.30861723446893785,2.230437806671759e-09,2.356746969453538e-09,0.3163040738406597,0.30103016831032425,0.37471098599702846,0.3296275815760677,0.390024647990713,0.44248885173526237,-0.07745110168339124,-0.03457389309449361,0.06486896985891699,-0.03129316712162123,0.03460310730857227,0.19978890474758013
sample_410,False,ok,multi_seed_output\seed_3_mh114\airfoils\sample_410.dat,0.12887248895404294,0.2945891783567134,2.230437806671759e-09,2.356746969453538e-09,0.25707073426822646,0.3156152723292706,0.31740423089189207,0.2925625697945941,0.38856097244358373,0.3776922860480598,-0.0776369230838355,-0.042195058107588584,-0.03142104734628036,0.039505200295913145,0.054966223603565054,0.23105076444097283
sample_411,False,ok,multi_seed_output\seed_3_mh114\airfoils\sample_411.dat,0.13447302748747234,0.2725450901803607,2.230437806671759e-09,2.356746969453538e-09,0.29600944517022815,0.3346001052863027,0.35621744822357054,0.3335200085726028,0.30310010004597765,0.3785242704729448,-0.10423424123455746,-0.02136646313349186,0.006281739994986629,0.039364907055778595,0.06399365621275116,0.15745153629867636
sample_412,False,ok,multi_seed_output\seed_3_mh114\airfoils\sample_412.dat,0.1290147133577313,0.3006012024048096,2.230437806671759e-09,2.356746969453538e-09,0.24449496125092657,0.29862564189517726,0.36675999183090324,0.3786495988079057,0.3722696840923757,0.39885774321931494,-0.14587025611653395,-0.03997404784133332,0.07161612796217888,0.010785129946181637,0.06860107295155016,0.16842752012913245
sample_413,False,ok,multi_seed_output\seed_3_mh114\airfoils\sample_413.dat,0.12369418726725284,0.30861723446893785,2.230437806671759e-09,2.356746969453538e-09,0.2767571529295869,0.3003113291719499,0.3984830985857704,0.3308417215448347,0.4199977283390992,0.3511939563196081,-0.0422685884895445,-0.03144205772431373,0.05797656547024932,0.07371143154080587,0.06923958342133829,0.21962560529217406
sample_414,False,ok,multi_seed_output\seed_3_mh114\airfoils\sample_414.dat,0.1255871134983992,0.280561122244489,2.230437806671759e-09,2.356746969453538e-09,0.2196154650025714,0.2982796619549763,0.3499700693613442,0.2999943203848259,0.31170745495387975,0.38746673487544964,-0.12497099591980013,-0.03937222029717091,-0.009709906029055762,0.07405561965812861,0.10250721934665111,0.19041186952441894
sample_415,False,ok,multi_seed_output\seed_3_mh114\airfoils\sample_415.dat,0.11825149893311497,0.3386773547094188,2.230437806671759e-09,2.356746969453538e-09,0.2045205165027417,0.29278688052090124,0.3880803708210065,0.3056834531579077,0.38094040289537784,0.3437248779480951,-0.046025966002364874,-0.028726804387885115,0.06341687549329333,0.00609170276513378,0.1031622952478269,0.17770690416468013
sample_416,False,ok,multi_seed_output\seed_3_mh114\airfoils\sample_416.dat,0.11397191380870725,0.2725450901803607,2.230437806671759e-09,2.356746969453538e-09,0.3097442924560183,0.2853679797490664,0.3079410834469062,0.3053290018916446,0.37305458906591515,0.4439583446286174,-0.041870380686995945,-0.020387535931538234,0.03971750326031502,0.038860818410577494,0.06639872888359862,0.18256535599467122
sample_417,False,ok,multi_seed_output\seed_3_mh114\airfoils\sample_417.dat,0.1436787879707639,0.2725450901803607,2.230437806671759e-09,2.356746969453538e-09,0.28497555662300694,0.3579832562075822,0.3418897376289346,0.29145688204338865,0.4083399527279474,0.359099688169156,-0.0817994544683595,-0.0712110865161838,-0.0314617219355684,0.03525896663060296,0.138526196979462,0.22500500944009008
sample_418,False,ok,multi_seed_output\seed_3_mh114\airfoils\sample_418.dat,0.12385466023917804,0.3226452905811623,2.230437806671759e-09,2.356746969453538e-09,0.24412608228845045,0.3009492898238203,0.36614093218266075,0.3638731882797116,0.37189371674839405,0.40521227501806856,-0.15138254013703895,0.040509479255111266,0.0061528059669686275,0.038980147210912836,0.09870892121837178,0.2566275417560373
sample_419,False,ok,multi_seed_output\seed_3_mh114\airfoils\sample_419.dat,0.12568163346410363,0.2925851703406813,2.230437806671759e-09,2.356746969453538e-09,0.27580598279222535,0.3522518725353873,0.41208927399082484,0.3410116773334181,0.33114152547742576,0.4628943934727042,-0.06529170135555752,0.015887675318674285,0.06270881697438563,0.09168362314539616,0.05734830168450507,0.1967382020523934
sample_420,False,ok,multi_seed_output\seed_3_mh114\airfoils\sample_420.dat,0.1395198338175471,0.3226452905811623,2.230437806671759e-09,2.356746969453538e-09,0.25395857642276776,0.28486517463712774,0.3566740347127234,0.366109113573849,0.3323438564136159,0.41776837218117246,-0.08884214379590599,-0.07429494141837135,-0.039753779012222754,0.014759945397766698,0.09405600034564982,0.233879992082477
sample_421,False,ok,multi_seed_output\seed_3_mh114\airfoils\sample_421.dat,0.14670108030094212,0.2785571142284569,2.230437806671759e-09,2.356746969453538e-09,0.2941156856170412,0.3800143229019358,0.29650060743523066,0.3944884334830513,0.31386657849220007,0.39250728382664263,-0.12122208139225778,-0.04904308826347593,-0.011089939210987616,-0.0324552008362057,0.12123977961150373,0.15478290489773797
sample_422,False,ok,multi_seed_output\seed_3_mh114\airfoils\sample_422.dat,0.1176427094730778,0.3006012024048096,2.230437806671759e-09,2.356746969453538e-09,0.24347480778722677,0.32637029596769956,0.2872705565309319,0.3795924497859624,0.4064869431060245,0.3538062194972746,-0.07116107371298525,-0.02704924203063619,0.05026923736773482,0.0573157837035982,0.03517314720207222,0.21018689201222482
sample_423,False,ok,multi_seed_output\seed_3_mh114\airfoils\sample_423.dat,0.1286443704999247,0.3607214428857715,2.230437806671759e-09,2.356746969453538e-09,0.2151033168252129,0.33153626467730213,0.3193539710906459,0.3986519402235935,0.3051106051652737,0.35710357907278123,-0.07590101951426936,0.025705784107966007,-0.04370205408200992,-0.002340743221571094,0.10652735109686717,0.23054676328151186
sample_424,False,ok,multi_seed_output\seed_3_mh114\airfoils\sample_424.dat,0.15156044661059628,0.31462925851703405,2.230437806671759e-09,2.356746969453538e-09,0.2467742587387235,0.3906744297122573,0.3465043476699454,0.36499408893650687,0.38918609311170405,0.405803470647547,-0.0986182922784929,-0.0474155701389858,-0.05024368219383457,0.013700574759159492,0.04414471801145649,0.23321670407012912
sample_425,False,ok,multi_seed_output\seed_3_mh114\airfoils\sample_425.dat,0.13200798340238887,0.38276553106212424,2.230437806671759e-09,2.356746969453538e-09,0.3165886454451432,0.2723622133006959,0.3755322876138072,0.4078038209646389,0.41274476199683896,0.358415610148019,-0.032801729531479584,-0.019899253170697226,0.019457438021108803,0.013160653637691568,0.03573423821846802,0.2074380930638676
sample_426,False,ok,multi_seed_output\seed_3_mh114\airfoils\sample_426.dat,0.1285786089345621,0.23246492985971942,2.230437806671759e-09,2.356746969453538e-09,0.30214773447486587,0.37410852586984933,0.29765270491532364,0.4040030075837025,0.30705633919861364,0.41716814097772364,-0.15016311938862623,0.029263932975208184,0.06895965195320254,0.015397241325673487,0.034751106371895664,0.16429973158325772
sample_427,False,ok,multi_seed_output\seed_3_mh114\airfoils\sample_427.dat,0.13664372347209422,0.3166332665330661,2.230437806671759e-09,2.356746969453538e-09,0.2640845913931376,0.3279462632779174,0.348257899950168,0.39392263525716714,0.32302241931111486,0.41254740695662384,-0.06981350533127963,-0.0272616327519596,-0.04415011024466011,0.06068316143186259,0.11108191529318615,0.18241807873409496
sample_428,False,ok,multi_seed_output\seed_3_mh114\airfoils\sample_428.dat,0.12714880455049643,0.3366733466933867,2.230437806671759e-09,2.356746969453538e-09,0.23879532918489965,0.31363709273081114,0.35299659251701,0.3115643916253794,0.40671509959072927,0.44962255082839064,-0.09115481425413419,0.0089937173537675,-0.0172485060326553,-0.004071651497479043,0.11529020115929844,0.26354278143385795
sample_429,False,ok,multi_seed_output\seed_3_mh114\airfoils\sample_429.dat,0.13495498790895855,0.23847695390781562,2.230437806671759e-09,2.356746969453538e-09,0.2991584160276647,0.36130393064411126,0.3382816403881595,0.3526765490214019,0.3852473515158436,0.38023839808020654,-0.13136982222114085,-0.019151650113574753,0.03734181554586351,0.09175072518222163,0.07472834667299702,0.18953089553800714
sample_430,False,ok,multi_seed_output\seed_3_mh114\airfoils\sample_430.dat,0.1359529713492176,0.3246492985971944,2.230437806671759e-09,2.356746969453538e-09,0.24067237826965832,0.2877900644447725,0.35982428337317757,0.36747529900725595,0.3283201388656086,0.3742883523380143,-0.09633428434053767,-0.05798475612250413,-0.01803762752299798,-0.011708005620208302,0.14843320501442514,0.20341329789994753
sample_431,False,ok,multi_seed_output\seed_3_mh114\airfoils\sample_431.dat,0.14578766705427576,0.35270541082164325,2.230437806671759e-09,2.356746969453538e-09,0.20729731267034607,0.3232659618928815,0.3995637909835209,0.4009002798884834,0.39139831309655054,0.3876769518917488,-0.07408726377654251,-0.07286911100224114,-0.001033575340692039,0.006687663270462552,0.07777723410265608,0.15138522539732996
sample_432,False,ok,multi_seed_output\seed_3_mh114\airfoils\sample_432.dat,0.13935347818995056,0.3306613226452906,2.230437806671759e-09,2.356746969453538e-09,0.30073732512105866,0.36953665978771527,0.3726062336545688,0.3194653863349978,0.41596456326472836,0.35498014991727983,-0.038392543082595834,-0.0036035538260866667,-0.0005598329606282954,-0.021136938714105873,0.04568571364469554,0.2689010473391039
sample_433,False,ok,multi_seed_output\seed_3_mh114\airfoils\sample_433.dat,0.13066447148157442,0.344689378757515,2.230437806671759e-09,2.356746969453538e-09,0.22280517811207518,0.2662456526256755,0.3149860509245121,0.3289569480214458,0.3528103202810232,0.440557571997633,-0.13182824097448415,-0.035683506185326654,-0.056240091106376414,-0.026535406650752033,0.06788302755478048,0.23559501876697347
sample_434,False,ok,multi_seed_output\seed_3_mh114\airfoils\sample_434.dat,0.13756244974241777,0.3226452905811623,2.230437806671759e-09,2.356746969453538e-09,0.2433114854997356,0.2994841969758677,0.36466939410342847,0.2947225400938265,0.38744558009411056,0.41207893407750396,-0.09097026481583505,-0.05915089525497661,-0.027384226454726466,-0.03254528861049611,0.1150148106173909,0.17718552791200995
sample_435,False,ok,multi_seed_output\seed_3_mh114\airfoils\sample_435.dat,0.14336066362419583,0.3306613226452906,2.230437806671759e-09,2.356746969453538e-09,0.28485689335677944,0.27064771173649604,0.4113222446048339,0.40368834717432567,0.3195244463636417,0.39858156898811153,-0.0379505892713352,-0.08462998997682016,-0.041008658856173,0.06781313863454248,0.12842727825181952,0.18340881953845284
sample_436,False,ok,multi_seed_output\seed_3_mh114\airfoils\sample_436.dat,0.12903663080713082,0.2865731462925851,2.230437806671759e-09,2.356746969453538e-09,0.30834101124441204,0.34843211272669194,0.3721794546491116,0.35863400181739913,0.4038929019755456,0.34419552328922404,-0.07623410653782849,0.00788184783937916,0.0447204598754737,0.07940930970262244,0.024296636779442157,0.2648934465821069
sample_437,False,ok,multi_seed_output\seed_3_mh114\airfoils\sample_437.dat,0.1265532357792925,0.3306613226452906,2.230437806671759e-09,2.356746969453538e-09,0.256488034825231,0.31369228508004965,0.2833795992255209,0.32695525595743363,0.4183052543479832,0.41009118803693567,-0.06889343788697377,-0.01028005170327817,-0.05771483699851354,0.009724336661889488,0.07980614325153094,0.20289680539506377
sample_438,False,ok,multi_seed_output\seed_3_mh114\airfoils\sample_438.dat,0.11768754625808187,0.3226452905811623,2.230437806671759e-09,2.356746969453538e-09,0.1977232840299347,0.28784412188570535,0.2846972004802001,0.3595787962967333,0.3904922917800859,0.3766626256540835,-0.07730371792895256,-0.04429648530776235,-0.02340518620287607,0.08690007077052493,0.07898750869640789,0.16289021379763477
sample_439,False,ok,multi_seed_output\seed_3_mh114\airfoils\sample_439.dat,0.12107647737380388,0.280561122244489,2.230437806671759e-09,2.356746969453538e-09,0.25560436906142653,0.318630735548702,0.2834910392369921,0.3145127758616053,0.30793814392083174,0.4184564818020066,-0.07874893310544086,-0.03154119069820801,0.0021519170828066397,0.025085443004973063,0.04877757529808735,0.20917073032387754
sample_440,False,ok,multi_seed_output\seed_3_mh114\airfoils\sample_440.dat,0.11410373913934757,0.24649298597194386,2.230437806671759e-09,2.356746969453538e-09,0.2261104137689053,0.28473821953351725,0.2868251314753071,0.3567470682419963,0.30497635983534804,0.4298726795552622,-0.14940194072550497,-0.02104332722000289,0.03610714828016029,0.0685340477511674,0.13285725018189792,0.16628273043346536
sample_441,False,ok,multi_seed_output\seed_3_mh114\airfoils\sample_441.dat,0.1506306585400676,0.3286573146292585,2.230437806671759e-09,2.356746969453538e-09,0.2732535586620498,0.33710115657507334,0.4031292136220373,0.32247012994417823,0.3319839037944215,0.3564441229542853,-0.03200354155560198,-0.07666585144650338,-0.045162767051690485,-0.012489645334063909,0.05597054287494204,0.1637072602335174
sample_442,False,ok,multi_seed_output\seed_3_mh114\airfoils\sample_442.dat,0.12552634716661015,0.35270541082164325,2.230437806671759e-09,2.356746969453538e-09,0.2780284524487814,0.2718094796350186,0.3873752727773391,0.364745686424334,0.3400619586665932,0.3870262655551228,-0.12131157675704599,0.021394211646838593,0.030562502636914096,-0.004343404102503844,0.056456408308237026,0.1696103792589036
sample_443,False,ok,multi_seed_output\seed_3_mh114\airfoils\sample_443.dat,0.13377717699558817,0.2665330661322645,2.230437806671759e-09,2.356746969453538e-09,0.26310882108351835,0.30552592750313207,0.32512812732742835,0.37725072825479955,0.31352527217828263,0.43382276795785635,-0.12253904753093103,-0.07551284569897997,0.005793781124895037,0.07140110911397468,0.12209608921902858,0.24691179279727132
sample_444,False,ok,multi_seed_output\seed_3_mh114\airfoils\sample_444.dat,0.14106641441879075,0.2945891783567134,2.230437806671759e-09,2.356746969453538e-09,0.30357974729690407,0.38965449904620575,0.3268260841535875,0.3738678167607384,0.3581670512004887,0.37477222521553377,-0.11616370968547321,0.04081200014419138,-0.048788739286744834,0.0033237332461480834,0.12762046115709147,0.2745129445955836
sample_445,False,ok,multi_seed_output\seed_3_mh114\airfoils\sample_445.dat,0.1435567337354055,0.30260521042084165,2.230437806671759e-09,2.356746969453538e-09,0.21575194341453433,0.33943759083750297,0.39543497474402844,0.33942523321344253,0.37851982763209263,0.430106582809468,-0.13509985505925967,-0.04279831887246373,-0.037483054500032406,0.060565379710100675,0.1378274411693408,0.24995543327874964
sample_446,False,ok,multi_seed_output\seed_3_mh114\airfoils\sample_446.dat,0.13420808688442698,0.30861723446893785,2.230437806671759e-09,2.356746969453538e-09,0.23162044408347265,0.34353705131062695,0.3567727229695438,0.36335911195510145,0.3660353758988667,0.40723450499480907,-0.06536487368005775,-0.051115990496831666,-0.004547217822756411,0.08738542601383617,0.03598684625281751,0.2297208442108374
sample_447,False,ok,multi_seed_output\seed_3_mh114\airfoils\sample_447.dat,0.12643904209744827,0.2745490981963928,2.230437806671759e-09,2.356746969453538e-09,0.2800395444583027,0.38681763892298315,0.3242696366027722,0.37745580258059297,0.30230959125460244,0.4198577430785846,-0.06585370180134549,0.009024579921968937,0.04615465186430792,0.0667697239753629,0.04064700219009362,0.2674947684615768
sample_448,False,ok,multi_seed_output\seed_3_mh114\airfoils\sample_448.dat,0.13468265918079103,0.2945891783567134,2.230437806671759e-09,2.356746969453538e-09,0.3083598935001776,0.30463156191745927,0.3829842671862783,0.3323149705867992,0.34995610032846275,0.4539264940290287,-0.1053547741247567,0.0071891578035205295,-0.045658768003898224,0.06828465125169655,0.10898297324745918,0.24290036282951516
sample_449,False,ok,multi_seed_output\seed_3_mh114\airfoils\sample_449.dat,0.13320273801540475,0.280561122244489,2.230437806671759e-09,2.356746969453538e-09,0.3242743956018693,0.2709381838618405,0.4060559263079624,0.37226440588329623,0.3576355563857426,0.37234013990501474,-0.1000367406918893,-0.060947475210177474,0.06594989216483209,0.05448889804062791,0.0596318717336799,0.14968958528993875
sample_450,False,ok,multi_seed_output\seed_3_mh114\airfoils\sample_450.dat,0.11484761047886892,0.2865731462925851,2.230437806671759e-09,2.356746969453538e-09,0.2601237373278102,0.2848734382958552,0.3474393181910894,0.30513599045195,0.377763087744904,0.3414203327809955,-0.04609976855416993,-0.04406677575260101,0.054156795387467635,0.08581486014780762,0.03834637909936103,0.2763225788207163
sample_451,False,ok,multi_seed_output\seed_3_mh114\airfoils\sample_451.dat,0.12659502460502173,0.25851703406813625,2.230437806671759e-09,2.356746969453538e-09,0.2724974592234573,0.34135661633984216,0.2955413829098357,0.3264768891545062,0.3572599747403437,0.3852506440556388,-0.08526624833970857,-0.04664526268185756,0.020797553843326183,0.07927218391171266,0.026249462087516405,0.21455231034775823
sample_452,False,ok,multi_seed_output\seed_3_mh114\airfoils\sample_452.dat,0.13418536458739694,0.25851703406813625,2.230437806671759e-09,2.356746969453538e-09,0.31776784605775676,0.28814436390830334,0.3388449808616124,0.33502898196290687,0.4005518358023862,0.4073306594178582,-0.13222165015502327,-0.05142839518309668,0.023730502125393932,0.012567336440049155,0.05714458649595264,0.2105455900815807
sample_453,False,ok,multi_seed_output\seed_3_mh114\airfoils\sample_453.dat,0.1261798071514758,0.3006012024048096,2.230437806671759e-09,2.356746969453538e-09,0.22012906909523086,0.3433114016431288,0.34315895803392055,0.36359874877221865,0.3825341338519294,0.43656843437978693,-0.06576647830163303,-0.05195615246394059,0.05135348819352692,0.05668608627013848,0.12258258000332106,0.16859149107775895
sample_454,False,ok,multi_seed_output\seed_3_mh114\airfoils\sample_454.dat,0.11639884143618315,0.2064128256513026,2.230437806671759e-09,2.356746969453538e-09,0.311831284496768,0.3076430243809108,0.30667287214395467,0.3037694418961335,0.3260100189338344,0.3905301584979504,-0.12612646568151795,0.028964874271806218,0.04283393835355516,0.07342630693016548,0.05991434875384244,0.2263756077265488
sample_455,False,ok,multi_seed_output\seed_3_mh114\airfoils\sample_455.dat,0.12551362477567254,0.23847695390781562,2.230437806671759e-09,2.356746969453538e-09,0.287416642125464,0.31178210206043894,0.29592084060148177,0.34775980247535465,0.36694976265389045,0.4500387265542915,-0.11625625503114775,-0.05057706787188701,0.0520017363401538,0.04782710490850543,0.05814935834315026,0.2331606116823003
sample_456,False,ok,multi_seed_output\seed_3_mh114\airfoils\sample_456.dat,0.12723150918802273,0.38276553106212424,2.230437806671759e-09,2.356746969453538e-09,0.26781715601867034,0.3325244605064599,0.3739121420912542,0.382412127423319,0.4125964289706186,0.4580436744320172,-0.03330451108219984,0.020609979324429206,0.05769225800432956,-0.01998528717789909,0.07284450213884014,0.19762733063802843
sample_457,False,ok,multi_seed_output\seed_3_mh114\airfoils\sample_457.dat,0.13384395355387085,0.31462925851703405,2.230437806671759e-09,2.356746969453538e-09,0.20556802833213203,0.3329493840659477,0.4052354967332646,0.35395180394201536,0.29428304813864165,0.3983614387912981,-0.12454517985536662,-0.02461766805930468,0.03485493738732569,0.02890305978161574,0.05900229316301296,0.192054384353943
sample_458,False,ok,multi_seed_output\seed_3_mh114\airfoils\sample_458.dat,0.12080229975122307,0.3166332665330661,2.230437806671759e-09,2.356746969453538e-09,0.23347995077921813,0.33852163024221266,0.33779170210549564,0.32630384704041926,0.3305788307451143,0.3581225443801358,-0.042709271148991645,0.014671419459058352,-0.02253670138771633,0.07047505736229495,0.11581142107494471,0.16823107378935814
sample_459,False,ok,multi_seed_output\seed_3_mh114\airfoils\sample_459.dat,0.10990393865840825,0.3166332665330661,2.230437806671759e-09,2.356746969453538e-09,0.24239964191881663,0.2716675115677319,0.3752193085005955,0.34050749778713185,0.30277970873583554,0.34982326275712916,-0.07891861358219876,0.02620130918550133,0.03798802640764533,0.0958650020615619,0.050091388942215126,0.2420581157395179
sample_460,False,ok,multi_seed_output\seed_3_mh114\airfoils\sample_460.dat,0.14401692343538874,0.2725450901803607,2.230437806671759e-09,2.356746969453538e-09,0.2574084328818209,0.38820945846459287,0.3701859151916251,0.3498430329787531,0.38508731243110383,0.45895217136534616,-0.11098505877477496,-0.04472279627955784,0.00208192723936948,0.09345304931411635,0.09490004114457273,0.1884833678424653
sample_461,False,ok,multi_seed_output\seed_3_mh114\airfoils\sample_461.dat,0.1229284516544068,0.30861723446893785,2.230437806671759e-09,2.356746969453538e-09,0.20795143197655816,0.2833724257739041,0.39295079757691825,0.33735121730503603,0.30216346578476677,0.4574278664602787,-0.08387539486367242,-0.053061608761142055,0.04318112178036458,0.06367283844510796,0.10848958638373515,0.2050998604787201
sample_462,False,ok,multi_seed_output\seed_3_mh114\airfoils\sample_462.dat,0.14183341259841603,0.3166332665330661,2.230437806671759e-09,2.356746969453538e-09,0.22510491943808666,0.3734106688464971,0.4009752479323534,0.39402440155966645,0.31819539734446756,0.4550279422895457,-0.13718085867582205,0.027208808917240687,-0.031612839703827805,0.06794211917805858,0.08498079415241055,0.27194079398226056
sample_463,False,ok,multi_seed_output\seed_3_mh114\airfoils\sample_463.dat,0.11177964749832135,0.3226452905811623,2.230437806671759e-09,2.356746969453538e-09,0.24399549441307564,0.28709558324979934,0.35875714433928807,0.32062904460304337,0.35378306664624865,0.3495677723885672,-0.07676712617782622,0.031449989843074094,0.033526831043391006,0.03616782525411495,0.12007527732797264,0.250596604235803
sample_464,False,ok,multi_seed_output\seed_3_mh114\airfoils\sample_464.dat,0.12335974846241936,0.3306613226452906,2.230437806671759e-09,2.356746969453538e-09,0.22174364458529872,0.3078052042354772,0.3067832493464483,0.3697233190078272,0.3849606619205179,0.41734898770651246,-0.15119761547509733,0.014280427474436141,0.005396346333839577,-0.016704996640340433,0.11002192834822289,0.2680792502531126
sample_465,False,ok,multi_seed_output\seed_3_mh114\airfoils\sample_465.dat,0.15362708564649913,0.25851703406813625,2.230437806671759e-09,2.356746969453538e-09,0.3234997278596764,0.38142452008404176,0.35423518472437127,0.3855946308146109,0.35258443962107106,0.45431241810371853,-0.14922376408038637,-0.03858220730859337,-0.007347942344802134,0.018184436350095805,0.12239893178978609,0.2626542659222174
sample_466,False,ok,multi_seed_output\seed_3_mh114\airfoils\sample_466.dat,0.110437636420669,0.3306613226452906,2.230437806671759e-09,2.356746969453538e-09,0.22621603567593426,0.30936072517719504,0.34555323813736916,0.3012941194538172,0.3062857647034546,0.4548248034342504,-0.056684795373997204,0.023370032925694326,0.058561425164484926,-0.00867676816613136,0.09097567506192493,0.17581088636846137
sample_467,False,ok,multi_seed_output\seed_3_mh114\airfoils\sample_467.dat,0.13732737863557146,0.30861723446893785,2.230437806671759e-09,2.356746969453538e-09,0.2369725501946213,0.387133236299952,0.3473519614798,0.3015613435373464,0.40983522385569615,0.4044313318824838,-0.1002786320535872,0.005241066975800679,-0.024208892563373746,0.013037254011860233,0.040668227060035395,0.21055388216970047
sample_468,False,ok,multi_seed_output\seed_3_mh114\airfoils\sample_468.dat,0.12164060967120904,0.344689378757515,2.230437806671759e-09,2.356746969453538e-09,0.20941571817349364,0.3241658192516506,0.3077896927469983,0.3777444334876577,0.3212173533423738,0.4368190706462477,-0.12181292901588864,0.02818728982235938,-0.004167679804305241,0.0070066059026789515,0.07908497406002787,0.15410645831048442
sample_469,False,ok,multi_seed_output\seed_3_mh114\airfoils\sample_469.dat,0.13271609447503824,0.25250501002004005,2.230437806671759e-09,2.356746969453538e-09,0.31602504413642796,0.3486682991805618,0.31129552966100194,0.3655702985459566,0.4132561610654488,0.3704668342344406,-0.1478644541486227,0.03954897121328367,-0.03759705017503732,0.08050375342050196,0.1160823046745429,0.20961282796967773
sample_470,False,ok,multi_seed_output\seed_3_mh114\airfoils\sample_470.dat,0.1304658887594457,0.34669338677354705,2.230437806671759e-09,2.356746969453538e-09,0.19671810543957954,0.28068107033353024,0.287824837228199,0.38826734231745247,0.41022474956199567,0.4640010232010965,-0.11315199035431096,-0.06116238679125051,-0.05633890528620699,0.04747476519120332,0.046461822238793485,0.22046401697455545
sample_471,False,ok,multi_seed_output\seed_3_mh114\airfoils\sample_471.dat,0.1145560746906727,0.2925851703406813,2.230437806671759e-09,2.356746969453538e-09,0.3068426244555025,0.2663383165423804,0.28996007179982897,0.32559037402978175,0.39183391128294237,0.41042746685890363,-0.07245914678225265,0.003801857148053811,-0.021947148044196715,0.06771391729891824,0.06025609860877366,0.1507942265015954
sample_472,False,ok,multi_seed_output\seed_3_mh114\airfoils\sample_472.dat,0.12869912789154744,0.23246492985971942,2.230437806671759e-09,2.356746969453538e-09,0.2820386829481314,0.2907294876351178,0.3278763233803927,0.3185853361509294,0.38816885096033216,0.363577900726391,-0.1607337274889677,-0.03984914940108269,0.025894244993083723,0.057935085987888296,0.09703353314345566,0.15134151388101186
sample_473,False,ok,multi_seed_output\seed_3_mh114\airfoils\sample_473.dat,0.11257812333074409,0.30861723446893785,2.230437806671759e-09,2.356746969453538e-09,0.28224502236587856,0.269813730513023,0.3258857286268946,0.32173229222130173,0.36522425845176654,0.3744083898588424,-0.07428216128310562,0.010146933123640664,0.02251917165525831,0.03977549484798813,0.05985461447651642,0.17987445604445246
sample_474,False,ok,multi_seed_output\seed_3_mh114\airfoils\sample_474.dat,0.1365272100274611,0.2725450901803607,2.230437806671759e-09,2.356746969453538e-09,0.3197755906709339,0.38517728879687024,0.3826092968999471,0.35063751821954847,0.29916602276536325,0.36040819314772127,-0.08906386494897466,0.0386849492307275,-0.004872598233776337,0.08107510388891245,0.09143993896653882,0.271022527216868
sample_475,False,ok,multi_seed_output\seed_3_mh114\airfoils\sample_475.dat,0.13614495500551171,0.30861723446893785,2.230437806671759e-09,2.356746969453538e-09,0.23504987474318842,0.3802967439716235,0.3509073920610322,0.32639377352537685,0.4209615635216357,0.4040463686209496,-0.05713379958430763,-0.02472966175265784,-0.01750021952571143,0.06271169461733882,0.041625303953180134,0.1928614625741733
sample_476,False,ok,multi_seed_output\seed_3_mh114\airfoils\sample_476.dat,0.12680363362914862,0.3226452905811623,2.230437806671759e-09,2.356746969453538e-09,0.2277651648838952,0.280872295634405,0.3761691963552186,0.28655717712104206,0.4157613995769298,0.37323126026544684,-0.10871384624676828,-0.0012038395547166042,-0.05354780970710719,0.06559635947034999,0.08045906180294361,0.2493250753889054
sample_477,False,ok,multi_seed_output\seed_3_mh114\airfoils\sample_477.dat,0.13339548960775555,0.30861723446893785,2.230437806671759e-09,2.356746969453538e-09,0.2091180228630934,0.38984792994594364,0.31879232187567974,0.3117390700377547,0.4131362718769927,0.46626080218252886,-0.10621736759291261,0.014893538213982677,-0.05282897588426553,0.04709750966023611,0.08173338310116263,0.20370908714395836
sample_478,False,ok,multi_seed_output\seed_3_mh114\airfoils\sample_478.dat,0.15455033921862538,0.3166332665330661,2.230437806671759e-09,2.356746969453538e-09,0.25515384435594574,0.3861043185856915,0.39778496977526195,0.39986830270889334,0.3494293326876678,0.40288129838870357,-0.0920193891292031,-0.056241254614800784,-0.004461820297589188,0.010192128783976746,0.049485813532819584,0.18273025218334618
sample_479,False,ok,multi_seed_output\seed_3_mh114\airfoils\sample_479.dat,0.1405481670668138,0.3006012024048096,2.230437806671759e-09,2.356746969453538e-09,0.24113011235276596,0.3570894910258583,0.31915546235315184,0.3759432572743212,0.38281218333128963,0.40891835824037054,-0.1033304500920854,-0.07366216828709629,0.016944912386289618,-0.019722775063405383,0.11829678614791461,0.2351634397966894
sample_480,False,ok,multi_seed_output\seed_3_mh114\airfoils\sample_480.dat,0.14620216210165574,0.3006012024048096,2.230437806671759e-09,2.356746969453538e-09,0.23754593363198728,0.3703235449091592,0.3928114916554121,0.33434311035757247,0.34961537486315103,0.45882860432455097,-0.115922956961546,-0.026923922282018495,-0.040555197706513314,0.048707008889136344,0.1178585522171487,0.16356817727093553
sample_481,False,ok,multi_seed_output\seed_3_mh114\airfoils\sample_481.dat,0.13095070688829388,0.2945891783567134,2.230437806671759e-09,2.356746969453538e-09,0.25287628165613435,0.38168177667403647,0.310850144953216,0.3303088311203744,0.2962538140366944,0.41197136907762544,-0.1180265734884672,0.04024215347320474,-0.03485328415311062,-0.005654923315626888,0.13375654414294957,0.25380354470772204
sample_482,False,ok,multi_seed_output\seed_3_mh114\airfoils\sample_482.dat,0.12680506761839028,0.2605210420841683,2.230437806671759e-09,2.356746969453538e-09,0.23275550725905875,0.3597883788187411,0.3175686490699969,0.28800633436076495,0.34476653497113524,0.3532862760504603,-0.13088491855401163,-0.0063386938974593215,0.00989757205824153,0.04502357682218282,0.06133235832634462,0.19053772615050327
sample_483,False,ok,multi_seed_output\seed_3_mh114\airfoils\sample_483.dat,0.1278940505677802,0.3246492985971944,2.230437806671759e-09,2.356746969453538e-09,0.22027544073151017,0.3504967983290404,0.372978481362523,0.31073231812240104,0.34103085941071576,0.4596337254527536,-0.09085324398525785,0.024289039004400742,-0.0033742947940789414,0.02585985771629929,0.05021242505944059,0.19289857768479224
sample_484,False,ok,multi_seed_output\seed_3_mh114\airfoils\sample_484.dat,0.12599507781898572,0.3667334669338677,2.230437806671759e-09,2.356746969453538e-09,0.19858487074285675,0.2863487580411395,0.3260241831058513,0.3679685898142204,0.35571200574078804,0.4289413999162638,-0.0890280687144565,-0.01600001053173966,-0.024726908282698766,-0.0042665776962451454,0.08783153538356299,0.22841415451296604
sample_485,False,ok,multi_seed_output\seed_3_mh114\airfoils\sample_485.dat,0.12462357085715735,0.25250501002004005,2.230437806671759e-09,2.356746969453538e-09,0.2230644621848693,0.3715552915448993,0.3284634883643643,0.3223231157950585,0.3585490322950553,0.3576050876107212,-0.15201422587781088,0.010673437510132958,0.05450449615767901,0.04205892173904549,0.11290892803540384,0.24725724686133355
sample_486,False,ok,multi_seed_output\seed_3_mh114\airfoils\sample_486.dat,0.12632504311642517,0.3306613226452906,2.230437806671759e-09,2.356746969453538e-09,0.19943623576080513,0.3785674423350636,0.3174388680269733,0.3494411769436754,0.40468280768348064,0.42976012523903584,-0.08234836095374538,0.038367391858750474,-0.0471750158737536,0.07996779511157469,0.07206117690739505,0.18755359215996156
sample_487,False,ok,multi_seed_output\seed_3_mh114\airfoils\sample_487.dat,0.12749280855240092,0.34669338677354705,2.230437806671759e-09,2.356746969453538e-09,0.31646770155462656,0.2637507624915075,0.38254039373183735,0.30550790176321396,0.3843588005597596,0.46456942794603673,-0.0712365361442608,0.034038368679021144,-0.05608882180388389,0.03268757554325091,0.04626919455204304,0.2095436093360165
sample_488,False,ok,multi_seed_output\seed_3_mh114\airfoils\sample_488.dat,0.11735080351390063,0.30260521042084165,2.230437806671759e-09,2.356746969453538e-09,0.24824981947512237,0.2784636569302858,0.3064130977921027,0.33479056816826164,0.3268792040270035,0.3865457918397391,-0.1284817328447657,0.015260721415475242,-0.0255515361144234,0.05444797752359033,0.043342235313878014,0.238641650359809
sample_489,False,ok,multi_seed_output\seed_3_mh114\airfoils\sample_489.dat,0.14211047032520988,0.2865731462925851,2.230437806671759e-09,2.356746969453538e-09,0.24581282806840132,0.35155619845611197,0.3522932952803404,0.29752104342304103,0.3766690711721713,0.4258711966227344,-0.1075648325391945,-0.07676808417708625,0.007325522050905212,-0.01948569648693551,0.1078410488585772,0.17226410409273568
sample_490,False,ok,multi_seed_output\seed_3_mh114\airfoils\sample_490.dat,0.11869815750441591,0.2945891783567134,2.230437806671759e-09,2.356746969453538e-09,0.2182920975716932,0.3754171415638997,0.30808613154097136,0.2876378398005532,0.390230862309238,0.3817470904481284,-0.061243198345430516,0.014600824876271665,0.010537877587796327,0.04890779883416416,0.08427757527165677,0.17048176347983574
sample_491,False,ok,multi_seed_output\seed_3_mh114\airfoils\sample_491.dat,0.11825008892760973,0.2865731462925851,2.230437806671759e-09,2.356746969453538e-09,0.2504295483010192,0.29429468418251997,0.36414662973833173,0.3333397386666068,0.29971852984394454,0.3419768784386106,-0.1321447608638739,0.036641869062965626,-0.0010091884042602792,0.087655733019074,0.10306223037036194,0.22375511337851176
sample_492,False,ok,multi_seed_output\seed_3_mh114\airfoils\sample_492.dat,0.11375935926738552,0.38476953907815625,2.230437806671759e-09,2.356746969453538e-09,0.2302183458914669,0.2749139503424034,0.35996562680960154,0.4096222359605128,0.3435177741468807,0.3773543203256265,-0.04281470679545095,0.015070268873324716,0.06407830309039744,0.03228071980783871,0.07947399951783748,0.22997697311375426
sample_493,False,ok,multi_seed_output\seed_3_mh114\airfoils\sample_493.dat,0.13882143039696204,0.280561122244489,2.230437806671759e-09,2.356746969453538e-09,0.24963626117561233,0.3737110003753023,0.3363396103998049,0.33362888337341595,0.39810255278829854,0.36172893544882684,-0.10819881313032806,-0.0640601823781965,0.05275133674175385,-0.0201738689132208,0.0883030994537112,0.16776792043347963
sample_494,False,ok,multi_seed_output\seed_3_mh114\airfoils\sample_494.dat,0.11827776574887076,0.3366733466933867,2.230437806671759e-09,2.356746969453538e-09,0.21736739571619115,0.274053365174501,0.31291938479038334,0.3776842042948423,0.345394181377748,0.45360637876452226,-0.1155469058504555,-0.01571730298152306,0.01730185488754349,0.011208414340209867,0.1126949770206033,0.25138195431348176
sample_495,False,ok,multi_seed_output\seed_3_mh114\airfoils\sample_495.dat,0.1254354783125631,0.3306613226452906,2.230437806671759e-09,2.356746969453538e-09,0.2947538374204014,0.2619834061899305,0.4099753345152663,0.34978144831620994,0.3670743955780392,0.4075655786643382,-0.12313203102364212,0.030367669437333614,0.021489734079920567,0.006508960184330184,0.13272917240740986,0.2694069956348425
sample_496,False,ok,multi_seed_output\seed_3_mh114\airfoils\sample_496.dat,0.13737958086491664,0.3226452905811623,2.230437806671759e-09,2.356746969453538e-09,0.28038317907632354,0.32450921274979816,0.38907521112802657,0.36125885917999445,0.37125798267387056,0.3956042911500543,-0.11574712329591778,-0.012715610423021398,0.02979859216660212,-0.013013423837226205,0.05917591562808195,0.19499328704248325
sample_497,False,ok,multi_seed_output\seed_3_mh114\airfoils\sample_497.dat,0.13179237073187383,0.2745490981963928,2.230437806671759e-09,2.356746969453538e-09,0.3194035267187989,0.3466567704063619,0.3686840613044968,0.33666069695399137,0.30820722196950345,0.4559406631677906,-0.0795734097085432,0.008288798649436602,0.016655933310852702,0.04102293541637092,0.10890953647425416,0.26451254976203664
sample_498,False,ok,multi_seed_output\seed_3_mh114\airfoils\sample_498.dat,0.13073487476747458,0.3386773547094188,2.230437806671759e-09,2.356746969453538e-09,0.2581963701451547,0.30659986409513074,0.40748103860217894,0.3676314278430739,0.31877407164283933,0.39659792234124625,-0.04054892638759945,-0.022455156340094748,0.024930779048601776,0.04034348491265102,0.04256867901613559,0.21798029598234406
sample_499,False,ok,multi_seed_output\seed_3_mh114\airfoils\sample_499.dat,0.12588440926690914,0.2945891783567134,2.230437806671759e-09,2.356746969453538e-09,0.2816777229755299,0.3764441582375887,0.35752745732183094,0.3283385432580758,0.3967844712076043,0.3595271211125378,-0.04128055222051075,0.015739732969619016,0.0445927027812654,0.025404683770848126,0.14872895557351795,0.18928002326318338
sample_500,False,ok,multi_seed_output\seed_3_mh114\airfoils\sample_500.dat,0.14035005360287997,0.2605210420841683,2.230437806671759e-09,2.356746969453538e-09,0.32222088035286894,0.3640388379812321,0.31645196763225425,0.31403664420691546,0.3365977202871877,0.3651284991728342,-0.03753174812906038,-0.07457037757631428,-0.029673141070843907,0.0787523730059276,0.13184468440824665,0.16090181810245752
sample_501,False,ok,multi_seed_output\seed_3_mh114\airfoils\sample_501.dat,0.12995671279530285,0.3006012024048096,2.230437806671759e-09,2.356746969453538e-09,0.30909040872021504,0.36077708637058364,0.3512520192397961,0.39130269870036516,0.3463825967752255,0.3980973032153042,-0.07237897722212105,0.012574873988307367,0.059489338579084186,0.004388792853545986,0.07465345235108378,0.20086517049142066
sample_502,False,ok,multi_seed_output\seed_3_mh114\airfoils\sample_502.dat,0.13779499937963485,0.30861723446893785,2.230437806671759e-09,2.356746969453538e-09,0.2144023380836878,0.3722597918626563,0.37278423918042136,0.3022178380473259,0.3139609907776475,0.4507625024402097,-0.08460664513718569,-0.04853332685358853,0.025499006384677184,-0.010520997580834194,0.02400780472013692,0.1618499914016057
sample_503,False,ok,multi_seed_output\seed_3_mh114\airfoils\sample_503.dat,0.12650940406872324,0.2865731462925851,2.230437806671759e-09,2.356746969453538e-09,0.21008386812133165,0.3335852266218252,0.3467815348499634,0.3460661339070544,0.358874483061266,0.385385456117943,-0.14948745873980737,0.00220938140123976,-0.0030269340253183397,0.09442129872635541,0.07220650380384178,0.15873014094460017
sample_504,False,ok,multi_seed_output\seed_3_mh114\airfoils\sample_504.dat,0.13855322840730444,0.3166332665330661,2.230437806671759e-09,2.356746969453538e-09,0.27464414738580295,0.36630939193034284,0.35552893880047554,0.31995268076375283,0.35267525881885187,0.4023000358094998,-0.10116304679287219,0.007622522278223617,-0.009995302214981953,-0.02971722872224953,0.02745195314714242,0.23740445788769765
sample_505,False,ok,multi_seed_output\seed_3_mh114\airfoils\sample_505.dat,0.1402848517142632,0.2444889779559118,2.230437806671759e-09,2.356746969453538e-09,0.3000934826487551,0.3680238692213314,0.2934572541100151,0.38866901952083033,0.32282762747461474,0.4113810000946341,-0.13775790908546223,-0.043167746117061916,0.013872223030633624,0.04922031183930184,0.06572261562768497,0.2609092613910816
sample_506,False,ok,multi_seed_output\seed_3_mh114\airfoils\sample_506.dat,0.11277667032509528,0.3306613226452906,2.230437806671759e-09,2.356746969453538e-09,0.27874150686217547,0.263859114981134,0.36784128966207325,0.3133681329427096,0.3818057371858913,0.4158317855178604,-0.045671027202492595,0.0038759631101998593,0.04393215490130287,0.03183792628372452,0.12083304757230227,0.18584175459914537
sample_507,False,ok,multi_seed_output\seed_3_mh114\airfoils\sample_507.dat,0.126793709942055,0.3306613226452906,2.230437806671759e-09,2.356746969453538e-09,0.26250210333147184,0.2819915283554407,0.33129773852189454,0.38919088874395336,0.309500306745924,0.41422951768233196,-0.14036146361519794,0.019768033047446606,-0.039519446509823974,0.053166888567270976,0.027263023952774048,0.1645188995067192
sample_508,False,ok,multi_seed_output\seed_3_mh114\airfoils\sample_508.dat,0.14325475763173906,0.2865731462925851,2.230437806671759e-09,2.356746969453538e-09,0.2032149173125188,0.3776180213869513,0.30003874143903925,0.35706199179959996,0.39367766554080547,0.4116839868760349,-0.14980792888232924,-0.07584786156518496,0.0019571082840610515,-0.029389517185668932,0.14440171158856185,0.2291469902841104
sample_509,False,ok,multi_seed_output\seed_3_mh114\airfoils\sample_509.dat,0.1476019674642198,0.23246492985971942,2.230437806671759e-09,2.356746969453538e-09,0.30002424327865795,0.3900341341519928,0.3463060242130941,0.3029908236240266,0.33394663179312356,0.371863381276991,-0.1276887214614667,-0.08613681390810535,0.06385328313877368,0.019112635954807104,0.08962774457543596,0.24563491614477712
sample_510,False,ok,multi_seed_output\seed_3_mh114\airfoils\sample_510.dat,0.13609634849197855,0.25851703406813625,2.230437806671759e-09,2.356746969453538e-09,0.2632513481432612,0.3109020262022757,0.3403739949932831,0.2861564257217975,0.35945191158354856,0.3977113434083842,-0.14775784896109576,-0.08370386471954486,0.04860366986225584,-0.027528336681451417,0.04899118517860765,0.16287941510635426
sample_511,False,ok,multi_seed_output\seed_3_mh114\airfoils\sample_511.dat,0.12275408244868959,0.30861723446893785,2.230437806671759e-09,2.356746969453538e-09,0.19983836846393555,0.267155807414502,0.29967514975463516,0.31822664149320284,0.32350213271996947,0.4664063082912777,-0.10397674319756284,-0.07029156962778832,-0.037295831838715404,0.05627964438537374,0.030407741966192548,0.26621721478719995
sample_512,False,ok,multi_seed_output\seed_3_mh114\airfoils\sample_512.dat,0.12232624204648525,0.2064128256513026,2.230437806671759e-09,2.356746969453538e-09,0.304387039979982,0.3275712212420189,0.33740615081862113,0.28504152373149033,0.40489161615213587,0.39483067605119576,-0.1407180538420986,0.017203663695890534,0.0598874444426295,0.08920950563177348,0.10712434875128751,0.25867730306431647
sample_513,False,ok,multi_seed_output\seed_3_mh114\airfoils\sample_513.dat,0.12590251510649583,0.3386773547094188,2.230437806671759e-09,2.356746969453538e-09,0.2636635028775885,0.269731039945717,0.35730099493608597,0.3730879715043527,0.30756828310725026,0.4349103100279087,-0.10133858626746071,0.018219750033997617,-0.0567805484955106,0.08304522421568614,0.029096040165191413,0.26817104194123964
sample_514,False,ok,multi_seed_output\seed_3_mh114\airfoils\sample_514.dat,0.14676350428285803,0.2665330661322645,2.230437806671759e-09,2.356746969453538e-09,0.288724105696211,0.3862636485111448,0.3594476722869111,0.30682219262404026,0.38905480396957903,0.3751251610254556,-0.12140507369986701,-0.05508721320641012,0.03763991442647757,-0.03234011924695692,0.10084044320473229,0.218999566848895
sample_515,False,ok,multi_seed_output\seed_3_mh114\airfoils\sample_515.dat,0.11969395274669699,0.30260521042084165,2.230437806671759e-09,2.356746969453538e-09,0.21619325626369026,0.3492001799798065,0.34783632925522545,0.3601661101986896,0.3536338887131487,0.367250084593263,-0.11283239200034799,0.04003637927450397,0.02127593021144275,0.07194529104571998,0.13812712810548994,0.16552878217234138
sample_516,False,ok,multi_seed_output\seed_3_mh114\airfoils\sample_516.dat,0.1334480166424181,0.344689378757515,2.230437806671759e-09,2.356746969453538e-09,0.25513336828342303,0.33812164330817124,0.30616436125431484,0.40971900665671673,0.3603240166907773,0.3553507581266152,-0.039277864602332443,-0.04093385331049365,-0.003503464809834038,-0.012316528551552349,0.09171987671715405,0.22544099163879366
sample_517,False,ok,multi_seed_output\seed_3_mh114\airfoils\sample_517.dat,0.11888589204646867,0.2665330661322645,2.230437806671759e-09,2.356746969453538e-09,0.208666330669289,0.2932319367060199,0.3226975216905428,0.33529357103500257,0.3404262341805233,0.43886096584672274,-0.1421287070803182,-0.03701021324536388,0.031173337925930064,0.08727323229989431,0.08273089620063216,0.1601766641937237
sample_518,False,ok,multi_seed_output\seed_3_mh114\airfoils\sample_518.dat,0.10943228898949194,0.3386773547094188,2.230437806671759e-09,2.356746969453538e-09,0.21430379580318054,0.32640868332848977,0.2911203811465883,0.30601113062434937,0.3860784925571036,0.43013386338444587,-0.03739831335815691,0.03849723488410871,-0.012842588014686317,0.04081120075440782,0.09549785955116179,0.2697259832680791
sample_519,False,ok,multi_seed_output\seed_3_mh114\airfoils\sample_519.dat,0.12310667025677043,0.3306613226452906,2.230437806671759e-09,2.356746969453538e-09,0.266096989712941,0.2650471005294504,0.40857107151788485,0.31475177142335053,0.3623826764000714,0.3621551362346144,-0.0731511491417922,-0.025323747671325156,0.05067300606540595,0.023693256300333164,0.04469057796912082,0.18148577932106333
sample_520,False,ok,multi_seed_output\seed_3_mh114\airfoils\sample_520.dat,0.11874762012497106,0.2725450901803607,2.230437806671759e-09,2.356746969453538e-09,0.26983068866103294,0.302423129118528,0.32158266006613584,0.29117379478013183,0.3842769432591606,0.3508009645534823,-0.06628602536531865,-0.03901094099145896,0.04808071951820904,0.002931799707771729,0.1513466838349321,0.2521837386134633
sample_521,False,ok,multi_seed_output\seed_3_mh114\airfoils\sample_521.dat,0.1448204155925546,0.30260521042084165,2.230437806671759e-09,2.356746969453538e-09,0.2799544103749819,0.34196535758295293,0.4014781230801332,0.313074309559546,0.3176000698528517,0.45541928640112184,-0.1143501002575956,-0.017941271763355873,-0.02828955797151199,-0.0002497281989813499,0.06754044421767137,0.20610837550934347
sample_522,False,ok,multi_seed_output\seed_3_mh114\airfoils\sample_522.dat,0.12892134400290126,0.30861723446893785,2.230437806671759e-09,2.356746969453538e-09,0.2515460026713028,0.38250977923043306,0.35694224693758253,0.3294432084894633,0.3438181363838819,0.4223975902820444,-0.10356396823155406,0.02857430496312316,0.050727158302950895,-0.010542241211263185,0.02254128475398033,0.23206506738957822
sample_523,False,ok,multi_seed_output\seed_3_mh114\airfoils\sample_523.dat,0.12330101257274965,0.3166332665330661,2.230437806671759e-09,2.356746969453538e-09,0.20266393187984943,0.3884480624394208,0.3354348797020788,0.3544134959339687,0.3457779774855835,0.3423247550265021,-0.04688215888826702,-0.006523611823576386,0.061325728705819677,0.020840849558486557,0.0718562578842168,0.17087643170281763
sample_524,False,ok,multi_seed_output\seed_3_mh114\airfoils\sample_524.dat,0.11739922484939351,0.2925851703406813,2.230437806671759e-09,2.356746969453538e-09,0.2040716690255973,0.35882383124562917,0.28952968768278337,0.3167777804977652,0.3970211678214431,0.4034039245886447,-0.10762927217282767,0.017754724691530333,0.007224503061868615,0.06750782386983666,0.03740892065380817,0.16192884315554096
sample_525,False,ok,multi_seed_output\seed_3_mh114\airfoils\sample_525.dat,0.1274208759960499,0.31462925851703405,2.230437806671759e-09,2.356746969453538e-09,0.2296275595071518,0.28817018652485177,0.3768056413204212,0.3251091167603542,0.32377587031959054,0.40594129851109906,-0.1023202568416269,-0.023906754665785346,-0.01625920518366856,0.05718724132554276,0.08795515702817429,0.22718913838894478
sample_526,False,ok,multi_seed_output\seed_3_mh114\airfoils\sample_526.dat,0.1288365246165377,0.2865731462925851,2.230437806671759e-09,2.356746969453538e-09,0.30018550008772954,0.3027640908635554,0.3672028187203358,0.3398222306555756,0.4039585939995611,0.4132994859399724,-0.14388224666395039,0.036235353411850746,-0.026359763363080248,0.08942160389457296,0.05052573789718211,0.16531946899235994
sample_527,False,ok,multi_seed_output\seed_3_mh114\airfoils\sample_527.dat,0.12417429229685219,0.30861723446893785,2.230437806671759e-09,2.356746969453538e-09,0.25176070725913874,0.3749008206095764,0.3040080531157025,0.34395241717042646,0.3426151498887378,0.45735929198525593,-0.07444453569972617,0.031230205134221062,-0.006589493761255429,0.03788361645962254,0.05523100414754873,0.168763259688143
sample_528,False,ok,multi_seed_output\seed_3_mh114\airfoils\sample_528.dat,0.14350207591835715,0.3306613226452906,2.230437806671759e-09,2.356746969453538e-09,0.21270476015039907,0.36250474918428605,0.40695464750496013,0.32903940538946075,0.39921961560299857,0.3610255362891515,-0.11170670473038011,-0.002080759646717306,-0.03590694714468422,0.02478906460523756,0.06945464791405156,0.21103326715968046
sample_529,False,ok,multi_seed_output\seed_3_mh114\airfoils\sample_529.dat,0.12070788700501241,0.30861723446893785,2.230437806671759e-09,2.356746969453538e-09,0.218439506597357,0.2976648519262769,0.35024826789131824,0.33934105906689715,0.39761888381829336,0.4485020363979336,-0.09952518111108027,-0.031070254508015364,0.03743256525710262,0.062387800306352825,0.07151658388552307,0.25944977351631127
sample_530,False,ok,multi_seed_output\seed_3_mh114\airfoils\sample_530.dat,0.13538797293960242,0.3386773547094188,2.230437806671759e-09,2.356746969453538e-09,0.21072032979767552,0.3548343573198886,0.32419439431770075,0.4101299191961463,0.2970084011321524,0.3805096445793796,-0.14800589075471735,0.031498910343919356,-0.038577924428105585,-0.024565285900048063,0.14192863460478927,0.215791873023369
sample_531,False,ok,multi_seed_output\seed_3_mh114\airfoils\sample_531.dat,0.1317437287507209,0.3166332665330661,2.230437806671759e-09,2.356746969453538e-09,0.24002637300077323,0.31497197212385447,0.36772294315929965,0.3815984049588102,0.4180725484872247,0.3470627399820822,-0.15867966832038005,-0.023248924390048248,0.06453588981576668,0.008475575592574405,0.022989623983434012,0.17873497857485493
sample_532,False,ok,multi_seed_output\seed_3_mh114\airfoils\sample_532.dat,0.12080645623070008,0.3246492985971944,2.230437806671759e-09,2.356746969453538e-09,0.2095521945741727,0.3491130565253713,0.2936433750507978,0.36677186805336015,0.3997488855445466,0.43333795819572357,-0.111867432004794,0.005935455589867633,0.047102687029059245,-0.029932485423537852,0.12692224881048492,0.2314541817754529
sample_533,False,ok,multi_seed_output\seed_3_mh114\airfoils\sample_533.dat,0.15966961420712672,0.2925851703406813,2.230437806671759e-09,2.356746969453538e-09,0.2728015283506677,0.3897446787179465,0.3550907852741999,0.40291846309124313,0.37446993865900047,0.4225630456339953,-0.14028068802719043,-0.07311868838981289,-0.03701711714586277,0.03097153010020258,0.04598056114772955,0.16021367251945995
sample_534,False,ok,multi_seed_output\seed_3_mh114\airfoils\sample_534.dat,0.13626264864115017,0.2665330661322645,2.230437806671759e-09,2.356746969453538e-09,0.3211944728139154,0.2813005763042587,0.2842597524575587,0.4038124037400023,0.29957391895650654,0.36328252196571453,-0.13099572051089442,-0.061843234872025005,-0.023486354753301138,-0.007126347325244784,0.1289759331104014,0.1899013590967726
sample_535,False,ok,multi_seed_output\seed_3_mh114\airfoils\sample_535.dat,0.14451446214480693,0.3306613226452906,2.230437806671759e-09,2.356746969453538e-09,0.2351469615986605,0.3611156950763533,0.3681997870090019,0.4110971811686295,0.31679693275885357,0.4270917995662034,-0.07080848296623611,-0.04985141509378197,-0.013541796124528868,0.03261216974243503,0.05106989577425543,0.20225290629680898
sample_536,False,ok,multi_seed_output\seed_3_mh114\airfoils\sample_536.dat,0.13729534499869187,0.2945891783567134,2.230437806671759e-09,2.356746969453538e-09,0.24687364264327658,0.34418830963503644,0.402723325987135,0.3118617415300188,0.34022760040597455,0.43991190279456177,-0.14131876409020508,0.013134667074647652,-0.026889930245780225,0.06598459369003301,0.06532369170593696,0.16752117726433452
sample_537,False,ok,multi_seed_output\seed_3_mh114\airfoils\sample_537.dat,0.1434951111182428,0.24649298597194386,2.230437806671759e-09,2.356746969453538e-09,0.307647095542828,0.33678794353312946,0.2881560882897225,0.30773591611948853,0.3360306145415957,0.34697995731204073,-0.14164288687919288,-0.06912760121540668,-0.02481237331015388,-0.019622523036950067,0.05757336673737464,0.22104900840856231
sample_538,False,ok,multi_seed_output\seed_3_mh114\airfoils\sample_538.dat,0.13115985243877487,0.2945891783567134,2.230437806671759e-09,2.356746969453538e-09,0.2953303305419799,0.26726078339335246,0.35999487257173834,0.35565564020324514,0.3476286247290404,0.3738079334007517,-0.11325443869375357,-0.05679576961600805,0.03394797892468451,-0.007173953909187413,0.08211482605396686,0.15388806793384288
sample_539,False,ok,multi_seed_output\seed_3_mh114\airfoils\sample_539.dat,0.13157163579927056,0.2925851703406813,2.230437806671759e-09,2.356746969453538e-09,0.2612489732976887,0.3318646580833279,0.3206637763474607,0.34514780698289094,0.39481504924935434,0.43872315469688716,-0.06077082227181663,-0.064160872406415,-0.002977666492129924,0.06652896002010242,0.07504436634848399,0.2411623329912046
sample_540,False,ok,multi_seed_output\seed_3_mh114\airfoils\sample_540.dat,0.12815151212193807,0.30861723446893785,2.230437806671759e-09,2.356746969453538e-09,0.3204005395575273,0.2858323130966341,0.39191321586294786,0.31482363119526907,0.2952552597525281,0.40649792318521544,-0.06825881391532765,0.025818296089448425,-0.04971130959708426,0.06509303924311673,0.1097112678607004,0.17116931966316193
sample_541,False,ok,multi_seed_output\seed_3_mh114\airfoils\sample_541.dat,0.13313457811028284,0.3306613226452906,2.230437806671759e-09,2.356746969453538e-09,0.22733757769124596,0.36187373262725814,0.3184660776474279,0.337952562314434,0.41199679860445804,0.44235018410107957,-0.08083757228147179,0.007565114954686369,-0.04739126273589888,-0.003856142218132349,0.14507003778179203,0.20797516899770516
sample_542,False,ok,multi_seed_output\seed_3_mh114\airfoils\sample_542.dat,0.13612317656676834,0.30861723446893785,2.230437806671759e-09,2.356746969453538e-09,0.2639029566925094,0.34084014712557664,0.37133453139373657,0.35742852790775953,0.3836162418121959,0.4170796111669153,-0.0462679327182661,-0.08412191992315012,0.06519789799020599,0.015268081308078857,0.04702245578766717,0.21038340448692144
sample_543,False,ok,multi_seed_output\seed_3_mh114\airfoils\sample_543.dat,0.12359534521704764,0.3386773547094188,2.230437806671759e-09,2.356746969453538e-09,0.2237828904054379,0.28408385718006324,0.38007963907055575,0.3766655464670923,0.30647018742971754,0.46083732378044073,-0.11953699867644454,-0.00071063164296431,0.03007497222644813,0.045391237763814235,0.03067970123267925,0.21873876599480685
sample_544,False,ok,multi_seed_output\seed_3_mh114\airfoils\sample_544.dat,0.12886208836358565,0.3306613226452906,2.230437806671759e-09,2.356746969453538e-09,0.20922647383852838,0.39028427976251856,0.293129761907317,0.36286324597637526,0.3998639020058824,0.4382283029737879,-0.14330603117107482,0.03550986939690884,0.013074173285989532,-0.025696868717053983,0.050166425043773596,0.19537716359892474
sample_545,False,ok,multi_seed_output\seed_3_mh114\airfoils\sample_545.dat,0.13949041721932678,0.3386773547094188,2.230437806671759e-09,2.356746969453538e-09,0.29851209680295854,0.27160014159631535,0.3728575950782265,0.3239769159901999,0.36764681115918935,0.34821612998633017,-0.0667277310387283,-0.05747930849623191,-0.03414013754312796,-0.023061125304505346,0.02666216813411944,0.15926173613517852
sample_546,False,ok,multi_seed_output\seed_3_mh114\airfoils\sample_546.dat,0.12157623727370272,0.2945891783567134,2.230437806671759e-09,2.356746969453538e-09,0.28842588346656656,0.299579341635369,0.34229468829793663,0.3754113632451734,0.3565054474712539,0.3645272196548991,-0.11964525744934619,0.035220409275481604,-0.0022120228726090416,0.0891121556317647,0.04977115567836611,0.21286529324366152
sample_547,False,ok,multi_seed_output\seed_3_mh114\airfoils\sample_547.dat,0.12104090206310471,0.3306613226452906,2.230437806671759e-09,2.356746969453538e-09,0.23357042756850993,0.2793139134994809,0.3119408205454849,0.37065657053485657,0.31988052835305414,0.4489146570292237,-0.05861804950389918,-0.06953100997744385,0.045997966932548706,-0.014894149950384346,0.09325575403824833,0.25847761106172756
sample_548,False,ok,multi_seed_output\seed_3_mh114\airfoils\sample_548.dat,0.12097893426013157,0.3366733466933867,2.230437806671759e-09,2.356746969453538e-09,0.20656524122114814,0.30664755868702886,0.4000448244048026,0.3683927738193342,0.42251444310345504,0.37353599809433047,-0.1356494519290105,0.02274275181464315,0.06834126821050253,0.03803719952700743,0.14132845447323944,0.2182919716916079
sample_549,False,ok,multi_seed_output\seed_3_mh114\airfoils\sample_549.dat,0.13392342069384777,0.344689378757515,2.230437806671759e-09,2.356746969453538e-09,0.28231144062366575,0.3202483941502642,0.40642404185487485,0.39062640086781164,0.39883674939600644,0.4243483686564562,-0.10722712029541648,0.019393469235940264,0.04365566939412635,-0.005699212714981035,0.11319902207952545,0.1768356673160143
sample_550,False,ok,multi_seed_output\seed_3_mh114\airfoils\sample_550.dat,0.1262098462118527,0.3166332665330661,2.230437806671759e-09,2.356746969453538e-09,0.21918168313098618,0.371489533516079,0.37459265440514317,0.3248695313472441,0.3737368637368357,0.37571089746797137,-0.05992880309266603,0.017905312928880132,0.011609336063325468,0.07905991388228935,0.04151790163659594,0.19733863390212253
sample_551,False,ok,multi_seed_output\seed_3_mh114\airfoils\sample_551.dat,0.12475395058267684,0.2925851703406813,2.230437806671759e-09,2.356746969453538e-09,0.2044350398351112,0.29967747311470494,0.2985844673053498,0.31954240109154924,0.3347110927088732,0.39249803534565947,-0.13271723101221913,-0.041970263168792356,-0.024605560193043975,0.017635544455467507,0.143904007210847,0.20246387778783786
sample_552,False,ok,multi_seed_output\seed_3_mh114\airfoils\sample_552.dat,0.13368222591005569,0.3386773547094188,2.230437806671759e-09,2.356746969453538e-09,0.2828257267939014,0.2955177140056348,0.3579759552900997,0.398932055854742,0.36099884625052103,0.3486667114706657,-0.05215006839198531,-0.06086757079986742,0.04241378103571636,-0.026760602405638424,0.08520574279759338,0.22740903205004342
sample_553,False,ok,multi_seed_output\seed_3_mh114\airfoils\sample_553.dat,0.12774803463692122,0.3306613226452906,2.230437806671759e-09,2.356746969453538e-09,0.26241546362150786,0.28175520539841453,0.3993457237906846,0.35633906129572224,0.2934170754065552,0.4600465257581309,-0.0976008735922358,0.020183659911789067,-0.022852489038910025,0.04315287120653097,0.13471064451486492,0.14777666535290138
sample_554,False,ok,multi_seed_output\seed_3_mh114\airfoils\sample_554.dat,0.14218824412857925,0.24048096192384769,2.230437806671759e-09,2.356746969453538e-09,0.2299926391970347,0.39045317510000355,0.3026125444373047,0.34820946629254773,0.3234191598336359,0.4137562724120647,-0.158573372994999,-0.08340714934676853,0.03202940430641954,0.07924775762231989,0.03397975201148959,0.23585055691228268
sample_555,False,ok,multi_seed_output\seed_3_mh114\airfoils\sample_555.dat,0.13388931323191036,0.3667334669338677,2.230437806671759e-09,2.356746969453538e-09,0.22143044121845923,0.31058040089184313,0.38027742383947,0.40882385547721317,0.37518986076205463,0.3800683462118938,-0.057200657917355166,0.003169567268663104,-0.04250146324308922,0.07154665844422425,0.05827102782830107,0.25280268493234304
sample_556,False,ok,multi_seed_output\seed_3_mh114\airfoils\sample_556.dat,0.10373767827790815,0.37675350701402804,2.230437806671759e-09,2.356746969453538e-09,0.23976773812116384,0.26546414799711243,0.3170562461652258,0.33490929180985785,0.39489910651151366,0.3826518332271008,-0.034172050640117496,0.01928089372336643,0.06543385304916123,-0.007483459506448527,0.1285074742546503,0.23348499228324407
sample_557,False,ok,multi_seed_output\seed_3_mh114\airfoils\sample_557.dat,0.1394166745262001,0.3166332665330661,2.230437806671759e-09,2.356746969453538e-09,0.2099390152705427,0.3223563465887841,0.3914554830779701,0.39494436538873573,0.38465678672747916,0.42484324027056186,-0.1069053036246018,-0.07345073590067737,0.01607993822334018,0.08377281873710792,0.03991453017155405,0.2276346626023118
sample_558,False,ok,multi_seed_output\seed_3_mh114\airfoils\sample_558.dat,0.13858002117157572,0.2945891783567134,2.230437806671759e-09,2.356746969453538e-09,0.2754839167847035,0.28683014391187334,0.3675130294730397,0.4053661380223267,0.295812857238997,0.4157793121049258,-0.1034746040303764,-0.08667619501580655,0.005833178311417317,0.07441884740725555,0.04209311654534518,0.17975523310818353
sample_559,False,ok,multi_seed_output\seed_3_mh114\airfoils\sample_559.dat,0.13526522292978688,0.25250501002004005,2.230437806671759e-09,2.356746969453538e-09,0.30797349688712305,0.32576338014557077,0.3500254591592003,0.39785467781122663,0.4097209242008518,0.3388065272779546,-0.15898704480835243,-0.009028374156878669,0.035944115626172696,0.06006025993350496,0.07531153588602353,0.2638000476208661
sample_560,False,ok,multi_seed_output\seed_3_mh114\airfoils\sample_560.dat,0.1335092383958918,0.3226452905811623,2.230437806671759e-09,2.356746969453538e-09,0.30769069864393916,0.33096041753631544,0.40034127153219934,0.3213020389767731,0.36646755958631855,0.3599525588673212,-0.05764316518967552,0.004689505278978781,0.020233060125720154,0.008116903740420234,0.024918473029451868,0.2608604982852414
sample_561,False,ok,multi_seed_output\seed_3_mh114\airfoils\sample_561.dat,0.12995081389532614,0.280561122244489,2.230437806671759e-09,2.356746969453538e-09,0.20492244090783285,0.3290345381499024,0.31356508686829465,0.3123517157302747,0.396444470105343,0.4116267692022438,-0.11869184106727126,-0.08028161124393236,0.029072019055949402,0.006319665081796051,0.12335612379483607,0.20321908494197288
sample_562,False,ok,multi_seed_output\seed_3_mh114\airfoils\sample_562.dat,0.147572633137742,0.3306613226452906,2.230437806671759e-09,2.356746969453538e-09,0.2124225294133388,0.3667850615810476,0.34695949627403444,0.4004182486469,0.32913993505209854,0.4494821284642474,-0.07152419585392446,-0.07985319740392449,-0.012948025054905526,-0.009088296921355227,0.03935407168005428,0.1647853845741648
sample_563,False,ok,multi_seed_output\seed_3_mh114\airfoils\sample_563.dat,0.13827967571993455,0.30861723446893785,2.230437806671759e-09,2.356746969453538e-09,0.25530166196373705,0.36311885856485604,0.362255070489406,0.4093840142121113,0.42131507301148163,0.35145388789964915,-0.08818363645499143,-0.04726125181352677,0.04492981029038197,0.0582042223487534,0.06194133580621433,0.14848572262754053
sample_564,False,ok,multi_seed_output\seed_3_mh114\airfoils\sample_564.dat,0.13471365621174386,0.3166332665330661,2.230437806671759e-09,2.356746969453538e-09,0.22906732684894687,0.3005640059587961,0.32942549704665336,0.3356551650767883,0.41147073561958397,0.34903596058297043,-0.10377436687896577,-0.0783231835406825,-0.006423643884723981,-0.009545963290120245,0.0964872123825761,0.1990648793006756
sample_565,False,ok,multi_seed_output\seed_3_mh114\airfoils\sample_565.dat,0.12724422309306263,0.30861723446893785,2.230437806671759e-09,2.356746969453538e-09,0.22204550513721352,0.3770467552243687,0.2956311437779685,0.37505906351788526,0.34877427367462976,0.41720917139442804,-0.09507359860648945,0.01876885184568987,-0.030263709913310916,0.06014226556893175,0.11186856593459421,0.19913013266698226
sample_566,False,ok,multi_seed_output\seed_3_mh114\airfoils\sample_566.dat,0.13365097018232058,0.344689378757515,2.230437806671759e-09,2.356746969453538e-09,0.28327022588594586,0.2745207615495142,0.33374120992183415,0.38758431580316105,0.40509108240459335,0.34003009016871427,-0.11526144045302186,-0.019566768504332088,-0.0331551978406802,0.008029744423155807,0.0662801753740841,0.20237110797249058
sample_567,False,ok,multi_seed_output\seed_3_mh114\airfoils\sample_567.dat,0.1522866720129139,0.3386773547094188,2.230437806671759e-09,2.356746969453538e-09,0.2880946403575505,0.3205236309752209,0.385739924802763,0.41050811054684555,0.3865342464354856,0.4245573842171987,-0.0887503399079546,-0.050198135400179186,-0.05470477750764499,0.026765540899955496,0.023196592105167696,0.2379865533059743
sample_568,False,ok,multi_seed_output\seed_3_mh114\airfoils\sample_568.dat,0.14409630086214392,0.23847695390781562,2.230437806671759e-09,2.356746969453538e-09,0.2970931859395573,0.38013374250108994,0.29630906906874677,0.2923472512586362,0.3365577681724123,0.3604588881071437,-0.11749006599723313,-0.080629201926487,0.004927883576711284,0.03877391589941716,0.06765583522724833,0.22968278869419492
sample_569,False,ok,multi_seed_output\seed_3_mh114\airfoils\sample_569.dat,0.13319646215155334,0.2925851703406813,2.230437806671759e-09,2.356746969453538e-09,0.24104158722926103,0.3441309127251834,0.2876773103944774,0.3667922683490695,0.3763174990043263,0.4192060286815933,-0.1182113017984231,-0.058247328125269573,0.023887405492322836,-0.020371968138874215,0.058511360425373755,0.26697814359530436
sample_570,False,ok,multi_seed_output\seed_3_mh114\airfoils\sample_570.dat,0.12588139435307383,0.3306613226452906,2.230437806671759e-09,2.356746969453538e-09,0.2847228192140266,0.27292951416166716,0.3182385411075798,0.39204266098750934,0.3792122324400835,0.3509094620876614,-0.04826357392377116,-0.06129183488565334,0.01500567165750108,0.01983461879711749,0.10687409872411964,0.14685514904942584
sample_571,False,ok,multi_seed_output\seed_3_mh114\airfoils\sample_571.dat,0.1331046187603849,0.3166332665330661,2.230437806671759e-09,2.356746969453538e-09,0.24051570094383118,0.3029815355758337,0.3983853691540698,0.29855352076809993,0.3160891075926314,0.45403360798518594,-0.09192805733893629,-0.012433953398917882,-0.04636697327568191,0.05638045027669977,0.060939706525570396,0.217360636792742
sample_572,False,ok,multi_seed_output\seed_3_mh114\airfoils\sample_572.dat,0.11047509565071056,0.31462925851703405,2.230437806671759e-09,2.356746969453538e-09,0.19761508349421997,0.31152538059968893,0.3050092568057333,0.3580937222053272,0.40712098761694127,0.4442187543150994,-0.13474081340277816,0.029452496844544207,0.044198340529882155,0.046244588088559635,0.1154452724326543,0.22863130566336043
sample_573,False,ok,multi_seed_output\seed_3_mh114\airfoils\sample_573.dat,0.11573551857871524,0.30260521042084165,2.230437806671759e-09,2.356746969453538e-09,0.2855107510154897,0.26871666296614427,0.3538564883218785,0.3694724927935744,0.37363167046260504,0.40502501959806647,-0.1294945285994911,0.029586404410824246,0.05102589934995001,0.028266074764319395,0.12791303392807962,0.2409227787028293
sample_574,False,ok,multi_seed_output\seed_3_mh114\airfoils\sample_574.dat,0.12521097217705848,0.25250501002004005,2.230437806671759e-09,2.356746969453538e-09,0.22358762546047395,0.35538560652457785,0.2832959320046712,0.29892016705535523,0.3859890959231623,0.3453039989484094,-0.11603665199894936,-0.059007258081638356,0.056615950680749386,0.016773476858661394,0.06913577359721743,0.15219654287971537
sample_575,False,ok,multi_seed_output\seed_3_mh114\airfoils\sample_575.dat,0.1180475221479934,0.2865731462925851,2.230437806671759e-09,2.356746969453538e-09,0.23133713681565565,0.2778796106760993,0.3810607443756535,0.30843503505227243,0.3197756880136738,0.33858232067483646,-0.1362088945402123,-0.014401837941771967,0.06996357310593403,0.02898855356866714,0.06166716397382111,0.22519733684352172
sample_576,False,ok,multi_seed_output\seed_3_mh114\airfoils\sample_576.dat,0.1220804525078563,0.2725450901803607,2.230437806671759e-09,2.356746969453538e-09,0.22771867873529716,0.2935750388952848,0.32082104635261227,0.313462101158591,0.364459816658562,0.41808970551383917,-0.11303344234744131,-0.07209449886080012,0.05730494817957918,0.028177658650157082,0.05281457706843383,0.20295387657667038
sample_577,False,ok,multi_seed_output\seed_3_mh114\airfoils\sample_577.dat,0.13608086281399306,0.30861723446893785,2.230437806671759e-09,2.356746969453538e-09,0.2943387775931875,0.31331659832459424,0.3281830375559781,0.40415282461918917,0.37045093861897616,0.440290552710005,-0.07459980336052208,-0.06947596253291421,0.024652082481612006,0.0038745336038508715,0.09036958085429588,0.2690886954864751
sample_578,False,ok,multi_seed_output\seed_3_mh114\airfoils\sample_578.dat,0.14147712629205045,0.30861723446893785,2.230437806671759e-09,2.356746969453538e-09,0.23092761635257858,0.3709127375796463,0.3458187694283301,0.36298387065837007,0.3856211024704878,0.42951604195196075,-0.09322977295716901,-0.046607099406052434,-0.013379220625015995,0.024076024960359398,0.11574351528918214,0.15103153302857408
sample_579,False,ok,multi_seed_output\seed_3_mh114\airfoils\sample_579.dat,0.12023034063827581,0.35270541082164325,2.230437806671759e-09,2.356746969453538e-09,0.21415140259548227,0.32563855337335434,0.3649021340422618,0.402559450994476,0.38801316751919457,0.44377103462644346,-0.059629719361610725,0.013550529782062962,0.0504240231234349,0.05214934941914394,0.12578995195461723,0.1921975452900958
sample_580,False,ok,multi_seed_output\seed_3_mh114\airfoils\sample_580.dat,0.12388974776668073,0.2925851703406813,2.230437806671759e-09,2.356746969453538e-09,0.21520788979126362,0.35308355636953637,0.33400308022922837,0.36973910960817163,0.35010421646484946,0.3587390846495632,-0.15610431182376477,0.021707540985913223,0.056585539600267284,-0.0034712495479167424,0.13795438017892975,0.2478206604863267
sample_581,False,ok,multi_seed_output\seed_3_mh114\airfoils\sample_581.dat,0.1305122517367943,0.3006012024048096,2.230437806671759e-09,2.356746969453538e-09,0.25657896133059377,0.3556588261236456,0.2917980605446325,0.2933486031742084,0.4036662353249472,0.3832715680904482,-0.0376154582120847,-0.05531277699264562,-0.00982794431421629,-0.00364608407974943,0.042758945217224655,0.25341478184523286
sample_582,False,ok,multi_seed_output\seed_3_mh114\airfoils\sample_582.dat,0.14484092960237466,0.30260521042084165,2.230437806671759e-09,2.356746969453538e-09,0.2666416575142958,0.34935161500614226,0.3889527087514723,0.2977139037356914,0.3668567514848736,0.4288901353955884,-0.09847696800397966,-0.03187221398882426,-0.043053446195675915,0.019632736825180026,0.07053554272375143,0.20267969227544652
sample_583,False,ok,multi_seed_output\seed_3_mh114\airfoils\sample_583.dat,0.1203249626168665,0.24048096192384769,2.230437806671759e-09,2.356746969453538e-09,0.23058242256557906,0.3045728569083145,0.2882428762760841,0.2839315287607742,0.3677940974125109,0.41113551487960315,-0.12433326650056976,-0.06000009646105421,0.01978524820774588,0.08631813886612151,0.09605692769385539,0.21116679755396991
sample_584,False,ok,multi_seed_output\seed_3_mh114\airfoils\sample_584.dat,0.13956154687583178,0.25851703406813625,2.230437806671759e-09,2.356746969453538e-09,0.2568061882711355,0.39126013401889664,0.4025331464559806,0.2941852782201736,0.3641768067057349,0.34398238465251363,-0.12576072902406335,-0.026396909695734126,0.05532003690543516,0.054257033681543984,0.14259565551756576,0.16573478455458066
sample_585,False,ok,multi_seed_output\seed_3_mh114\airfoils\sample_585.dat,0.12883082108200455,0.31462925851703405,2.230437806671759e-09,2.356746969453538e-09,0.26059643821116046,0.3581416020472474,0.2977349679059827,0.35214495547096214,0.3631140697290799,0.45042494812570477,-0.09669660486341848,0.028598378914405684,-0.04092254928262752,0.02214072246770868,0.07263699054488618,0.20997815888026974
sample_586,False,ok,multi_seed_output\seed_3_mh114\airfoils\sample_586.dat,0.1366186214688902,0.3166332665330661,2.230437806671759e-09,2.356746969453538e-09,0.25340436830149726,0.38106914035664247,0.3029987839458484,0.357821088215865,0.31067250699432747,0.34098193243334873,-0.0894474856617012,0.008380474743842944,-0.03842919892401909,-0.03097488634049546,0.07272590884899156,0.1907662769787125
sample_587,False,ok,multi_seed_output\seed_3_mh114\airfoils\sample_587.dat,0.1288060596976702,0.344689378757515,2.230437806671759e-09,2.356746969453538e-09,0.2781716903108586,0.3019299839254168,0.30760695216500955,0.4037420101115297,0.3264456463170169,0.4462631816880862,-0.061825720147632074,-0.017331404181232857,-0.02274669757681415,0.017012646009063312,0.0472385992746748,0.26885267574315597
sample_588,False,ok,multi_seed_output\seed_3_mh114\airfoils\sample_588.dat,0.1350943068114496,0.3226452905811623,2.230437806671759e-09,2.356746969453538e-09,0.2711731803835786,0.2989106508121947,0.3458949146335072,0.38851468726523297,0.41862367891370084,0.42922857479294085,-0.1490204156022605,-0.003490272432272873,-0.025148141372028948,0.01612587488875753,0.14161515276255454,0.16405960642083245
sample_589,False,ok,multi_seed_output\seed_3_mh114\airfoils\sample_589.dat,0.13276344033928858,0.3006012024048096,2.230437806671759e-09,2.356746969453538e-09,0.2553223000106045,0.26769522277622015,0.3739573990343752,0.3469943473134962,0.3546930999812331,0.45377945195994907,-0.10874586794275282,-0.0792231250883979,0.0018911977262478438,0.0784062021771576,0.033836952255278864,0.17943734465080505
sample_590,False,ok,multi_seed_output\seed_3_mh114\airfoils\sample_590.dat,0.13824481209075207,0.30861723446893785,2.230437806671759e-09,2.356746969453538e-09,0.2617728753368441,0.3372393779418018,0.343703684654198,0.366424111852521,0.4134415693470431,0.37998126920130687,-0.10393788849076419,-0.03055112368212419,-0.01950255327270832,0.030550320004827256,0.07384264148133761,0.26870327420050333
sample_591,False,ok,multi_seed_output\seed_3_mh114\airfoils\sample_591.dat,0.13870839246880315,0.2725450901803607,2.230437806671759e-09,2.356746969453538e-09,0.3048997659946827,0.36998801662467307,0.4007191214129122,0.34831154771721495,0.37969972269145574,0.37840160277712226,-0.11338013762509916,0.013665364422748766,0.01620815398015403,0.07636798303937896,0.14357773845625557,0.22704972357440706
sample_592,False,ok,multi_seed_output\seed_3_mh114\airfoils\sample_592.dat,0.1329392874933978,0.3607214428857715,2.230437806671759e-09,2.356746969453538e-09,0.24457734764161232,0.327614071096612,0.401769414557889,0.3954534201267397,0.3406263768542556,0.4458647833184436,-0.05700253863201138,0.02651467882362936,-9.890237702257082e-05,0.024634223621449618,0.07882976010955114,0.21210071841906128
sample_593,False,ok,multi_seed_output\seed_3_mh114\airfoils\sample_593.dat,0.1413556643946343,0.2665330661322645,2.230437806671759e-09,2.356746969453538e-09,0.31005977164129844,0.3411968407072141,0.3944057580517223,0.2995736794370521,0.39853196489549686,0.37932108542883025,-0.1309918645752903,-0.022935080590577764,0.02431166116865731,0.010657036806034866,0.08617609209642559,0.16921509830152504
sample_594,False,ok,multi_seed_output\seed_3_mh114\airfoils\sample_594.dat,0.1376727872816634,0.2945891783567134,2.230437806671759e-09,2.356746969453538e-09,0.3145567150925682,0.3589075852026198,0.36254809068811944,0.343679761761374,0.3923732863428987,0.4313332666889199,-0.07916499060504698,-0.013513031512417423,0.027725311826063567,0.00758328139741804,0.030145173912760025,0.1543463514096594
sample_595,False,ok,multi_seed_output\seed_3_mh114\airfoils\sample_595.dat,0.11863485871259977,0.25250501002004005,2.230437806671759e-09,2.356746969453538e-09,0.22048277422407822,0.29298765571256463,0.28738896744546655,0.3475785716443107,0.3708165726427497,0.3648239173955814,-0.12400232705102168,-0.06566975368497903,0.03683873364662167,0.08963625030312948,0.10525100570689637,0.2432925784604431
sample_596,False,ok,multi_seed_output\seed_3_mh114\airfoils\sample_596.dat,0.12703863047181593,0.3226452905811623,2.230437806671759e-09,2.356746969453538e-09,0.2707866416702859,0.2832456044004317,0.3718616736767962,0.33012136616330984,0.309394040211347,0.4626444434947701,-0.08699825038747044,-0.023557296159006036,0.018240731758764048,0.0069243431250208196,0.03610425660952642,0.24887577693678126
sample_597,False,ok,multi_seed_output\seed_3_mh114\airfoils\sample_597.dat,0.10784114936263933,0.2665330661322645,2.230437806671759e-09,2.356746969453538e-09,0.28286994748153216,0.30995057953473903,0.33450459205456073,0.2912384188099607,0.3320137097693204,0.43671112893954805,-0.03212557873443028,0.015147893586375027,0.05170636716863093,0.08372414812586806,0.13836986234450194,0.26343028753549713
sample_598,False,ok,multi_seed_output\seed_3_mh114\airfoils\sample_598.dat,0.13586029249182044,0.39078156312625245,2.230437806671759e-09,2.356746969453538e-09,0.2862558014180757,0.2674978780248292,0.39231912677416636,0.3716258666025151,0.40094155199521925,0.4667786313467937,-0.09351250323893522,0.031061637595071703,-0.03358655426867389,-0.027053201650499722,0.07442826392758176,0.1731056212277574
sample_599,False,ok,multi_seed_output\seed_3_mh114\airfoils\sample_599.dat,0.1190287025870405,0.3306613226452906,2.230437806671759e-09,2.356746969453538e-09,0.298459874563966,0.2833963888063749,0.3855414120630595,0.3593947477913277,0.3801654459093699,0.39792936501541487,-0.05738863965901671,0.0259646416898989,0.028871352193623523,0.07072817812330637,0.09298340726503321,0.18789795730484757
sample_600,False,ok,multi_seed_output\seed_3_mh114\airfoils\sample_600.dat,0.12872449676434855,0.3226452905811623,2.230437806671759e-09,2.356746969453538e-09,0.23778909371171175,0.28264362125699444,0.37101570625589886,0.3097394477286291,0.2985865450824501,0.3705378197474468,-0.04786449601068607,-0.062227285215146894,-0.011260807117017928,0.016433147863146196,0.10533824257657023,0.15259276326522672
sample_601,False,ok,multi_seed_output\seed_3_mh114\airfoils\sample_601.dat,0.1178258606129274,0.34669338677354705,2.230437806671759e-09,2.356746969453538e-09,0.27451744392859434,0.2872642486860728,0.28569419218142883,0.38490446477632617,0.374761982658691,0.4340723192801279,-0.087795971487681,0.021052054411907592,-0.003291198755698388,-0.008937604162178609,0.13577475562798236,0.24523123808783215
sample_602,False,ok,multi_seed_output\seed_3_mh114\airfoils\sample_602.dat,0.12983899588685868,0.3166332665330661,2.230437806671759e-09,2.356746969453538e-09,0.2844594589731747,0.26739526297109484,0.377230691242407,0.30291033972964687,0.3810813363084726,0.40093850323238295,-0.1006860256974226,-0.007388056213632976,-0.04801468288744596,0.034865914823154126,0.11670726385467661,0.2367076969588342
sample_603,False,ok,multi_seed_output\seed_3_mh114\airfoils\sample_603.dat,0.13303365344553955,0.3306613226452906,2.230437806671759e-09,2.356746969453538e-09,0.2893127452316903,0.3209982806139042,0.3814590171679533,0.2920552507111161,0.35989125198810645,0.4641815037160658,-0.0507684378691705,0.011936321200740382,-0.04255320239094304,0.002004019779568579,0.10448015140695953,0.16835834931531518
sample_604,False,ok,multi_seed_output\seed_3_mh114\airfoils\sample_604.dat,0.13838009853742872,0.3006012024048096,2.230437806671759e-09,2.356746969453538e-09,0.29765828673154227,0.32381313657807603,0.3674662357455959,0.32823622626878607,0.36150522954347625,0.3878020638159718,-0.1068764890854058,-0.005188838834099402,-0.03546982052982599,-0.0012558033960515871,0.14466980324835835,0.25446904850111485
sample_605,False,ok,multi_seed_output\seed_3_mh114\airfoils\sample_605.dat,0.13708087585598583,0.2945891783567134,2.230437806671759e-09,2.356746969453538e-09,0.2716216978307598,0.34218863828850277,0.4087149972909701,0.36865171452129114,0.31199391753178884,0.3928875787858297,-0.133988779375155,0.000511332229610223,0.038371664745047815,0.04173772342927429,0.021617641128011726,0.18497503522772102
sample_606,False,ok,multi_seed_output\seed_3_mh114\airfoils\sample_606.dat,0.13757865915922016,0.30861723446893785,2.230437806671759e-09,2.356746969453538e-09,0.23460660400856023,0.2930290762371604,0.33626063497177744,0.3978143140584789,0.35327246926393374,0.41156912337654106,-0.11828327769961894,-0.07961893874544232,-0.031001934806842896,0.058425411409422395,0.1224847895833717,0.22173319328491783
sample_607,False,ok,multi_seed_output\seed_3_mh114\airfoils\sample_607.dat,0.1505878949902925,0.24649298597194386,2.230437806671759e-09,2.356746969453538e-09,0.30878139287004036,0.36830663698374116,0.3245464928708471,0.31836399613506117,0.36082720370381116,0.42122360236109435,-0.1473418986032884,-0.0659352137418095,-0.017205099403311018,0.0042823115621590455,0.10807227662887346,0.2382679482197234
sample_608,False,ok,multi_seed_output\seed_3_mh114\airfoils\sample_608.dat,0.13706743905520624,0.2064128256513026,2.230437806671759e-09,2.356746969453538e-09,0.3145957350669603,0.31676821370015584,0.28874557187341504,0.2867861402568695,0.3400114429701036,0.3872909611066069,-0.15304077146437212,-0.08764758115577932,0.05714534364203132,-0.007942765423306786,0.09858332278327539,0.24304751370162528
sample_609,False,ok,multi_seed_output\seed_3_mh114\airfoils\sample_609.dat,0.13362694497949332,0.30861723446893785,2.230437806671759e-09,2.356746969453538e-09,0.2708503386091313,0.3247271871606325,0.3827693339799434,0.37921385562672827,0.3046616662125975,0.36679668107939445,-0.08522502869842463,0.0073208823951099455,-0.040762196868083495,0.09117720825671932,0.1278397003876069,0.21931790516148553
sample_610,False,ok,multi_seed_output\seed_3_mh114\airfoils\sample_610.dat,0.132960357372932,0.3246492985971944,2.230437806671759e-09,2.356746969453538e-09,0.22557226098856437,0.2856131913287881,0.3719811562901608,0.32256531899681384,0.3908996625465858,0.3392402936379682,-0.12443583175684168,-0.037979384279737925,-0.014358160857150401,0.002385614868330596,0.0947862477131523,0.17351110953074933
sample_611,False,ok,multi_seed_output\seed_3_mh114\airfoils\sample_611.dat,0.14660452468493843,0.3006012024048096,2.230437806671759e-09,2.356746969453538e-09,0.21942576822627255,0.3774241935961602,0.40690729783049084,0.28680230155720865,0.3321978850904018,0.40530358441123254,-0.07110607554663279,-0.06495492559675291,-0.02297347104405091,0.015519469750108775,0.14706765789821635,0.24478936254573516
sample_612,False,ok,multi_seed_output\seed_3_mh114\airfoils\sample_612.dat,0.1347761910777515,0.25851703406813625,2.230437806671759e-09,2.356746969453538e-09,0.2775519149861104,0.30855703008609026,0.34182096351288177,0.30145143914257116,0.32804554016568127,0.413698205930377,-0.10587363058044606,-0.08432259935591793,0.00534312686517667,0.061811715773661555,0.12178990464726414,0.23480806640211171
sample_613,False,ok,multi_seed_output\seed_3_mh114\airfoils\sample_613.dat,0.13186203609991407,0.34669338677354705,2.230437806671759e-09,2.356746969453538e-09,0.20284933000684477,0.29435419560157555,0.37857189702765637,0.41190160556332855,0.33717830575562796,0.4562825805596538,-0.03731203888179714,-0.08261142928076314,0.024981262295878076,0.06715988542642903,0.037323615100364166,0.21441280983974606
sample_614,False,ok,multi_seed_output\seed_3_mh114\airfoils\sample_614.dat,0.12842803831896477,0.3006012024048096,2.230437806671759e-09,2.356746969453538e-09,0.25100182026036144,0.2987218115751012,0.35587074968158355,0.31533941101509055,0.2932196942525659,0.3434737797408249,-0.10645992770959326,-0.04462245886972286,0.03466788632519095,-0.030818173722427455,0.08233130679250769,0.2150715452458805
sample_615,False,ok,multi_seed_output\seed_3_mh114\airfoils\sample_615.dat,0.10882217824582166,0.3687374749498998,2.230437806671759e-09,2.356746969453538e-09,0.1993306846452573,0.28851384849447875,0.31626216890170133,0.37963009294603356,0.2945147394177947,0.44287587913401116,-0.041169703142789935,0.040629589342481745,-0.007963014700666113,0.06782012803838675,0.08542908875633086,0.17558907278326144
sample_616,False,ok,multi_seed_output\seed_3_mh114\airfoils\sample_616.dat,0.12876724904423192,0.2945891783567134,2.230437806671759e-09,2.356746969453538e-09,0.2842256704056667,0.28370787974735184,0.3975861145450293,0.3387041548012198,0.2938575611859235,0.41211208462952625,-0.13927646034569982,0.024597760235839303,-0.02719913555142723,0.07767698672113402,0.11508338804728671,0.18766488610992274
sample_617,False,ok,multi_seed_output\seed_3_mh114\airfoils\sample_617.dat,0.1450412336577835,0.3607214428857715,2.230437806671759e-09,2.356746969453538e-09,0.2651711554930241,0.2931233997551439,0.38078054335034495,0.40172507542688135,0.32876075394800086,0.39221950523795635,-0.0705021661299617,-0.045484442750883945,-0.03478271951991843,-0.032478993159514864,0.06013147850530488,0.2572147863289207
sample_618,False,ok,multi_seed_output\seed_3_mh114\airfoils\sample_618.dat,0.12682404866613936,0.23847695390781562,2.230437806671759e-09,2.356746969453538e-09,0.26037623615329814,0.3152862019138427,0.3192381995960566,0.2909930366573576,0.31071681944964785,0.38451552692927604,-0.1613951437452798,-0.0187016628368787,0.013702270636065148,0.04488485418572234,0.08012228151995968,0.18447370199735613
sample_619,False,ok,multi_seed_output\seed_3_mh114\airfoils\sample_619.dat,0.11937563435018135,0.3386773547094188,2.230437806671759e-09,2.356746969453538e-09,0.27210535543750713,0.2617379923806232,0.39286135257723215,0.28990789048512156,0.32618539265829904,0.4665900447082163,-0.05596668325096907,0.0378258782518094,-0.03722770744337764,0.03157357078647653,0.12749996182236495,0.2549054526717325
sample_620,False,ok,multi_seed_output\seed_3_mh114\airfoils\sample_620.dat,0.12351130978375205,0.3306613226452906,2.230437806671759e-09,2.356746969453538e-09,0.23922460391581074,0.26320687922523756,0.2990558636267975,0.39247343880131724,0.31157253710444144,0.4020288899398869,-0.03886968232110957,-0.07630872613978197,-0.02148390731318909,0.03675874847595244,0.13042660060244554,0.1712933678565462
sample_621,False,ok,multi_seed_output\seed_3_mh114\airfoils\sample_621.dat,0.13458628768493416,0.35270541082164325,2.230437806671759e-09,2.356746969453538e-09,0.24587361181976597,0.3245764123494737,0.38694613909758424,0.3963295696316057,0.3540103546538927,0.4480038508131873,-0.05833784056167218,-0.03478978334981613,0.05206288481600249,-0.027212639248995744,0.11820519787305024,0.1517588901327872
sample_622,False,ok,multi_seed_output\seed_3_mh114\airfoils\sample_622.dat,0.13962416028714625,0.2725450901803607,2.230437806671759e-09,2.356746969453538e-09,0.22858028957827584,0.34981511188042075,0.3962851766055919,0.3026095871993031,0.32933784562533625,0.44703724766532704,-0.11488534889363042,-0.07468103738299209,0.031955401398004846,0.045666809682990056,0.14690932884345498,0.23378091254198513
sample_623,False,ok,multi_seed_output\seed_3_mh114\airfoils\sample_623.dat,0.13463368683164426,0.2665330661322645,2.230437806671759e-09,2.356746969453538e-09,0.23451397538005012,0.3799404189629604,0.3758095723321365,0.3025539723704066,0.3240468334393324,0.3580486874890783,-0.07901088044060273,-0.06264831072793171,0.0460932165048704,0.0959431461020395,0.0724324250720938,0.23130093162126097
sample_624,False,ok,multi_seed_output\seed_3_mh114\airfoils\sample_624.dat,0.13576512739603067,0.2745490981963928,2.230437806671759e-09,2.356746969453538e-09,0.28655493765904816,0.34551025678278235,0.31269788608019733,0.323897533312474,0.3561376290056684,0.4505811009386314,-0.06448318920059458,-0.05007773074388697,-0.05235492691974362,0.08395458452884771,0.12626308377142959,0.24659775690827682
sample_625,False,ok,multi_seed_output\seed_3_mh114\airfoils\sample_625.dat,0.13341582956568146,0.3166332665330661,2.230437806671759e-09,2.356746969453538e-09,0.2589359534979379,0.2974321774805103,0.3833726021744829,0.3504962578570252,0.4087218198746496,0.43808448332000954,-0.13168008679634585,0.014751106152312857,-0.05547827686424129,0.08207288961229478,0.11175530583497889,0.20118403353126085
sample_626,False,ok,multi_seed_output\seed_3_mh114\airfoils\sample_626.dat,0.12088400827119328,0.2725450901803607,2.230437806671759e-09,2.356746969453538e-09,0.28013974979396467,0.36271724645879766,0.3733850347378824,0.31553112734909317,0.3014483938863006,0.36601010542863155,-0.06781243084471908,0.030168716207368898,0.06860331939734031,0.0421125048394992,0.10959371546448864,0.21855886909012204
sample_627,False,ok,multi_seed_output\seed_3_mh114\airfoils\sample_627.dat,0.12115365198247634,0.35270541082164325,2.230437806671759e-09,2.356746969453538e-09,0.22895807189005757,0.30309353504214875,0.36025259841410223,0.3683051742340649,0.3658991129050284,0.40553557657129574,-0.07417360912679796,0.009267193244217375,0.030778723651063752,0.021419264515309268,0.0933126091830377,0.19250498907546182
sample_628,False,ok,multi_seed_output\seed_3_mh114\airfoils\sample_628.dat,0.12602581262373264,0.3226452905811623,2.230437806671759e-09,2.356746969453538e-09,0.19722680821979002,0.3625874357452522,0.3199470364473502,0.34141607758591225,0.41629469178542744,0.41805891618113067,-0.06730512358315585,-0.011191984452181503,-0.007036726541317727,0.045192473353763724,0.1204504099413373,0.24226945169146563
sample_629,False,ok,multi_seed_output\seed_3_mh114\airfoils\sample_629.dat,0.13377287604324303,0.35270541082164325,2.230437806671759e-09,2.356746969453538e-09,0.30327923293966047,0.2623494248594207,0.3635101445548025,0.3178863557043192,0.37958584580563615,0.4430006132631337,-0.04325837338758254,-0.03267569756599816,-0.04475055061178844,-0.01991670961761494,0.05031988944503908,0.2716413826818772
sample_630,False,ok,multi_seed_output\seed_3_mh114\airfoils\sample_630.dat,0.13669190456362543,0.280561122244489,2.230437806671759e-09,2.356746969453538e-09,0.257293477950592,0.38124009923390856,0.3116180493998445,0.3522580782282901,0.35866869125118517,0.34924135377120336,-0.11259471149521735,-0.015077459357418804,-0.018555407727464286,0.03970855190850471,0.1045452907817048,0.17285535866844262
sample_631,False,ok,multi_seed_output\seed_3_mh114\airfoils\sample_631.dat,0.1350635900633688,0.3166332665330661,2.230437806671759e-09,2.356746969453538e-09,0.3161573335038881,0.3578153140316525,0.3583975871809218,0.35253812274255486,0.4066822468758511,0.4408772526497443,-0.05031201988473999,0.02750063044749411,-0.03689468472460461,0.057678442266195035,0.06720964699261577,0.20552379124954395
sample_632,False,ok,multi_seed_output\seed_3_mh114\airfoils\sample_632.dat,0.13795633259565418,0.3226452905811623,2.230437806671759e-09,2.356746969453538e-09,0.25876999285291913,0.33830958327302674,0.38458059232967845,0.31097788660520487,0.3952763102026702,0.3579247565393265,-0.15925041635282353,0.04104376273204004,-0.03345855563002832,-0.012163647099376135,0.049918749662938036,0.2730509282857185
sample_633,False,ok,multi_seed_output\seed_3_mh114\airfoils\sample_633.dat,0.1280203789938402,0.3386773547094188,2.230437806671759e-09,2.356746969453538e-09,0.24954183016568082,0.336661346776158,0.34851538522409653,0.3803964559522782,0.3355009877003501,0.34246244130071213,-0.04392767591135158,3.736974874588017e-06,0.00739934770371703,0.01392611759632631,0.0895725877768982,0.26316249500198563
sample_634,False,ok,multi_seed_output\seed_3_mh114\airfoils\sample_634.dat,0.13548003737774342,0.344689378757515,2.230437806671759e-09,2.356746969453538e-09,0.3084972792140961,0.2869730661979656,0.4067329621324395,0.29922425596871954,0.4123413732374435,0.4026485289465428,-0.08146660517121086,0.01554583192234163,-0.03559391689289834,-0.006629001397099647,0.060871845634994,0.23437380191946283
sample_635,False,ok,multi_seed_output\seed_3_mh114\airfoils\sample_635.dat,0.12429600832228478,0.2665330661322645,2.230437806671759e-09,2.356746969453538e-09,0.2578819212293702,0.3074963519935533,0.2999280903862731,0.3182785956659726,0.3288233264841894,0.34272453156056654,-0.1460237924375469,-0.0008545407273952838,-0.01404827663152608,0.005530401602350805,0.13523638690585818,0.24574625638674125
sample_636,False,ok,multi_seed_output\seed_3_mh114\airfoils\sample_636.dat,0.13607013886594094,0.3226452905811623,2.230437806671759e-09,2.356746969453538e-09,0.2566688265884854,0.29572309032655375,0.4091854518123233,0.2923309571822855,0.3475650440406816,0.41304240152691724,-0.08566431204431067,-0.033535930882048225,-0.012727056593185349,-0.0051428999845791155,0.07987522254946713,0.16247194778882684
sample_637,False,ok,multi_seed_output\seed_3_mh114\airfoils\sample_637.dat,0.13402114857192168,0.30861723446893785,2.230437806671759e-09,2.356746969453538e-09,0.2520263493050075,0.318010716274133,0.3265912659214221,0.41012269905255255,0.37650481329803487,0.4431249209760839,-0.1288784720853235,-0.011476754637105055,-0.04505216224772012,0.0777037888151541,0.11221763806728058,0.22487170386437189
sample_638,False,ok,multi_seed_output\seed_3_mh114\airfoils\sample_638.dat,0.13224781444759015,0.30861723446893785,2.230437806671759e-09,2.356746969453538e-09,0.20706304944883033,0.3768853841890278,0.3734824868862202,0.29698955583264314,0.31836706180963076,0.38646649887296575,-0.05774655933940755,-0.04639037851464469,0.058384737634379597,-0.025180432358788758,0.05606742280656735,0.18378676523335796
sample_639,False,ok,multi_seed_output\seed_3_mh114\airfoils\sample_639.dat,0.1334431229369311,0.3306613226452906,2.230437806671759e-09,2.356746969453538e-09,0.19570112215190427,0.31504676567618056,0.38049567398328116,0.34472849952241413,0.3052712451015782,0.35038792561514576,-0.15289219757843542,0.013954515906941634,-0.032668746032673834,0.0015640113476495313,0.09241911898587908,0.2515075702360566
sample_640,False,ok,multi_seed_output\seed_3_mh114\airfoils\sample_640.dat,0.1283700083046987,0.250501002004008,2.230437806671759e-09,2.356746969453538e-09,0.26955506593668,0.33066970654140737,0.2946220470546479,0.37986118691198906,0.3275868162772347,0.34645238494487174,-0.11534940424686971,-0.06297024540839054,0.06300085255947599,0.03375957005295861,0.07481366275343457,0.22831513279713422
sample_641,False,ok,multi_seed_output\seed_3_mh114\airfoils\sample_641.dat,0.12744495844975956,0.35270541082164325,2.230437806671759e-09,2.356746969453538e-09,0.24785681697675516,0.2920026713880974,0.343635534860477,0.37416919226066503,0.30461248340808417,0.4238082060769928,-0.06725194297854863,-0.0003227789808179643,-0.030521899664889458,0.013531139691316425,0.08086990949131131,0.15356938948851534
sample_642,False,ok,multi_seed_output\seed_3_mh114\airfoils\sample_642.dat,0.14555478536779334,0.2725450901803607,2.230437806671759e-09,2.356746969453538e-09,0.27243449264274366,0.39084123883418453,0.28541324625307335,0.3673456304351564,0.29375367297247656,0.4583885659287532,-0.1238118315657113,-0.045381162473840574,-0.03613668621592517,-0.004162693823014905,0.10006477100101924,0.16481711877298696
sample_643,False,ok,multi_seed_output\seed_3_mh114\airfoils\sample_643.dat,0.11810319527746152,0.3386773547094188,2.230437806671759e-09,2.356746969453538e-09,0.223726173177583,0.30336989959030186,0.38499899837671975,0.31977612786848425,0.3180155505304418,0.37026278973179794,-0.05467986273915337,0.02358802381177763,0.010640265011883837,0.053409320196327145,0.061522271955578516,0.27328885985297796
sample_644,False,ok,multi_seed_output\seed_3_mh114\airfoils\sample_644.dat,0.14554132072524664,0.280561122244489,2.230437806671759e-09,2.356746969453538e-09,0.3069164237094279,0.38194871105307504,0.4079146912555226,0.2902249807783787,0.3974175494000508,0.3998856857757822,-0.1512804325460676,0.031854300785345055,0.00028961101475362405,-0.01706432161492348,0.07852244243708933,0.20740306894912258
sample_645,False,ok,multi_seed_output\seed_3_mh114\airfoils\sample_645.dat,0.1453673398109761,0.31462925851703405,2.230437806671759e-09,2.356746969453538e-09,0.2257912141213956,0.38790087761767955,0.39336458654178713,0.3747249484980908,0.39896556607409217,0.445786307552556,-0.09718020012189127,-0.0540321449872509,0.05628651612407436,-0.02998174375204369,0.14413136315502476,0.21562127405463805
sample_646,False,ok,multi_seed_output\seed_3_mh114\airfoils\sample_646.dat,0.12470417564677469,0.3166332665330661,2.230437806671759e-09,2.356746969453538e-09,0.21877921706543624,0.31741437440624365,0.3794839399884286,0.36376398208187766,0.370239692345645,0.35475667999600974,-0.08432910385303177,-0.03048029996774812,0.06048557236806881,0.05223272697131867,0.07325839813582928,0.1728229590850101
sample_647,False,ok,multi_seed_output\seed_3_mh114\airfoils\sample_647.dat,0.1277873260252578,0.3687374749498998,2.230437806671759e-09,2.356746969453538e-09,0.2371183057616412,0.3115738305602671,0.393644558750265,0.41238414251461336,0.3921374417846996,0.4152114289257366,-0.0404589933146685,-0.008720104339035778,0.0532000593005007,0.02743477449440003,0.10563725009137015,0.16519507941170783
sample_648,False,ok,multi_seed_output\seed_3_mh114\airfoils\sample_648.dat,0.13224709743124774,0.2925851703406813,2.230437806671759e-09,2.356746969453538e-09,0.3233748649465928,0.34960705252654345,0.40835162599224273,0.2910968751769266,0.4230898083489676,0.38282726490280544,-0.04485337015255747,0.02052753901143828,-0.005623790242173209,0.08792719310212758,0.09121337384431606,0.24448239205185418
sample_649,False,ok,multi_seed_output\seed_3_mh114\airfoils\sample_649.dat,0.1346220024544533,0.23847695390781562,2.230437806671759e-09,2.356746969453538e-09,0.29645917483989037,0.3198916719516553,0.3133238794230486,0.2856083436667001,0.2939750583861627,0.3943016508998339,-0.11041260413367181,-0.08071042564960501,0.01931101042344742,0.019459442050133946,0.11478591968155155,0.16332607800794935
sample_650,False,ok,multi_seed_output\seed_3_mh114\airfoils\sample_650.dat,0.14921217522823335,0.3006012024048096,2.230437806671759e-09,2.356746969453538e-09,0.22068303137681955,0.3828666706186933,0.36527956468253564,0.3417862066421929,0.3349325529289274,0.3780847771704344,-0.14179719767543175,-0.028668162006049873,-0.055297228141883606,0.00768050059524128,0.1359597638819418,0.2240426193902685
sample_651,False,ok,multi_seed_output\seed_3_mh114\airfoils\sample_651.dat,0.1454830989500076,0.35270541082164325,2.230437806671759e-09,2.356746969453538e-09,0.21351963960154066,0.3426043592140315,0.3688639866736164,0.4081743612830444,0.30520190211278775,0.43387439320136667,-0.06103653441843823,-0.049260516766713364,-0.03568472255297196,-0.008019565888177007,0.06803446990893786,0.24134842302975065
sample_652,False,ok,multi_seed_output\seed_3_mh114\airfoils\sample_652.dat,0.15329377757409252,0.31462925851703405,2.230437806671759e-09,2.356746969453538e-09,0.2631357614116358,0.3660523282039223,0.4048133281083829,0.386261995724051,0.38958652542954275,0.4093500460287951,-0.14147982155442634,-0.047190593639672575,0.017814338936936708,-0.013873676370168175,0.042711803553751336,0.2125175190144054
sample_653,False,ok,multi_seed_output\seed_3_mh114\airfoils\sample_653.dat,0.12477023285566806,0.25250501002004005,2.230437806671759e-09,2.356746969453538e-09,0.2448242678771288,0.3758494601916656,0.33103952374696705,0.3261302182915729,0.33947150272081866,0.4581844246291422,-0.11747266509893174,0.0006294478246261365,0.06726270741264166,0.03456301168096511,0.13932034451178055,0.24284353056443908
sample_654,False,ok,multi_seed_output\seed_3_mh114\airfoils\sample_654.dat,0.12318350746101564,0.31462925851703405,2.230437806671759e-09,2.356746969453538e-09,0.23414061955320775,0.3286584281285949,0.3555704296177911,0.3771612313585522,0.4140852734812239,0.4257638894018977,-0.14521489977336816,0.039983578208310874,0.03016790487744815,0.03650577614574846,0.1505087021571574,0.2737013000718816
sample_655,False,ok,multi_seed_output\seed_3_mh114\airfoils\sample_655.dat,0.1396204715268769,0.2945891783567134,2.230437806671759e-09,2.356746969453538e-09,0.24168458365667025,0.3899331113270546,0.39692727432719194,0.3187034765572797,0.38135083906595985,0.37452528900251425,-0.10891815374025661,-0.026853078954311993,0.07141345550635132,-0.023551239430966125,0.06987972063283632,0.17009521455358934
sample_656,False,ok,multi_seed_output\seed_3_mh114\airfoils\sample_656.dat,0.12498376537110274,0.3006012024048096,2.230437806671759e-09,2.356746969453538e-09,0.22180343430396843,0.3124240142836783,0.28256365194319544,0.2989729262189118,0.3006498637907948,0.3536402990193047,-0.03471034358523295,-0.0752470699783552,-0.05004050878687353,0.033002921552811926,0.1200430945241199,0.23844902915385263
sample_657,False,ok,multi_seed_output\seed_3_mh114\airfoils\sample_657.dat,0.13207601791808915,0.2925851703406813,2.230437806671759e-09,2.356746969453538e-09,0.21611390312967377,0.2839068172494129,0.35411437892999004,0.3322855350270251,0.31781836748847186,0.3576864948998614,-0.13263962296730886,-0.07167329518181267,-0.01690650731926016,0.04970053819909087,0.12521744258582523,0.23397138296219747
sample_658,False,ok,multi_seed_output\seed_3_mh114\airfoils\sample_658.dat,0.11461738928353302,0.31462925851703405,2.230437806671759e-09,2.356746969453538e-09,0.21751803390154303,0.3454162122993482,0.3461621846093261,0.29440391257702375,0.3440733484987533,0.34443673268709923,-0.04896858767793333,0.018636632952756846,0.04481491229319026,0.02395011396519678,0.09357942600568923,0.2122226081279911
sample_659,False,ok,multi_seed_output\seed_3_mh114\airfoils\sample_659.dat,0.13665020983964965,0.25851703406813625,2.230437806671759e-09,2.356746969453538e-09,0.2559525964676854,0.3694476370300992,0.3365716174537888,0.3432764835813681,0.34843676887096875,0.3492931398449509,-0.1470240925346302,-0.03706853289252636,0.05748110397186611,-0.0012731708656462254,0.08376569478404394,0.2035409484018566
sample_660,False,ok,multi_seed_output\seed_3_mh114\airfoils\sample_660.dat,0.10756572207460575,0.3366733466933867,2.230437806671759e-09,2.356746969453538e-09,0.2932257678857646,0.2631693323444412,0.29410266853084405,0.317724036962627,0.3667189326051108,0.38870482870231277,-0.07378688652114752,0.041077266972727414,0.013720497535763973,-0.01686132924421536,0.1269854118812539,0.20071567674923063
sample_661,False,ok,multi_seed_output\seed_3_mh114\airfoils\sample_661.dat,0.12789896250778088,0.35270541082164325,2.230437806671759e-09,2.356746969453538e-09,0.22466007634343377,0.33544655015435193,0.37567082970347365,0.3278263428615134,0.337994599295142,0.34941706090000285,-0.04876487672466244,0.035057400765391905,-0.028496560806803187,0.0012830397752272085,0.10771366698814488,0.21890448529581397
sample_662,False,ok,multi_seed_output\seed_3_mh114\airfoils\sample_662.dat,0.13108356704254923,0.2885771543086172,2.230437806671759e-09,2.356746969453538e-09,0.21067048303110672,0.3686592648851999,0.33790069980871157,0.3637297651044451,0.3210626039291392,0.3676140210641313,-0.09912079586805989,-0.026318413660754728,0.003469317755172875,0.08087165248018931,0.08991304144953682,0.2764549330808491
sample_663,False,ok,multi_seed_output\seed_3_mh114\airfoils\sample_663.dat,0.14799030939887345,0.2945891783567134,2.230437806671759e-09,2.356746969453538e-09,0.20819811899754612,0.3871989754581262,0.3340605123144391,0.3793203863306073,0.3520830096229902,0.3591488128249163,-0.15081230328977327,-0.07389764188660941,0.009647000657239155,0.0002980135398413658,0.0447467260868476,0.15493403632757943
sample_664,False,ok,multi_seed_output\seed_3_mh114\airfoils\sample_664.dat,0.13097984166647786,0.3006012024048096,2.230437806671759e-09,2.356746969453538e-09,0.2693186839641324,0.35989850361332765,0.28447226442545703,0.3937480294373733,0.3935222474485414,0.33736470308777133,-0.05591540747867968,-0.019045979789754197,-0.04142341562730534,0.08464586233071854,0.0819551000812263,0.27261258499371593
sample_665,False,ok,multi_seed_output\seed_3_mh114\airfoils\sample_665.dat,0.15012797783679172,0.280561122244489,2.230437806671759e-09,2.356746969453538e-09,0.32056231860589324,0.3241236754630916,0.31813947510371726,0.3572432538030452,0.4216557175801997,0.42509263166839667,-0.13643643872569786,-0.06707572585988622,-0.05734218551227668,-0.013386636879154819,0.14960772334581784,0.2066943030109007
sample_666,False,ok,multi_seed_output\seed_3_mh114\airfoils\sample_666.dat,0.11380842099772187,0.2925851703406813,2.230437806671759e-09,2.356746969453538e-09,0.24175535982828156,0.3262163848117889,0.37878101290784916,0.30569194341660716,0.32456795900381025,0.44362301539560645,-0.09320407421491328,0.04220681449440518,0.057852786275554444,0.06869545607490125,0.06999068968805405,0.22251096023721686
sample_667,False,ok,multi_seed_output\seed_3_mh114\airfoils\sample_667.dat,0.13668566445179178,0.30861723446893785,2.230437806671759e-09,2.356746969453538e-09,0.288235075518642,0.2822791772093177,0.39159653728893024,0.3743001999209358,0.40418281827513663,0.43813899605285456,-0.1467889728568097,-0.026260279518013026,0.008028709811510257,0.05291861703417189,0.028328559910570494,0.19407719985062383
sample_668,False,ok,multi_seed_output\seed_3_mh114\airfoils\sample_668.dat,0.13085431906167808,0.2745490981963928,2.230437806671759e-09,2.356746969453538e-09,0.2731826599060274,0.3259731813324822,0.3190140716608217,0.29461225949555153,0.3902550725185338,0.36654290280750645,-0.10793922526507768,-0.027626808280597583,-0.02569481153884054,0.05053843047596314,0.03701912923440959,0.2533385695407484
sample_669,False,ok,multi_seed_output\seed_3_mh114\airfoils\sample_669.dat,0.13482550692093673,0.2785571142284569,2.230437806671759e-09,2.356746969453538e-09,0.2385170102290894,0.38672586522096186,0.3683459923508949,0.39845537200766806,0.3943842882492756,0.45133100669186466,-0.15759762022458856,0.01079309110520818,0.053555952068920984,0.09022087098325884,0.027972450268306685,0.1583095587225823
sample_670,False,ok,multi_seed_output\seed_3_mh114\airfoils\sample_670.dat,0.13011911853857777,0.3306613226452906,2.230437806671759e-09,2.356746969453538e-09,0.26683983327711747,0.3044894368195601,0.40940344818057894,0.37447130359770536,0.3491122784833921,0.3406528459257811,-0.14312893950289074,0.00962717175321312,0.070093299173015,0.0014737726959468678,0.028258754898551345,0.17927356832799074
sample_671,False,ok,multi_seed_output\seed_3_mh114\airfoils\sample_671.dat,0.13365016346388778,0.25851703406813625,2.230437806671759e-09,2.356746969453538e-09,0.3157884541269139,0.3146451335625851,0.38910185792270124,0.32974324801064286,0.32923384662842287,0.4097357138545715,-0.09855749836837976,-0.03683585978384609,0.03220955114520113,0.08950976442676906,0.08352524533405617,0.24341433533637635
sample_672,False,ok,multi_seed_output\seed_3_mh114\airfoils\sample_672.dat,0.13680804417982478,0.2945891783567134,2.230437806671759e-09,2.356746969453538e-09,0.2666711142547813,0.37199312258053535,0.3907402337817938,0.38407190596895535,0.32952452791932424,0.3404807867205652,-0.11129701257235121,-0.0030275357970229455,0.056987836920829066,0.01943622363219967,0.09729216885461239,0.2014672699963501
sample_673,False,ok,multi_seed_output\seed_3_mh114\airfoils\sample_673.dat,0.14869787688283,0.280561122244489,2.230437806671759e-09,2.356746969453538e-09,0.2956151385190577,0.35384048240538796,0.3784169645222297,0.3344271340928412,0.4107703268628099,0.45005555058845087,-0.10806561790161484,-0.05664401282345663,-0.03302249661395182,0.0706374961006117,0.09994065150353362,0.18225043168603405
sample_674,False,ok,multi_seed_output\seed_3_mh114\airfoils\sample_674.dat,0.12303151456187882,0.3306613226452906,2.230437806671759e-09,2.356746969453538e-09,0.22237578526611027,0.2780863683437247,0.390563214851472,0.3204238700142991,0.41249630376304974,0.36333386487325486,-0.13490217691176082,0.006705521812517393,0.022799604532964743,0.020078803032602524,0.1188378951456294,0.20619779238245492
sample_675,False,ok,multi_seed_output\seed_3_mh114\airfoils\sample_675.dat,0.14293423715807735,0.3166332665330661,2.230437806671759e-09,2.356746969453538e-09,0.21410311495173512,0.33581854366981195,0.3879319554695005,0.35881061406004877,0.36274495246506844,0.3490880350430536,-0.1551793771396182,-0.04254554383370436,0.00607713843702154,0.005803907297288045,0.03776014126254455,0.22779871650195077
sample_676,False,ok,multi_seed_output\seed_3_mh114\airfoils\sample_676.dat,0.13039213655957935,0.35270541082164325,2.230437806671759e-09,2.356746969453538e-09,0.26898596568494865,0.29230514828834686,0.4067897923824376,0.4050333601777927,0.3103606174107206,0.4205849234107997,-0.048858041362633164,0.027309442506115222,-0.03834155671009937,0.07019089680485477,0.1449803455387532,0.23513690290481096
sample_677,False,ok,multi_seed_output\seed_3_mh114\airfoils\sample_677.dat,0.1167340122263891,0.31462925851703405,2.230437806671759e-09,2.356746969453538e-09,0.2337345152493851,0.28575764860551245,0.3226036858732373,0.34668832126380894,0.38863074108433904,0.3862382963557317,-0.04306326360847165,-0.05518730163603464,0.03300457403061409,0.07365959581539461,0.06486441502151206,0.2750091854060527
sample_678,False,ok,multi_seed_output\seed_3_mh114\airfoils\sample_678.dat,0.1340096692554348,0.3226452905811623,2.230437806671759e-09,2.356746969453538e-09,0.2330413824108723,0.32825651908948866,0.3415583351245001,0.33994905128691283,0.40951511845641636,0.3916890440416666,-0.1418851558332764,-0.014902678365126987,0.0007278264136509546,-0.0159750154162112,0.062476929582479086,0.2593031029488801
sample_679,False,ok,multi_seed_output\seed_3_mh114\airfoils\sample_679.dat,0.14057265199428046,0.25851703406813625,2.230437806671759e-09,2.356746969453538e-09,0.29010188568073664,0.3853968908586858,0.3055612989478141,0.3342615557020121,0.29739672150406643,0.42065138245339045,-0.11004673772612009,-0.04302039453059109,0.007851432865393623,0.012645844703420207,0.06239049662590943,0.20662822780184953
sample_680,False,ok,multi_seed_output\seed_3_mh114\airfoils\sample_680.dat,0.13929643445353607,0.23246492985971942,2.230437806671759e-09,2.356746969453538e-09,0.31044493229654047,0.32394601804041445,0.28374356962387604,0.336237807256365,0.3503247879742396,0.3700704314174894,-0.15245625073125857,-0.05356214817154557,-0.03325166627346333,0.05878447620882933,0.10373175575766873,0.25792290414737323
sample_681,False,ok,multi_seed_output\seed_3_mh114\airfoils\sample_681.dat,0.11486888915289353,0.25851703406813625,2.230437806671759e-09,2.356746969453538e-09,0.27607595209037306,0.27017279448591974,0.35180119650859576,0.31433698594976484,0.3056214927011914,0.35778227909105625,-0.11077514907625202,-0.010055696695940905,0.05901964165615367,0.062235705904823954,0.028702386261400207,0.18699965048145487
sample_682,False,ok,multi_seed_output\seed_3_mh114\airfoils\sample_682.dat,0.1394904509163889,0.3306613226452906,2.230437806671759e-09,2.356746969453538e-09,0.3130652192008621,0.2719072847385583,0.390468136703835,0.3208654968020307,0.40110700271216065,0.36082430991884756,-0.04801560155287157,-0.0666850658097719,-0.021758219946157724,-0.010075707540744105,0.10162849579301558,0.15784984314635414
sample_683,False,ok,multi_seed_output\seed_3_mh114\airfoils\sample_683.dat,0.1328346852594287,0.2725450901803607,2.230437806671759e-09,2.356746969453538e-09,0.28430862848303307,0.33713357508103375,0.31434894340811326,0.3702204423381078,0.2946804698668319,0.421731042611204,-0.04993344481998477,-0.08102477132183473,0.016040640209550025,0.07276295567669726,0.06268098507707928,0.23338112502831515
sample_684,False,ok,multi_seed_output\seed_3_mh114\airfoils\sample_684.dat,0.13221460766033702,0.2785571142284569,2.230437806671759e-09,2.356746969453538e-09,0.2097557390124051,0.3488089435986623,0.35238919215882175,0.28859868824084833,0.33182597518532175,0.4394821761616303,-0.14445130422114524,-0.006815835965241893,-0.04897550403947972,0.09014429982423332,0.13587151897614447,0.24839041385577107
sample_685,False,ok,multi_seed_output\seed_3_mh114\airfoils\sample_685.dat,0.12762931629034918,0.30861723446893785,2.230437806671759e-09,2.356746969453538e-09,0.2244879753605372,0.35515743958623736,0.2992641992671129,0.30933190088271,0.4178300040702601,0.4294612359572995,-0.07684939385693958,-0.022976553039648684,-0.009503316686331732,-0.009973324660890286,0.13665007577647809,0.25389574740457155
sample_686,False,ok,multi_seed_output\seed_3_mh114\airfoils\sample_686.dat,0.11944223312639214,0.25250501002004005,2.230437806671759e-09,2.356746969453538e-09,0.29428296637318996,0.30005280723416283,0.282372924071045,0.4065764461626397,0.41569798936837704,0.39327526640401156,-0.061376013237840615,-0.06891854667373636,0.06987490619606852,0.09332627225491119,0.11135931705391026,0.22794802026484784
sample_687,False,ok,multi_seed_output\seed_3_mh114\airfoils\sample_687.dat,0.12098241432935919,0.25250501002004005,2.230437806671759e-09,2.356746969453538e-09,0.2479498141696229,0.3112480397105661,0.30884389048286853,0.2841000363477081,0.3841810125072131,0.4345821168204952,-0.08208677475586572,-0.08081008245267099,0.06778539216585307,0.04788672941973526,0.06414645978936553,0.2045345238455933
sample_688,False,ok,multi_seed_output\seed_3_mh114\airfoils\sample_688.dat,0.14511692753689218,0.30861723446893785,2.230437806671759e-09,2.356746969453538e-09,0.28512808145243485,0.28363951778446306,0.40068794161780974,0.34996991950599393,0.3235606364821727,0.4413826548991856,-0.1091897151462168,-0.06822309374895372,-0.03913279474852277,0.025710862268375725,0.10507971430747926,0.22188207507927477
sample_689,False,ok,multi_seed_output\seed_3_mh114\airfoils\sample_689.dat,0.13331593302129646,0.3607214428857715,2.230437806671759e-09,2.356746969453538e-09,0.20003675649629463,0.26534576404593685,0.36960885859170955,0.40530708140897037,0.3157627647460847,0.4372199517547733,-0.11728722901396696,-0.03657253649827326,-0.018933861880506497,0.0004794934288714567,0.11233836865490454,0.1676292518444162
sample_690,False,ok,multi_seed_output\seed_3_mh114\airfoils\sample_690.dat,0.144327308758653,0.2745490981963928,2.230437806671759e-09,2.356746969453538e-09,0.28358651160280146,0.3834637809786618,0.3264724294321978,0.39667598552809513,0.3820967322803983,0.4224309225210014,-0.1005119769099517,-0.06468996079161865,0.028753902473435067,0.033604967441892425,0.059385764548101565,0.2519449264276272
sample_691,False,ok,multi_seed_output\seed_3_mh114\airfoils\sample_691.dat,0.12962977247850677,0.3166332665330661,2.230437806671759e-09,2.356746969453538e-09,0.2901955999986957,0.3101226427400341,0.3409539244574388,0.3808725601507697,0.3696920518363149,0.35635265598059895,-0.042976940298742744,-0.06699039462615752,0.0647269066297957,-0.006651895012094219,0.05515494358541465,0.1568171932914259
sample_692,False,ok,multi_seed_output\seed_3_mh114\airfoils\sample_692.dat,0.13695945331456685,0.39078156312625245,2.230437806671759e-09,2.356746969453538e-09,0.24599675929286782,0.2752466416335306,0.37117504132805224,0.41355361726265466,0.37059616388432326,0.4021897856628295,-0.03600905356224782,-0.025514289584095358,-0.022490564342599564,-0.03205764945320925,0.11352699655245165,0.16907923731092758
sample_693,False,ok,multi_seed_output\seed_3_mh114\airfoils\sample_693.dat,0.12969812669377467,0.26452905811623245,2.230437806671759e-09,2.356746969453538e-09,0.23279801313432746,0.2712503698621577,0.34864139576053077,0.284225086050065,0.3674157492145906,0.4613230919576151,-0.16105971931573865,-0.08574516724014025,0.03390115643233277,0.026276367281400308,0.0263415824095347,0.16387202273993506
sample_694,False,ok,multi_seed_output\seed_3_mh114\airfoils\sample_694.dat,0.12925336692069556,0.25851703406813625,2.230437806671759e-09,2.356746969453538e-09,0.31919025882317753,0.30957862481214315,0.35248817574328917,0.3078191107458866,0.3247180461735764,0.4325000269235384,-0.0951210034147214,-0.037179112446210597,0.059655383394739706,-0.018522142562973035,0.11625871302563354,0.19706355613934165
sample_695,False,ok,multi_seed_output\seed_3_mh114\airfoils\sample_695.dat,0.1407697847688313,0.30861723446893785,2.230437806671759e-09,2.356746969453538e-09,0.24839376567126192,0.3232194975470946,0.3702647273659891,0.30138746943745076,0.349847588869157,0.38032319013496674,-0.04556061260625727,-0.08179046106968813,-0.051274579413589545,0.058186928221447096,0.031004635036702047,0.2342292127015453
sample_696,False,ok,multi_seed_output\seed_3_mh114\airfoils\sample_696.dat,0.1440508104380666,0.2785571142284569,2.230437806671759e-09,2.356746969453538e-09,0.26222902907434836,0.33733828867827664,0.2980297882250176,0.36103884041950063,0.35056244136706577,0.3847495973848306,-0.14664985107591186,-0.07420330888751848,-0.03109815622136594,-0.002647977844819946,0.07620098523171107,0.16098295556585102
sample_697,False,ok,multi_seed_output\seed_3_mh114\airfoils\sample_697.dat,0.13461510067153323,0.34669338677354705,2.230437806671759e-09,2.356746969453538e-09,0.23790655874828598,0.33901675434843936,0.38566247452027785,0.3707939257167472,0.41748274183512113,0.3646771759240828,-0.050559791760434084,0.004661640947488499,-0.024004371299668925,0.043211666283456754,0.1254639915098334,0.22420713394756966
sample_698,False,ok,multi_seed_output\seed_3_mh114\airfoils\sample_698.dat,0.13841973844435676,0.2945891783567134,2.230437806671759e-09,2.356746969453538e-09,0.2633218997553475,0.3230023329608343,0.35311097963065924,0.29409732029856606,0.37695223825610213,0.41104371015739455,-0.09272541241391427,-0.07779199182787361,0.015686000985157128,-0.02625203632180349,0.02812423305568066,0.24663615907744346
sample_699,False,ok,multi_seed_output\seed_3_mh114\airfoils\sample_699.dat,0.13504623337550334,0.35270541082164325,2.230437806671759e-09,2.356746969453538e-09,0.2146005427548619,0.26841489900349186,0.3434658887746935,0.38928626536825467,0.3611648331791772,0.4004314371347416,-0.1383715661548843,-0.052638194975834295,-0.024437712961839116,0.006769646458581725,0.032428300958265176,0.23909561455624018
sample_700,False,ok,multi_seed_output\seed_3_mh114\airfoils\sample_700.dat,0.14354013368890056,0.2945891783567134,2.230437806671759e-09,2.356746969453538e-09,0.2532793369412869,0.35120500619876033,0.3005433609686431,0.3932718932319762,0.41481574498112805,0.36627306632965495,-0.1388007862803282,-0.05430457356105573,-0.041630250749965306,0.0508508351686871,0.026447495766019083,0.17693715249096434
sample_701,False,ok,multi_seed_output\seed_3_mh114\airfoils\sample_701.dat,0.120056934060212,0.30861723446893785,2.230437806671759e-09,2.356746969453538e-09,0.2008395549932503,0.30547936812078047,0.35263703165257193,0.3293639499619463,0.40593373727864734,0.41999566086131185,-0.06289188880233511,-0.06107952315338102,0.06424757089831144,0.030317398894210548,0.13653989313434114,0.2668361038410108
sample_702,False,ok,multi_seed_output\seed_3_mh114\airfoils\sample_702.dat,0.11426581437386585,0.30861723446893785,2.230437806671759e-09,2.356746969453538e-09,0.20498801206709577,0.2810285410673471,0.37634031739592533,0.3023245205737168,0.3767261406575227,0.4067329298251353,-0.057791117364444686,-0.03961920585825077,0.05545957233349884,0.06471004129874802,0.11981582105389338,0.2335156710713303
sample_703,False,ok,multi_seed_output\seed_3_mh114\airfoils\sample_703.dat,0.13705192062839935,0.2865731462925851,2.230437806671759e-09,2.356746969453538e-09,0.27703351765141543,0.35545292647925447,0.2950728776242382,0.30211597656375794,0.38149099203302617,0.3941025132959187,-0.03774286264527138,-0.07869994652902518,-0.034379274394327905,0.011947162632245586,0.12639319202623606,0.19331816985240294
sample_704,False,ok,multi_seed_output\seed_3_mh114\airfoils\sample_704.dat,0.14267425209042803,0.3166332665330661,2.230437806671759e-09,2.356746969453538e-09,0.27104677682573824,0.32197817442168075,0.386840094791563,0.39459466770278806,0.343981654676203,0.4633738457868747,-0.09618337425004836,-0.03583353866556056,-0.030824338031298477,0.06356784217215133,0.07416171803996471,0.20944718044285654
sample_705,False,ok,multi_seed_output\seed_3_mh114\airfoils\sample_705.dat,0.11247314229898635,0.3246492985971944,2.230437806671759e-09,2.356746969453538e-09,0.2630136473332955,0.2926853920846049,0.28656638271162904,0.3908750415143014,0.3179479576588846,0.34804943266803934,-0.12589932567865178,0.040375391982968314,0.030354660973939254,0.018512393063134736,0.03566249543691805,0.18865832722545428
sample_706,False,ok,multi_seed_output\seed_3_mh114\airfoils\sample_706.dat,0.11660203860302366,0.3386773547094188,2.230437806671759e-09,2.356746969453538e-09,0.20253688317266708,0.30595724232317006,0.28364428655963947,0.3100364697832305,0.39694459853879793,0.40563686909732477,-0.13908928738626822,0.04215862848415401,-0.037814763822494,-0.016628185065045365,0.13240048804910998,0.2564966223383044
sample_707,False,ok,multi_seed_output\seed_3_mh114\airfoils\sample_707.dat,0.13357360671834734,0.3006012024048096,2.230437806671759e-09,2.356746969453538e-09,0.30736045218106145,0.291191838883238,0.34729015259555973,0.3269028382372401,0.29726576938980454,0.40633491569580044,-0.05509980510351338,-0.06013469433507035,-0.01203114779596802,0.00626798529161484,0.04336098889354062,0.2407450614227553
sample_708,False,ok,multi_seed_output\seed_3_mh114\airfoils\sample_708.dat,0.13419717290667538,0.2945891783567134,2.230437806671759e-09,2.356746969453538e-09,0.28774283369254977,0.2730080788084004,0.3961130441011025,0.3128774257335218,0.4102786128197441,0.34659909469468897,-0.08508012040850899,-0.0801651807748869,0.02944882016413368,0.020679494118938796,0.13542021512348396,0.16032046641711897
sample_709,False,ok,multi_seed_output\seed_3_mh114\airfoils\sample_709.dat,0.13242666660674252,0.374749498997996,2.230437806671759e-09,2.356746969453538e-09,0.22938272459874234,0.3128681456689082,0.4059397702381421,0.38646239452365166,0.41311962850393724,0.43568645960176644,-0.10942954600707647,-0.007249657242891838,0.06868482389039261,-0.00613445798673732,0.029949984447825935,0.1968319621478335
sample_710,False,ok,multi_seed_output\seed_3_mh114\airfoils\sample_710.dat,0.1465581512500482,0.24649298597194386,2.230437806671759e-09,2.356746969453538e-09,0.3202278693359748,0.32699950598279615,0.35595638389485035,0.33311709194291234,0.3966111583165433,0.39875065241184565,-0.13414966068406628,-0.08645982629987128,0.01397669642220331,0.06320897674021625,0.03194494955893747,0.1624369595860545
sample_711,False,ok,multi_seed_output\seed_3_mh114\airfoils\sample_711.dat,0.12067562088420197,0.31462925851703405,2.230437806671759e-09,2.356746969453538e-09,0.20464303343225573,0.33232902818538623,0.3101374858104379,0.37992692040309517,0.3516627435689097,0.4450415744309209,-0.16122665330304034,0.018482012254502217,0.05290562063759695,-0.030659854954214867,0.1463370136745183,0.21912282285031476
sample_712,False,ok,multi_seed_output\seed_3_mh114\airfoils\sample_712.dat,0.12075758757647352,0.31462925851703405,2.230437806671759e-09,2.356746969453538e-09,0.2525194861938762,0.3272532565108918,0.3327772805443663,0.3309762642452423,0.343604893296405,0.4306449480756461,-0.034631901120842246,-0.038940045982634834,0.06846802271436696,0.0014291068335491944,0.027718766630799762,0.25734835573694737
sample_713,False,ok,multi_seed_output\seed_3_mh114\airfoils\sample_713.dat,0.14181964244463197,0.3226452905811623,2.230437806671759e-09,2.356746969453538e-09,0.2253802517198432,0.3300636809734592,0.29187003316884025,0.3911818289232812,0.37700343523352087,0.45632317931895816,-0.1092949203184436,-0.07450740281709577,-0.05447874325095323,0.01133487044376879,0.04553070448476048,0.24277349944383464
sample_714,False,ok,multi_seed_output\seed_3_mh114\airfoils\sample_714.dat,0.13149763792868024,0.280561122244489,2.230437806671759e-09,2.356746969453538e-09,0.2171178182828451,0.3574301788306115,0.3346353505126304,0.3113337924970483,0.3434148048252104,0.36787272231052204,-0.08600399324712533,-0.05419250829777417,0.0008478407803494681,0.0589445337193817,0.12170149295326654,0.17601333080850093
sample_715,False,ok,multi_seed_output\seed_3_mh114\airfoils\sample_715.dat,0.1288817445896366,0.3306613226452906,2.230437806671759e-09,2.356746969453538e-09,0.271716376565461,0.33766523735794396,0.3615602626264487,0.3527544690089399,0.3058449958449611,0.4364125031864695,-0.08644458188286602,0.030543436935979065,0.003568560959105002,0.0030538858804149624,0.06443877508034503,0.1475258606142844
sample_716,False,ok,multi_seed_output\seed_3_mh114\airfoils\sample_716.dat,0.11681003444286962,0.280561122244489,2.230437806671759e-09,2.356746969453538e-09,0.29685926410912256,0.31005604890107974,0.32343503419517505,0.361589426711979,0.3698010166467587,0.41743582088526077,-0.10552765858742111,0.024917614047255496,0.06575504896165786,0.025987845463075213,0.03082052956639106,0.20404234586204006
sample_717,False,ok,multi_seed_output\seed_3_mh114\airfoils\sample_717.dat,0.12670874078917044,0.3306613226452906,2.230437806671759e-09,2.356746969453538e-09,0.21987435227176658,0.2831811566222582,0.30943467532982727,0.34964927741829555,0.3381839997812021,0.414724236487228,-0.12955917740326744,-0.014166676323897898,-0.054369298354726675,0.032972035515533626,0.027373415304989372,0.2683538337441105
sample_718,False,ok,multi_seed_output\seed_3_mh114\airfoils\sample_718.dat,0.14096579095220527,0.3166332665330661,2.230437806671759e-09,2.356746969453538e-09,0.23081249332395556,0.3249577464353436,0.3442620761345253,0.4108383377207634,0.42115865467065544,0.3459531156852013,-0.15406223614780398,-0.02078096939599834,-0.050305192561611464,0.04701037050270604,0.14577602126722355,0.2707245178439819
sample_719,False,ok,multi_seed_output\seed_3_mh114\airfoils\sample_719.dat,0.13267359760084396,0.30260521042084165,2.230437806671759e-09,2.356746969453538e-09,0.30292705327751773,0.28732126747778086,0.30639258423138865,0.3614399515802559,0.3755134181369947,0.36073509673360826,-0.10518584279148604,-0.038109993712595366,-0.033812549418813766,0.01910548209329812,0.03595312229095771,0.23586096719698352
sample_720,False,ok,multi_seed_output\seed_3_mh114\airfoils\sample_720.dat,0.1266628065148574,0.30260521042084165,2.230437806671759e-09,2.356746969453538e-09,0.28101425126526475,0.3418191164003837,0.3058439304603415,0.3663114511064182,0.308947427749671,0.399298638741183,-0.08810485538968632,0.012260741892256802,-0.000872043133730141,0.01058241384094634,0.05075277827373047,0.17076486434922036
sample_721,False,ok,multi_seed_output\seed_3_mh114\airfoils\sample_721.dat,0.13709187248302065,0.25250501002004005,2.230437806671759e-09,2.356746969453538e-09,0.21567855276246312,0.3912949543620411,0.32338970634587566,0.2863352417631544,0.36161335663633304,0.4017476409810538,-0.13972152586938202,-0.0647659043743566,0.05093729431726843,0.006833865522191,0.06888472373283311,0.265930557615509
sample_722,False,ok,multi_seed_output\seed_3_mh114\airfoils\sample_722.dat,0.12285925798933431,0.3607214428857715,2.230437806671759e-09,2.356746969453538e-09,0.19915164504465163,0.3056570156871468,0.3006582165467987,0.3719715649527448,0.35529835806588167,0.3680246361748787,-0.0831177098724887,0.012178676911344125,-0.04888643709524155,0.022985606494882904,0.08200000720433873,0.22320606586674008
sample_723,False,ok,multi_seed_output\seed_3_mh114\airfoils\sample_723.dat,0.13767334605048373,0.30861723446893785,2.230437806671759e-09,2.356746969453538e-09,0.20018330544012758,0.37563715300650674,0.38627508487746476,0.3863165586437041,0.3884561432363498,0.46471011921952754,-0.14790131717702204,-0.005234731730849068,0.01995177483619301,0.08556728896773903,0.046714956079797684,0.1493829403319658
sample_724,False,ok,multi_seed_output\seed_3_mh114\airfoils\sample_724.dat,0.11801695785015916,0.2725450901803607,2.230437806671759e-09,2.356746969453538e-09,0.3249225056258118,0.2914824570222146,0.3969940772982876,0.29730946666254665,0.35434944637169824,0.3772878085297532,-0.0699628408356055,0.035713888648981146,0.027642510606060974,0.09423870969870354,0.10385829713944444,0.17299721704924945
sample_725,False,ok,multi_seed_output\seed_3_mh114\airfoils\sample_725.dat,0.12917588285831794,0.3386773547094188,2.230437806671759e-09,2.356746969453538e-09,0.2319937827848922,0.3015225355541635,0.35741082837184984,0.3900746143273176,0.32714688930837654,0.35021079271565997,-0.09787087220656557,-0.021540207755167698,0.012397541749487859,0.030085349876956644,0.02764499853176834,0.20836966817121025
sample_726,False,ok,multi_seed_output\seed_3_mh114\airfoils\sample_726.dat,0.11942844720878794,0.35270541082164325,2.230437806671759e-09,2.356746969453538e-09,0.2158526033285549,0.2841264299888997,0.35067648036410304,0.35999980437175005,0.3117664591542204,0.36985078518347214,-0.1297933259323742,0.01680553173311615,0.03286077790409132,-0.0006805951502441981,0.025777028797748357,0.2277814091132627
sample_727,False,ok,multi_seed_output\seed_3_mh114\airfoils\sample_727.dat,0.12813402135106056,0.2865731462925851,2.230437806671759e-09,2.356746969453538e-09,0.21554834506292841,0.3907120289562059,0.36915433916757007,0.387847271049803,0.36223097695215,0.4178956572819103,-0.1266215612589071,0.02217879905886952,0.06390762168780062,0.06569369698534291,0.13870290226610998,0.17096105701807143
sample_728,False,ok,multi_seed_output\seed_3_mh114\airfoils\sample_728.dat,0.13760077547884908,0.30260521042084165,2.230437806671759e-09,2.356746969453538e-09,0.24763929713157523,0.3893938559470711,0.30441552673637934,0.3681451239260068,0.2994036382720084,0.38441570711871853,-0.1269415355275249,0.025602879597050585,-0.04785560926501498,-0.020451885251253306,0.14623984872129503,0.21329570275469226
sample_729,False,ok,multi_seed_output\seed_3_mh114\airfoils\sample_729.dat,0.13532728896412213,0.280561122244489,2.230437806671759e-09,2.356746969453538e-09,0.24971663553021123,0.33423834008807124,0.34265331766188967,0.39368749602398606,0.39830047608751906,0.35968998331130553,-0.10093692556381612,-0.07442722097362167,0.035328014975966965,0.06344829186591554,0.1353258392206903,0.20431854648771058
sample_730,False,ok,multi_seed_output\seed_3_mh114\airfoils\sample_730.dat,0.11799844911414334,0.2725450901803607,2.230437806671759e-09,2.356746969453538e-09,0.2509090588844786,0.3795467878590435,0.2897920474290243,0.33304038327074736,0.36122616423362786,0.38836200326359405,-0.03567407698897962,-0.012071729296302222,0.049220451969856624,0.06095535994900646,0.13153863861062381,0.1699693883608269
sample_731,False,ok,multi_seed_output\seed_3_mh114\airfoils\sample_731.dat,0.14045973021150676,0.35270541082164325,2.230437806671759e-09,2.356746969453538e-09,0.24537826993273304,0.36199191405796194,0.35951128794351783,0.40477857740947937,0.3838800059201584,0.355637327656574,-0.043184665045040066,-0.004769757579755965,-0.014591788214121805,-0.03367709879020863,0.14907040672012223,0.27121551450991
sample_732,False,ok,multi_seed_output\seed_3_mh114\airfoils\sample_732.dat,0.11566213095340325,0.2725450901803607,2.230437806671759e-09,2.356746969453538e-09,0.2589776829805751,0.26755550673942413,0.28416278141111406,0.38714068900664783,0.3019756884435585,0.464631354122941,-0.11001059631323866,-0.021778335656415432,-0.00826779902811204,0.09371613819974756,0.12100294098221771,0.27587092686743986
sample_733,False,ok,multi_seed_output\seed_3_mh114\airfoils\sample_733.dat,0.11783631685709255,0.39078156312625245,2.230437806671759e-09,2.356746969453538e-09,0.205066908295201,0.3161340242745134,0.3131146229283973,0.3629191196255194,0.3483527493951972,0.4260628888258644,-0.06953891033429845,0.01968146069424058,0.03508851514807329,-0.022641422457796212,0.022757502445799594,0.20078809011769658
sample_734,False,ok,multi_seed_output\seed_3_mh114\airfoils\sample_734.dat,0.14099478938397553,0.2665330661322645,2.230437806671759e-09,2.356746969453538e-09,0.3123818398322909,0.35960869809685575,0.3023229242430837,0.30244748910525787,0.39273914827812434,0.34117624528151713,-0.08030658878289693,-0.059476182864256655,-0.019897249541741373,0.0034621012045961547,0.04889060924095054,0.1830044457838897
sample_735,False,ok,multi_seed_output\seed_3_mh114\airfoils\sample_735.dat,0.12460289455088182,0.3006012024048096,2.230437806671759e-09,2.356746969453538e-09,0.28391772941203275,0.30255775019244524,0.3259233528069311,0.2957235971070853,0.30742372499468335,0.3420704301663967,-0.11773107802326714,0.03948841939821897,-0.054917646598431284,-0.0015855939330302118,0.11789875575051349,0.14737510690564057
sample_736,False,ok,multi_seed_output\seed_3_mh114\airfoils\sample_736.dat,0.14019075346168383,0.280561122244489,2.230437806671759e-09,2.356746969453538e-09,0.3043299202054869,0.32287938263263616,0.3470858764033158,0.38683231280551744,0.3518583026152663,0.39815128116641085,-0.08373802762389715,-0.08519403061921528,0.02756170318011822,0.04641405757789595,0.04819376171611202,0.1695046306761159
sample_737,False,ok,multi_seed_output\seed_3_mh114\airfoils\sample_737.dat,0.14382769758171593,0.35270541082164325,2.230437806671759e-09,2.356746969453538e-09,0.19732206627007262,0.3711381606451626,0.3838542047617006,0.3821225163813978,0.33133837637439456,0.423210483934234,-0.05691060759229742,-0.006131284427477499,-0.047318333127165914,-0.0009221539942891113,0.10625322016145612,0.18692086443850983
sample_738,False,ok,multi_seed_output\seed_3_mh114\airfoils\sample_738.dat,0.12849114639324102,0.30260521042084165,2.230437806671759e-09,2.356746969453538e-09,0.317902388136309,0.296342323275552,0.38936453714418523,0.3831183278292353,0.3278587786560598,0.42838922247743644,-0.14246939470647427,0.03802923843286225,0.035452116603412465,0.031104638972941315,0.028565242712180798,0.2594101508396789
sample_739,False,ok,multi_seed_output\seed_3_mh114\airfoils\sample_739.dat,0.11511294027861987,0.2885771543086172,2.230437806671759e-09,2.356746969453538e-09,0.23261343424291547,0.3603578025377471,0.3158327355810445,0.32673165934478327,0.39100267327029664,0.42142027789496145,-0.09371612454497626,0.02880391683533437,0.06977799636301006,0.017508762177269974,0.08701816289869249,0.2660642460159385
sample_740,False,ok,multi_seed_output\seed_3_mh114\airfoils\sample_740.dat,0.11879433170557092,0.3306613226452906,2.230437806671759e-09,2.356746969453538e-09,0.2531949115940137,0.2997178634986516,0.36278039492631,0.2984204437843253,0.35695980264833227,0.46550010786295315,-0.08073080857933318,0.025449194969727973,0.008954280188451319,0.03551658446977286,0.030071085265763194,0.18823024991199616
sample_741,False,ok,multi_seed_output\seed_3_mh114\airfoils\sample_741.dat,0.12063222285295164,0.2945891783567134,2.230437806671759e-09,2.356746969453538e-09,0.26703398497732855,0.29622615097516364,0.3172730397661812,0.3930474506631372,0.3142779056696563,0.4041939310854732,-0.0987596524174915,-0.008202970833476472,0.014769851095542658,0.054206628449841865,0.1433780805744046,0.24151156428956888
sample_742,False,ok,multi_seed_output\seed_3_mh114\airfoils\sample_742.dat,0.13606176253781213,0.3386773547094188,2.230437806671759e-09,2.356746969453538e-09,0.3132247111427054,0.27947284427071106,0.405867235997304,0.4056925441271034,0.38086050928180964,0.4489876126560066,-0.05206986269854355,-0.041879603368772465,0.027820829304594064,0.015824959596669567,0.13731138753127092,0.22550959650484997
sample_743,False,ok,multi_seed_output\seed_3_mh114\airfoils\sample_743.dat,0.12256128236537825,0.2925851703406813,2.230437806671759e-09,2.356746969453538e-09,0.21380108756625832,0.3634533474279044,0.28912608983081445,0.36845241700513703,0.404416163012079,0.3630201868995493,-0.10910078459697756,-0.011141162404743221,0.04009006181384299,0.03606126780135449,0.08395527860252454,0.1674499094593764
sample_744,False,ok,multi_seed_output\seed_3_mh114\airfoils\sample_744.dat,0.15713837499536953,0.2945891783567134,2.230437806671759e-09,2.356746969453538e-09,0.23836348657381715,0.3673550345227531,0.38051949533121077,0.4098848173860383,0.29998565565183405,0.4466957613474585,-0.14269611783807382,-0.08635428897776642,-0.026454308439079165,0.027389037827330924,0.1011744349164867,0.2295293412620972
sample_745,False,ok,multi_seed_output\seed_3_mh114\airfoils\sample_745.dat,0.12123975653890517,0.23847695390781562,2.230437806671759e-09,2.356746969453538e-09,0.2740836169217083,0.3475836687427207,0.28642176961714316,0.3508185472188981,0.3200289628018993,0.45707718755209203,-0.14363233745270712,0.036659163460267166,0.019411638810940948,0.03817487689935417,0.11836142897465762,0.16721853846235993
sample_746,False,ok,multi_seed_output\seed_3_mh114\airfoils\sample_746.dat,0.1358078487281815,0.2945891783567134,2.230437806671759e-09,2.356746969453538e-09,0.24151789514364444,0.36615056465103407,0.3700153716954788,0.3466166209722206,0.3729264328645644,0.38750692183604385,-0.12016679681636094,0.006866215099091952,-0.016575030169639786,0.07698940284808371,0.06975374739031293,0.2133626851796917
sample_747,False,ok,multi_seed_output\seed_3_mh114\airfoils\sample_747.dat,0.12713053330898394,0.374749498997996,2.230437806671759e-09,2.356746969453538e-09,0.21030131354541662,0.2851300091300288,0.3754402033191655,0.37828400282123953,0.40855620549365274,0.41455080718927384,-0.07570238959408547,0.009908632367676529,-0.021063942317386418,0.04299723344904727,0.10065810807402457,0.1537311444333316
sample_748,False,ok,multi_seed_output\seed_3_mh114\airfoils\sample_748.dat,0.11864028886907566,0.3987975951903807,2.230437806671759e-09,2.356746969453538e-09,0.19972459989385322,0.3274928784991872,0.32317753914721864,0.39198191081009076,0.35948209275410126,0.38804087771870965,-0.03625722840261178,0.021108417732394025,0.04267213977289862,-0.007675146166870029,0.03786015466233903,0.2760593426582887
sample_749,False,ok,multi_seed_output\seed_3_mh114\airfoils\sample_749.dat,0.11482845484774837,0.35270541082164325,2.230437806671759e-09,2.356746969453538e-09,0.2931804736573514,0.3049810860017517,0.2897058856455988,0.4087687463265408,0.4196617304540143,0.35181115974439586,-0.061630864689503836,0.021503929839318453,0.039225453985591296,0.046171543365181936,0.04115497354672968,0.2607281318885418
sample_750,False,ok,multi_seed_output\seed_3_mh114\airfoils\sample_750.dat,0.12658337914518206,0.3246492985971944,2.230437806671759e-09,2.356746969453538e-09,0.32195378558161547,0.29220055075808904,0.32730490330898315,0.3787339438753619,0.35460896386277574,0.41830218376107003,-0.034312621730495124,0.006068005936271895,-0.05205527936591454,0.05798286592938505,0.13824833380247853,0.15121045377745876
sample_751,False,ok,multi_seed_output\seed_3_mh114\airfoils\sample_751.dat,0.13644780457200084,0.2785571142284569,2.230437806671759e-09,2.356746969453538e-09,0.24552749958290823,0.31457272912470424,0.3769989707170075,0.29866701370697046,0.3782804435474135,0.34789938181505325,-0.1612524303037307,-0.032031909959020353,-0.012436469654697968,0.04978696003384499,0.08092043405662896,0.2500934914046138
sample_752,False,ok,multi_seed_output\seed_3_mh114\airfoils\sample_752.dat,0.11615646641347532,0.344689378757515,2.230437806671759e-09,2.356746969453538e-09,0.21085943998739926,0.30919478745429424,0.3113502488375408,0.3137630622688242,0.37215815812458286,0.38666655421690665,-0.0946571410890543,0.01691149667154318,0.01767089833793674,-0.033062958240973724,0.1132939112991762,0.1923907077809895
sample_753,False,ok,multi_seed_output\seed_3_mh114\airfoils\sample_753.dat,0.14394557324237492,0.30861723446893785,2.230437806671759e-09,2.356746969453538e-09,0.3152205714136461,0.3330086399588128,0.35669540028892305,0.34635125074112527,0.39639253387604967,0.41364699631829394,-0.095404672032493,-0.025130626426632205,-0.0329506660501122,-0.01754049736066595,0.09981258070546017,0.21676108398605887
sample_754,False,ok,multi_seed_output\seed_3_mh114\airfoils\sample_754.dat,0.13504744955369968,0.25250501002004005,2.230437806671759e-09,2.356746969453538e-09,0.2878184940904812,0.38699879592970676,0.3020434389645442,0.40699907392514695,0.3292182656260178,0.3716084475324724,-0.10138713066828595,-0.03489706876796859,0.043410526517177,0.08011740796972527,0.07174970822065409,0.1504506988294079
sample_755,False,ok,multi_seed_output\seed_3_mh114\airfoils\sample_755.dat,0.13936815944821526,0.3226452905811623,2.230437806671759e-09,2.356746969453538e-09,0.28971721994586175,0.329553328531268,0.34124028400048867,0.352612559248207,0.39934817769120234,0.34199900746696665,-0.06754131710991323,-0.022791546667466273,-0.051084649443199855,-0.003769806272005089,0.14786310724183205,0.17936043180055342
sample_756,False,ok,multi_seed_output\seed_3_mh114\airfoils\sample_756.dat,0.12405647439128446,0.30861723446893785,2.230437806671759e-09,2.356746969453538e-09,0.21484894241498806,0.272567940029147,0.3690265729171184,0.31515465035208096,0.3870176395295728,0.34738824980801924,-0.11993326076965519,-0.04832943496152811,0.026478635749806523,0.04057300774686688,0.05875391765861535,0.25419823828705146
sample_757,False,ok,multi_seed_output\seed_3_mh114\airfoils\sample_757.dat,0.14814362994285551,0.2865731462925851,2.230437806671759e-09,2.356746969453538e-09,0.21148567371177068,0.38178872496276145,0.3389304334689914,0.3854986226927184,0.41955027499034125,0.40882754828473444,-0.15985815529643022,-0.06156685172542178,-0.029229930648418338,0.07749183351548469,0.09828248218091021,0.2599281478944955
sample_758,False,ok,multi_seed_output\seed_3_mh114\airfoils\sample_758.dat,0.12961830316008444,0.280561122244489,2.230437806671759e-09,2.356746969453538e-09,0.3015010880187878,0.3641593207090292,0.40362493492657736,0.30388519177577294,0.3112422379133021,0.4023503979436748,-0.05487289897826009,0.0024619691729677595,0.07063911978677474,0.018050459673120127,0.0890000397066024,0.23008078868805948
sample_759,False,ok,multi_seed_output\seed_3_mh114\airfoils\sample_759.dat,0.12881084041282698,0.2605210420841683,2.230437806671759e-09,2.356746969453538e-09,0.2879432092279436,0.34888046335759115,0.2920597722084637,0.4119455124973602,0.31022064973130514,0.41230877082328643,-0.10607714359113951,-0.010899875641222051,0.005067225837201705,0.09089323423546242,0.0739218599476269,0.2526271965006679
sample_760,False,ok,multi_seed_output\seed_3_mh114\airfoils\sample_760.dat,0.13462196428155518,0.30260521042084165,2.230437806671759e-09,2.356746969453538e-09,0.2599195815331241,0.3747076547815662,0.3337960454932817,0.40298464101450604,0.30162474870579364,0.45521272887598513,-0.08787309571933102,-0.0292843879637251,0.058157060473172734,-0.002866110576570994,0.025959046174517456,0.2216523453924532
sample_761,False,ok,multi_seed_output\seed_3_mh114\airfoils\sample_761.dat,0.12813752177869342,0.25851703406813625,2.230437806671759e-09,2.356746969453538e-09,0.3091637526591531,0.36278418563287146,0.2878724264017175,0.3602593650699375,0.42214668793890475,0.38575078635031324,-0.10163780194546382,0.007742681991618358,0.022699427988023907,0.04470679120046443,0.022624542601494185,0.16229582161059056
sample_762,False,ok,multi_seed_output\seed_3_mh114\airfoils\sample_762.dat,0.13785199522970334,0.3006012024048096,2.230437806671759e-09,2.356746969453538e-09,0.3181934989545351,0.32719648744086116,0.34471243952856145,0.39974931760600985,0.3285782272468049,0.4015529993402017,-0.1553762027473896,0.03135626233983273,-0.026627219514546104,0.023274608840806732,0.029199582828911594,0.20260087852477615
sample_763,False,ok,multi_seed_output\seed_3_mh114\airfoils\sample_763.dat,0.13798160524259553,0.2945891783567134,2.230437806671759e-09,2.356746969453538e-09,0.24949889689919702,0.38161181874829,0.33906068304725734,0.32272379105357485,0.38171600789544513,0.4054107415977805,-0.1582387952923347,0.04017855592514384,-0.04483473149495569,0.013825483231796748,0.07710525679260401,0.2625535343056644
sample_764,False,ok,multi_seed_output\seed_3_mh114\airfoils\sample_764.dat,0.12688989857936245,0.3306613226452906,2.230437806671759e-09,2.356746969453538e-09,0.3168898816759379,0.2652714003102706,0.4106480676858562,0.39414093766686975,0.3024196812038392,0.4373254825559485,-0.03312099414197406,-0.014527886644303697,0.016701277765986386,0.06986199024439985,0.12718626829976948,0.15775531861814734
sample_765,False,ok,multi_seed_output\seed_3_mh114\airfoils\sample_765.dat,0.13251840011903793,0.344689378757515,2.230437806671759e-09,2.356746969453538e-09,0.24671579713003453,0.31734111731238535,0.3652398449366868,0.3564175739764792,0.3007990665763081,0.4211799723782569,-0.03825373755927357,-0.015344220317983326,-0.020998406847651543,-0.020279845041677,0.134452297085161,0.17492298147575874
sample_766,False,ok,multi_seed_output\seed_3_mh114\airfoils\sample_766.dat,0.1209539756535171,0.30861723446893785,2.230437806671759e-09,2.356746969453538e-09,0.27962620814458194,0.32793206897992244,0.38133993398361654,0.3162643246392302,0.42180923161316036,0.3698884837849753,-0.0718668357373418,0.032356197215306026,0.03175848518823986,0.08561263241966072,0.03420577258863009,0.16666743055687208
sample_767,False,ok,multi_seed_output\seed_3_mh114\airfoils\sample_767.dat,0.1408534365454755,0.3166332665330661,2.230437806671759e-09,2.356746969453538e-09,0.25162480124120434,0.31275165129527494,0.38315250232008846,0.36114359079694824,0.31262554558891925,0.38199926317433097,-0.14107429089212528,-0.03393434901742521,0.0022564320518316874,-0.03054698589193023,0.08742058980388755,0.24977558703925157
sample_768,False,ok,multi_seed_output\seed_3_mh114\airfoils\sample_768.dat,0.14506554760812937,0.2725450901803607,2.230437806671759e-09,2.356746969453538e-09,0.25582735296723863,0.38307430535154335,0.37560044199745357,0.3295735007520418,0.3971532669882206,0.41497594251791614,-0.15725078598634795,-0.02196410341962725,0.0102321617345007,0.02022695681988792,0.12914544027361932,0.24020830843428564
sample_769,False,ok,multi_seed_output\seed_3_mh114\airfoils\sample_769.dat,0.1202872853571035,0.25250501002004005,2.230437806671759e-09,2.356746969453538e-09,0.3246448290729018,0.3015946765244411,0.3917067171747371,0.3081021999380091,0.32420314501131753,0.4046121105958078,-0.07807109188927303,0.00860266421894526,0.06769960006421379,0.06930485365472623,0.13989289254725934,0.19739227852505142
sample_770,False,ok,multi_seed_output\seed_3_mh114\airfoils\sample_770.dat,0.13583365258855915,0.3246492985971944,2.230437806671759e-09,2.356746969453538e-09,0.22126880471044202,0.3773068935448973,0.36438230108306546,0.35207422468782773,0.35907612612996487,0.4290017117411441,-0.03766556164113147,-0.02464421057727223,-0.0007940725395624709,0.013417202789911015,0.12613105373041933,0.21834949613707524
sample_771,False,ok,multi_seed_output\seed_3_mh114\airfoils\sample_771.dat,0.11346823674702275,0.23246492985971942,2.230437806671759e-09,2.356746969453538e-09,0.2837976147192919,0.2958312722409375,0.2862988376561731,0.33825433024935864,0.3692354661934596,0.4166357245563025,-0.1345896514658956,0.027090645583015244,0.03029643090332769,0.06029127367263473,0.05970504594636291,0.16180973532961662
sample_772,False,ok,multi_seed_output\seed_3_mh114\airfoils\sample_772.dat,0.11009818414418424,0.3226452905811623,2.230437806671759e-09,2.356746969453538e-09,0.2542954566233738,0.27968663254445403,0.36197647987456316,0.3067981138264903,0.33854114336085545,0.4565625201323292,-0.07755614722922495,0.02691164355371005,0.06415183300528883,-0.008286710864671264,0.13549817280546828,0.2731324352814757
sample_773,False,ok,multi_seed_output\seed_3_mh114\airfoils\sample_773.dat,0.10113387886975855,0.2945891783567134,2.230437806671759e-09,2.356746969453538e-09,0.23441014790157172,0.27102546811589245,0.2930206369575392,0.3019756719887896,0.3485625672967042,0.4569982390692613,-0.06262109156837385,-0.0025833607024613736,0.06641065193726145,0.005709236833126734,0.14920058238598016,0.2482422174389114
sample_774,False,ok,multi_seed_output\seed_3_mh114\airfoils\sample_774.dat,0.12908989129202897,0.24649298597194386,2.230437806671759e-09,2.356746969453538e-09,0.2846156938110888,0.3154566990877412,0.2926875101042268,0.3225960143998032,0.3162322352517934,0.45776788971402677,-0.13736346638787014,-0.04205314380582377,0.03455489580490172,-0.023192446755522317,0.03980370518177753,0.2529642046789361
sample_775,False,ok,multi_seed_output\seed_3_mh114\airfoils\sample_775.dat,0.1313776568491537,0.344689378757515,2.230437806671759e-09,2.356746969453538e-09,0.21107482616175222,0.31389382806879806,0.307152893411456,0.40008118592606756,0.36946691798334863,0.3775933749493504,-0.07086270348042661,-0.05836509998099872,-0.01680493484673922,0.027868803461345466,0.062009459667353585,0.1503912332457062
sample_776,False,ok,multi_seed_output\seed_3_mh114\airfoils\sample_776.dat,0.13703771486835026,0.2865731462925851,2.230437806671759e-09,2.356746969453538e-09,0.28947491835960704,0.3585021255492035,0.3141867921475855,0.3371868571704933,0.3487267209126262,0.43519351996365896,-0.06346864128918525,-0.060318198236789494,0.015760829586044134,-0.01101925747298942,0.05979300027989629,0.19047756610633387
sample_777,False,ok,multi_seed_output\seed_3_mh114\airfoils\sample_777.dat,0.12245578999354981,0.2865731462925851,2.230437806671759e-09,2.356746969453538e-09,0.2077078676034134,0.32537786983226535,0.32216646501994806,0.29798134904387547,0.31641101364954133,0.45340465484591574,-0.10081615564015717,-0.01318604360313419,-0.04355364695166091,0.09569860724008511,0.1396209026912697,0.24472067466693426
sample_778,False,ok,multi_seed_output\seed_3_mh114\airfoils\sample_778.dat,0.1238237082174715,0.280561122244489,2.230437806671759e-09,2.356746969453538e-09,0.288635833415469,0.31645477529752974,0.3178029016888215,0.3762311037070122,0.38980342687590863,0.42850841991052585,-0.03692957979212114,-0.05478185504003539,0.029884386251663286,0.09263663992042301,0.144775745987723,0.19600100067334858
sample_779,False,ok,multi_seed_output\seed_3_mh114\airfoils\sample_779.dat,0.12681174256462288,0.3246492985971944,2.230437806671759e-09,2.356746969453538e-09,0.27624675320843495,0.311686538388647,0.3792445390375607,0.31034254527424204,0.35808321496261836,0.4003934881805969,-0.05610130905918061,0.012111546663577319,-0.013470771077133563,0.034746409583169074,0.08291802344457075,0.15526721515239847
sample_780,False,ok,multi_seed_output\seed_3_mh114\airfoils\sample_780.dat,0.15127132152868594,0.3386773547094188,2.230437806671759e-09,2.356746969453538e-09,0.2393026885347199,0.34171874980284833,0.4110340341170892,0.3853789826345679,0.32521113815910946,0.3634975244239703,-0.09179497054435302,-0.058531350892419384,-0.010208012375102923,-0.014139801037530136,0.026566824069475588,0.15680672827431744
sample_781,False,ok,multi_seed_output\seed_3_mh114\airfoils\sample_781.dat,0.12798666851338844,0.23046092184368736,2.230437806671759e-09,2.356746969453538e-09,0.3107523423787168,0.3714086496494781,0.30080669337573995,0.40331848301746476,0.33626841697659576,0.4346910985591208,-0.12030969846270817,0.009458128344132025,0.06876421332920969,0.06818294699398726,0.0380689876995922,0.17188548909880422
sample_782,False,ok,multi_seed_output\seed_3_mh114\airfoils\sample_782.dat,0.1320961438769728,0.280561122244489,2.230437806671759e-09,2.356746969453538e-09,0.30941612673682756,0.37457010195224966,0.36286496454712436,0.2869507551184227,0.3215146545009962,0.39344538239549015,-0.054237926523556176,0.018613988031866438,-0.00028307345486477953,0.010406784443818602,0.12095675076685734,0.2433123593444811
sample_783,False,ok,multi_seed_output\seed_3_mh114\airfoils\sample_783.dat,0.147818875286588,0.3226452905811623,2.230437806671759e-09,2.356746969453538e-09,0.22831509522624102,0.35718945311474126,0.4100711684876005,0.3652453835059801,0.4004471039214571,0.3898194008447482,-0.045163401487774535,-0.06923765356320333,-0.03877072934933268,0.07672478503158377,0.12570174087002972,0.2058080911679929
sample_784,False,ok,multi_seed_output\seed_3_mh114\airfoils\sample_784.dat,0.1279203571330197,0.344689378757515,2.230437806671759e-09,2.356746969453538e-09,0.25014758051977126,0.2860925649279313,0.40418671326619204,0.3739250333508714,0.3820369340795146,0.42312979686589547,-0.07288769246767644,-0.02968463978767321,0.047709018953937005,0.047310177509590795,0.04226352666248888,0.2679951405884803
sample_785,False,ok,multi_seed_output\seed_3_mh114\airfoils\sample_785.dat,0.11944950124664101,0.3246492985971944,2.230437806671759e-09,2.356746969453538e-09,0.19813571617799672,0.264791400853563,0.4119383527398624,0.37585870785772274,0.3443731638908716,0.34475715510531635,-0.15221672897456565,0.004886942505646863,0.05250237438772515,0.0669725621751312,0.12728025520262404,0.23290821081621327
sample_786,False,ok,multi_seed_output\seed_3_mh114\airfoils\sample_786.dat,0.09912686812803691,0.23246492985971942,2.230437806671759e-09,2.356746969453538e-09,0.3191784393798067,0.2622444159660618,0.28304540131522243,0.31667863833282833,0.4093421734699889,0.39200613109839394,-0.04659414770241971,0.028297380708766168,0.05724416651319461,0.08637748552185989,0.07666964182341844,0.21997491792828738
sample_787,False,ok,multi_seed_output\seed_3_mh114\airfoils\sample_787.dat,0.14669965180649913,0.3366733466933867,2.230437806671759e-09,2.356746969453538e-09,0.20871911407086258,0.33076132925039026,0.4005477807331064,0.3717681059398971,0.3527769965175992,0.4130684737078255,-0.11405371626424038,-0.03624648727966819,-0.05688494860757875,0.044594232626131575,0.045104846901940325,0.24440688828115953
sample_788,False,ok,multi_seed_output\seed_3_mh114\airfoils\sample_788.dat,0.12281929114775336,0.25851703406813625,2.230437806671759e-09,2.356746969453538e-09,0.30161494099782127,0.35703622818272623,0.3089609812375266,0.30850395089926647,0.29540643928799093,0.44647037139021173,-0.08800383391586512,0.03689384821503991,-0.004992238016687793,0.06455191491438382,0.029519830453069357,0.22128086661713225
sample_789,False,ok,multi_seed_output\seed_3_mh114\airfoils\sample_789.dat,0.14427999873748473,0.2725450901803607,2.230437806671759e-09,2.356746969453538e-09,0.3022654872077788,0.35132520933563527,0.33027715876766905,0.3422652293217458,0.3275051857613895,0.3691916659310141,-0.10042590116390376,-0.07316472889157861,0.009205958914129078,-0.02667066585568026,0.11283521116851825,0.20936564204704208
sample_790,False,ok,multi_seed_output\seed_3_mh114\airfoils\sample_790.dat,0.14596492812239026,0.280561122244489,2.230437806671759e-09,2.356746969453538e-09,0.23888168050243686,0.36986781360108534,0.3350365826485202,0.35690118190714915,0.39595953451177396,0.39804671181234014,-0.15798046676936825,-0.056422267993553224,-0.0032369104128032525,0.0021443441023902138,0.11733146201269486,0.14912377518681064
sample_791,False,ok,multi_seed_output\seed_3_mh114\airfoils\sample_791.dat,0.11369472661134854,0.3607214428857715,2.230437806671759e-09,2.356746969453538e-09,0.23338614763584273,0.2865697147858553,0.29834809578576976,0.305374260336372,0.38826966857508305,0.38295199993350115,-0.032684579389779034,0.006624612879735869,-0.010552370568847814,-0.01927531813949021,0.10718494668598141,0.23802405586068592
sample_792,False,ok,multi_seed_output\seed_3_mh114\airfoils\sample_792.dat,0.1362528723137623,0.31462925851703405,2.230437806671759e-09,2.356746969453538e-09,0.30151319958510836,0.2918362207959811,0.29357423071801836,0.39710898737793754,0.4062678840629582,0.4391244950242651,-0.1535268473955644,-0.013542821077736147,-0.04614935640337597,-0.024798745417680956,0.13706462575626766,0.2510015368925209
sample_793,False,ok,multi_seed_output\seed_3_mh114\airfoils\sample_793.dat,0.12611951248677378,0.374749498997996,2.230437806671759e-09,2.356746969453538e-09,0.20291300663483333,0.28056650740604905,0.4093185791426709,0.3646067884516308,0.35091854791241683,0.4133875066868352,-0.08996674885747472,0.03679109094605448,-0.017771173844311303,0.03923311331893596,0.08475741428877667,0.17675192615329471
sample_794,False,ok,multi_seed_output\seed_3_mh114\airfoils\sample_794.dat,0.12740934350331432,0.30861723446893785,2.230437806671759e-09,2.356746969453538e-09,0.26580655437055883,0.37306280314225904,0.32952156768277235,0.3120910070195651,0.29500179808678234,0.36246613499977,-0.07648493276690277,0.03929794680560057,-0.008136918248384993,-0.01621330469471103,0.06262854829563379,0.26782560458187565
sample_795,False,ok,multi_seed_output\seed_3_mh114\airfoils\sample_795.dat,0.13435402291497336,0.3667334669338677,2.230437806671759e-09,2.356746969453538e-09,0.2749991754216099,0.268204653240992,0.3204877522918857,0.37973420582948675,0.4148578134379201,0.39723105741415177,-0.06156834555671531,-0.049348520881387546,-0.03888379356371611,-0.023290684575017574,0.09424467673181053,0.15576510486636044
sample_796,False,ok,multi_seed_output\seed_3_mh114\airfoils\sample_796.dat,0.13554307674979624,0.3306613226452906,2.230437806671759e-09,2.356746969453538e-09,0.2917110923087674,0.281491379575025,0.40768302242144194,0.3241041814799022,0.38074273934276237,0.45575001783902824,-0.03580729904750146,-0.037244975280509796,-0.04275498896890796,0.07231028283796949,0.05548632886275099,0.22691614733201593
sample_797,False,ok,multi_seed_output\seed_3_mh114\airfoils\sample_797.dat,0.13056454492905079,0.3607214428857715,2.230437806671759e-09,2.356746969453538e-09,0.24771535508505843,0.28529178638464026,0.40432868554198864,0.3591611425449122,0.36802305494356236,0.4466184239386181,-0.08129404535549385,0.015623773361754398,-0.011741317307515264,0.011470938640172061,0.10296768906959172,0.24775858686698154
sample_798,False,ok,multi_seed_output\seed_3_mh114\airfoils\sample_798.dat,0.10769937820577974,0.3166332665330661,2.230437806671759e-09,2.356746969453538e-09,0.2359266038999155,0.3273724730726341,0.3302200481896987,0.3635126562133229,0.3904079870428203,0.3550123874057935,-0.049712613856226565,0.04145218128610505,0.054234314758815544,0.08318085143318028,0.13954146832034026,0.2523580107134843
sample_799,False,ok,multi_seed_output\seed_3_mh114\airfoils\sample_799.dat,0.11267420417736762,0.3306613226452906,2.230437806671759e-09,2.356746969453538e-09,0.2120506605884437,0.2810815809882735,0.33274428478206647,0.31027654531080556,0.3762260758549874,0.4484016816598721,-0.06436830419400441,-0.00536257696222163,0.003067011340416856,0.07796906279897721,0.024597729654123903,0.2550470204099942
sample_800,False,ok,multi_seed_output\seed_3_mh114\airfoils\sample_800.dat,0.13383931851855424,0.3226452905811623,2.230437806671759e-09,2.356746969453538e-09,0.32145619323578745,0.3215155153183788,0.30989856706058144,0.3950344737151805,0.412868731444749,0.45415862087838366,-0.10191826465021679,0.0016002235527914355,-0.00927186705038633,-0.015760225807627853,0.09597630759356078,0.26466590279201185
sample_801,False,ok,multi_seed_output\seed_3_mh114\airfoils\sample_801.dat,0.14539475420938658,0.2885771543086172,2.230437806671759e-09,2.356746969453538e-09,0.24365067680199132,0.3560904660854858,0.3220348495364108,0.32290227959403606,0.31941870787483195,0.415392059749063,-0.10408610074784536,-0.07995686308792181,-0.04678120123845839,0.002611331832763443,0.07290426318522616,0.2686392243745208
sample_802,False,ok,multi_seed_output\seed_3_mh114\airfoils\sample_802.dat,0.13121173896441965,0.30861723446893785,2.230437806671759e-09,2.356746969453538e-09,0.2690350150515088,0.26352707114351137,0.33309686211183986,0.35531164793281,0.408006998347457,0.45568103420993455,-0.14370043984194386,-0.034300554137337076,-0.03631070452833988,0.04894627032888649,0.040317015406250045,0.25832170931215626
sample_803,False,ok,multi_seed_output\seed_3_mh114\airfoils\sample_803.dat,0.14534428371764246,0.2865731462925851,2.230437806671759e-09,2.356746969453538e-09,0.1970885413539835,0.37060665897272316,0.39426853702527404,0.33391164540380786,0.29551894336072326,0.33706988284402395,-0.1501305603333913,-0.07332172011210394,0.026257126460649136,0.04022854085348325,0.032283442167975934,0.15031067359142458
sample_804,False,ok,multi_seed_output\seed_3_mh114\airfoils\sample_804.dat,0.12795829737841774,0.3306613226452906,2.230437806671759e-09,2.356746969453538e-09,0.2499737110196444,0.2790773010701218,0.3476951091777154,0.2962173217808571,0.3898317908102742,0.3890278650200624,-0.05844639189045449,-0.04975984588116091,-0.016004318237832514,-0.017593389785752256,0.10986884223758599,0.23260272721990266
sample_805,False,ok,multi_seed_output\seed_3_mh114\airfoils\sample_805.dat,0.13356006061491488,0.31462925851703405,2.230437806671759e-09,2.356746969453538e-09,0.31838586546007863,0.2773743879794513,0.37410770521940223,0.3479135064111358,0.38060708229117407,0.37832215794276347,-0.03920310408608069,-0.06048214643615104,-0.005479703817992197,0.04848558565182155,0.06042529029456387,0.20123847452911237
sample_806,False,ok,multi_seed_output\seed_3_mh114\airfoils\sample_806.dat,0.13436031449818592,0.3166332665330661,2.230437806671759e-09,2.356746969453538e-09,0.22875859869778445,0.3122748961011582,0.4053584700114375,0.3500772443787869,0.33416128869555894,0.43222299279013926,-0.05229921327895527,-0.07661739987419984,0.04205712128255466,0.01972762095618301,0.1206284886917686,0.20413567504772462
sample_807,False,ok,multi_seed_output\seed_3_mh114\airfoils\sample_807.dat,0.13703538935730158,0.2665330661322645,2.230437806671759e-09,2.356746969453538e-09,0.3057561323015494,0.36698107511240424,0.3827265008733993,0.40924678603681963,0.4007633582107518,0.37346647377866277,-0.15677052456032609,0.030467044192941287,0.051447497339898327,0.06738067907633959,0.07186297660020141,0.2648609927445375
sample_808,False,ok,multi_seed_output\seed_3_mh114\airfoils\sample_808.dat,0.14649548837739068,0.30260521042084165,2.230437806671759e-09,2.356746969453538e-09,0.2381376727983267,0.37387357840201474,0.4051337503365267,0.40996144455955874,0.3388396199251051,0.36744732684795095,-0.09957432971649269,-0.07238719427346982,0.06062007982856772,0.02881139025335705,0.07129168350241483,0.26649960930350935
sample_809,False,ok,multi_seed_output\seed_3_mh114\airfoils\sample_809.dat,0.15867354006940687,0.280561122244489,2.230437806671759e-09,2.356746969453538e-09,0.28152958797776,0.3877905751128128,0.38950807380762714,0.3914704981367346,0.3481155964969244,0.37100386301100874,-0.14962692907439332,-0.04379534810214943,-0.05400275788631587,0.09579873781601411,0.03712721074683187,0.15837935886226964
sample_810,False,ok,multi_seed_output\seed_3_mh114\airfoils\sample_810.dat,0.12402468382394284,0.2945891783567134,2.230437806671759e-09,2.356746969453538e-09,0.25567477162646757,0.3631609606911288,0.2959375340840939,0.4028078892452739,0.3189267233933896,0.41531798279389937,-0.03696232765895255,-0.022840042070163588,0.023220917557166695,0.05688894684523302,0.14805265465418344,0.2243254289331798
sample_811,False,ok,multi_seed_output\seed_3_mh114\airfoils\sample_811.dat,0.12066918123845187,0.3226452905811623,2.230437806671759e-09,2.356746969453538e-09,0.2827199358361685,0.28374174407919334,0.3752662392236656,0.32533074835286646,0.3388820409747755,0.3868907806158052,-0.05318966669591087,-0.024206160702330712,0.07068456223253937,-0.013991702553155825,0.07322012684665583,0.22030679916833937
sample_812,False,ok,multi_seed_output\seed_3_mh114\airfoils\sample_812.dat,0.13270242126752532,0.2725450901803607,2.230437806671759e-09,2.356746969453538e-09,0.3111237944535534,0.38261211480869517,0.3122946770288543,0.4003651437447584,0.3799257766918334,0.35981821688082416,-0.10149610298544352,0.01579840901346935,0.042526280805457436,0.00373649553397834,0.10552272118723838,0.19662369114055633
sample_813,False,ok,multi_seed_output\seed_3_mh114\airfoils\sample_813.dat,0.14682468355685285,0.2945891783567134,2.230437806671759e-09,2.356746969453538e-09,0.28730691489566806,0.3901853489912349,0.3219503982037688,0.35067875570824825,0.3161552509755184,0.40592897310682247,-0.07717175707469838,-0.04870171757800497,-0.0245372960284638,-0.01105199561829439,0.02639364706250254,0.18234145504915744
sample_814,False,ok,multi_seed_output\seed_3_mh114\airfoils\sample_814.dat,0.12846052978784905,0.3987975951903807,2.230437806671759e-09,2.356746969453538e-09,0.22387158756225586,0.3337019220834223,0.3935880517657251,0.3763017162890393,0.3971847277719657,0.4471905879872394,-0.04083935622779819,0.02935026498417348,0.0522379555441632,-0.024962933439447457,0.0475709845935883,0.27427628133409276
sample_815,False,ok,multi_seed_output\seed_3_mh114\airfoils\sample_815.dat,0.13002430027966094,0.30861723446893785,2.230437806671759e-09,2.356746969453538e-09,0.3002297850141115,0.2935266822414416,0.35776894059020636,0.3985317431660235,0.40742533790897706,0.40277332213772954,-0.05973624333737225,-0.051840429135867526,0.02748027268388037,0.07252610462529253,0.09710590270933735,0.2639488589116914
sample_816,False,ok,multi_seed_output\seed_3_mh114\airfoils\sample_816.dat,0.1280664403478657,0.3246492985971944,2.230437806671759e-09,2.356746969453538e-09,0.28086086014360634,0.2771092671858624,0.3685774088910284,0.37517686856906285,0.35752307941581185,0.39461852252542085,-0.14202076381411174,-0.0014236487406924236,0.04107843496354846,-0.028635168020398928,0.10329880240812099,0.26296897890490045
sample_817,False,ok,multi_seed_output\seed_3_mh114\airfoils\sample_817.dat,0.14944665798009318,0.2725450901803607,2.230437806671759e-09,2.356746969453538e-09,0.32299350321268094,0.3135501580954041,0.3498980767964163,0.3752302111278148,0.34569301684170567,0.3973356699540557,-0.12900721932036505,-0.08375941700523,-0.020787025656851692,0.011777100077344414,0.12033299487487663,0.1595227353181834
sample_818,False,ok,multi_seed_output\seed_3_mh114\airfoils\sample_818.dat,0.12186514168053098,0.3386773547094188,2.230437806671759e-09,2.356746969453538e-09,0.294983773578464,0.3332387840489764,0.3460415226289448,0.4063046795131221,0.32130301338274253,0.37701398219810905,-0.05068245566343277,0.038615831661123964,0.050835951995394535,-0.011488387978291829,0.13859552394104424,0.2350576628848997
sample_819,False,ok,multi_seed_output\seed_3_mh114\airfoils\sample_819.dat,0.13531458897727094,0.3166332665330661,2.230437806671759e-09,2.356746969453538e-09,0.30678757176637733,0.38670025940456954,0.3360133862242802,0.3760729539071202,0.3814168337839644,0.3699814771250197,-0.044808439324125496,0.036356675414593406,-0.04118292362416903,0.06399906413141632,0.05401383313567515,0.25816978264448787
sample_820,False,ok,multi_seed_output\seed_3_mh114\airfoils\sample_820.dat,0.14226774341792314,0.2865731462925851,2.230437806671759e-09,2.356746969453538e-09,0.2576104441623222,0.3691494062141385,0.3395325208785436,0.3275968017046762,0.3873196884386504,0.433438921049994,-0.09700913943091273,-0.052438519157004274,-0.022184249953320155,0.04350892963747434,0.04743227814430827,0.22034247444447813
sample_821,False,ok,multi_seed_output\seed_3_mh114\airfoils\sample_821.dat,0.13070709465846989,0.2725450901803607,2.230437806671759e-09,2.356746969453538e-09,0.24061166139307444,0.2941223357851431,0.3693986835964753,0.28726083738944924,0.40296300717141814,0.3762525868507949,-0.12370119522364281,-0.08107155094800413,0.03889771673731593,0.04917995486878765,0.07643063764775812,0.2372656079793189
sample_822,False,ok,multi_seed_output\seed_3_mh114\airfoils\sample_822.dat,0.133074063344958,0.3667334669338677,2.230437806671759e-09,2.356746969453538e-09,0.2454853160984352,0.2950803348235146,0.3139388477331876,0.405001351239355,0.3889707549332931,0.4331874272327059,-0.03319378334360251,-0.0417344615373112,-0.046449420866806056,0.0038130346651723407,0.11458079703724955,0.2605592101727403
sample_823,False,ok,multi_seed_output\seed_3_mh114\airfoils\sample_823.dat,0.11995321576975004,0.3006012024048096,2.230437806671759e-09,2.356746969453538e-09,0.23970485428499977,0.2860440147794556,0.3794679647785585,0.29782145616076683,0.3675201450811569,0.3861003617059901,-0.1120193229279316,-0.007788901480799665,0.03341360904998286,0.058608109935681454,0.05346844861175494,0.15764845248492654
sample_824,False,ok,multi_seed_output\seed_3_mh114\airfoils\sample_824.dat,0.13010873171015044,0.3306613226452906,2.230437806671759e-09,2.356746969453538e-09,0.25463142175647147,0.37813268449549065,0.325546156203888,0.4065389570353554,0.3003472972442251,0.3566165587140727,-0.10227820380336952,0.03775225793284885,0.023657651043212935,-0.012858632775718623,0.05506780409054328,0.25242572527293217
sample_825,False,ok,multi_seed_output\seed_3_mh114\airfoils\sample_825.dat,0.12605844492836768,0.374749498997996,2.230437806671759e-09,2.356746969453538e-09,0.2655331530291108,0.2795014094240797,0.38123820361068905,0.39109925962238873,0.30140696243417425,0.4353293903692971,-0.04671598203055914,0.025230720121459757,-0.01650629328950376,0.042614040251480606,0.024392604226346582,0.24842630103428345
sample_826,False,ok,multi_seed_output\seed_3_mh114\airfoils\sample_826.dat,0.13055525889823316,0.2725450901803607,2.230437806671759e-09,2.356746969453538e-09,0.2512170080435306,0.33884320538726953,0.3025329273347449,0.3856394683160775,0.3067292858627343,0.4091724474135381,-0.06942295530019035,-0.08691270001060182,0.02971621582291245,0.06488197452620624,0.14655665969396803,0.15147117089448256
sample_827,False,ok,multi_seed_output\seed_3_mh114\airfoils\sample_827.dat,0.12955089671508496,0.3607214428857715,2.230437806671759e-09,2.356746969453538e-09,0.28088607185569436,0.28796548723859494,0.3821263552649534,0.3543697842446587,0.39157897697580946,0.3968047388701857,-0.07718486799448324,-0.01108834480435629,0.039606112352566475,-0.02071653323630079,0.025701108553573694,0.24772258607936978
sample_828,False,ok,multi_seed_output\seed_3_mh114\airfoils\sample_828.dat,0.13925145874607622,0.2925851703406813,2.230437806671759e-09,2.356746969453538e-09,0.23744825493794997,0.37066984095477584,0.28529042320063386,0.31886001355011734,0.3214457158983734,0.44784311405073063,-0.06738869548603048,-0.08291676509363488,-0.025852759496081706,-0.03308133935144473,0.13296992411430725,0.23660753165143322
sample_829,False,ok,multi_seed_output\seed_3_mh114\airfoils\sample_829.dat,0.12277475508853267,0.26452905811623245,2.230437806671759e-09,2.356746969453538e-09,0.275911888431274,0.29108374701925777,0.33580816810276576,0.3234817255806951,0.3874762738714225,0.3594673116951707,-0.16001032978806407,0.0019392361382301604,0.04869709876092365,0.0019466810065095416,0.023775016190234498,0.2047185583869547
sample_830,False,ok,multi_seed_output\seed_3_mh114\airfoils\sample_830.dat,0.14582185338378142,0.280561122244489,2.230437806671759e-09,2.356746969453538e-09,0.31202179894320803,0.3339598188418879,0.3361342953100974,0.4046634127508666,0.2996039712866606,0.3982716935840795,-0.11086114110853801,-0.05559907141230861,-0.03930734648308393,0.051944778557347235,0.11602064122496798,0.22386370468380623
sample_831,False,ok,multi_seed_output\seed_3_mh114\airfoils\sample_831.dat,0.13394969805321486,0.3607214428857715,2.230437806671759e-09,2.356746969453538e-09,0.2295300465519105,0.27486167976643183,0.4071022794611326,0.3989449601893333,0.38937320384512164,0.3409396481056505,-0.0372545431040566,-0.05075819919541413,-0.005285052285897068,0.07297021021764653,0.03886335140733142,0.24052463265303575
sample_832,False,ok,multi_seed_output\seed_3_mh114\airfoils\sample_832.dat,0.11414963498811437,0.3386773547094188,2.230437806671759e-09,2.356746969453538e-09,0.2226379000643186,0.2905582066735423,0.29473900493425187,0.3770933268110852,0.30411972434380746,0.4143610148774559,-0.14400463623545234,0.03265799194815053,0.024172826884513346,-0.02049794740601431,0.11424053386571238,0.16317425795265664
sample_833,False,ok,multi_seed_output\seed_3_mh114\airfoils\sample_833.dat,0.11839267427755877,0.3006012024048096,2.230437806671759e-09,2.356746969453538e-09,0.27302389225401646,0.3104376106749766,0.35521590506807244,0.40077902147811084,0.36039845629210515,0.42133816626676773,-0.05995412881296745,-0.007661146877824682,0.06611182690110905,0.0796776200449399,0.1489618094964541,0.19456073316276468
sample_834,False,ok,multi_seed_output\seed_3_mh114\airfoils\sample_834.dat,0.14544882831156217,0.2725450901803607,2.230437806671759e-09,2.356746969453538e-09,0.22702973990365527,0.3749863906591061,0.346588985368938,0.33892791052511595,0.4104587500373188,0.41974554715487356,-0.1473930784258109,-0.08745427671271866,0.0444508550352036,-0.007597198115102895,0.0959183566430229,0.15048790790882596
sample_835,False,ok,multi_seed_output\seed_3_mh114\airfoils\sample_835.dat,0.1557548767192413,0.2945891783567134,2.230437806671759e-09,2.356746969453538e-09,0.19662085715420155,0.3809530849879164,0.40445183769603243,0.30096546002428004,0.32315740605838694,0.4216998412926274,-0.14442323315119737,-0.08208670754450813,-0.052904523714464614,0.055527752141752,0.042542986925785425,0.2545966111455472
sample_836,False,ok,multi_seed_output\seed_3_mh114\airfoils\sample_836.dat,0.134845475789755,0.3006012024048096,2.230437806671759e-09,2.356746969453538e-09,0.293428492424164,0.3470693757058608,0.3937409896941035,0.3829098981662792,0.34714928356524444,0.42213598978059974,-0.06408240478103207,-0.012498467238601846,0.025334313400725672,0.0762533807902555,0.0908759969813888,0.1902876685508185
sample_837,False,ok,multi_seed_output\seed_3_mh114\airfoils\sample_837.dat,0.11875397060403056,0.280561122244489,2.230437806671759e-09,2.356746969453538e-09,0.2786469634300605,0.28806447512659683,0.33223472720721153,0.39834129208916913,0.3743035085273819,0.371999922702593,-0.12896082010516582,0.018929089277592834,0.026102556458593787,0.08163979967448295,0.1143585982820244,0.2564223633677254
sample_838,False,ok,multi_seed_output\seed_3_mh114\airfoils\sample_838.dat,0.13814206100800935,0.3607214428857715,2.230437806671759e-09,2.356746969453538e-09,0.22191443125270888,0.37244654292598767,0.35289286735086933,0.40306580272123754,0.3396311614469181,0.36237271611134747,-0.1101089552477921,0.04124688253313415,-0.02032264169054037,-0.025732675543802395,0.0653732374956232,0.26331112323699707
sample_839,False,ok,multi_seed_output\seed_3_mh114\airfoils\sample_839.dat,0.1253584656113365,0.31462925851703405,2.230437806671759e-09,2.356746969453538e-09,0.21700201834046212,0.2805004202593366,0.40020422204774014,0.3186053727952353,0.3424979631612862,0.3778185679611668,-0.0782859556876607,-0.0593771952181526,0.04148092072363621,0.035842981168856966,0.12980497159843907,0.17328290918458172
sample_840,False,ok,multi_seed_output\seed_3_mh114\airfoils\sample_840.dat,0.13509887729682807,0.3166332665330661,2.230437806671759e-09,2.356746969453538e-09,0.22643075729796347,0.3794115657995202,0.3202292015343197,0.383437627803223,0.29990756896520543,0.3442511738665201,-0.12797684195282663,0.03087095065387585,-0.039637758007826686,0.011727918893450706,0.08419042408293699,0.17521092570931965
sample_841,False,ok,multi_seed_output\seed_3_mh114\airfoils\sample_841.dat,0.13321717495712512,0.3006012024048096,2.230437806671759e-09,2.356746969453538e-09,0.28369187895315423,0.345081180201084,0.39990988213278555,0.33680662709459486,0.41644437607751417,0.354303720165625,-0.12074258230230137,0.02029034570387926,0.03856976845604866,0.03310668467852414,0.048574840831111396,0.20525049078116164
sample_842,False,ok,multi_seed_output\seed_3_mh114\airfoils\sample_842.dat,0.11215829683903945,0.3366733466933867,2.230437806671759e-09,2.356746969453538e-09,0.2233168870707382,0.31635910890484464,0.29861939310041147,0.41361901979661975,0.4187514087469971,0.4594164169080535,-0.10301426878786221,0.023722078027954716,0.05522602049599515,0.05136959750494159,0.1503848216655888,0.1471228775324425
sample_843,False,ok,multi_seed_output\seed_3_mh114\airfoils\sample_843.dat,0.13431909570063033,0.30861723446893785,2.230437806671759e-09,2.356746969453538e-09,0.2037733996851797,0.32020272613644496,0.3554330178784995,0.3066474923724642,0.41001329227742983,0.42636269858866965,-0.11395452803264414,-0.08487690009229465,0.03950891971473272,-0.02421150414909348,0.08303841438365048,0.24534832667865641
sample_844,False,ok,multi_seed_output\seed_3_mh114\airfoils\sample_844.dat,0.14322159220634795,0.2945891783567134,2.230437806671759e-09,2.356746969453538e-09,0.3010748372342076,0.34826035891223056,0.410542308968301,0.3285425171490541,0.31812814073624196,0.46563439893277225,-0.1375033512519782,0.022951252804287253,-0.016290320440064045,-0.013503088852795754,0.137205036865622,0.24634377210240116
sample_845,False,ok,multi_seed_output\seed_3_mh114\airfoils\sample_845.dat,0.13102314975746684,0.3226452905811623,2.230437806671759e-09,2.356746969453538e-09,0.21915915235164798,0.2919408478274086,0.3125717885482715,0.4021403533080449,0.33429930079567793,0.3413006398490811,-0.08190378161719997,-0.07498932969007405,-0.02023989316562886,0.02971070413920303,0.1300679355326542,0.2114954389918155
sample_846,False,ok,multi_seed_output\seed_3_mh114\airfoils\sample_846.dat,0.12654071016352886,0.3306613226452906,2.230437806671759e-09,2.356746969453538e-09,0.30566253506655566,0.3094091866798087,0.34217347929877834,0.4121909824742489,0.4230429387245625,0.35594071554190515,-0.04649624653137563,-0.00841596568532936,0.01393437376626952,0.07911116998606613,0.07077806293812845,0.2734749970411522
sample_847,False,ok,multi_seed_output\seed_3_mh114\airfoils\sample_847.dat,0.1296882653432002,0.3607214428857715,2.230437806671759e-09,2.356746969453538e-09,0.1990593960115334,0.2666379085209773,0.3244908974530331,0.3732601115058759,0.30699894705177927,0.40483200441695116,-0.04149639468320526,-0.06654228845637887,-0.03804217601375063,-0.02297217578950339,0.09202015068233059,0.2667460529696203
sample_848,False,ok,multi_seed_output\seed_3_mh114\airfoils\sample_848.dat,0.13831891860175202,0.2725450901803607,2.230437806671759e-09,2.356746969453538e-09,0.23476054502798108,0.37075808728296045,0.33388947571332395,0.3087379681857562,0.3491705053194697,0.41641447481211896,-0.10174583407677873,-0.05792531870556297,-0.01869305578781947,0.06468000243216827,0.10997359638044261,0.21447326931960178
sample_849,False,ok,multi_seed_output\seed_3_mh114\airfoils\sample_849.dat,0.1177877562290856,0.2665330661322645,2.230437806671759e-09,2.356746969453538e-09,0.2502755120358924,0.2636572489076803,0.30465144323845955,0.3135189748004716,0.35411221655601205,0.356747688108521,-0.15649394411333514,-0.007115360924017475,-0.00596668221712001,0.033488723334877,0.10820907409214088,0.25714260569180236
sample_850,False,ok,multi_seed_output\seed_3_mh114\airfoils\sample_850.dat,0.11804733490596411,0.3386773547094188,2.230437806671759e-09,2.356746969453538e-09,0.21498881406830567,0.28831504749467063,0.3086658038706819,0.37284595842888407,0.307188129248563,0.35277299306482635,-0.07838888381537679,0.01092241747861468,-0.04167807088410565,0.04184393957925875,0.15032482330320085,0.24349599903837682
sample_851,False,ok,multi_seed_output\seed_3_mh114\airfoils\sample_851.dat,0.12853290727743655,0.3226452905811623,2.230437806671759e-09,2.356746969453538e-09,0.2743200964030313,0.2695473738201877,0.3289915060573518,0.3753272348092669,0.35473373578197576,0.37460459077837654,-0.11708651153080679,-0.02064891497366214,-0.03016518505550966,0.03840535060375974,0.05279185366448489,0.22628327974018891
sample_852,False,ok,multi_seed_output\seed_3_mh114\airfoils\sample_852.dat,0.11866130909975599,0.3306613226452906,2.230437806671759e-09,2.356746969453538e-09,0.20521631007178046,0.2855117527252332,0.31978033177680254,0.38832086965072143,0.3605411080998189,0.3525538532862598,-0.08316066316080165,-0.024418299990013284,-0.003172400352396028,0.09002755289517447,0.06053519725020028,0.22565147807495556
sample_853,False,ok,multi_seed_output\seed_3_mh114\airfoils\sample_853.dat,0.14243937938292228,0.2865731462925851,2.230437806671759e-09,2.356746969453538e-09,0.28583911887944435,0.35873127467982124,0.3707373868687138,0.28921650749081873,0.40566239629636713,0.4651892240324548,-0.044287903238377904,-0.08136386022981063,-0.002005157017201664,0.03867257688467664,0.11321826612451798,0.26304450871202656
sample_854,False,ok,multi_seed_output\seed_3_mh114\airfoils\sample_854.dat,0.14604477385992498,0.2665330661322645,2.230437806671759e-09,2.356746969453538e-09,0.3085387437536894,0.35860536915537067,0.3637501932314645,0.28736816264597775,0.3633485889253966,0.3689335634949978,-0.10510258899212818,-0.05168702988690691,-0.02488332983043208,0.03819500555495686,0.08927521977180176,0.1888457423518491
sample_855,False,ok,multi_seed_output\seed_3_mh114\airfoils\sample_855.dat,0.14747348571870003,0.3226452905811623,2.230437806671759e-09,2.356746969453538e-09,0.21647996533352978,0.3428533979406152,0.3722928627855708,0.41272446852686073,0.36884233258474963,0.4445664839872846,-0.14717544875218566,-0.05133766793271887,-0.019386460642527012,0.02037415511592105,0.11299341472425657,0.1532668986146523
sample_856,False,ok,multi_seed_output\seed_3_mh114\airfoils\sample_856.dat,0.1407983801029759,0.3226452905811623,2.230437806671759e-09,2.356746969453538e-09,0.20332403251475295,0.3576702982217215,0.3844022519693637,0.4024751664960313,0.3957618054926815,0.4196837439155853,-0.1360631827937659,-0.04362302752223653,0.05619534529042097,-0.02242292746120382,0.147718960144069,0.2702722979851346
sample_857,False,ok,multi_seed_output\seed_3_mh114\airfoils\sample_857.dat,0.1438186749149076,0.30861723446893785,2.230437806671759e-09,2.356746969453538e-09,0.2755375628256195,0.38415669362276905,0.32528506369578974,0.3594979458619464,0.3551633846867704,0.3846665296544108,-0.05265285921755153,-0.03822303266907244,-0.04346099528209882,0.00040325787686121273,0.14314801529304078,0.2067366465586825
sample_858,False,ok,multi_seed_output\seed_3_mh114\airfoils\sample_858.dat,0.1399871189760023,0.3166332665330661,2.230437806671759e-09,2.356746969453538e-09,0.2966325911711999,0.32818467559902503,0.36145085192643334,0.34339897371991424,0.39392463147542006,0.3722162862767373,-0.06116863028282796,-0.03126979311443373,-0.03515613497159989,0.005212956953180331,0.13252068472546413,0.1765150882600829
sample_859,False,ok,multi_seed_output\seed_3_mh114\airfoils\sample_859.dat,0.14001659186347987,0.2785571142284569,2.230437806671759e-09,2.356746969453538e-09,0.31877246026275535,0.30025730612443824,0.3342641458104399,0.34919735033567595,0.34177331328555216,0.40623752969407206,-0.15392846142562577,-0.013052022535459534,-0.05318480690126157,-0.0032160136214483687,0.14296864117594768,0.2364487899368419
sample_860,False,ok,multi_seed_output\seed_3_mh114\airfoils\sample_860.dat,0.1286995906945994,0.25851703406813625,2.230437806671759e-09,2.356746969453538e-09,0.23661560520907457,0.3671892714250169,0.2904590448793552,0.34187391649799587,0.35309826790724386,0.35203393640888225,-0.15255057984530315,0.0020886889271095332,-0.0007061693029557711,0.0553789810921613,0.0670948883320309,0.15486994423130016
sample_861,False,ok,multi_seed_output\seed_3_mh114\airfoils\sample_861.dat,0.1327787577361689,0.2865731462925851,2.230437806671759e-09,2.356746969453538e-09,0.3009999181695304,0.27208180167280854,0.38664193757631415,0.3660459529169031,0.41890898112170455,0.34544692542174543,-0.09990262251112471,-0.07074117237727486,0.04695837115840293,0.06843274196632143,0.0420123777115097,0.18655286831143666
sample_862,False,ok,multi_seed_output\seed_3_mh114\airfoils\sample_862.dat,0.12738510700160172,0.25250501002004005,2.230437806671759e-09,2.356746969453538e-09,0.2906217302112686,0.3249067274553138,0.2952983237549952,0.3297888784348767,0.36912885146549285,0.43298662703312507,-0.0964423885915433,-0.05345320198458858,0.053423608813235796,-0.014514806934252257,0.09881108301601363,0.2506769240138419
sample_863,False,ok,multi_seed_output\seed_3_mh114\airfoils\sample_863.dat,0.1260350019837577,0.3607214428857715,2.230437806671759e-09,2.356746969453538e-09,0.2109892788541543,0.28973476138784854,0.35810080581720094,0.28744065290506515,0.42175673374718714,0.38671538680303524,-0.05501172603258962,-0.01746709416527288,-0.034698030796132956,0.014278735203221163,0.05127844991534466,0.16732716005458645
sample_864,False,ok,multi_seed_output\seed_3_mh114\airfoils\sample_864.dat,0.1145470357470699,0.2945891783567134,2.230437806671759e-09,2.356746969453538e-09,0.2009278245179965,0.30864357960781,0.32862292183550873,0.3622214375968822,0.4023898605153621,0.4078869918055848,-0.12173892896398575,-0.01523000211807772,0.07151050075985758,0.06129744426270492,0.10949067132540398,0.26458841182664394
sample_865,False,ok,multi_seed_output\seed_3_mh114\airfoils\sample_865.dat,0.13787757710809623,0.2605210420841683,2.230437806671759e-09,2.356746969453538e-09,0.2591667195118169,0.3628684796634112,0.31028763265467324,0.37649456129383496,0.3631915608713384,0.3529659975996974,-0.09890509125856471,-0.07824500448790943,0.009328175284412335,0.09110764967676438,0.13109410734702925,0.20768482158430493
sample_866,False,ok,multi_seed_output\seed_3_mh114\airfoils\sample_866.dat,0.12112206963362014,0.22645290581162322,2.230437806671759e-09,2.356746969453538e-09,0.3074241272579757,0.28004748160821097,0.30103279190336707,0.31107878152387985,0.34068838286444925,0.34888714170291873,-0.09837724416617181,-0.04971656263530438,0.02938477536956058,0.08669300455855498,0.06677344711274849,0.17059854342980912
sample_867,False,ok,multi_seed_output\seed_3_mh114\airfoils\sample_867.dat,0.14339264637761628,0.23847695390781562,2.230437806671759e-09,2.356746969453538e-09,0.3194799386985528,0.3712248435903979,0.2991586351899058,0.3631980724127793,0.3962165182537265,0.42687949076081855,-0.14199353338132722,-0.03092752863450468,-0.013323192382183116,0.05714317496060674,0.11748880863894488,0.2274821081324021
sample_868,False,ok,multi_seed_output\seed_3_mh114\airfoils\sample_868.dat,0.13554472652157765,0.23847695390781562,2.230437806671759e-09,2.356746969453538e-09,0.3020916897954806,0.3417899699756098,0.3631935714159511,0.2956646953659835,0.4185251235776393,0.46389738218117615,-0.15383276487321845,-0.008499765974439813,0.020979255669201516,0.08527817195654562,0.050945820047333494,0.1640957598602215
sample_869,False,ok,multi_seed_output\seed_3_mh114\airfoils\sample_869.dat,0.1298929736664921,0.3226452905811623,2.230437806671759e-09,2.356746969453538e-09,0.26462902133033017,0.31346014516946213,0.3424598012666847,0.39030006684972796,0.3822530159135323,0.40211091068888755,-0.1266989081490792,0.0015326815038026326,0.01712374764684889,-0.004852339652641174,0.1348563325924269,0.21481144036566707
sample_870,False,ok,multi_seed_output\seed_3_mh114\airfoils\sample_870.dat,0.12838424341609733,0.30861723446893785,2.230437806671759e-09,2.356746969453538e-09,0.28257297557229744,0.288454448421982,0.3790343392679606,0.2871753011958969,0.39455003284322065,0.3431510089631231,-0.05189464730878153,-0.05217744250967307,0.018457177993151885,0.024490639199189153,0.05695976786979633,0.22732296451589823
sample_871,False,ok,multi_seed_output\seed_3_mh114\airfoils\sample_871.dat,0.15420483430610799,0.30260521042084165,2.230437806671759e-09,2.356746969453538e-09,0.31231020306966795,0.3608410309822818,0.3814622715492062,0.3455892935257588,0.31730733221021884,0.41651074154448525,-0.1074089912524181,-0.038231696384640704,-0.040026886611382755,-0.03118073400281201,0.05864475663211661,0.15890185952928548
sample_872,False,ok,multi_seed_output\seed_3_mh114\airfoils\sample_872.dat,0.15114718371667657,0.2925851703406813,2.230437806671759e-09,2.356746969453538e-09,0.23678140984375948,0.3865102592771559,0.32249576737764973,0.3695819683758611,0.41333553181871596,0.44171873179255927,-0.16006316964068248,-0.05630534768152825,-0.029533828564723207,-0.002007603346769339,0.07341792139716154,0.2530383505218444
sample_873,False,ok,multi_seed_output\seed_3_mh114\airfoils\sample_873.dat,0.1443056596509852,0.2725450901803607,2.230437806671759e-09,2.356746969453538e-09,0.28718147505636704,0.29995933362378124,0.34780141047806723,0.2930189558955227,0.3981739910746658,0.3910117372697607,-0.15484928271878684,-0.07068744926787111,-0.04433598568304685,0.012190724318891025,0.10406486025578084,0.1485736615796408
sample_874,False,ok,multi_seed_output\seed_3_mh114\airfoils\sample_874.dat,0.12647986907488146,0.280561122244489,2.230437806671759e-09,2.356746969453538e-09,0.24980793883981298,0.3473164596683373,0.35709094276126485,0.30734525664069556,0.30765012031556815,0.3991760363379051,-0.037204476209371326,-0.061940395346825675,0.0569345265180525,0.05996137350106705,0.02790817590127569,0.22891343600843345
sample_875,False,ok,multi_seed_output\seed_3_mh114\airfoils\sample_875.dat,0.13757913735638164,0.2865731462925851,2.230437806671759e-09,2.356746969453538e-09,0.30263044761984215,0.29876556867528,0.33533273497598726,0.32073058625594975,0.37611887218836415,0.3402091649216078,-0.08479355004922388,-0.0784263967089622,-0.011972642553634304,0.009082766250964873,0.06642874844089378,0.19860594621036548
sample_876,False,ok,multi_seed_output\seed_3_mh114\airfoils\sample_876.dat,0.13599821566818504,0.30260521042084165,2.230437806671759e-09,2.356746969453538e-09,0.20102483614544348,0.34206286023314325,0.3855198575358837,0.33596948787919634,0.31442737114796554,0.34408166354587494,-0.16068609726049365,-0.0363251122844327,0.05652235264607079,-0.022731365254316363,0.02353837902025847,0.1922782828569158
sample_877,False,ok,multi_seed_output\seed_3_mh114\airfoils\sample_877.dat,0.1330086223118299,0.2785571142284569,2.230437806671759e-09,2.356746969453538e-09,0.3228957750063518,0.3006920773882129,0.3797350195985667,0.2970947173728866,0.34421588083249954,0.35267055392094027,-0.044033704672637564,-0.08025360922231174,0.05583862373060215,0.0008448030641657681,0.07428433135060547,0.15885115103522396
sample_878,False,ok,multi_seed_output\seed_3_mh114\airfoils\sample_878.dat,0.13617959075508443,0.22444889779559116,2.230437806671759e-09,2.356746969453538e-09,0.29830555450518015,0.3171564709687098,0.290204628307747,0.3016463735738056,0.3524450602131096,0.4393497175143518,-0.1588757983415396,-0.05331009855606484,-0.025406018632352576,0.07607427333918688,0.11682571212648832,0.20878259511463576
sample_879,False,ok,multi_seed_output\seed_3_mh114\airfoils\sample_879.dat,0.1228988158868439,0.35270541082164325,2.230437806671759e-09,2.356746969453538e-09,0.2186767577783995,0.28072684051818486,0.4116630765813153,0.2888799948797274,0.36251435115640074,0.419072823216196,-0.10830273530532666,0.03485524601932598,0.008316112230559489,-0.02810995748221504,0.14885510580165484,0.1693452965119314
sample_880,False,ok,multi_seed_output\seed_3_mh114\airfoils\sample_880.dat,0.13658962041907813,0.3166332665330661,2.230437806671759e-09,2.356746969453538e-09,0.2252749967819362,0.29782121063641337,0.34532787075680216,0.3412043444011487,0.3174474394316088,0.4094911382039415,-0.10566884247418322,-0.08233080448313242,-0.004263633529458605,-0.012616578791554707,0.037642920458492136,0.1782330696183259
sample_881,False,ok,multi_seed_output\seed_3_mh114\airfoils\sample_881.dat,0.15067448347961399,0.2885771543086172,2.230437806671759e-09,2.356746969453538e-09,0.23049407436605435,0.38370910931158697,0.3878045269508859,0.385146278807433,0.33940003526527607,0.3675098664370433,-0.1565772942216457,-0.05606315806309916,0.02668237865496957,-0.0073178965653718855,0.1472966840425039,0.1508748603740992
sample_882,False,ok,multi_seed_output\seed_3_mh114\airfoils\sample_882.dat,0.12130407276799819,0.23246492985971942,2.230437806671759e-09,2.356746969453538e-09,0.2726931968245143,0.3422926625858922,0.3011371238596276,0.32166420579183924,0.40187416001946596,0.4652706938003684,-0.13812483608259124,0.02260803843592349,0.02230987414129494,0.08078042974067334,0.11012185893323989,0.1988921081587688
sample_883,False,ok,multi_seed_output\seed_3_mh114\airfoils\sample_883.dat,0.12566923383005976,0.23246492985971942,2.230437806671759e-09,2.356746969453538e-09,0.24357251805879465,0.27900144943300054,0.34136859064674774,0.30118534453624557,0.31586917482550037,0.4227041494203878,-0.15544099233727854,-0.07868111950809212,0.051183770678211796,0.08970596086726554,0.10940313122115246,0.20028001767974996
sample_884,False,ok,multi_seed_output\seed_3_mh114\airfoils\sample_884.dat,0.14239789411118497,0.2865731462925851,2.230437806671759e-09,2.356746969453538e-09,0.31743014187808616,0.35649977066371685,0.3616952088477382,0.40701177456929266,0.3334111967716863,0.38013462705939605,-0.07179130094279862,-0.04054636953616804,0.000499757102604928,0.07647280520985268,0.09054696669695658,0.17709849723057297
sample_885,False,ok,multi_seed_output\seed_3_mh114\airfoils\sample_885.dat,0.14212086859635922,0.25851703406813625,2.230437806671759e-09,2.356746969453538e-09,0.2514142954971066,0.3405275052546677,0.33152363028624726,0.38133273687772784,0.4110516329665536,0.4098282217142071,-0.16163947010448584,-0.07847054839093492,0.014291010039736929,0.07729104725575955,0.10089616232457842,0.1956587229818384
sample_886,False,ok,multi_seed_output\seed_3_mh114\airfoils\sample_886.dat,0.13961069262250625,0.35270541082164325,2.230437806671759e-09,2.356746969453538e-09,0.30605441591494453,0.29167585906563553,0.3720226833737922,0.40747281991692696,0.4075315044488309,0.364974675318842,-0.08118273152060158,-0.0012232903207272244,-0.048243591997748504,0.016890457683924262,0.12280503562911542,0.24917362041885582
sample_887,False,ok,multi_seed_output\seed_3_mh114\airfoils\sample_887.dat,0.11583642317991441,0.25250501002004005,2.230437806671759e-09,2.356746969453538e-09,0.2493307557685889,0.26808573734819957,0.3326128845512296,0.31920333501465,0.34205723388052883,0.3708498132437729,-0.12861631933477982,-0.028111246951229817,0.03323668620730011,0.09296419458379734,0.1309845277890369,0.21271477380024173
sample_888,False,ok,multi_seed_output\seed_3_mh114\airfoils\sample_888.dat,0.14600492209908403,0.3226452905811623,2.230437806671759e-09,2.356746969453538e-09,0.29044135587179554,0.32071954785894463,0.3972781938769809,0.3889055083775723,0.3019048834732713,0.4669337990454395,-0.0492449971867453,-0.059929616955435416,-0.027526918440489552,0.03417730112051778,0.05640356461774864,0.2725762159139148
sample_889,False,ok,multi_seed_output\seed_3_mh114\airfoils\sample_889.dat,0.12029355546960369,0.3166332665330661,2.230437806671759e-09,2.356746969453538e-09,0.19596940143351424,0.3216349121978581,0.3205818273698033,0.3196881599861735,0.40946977040098825,0.3573463626594042,-0.14468817905136228,0.03364148019532384,-0.020022152074249372,0.02520908306055339,0.13458042872096404,0.1789968359378998
sample_890,False,ok,multi_seed_output\seed_3_mh114\airfoils\sample_890.dat,0.13091838346193263,0.280561122244489,2.230437806671759e-09,2.356746969453538e-09,0.3066876320255232,0.3597384959534169,0.2915710334488042,0.3814539701489358,0.3783425010458807,0.4660215776317861,-0.09875107961120339,0.023952463084890033,-0.036944884447880647,0.055618076009433734,0.1460375771657642,0.17575567285823718
sample_891,False,ok,multi_seed_output\seed_3_mh114\airfoils\sample_891.dat,0.14067600289882853,0.2665330661322645,2.230437806671759e-09,2.356746969453538e-09,0.23611331854145254,0.3874086962827785,0.3920507820728934,0.28394940620094106,0.3037740641770814,0.3730478729242453,-0.07941392773096678,-0.08449345105445953,0.04902887566239647,0.0735376629993012,0.04829684074039006,0.21804187720148271
sample_892,False,ok,multi_seed_output\seed_3_mh114\airfoils\sample_892.dat,0.1356600422425938,0.3386773547094188,2.230437806671759e-09,2.356746969453538e-09,0.2121438784147499,0.36206793141860416,0.39404739305990083,0.33055328916318816,0.2968604971584156,0.4068414339042189,-0.04197830158157578,0.017775483553411825,-0.05698905309273162,0.0369277535302919,0.10027366337584526,0.23466808163232422
sample_893,False,ok,multi_seed_output\seed_3_mh114\airfoils\sample_893.dat,0.14708187928978728,0.344689378757515,2.230437806671759e-09,2.356746969453538e-09,0.21308750499239765,0.3727854068077843,0.39524302216096663,0.3624085623515581,0.30481859823566737,0.44696179788663526,-0.11451414518078222,-0.005935464903906701,-0.02047926653099766,-0.03351216387655525,0.03635938605428434,0.17836715221193777
sample_894,False,ok,multi_seed_output\seed_3_mh114\airfoils\sample_894.dat,0.12317118372571424,0.3306613226452906,2.230437806671759e-09,2.356746969453538e-09,0.27883922252810966,0.2867076191062422,0.353986491545041,0.3783540498531574,0.3250528479293297,0.3622363078714201,-0.1136651866740579,0.0013675466489798116,0.06103167644634201,-0.033236784941319056,0.0910369381581645,0.2321597569784057
sample_895,False,ok,multi_seed_output\seed_3_mh114\airfoils\sample_895.dat,0.14002945624251617,0.2865731462925851,2.230437806671759e-09,2.356746969453538e-09,0.23652254273707807,0.36261635269275705,0.3236963411649511,0.3703398645855118,0.320586398859713,0.4075885222106884,-0.1278978761126346,-0.05733126692747737,0.009779207212335772,0.001742579848484957,0.09641013697841906,0.2714399895253737
sample_896,False,ok,multi_seed_output\seed_3_mh114\airfoils\sample_896.dat,0.15183785629779586,0.3006012024048096,2.230437806671759e-09,2.356746969453538e-09,0.2647616560488069,0.35820561699702025,0.31481228486127255,0.41161198162901846,0.3716275655208853,0.43206909163774165,-0.14915190236416837,-0.06785017891010454,-0.03277963039796723,-0.0160040663717672,0.07061887374570802,0.18062313369752822
sample_897,False,ok,multi_seed_output\seed_3_mh114\airfoils\sample_897.dat,0.12667573061065815,0.2665330661322645,2.230437806671759e-09,2.356746969453538e-09,0.22561085822377686,0.36527855170600954,0.33044546732562263,0.33676253873003187,0.3690217758836143,0.3472251545364558,-0.11270276119744635,-0.026689140569554154,0.05555445940357122,0.04193028594744773,0.13753405749963113,0.22148143153261257
sample_898,False,ok,multi_seed_output\seed_3_mh114\airfoils\sample_898.dat,0.12808438343830192,0.3226452905811623,2.230437806671759e-09,2.356746969453538e-09,0.22882145399962017,0.3637952305295087,0.29780642355565357,0.36649235913535744,0.33331848383997,0.3552581870880846,-0.0786517374626651,0.012882701862855131,-0.04205279608974048,0.05103900325681972,0.03631303263712432,0.23062372671070672
sample_899,False,ok,multi_seed_output\seed_3_mh114\airfoils\sample_899.dat,0.1459422230491101,0.2865731462925851,2.230437806671759e-09,2.356746969453538e-09,0.2723064649312308,0.3815460866118506,0.41173018852385634,0.3577342417282317,0.34184091467420863,0.42555995421536075,-0.09470465644750678,-0.026546082760410622,-0.009168559673663722,0.09226777439051054,0.1312487195535293,0.19467423204576773
sample_900,False,ok,multi_seed_output\seed_3_mh114\airfoils\sample_900.dat,0.11845575617808943,0.2444889779559118,2.230437806671759e-09,2.356746969453538e-09,0.25036726386471064,0.30287885164598266,0.3083200775865228,0.37165884408537314,0.37173587990974766,0.39120989344294943,-0.1441815486387019,-0.015912892949937932,0.05607463840947234,0.08330319655223517,0.09344451327624478,0.18715753376771832
sample_901,False,ok,multi_seed_output\seed_3_mh114\airfoils\sample_901.dat,0.12810853478004172,0.3386773547094188,2.230437806671759e-09,2.356746969453538e-09,0.2519210607782587,0.34464576026653115,0.28668315695608304,0.3386176052905585,0.3375002058280595,0.4461898651697659,-0.03222072867883233,-0.0033231705700815795,-0.04940266920953318,-0.01641800492076544,0.07823895614569434,0.19264206125368266
sample_902,False,ok,multi_seed_output\seed_3_mh114\airfoils\sample_902.dat,0.1322995750653745,0.24649298597194386,2.230437806671759e-09,2.356746969453538e-09,0.29922374687657805,0.3331664898492971,0.3903792226932884,0.3105367135983932,0.31269670857157955,0.447650876537814,-0.13569847830558254,0.0018714627064264355,0.03087422175031139,0.08297404507241862,0.07167011889878755,0.1899688479141882
sample_903,False,ok,multi_seed_output\seed_3_mh114\airfoils\sample_903.dat,0.13119210580138485,0.26452905811623245,2.230437806671759e-09,2.356746969453538e-09,0.2811987681011552,0.33637780665546496,0.3319148287874581,0.3287839688981909,0.3253615760647084,0.3956762912887596,-0.1263814117517732,-0.02566141511495075,0.047656733744583374,-0.02904956357226934,0.11031075573520573,0.2543059781815142
sample_904,False,ok,multi_seed_output\seed_3_mh114\airfoils\sample_904.dat,0.121863523332669,0.3006012024048096,2.230437806671759e-09,2.356746969453538e-09,0.3061533155092129,0.28948572451612475,0.3018907755817915,0.3700201211472297,0.32396067366874565,0.36315879502968473,-0.059776678473992054,-0.031014225509427652,0.026778599310272766,0.005337915882130034,0.06356474901729595,0.2140947088455098
sample_905,False,ok,multi_seed_output\seed_3_mh114\airfoils\sample_905.dat,0.11300890998177957,0.30861723446893785,2.230437806671759e-09,2.356746969453538e-09,0.19752061178939598,0.28283016315618187,0.3932954513657663,0.3238531448954275,0.30880863855840507,0.35881772429080017,-0.10273316282981315,0.010458578204407168,0.043035850383441335,0.07737693733832432,0.13264084255910674,0.23269005784967803
sample_906,False,ok,multi_seed_output\seed_3_mh114\airfoils\sample_906.dat,0.12467204673339476,0.3006012024048096,2.230437806671759e-09,2.356746969453538e-09,0.20596266138550234,0.3673946478988673,0.33801534675376327,0.3259515579247202,0.31774057463403743,0.43269732815320394,-0.08714505839722327,-0.009455569809563871,0.03618361674814004,0.027518747724665567,0.07632658531797401,0.14804670594160185
sample_907,False,ok,multi_seed_output\seed_3_mh114\airfoils\sample_907.dat,0.12490667089874696,0.2665330661322645,2.230437806671759e-09,2.356746969453538e-09,0.32266564946143417,0.2939447296186087,0.4048617266434411,0.2958474396377564,0.41440105167662145,0.4401308673475092,-0.10467791123334225,0.007034679182861589,0.06916801361699022,0.009762146795842058,0.14424615578038535,0.2557114663761478
sample_908,False,ok,multi_seed_output\seed_3_mh114\airfoils\sample_908.dat,0.13568925676854074,0.2785571142284569,2.230437806671759e-09,2.356746969453538e-09,0.22810565054835638,0.36709413998502466,0.3515161937668203,0.4026825959397136,0.3207018395399132,0.38314195243754573,-0.1050207865006837,-0.0645053996721319,0.05254844556680717,0.07548955368103609,0.13142675114397623,0.14702273424617926
sample_909,False,ok,multi_seed_output\seed_3_mh114\airfoils\sample_909.dat,0.15398141921227643,0.2925851703406813,2.230437806671759e-09,2.356746969453538e-09,0.30893062039247327,0.31426808343469403,0.3799860413795818,0.3769205657969344,0.29550051818969636,0.43997344483833906,-0.12219043708176155,-0.08359244128900087,-0.04186407772291767,-0.006809318296381331,0.1445139396432621,0.2407040672551796
sample_910,False,ok,multi_seed_output\seed_3_mh114\airfoils\sample_910.dat,0.11893682439459709,0.3366733466933867,2.230437806671759e-09,2.356746969453538e-09,0.23903306255132556,0.26390019397816666,0.35479311563092963,0.33744460595396425,0.3307309382249548,0.37919066185016115,-0.08635625930157612,-0.021928006420640883,0.03161353598479484,0.005276273502718691,0.08487641503323129,0.16625936126553095
sample_911,False,ok,multi_seed_output\seed_3_mh114\airfoils\sample_911.dat,0.1299359491731931,0.3386773547094188,2.230437806671759e-09,2.356746969453538e-09,0.23420420862688826,0.3169641381135622,0.3157058564644695,0.33148429411664704,0.3132555906477103,0.43400473540509876,-0.05408385553736825,-0.03163077287593259,-0.03802046711263586,-0.007008110015702118,0.02937031086576028,0.20103108910785442
sample_912,False,ok,multi_seed_output\seed_3_mh114\airfoils\sample_912.dat,0.12907201309355731,0.2785571142284569,2.230437806671759e-09,2.356746969453538e-09,0.2519537184047655,0.36637692461098115,0.3457209649809534,0.35135219338047013,0.33591983448644197,0.3836136741757576,-0.09722817460202765,-0.00632406153639653,0.023533346025871205,0.08818921966285843,0.04659820923132549,0.166133384361067
sample_913,False,ok,multi_seed_output\seed_3_mh114\airfoils\sample_913.dat,0.12433324334021137,0.25851703406813625,2.230437806671759e-09,2.356746969453538e-09,0.21978198926785278,0.3352242054725653,0.28604474776914396,0.29877195142465607,0.3254611379649452,0.39118896182203133,-0.14099540973282776,-0.02998575236106895,0.0017190096215199333,0.049897504854326855,0.026972664600793696,0.2209486839183695
sample_914,False,ok,multi_seed_output\seed_3_mh114\airfoils\sample_914.dat,0.12799223324552433,0.374749498997996,2.230437806671759e-09,2.356746969453538e-09,0.2267144182469508,0.31211928240454384,0.3930320513303104,0.3420039936880348,0.3940356376330997,0.461304268471522,-0.05455232065558831,0.030269169870304494,0.004997371312911045,-0.02527502395072803,0.13031484415630684,0.22008428540584735
sample_915,False,ok,multi_seed_output\seed_3_mh114\airfoils\sample_915.dat,0.1319484450125596,0.3306613226452906,2.230437806671759e-09,2.356746969453538e-09,0.19684429942498977,0.292545652915735,0.31450691867665315,0.4009461232912532,0.4049820996135316,0.3962858467865114,-0.10574154347666131,-0.07733529747156992,-0.012588576398573505,0.024724030536130343,0.14305326404852658,0.20330267042745562
sample_916,False,ok,multi_seed_output\seed_3_mh114\airfoils\sample_916.dat,0.13721331227047964,0.3006012024048096,2.230437806671759e-09,2.356746969453538e-09,0.23829393748921532,0.34611713714362435,0.37312825871753874,0.3509174954143902,0.39598621986746807,0.37983464580055837,-0.09287240286494625,-0.04264433545825032,-0.002605341769736827,0.06106542951064779,0.1288331955285631,0.252690811824696
sample_917,False,ok,multi_seed_output\seed_3_mh114\airfoils\sample_917.dat,0.1244266512022067,0.3006012024048096,2.230437806671759e-09,2.356746969453538e-09,0.21054127036735001,0.34751171709277456,0.28614126980058757,0.3704444982256992,0.4138709070904996,0.41220098736717903,-0.13407590834550687,0.0071101158293473965,-0.013139060451752782,0.04423953406460204,0.1366964543936317,0.1585488421495944
sample_918,False,ok,multi_seed_output\seed_3_mh114\airfoils\sample_918.dat,0.1523609366458633,0.2745490981963928,2.230437806671759e-09,2.356746969453538e-09,0.3071588964687858,0.37802366155700634,0.39551804169299426,0.410760140148434,0.38397184821664476,0.4478972384464313,-0.11119786063611628,-0.05927168699915909,0.01815910780221626,0.08659808230233046,0.07948815669091364,0.2287832974249978
sample_919,False,ok,multi_seed_output\seed_3_mh114\airfoils\sample_919.dat,0.13831408032808248,0.2945891783567134,2.230437806671759e-09,2.356746969453538e-09,0.2676584312187217,0.27772574989523113,0.36550286443918006,0.3845834507491916,0.40017054390033613,0.41955285467663717,-0.12362581994439731,-0.07356429545260107,-0.028170498552427328,0.09245436879231522,0.1247242217594713,0.24193449652890917
sample_920,False,ok,multi_seed_output\seed_3_mh114\airfoils\sample_920.dat,0.14825412287229328,0.30861723446893785,2.230437806671759e-09,2.356746969453538e-09,0.23802043639719883,0.35299286996002305,0.4017086083998652,0.3860934474864061,0.3166616416148044,0.45347452901200364,-0.12049698734345925,-0.0858833915326859,0.060118917038652506,-0.03024307484222678,0.06747807486180799,0.17545931381556948
sample_921,False,ok,multi_seed_output\seed_3_mh114\airfoils\sample_921.dat,0.13935573127061468,0.25851703406813625,2.230437806671759e-09,2.356746969453538e-09,0.3248196127862746,0.338745599480201,0.3830439996369964,0.37759819007742956,0.4012815972339146,0.40951077266322244,-0.136012340337921,-0.01780998864777493,0.051898472167937845,0.04014778789161061,0.12870109548978537,0.1859878250498701
sample_922,False,ok,multi_seed_output\seed_3_mh114\airfoils\sample_922.dat,0.13014839184679083,0.2885771543086172,2.230437806671759e-09,2.356746969453538e-09,0.22819431192993517,0.35685109057160813,0.2995338488624098,0.35407219773759724,0.3278225291766224,0.42394497623798577,-0.06364995693930633,-0.07012483768516424,0.02104124962480579,0.02512643526131067,0.09541270238253499,0.26659509682385224
sample_923,False,ok,multi_seed_output\seed_3_mh114\airfoils\sample_923.dat,0.1363631504749112,0.30861723446893785,2.230437806671759e-09,2.356746969453538e-09,0.2778239900747351,0.3557308046467678,0.36491681043800667,0.38763885162875855,0.3296250013160646,0.4443003507512529,-0.06937240155278493,-0.010501265862943115,-0.0027450448760545157,0.04074806640544845,0.14084976063994048,0.20635879821114478
sample_924,False,ok,multi_seed_output\seed_3_mh114\airfoils\sample_924.dat,0.1036711062609698,0.30861723446893785,2.230437806671759e-09,2.356746969453538e-09,0.26544270089486444,0.27702231709970254,0.32701493258657327,0.33535099674812036,0.3469375800105749,0.3768476937671814,-0.07138561394546325,0.029747485465239212,0.0708835356380886,0.05741653528221967,0.05099590511375518,0.17513494890851047
sample_925,False,ok,multi_seed_output\seed_3_mh114\airfoils\sample_925.dat,0.13971309919108885,0.344689378757515,2.230437806671759e-09,2.356746969453538e-09,0.24613473313214798,0.3609096470490374,0.3864401092816596,0.40074235517988493,0.3232757767912351,0.3989747185770864,-0.07024591201752739,0.021851508065843864,-0.029800644680682668,0.01558482102067204,0.12592574250062624,0.1678686285477164
sample_926,False,ok,multi_seed_output\seed_3_mh114\airfoils\sample_926.dat,0.11213669106298055,0.3006012024048096,2.230437806671759e-09,2.356746969453538e-09,0.24292876206260594,0.29855253770208984,0.3121568612113056,0.2954964955744459,0.3619126939194791,0.4498655507386866,-0.05115815977351877,0.0007365562511450069,-0.005739964811989191,0.06995173238757876,0.10181257521855128,0.26588105473819573
sample_927,False,ok,multi_seed_output\seed_3_mh114\airfoils\sample_927.dat,0.11390539186374833,0.31462925851703405,2.230437806671759e-09,2.356746969453538e-09,0.28199396068835997,0.3047638816876241,0.3985648425648083,0.2964597458614967,0.346026841276863,0.3650890566133794,-0.03362056820156725,0.026110930937594395,0.06459245124580697,0.0633487211535606,0.02586737307345142,0.18471276147161447
sample_928,False,ok,multi_seed_output\seed_3_mh114\airfoils\sample_928.dat,0.1111973849294155,0.3226452905811623,2.230437806671759e-09,2.356746969453538e-09,0.2773271628638032,0.30217340264318227,0.3218039756518072,0.3022902761578058,0.41987387509127694,0.35317871703905573,-0.039843020663531556,0.006297733817799342,0.059801428649787686,0.017638596973692314,0.0382516352954574,0.15907219326948754
sample_929,False,ok,multi_seed_output\seed_3_mh114\airfoils\sample_929.dat,0.1373349196802787,0.34669338677354705,2.230437806671759e-09,2.356746969453538e-09,0.31312853398120205,0.3052421750070525,0.3762198313189532,0.3749214756075571,0.3645595502018523,0.3902285086293963,-0.03503099645570912,-0.01811999154461738,-0.017328459331532667,0.0005905703208961346,0.06006195997389222,0.2628019326120858
sample_930,False,ok,multi_seed_output\seed_3_mh114\airfoils\sample_930.dat,0.11697182064151822,0.2945891783567134,2.230437806671759e-09,2.356746969453538e-09,0.24134708469208035,0.3858608623030827,0.35432260608096505,0.33107024282082953,0.37401458714711083,0.439242108833171,-0.04382620877551295,0.03587250088714648,0.06849200950294364,0.072073806101213,0.08570997399781057,0.2661631215480389
sample_931,False,ok,multi_seed_output\seed_3_mh114\airfoils\sample_931.dat,0.12612813614915058,0.30861723446893785,2.230437806671759e-09,2.356746969453538e-09,0.21170020835015488,0.3452983610696364,0.3376730135001504,0.3380221968864886,0.40637615094205004,0.44046952632981196,-0.06651628616925886,-0.05364101792702686,0.06304744498439406,-0.006351864943048673,0.13893310012682536,0.24211804269106696
sample_932,False,ok,multi_seed_output\seed_3_mh114\airfoils\sample_932.dat,0.09847784044498398,0.3366733466933867,2.230437806671759e-09,2.356746969453538e-09,0.2349601522519659,0.2842644789988128,0.29240437349580567,0.41267889223828813,0.3618643454423649,0.4291064094951844,-0.041028649369525605,0.02741692131730719,0.07097748641149616,0.09355489728895808,0.14737900184097175,0.2579645194221909
sample_933,False,ok,multi_seed_output\seed_3_mh114\airfoils\sample_933.dat,0.12886391559940305,0.2865731462925851,2.230437806671759e-09,2.356746969453538e-09,0.2914441654822903,0.31481959789156977,0.32617321020318646,0.35357277719248714,0.34593542278424827,0.45054320420518135,-0.0748708836188539,-0.0316479316697202,-0.009053417667373304,0.06889176612279688,0.07509652232847325,0.17807984930320025
sample_934,False,ok,multi_seed_output\seed_3_mh114\airfoils\sample_934.dat,0.13805535088057166,0.3386773547094188,2.230437806671759e-09,2.356746969453538e-09,0.2989017717604283,0.300798933949384,0.3987803313632782,0.40855443340331554,0.34225080526381946,0.38495677586894655,-0.06042008834281605,-0.011373227071974051,-0.033966402555021265,0.09068233442710481,0.02206859667832163,0.23761684275496486
sample_935,False,ok,multi_seed_output\seed_3_mh114\airfoils\sample_935.dat,0.12092768783046365,0.2945891783567134,2.230437806671759e-09,2.356746969453538e-09,0.30247284985180833,0.26674291200520617,0.36364127808534,0.31645585643351243,0.37140747138263264,0.3390269457439895,-0.12485569350658278,0.02988763167207402,-0.007253040706928407,0.047243772886727,0.10145396809877649,0.14859949826599617
sample_936,False,ok,multi_seed_output\seed_3_mh114\airfoils\sample_936.dat,0.1279044522585765,0.30861723446893785,2.230437806671759e-09,2.356746969453538e-09,0.2584843534764295,0.3653244651662787,0.33084136868283454,0.3346812440426721,0.30087951485376185,0.3663990031353424,-0.08292093439484195,0.025500042825192387,-0.0011679047023848421,-0.0021016599097224767,0.07462730620712771,0.2462533120074309
sample_937,False,ok,multi_seed_output\seed_3_mh114\airfoils\sample_937.dat,0.1491297213934279,0.31462925851703405,2.230437806671759e-09,2.356746969453538e-09,0.2600718336038585,0.3800424892544217,0.3842571909625452,0.4085983031769521,0.39964984554318406,0.39434823629025123,-0.06337296586606699,-0.0712563220342132,0.015201822846103621,0.04388961209154052,0.08039594431223712,0.1763435441475167
sample_938,False,ok,multi_seed_output\seed_3_mh114\airfoils\sample_938.dat,0.12509353209772028,0.280561122244489,2.230437806671759e-09,2.356746969453538e-09,0.2619120036387075,0.336047251177445,0.33732748657005784,0.29342706536545515,0.30840619512792544,0.3917680315611418,-0.07522226223231958,-0.03213874363372911,0.04488970985059522,0.007825754982021725,0.027791562248459124,0.21591507419416933
sample_939,False,ok,multi_seed_output\seed_3_mh114\airfoils\sample_939.dat,0.1379682926336469,0.30861723446893785,2.230437806671759e-09,2.356746969453538e-09,0.23189000715188224,0.33675006630378346,0.34519241969502484,0.3198795713504885,0.36609929133462193,0.4397510584897761,-0.14343596790310134,-0.03339595933702123,-0.006054854023813304,-0.025968757381759973,0.0612373528059475,0.19176686313985014
sample_940,False,ok,multi_seed_output\seed_3_mh114\airfoils\sample_940.dat,0.13108249636972583,0.3006012024048096,2.230437806671759e-09,2.356746969453538e-09,0.2047789121179053,0.3683979730777712,0.34390702722665484,0.2943085421960251,0.41459815122293453,0.45913619430904634,-0.049360929953405214,-0.08713502786367781,0.068212199356271,0.005145449927673115,0.02285734592059144,0.19015289734041754
sample_941,False,ok,multi_seed_output\seed_3_mh114\airfoils\sample_941.dat,0.1335503441573783,0.2605210420841683,2.230437806671759e-09,2.356746969453538e-09,0.2228886003524132,0.37850168109912935,0.30861786695705834,0.37189624056081894,0.40151977530974875,0.35608251262915624,-0.13506549785781244,-0.04289849992662562,0.02563289595282127,0.07958327789648022,0.13904030440946896,0.2241214731328786
sample_942,False,ok,multi_seed_output\seed_3_mh114\airfoils\sample_942.dat,0.12721896853080208,0.280561122244489,2.230437806671759e-09,2.356746969453538e-09,0.20416237561280848,0.36775958139430875,0.3056722660584127,0.2851625876492975,0.3984113421112439,0.43091125567200883,-0.08269918577552392,-0.07338008840839355,0.06237383564056288,-0.014255834253771475,0.09127619735980826,0.2069192173140861
sample_943,False,ok,multi_seed_output\seed_3_mh114\airfoils\sample_943.dat,0.15890754733340307,0.2665330661322645,2.230437806671759e-09,2.356746969453538e-09,0.3144360223411519,0.3541506655686695,0.37675883564553453,0.3825737178164471,0.35141360909914043,0.43079414296374585,-0.14723716833502434,-0.08143523353192436,-0.03045142521400434,0.03391451632636483,0.14915690913390445,0.24684018273209518
sample_944,False,ok,multi_seed_output\seed_3_mh114\airfoils\sample_944.dat,0.11541228449247445,0.30260521042084165,2.230437806671759e-09,2.356746969453538e-09,0.22364632857797562,0.31034616941006,0.30175466809899915,0.32473478615436413,0.39107742477966245,0.3378781629476841,-0.07349320343919315,-0.01680561588771895,0.010057570531123092,0.07593355734817152,0.0430260158145515,0.16547561785000156
sample_945,False,ok,multi_seed_output\seed_3_mh114\airfoils\sample_945.dat,0.13028877527900606,0.2725450901803607,2.230437806671759e-09,2.356746969453538e-09,0.2747379518579659,0.3469240292175033,0.37109535237922303,0.29832669180663873,0.4073654144722792,0.39472455167754456,-0.11895805309526618,-0.0074608386461707255,0.06057599395285525,-0.01195835078563055,0.1471286591706802,0.14821392803940162
sample_946,False,ok,multi_seed_output\seed_3_mh114\airfoils\sample_946.dat,0.12455031873558946,0.3687374749498998,2.230437806671759e-09,2.356746969453538e-09,0.221110106847876,0.3091183495538604,0.33593307597129013,0.35749929437414496,0.30048083565216416,0.3647290848101554,-0.08469264028503663,0.019663938580164644,-0.0018396803865268138,-0.02786071604552684,0.021848011286613706,0.2547098584193789
sample_947,False,ok,multi_seed_output\seed_3_mh114\airfoils\sample_947.dat,0.12743759050520242,0.30861723446893785,2.230437806671759e-09,2.356746969453538e-09,0.2816530488273792,0.26596134410852895,0.3367012619776438,0.3493559380376621,0.3432229210273331,0.34961388434836127,-0.04105288017816079,-0.07940038940931246,0.0033256603583883687,0.011096530311209024,0.14484283201598847,0.22135292055361488
sample_948,False,ok,multi_seed_output\seed_3_mh114\airfoils\sample_948.dat,0.15042197755360914,0.30861723446893785,2.230437806671759e-09,2.356746969453538e-09,0.22544216389923044,0.3883540335549736,0.4037198006341613,0.30085352605698823,0.32891314837917673,0.430570065709667,-0.1271103049463463,-0.021448720739233276,-0.03656731489937444,-0.026213453418040517,0.12489389169523173,0.2491071093446597
sample_949,False,ok,multi_seed_output\seed_3_mh114\airfoils\sample_949.dat,0.12460692184856433,0.25250501002004005,2.230437806671759e-09,2.356746969453538e-09,0.27455870980302427,0.3013079880101745,0.3775096058672667,0.32707134131962273,0.3097583207716089,0.43045050708219795,-0.14117528020948147,-0.004124002566951709,0.051294935276602005,0.05583460631167492,0.12497384040002343,0.17876491873000586
sample_950,False,ok,multi_seed_output\seed_3_mh114\airfoils\sample_950.dat,0.13859145853264954,0.30260521042084165,2.230437806671759e-09,2.356746969453538e-09,0.24125529883762714,0.37670873644244346,0.29944548217718003,0.3236768774097232,0.38186032387686897,0.34281009918253136,-0.10619767297030809,-0.01315001466784449,-0.055955484521637726,-0.020645663645330464,0.13077977688856904,0.22675469753965766
sample_951,False,ok,multi_seed_output\seed_3_mh114\airfoils\sample_951.dat,0.1285888617108476,0.3166332665330661,2.230437806671759e-09,2.356746969453538e-09,0.2845350458633134,0.3014577515097315,0.40242036092191613,0.34302795687591786,0.4115946377956754,0.4441244506760078,-0.04464741934649499,-0.043976710314628714,0.066359404412234,0.024986797334694673,0.09576587421204946,0.26392622869296534
sample_952,False,ok,multi_seed_output\seed_3_mh114\airfoils\sample_952.dat,0.14251329157033363,0.3386773547094188,2.230437806671759e-09,2.356746969453538e-09,0.22516551459992212,0.3580525872545428,0.3443725953799882,0.38111130038774355,0.3610545870236084,0.4530430693632376,-0.06961951753094923,-0.030072745410397936,-0.048665366494775514,-0.007506064010225324,0.1343762365900863,0.2230156803607583
sample_953,False,ok,multi_seed_output\seed_3_mh114\airfoils\sample_953.dat,0.1416054052821522,0.2665330661322645,2.230437806671759e-09,2.356746969453538e-09,0.25053652406307036,0.3675740026945697,0.3305156661993467,0.2932824896029315,0.3367614536181396,0.3786503557767047,-0.13074696966565622,-0.06986080737326186,0.022921359615133793,-0.02351704831670338,0.03368140395496136,0.2233259910513311
sample_954,False,ok,multi_seed_output\seed_3_mh114\airfoils\sample_954.dat,0.12969879481049995,0.280561122244489,2.230437806671759e-09,2.356746969453538e-09,0.2807606887619103,0.33511338725244466,0.3782758941573649,0.34686931788342423,0.333533371951789,0.36882345676484546,-0.1425453868054776,0.021224515151967327,0.04973949115827406,0.004980863951847568,0.098917662983941,0.2555906042473032
sample_955,False,ok,multi_seed_output\seed_3_mh114\airfoils\sample_955.dat,0.11689814837977507,0.30861723446893785,2.230437806671759e-09,2.356746969453538e-09,0.20117006988993621,0.2802269777362662,0.33138210075551544,0.30863968970907313,0.3361293812242721,0.4080995315564776,-0.08053381415603046,-0.067172946113408,0.05927786083810477,0.01104513864005055,0.04188148545234788,0.1683389921587384
sample_956,False,ok,multi_seed_output\seed_3_mh114\airfoils\sample_956.dat,0.12405866300464091,0.30861723446893785,2.230437806671759e-09,2.356746969453538e-09,0.23958051235204536,0.30511064080532596,0.30366477639918593,0.3721378113777854,0.3194454928961226,0.36705021112993097,-0.13831297704003634,0.009757871146571506,-0.03134019265435623,0.051630808472111794,0.05683141163952617,0.20886986567772634
sample_957,False,ok,multi_seed_output\seed_3_mh114\airfoils\sample_957.dat,0.14213059175685028,0.344689378757515,2.230437806671759e-09,2.356746969453538e-09,0.20434651304724258,0.27090697276840825,0.4097100080039654,0.31149413985664454,0.41397463089104447,0.40985290213666903,-0.1380846853300492,-0.08163104964528252,-0.0035902117042299828,-0.02505766510412264,0.035015250893186994,0.18266554090850354
sample_958,False,ok,multi_seed_output\seed_3_mh114\airfoils\sample_958.dat,0.11618113815262121,0.2605210420841683,2.230437806671759e-09,2.356746969453538e-09,0.2838856143840712,0.3369957187744316,0.3051119383111174,0.34149413586462046,0.338654336393531,0.38715667804084064,-0.07943786605478015,0.009873249072764767,0.07030140922327914,0.021521665669352652,0.07214576278304013,0.2647679647283862
sample_959,False,ok,multi_seed_output\seed_3_mh114\airfoils\sample_959.dat,0.13324919227218776,0.3226452905811623,2.230437806671759e-09,2.356746969453538e-09,0.2586885016616362,0.29396842543496043,0.3765617881418334,0.3365954529134851,0.3661895795065924,0.37521545694868025,-0.10451626535979841,-0.021637555483524362,-0.020946236646628362,0.0377169385113382,0.029697121030574942,0.27303246875948217
sample_960,False,ok,multi_seed_output\seed_3_mh114\airfoils\sample_960.dat,0.12870028401844102,0.3306613226452906,2.230437806671759e-09,2.356746969453538e-09,0.2628620327686324,0.34238754239264063,0.30317783520559166,0.3994631359774631,0.347203899109472,0.35314985734620247,-0.08447852368717447,0.0016982871172128433,-0.004401607543721896,0.026092433152565604,0.02365271336556955,0.2536567412219768
sample_961,False,ok,multi_seed_output\seed_3_mh114\airfoils\sample_961.dat,0.11126968009017299,0.23847695390781562,2.230437806671759e-09,2.356746969453538e-09,0.3088348041693151,0.29656262416270746,0.3015667345703674,0.3140082296130968,0.32819667791573204,0.40899189333988917,-0.09009541620132935,0.03451285379478547,0.021183702714641484,0.07790422041828773,0.1011025935085414,0.18627514503021106
sample_962,False,ok,multi_seed_output\seed_3_mh114\airfoils\sample_962.dat,0.1092918176765849,0.3607214428857715,2.230437806671759e-09,2.356746969453538e-09,0.31900472698745536,0.26357102238002733,0.3284121986212738,0.33643529604340017,0.3693113139926986,0.43851296024248826,-0.04769063095169801,0.023152260659468404,0.07213753191545096,-0.012701208872482255,0.03819557597058135,0.26411938504085064
sample_963,False,ok,multi_seed_output\seed_3_mh114\airfoils\sample_963.dat,0.1187285634129203,0.2785571142284569,2.230437806671759e-09,2.356746969453538e-09,0.21766507099252008,0.2786537496302251,0.29535027962508364,0.33919949778534675,0.4035639247456422,0.3459972833595527,-0.10214709228165728,-0.07608564386345834,0.020073892562199908,0.0920734233942073,0.06781168591530484,0.23928208815149607
sample_964,False,ok,multi_seed_output\seed_3_mh114\airfoils\sample_964.dat,0.13015019768062785,0.3006012024048096,2.230437806671759e-09,2.356746969453538e-09,0.2948988629503485,0.26277076139095956,0.2938656447954122,0.3968981964181063,0.3034143113418048,0.4264333857124116,-0.11916043897618586,-0.06328751863965867,0.004337223823583314,-0.028767683642767345,0.08135314051437255,0.23994923082203257
sample_965,False,ok,multi_seed_output\seed_3_mh114\airfoils\sample_965.dat,0.14580413793591765,0.3306613226452906,2.230437806671759e-09,2.356746969453538e-09,0.2823982359721435,0.37806931359896406,0.3988958626646935,0.34165683352518383,0.31221326097018354,0.4063823517073449,-0.054192035932010996,0.002589672841701557,-0.03528510944691378,0.0031441033081325703,0.0387817450076116,0.18553799198068033
sample_966,False,ok,multi_seed_output\seed_3_mh114\airfoils\sample_966.dat,0.13800072059534715,0.3006012024048096,2.230437806671759e-09,2.356746969453538e-09,0.30397366291512223,0.2969345452034831,0.32301912751647643,0.3320897506665134,0.35957285822198376,0.4327229296900655,-0.11216946249265022,-0.03772324606295144,-0.05710591214769398,0.007304955918511845,0.05370935232625294,0.23097893749674775
sample_967,False,ok,multi_seed_output\seed_3_mh114\airfoils\sample_967.dat,0.13343326393433436,0.37675350701402804,2.230437806671759e-09,2.356746969453538e-09,0.19733845977351375,0.3429625914115266,0.31616523106889893,0.40715252551528003,0.39904822254371775,0.38353926337593625,-0.06969737612697224,0.00822115715314943,-0.04772304786102148,0.01797203182862027,0.06377657930411731,0.17033334011485224
sample_968,False,ok,multi_seed_output\seed_3_mh114\airfoils\sample_968.dat,0.137583882864983,0.280561122244489,2.230437806671759e-09,2.356746969453538e-09,0.29221339859139617,0.35939195507340493,0.39579268581061383,0.40731551801187427,0.3087665874265267,0.4522201967504111,-0.13056903885973675,0.013816929671369022,0.027297173605182218,0.09426903251301058,0.06649834089635538,0.16676689904428388
sample_969,False,ok,multi_seed_output\seed_3_mh114\airfoils\sample_969.dat,0.1478928641481876,0.2665330661322645,2.230437806671759e-09,2.356746969453538e-09,0.29029400828421636,0.35436135097213917,0.37536983423580306,0.3256888581491697,0.30575968487274874,0.41856391285544015,-0.12419179380567484,-0.0576095041542784,-0.017647411249166294,0.0319103155768236,0.12878119252002057,0.17995465194676036
sample_970,False,ok,multi_seed_output\seed_3_mh114\airfoils\sample_970.dat,0.1407341276295512,0.2865731462925851,2.230437806671759e-09,2.356746969453538e-09,0.24704880388581055,0.35076256149441737,0.38235593471325474,0.3329450399801761,0.3123080810522213,0.33962826145105196,-0.07817105292234293,-0.08550204713831906,0.02482349254150641,0.05284823479950902,0.06294028140038915,0.19139530999045562
sample_971,False,ok,multi_seed_output\seed_3_mh114\airfoils\sample_971.dat,0.12674300844550782,0.3226452905811623,2.230437806671759e-09,2.356746969453538e-09,0.2585401362247427,0.35644742308811445,0.30827957068331463,0.3443768263267419,0.4092567295913043,0.392144795966096,-0.032332700066336095,-0.017368072222487124,0.011861144000540433,0.0006641397575254393,0.09669609077080368,0.2015737435898003
sample_972,False,ok,multi_seed_output\seed_3_mh114\airfoils\sample_972.dat,0.1309502381356512,0.30861723446893785,2.230437806671759e-09,2.356746969453538e-09,0.31176776769172365,0.3211319276754259,0.33065621040558557,0.3869309699073218,0.29565887911805483,0.365497086002003,-0.05387480531502736,0.005542743403327666,-0.046329726091499074,0.04585359190708291,0.14333320781748005,0.17263917506280166
sample_973,False,ok,multi_seed_output\seed_3_mh114\airfoils\sample_973.dat,0.12696337762874388,0.30861723446893785,2.230437806671759e-09,2.356746969453538e-09,0.2640007119560396,0.32779725205371574,0.3787138329190734,0.2959058759351889,0.37572833424454977,0.37260249592800254,-0.05918710887921354,0.005313598254758883,-0.008863967054776566,0.055702442850282266,0.06882553576720367,0.2198007562896508
sample_974,False,ok,multi_seed_output\seed_3_mh114\airfoils\sample_974.dat,0.13755526157492606,0.2725450901803607,2.230437806671759e-09,2.356746969453538e-09,0.30121752541216584,0.36451878653913794,0.32742407026498965,0.3927580120358616,0.41516617278081014,0.34514802982963716,-0.09025072349026023,-0.02790783568682969,0.0006373567249827392,0.0827368101118219,0.12427541033493879,0.21026283247293315
sample_975,False,ok,multi_seed_output\seed_3_mh114\airfoils\sample_975.dat,0.1386085514991655,0.3166332665330661,2.230437806671759e-09,2.356746969453538e-09,0.2610648924106983,0.2977238554871815,0.35457711313774815,0.41040491143649005,0.34827721632291025,0.4259377268381636,-0.09730876713640876,-0.0685444191678999,-0.012266262943968584,0.0586704276268888,0.049514946705383235,0.1650623307910501
sample_976,False,ok,multi_seed_output\seed_3_mh114\airfoils\sample_976.dat,0.12741852735950793,0.280561122244489,2.230437806671759e-09,2.356746969453538e-09,0.25839609780469774,0.36427299616476416,0.35821680656320665,0.30885264269846524,0.35123096554752964,0.3415101989054501,-0.0727139432231635,0.0057953071638432024,-2.2908778923191875e-05,0.08535327558426167,0.12510610399754374,0.20144140723553533
sample_977,False,ok,multi_seed_output\seed_3_mh114\airfoils\sample_977.dat,0.13281761174562337,0.3006012024048096,2.230437806671759e-09,2.356746969453538e-09,0.26024162056690125,0.2753902698550303,0.39022831484079407,0.3549275436741869,0.31316771338212196,0.4357782171134804,-0.11856555204112082,-0.06240299650756323,0.03233564852136178,0.03492227070032407,0.038007971714986086,0.2385994532963368
sample_978,False,ok,multi_seed_output\seed_3_mh114\airfoils\sample_978.dat,0.13044376191911117,0.250501002004008,2.230437806671759e-09,2.356746969453538e-09,0.28537914739156406,0.3382495383365868,0.3406020340387494,0.4005295748037096,0.39460053126272704,0.4422381703738921,-0.14051653577533751,-0.0188437873220548,0.06692693910892263,0.075432846529668,0.08236016557067319,0.17961406193253793
sample_979,False,ok,multi_seed_output\seed_3_mh114\airfoils\sample_979.dat,0.13896543012545667,0.24649298597194386,2.230437806671759e-09,2.356746969453538e-09,0.31590525146074755,0.30429728783077575,0.3844633674021117,0.3159410994628789,0.38369100312844234,0.3827637329028106,-0.14416824787010835,-0.06199627265404332,0.0681013785118373,-0.017715160925251085,0.13362761092703324,0.26747288554016807
sample_980,False,ok,multi_seed_output\seed_3_mh114\airfoils\sample_980.dat,0.15566836737960116,0.280561122244489,2.230437806671759e-09,2.356746969453538e-09,0.2579696833613753,0.36297491371766427,0.4026201602559393,0.31642633729986747,0.40682733139847016,0.3583113562290498,-0.14154014066452816,-0.08057592479730173,-0.036292636186996206,0.062499721166587904,0.10199334517800449,0.16057574504771466
sample_981,False,ok,multi_seed_output\seed_3_mh114\airfoils\sample_981.dat,0.1243725993391085,0.3226452905811623,2.230437806671759e-09,2.356746969453538e-09,0.217746000406546,0.28274632869274596,0.3902086769306764,0.29397674154345876,0.33512681400299194,0.3386812691683899,-0.035626657474482654,-0.06272982974765229,0.005996156154628687,0.07031044885849733,0.05197997873521465,0.1515688603937399
sample_982,False,ok,multi_seed_output\seed_3_mh114\airfoils\sample_982.dat,0.1222970825829302,0.2885771543086172,2.230437806671759e-09,2.356746969453538e-09,0.2522469450808012,0.3131511407939735,0.35102172648528507,0.31912071401097086,0.35427441033975904,0.4497639100531657,-0.06767352229904718,-0.02487331226864424,0.0129266366653418,0.08571048139277317,0.09217591449065207,0.1770321807381214
sample_983,False,ok,multi_seed_output\seed_3_mh114\airfoils\sample_983.dat,0.13750144142922846,0.2945891783567134,2.230437806671759e-09,2.356746969453538e-09,0.21391452634100114,0.33088668197355703,0.399779919938418,0.33573498224402076,0.3521275645208465,0.3969108627607362,-0.13660424934628837,-0.03195197617405713,-0.01771934754963482,0.09518783823177063,0.0710213298977728,0.24618891311040358
sample_984,False,ok,multi_seed_output\seed_3_mh114\airfoils\sample_984.dat,0.14134840979958327,0.2605210420841683,2.230437806671759e-09,2.356746969453538e-09,0.3240808011170394,0.3005245557038208,0.3241602461831752,0.3232577926199518,0.4205083480394174,0.413445039698074,-0.11068974667075643,-0.08604190782663727,-0.015207910425663884,0.0332647137012657,0.04545972160018,0.22064118800099736
sample_985,False,ok,multi_seed_output\seed_3_mh114\airfoils\sample_985.dat,0.12542870576172188,0.344689378757515,2.230437806671759e-09,2.356746969453538e-09,0.23015940589348458,0.3621010111028132,0.29228444470849785,0.4094758272464427,0.3613869991386533,0.45464736156759866,-0.03934431516887445,0.0041794559558042815,-0.008358610835554815,0.028709190747264815,0.12966191055942955,0.1472401604455174
sample_986,False,ok,multi_seed_output\seed_3_mh114\airfoils\sample_986.dat,0.14321128903891073,0.344689378757515,2.230437806671759e-09,2.356746969453538e-09,0.22837499223990565,0.36171254239224665,0.32532002958094336,0.3713261730530246,0.3731942662470058,0.3895357568838753,-0.04176958229629674,-0.05323351424113959,-0.04905751931867335,-0.009238033305749793,0.04801500461600926,0.2708478734042803
sample_987,False,ok,multi_seed_output\seed_3_mh114\airfoils\sample_987.dat,0.12141939418140689,0.30861723446893785,2.230437806671759e-09,2.356746969453538e-09,0.3238995963746941,0.29531581576598565,0.2852382128456911,0.38162162612006356,0.3030090336975803,0.3788205182731529,-0.07965720848651439,0.021834198496496773,-0.014968650232794464,-0.016324559791107453,0.14694426813858058,0.14931310419765587
sample_988,False,ok,multi_seed_output\seed_3_mh114\airfoils\sample_988.dat,0.13017252518055616,0.2865731462925851,2.230437806671759e-09,2.356746969453538e-09,0.24261729641332572,0.3204455989097133,0.31630801514790713,0.32185178359325695,0.3791326243569424,0.34847547903837967,-0.07857311433372852,-0.07533955814123665,-0.002788019296764546,0.06496574431026303,0.030931937417764288,0.21095175269745897
sample_989,False,ok,multi_seed_output\seed_3_mh114\airfoils\sample_989.dat,0.1297675314674106,0.30861723446893785,2.230437806671759e-09,2.356746969453538e-09,0.22946388874625434,0.3317934231053919,0.3100812000897679,0.3946501381460303,0.34275205225439115,0.419374254999338,-0.14294141917556683,-0.02373422557769457,0.03725212641977525,-0.02930049420588249,0.09384219736824602,0.26828480706581753
sample_990,False,ok,multi_seed_output\seed_3_mh114\airfoils\sample_990.dat,0.1144382355283543,0.2865731462925851,2.230437806671759e-09,2.356746969453538e-09,0.30053499130762534,0.2665619425144409,0.34046466078397136,0.3145634810937721,0.40257487318173496,0.417726896362728,-0.08094644628932986,0.011749570961526817,0.014161844659335926,0.05992638316666499,0.1424017826181907,0.16490569978392963
sample_991,False,ok,multi_seed_output\seed_3_mh114\airfoils\sample_991.dat,0.13744016884697083,0.3246492985971944,2.230437806671759e-09,2.356746969453538e-09,0.21903194130561643,0.3265686929276866,0.3716166844730532,0.3530139770603168,0.40061396649516967,0.4109327012389796,-0.048140243327547266,-0.0660537520128963,-0.033938460760183455,0.07786875107604765,0.0900171604962733,0.18418615636991392
sample_992,False,ok,multi_seed_output\seed_3_mh114\airfoils\sample_992.dat,0.12883418927530435,0.30861723446893785,2.230437806671759e-09,2.356746969453538e-09,0.3106379819920236,0.29372487933230507,0.2917584839372431,0.40794206222915674,0.35996485359779595,0.39265835185049386,-0.1463687239135669,0.02244640483554508,-0.034571586870617926,0.01031973591523385,0.08889304372568227,0.21528848826132735
sample_993,False,ok,multi_seed_output\seed_3_mh114\airfoils\sample_993.dat,0.13214132897916328,0.2444889779559118,2.230437806671759e-09,2.356746969453538e-09,0.27417907943801373,0.33775877554232814,0.37846113447041707,0.3725258104237512,0.3844861068182152,0.4204479394718631,-0.1605396224953095,-0.013771548379352822,0.06883744896641021,0.09162644252936578,0.14136725514189546,0.19842869744647834
sample_994,False,ok,multi_seed_output\seed_3_mh114\airfoils\sample_994.dat,0.13628810894529877,0.3226452905811623,2.230437806671759e-09,2.356746969453538e-09,0.26772099999648974,0.32944286391759664,0.3992294643790879,0.299497987052364,0.4061236130910839,0.442106624115909,-0.034512292561675734,-0.05692289352903208,0.031547318816529724,-0.010127164096055987,0.06437199629825002,0.2359612912552743
sample_995,False,ok,multi_seed_output\seed_3_mh114\airfoils\sample_995.dat,0.13549971419824186,0.25250501002004005,2.230437806671759e-09,2.356746969453538e-09,0.25602780851511764,0.38732182899189266,0.3096330092764296,0.395251266262581,0.3504490842953344,0.4547654483050679,-0.12760572332769893,-0.040620175023297844,0.052286230036616824,0.059669835769746354,0.11490152745102622,0.2196700994656424
sample_996,False,ok,multi_seed_output\seed_3_mh114\airfoils\sample_996.dat,0.13044982639613129,0.3607214428857715,2.230437806671759e-09,2.356746969453538e-09,0.20031642025818794,0.31828128984028503,0.4046672257899601,0.3406816099338084,0.3917851822326441,0.3656724591903048,-0.11306782279149274,0.02665151326081179,0.010978495446356637,-0.009788226623371494,0.08868523108672051,0.2044410432279704
sample_997,False,ok,multi_seed_output\seed_3_mh114\airfoils\sample_997.dat,0.13419834206769107,0.23246492985971942,2.230437806671759e-09,2.356746969453538e-09,0.2929160378916231,0.3223947301027781,0.3386614490255549,0.3219257187633929,0.40525566511702654,0.4465760779002226,-0.15645522413860596,-0.04413577148675246,0.05570147306253048,0.012420995189576782,0.14511399694764615,0.2636514703028415
sample_998,False,ok,multi_seed_output\seed_3_mh114\airfoils\sample_998.dat,0.11805628637995558,0.25250501002004005,2.230437806671759e-09,2.356746969453538e-09,0.3119679386100774,0.29040458812607023,0.3021855617105099,0.3181439493307937,0.3086429622296858,0.3489717266525629,-0.03243598563221495,-0.059650728495366886,0.04084231200375622,0.0532285709001611,0.1511503245040431,0.2177186247856419
sample_999,False,ok,multi_seed_output\seed_3_mh114\airfoils\sample_999.dat,0.11486001748635932,0.23246492985971942,2.230437806671759e-09,2.356746969453538e-09,0.3114634751258275,0.2621200967063271,0.3060396591643174,0.3078661318749428,0.3340363953504109,0.4619069624953115,-0.13649462161837544,0.013498580584610412,0.04914169444784673,-0.021649636529426683,0.028949938850941617,0.1852231017859536
sample_1000,False,ok,multi_seed_output\seed_3_mh114\airfoils\sample_1000.dat,0.1299419416325223,0.3006012024048096,2.230437806671759e-09,2.356746969453538e-09,0.21250191927735373,0.383002931168006,0.39559485203928046,0.35177399579720087,0.37274693867506054,0.421075790784274,-0.061414675088147616,-0.016714174527137776,0.04984534798233212,0.09499466645194388,0.10238165103995059,0.1919459618789472
sample_1001,False,ok,multi_seed_output\seed_3_mh114\airfoils\sample_1001.dat,0.13660902667900773,0.3166332665330661,2.230437806671759e-09,2.356746969453538e-09,0.26046498431274534,0.3353634057898161,0.3391615094314798,0.38880370496000494,0.36370606610784717,0.4140650610263701,-0.09227595755586655,-0.03500978816705017,0.006537664666390858,-0.015683214884633194,0.13486985498161244,0.23116821001281773
sample_1002,False,ok,multi_seed_output\seed_3_mh114\airfoils\sample_1002.dat,0.14244226737362886,0.31462925851703405,2.230437806671759e-09,2.356746969453538e-09,0.32378576523997415,0.3093021503605868,0.36634744960979915,0.38585157544266874,0.4190146358515443,0.42371460733731797,-0.07133286076590502,-0.03520997977488393,-0.04776013640909022,0.05044412660625994,0.13119801736207226,0.26566427070068155
sample_1003,False,ok,multi_seed_output\seed_3_mh114\airfoils\sample_1003.dat,0.12271518311478168,0.30861723446893785,2.230437806671759e-09,2.356746969453538e-09,0.19926634115230984,0.348600890311325,0.3422096406758345,0.35296826184865226,0.2981713383874741,0.3779895229383485,-0.08325905175566133,-0.02597198007562889,0.0654704481439184,0.009303120349492322,0.07659839843235987,0.21627757515427412
sample_1004,False,ok,multi_seed_output\seed_3_mh114\airfoils\sample_1004.dat,0.1443532611607191,0.3246492985971944,2.230437806671759e-09,2.356746969453538e-09,0.24919940392146506,0.34514129488696765,0.41025873889303555,0.4012328384881422,0.36284851625093023,0.4522375110791732,-0.10862882397967855,-0.03129571727199661,0.019160009348200557,0.013328915847126907,0.106733603903737,0.272132966432575
sample_1005,False,ok,multi_seed_output\seed_3_mh114\airfoils\sample_1005.dat,0.12620672987416032,0.2785571142284569,2.230437806671759e-09,2.356746969453538e-09,0.19537648179010517,0.38187309805378633,0.3222242929767504,0.29657743954399296,0.3397934620416384,0.4621491533371517,-0.10368882820213057,-0.010192774106945482,-0.005820528078887992,0.08741099916329306,0.07936564352435276,0.2676153252108049
sample_1006,False,ok,multi_seed_output\seed_3_mh114\airfoils\sample_1006.dat,0.13492599504716543,0.25250501002004005,2.230437806671759e-09,2.356746969453538e-09,0.23007978673102553,0.3536168126477347,0.357567321347161,0.29678075471941356,0.3026796965836662,0.3965427298152156,-0.12988343447144937,-0.08094802366773245,0.06960305762365156,0.031966839211666404,0.09077820267035928,0.20195244741143614
sample_1007,False,ok,multi_seed_output\seed_3_mh114\airfoils\sample_1007.dat,0.13567967609658943,0.3226452905811623,2.230437806671759e-09,2.356746969453538e-09,0.25978488866184135,0.35142364976056034,0.3557597748877893,0.3961700278930833,0.39072395646790536,0.3973613870484357,-0.07701311772651379,0.0017815540451127099,-0.03654765263697731,0.09079377342290791,0.07997794704113953,0.2520873049885593
sample_1008,False,ok,multi_seed_output\seed_3_mh114\airfoils\sample_1008.dat,0.1401303659165148,0.3226452905811623,2.230437806671759e-09,2.356746969453538e-09,0.265979749458145,0.35318092468261314,0.36580687966637926,0.39702303264553285,0.39517488626414055,0.3393272538386172,-0.04679886874747673,-0.05280506308898081,0.010738477611530448,0.04836910614262743,0.042956379837370974,0.2755989621284982
sample_1009,False,ok,multi_seed_output\seed_3_mh114\airfoils\sample_1009.dat,0.1384392282827022,0.374749498997996,2.230437806671759e-09,2.356746969453538e-09,0.2363829847280992,0.3693573572193661,0.408426329767198,0.4075567958450406,0.37428188430816445,0.38943711864595193,-0.04947829356882624,0.016063512945393543,0.04563774896021329,-0.017952832220553362,0.055852173379585125,0.18774382722182137
sample_1010,False,ok,multi_seed_output\seed_3_mh114\airfoils\sample_1010.dat,0.125600161639583,0.2865731462925851,2.230437806671759e-09,2.356746969453538e-09,0.275996790082297,0.3344392172520181,0.3160752786723998,0.30903237192538274,0.3095775714968811,0.3463860376254953,-0.03441690770940123,-0.03547768007562469,-0.00755591510072328,0.035167415503246036,0.11449312414701189,0.25046974338877853
sample_1011,False,ok,multi_seed_output\seed_3_mh114\airfoils\sample_1011.dat,0.11317353832558678,0.30861723446893785,2.230437806671759e-09,2.356746969453538e-09,0.30571596865973455,0.2649586891226526,0.32979074815414067,0.30361414673934156,0.32108140712825445,0.3703362155486636,-0.05804815327324385,-0.0037019683551570565,0.05469664483101308,-0.03140575717604301,0.05361460559571237,0.22292415984473818
sample_1012,False,ok,multi_seed_output\seed_3_mh114\airfoils\sample_1012.dat,0.15158833668350633,0.24048096192384769,2.230437806671759e-09,2.356746969453538e-09,0.285788173904518,0.38273132302515744,0.3799992612836031,0.3040845473719271,0.29659958616746973,0.3833421240828334,-0.16096711462373528,-0.07226405330221172,0.03603720056273993,0.02347412013197874,0.11953835378583812,0.23081296531753512
sample_1013,False,ok,multi_seed_output\seed_3_mh114\airfoils\sample_1013.dat,0.12554082028423352,0.30861723446893785,2.230437806671759e-09,2.356746969453538e-09,0.23291624482697004,0.3485624804264106,0.36799257823868725,0.35961599141818845,0.39949747069906644,0.44862022420777053,-0.13897201562001357,0.027651103755665846,0.055586117253535516,0.030677638234696672,0.09450482343823736,0.14909044517153056
sample_1014,False,ok,multi_seed_output\seed_3_mh114\airfoils\sample_1014.dat,0.12151773140008901,0.2865731462925851,2.230437806671759e-09,2.356746969453538e-09,0.26849663184999223,0.2668653980636535,0.3110776170957306,0.3545712627940844,0.3236792605256654,0.37017938348610996,-0.11653706362283456,-0.0330001022414031,-0.0015489175482504003,0.056629391621471806,0.053012246360372786,0.22302663708548437
sample_1015,False,ok,multi_seed_output\seed_3_mh114\airfoils\sample_1015.dat,0.12556550774265593,0.2605210420841683,2.230437806671759e-09,2.356746969453538e-09,0.31222591859889987,0.29642763495574753,0.3540297356836677,0.355969938832625,0.4042562020648288,0.42157909258120635,-0.11547789889442614,-0.008266590681859864,0.04114576917671335,0.06964605654406122,0.07313050841026128,0.22515979284621762
sample_1016,False,ok,multi_seed_output\seed_3_mh114\airfoils\sample_1016.dat,0.12234399556523891,0.30260521042084165,2.230437806671759e-09,2.356746969453538e-09,0.26074352637624393,0.2712772280104849,0.39316738073267554,0.35451489396247027,0.4118538318861208,0.36933338744715954,-0.08748992678141322,-0.036679507837035455,0.054951073003029094,0.08097971059107441,0.1036093075438303,0.2393943009966135
sample_1017,False,ok,multi_seed_output\seed_3_mh114\airfoils\sample_1017.dat,0.13567950463657372,0.2785571142284569,2.230437806671759e-09,2.356746969453538e-09,0.3150157950637935,0.3519142303324444,0.3238930989726562,0.32890361461817297,0.36864854874828157,0.3754983165996135,-0.03336870516927626,-0.05787680153047865,-0.006296722981988294,0.04955129748434087,0.1017048798287139,0.24747412377576752
sample_1018,False,ok,multi_seed_output\seed_3_mh114\airfoils\sample_1018.dat,0.13478480558315262,0.2785571142284569,2.230437806671759e-09,2.356746969453538e-09,0.25127817281677634,0.34149249647013913,0.33774567382241805,0.3244678825680517,0.40173913147661,0.3562676669297863,-0.15879788331950875,-0.016215898479112978,0.004552044939300635,0.026661500481272346,0.03281621452114953,0.1842800338380596
sample_1019,False,ok,multi_seed_output\seed_3_mh114\airfoils\sample_1019.dat,0.12678821860798933,0.2865731462925851,2.230437806671759e-09,2.356746969453538e-09,0.22589275382633814,0.3606709744240966,0.35858260086244087,0.3389963462146544,0.30359869531441147,0.360915816094558,-0.11511032742516866,0.017439610603546665,0.010931433224095566,0.056790461132530196,0.1486448677897511,0.17912860126397206
sample_1020,False,ok,multi_seed_output\seed_3_mh114\airfoils\sample_1020.dat,0.13238334041626915,0.30861723446893785,2.230437806671759e-09,2.356746969453538e-09,0.21796731401892755,0.34062789267000615,0.29397132961770345,0.41342267215866846,0.3663929542265414,0.3379873887208277,-0.1109683446869392,-0.058149340997230375,0.018504660044955115,0.016748435503936558,0.06848194542908055,0.2246931212219962
sample_1021,False,ok,multi_seed_output\seed_3_mh114\airfoils\sample_1021.dat,0.12573793767012675,0.2725450901803607,2.230437806671759e-09,2.356746969453538e-09,0.22439814580910267,0.3184747350815984,0.29050354654190524,0.3765116325912157,0.37465332394468653,0.39869853048416526,-0.10018748698957268,-0.07910489917692408,0.023111402760586486,0.08260022134135253,0.1267985886635648,0.18687519360059052
sample_1022,False,ok,multi_seed_output\seed_3_mh114\airfoils\sample_1022.dat,0.13854941885395317,0.2665330661322645,2.230437806671759e-09,2.356746969453538e-09,0.2729239927991026,0.3832319165107456,0.307096814501211,0.3336911867553606,0.3294268667476639,0.3737868226583021,-0.06550255528222777,-0.07027058751172235,0.006220992257762195,0.04168912455333719,0.06705289572593093,0.22344193292420345
sample_1023,False,ok,multi_seed_output\seed_3_mh114\airfoils\sample_1023.dat,0.15301026141839558,0.280561122244489,2.230437806671759e-09,2.356746969453538e-09,0.2954606960817288,0.3762917935143679,0.36590405250763275,0.40776819302708156,0.37845051365399995,0.4356547732908826,-0.14866418721759736,-0.04733969937608505,0.014379725662312479,-0.011408881183660888,0.14173557773574458,0.14984084564465697
sample_1024,False,ok,multi_seed_output\seed_3_mh114\airfoils\sample_1024.dat,0.13284818444940558,0.30861723446893785,2.230437806671759e-09,2.356746969453538e-09,0.27654810163633076,0.3391498125992183,0.2832219605376713,0.37435934785138697,0.3864243762976185,0.34181146387165684,-0.038171735422686495,-0.05064169870041222,-0.055850601281410846,0.08504558771015944,0.03619187742235622,0.2116926495050951
sample_1025,False,ok,multi_seed_output\seed_3_mh114\airfoils\sample_1025.dat,0.12871348024710846,0.3366733466933867,2.230437806671759e-09,2.356746969453538e-09,0.1967284321235302,0.3288646552629967,0.3807079104806498,0.292800832182218,0.3549487136013957,0.3458260049761386,-0.03389898136817995,-0.010990653174354076,-0.0414094777685525,0.027772933559301258,0.12990845854076954,0.2715468777750528
sample_1026,False,ok,multi_seed_output\seed_3_mh114\airfoils\sample_1026.dat,0.11914165169184074,0.2725450901803607,2.230437806671759e-09,2.356746969453538e-09,0.31362316572180354,0.31958135251242586,0.29714520776854036,0.2919573665154755,0.38515661152968433,0.40859455783518206,-0.06463654901044397,0.034329933038844074,-0.050999629790450036,0.0831260094396844,0.11078009775524685,0.16110291357017567
sample_1027,False,ok,multi_seed_output\seed_3_mh114\airfoils\sample_1027.dat,0.12536254854680542,0.3306613226452906,2.230437806671759e-09,2.356746969453538e-09,0.25269356619491407,0.31905884150159924,0.36649620698549257,0.35852443944105916,0.30445475182035275,0.4086676486158821,-0.05147605113737799,-0.004672188235153599,0.028230398117199823,0.0036471714856911516,0.09802366955695935,0.21415470194298494
sample_1028,False,ok,multi_seed_output\seed_3_mh114\airfoils\sample_1028.dat,0.13764831604966082,0.3166332665330661,2.230437806671759e-09,2.356746969453538e-09,0.25414880582029786,0.3545317334620136,0.3922437362592983,0.37804378955268036,0.3377018267158176,0.36663189312210515,-0.07451215676539315,-0.044433204498681864,0.06937733985557377,-0.019829691470934357,0.09403841804549189,0.17956369874688738
sample_1029,False,ok,multi_seed_output\seed_3_mh114\airfoils\sample_1029.dat,0.1370518111611393,0.26452905811623245,2.230437806671759e-09,2.356746969453538e-09,0.27948183214327205,0.38405606697061434,0.29698507539046226,0.4137958272835339,0.3113356966352583,0.33869188002005024,-0.11410432961665079,-0.015420700042403104,-0.013832160175202016,0.08936004302101995,0.09290607648965686,0.26920594278438514
sample_1030,False,ok,multi_seed_output\seed_3_mh114\airfoils\sample_1030.dat,0.14162748030857178,0.2665330661322645,2.230437806671759e-09,2.356746969453538e-09,0.303156660173749,0.39153379965877566,0.30381892424208784,0.3017459702797341,0.3756411961623136,0.4474868301176774,-0.04547414824363444,-0.07622155870355592,0.000542515675730465,0.01813577143080672,0.08252612106945201,0.2388866197321131
sample_1031,False,ok,multi_seed_output\seed_3_mh114\airfoils\sample_1031.dat,0.121834218729395,0.280561122244489,2.230437806671759e-09,2.356746969453538e-09,0.27922538471671343,0.3314480012057218,0.30491978993080665,0.3866690406299451,0.2990687861350847,0.44607612474993175,-0.0737023317231229,-0.009209590228957787,0.02995684996185649,0.05514273500989732,0.08972137483656488,0.15012288455975276
sample_1032,False,ok,multi_seed_output\seed_3_mh114\airfoils\sample_1032.dat,0.12861761650376508,0.2665330661322645,2.230437806671759e-09,2.356746969453538e-09,0.2684698735672712,0.34839299996826456,0.3400189121222393,0.3654731430854007,0.3409211640145777,0.4508453168652389,-0.13175644466653735,0.01739351169175915,0.0038493019928065864,0.0834664994372625,0.13999877988441142,0.1801847905759935
sample_1033,False,ok,multi_seed_output\seed_3_mh114\airfoils\sample_1033.dat,0.13070984625919216,0.3386773547094188,2.230437806671759e-09,2.356746969453538e-09,0.27034094664005104,0.2926343144827104,0.3945317490326381,0.37557883434884787,0.3100094744948319,0.3690419184767365,-0.04019972327270467,-0.0050760549317325765,-0.03211567648478381,0.07951169723979291,0.05148642798900219,0.18139351193502162
sample_1034,False,ok,multi_seed_output\seed_3_mh114\airfoils\sample_1034.dat,0.11810218166960346,0.2725450901803607,2.230437806671759e-09,2.356746969453538e-09,0.24610384913425748,0.3774815847413187,0.28802655566985896,0.3364916151694695,0.33930966232031046,0.35066522825018387,-0.06301855684441687,0.008887880367295403,0.03711615721427601,0.055273471589929124,0.07346025926991662,0.2605348575370968
sample_1035,False,ok,multi_seed_output\seed_3_mh114\airfoils\sample_1035.dat,0.12200514560436143,0.34669338677354705,2.230437806671759e-09,2.356746969453538e-09,0.22093363884082953,0.26774277161750565,0.3188287923368722,0.33240189171913465,0.2961285755305185,0.42648493618961697,-0.15063679426663457,0.0181118505650973,-0.035855138947486494,-0.014343806212956438,0.03445073146414694,0.18037065055696694
sample_1036,False,ok,multi_seed_output\seed_3_mh114\airfoils\sample_1036.dat,0.14032426510923457,0.37675350701402804,2.230437806671759e-09,2.356746969453538e-09,0.2577109666429603,0.264734937379036,0.4037794763680116,0.4011953141300353,0.35668077747546784,0.4397379972779315,-0.035458559932146,-0.036654838168624124,-0.03742262402342521,-8.245456596957246e-05,0.08154344608166277,0.26169218226076923
sample_1037,False,ok,multi_seed_output\seed_3_mh114\airfoils\sample_1037.dat,0.1256222471324937,0.2785571142284569,2.230437806671759e-09,2.356746969453538e-09,0.20373340960149317,0.38072295335132156,0.29828606169070454,0.33883924819446287,0.40661283678426186,0.46305227744643984,-0.06326937098023211,-0.06486696695578222,0.05047082007091552,0.06550742055641146,0.11706189396119196,0.23245319729394376
sample_1038,False,ok,multi_seed_output\seed_3_mh114\airfoils\sample_1038.dat,0.13656119848780865,0.2725450901803607,2.230437806671759e-09,2.356746969453538e-09,0.2688749134149163,0.3137999278921849,0.3791502065060325,0.29983042601251436,0.37812434031225906,0.3530348952239403,-0.09652632772931273,-0.0870035875096045,0.035663964580033694,0.043055172237099745,0.06904022431503304,0.17779686642586234
sample_1039,False,ok,multi_seed_output\seed_3_mh114\airfoils\sample_1039.dat,0.12568121798271698,0.22444889779559116,2.230437806671759e-09,2.356746969453538e-09,0.27513680876903246,0.31941257408748247,0.3062523407805692,0.2963180659206241,0.3171111770081019,0.4326032961750713,-0.14547972184369964,-0.029477959533883796,0.03825078850480157,0.04798894035069734,0.07556102806128784,0.15506936651608527
sample_1040,False,ok,multi_seed_output\seed_3_mh114\airfoils\sample_1040.dat,0.12306502339321995,0.3306613226452906,2.230437806671759e-09,2.356746969453538e-09,0.21160845635609005,0.2979355951345863,0.30192448278030015,0.35758424039815045,0.3201958179589434,0.44467772452271814,-0.039440572696103834,-0.08317747813931961,0.032460548486451385,-0.021412858228881976,0.09387559848232205,0.2549651472347639
sample_1041,False,ok,multi_seed_output\seed_3_mh114\airfoils\sample_1041.dat,0.1488074337291161,0.25851703406813625,2.230437806671759e-09,2.356746969453538e-09,0.3086220048423095,0.34721139987078037,0.38102072023525385,0.35900604819884346,0.34989056615721686,0.3371572155370598,-0.1429711312342044,-0.06790234905329641,0.029234200512647787,0.03512441632791741,0.0779259808193217,0.16658380048410235
sample_1042,False,ok,multi_seed_output\seed_3_mh114\airfoils\sample_1042.dat,0.14152295159186767,0.2725450901803607,2.230437806671759e-09,2.356746969453538e-09,0.2489409629940847,0.35022954329926026,0.40887892905873047,0.2856766036981518,0.3759883975800889,0.3749666504415451,-0.1570155677685553,-0.0339966653271308,0.022226721469352853,0.028029455907320956,0.13319828980053605,0.18429600698332574
sample_1043,False,ok,multi_seed_output\seed_3_mh114\airfoils\sample_1043.dat,0.11057433196763945,0.23847695390781562,2.230437806671759e-09,2.356746969453538e-09,0.26141321686877805,0.27533001647022715,0.3042669788325916,0.33953234339358945,0.35073382128111347,0.38395471015858107,-0.14702923022740844,0.021297736033974113,0.04220149413971126,0.06740889356625754,0.06210851774915685,0.266901339122738
sample_1044,False,ok,multi_seed_output\seed_3_mh114\airfoils\sample_1044.dat,0.11857375812560307,0.31462925851703405,2.230437806671759e-09,2.356746969453538e-09,0.28126543484911876,0.2769523473967527,0.32971236368073203,0.29873869528357677,0.35354647889053337,0.4582393950541589,-0.05801686009806019,-0.030185208993816506,0.0347127902990082,-0.010890133614344533,0.04579746637398833,0.17475180169646673
sample_1045,False,ok,multi_seed_output\seed_3_mh114\airfoils\sample_1045.dat,0.12900060619713505,0.25851703406813625,2.230437806671759e-09,2.356746969453538e-09,0.31730637027735276,0.2992399085327645,0.32242571948476045,0.34108781720390746,0.4177686774968512,0.418206341314487,-0.09340894855960523,-0.04038706705609653,0.002505327465086471,0.07513610958784114,0.12560528082974137,0.27609522223542327
sample_1046,False,ok,multi_seed_output\seed_3_mh114\airfoils\sample_1046.dat,0.13500572467047345,0.26452905811623245,2.230437806671759e-09,2.356746969453538e-09,0.2715752426709416,0.3859595095504546,0.29990082170584,0.3280022963772267,0.30544382610983933,0.3907081668395883,-0.057315663102855297,-0.07100173334368018,0.02835011788195363,0.03467590542627701,0.07371969860917756,0.2624267950702986
sample_1047,False,ok,multi_seed_output\seed_3_mh114\airfoils\sample_1047.dat,0.13892426704380403,0.2725450901803607,2.230437806671759e-09,2.356746969453538e-09,0.28402874137152684,0.2966102309521041,0.30650017334710916,0.3827007753014403,0.3390140636691744,0.42368102005903574,-0.14396135565785517,-0.07473328875368336,-0.016646128005396256,0.020986990749369612,0.07118799269029613,0.17215797302551372
sample_1048,False,ok,multi_seed_output\seed_3_mh114\airfoils\sample_1048.dat,0.13612339497781162,0.3246492985971944,2.230437806671759e-09,2.356746969453538e-09,0.2941928506980799,0.2668237784329005,0.321018225734259,0.31683909642540314,0.38876874433827263,0.4662203191784631,-0.06501438274702738,-0.08441029487757996,-0.04224400100961131,-0.021298525769841505,0.04528668276962604,0.16050462195669354
sample_1049,False,ok,multi_seed_output\seed_3_mh114\airfoils\sample_1049.dat,0.10990297289771099,0.2745490981963928,2.230437806671759e-09,2.356746969453538e-09,0.21263327968432863,0.31918917926596097,0.29849720304893523,0.29637561481943325,0.308500691353536,0.3405783805969819,-0.04750114683987111,-0.033349521273177314,0.03982869113804678,0.06692121575149995,0.1506341580695993,0.24248536170443302
sample_1050,False,ok,multi_seed_output\seed_3_mh114\airfoils\sample_1050.dat,0.1254134250072626,0.2665330661322645,2.230437806671759e-09,2.356746969453538e-09,0.2432195133030785,0.34555393092365655,0.28945252250804815,0.3341274134510693,0.3723200213146764,0.4619821450196044,-0.06215030404648916,-0.08742919807769019,0.06034092136176526,0.050099816510557615,0.05438314053855463,0.20730542037342814
sample_1051,False,ok,multi_seed_output\seed_3_mh114\airfoils\sample_1051.dat,0.14160407860443505,0.3166332665330661,2.230437806671759e-09,2.356746969453538e-09,0.24527927156417795,0.3412083479881662,0.3568550146820844,0.3678159749472878,0.40721019145903614,0.3634084272084662,-0.06691686571323202,-0.05320954254333151,-0.049930011721389125,0.08126292522768555,0.041813397736949656,0.2439825116922723
sample_1052,False,ok,multi_seed_output\seed_3_mh114\airfoils\sample_1052.dat,0.12999524295171488,0.3246492985971944,2.230437806671759e-09,2.356746969453538e-09,0.25937225382770035,0.3061264846841723,0.3108142809390107,0.352334080682017,0.37346626492735224,0.3797258592821212,-0.08543272403956353,-0.016643033196697563,-0.05143873682251869,0.019908988181897264,0.10013270336415728,0.1957621698891306
sample_1053,False,ok,multi_seed_output\seed_3_mh114\airfoils\sample_1053.dat,0.15377231803262817,0.26452905811623245,2.230437806671759e-09,2.356746969453538e-09,0.3126884427733769,0.3778967895327199,0.2969162769860711,0.4082792009604514,0.3370901293844437,0.45674999115568293,-0.15113119136632577,-0.05397425484305012,-0.048772050258670395,0.020285013720130723,0.10305089008883869,0.23284835054410402
sample_1054,False,ok,multi_seed_output\seed_3_mh114\airfoils\sample_1054.dat,0.12625427499292705,0.3226452905811623,2.230437806671759e-09,2.356746969453538e-09,0.24447572467693307,0.35421918042450284,0.3626957909999701,0.3177804790744473,0.3606385281769132,0.40164909902039364,-0.06593690555333932,0.03394450264935707,-0.010592141452827178,0.03558552822688553,0.08311425953803998,0.20427797164077305
sample_1055,False,ok,multi_seed_output\seed_3_mh114\airfoils\sample_1055.dat,0.13782502779017788,0.3166332665330661,2.230437806671759e-09,2.356746969453538e-09,0.25217321730259107,0.36222370219169586,0.38864311107378946,0.4039036535789232,0.3707322459901393,0.43292286504608785,-0.036812046417939004,-0.06660535637819841,0.062313185370411375,0.06021313431243032,0.04569047439215167,0.18574023331424516
sample_1056,False,ok,multi_seed_output\seed_3_mh114\airfoils\sample_1056.dat,0.1243190622563241,0.3006012024048096,2.230437806671759e-09,2.356746969453538e-09,0.2469072767283449,0.3177725303335921,0.3266396675156356,0.3705421180697006,0.40071060988410434,0.3603153082196238,-0.1543147232381079,0.02194848876094016,0.016274410930050776,0.022239144505156114,0.11256891234754525,0.2693127391243778
sample_1057,False,ok,multi_seed_output\seed_3_mh114\airfoils\sample_1057.dat,0.12549417858987588,0.25250501002004005,2.230437806671759e-09,2.356746969453538e-09,0.3104176598864742,0.27597478363595856,0.2827213375611912,0.3631338347925121,0.3597264052759476,0.43959703207243617,-0.08490905274399947,-0.07484741049418357,0.008078968037781173,0.06978237034022734,0.10938296314048615,0.20576707327923818
sample_1058,False,ok,multi_seed_output\seed_3_mh114\airfoils\sample_1058.dat,0.14116224309586312,0.2665330661322645,2.230437806671759e-09,2.356746969453538e-09,0.3018395420988644,0.3331005694906553,0.3207301445540762,0.2886772306853603,0.3701219067906902,0.3446116546411195,-0.10181494714121728,-0.0759742813420778,-0.010897077174744745,-0.01783549637144208,0.10353490903796611,0.18525619420663783
sample_1059,False,ok,multi_seed_output\seed_3_mh114\airfoils\sample_1059.dat,0.13185061261218647,0.3386773547094188,2.230437806671759e-09,2.356746969453538e-09,0.20888326776993021,0.31808225928786554,0.3262743915909593,0.3975094631436991,0.3771947544481451,0.4417582173305625,-0.09898930770652685,-0.06038250490935332,0.023037399320441188,0.018604613335365797,0.03491885406080945,0.1717059544687353
sample_1060,False,ok,multi_seed_output\seed_3_mh114\airfoils\sample_1060.dat,0.11866882842294617,0.280561122244489,2.230437806671759e-09,2.356746969453538e-09,0.24903996928068997,0.29515872202217797,0.2924838717857225,0.3010762343183617,0.3380976507115062,0.44281604178531514,-0.0943487238623502,-0.01198682758802791,-0.04266803199421272,0.08447955123831151,0.05223814316872646,0.19492593907683042
sample_1061,False,ok,multi_seed_output\seed_3_mh114\airfoils\sample_1061.dat,0.13502307342111075,0.23847695390781562,2.230437806671759e-09,2.356746969453538e-09,0.2872643098948919,0.33755247723994275,0.32035916798001896,0.31756525132508834,0.3133595243031849,0.38131636419095843,-0.1294243284104906,-0.06809527036556641,0.04747272470771896,0.04496683833615531,0.02541162629318229,0.15021750520549476
sample_1062,False,ok,multi_seed_output\seed_3_mh114\airfoils\sample_1062.dat,0.1416955787604717,0.25851703406813625,2.230437806671759e-09,2.356746969453538e-09,0.2969754283839915,0.37024616136137894,0.35894702552685404,0.3699100869495931,0.32660067440019036,0.33799863093978266,-0.1297252978884959,-0.02823307465504015,0.01918067993829968,0.0846149525830625,0.044021502961118536,0.18588243482298974
sample_1063,False,ok,multi_seed_output\seed_3_mh114\airfoils\sample_1063.dat,0.13473996075522643,0.280561122244489,2.230437806671759e-09,2.356746969453538e-09,0.29675008519294355,0.31441387843662716,0.29082093793326796,0.40107985208623415,0.35051267352428567,0.3687310664659084,-0.08028783978151634,-0.05764910208677459,-0.05263925279460839,0.09293691766433063,0.1294121801099467,0.21533029719197944
sample_1064,False,ok,multi_seed_output\seed_3_mh114\airfoils\sample_1064.dat,0.13659271091609798,0.280561122244489,2.230437806671759e-09,2.356746969453538e-09,0.3209829523359107,0.3080682466131121,0.38636828294169,0.3552277863336024,0.30965704344974854,0.42963826153674123,-0.1067659337970743,-0.029880118448738564,0.028664169371143758,0.0224786395631882,0.0500100092485849,0.24128453499357033
sample_1065,False,ok,multi_seed_output\seed_3_mh114\airfoils\sample_1065.dat,0.12743087934478506,0.26452905811623245,2.230437806671759e-09,2.356746969453538e-09,0.30777763458575336,0.32480903448128357,0.29457366930865303,0.3274195563629113,0.3221476106681439,0.45126473832676606,-0.052776160220512,-0.037535629471385314,-0.035198126346763635,0.0913884038521467,0.13967866975197152,0.17537964319721777
sample_1066,False,ok,multi_seed_output\seed_3_mh114\airfoils\sample_1066.dat,0.13492735559768348,0.35270541082164325,2.230437806671759e-09,2.356746969453538e-09,0.2919611976030754,0.2876636680963736,0.3507307173469655,0.38953919007512294,0.3192959246147657,0.4219447433427848,-0.10783040761777693,0.019081329048562787,-0.04927692840792397,-0.01679359948376257,0.0805559863703818,0.2765732829429213
sample_1067,False,ok,multi_seed_output\seed_3_mh114\airfoils\sample_1067.dat,0.12443279635472271,0.31462925851703405,2.230437806671759e-09,2.356746969453538e-09,0.22476028030650166,0.26450049286047456,0.35847790341766606,0.28665483890875587,0.3758654351670457,0.4343629386416572,-0.10937725276510546,-0.02675295374687984,-0.040276956224608945,0.03985297456911567,0.1302637288103408,0.2322867334047987
sample_1068,False,ok,multi_seed_output\seed_3_mh114\airfoils\sample_1068.dat,0.12523192138468056,0.3687374749498998,2.230437806671759e-09,2.356746969453538e-09,0.26799478378184316,0.2642220336910269,0.3836342277956241,0.3818764629747266,0.365632329656283,0.37939513186819096,-0.13998431384847357,0.03304477221626158,0.034940765332710955,-0.03360659527529846,0.10642140519464938,0.2728273144936686
sample_1069,False,ok,multi_seed_output\seed_3_mh114\airfoils\sample_1069.dat,0.13526991649587564,0.2945891783567134,2.230437806671759e-09,2.356746969453538e-09,0.31164728535091274,0.36357410192097,0.37961591747219486,0.3348503197994328,0.40998455010029244,0.4073031434815357,-0.06513447847136496,-0.001013459141883527,0.02856025119330388,0.04252375022418192,0.033737123820724566,0.22457224609122245
sample_1070,False,ok,multi_seed_output\seed_3_mh114\airfoils\sample_1070.dat,0.14731477624958164,0.2725450901803607,2.230437806671759e-09,2.356746969453538e-09,0.2911254864576792,0.3606023794015014,0.3975489589690955,0.28813824269592625,0.4227369257716091,0.4459669349058674,-0.12226567491844947,-0.0548754869137057,0.027929562650169007,-0.023381900631649334,0.13603589010029749,0.23706641827186564
sample_1071,False,ok,multi_seed_output\seed_3_mh114\airfoils\sample_1071.dat,0.12156888179052275,0.3226452905811623,2.230437806671759e-09,2.356746969453538e-09,0.24624744097434595,0.26914505776251374,0.2960140989282667,0.40239030605999626,0.390138989766624,0.44004078951555115,-0.07261921100706241,-0.07937350537183809,0.028960210123513852,0.06724288412653591,0.03167106611883711,0.16808188511988112
sample_1072,False,ok,multi_seed_output\seed_3_mh114\airfoils\sample_1072.dat,0.12726883668813424,0.25250501002004005,2.230437806671759e-09,2.356746969453538e-09,0.2925639171956592,0.32696604631739157,0.37314720252337746,0.3091882680321862,0.31241124891465955,0.4209271512806725,-0.08738358303837142,-0.030386947701670296,0.05994151498535326,0.05248683200889791,0.13900509649154275,0.24883888055406134
sample_1073,False,ok,multi_seed_output\seed_3_mh114\airfoils\sample_1073.dat,0.1427185440238525,0.25851703406813625,2.230437806671759e-09,2.356746969453538e-09,0.29859002015755276,0.3260442440612164,0.31565835921424223,0.35485721035384615,0.3225413403147356,0.3462122890072295,-0.13852697572813177,-0.055741323544695964,-0.05640492561941656,0.07528925885914863,0.12330790748368274,0.1710784074979617
sample_1074,False,ok,multi_seed_output\seed_3_mh114\airfoils\sample_1074.dat,0.1355165294192086,0.2725450901803607,2.230437806671759e-09,2.356746969453538e-09,0.31122722901912125,0.3489851262944097,0.2886716526018483,0.3860024167436288,0.3925721765642406,0.4229542714366239,-0.1207964624147781,-0.02243953893417501,0.023424201237406794,-0.028283830788048265,0.07044472115977718,0.16649894741170804
sample_1075,False,ok,multi_seed_output\seed_3_mh114\airfoils\sample_1075.dat,0.13276199527427246,0.30260521042084165,2.230437806671759e-09,2.356746969453538e-09,0.26337917395067134,0.30632146532441046,0.31371334349407176,0.2901045683013391,0.42150381365407474,0.44571019931711364,-0.08962299657860677,-0.06020224990730355,-0.023839566345870186,-0.007894254217868511,0.04518416068250014,0.18668245028734937
sample_1076,False,ok,multi_seed_output\seed_3_mh114\airfoils\sample_1076.dat,0.12451857640997774,0.23046092184368736,2.230437806671759e-09,2.356746969453538e-09,0.30936888247070643,0.3114112206245003,0.3391865720286677,0.3425268841141794,0.3570350890595104,0.3543834515387044,-0.1200551534200868,-0.015665264570491402,0.0632567196792304,0.08029449697554858,0.0689553372683979,0.21615468455985712
sample_1077,False,ok,multi_seed_output\seed_3_mh114\airfoils\sample_1077.dat,0.12483744517400527,0.2885771543086172,2.230437806671759e-09,2.356746969453538e-09,0.23708476551803967,0.33496703538632305,0.2966014236328022,0.3987752890592302,0.3069108832492957,0.4578678702236094,-0.12738008911264198,-0.0024860397026914144,0.0036089466661308606,0.059762992636902004,0.06967711911422858,0.16979505518204152
sample_1078,False,ok,multi_seed_output\seed_3_mh114\airfoils\sample_1078.dat,0.12244997575207275,0.2605210420841683,2.230437806671759e-09,2.356746969453538e-09,0.29457430642506066,0.32377223046254494,0.3638996751227963,0.3379243403089827,0.4171878739607929,0.36922876820314987,-0.11587663007983703,0.026552571150970622,0.045476134478725894,0.07329874922180116,0.1428400019714033,0.1581755501977987
sample_1079,False,ok,multi_seed_output\seed_3_mh114\airfoils\sample_1079.dat,0.14331941273788854,0.3166332665330661,2.230437806671759e-09,2.356746969453538e-09,0.25545518523517935,0.3151727231026767,0.4057485309614336,0.3047060945220307,0.2979692292849728,0.46180187750592694,-0.11232818792759235,-0.03994294791078049,-0.02429403409249447,-0.0231380946460885,0.0545895205139758,0.22480140617539485
sample_1080,False,ok,multi_seed_output\seed_3_mh114\airfoils\sample_1080.dat,0.1426953569732728,0.2785571142284569,2.230437806671759e-09,2.356746969453538e-09,0.2990538076093612,0.3847209446451842,0.32882097938778543,0.33323839987070236,0.33440708264507635,0.4448075240336875,-0.059141589774488926,-0.06286381524168055,0.006754270856071623,0.02340785184563468,0.021942119589769608,0.19877286553403256
sample_1081,False,ok,multi_seed_output\seed_3_mh114\airfoils\sample_1081.dat,0.12001964649254748,0.3226452905811623,2.230437806671759e-09,2.356746969453538e-09,0.2580702454505869,0.3301408621114644,0.30763938603915697,0.4060696949692093,0.42122551322154456,0.3858570957074429,-0.10461275569603506,0.021644774856348734,0.037105659678238395,0.058077730392380525,0.048280623597719466,0.20548521674414608
sample_1082,False,ok,multi_seed_output\seed_3_mh114\airfoils\sample_1082.dat,0.13891002298236124,0.2885771543086172,2.230437806671759e-09,2.356746969453538e-09,0.3190247138262105,0.39052754857015143,0.396018394530264,0.3833368961249439,0.3578564913499054,0.4502705212073064,-0.06046178925048698,0.019425754187992472,0.012305087992992333,0.09398298076257791,0.10186770102591959,0.1487000803213511
sample_1083,False,ok,multi_seed_output\seed_3_mh114\airfoils\sample_1083.dat,0.12751395471783739,0.39078156312625245,2.230437806671759e-09,2.356746969453538e-09,0.22104236496898994,0.26582735112535183,0.39672236127709354,0.37293996005375496,0.3622801476128981,0.45462827992846,-0.1129232701289786,0.020672155057026048,0.0167967194225479,-0.021813410497369897,0.08643642865006303,0.1689998927884588
sample_1084,False,ok,multi_seed_output\seed_3_mh114\airfoils\sample_1084.dat,0.13809085424353468,0.2444889779559118,2.230437806671759e-09,2.356746969453538e-09,0.29717965966373217,0.35260998281269107,0.35564857244690795,0.36440240211672925,0.32798112564380877,0.39842617163560284,-0.13435702159058266,-0.0458062664469612,0.06732031455663366,0.04401971072055261,0.0654819441517511,0.20990257637377846
sample_1085,False,ok,multi_seed_output\seed_3_mh114\airfoils\sample_1085.dat,0.1419428854673779,0.3306613226452906,2.230437806671759e-09,2.356746969453538e-09,0.28029088589021495,0.27252607820420777,0.4024820877470636,0.36925046161935715,0.3316556862593293,0.3462912616312468,-0.07034894743244269,-0.06813976347490186,-0.022402567504813148,0.007197498829408622,0.07693897909508182,0.22231509674005964
sample_1086,False,ok,multi_seed_output\seed_3_mh114\airfoils\sample_1086.dat,0.11127250138425485,0.2885771543086172,2.230437806671759e-09,2.356746969453538e-09,0.21449931801363836,0.29618231239996046,0.28962868084978466,0.3007398366353427,0.39378518890538394,0.41278135036725716,-0.10416068151678967,0.003074583249339291,-0.006330679112525377,0.062066114980808856,0.12169211577493952,0.27551569023882994
sample_1087,False,ok,multi_seed_output\seed_3_mh114\airfoils\sample_1087.dat,0.15181342170637865,0.2745490981963928,2.230437806671759e-09,2.356746969453538e-09,0.32012622182399464,0.3286229274082207,0.3988809570749916,0.38518923621640244,0.37386716857041236,0.4454933204789275,-0.11679051570095077,-0.0798235361974181,-0.008734033054382404,0.09048250670489456,0.05191664297895972,0.26517032049898315
sample_1088,False,ok,multi_seed_output\seed_3_mh114\airfoils\sample_1088.dat,0.12192568385051264,0.2945891783567134,2.230437806671759e-09,2.356746969453538e-09,0.26345988942862475,0.3501465667639877,0.3212605833560506,0.4035699837672559,0.34482979359426547,0.41902085075167694,-0.09547513971148153,0.009283563096318476,0.06743127452679919,0.04290986800245104,0.05233492837569685,0.2071450193637277
sample_1089,False,ok,multi_seed_output\seed_3_mh114\airfoils\sample_1089.dat,0.12743686396637965,0.3306613226452906,2.230437806671759e-09,2.356746969453538e-09,0.2016609874372506,0.35241831228684006,0.30134657351164124,0.3746284513803662,0.31472815578626684,0.4389655944867633,-0.12411342827977795,0.03813226214416311,-0.05513314952227553,0.014602888604748204,0.13696494862892483,0.25398107840509065
sample_1090,False,ok,multi_seed_output\seed_3_mh114\airfoils\sample_1090.dat,0.12410189020455073,0.3386773547094188,2.230437806671759e-09,2.356746969453538e-09,0.21959812904525597,0.303186522063213,0.3793240593883033,0.3760502922636506,0.34287332770291606,0.38165277719120905,-0.03167693733739474,-0.02529956553963667,0.017741237412253946,0.05960200644257263,0.11461000758176174,0.2394066634498646
sample_1091,False,ok,multi_seed_output\seed_3_mh114\airfoils\sample_1091.dat,0.1009921233065215,0.374749498997996,2.230437806671759e-09,2.356746969453538e-09,0.22571859404467523,0.2742569996770941,0.2982369287876357,0.3823354097736331,0.39548575008078185,0.3537040284636157,-0.0397664092036486,0.02971089354392313,0.04275577325457655,0.09556465629634794,0.0610822382950049,0.19991295409030152
sample_1092,False,ok,multi_seed_output\seed_3_mh114\airfoils\sample_1092.dat,0.12294986398795014,0.3006012024048096,2.230437806671759e-09,2.356746969453538e-09,0.2986872084211361,0.29667476981459506,0.2826275361314959,0.31274983379839416,0.3452562024351444,0.3919720288957971,-0.09006993120912418,0.00940916441307428,-0.04583252480967301,-0.012018108113443483,0.09635031981510751,0.20017056543654443
sample_1093,False,ok,multi_seed_output\seed_3_mh114\airfoils\sample_1093.dat,0.13373086423104288,0.280561122244489,2.230437806671759e-09,2.356746969453538e-09,0.26992504796939004,0.35924947129763357,0.3004403156858812,0.36702002402556355,0.3464918472813559,0.3568761914364874,-0.05251150276195654,-0.051232888652815146,-0.03638736809860199,0.09467749465860281,0.14881024646887453,0.20536035499245647
sample_1094,False,ok,multi_seed_output\seed_3_mh114\airfoils\sample_1094.dat,0.15591026082767767,0.25851703406813625,2.230437806671759e-09,2.356746969453538e-09,0.31705609798896506,0.3686786137534057,0.39380805424399973,0.3360551008833278,0.30919189122086443,0.4287736707390798,-0.1327622377440133,-0.08337182430812291,0.018742911155059133,0.028452550484901355,0.03939224696968027,0.21716414266956174
sample_1095,False,ok,multi_seed_output\seed_3_mh114\airfoils\sample_1095.dat,0.14323433996421497,0.2444889779559118,2.230437806671759e-09,2.356746969453538e-09,0.31419446363279363,0.3763766121549868,0.3786313329424806,0.291580335140768,0.31966462690789604,0.39402259328003286,-0.14591225994513396,-0.004418426266799613,0.022107691046485287,0.007391694348740305,0.11395345684331892,0.24921454941842347
sample_1096,False,ok,multi_seed_output\seed_3_mh114\airfoils\sample_1096.dat,0.12838778987888477,0.25250501002004005,2.230437806671759e-09,2.356746969453538e-09,0.3165224931599031,0.29180011281171947,0.3605587722693596,0.3064045760965981,0.4135195475082766,0.44337824925472086,-0.1545657176525714,0.015495793235741087,0.0068196105516228345,0.04942156630285566,0.0590554109701354,0.18898546831056845
sample_1097,False,ok,multi_seed_output\seed_3_mh114\airfoils\sample_1097.dat,0.12919833690707117,0.2665330661322645,2.230437806671759e-09,2.356746969453538e-09,0.2014554575713745,0.34946365509581995,0.3367492278927861,0.3229523057418587,0.3093452553619674,0.33830225983619694,-0.1319390409735327,-0.051574078887841025,0.02549520732415969,0.08599858476838258,0.08123426443534887,0.2320261727628924
sample_1098,False,ok,multi_seed_output\seed_3_mh114\airfoils\sample_1098.dat,0.12498956558174672,0.280561122244489,2.230437806671759e-09,2.356746969453538e-09,0.2870051591349845,0.26574620144320094,0.3546653798932415,0.35870331911588693,0.3954007473944793,0.4456140849562748,-0.08306818737572844,-0.06995859856663858,0.04449018977800048,0.07323567837925499,0.09940813425897917,0.2362758491055318
sample_1099,False,ok,multi_seed_output\seed_3_mh114\airfoils\sample_1099.dat,0.1149114865138688,0.2885771543086172,2.230437806671759e-09,2.356746969453538e-09,0.28915319101482223,0.26291008231481905,0.40042101540419034,0.3125398144735737,0.3061343869199751,0.4191200241424824,-0.09105639149937597,0.020779666362369317,0.04503219526054522,0.06666636447562477,0.10434329703040195,0.18947791183908338
sample_1100,False,ok,multi_seed_output\seed_3_mh114\airfoils\sample_1100.dat,0.14256860656191986,0.2945891783567134,2.230437806671759e-09,2.356746969453538e-09,0.2325099398815867,0.3813487794696106,0.3514502267974281,0.31054479287217474,0.41709200933311513,0.3729764690511993,-0.06845467027013881,-0.05698777982050794,-0.05387827078155133,0.08646407361312132,0.13295846209588008,0.18728398246668282
sample_1101,False,ok,multi_seed_output\seed_3_mh114\airfoils\sample_1101.dat,0.12664319077676228,0.3246492985971944,2.230437806671759e-09,2.356746969453538e-09,0.28704479548965645,0.2826140369196681,0.36312843217385454,0.4133071013116125,0.40840543988989564,0.3555507613535452,-0.05181613024131253,-0.04081506892239572,0.032730690814316205,0.06626476231525313,0.13055634063592042,0.22940902083300146
sample_1102,False,ok,multi_seed_output\seed_3_mh114\airfoils\sample_1102.dat,0.13481521682659506,0.3166332665330661,2.230437806671759e-09,2.356746969453538e-09,0.22042710782061242,0.3402135996563686,0.3298228711660028,0.2875599973884239,0.29430672409970066,0.43163021763803283,-0.04724186387912757,-0.05438922269982591,-0.046657538700917,-0.021248111504771766,0.07916922192244619,0.16303422515811714
sample_1103,False,ok,multi_seed_output\seed_3_mh114\airfoils\sample_1103.dat,0.1432975945283754,0.3306613226452906,2.230437806671759e-09,2.356746969453538e-09,0.27839940519240436,0.2863099864381534,0.36355280497694387,0.39282877686850487,0.3775723075699082,0.36020351082134794,-0.07834178602189858,-0.07770555817966887,-0.04328777805453326,0.040459838144245405,0.06928108448014712,0.16216819942267013
sample_1104,False,ok,multi_seed_output\seed_3_mh114\airfoils\sample_1104.dat,0.14895941921366268,0.23847695390781562,2.230437806671759e-09,2.356746969453538e-09,0.3063469827660894,0.37234272516654127,0.3316075622414024,0.3510929901101871,0.3741098392481198,0.3722867450834634,-0.1581214664006146,-0.07801806247345029,0.0559779778250277,-0.0024633765951782363,0.05790917161241606,0.2653862848145194
sample_1105,False,ok,multi_seed_output\seed_3_mh114\airfoils\sample_1105.dat,0.11750357772660372,0.2865731462925851,2.230437806671759e-09,2.356746969453538e-09,0.2580935774392689,0.32142868117448775,0.2967220144478008,0.28714179515820526,0.3568393061296291,0.45956575204295247,-0.08763652555101081,-0.0022591581098548585,0.026583559512569105,-0.011370629484159674,0.06838861055553991,0.26853500989003465
sample_1106,False,ok,multi_seed_output\seed_3_mh114\airfoils\sample_1106.dat,0.1129646222713053,0.23847695390781562,2.230437806671759e-09,2.356746969453538e-09,0.25614524623103896,0.28121306435755206,0.28992180734712414,0.2841668840183004,0.38762402065533874,0.3796362709355287,-0.09153036560694695,-0.0559419971879073,0.05458017487410266,0.08334867307297293,0.022173236862765244,0.22019881127354723
sample_1107,False,ok,multi_seed_output\seed_3_mh114\airfoils\sample_1107.dat,0.1452126695603476,0.2785571142284569,2.230437806671759e-09,2.356746969453538e-09,0.3028124968023096,0.34906818948470475,0.392154289540178,0.3687874316445233,0.3501552975754005,0.35420252329148094,-0.15355571551361302,-0.008633338715835145,-0.0037364387713438585,0.0590627646811457,0.040226224942516306,0.17247864603325597
sample_1108,False,ok,multi_seed_output\seed_3_mh114\airfoils\sample_1108.dat,0.12448927448324996,0.3006012024048096,2.230437806671759e-09,2.356746969453538e-09,0.3095655478342928,0.35327745788470366,0.3079763400240046,0.3561324316273834,0.3200786679662803,0.40143388117769524,-0.04968201344858754,0.02950350282666782,-0.0006462440908696424,0.009039583513683246,0.10765170215069676,0.19657052949569326
sample_1109,False,ok,multi_seed_output\seed_3_mh114\airfoils\sample_1109.dat,0.1126561601875712,0.3386773547094188,2.230437806671759e-09,2.356746969453538e-09,0.2053521858649976,0.28467428950548507,0.34328346449228797,0.3106592340398019,0.34121771103057463,0.42146306151022184,-0.05385925917814555,0.02600503985370474,-0.030369897502716507,0.06303192080458699,0.13565089254409354,0.1569709633382727
sample_1110,False,ok,multi_seed_output\seed_3_mh114\airfoils\sample_1110.dat,0.13632645646898808,0.38276553106212424,2.230437806671759e-09,2.356746969453538e-09,0.20849675963319575,0.28249986472126126,0.35515163512146414,0.39507052823735594,0.41069339446546005,0.34173975916398563,-0.07493734655070457,-0.0327901285989352,-0.04083072985580873,0.014660941711413661,0.022220093119030105,0.26930256939442837
sample_1111,False,ok,multi_seed_output\seed_3_mh114\airfoils\sample_1111.dat,0.13270856586393814,0.2665330661322645,2.230437806671759e-09,2.356746969453538e-09,0.21594618512875266,0.36546545306297984,0.37688722831719845,0.2847176665961364,0.3797840524103602,0.46092270903185506,-0.14329421059494402,-0.03928652925728891,0.07055809092731495,0.033712222972887285,0.038556761423613195,0.2016670241658802
sample_1112,False,ok,multi_seed_output\seed_3_mh114\airfoils\sample_1112.dat,0.14849239129570832,0.2865731462925851,2.230437806671759e-09,2.356746969453538e-09,0.2679236706859629,0.38355308863826054,0.3235258661397096,0.37732997603581375,0.29775808135497556,0.36617207153289283,-0.07506962191170097,-0.08242801334677073,-0.03569951716309662,0.04033472244385651,0.1054806405371475,0.191040999651913
sample_1113,False,ok,multi_seed_output\seed_3_mh114\airfoils\sample_1113.dat,0.12736054440446307,0.3306613226452906,2.230437806671759e-09,2.356746969453538e-09,0.22400960027082553,0.2845339053809405,0.30919623405110963,0.3116017165042706,0.3150479386002633,0.4606511516529228,-0.10852617989472317,-0.024001507027230737,-0.05412628540214154,-0.012414072775376934,0.028456304609586425,0.26639790048497214
sample_1114,False,ok,multi_seed_output\seed_3_mh114\airfoils\sample_1114.dat,0.14455268746638675,0.34669338677354705,2.230437806671759e-09,2.356746969453538e-09,0.2583247541778763,0.35766006038162373,0.36981169716154705,0.3730216431072486,0.3786998734814286,0.3524651216265153,-0.09600819606834017,0.0019915002769210766,-0.03407565638320403,-0.012544456994539547,0.029617692689869614,0.1731666685674013
sample_1115,False,ok,multi_seed_output\seed_3_mh114\airfoils\sample_1115.dat,0.13806442942672978,0.30861723446893785,2.230437806671759e-09,2.356746969453538e-09,0.2547314806816929,0.2713790669437126,0.38986564455144,0.3600719411919581,0.34274474252456477,0.3551818162777788,-0.13896328157843804,-0.07192974886129379,0.01464602261071235,-0.0010612755481509764,0.1235305925937314,0.17745120605294973
sample_1116,False,ok,multi_seed_output\seed_3_mh114\airfoils\sample_1116.dat,0.1492538820078714,0.280561122244489,2.230437806671759e-09,2.356746969453538e-09,0.26655405145487726,0.37964164837636216,0.377368817219597,0.3211141490458364,0.302824098736415,0.3781697942473173,-0.10666368165276585,-0.07582451558723671,0.018347558671628697,-0.013129783300706875,0.08851723396622022,0.17441745293517544
sample_1117,False,ok,multi_seed_output\seed_3_mh114\airfoils\sample_1117.dat,0.13046002494197873,0.280561122244489,2.230437806671759e-09,2.356746969453538e-09,0.30784952787811753,0.375944873905104,0.3116023784233901,0.34955028237183483,0.4229892360745332,0.3964599481611429,-0.06838837047745185,0.011330535564537753,-0.0017356737100277797,0.06881601278165297,0.03438804740329507,0.27184748134801084
sample_1118,False,ok,multi_seed_output\seed_3_mh114\airfoils\sample_1118.dat,0.14297149449181826,0.30861723446893785,2.230437806671759e-09,2.356746969453538e-09,0.3157100434027349,0.3479183616449917,0.36957291174391144,0.3809503396980147,0.31769114134554405,0.36545005966576877,-0.0941451819016301,-0.0242914810509407,0.017893305331064757,-0.02104057840265476,0.039512289260767997,0.24033352449130285
sample_1119,False,ok,multi_seed_output\seed_3_mh114\airfoils\sample_1119.dat,0.12424177225626144,0.22645290581162322,2.230437806671759e-09,2.356746969453538e-09,0.3036802025676967,0.31854629970587056,0.2913068883575235,0.33060308044440767,0.3259011242418086,0.43776537064248777,-0.10499468347670414,-0.040436736363501785,0.056744699422630315,0.04230669063013101,0.03294830228775818,0.2570442333552322
sample_1120,False,ok,multi_seed_output\seed_3_mh114\airfoils\sample_1120.dat,0.1379743031806431,0.3226452905811623,2.230437806671759e-09,2.356746969453538e-09,0.27522779027848554,0.2688367220178797,0.4033914044858602,0.389025159694259,0.3497377037097005,0.34296154984882166,-0.14354735161445176,-0.022060972696601983,-0.02133148613213104,0.05461696621704343,0.05770435308819634,0.2121825550510086
sample_1121,False,ok,multi_seed_output\seed_3_mh114\airfoils\sample_1121.dat,0.12430367953634933,0.2665330661322645,2.230437806671759e-09,2.356746969453538e-09,0.28488240290186256,0.2793982908748414,0.2906868270138859,0.3930638941095759,0.34331952398653665,0.3859816417383811,-0.1518776935125133,-0.003135400370443603,-0.02319950301114776,0.05186437370876103,0.14557681909544104,0.2496647020810094
sample_1122,False,ok,multi_seed_output\seed_3_mh114\airfoils\sample_1122.dat,0.11860151074366271,0.30861723446893785,2.230437806671759e-09,2.356746969453538e-09,0.27859114667972107,0.2844743881731964,0.3476436674590092,0.2845802728739476,0.4191762180753654,0.44227152608014025,-0.096119439982282,0.006973799304911613,0.028179113204788026,0.009619773255538776,0.03965714896059029,0.20757642672132393
sample_1123,False,ok,multi_seed_output\seed_3_mh114\airfoils\sample_1123.dat,0.14362912766799865,0.2865731462925851,2.230437806671759e-09,2.356746969453538e-09,0.2899178255101346,0.2756740677501246,0.4016365945497212,0.3143790016606266,0.39343512057185637,0.3995059068631674,-0.15445191898660207,-0.07295426619280104,0.003046055258359534,-0.00516788405116364,0.10397399475071518,0.17210140901060042
sample_1124,False,ok,multi_seed_output\seed_3_mh114\airfoils\sample_1124.dat,0.12883641327674822,0.2725450901803607,2.230437806671759e-09,2.356746969453538e-09,0.29279722229937005,0.30847130799696937,0.36666249488488156,0.3047406287320107,0.3148108901690254,0.455499718680931,-0.048338398803488655,-0.07793060749704189,0.06151634970478924,0.018427464534940076,0.11810924645348642,0.17855321993829326
sample_1125,False,ok,multi_seed_output\seed_3_mh114\airfoils\sample_1125.dat,0.12802751090141343,0.25851703406813625,2.230437806671759e-09,2.356746969453538e-09,0.27771125515657136,0.34570808559890254,0.3247650385644955,0.3351755067029758,0.3868765220557202,0.3855390717710979,-0.09161587264780127,-0.033668572277535856,0.03691444932592676,0.07107282340197861,0.09273773316604698,0.20407151504263527
sample_1126,False,ok,multi_seed_output\seed_3_mh114\airfoils\sample_1126.dat,0.14402259646905852,0.3246492985971944,2.230437806671759e-09,2.356746969453538e-09,0.23781801994360546,0.3813007460687876,0.4061989196120005,0.34033613632601795,0.365790166591815,0.4240830074852249,-0.10154046751481435,-7.22047644686058e-05,0.0012936322662018135,-0.004967850796075347,0.05180738791477442,0.22611415154779016
sample_1127,False,ok,multi_seed_output\seed_3_mh114\airfoils\sample_1127.dat,0.15268764638246307,0.3006012024048096,2.230437806671759e-09,2.356746969453538e-09,0.25489816703375506,0.38864983102921136,0.37451059622649124,0.2842958871246301,0.3182783998860295,0.37611828044159534,-0.06473156494701034,-0.07649417659794545,-0.03998900573518116,-0.023949332315274782,0.03922573638649282,0.22855339633062005
sample_1128,False,ok,multi_seed_output\seed_3_mh114\airfoils\sample_1128.dat,0.1141852710381267,0.3246492985971944,2.230437806671759e-09,2.356746969453538e-09,0.25069387225768286,0.2862453145453609,0.294990900831713,0.3686004075980981,0.3368887094026995,0.40822878565338394,-0.10532358849805488,-0.0016575678191101395,0.05017959867732259,-0.008615741708023789,0.058809731119334886,0.20599978475401634
sample_1129,False,ok,multi_seed_output\seed_3_mh114\airfoils\sample_1129.dat,0.12976572296068148,0.3306613226452906,2.230437806671759e-09,2.356746969453538e-09,0.24285175139667325,0.29154916809058534,0.3895852201015778,0.3723447946442977,0.31639179296323977,0.42258245523006477,-0.15553646534795898,0.0049991596029170665,0.026008812852285623,0.022506768400721376,0.02462735819917798,0.1714337132750765
sample_1130,False,ok,multi_seed_output\seed_3_mh114\airfoils\sample_1130.dat,0.1166119223298271,0.3607214428857715,2.230437806671759e-09,2.356746969453538e-09,0.19591499696977852,0.3244498758047201,0.34478792916809486,0.35190134403334405,0.3656226174446958,0.37560998066956025,-0.1044692122019078,0.032225302034137954,0.06601129225998864,-0.026909626753097625,0.08547876464297073,0.20823080631623614
sample_1131,False,ok,multi_seed_output\seed_3_mh114\airfoils\sample_1131.dat,0.14314988737565898,0.3166332665330661,2.230437806671759e-09,2.356746969453538e-09,0.23303460339107512,0.3379881280177478,0.34083253278824843,0.35514363064476484,0.3570766157347835,0.3589897920198576,-0.1264387674851692,-0.038496859663531474,-0.05045632919650664,-0.001159070500349399,0.055623964210372155,0.24616068828746102
sample_1132,False,ok,multi_seed_output\seed_3_mh114\airfoils\sample_1132.dat,0.14573721255381833,0.3006012024048096,2.230437806671759e-09,2.356746969453538e-09,0.24387342528352396,0.3881150620642353,0.37708114001827886,0.37105106656208237,0.34470557923872824,0.36945514439205374,-0.1311565011891315,-0.004015413789414252,-0.029914973165128502,0.054705855974421014,0.05802218210484141,0.26899070913846007
sample_1133,False,ok,multi_seed_output\seed_3_mh114\airfoils\sample_1133.dat,0.15652432847611747,0.25851703406813625,2.230437806671759e-09,2.356746969453538e-09,0.30925793283064223,0.38462368123055013,0.3369604170784714,0.34054833325796435,0.41878417825400804,0.4106622783993888,-0.13663249309907533,-0.07095474948053515,-0.049785173913543715,0.06217226461845354,0.10481034568002366,0.204785645085254
sample_1134,False,ok,multi_seed_output\seed_3_mh114\airfoils\sample_1134.dat,0.13549811412922497,0.2865731462925851,2.230437806671759e-09,2.356746969453538e-09,0.3224484573517649,0.3500559775829064,0.31175158878695697,0.4113690287968834,0.42242766054803704,0.43479594457571163,-0.07331215710443349,-0.03911040740346485,0.04081988820306212,0.010819657000970526,0.08910500277829683,0.2303087977277073
sample_1135,False,ok,multi_seed_output\seed_3_mh114\airfoils\sample_1135.dat,0.11908585881590213,0.2665330661322645,2.230437806671759e-09,2.356746969453538e-09,0.2588289494524929,0.36968815775721453,0.31889494982211886,0.3237607442798121,0.3695613049757012,0.4241668806959861,-0.056624367166819,0.0023243224490784448,0.046290107718238924,0.07804363209667588,0.142838555048414,0.2757447410271726
sample_1136,False,ok,multi_seed_output\seed_3_mh114\airfoils\sample_1136.dat,0.11568546523101285,0.30861723446893785,2.230437806671759e-09,2.356746969453538e-09,0.3212969243416436,0.2651461663077983,0.3087665758469845,0.32709690820999965,0.3746371497263005,0.3625539284515056,-0.04855096558772373,-0.0028909479850057485,0.011466469673733756,9.014765172590117e-05,0.10841840351118577,0.22442540256176413
sample_1137,False,ok,multi_seed_output\seed_3_mh114\airfoils\sample_1137.dat,0.1333919214073944,0.2665330661322645,2.230437806671759e-09,2.356746969453538e-09,0.29734816311924317,0.26232542943675446,0.3400562019282934,0.34900428796646704,0.36415396390529864,0.4114646012295513,-0.13236960370883613,-0.067963335847792,-0.015854140309432975,0.07754570289678087,0.04244410714254599,0.19510658244619955
sample_1138,False,ok,multi_seed_output\seed_3_mh114\airfoils\sample_1138.dat,0.1348244428488362,0.3166332665330661,2.230437806671759e-09,2.356746969453538e-09,0.21819661664038487,0.37319852189618097,0.3270673309749751,0.3001636420385056,0.389712739483451,0.3909074853896877,-0.11693792739818473,0.012972531383120656,-0.0448908120501657,-0.011863334239479273,0.08361709871348891,0.22205671026498275
sample_1139,False,ok,multi_seed_output\seed_3_mh114\airfoils\sample_1139.dat,0.13495233467773973,0.280561122244489,2.230437806671759e-09,2.356746969453538e-09,0.2430072081128158,0.3672455188679516,0.36624198098591726,0.3158190932667031,0.3283950101231919,0.4269523931274566,-0.14234294539819067,0.01763983263210303,-0.027350594388281045,0.0889367246798515,0.023275816813673175,0.20647911380472472
sample_1140,False,ok,multi_seed_output\seed_3_mh114\airfoils\sample_1140.dat,0.13940467828586262,0.280561122244489,2.230437806671759e-09,2.356746969453538e-09,0.26504904382608085,0.34711908697708665,0.3474987622779292,0.30396271908730793,0.38415649600831236,0.38122354846479345,-0.09455655278744911,-0.06370404466441729,-0.009645295540926711,0.03398774193451591,0.10465942900072739,0.17864720360539585
sample_1141,False,ok,multi_seed_output\seed_3_mh114\airfoils\sample_1141.dat,0.14381262807666834,0.280561122244489,2.230437806671759e-09,2.356746969453538e-09,0.32211452541958646,0.33590114762684303,0.3648189282562073,0.38484033079919744,0.33110633870352196,0.428199247947227,-0.06413323931656258,-0.08323246509365499,0.02528978945362438,0.021595740940506196,0.1482123130733105,0.24645312940423625
sample_1142,False,ok,multi_seed_output\seed_3_mh114\airfoils\sample_1142.dat,0.11752622849464647,0.3987975951903807,2.230437806671759e-09,2.356746969453538e-09,0.20806695683152304,0.2692483950552676,0.36185818679300463,0.3582675373665182,0.2969739960319403,0.42307045191010506,-0.0536232610997537,0.03829692811172099,0.012421735535738845,-0.028843396664630337,0.06847106719186898,0.22870091895297673
sample_1143,False,ok,multi_seed_output\seed_3_mh114\airfoils\sample_1143.dat,0.12947927395084977,0.2745490981963928,2.230437806671759e-09,2.356746969453538e-09,0.29230586612808807,0.37770705265222015,0.31662934418169936,0.2977626540831329,0.3262860815488866,0.4233467437762176,-0.055352963475115494,0.011036859795875015,-0.03499440302577804,0.07410964793313346,0.062183109069847566,0.1753462504270448
sample_1144,False,ok,multi_seed_output\seed_3_mh114\airfoils\sample_1144.dat,0.1371835038744281,0.3306613226452906,2.230437806671759e-09,2.356746969453538e-09,0.29581429558813044,0.3039121566840503,0.36762819601079755,0.40690857189409413,0.3414890491822822,0.45601327932799635,-0.04239459294407223,-0.08205589796001667,0.05610367864111175,-0.015209587233988107,0.04963284756365165,0.27540133305632797
sample_1145,False,ok,multi_seed_output\seed_3_mh114\airfoils\sample_1145.dat,0.1363687099368757,0.2945891783567134,2.230437806671759e-09,2.356746969453538e-09,0.2609416199509381,0.36686227985345987,0.325767983197501,0.389719739300591,0.4167235727264574,0.4657614948048501,-0.13046107892342346,0.017952215102915295,-0.04466039967617052,0.08156425432272899,0.11944404489989892,0.18535782061367245
sample_1146,False,ok,multi_seed_output\seed_3_mh114\airfoils\sample_1146.dat,0.1469262295221026,0.3226452905811623,2.230437806671759e-09,2.356746969453538e-09,0.23324943337756715,0.3559688664222373,0.3816667591727373,0.30692778954883876,0.3803999371572597,0.36409132363014834,-0.0748233534216874,-0.04874942891634066,-0.05719742213595732,0.007966443536124718,0.05949886088597022,0.16768742500940986
sample_1147,False,ok,multi_seed_output\seed_3_mh114\airfoils\sample_1147.dat,0.12314492380072854,0.2444889779559118,2.230437806671759e-09,2.356746969453538e-09,0.2535860332625296,0.2724659923074043,0.3021364379996944,0.3457412207454468,0.4152931306770347,0.3955036075877271,-0.14869220733487656,-0.07084752846816827,0.04963764990182347,0.0644780576852108,0.029022214377605736,0.24605235686386911
sample_1148,False,ok,multi_seed_output\seed_3_mh114\airfoils\sample_1148.dat,0.13551516038863903,0.3166332665330661,2.230437806671759e-09,2.356746969453538e-09,0.23488639907829667,0.31098683190326004,0.3001106320521368,0.3646768911669176,0.3160253869048266,0.4066033877425437,-0.07067128015185944,-0.08453868782074325,-0.028115347147255724,-0.022188892711569548,0.09917005242050207,0.24422746111641835
sample_1149,False,ok,multi_seed_output\seed_3_mh114\airfoils\sample_1149.dat,0.1245287486455174,0.3366733466933867,2.230437806671759e-09,2.356746969453538e-09,0.32451892415450245,0.27621434522465194,0.3962673979435642,0.3357980836713122,0.32815322111950085,0.36009508582576116,-0.03884469814657307,0.007967985212086054,0.020831096589054854,0.024855478127782507,0.031077375031871097,0.2682456534379093
sample_1150,False,ok,multi_seed_output\seed_3_mh114\airfoils\sample_1150.dat,0.13800601935844545,0.2945891783567134,2.230437806671759e-09,2.356746969453538e-09,0.31258360922997797,0.34027959276756536,0.39398988611313623,0.315061582105068,0.3847584741214059,0.3383719360291947,-0.05059041125296081,-0.03177958072532549,0.0004463277914348654,0.056515805720994294,0.07817102555784657,0.1538136036261465
sample_1151,False,ok,multi_seed_output\seed_3_mh114\airfoils\sample_1151.dat,0.140152282410043,0.25250501002004005,2.230437806671759e-09,2.356746969453538e-09,0.3232291002417379,0.38568052123614777,0.35770474942554287,0.29480805073299504,0.3222430944160417,0.3863519387388923,-0.11045863028472405,0.014095519273260831,-0.02672893554432214,0.08419965909840416,0.05893812374035591,0.2516518437988076
sample_1152,False,ok,multi_seed_output\seed_3_mh114\airfoils\sample_1152.dat,0.1460161685698229,0.30861723446893785,2.230437806671759e-09,2.356746969453538e-09,0.23314984794242935,0.3601226996285761,0.346403281500514,0.3620257976164085,0.3574377259854943,0.36002120201400406,-0.07546492997536615,-0.076860979981744,-0.05068251630318115,0.06513754624571116,0.034826305428929755,0.17623945092457902
sample_1153,False,ok,multi_seed_output\seed_3_mh114\airfoils\sample_1153.dat,0.14626289097585407,0.344689378757515,2.230437806671759e-09,2.356746969453538e-09,0.22869496105568415,0.29364865274117996,0.3732850282632546,0.36170583779102977,0.41923881825017306,0.3499530715545498,-0.15744888882446784,-0.054608106718651794,-0.037113179066215765,-0.024036385813531562,0.05324869859211041,0.17667774551634471
sample_1154,False,ok,multi_seed_output\seed_3_mh114\airfoils\sample_1154.dat,0.13220918073252083,0.3166332665330661,2.230437806671759e-09,2.356746969453538e-09,0.25272659270345027,0.3341484859480493,0.33115082537355733,0.41302552343072063,0.4156247350926955,0.4247820154436169,-0.13331126043729705,-0.032384050456127224,0.06668586727941872,3.278312141406087e-05,0.029760002869205965,0.21928141243019394
sample_1155,False,ok,multi_seed_output\seed_3_mh114\airfoils\sample_1155.dat,0.13730905593503503,0.25851703406813625,2.230437806671759e-09,2.356746969453538e-09,0.3174605583483672,0.367699493349276,0.31910537493019364,0.41094735945308447,0.353211246136396,0.37124250626355165,-0.06055159657470356,-0.07138050863891715,0.05930472189823133,0.06076898104171355,0.13135529288504139,0.18195808825278711
sample_1156,False,ok,multi_seed_output\seed_3_mh114\airfoils\sample_1156.dat,0.10163391135618531,0.3006012024048096,2.230437806671759e-09,2.356746969453538e-09,0.2606440000889447,0.26876201150121337,0.29423599374579873,0.31423143485167976,0.31092758570077444,0.3811430229294177,-0.06232184124095588,0.03563053118272376,0.006418782431566544,0.08767087888932228,0.039068222061726686,0.2517625956145874
sample_1157,False,ok,multi_seed_output\seed_3_mh114\airfoils\sample_1157.dat,0.13162467919594875,0.3226452905811623,2.230437806671759e-09,2.356746969453538e-09,0.20600569737817176,0.3053297083706519,0.32794252650078115,0.3976189362369421,0.35451964507656064,0.44959698415675736,-0.12066316589757786,-0.028979231114662586,-0.05082967766619597,0.06580616962672066,0.14583118799638856,0.2577489353670941
sample_1158,False,ok,multi_seed_output\seed_3_mh114\airfoils\sample_1158.dat,0.13900066296308794,0.2945891783567134,2.230437806671759e-09,2.356746969453538e-09,0.2203395702716589,0.36368465880446665,0.4029554665731785,0.307171598294705,0.3835075714027779,0.4002938633267554,-0.1574218273313331,-0.014641790704598784,0.041627003363153794,-0.014645094430259045,0.09264453039626297,0.24012073629385525
sample_1159,False,ok,multi_seed_output\seed_3_mh114\airfoils\sample_1159.dat,0.13176424930398964,0.2444889779559118,2.230437806671759e-09,2.356746969453538e-09,0.24374954536963417,0.3520908581445731,0.30975414649569166,0.3532211364171477,0.39385230819883216,0.4490407279745815,-0.14266498091874813,-0.06123520133833574,0.061025839980347496,0.06634858666551272,0.04686364463335116,0.15070716529564776
sample_1160,False,ok,multi_seed_output\seed_3_mh114\airfoils\sample_1160.dat,0.12903359475116583,0.2444889779559118,2.230437806671759e-09,2.356746969453538e-09,0.3051036938552856,0.28864908497329905,0.33616288331785993,0.37900838299849,0.4037721757756231,0.3994316430453446,-0.1277888200416261,-0.050325533739666056,0.04663810963267116,0.08406100915283456,0.07399727830254124,0.21263018749314827
sample_1161,False,ok,multi_seed_output\seed_3_mh114\airfoils\sample_1161.dat,0.16200995433026188,0.3306613226452906,2.230437806671759e-09,2.356746969453538e-09,0.29441774251926556,0.3823234461250635,0.4038707668954895,0.4083899472304263,0.3861967065434667,0.4552959805165274,-0.047310000013293455,-0.06754589709278226,-0.04623728535630258,-0.00295452971330697,0.12213914895882859,0.2129248093097996
sample_1162,False,ok,multi_seed_output\seed_3_mh114\airfoils\sample_1162.dat,0.13863280609755296,0.374749498997996,2.230437806671759e-09,2.356746969453538e-09,0.2354994146192019,0.36854601650012664,0.3425685871214349,0.41060695654353285,0.40160737839842003,0.43893217721490124,-0.03190887236047002,0.0033848426102739554,-0.03228946874109344,0.031040060992300167,0.024044775597632524,0.16502817922188634
sample_1163,False,ok,multi_seed_output\seed_3_mh114\airfoils\sample_1163.dat,0.1417410438448409,0.2785571142284569,2.230437806671759e-09,2.356746969453538e-09,0.27055817569946083,0.29979213431224383,0.3482846534801267,0.3383609351840887,0.30219240426296123,0.42462187644253624,-0.13072730177589476,-0.08500607503735996,-0.02510753897864986,0.02527752780978141,0.10132824537919073,0.259111595819042
sample_1164,False,ok,multi_seed_output\seed_3_mh114\airfoils\sample_1164.dat,0.13428669080243863,0.34669338677354705,2.230437806671759e-09,2.356746969453538e-09,0.21282352090626877,0.29445362525834956,0.40661618473523314,0.3518693185279651,0.3540206268283611,0.4045360635883535,-0.05350476266709257,-0.07301968932035675,0.045877663914234715,-0.03383996526246319,0.12226273886537503,0.218805745512273
sample_1165,False,ok,multi_seed_output\seed_3_mh114\airfoils\sample_1165.dat,0.12120076372915281,0.3166332665330661,2.230437806671759e-09,2.356746969453538e-09,0.23527023448071785,0.2643446526342343,0.34594362071384227,0.33703733457111185,0.29464578763141586,0.3918631499723804,-0.06306357823608492,-0.04349537433876072,-0.007112110770334593,0.027087966989297524,0.15064176820126157,0.2027540187923998
sample_1166,False,ok,multi_seed_output\seed_3_mh114\airfoils\sample_1166.dat,0.13830529541574643,0.280561122244489,2.230437806671759e-09,2.356746969453538e-09,0.3198245834182788,0.27331754363600097,0.30451805187416126,0.3358754509324234,0.3778498585740856,0.3521744925869006,-0.12727393808304488,-0.06431096006030346,-0.046942131854991145,-0.01557610874166766,0.0853164372295103,0.25361939142398027
sample_1167,False,ok,multi_seed_output\seed_3_mh114\airfoils\sample_1167.dat,0.11438287932498639,0.30861723446893785,2.230437806671759e-09,2.356746969453538e-09,0.20880820655466342,0.27044927474879293,0.2860082987398729,0.3311483974822598,0.37054405991214173,0.4592877831433338,-0.09045701742619175,-0.02335819137386609,-0.04449285247535588,0.08838145737467099,0.11634730568816241,0.1656318121688168
sample_1168,False,ok,multi_seed_output\seed_3_mh114\airfoils\sample_1168.dat,0.13805464517504176,0.23847695390781562,2.230437806671759e-09,2.356746969453538e-09,0.2656198202418429,0.35828855496795164,0.3708124138237232,0.28957141877375114,0.36987803816253617,0.4616989238785546,-0.12855968173745863,-0.0749232606414786,0.06364894857165071,0.09096029137098931,0.07534364750293027,0.23919675157410342
sample_1169,False,ok,multi_seed_output\seed_3_mh114\airfoils\sample_1169.dat,0.14259845985469521,0.30861723446893785,2.230437806671759e-09,2.356746969453538e-09,0.20024381087160087,0.3611954536909835,0.32275620209800626,0.3277184725547727,0.3301204164696577,0.42073886489864104,-0.09405051123426086,-0.07881731418552754,-0.042151155956849616,-0.005362344972321791,0.09166078376730483,0.24462953490157785
sample_1170,False,ok,multi_seed_output\seed_3_mh114\airfoils\sample_1170.dat,0.14641562536162775,0.3386773547094188,2.230437806671759e-09,2.356746969453538e-09,0.20645318534995954,0.35404877823947367,0.3931274575745043,0.33726307959374224,0.37904052482277123,0.3740058106310983,-0.036579380789239974,-0.08482392836803432,-0.005261855325525144,-0.0260699929171819,0.07577273353195237,0.27005915380397844
sample_1171,False,ok,multi_seed_output\seed_3_mh114\airfoils\sample_1171.dat,0.13454318067289772,0.2785571142284569,2.230437806671759e-09,2.356746969453538e-09,0.20048871785669692,0.3731089520762363,0.38963200797099007,0.30301480716082535,0.30619059012747857,0.42870990433150036,-0.1577748993679987,0.00017436022407131546,0.006999902526586235,0.06607899554342517,0.11993302193287854,0.15968698468650083
sample_1172,False,ok,multi_seed_output\seed_3_mh114\airfoils\sample_1172.dat,0.1471347045703076,0.2725450901803607,2.230437806671759e-09,2.356746969453538e-09,0.31208080790332343,0.3684286424936439,0.39572696318960776,0.30897802270215524,0.30569635598434913,0.3837212346100999,-0.1450461691300058,0.004146392798175538,-0.015422745536156635,-0.008208084353708452,0.13254733015574327,0.2085197036050425
sample_1173,False,ok,multi_seed_output\seed_3_mh114\airfoils\sample_1173.dat,0.11893676801705695,0.25250501002004005,2.230437806671759e-09,2.356746969453538e-09,0.2779786820350631,0.28542219434731453,0.33752480270206936,0.30519069521455666,0.30655191807096027,0.4571827223092887,-0.09821118354161396,-0.025457588181090243,0.025714162376736904,0.07678062695103942,0.14661266238412934,0.15547855483607512
sample_1174,False,ok,multi_seed_output\seed_3_mh114\airfoils\sample_1174.dat,0.12185581139359039,0.2665330661322645,2.230437806671759e-09,2.356746969453538e-09,0.30234641677346114,0.269496602252237,0.28747754170327994,0.33909270965036276,0.32719122398907236,0.4604444988514973,-0.15780497590658998,0.023449629987583764,-0.03791741592321625,0.00989423638400741,0.09967863547387093,0.25907214206513063
sample_1175,False,ok,multi_seed_output\seed_3_mh114\airfoils\sample_1175.dat,0.13032879664774305,0.3006012024048096,2.230437806671759e-09,2.356746969453538e-09,0.21999347681012257,0.28441771778597613,0.33011181366113596,0.3547798247332139,0.40801364854594063,0.3433970375007578,-0.12995820171907857,-0.05845076322338877,-0.037578248610374176,0.0915405049517991,0.0871191606450249,0.2595536036444104
sample_1176,False,ok,multi_seed_output\seed_3_mh114\airfoils\sample_1176.dat,0.12985246187732444,0.3306613226452906,2.230437806671759e-09,2.356746969453538e-09,0.26275520453972206,0.28987310928286414,0.31828946833952576,0.39989699602035955,0.40758641845347415,0.4107660624481982,-0.09058880917086788,-0.023423692974249094,-0.05374947427115195,0.09219599912683951,0.07792868686182561,0.17592805405516482
sample_1177,False,ok,multi_seed_output\seed_3_mh114\airfoils\sample_1177.dat,0.11974059055876864,0.3687374749498998,2.230437806671759e-09,2.356746969453538e-09,0.2357669108498571,0.29680830612383735,0.3595864016324085,0.3887974609194611,0.3601801357198756,0.39380516542980276,-0.046208083653781776,0.041658554207403234,-0.012677411823682642,0.06363201863317623,0.09531131885332593,0.14922539715566288
sample_1178,False,ok,multi_seed_output\seed_3_mh114\airfoils\sample_1178.dat,0.12424707028813428,0.30861723446893785,2.230437806671759e-09,2.356746969453538e-09,0.22240767257735586,0.3854925625972778,0.35933255685862625,0.29965890154767033,0.3565363972447386,0.4275820343375123,-0.04076381585481456,0.008752578646508802,0.03807706820593923,0.02044703245453528,0.09849007496442218,0.20097109219721146
sample_1179,False,ok,multi_seed_output\seed_3_mh114\airfoils\sample_1179.dat,0.1259578578279742,0.3166332665330661,2.230437806671759e-09,2.356746969453538e-09,0.2384447878366277,0.30419626631054164,0.4107329171552466,0.3437542351148412,0.33646400629118456,0.36493185874557055,-0.0970779512561114,-0.0024131102437037893,0.03662789215608553,0.05613050952189895,0.08032094969800072,0.18308025798657362
sample_1180,False,ok,multi_seed_output\seed_3_mh114\airfoils\sample_1180.dat,0.11917744180470219,0.3006012024048096,2.230437806671759e-09,2.356746969453538e-09,0.22977369559768118,0.34615778025485233,0.2913910222259591,0.3435242580784298,0.3010690463218125,0.4641761101464912,-0.07322385660495916,0.0035679391378312525,0.0015993870539447938,0.027789279719318216,0.13644857781554942,0.1989373699195579
sample_1181,False,ok,multi_seed_output\seed_3_mh114\airfoils\sample_1181.dat,0.14024007893445395,0.2945891783567134,2.230437806671759e-09,2.356746969453538e-09,0.307526700844883,0.30327328227715245,0.4098145464377049,0.3448887759831405,0.39265903491519427,0.35702871473497644,-0.07297673605897244,-0.05986984209893874,-0.003843258195537387,0.08716236609706494,0.08522006548992814,0.16597647345572697
sample_1182,False,ok,multi_seed_output\seed_3_mh114\airfoils\sample_1182.dat,0.1377158565081536,0.2665330661322645,2.230437806671759e-09,2.356746969453538e-09,0.3134964881646726,0.35623243783029807,0.3057816467748834,0.3846871330977275,0.34426033724616734,0.3546496849716835,-0.13008213060225268,-0.011624779296951993,0.01505495201071344,-0.01658286871719441,0.06808314950535321,0.22923848291941837
sample_1183,False,ok,multi_seed_output\seed_3_mh114\airfoils\sample_1183.dat,0.1399628000309771,0.3006012024048096,2.230437806671759e-09,2.356746969453538e-09,0.2963100658575214,0.3849538976096788,0.31365968487356405,0.3711717041922735,0.3489239217472097,0.4550947563722171,-0.09061392009772494,0.006513590317089091,-0.023618594802228166,-0.03340111616843214,0.1511679532520167,0.25623873235740197
sample_1184,False,ok,multi_seed_output\seed_3_mh114\airfoils\sample_1184.dat,0.11136312486630666,0.3226452905811623,2.230437806671759e-09,2.356746969453538e-09,0.2066733991070438,0.3069401851991029,0.31048686656287994,0.290384414179474,0.4140278539005162,0.4188611596093975,-0.11157127539953898,0.004005850421575155,0.06702072246073308,-0.029780112000038723,0.08280033783411628,0.15204909575496214
sample_1185,False,ok,multi_seed_output\seed_3_mh114\airfoils\sample_1185.dat,0.12922386063730548,0.3366733466933867,2.230437806671759e-09,2.356746969453538e-09,0.22349897201768226,0.3297413901065246,0.3419592036764118,0.412244518444544,0.3313003729067697,0.3516639647316745,-0.04999026335511031,-0.05905225868103073,0.050554452688806276,0.03144571053834719,0.023088965480429612,0.24815827516478223
sample_1186,False,ok,multi_seed_output\seed_3_mh114\airfoils\sample_1186.dat,0.10780749565094663,0.2865731462925851,2.230437806671759e-09,2.356746969453538e-09,0.2722594989660901,0.2629998429419141,0.2829341807352526,0.36428025382878837,0.29868452362386577,0.37482952250760515,-0.045370089320800805,-0.028892662260168823,0.030456690291672958,0.08035187839667705,0.06337284157592217,0.23574718428180272
sample_1187,False,ok,multi_seed_output\seed_3_mh114\airfoils\sample_1187.dat,0.12037302870002803,0.3607214428857715,2.230437806671759e-09,2.356746969453538e-09,0.20852759222331155,0.2620565732011382,0.35726426517724846,0.33260429092106814,0.3990859849798413,0.4061497816641698,-0.07601721437400605,0.002768056589915316,-0.04124105565730786,0.08185061941576093,0.022908289322750953,0.2266455907219335
sample_1188,False,ok,multi_seed_output\seed_3_mh114\airfoils\sample_1188.dat,0.1223072303909341,0.30260521042084165,2.230437806671759e-09,2.356746969453538e-09,0.29272138403034464,0.26271452482219854,0.2843440715625835,0.4067940099756721,0.3636341738129736,0.3841482222043636,-0.10973954801647942,-0.034171487319132283,0.008882459966203154,0.02006177378693405,0.09145396430151434,0.17250378117448903
sample_1189,False,ok,multi_seed_output\seed_3_mh114\airfoils\sample_1189.dat,0.1261438850127376,0.2725450901803607,2.230437806671759e-09,2.356746969453538e-09,0.31718967001111653,0.29089437646714983,0.3028188163686261,0.3915032926412817,0.32484768395958197,0.4008608694201402,-0.13794639537671782,0.01732222115030284,-0.021882817701328938,0.05302929511201421,0.04804052315427638,0.15465957867370755
sample_1190,False,ok,multi_seed_output\seed_3_mh114\airfoils\sample_1190.dat,0.12062560022496657,0.2665330661322645,2.230437806671759e-09,2.356746969453538e-09,0.292348526949269,0.37720739607649073,0.32747546688679907,0.33508681297368753,0.32039806966459944,0.36520754821635093,-0.04410381535805678,0.02038676575079741,0.054817551783106835,0.04552799466282938,0.14070415743258152,0.16890901683524304
sample_1191,False,ok,multi_seed_output\seed_3_mh114\airfoils\sample_1191.dat,0.13463702814874925,0.3687374749498998,2.230437806671759e-09,2.356746969453538e-09,0.30345749492187013,0.2702917754372257,0.39708347019344836,0.4090224343130226,0.38629508135211643,0.4615669387642951,-0.03865710647118131,-0.016393111475056815,-0.008505561248505433,0.04005081601827619,0.06476276144386807,0.19595010252594736
sample_1192,False,ok,multi_seed_output\seed_3_mh114\airfoils\sample_1192.dat,0.1286111516327471,0.2124248496993988,2.230437806671759e-09,2.356746969453538e-09,0.3128046826177324,0.3738849065507281,0.3428577817854213,0.30621966822705526,0.41016271985041103,0.40122890135391415,-0.14643038788470278,0.03340028618699156,0.07108755321519157,0.0867394845389237,0.03956506509105137,0.18963534415769145
sample_1193,False,ok,multi_seed_output\seed_3_mh114\airfoils\sample_1193.dat,0.13845349865127776,0.280561122244489,2.230437806671759e-09,2.356746969453538e-09,0.28105585408726597,0.34037985438166585,0.4120315407588495,0.3138373218671572,0.3083045424232344,0.3871016578490592,-0.14833187483294957,0.010293447857190052,0.0023737210763206326,0.0455879201222527,0.06562323583488808,0.1727521811362065
sample_1194,False,ok,multi_seed_output\seed_3_mh114\airfoils\sample_1194.dat,0.1415942893155924,0.31462925851703405,2.230437806671759e-09,2.356746969453538e-09,0.28506983490800547,0.360204988770226,0.38712751173248655,0.40522366647691715,0.3135777606430673,0.34764076012961537,-0.0952769943635656,-0.0013335831143087423,-0.00019598569321137987,0.04600797486714474,0.04652542626201997,0.23237062339077053
sample_1195,False,ok,multi_seed_output\seed_3_mh114\airfoils\sample_1195.dat,0.13539880210815902,0.30861723446893785,2.230437806671759e-09,2.356746969453538e-09,0.21596614871409256,0.29941051089265075,0.3680945107351786,0.29168263640341957,0.34239450791063675,0.42803757029753736,-0.09243439270211348,-0.07004178276110551,-0.0320000127342914,0.0010112177755512916,0.14722968741381998,0.19984906518321643
sample_1196,False,ok,multi_seed_output\seed_3_mh114\airfoils\sample_1196.dat,0.13675535808876416,0.280561122244489,2.230437806671759e-09,2.356746969453538e-09,0.31540452824496756,0.3875412015461257,0.3299438609872869,0.3618161088525998,0.35580491659055363,0.35460019368617957,-0.05299647505801938,-0.02608124250304128,0.04040581427131466,-0.0018516626386045135,0.09465216064747023,0.25858104115843905
sample_1197,False,ok,multi_seed_output\seed_3_mh114\airfoils\sample_1197.dat,0.13180262410555343,0.2945891783567134,2.230437806671759e-09,2.356746969453538e-09,0.24425354799138915,0.31839922557072575,0.29055383314509053,0.39263565038092874,0.29359528748600444,0.35741030417029457,-0.14279311541502726,-0.04485050550127488,0.013176739763596429,-0.0284832628375868,0.0774087818138958,0.19723653393143187
sample_1198,False,ok,multi_seed_output\seed_3_mh114\airfoils\sample_1198.dat,0.13147179322681657,0.23046092184368736,2.230437806671759e-09,2.356746969453538e-09,0.32002742151347996,0.3039534327842046,0.3071988264221739,0.3757233968576065,0.4126070211333462,0.35932203733562257,-0.13486421899743065,-0.045707447021454024,0.033996968461715515,0.07170580399889154,0.08068469566058387,0.2552285195189763
sample_1199,False,ok,multi_seed_output\seed_3_mh114\airfoils\sample_1199.dat,0.11242648575729701,0.3166332665330661,2.230437806671759e-09,2.356746969453538e-09,0.19851863237802153,0.2615873572191137,0.29116288810345653,0.29542036648384246,0.32172654437940035,0.4438638495043563,-0.07567683418364826,-0.024019826272724087,-0.05216036012968674,0.04930083769686734,0.14799296883730823,0.2515908135433042
sample_1200,False,ok,multi_seed_output\seed_3_mh114\airfoils\sample_1200.dat,0.11541488298698191,0.35270541082164325,2.230437806671759e-09,2.356746969453538e-09,0.2880409373107171,0.263456230751196,0.37429569940270424,0.3607730620123569,0.3226892899340716,0.4473764225404123,-0.041619432339602386,0.008036548348642522,0.05334689656406168,0.0368649582370479,0.028075839442674406,0.2445442249716224
sample_1201,False,ok,multi_seed_output\seed_3_mh114\airfoils\sample_1201.dat,0.14933071032999035,0.2865731462925851,2.230437806671759e-09,2.356746969453538e-09,0.249318972836765,0.34819643725389426,0.38745018238022155,0.40459893519067697,0.39778732667263444,0.37275742887123137,-0.16083593507302155,-0.0835192392894591,0.053717697368323006,-0.003397328677422713,0.13821579203601186,0.20915933706692294
sample_1202,False,ok,multi_seed_output\seed_3_mh114\airfoils\sample_1202.dat,0.12964623932522829,0.3006012024048096,2.230437806671759e-09,2.356746969453538e-09,0.24854174202769844,0.2888738996614071,0.2869874004822332,0.2854443058995806,0.3919002056930922,0.4492962923203417,-0.07166467621866802,-0.08192251227712949,-0.056569435588510734,0.026427332392230184,0.047730855239418446,0.15725113957190384
sample_1203,False,ok,multi_seed_output\seed_3_mh114\airfoils\sample_1203.dat,0.1573018819343058,0.2725450901803607,2.230437806671759e-09,2.356746969453538e-09,0.32332458180187773,0.37600238963406707,0.3954052649753193,0.30316543290951675,0.3679333348219769,0.3875932171966826,-0.1561582156649437,-0.024157531736096333,-0.042952598846908316,-0.0017663030546184039,0.0966421159542036,0.15319239449572153
sample_1204,False,ok,multi_seed_output\seed_3_mh114\airfoils\sample_1204.dat,0.13994637324106102,0.3166332665330661,2.230437806671759e-09,2.356746969453538e-09,0.26205713102242056,0.36558020466426044,0.3778758035230948,0.2896815804463278,0.41656934839630594,0.39141128856522994,-0.09122638941066237,0.0045741888073990156,-0.027076069039754035,-0.004579433164624815,0.038431664211551725,0.23848007075475097
sample_1205,False,ok,multi_seed_output\seed_3_mh114\airfoils\sample_1205.dat,0.13973643392325313,0.2945891783567134,2.230437806671759e-09,2.356746969453538e-09,0.3139293417271912,0.29815074054943946,0.39005920654925597,0.3971305991809805,0.38572756845894157,0.4227909868462539,-0.14007373884869745,-0.044916568171382135,0.06568767049470223,-0.030746716545190855,0.12606305612036048,0.23677438312321886
sample_1206,False,ok,multi_seed_output\seed_3_mh114\airfoils\sample_1206.dat,0.12690198518750773,0.344689378757515,2.230437806671759e-09,2.356746969453538e-09,0.24043215512886945,0.30084783329057585,0.33217773124457783,0.3603543883386713,0.318501374311592,0.44722297134646805,-0.0739801678228784,0.001018218440987137,-0.031728899318919666,-0.014078036566027807,0.14151104132304257,0.27138439505198825
sample_1207,False,ok,multi_seed_output\seed_3_mh114\airfoils\sample_1207.dat,0.1303614691962602,0.280561122244489,2.230437806671759e-09,2.356746969453538e-09,0.27289094244241624,0.29734459917163003,0.3329797682022877,0.3867405025707107,0.3632488420631789,0.36790780826918595,-0.11903963073096828,-0.06556514256002996,0.05307563779484234,0.026591277772454874,0.06381208009800275,0.20506238556308037
sample_1208,False,ok,multi_seed_output\seed_3_mh114\airfoils\sample_1208.dat,0.10882507475443168,0.26452905811623245,2.230437806671759e-09,2.356746969453538e-09,0.24876647627066836,0.32805539125289007,0.29218007847391303,0.30275888595018935,0.38579421909309475,0.3736924344611953,-0.04647520563497612,-0.01514553480338085,0.06372726541514225,0.09035910722004699,0.04124185274322452,0.155110533131967
sample_1209,False,ok,multi_seed_output\seed_3_mh114\airfoils\sample_1209.dat,0.14659268763806788,0.3006012024048096,2.230437806671759e-09,2.356746969453538e-09,0.21804329268001177,0.3650129241621465,0.3824603649588384,0.3992107081138592,0.312492279595231,0.4487600727697465,-0.14013781834131236,-0.041075163446813646,-0.02898333452851144,0.0887315626172429,0.0524656662127645,0.2679136327778473
sample_1210,False,ok,multi_seed_output\seed_3_mh114\airfoils\sample_1210.dat,0.1512091801451025,0.23847695390781562,2.230437806671759e-09,2.356746969453538e-09,0.31826214341696324,0.3757006461684662,0.3603184835473703,0.3267523346736477,0.3352385743146267,0.3893323029006972,-0.15470339182890439,-0.07181708786959723,0.06141080077312701,-0.027953921685286997,0.09525162279977402,0.262319101802933
sample_1211,False,ok,multi_seed_output\seed_3_mh114\airfoils\sample_1211.dat,0.1281946618934108,0.344689378757515,2.230437806671759e-09,2.356746969453538e-09,0.20189598458240998,0.3265279305209789,0.3609045827480395,0.36654682980144376,0.3701376380271742,0.4101327820672577,-0.07517744791406956,-0.01854103653870165,0.012218297322296026,0.03218311478654956,0.06941432078980911,0.25352444642588423
sample_1212,False,ok,multi_seed_output\seed_3_mh114\airfoils\sample_1212.dat,0.1353969965408969,0.23847695390781562,2.230437806671759e-09,2.356746969453538e-09,0.3037927004785411,0.3718562243926338,0.289168894823235,0.28526976052511505,0.34644338024933,0.43740185223943107,-0.11842478837942765,-0.007005246565530879,-0.042431428258111206,0.05689839028658611,0.1322139521052595,0.2435765161855438
sample_1213,False,ok,multi_seed_output\seed_3_mh114\airfoils\sample_1213.dat,0.14048381349420058,0.30260521042084165,2.230437806671759e-09,2.356746969453538e-09,0.24343093160374732,0.3459193686446604,0.4055977961873596,0.3465929864640689,0.36900034399210185,0.4404319617207865,-0.1352676594901725,-0.018295737551695487,0.017227177154414297,0.0086393156756659,0.14165945972782376,0.2186343894467535
sample_1214,False,ok,multi_seed_output\seed_3_mh114\airfoils\sample_1214.dat,0.14118822271534243,0.2785571142284569,2.230437806671759e-09,2.356746969453538e-09,0.29101381942679716,0.36383462844512426,0.3829220111039003,0.31658335945620525,0.40518975769326904,0.4610665883301802,-0.15855535111770938,0.011454402828948745,0.02014731042770386,-0.009015978770676825,0.07518163727526167,0.16468693447728208
sample_1215,False,ok,multi_seed_output\seed_3_mh114\airfoils\sample_1215.dat,0.12618112622918473,0.2605210420841683,2.230437806671759e-09,2.356746969453538e-09,0.3006132196758968,0.2799287183481767,0.39896978096810753,0.3426682649245906,0.30736698895454045,0.4281072961943838,-0.1250575331030207,-0.017183826348719303,0.05759431461893917,0.06442993598100087,0.09195700628527859,0.25784211693532477
sample_1216,False,ok,multi_seed_output\seed_3_mh114\airfoils\sample_1216.dat,0.12837217692763242,0.3166332665330661,2.230437806671759e-09,2.356746969453538e-09,0.2540291715927872,0.3860660356362961,0.3510872101489822,0.4055593486214739,0.347359539704259,0.37592723831236186,-0.04335219553875126,0.012537440913152148,0.04034799725570179,0.050184010752449354,0.11693235056687787,0.20300766981234672
sample_1217,False,ok,multi_seed_output\seed_3_mh114\airfoils\sample_1217.dat,0.1132332335079275,0.3006012024048096,2.230437806671759e-09,2.356746969453538e-09,0.2672894593370135,0.27889471382059067,0.2909695172358047,0.2953195356558072,0.32193068794256036,0.41683651715710374,-0.09689415620402238,0.007471261191545439,0.011741321507329955,-0.030105599444984726,0.0901841878240373,0.1877591682091921
sample_1218,False,ok,multi_seed_output\seed_3_mh114\airfoils\sample_1218.dat,0.12907828656371817,0.3386773547094188,2.230437806671759e-09,2.356746969453538e-09,0.3049795996613871,0.2689338024139248,0.34339478919410377,0.3470701970393852,0.36851073932575285,0.4160825922101881,-0.06634318762017423,-0.0049727831714126425,-0.04681248602813055,0.0003647473686037919,0.13462181487190883,0.15256221171464343
sample_1219,False,ok,multi_seed_output\seed_3_mh114\airfoils\sample_1219.dat,0.13979444144447792,0.2945891783567134,2.230437806671759e-09,2.356746969453538e-09,0.23335206566134592,0.38429904139696247,0.29709943016112417,0.36417710368820805,0.38949493928319084,0.39150856154038055,-0.13870727088891371,-0.009342638850794574,-0.04530828425851974,0.012333603135754836,0.1270866534104175,0.1487916425934452
sample_1220,False,ok,multi_seed_output\seed_3_mh114\airfoils\sample_1220.dat,0.12528122394584154,0.30861723446893785,2.230437806671759e-09,2.356746969453538e-09,0.2530814658497492,0.2830068662695957,0.3320429403990717,0.2936389586879611,0.36581522818186163,0.4463432377039905,-0.0914029316333785,-0.05275368225643121,0.012606580739714102,-0.00442524046828149,0.03690516513961993,0.22078310259429645
sample_1221,False,ok,multi_seed_output\seed_3_mh114\airfoils\sample_1221.dat,0.12026291371179837,0.23847695390781562,2.230437806671759e-09,2.356746969453538e-09,0.31427420515109306,0.3528383018786385,0.32394483101088994,0.2862137441805907,0.2988819740116023,0.40690056291301435,-0.08916028179227341,0.034676398982199985,0.04881975769607183,0.018359980985407677,0.1214674722451739,0.23073000039418434
sample_1222,False,ok,multi_seed_output\seed_3_mh114\airfoils\sample_1222.dat,0.12927528462325216,0.30260521042084165,2.230437806671759e-09,2.356746969453538e-09,0.2854320775000864,0.3144543782163436,0.35346091893316495,0.3825532624911333,0.39223511145538736,0.3455917274677846,-0.10207915500534892,-0.004879565771522737,0.016427862613737396,0.04662875378779496,0.10593748762824923,0.16968170168705837
sample_1223,False,ok,multi_seed_output\seed_3_mh114\airfoils\sample_1223.dat,0.14433767272613016,0.3687374749498998,2.230437806671759e-09,2.356746969453538e-09,0.2676152139547221,0.36620555448918474,0.4083232313715952,0.38795126771248634,0.4169246961301313,0.3976017184129043,-0.0656887085108259,0.0248519841367279,-0.0024562147361235145,-0.01126350683213383,0.044216773018275424,0.2227584588636644
sample_1224,False,ok,multi_seed_output\seed_3_mh114\airfoils\sample_1224.dat,0.12843231509192057,0.2865731462925851,2.230437806671759e-09,2.356746969453538e-09,0.26427323322883006,0.38057161943017725,0.36992361992932865,0.29506109581438905,0.35818631244613525,0.44686559960510425,-0.06685655964962085,-0.0070868840055216265,0.0712230388018553,0.013223314577987012,0.03431312739136164,0.15364219704168036
sample_1225,False,ok,multi_seed_output\seed_3_mh114\airfoils\sample_1225.dat,0.13995534180008715,0.3386773547094188,2.230437806671759e-09,2.356746969453538e-09,0.24077019298443847,0.26563845636187344,0.3872752472854187,0.3830755579758396,0.34155828803614396,0.3483761653887698,-0.11034970187471255,-0.057265159688571654,-0.03986519954398514,0.02302424174970852,0.08689930328154,0.19134565037265444
sample_1226,False,ok,multi_seed_output\seed_3_mh114\airfoils\sample_1226.dat,0.12797404900288528,0.2444889779559118,2.230437806671759e-09,2.356746969453538e-09,0.29361902834770626,0.3076904798454281,0.33071033879754463,0.3100214697585232,0.3257439478784552,0.351944885424377,-0.15563773193334574,-0.004194290635733108,0.03307788905432628,-0.03173669290075447,0.14611711506299058,0.21517397452268236
sample_1227,False,ok,multi_seed_output\seed_3_mh114\airfoils\sample_1227.dat,0.12503089877996873,0.3386773547094188,2.230437806671759e-09,2.356746969453538e-09,0.20773707872922081,0.3299180200488126,0.2997642266408238,0.3884523048065529,0.41168851370252474,0.3388829210252522,-0.1205117951441535,-0.0005533509123697572,-0.005085571944973749,0.0502902121156822,0.022396675849840633,0.16117972392207883
sample_1228,False,ok,multi_seed_output\seed_3_mh114\airfoils\sample_1228.dat,0.12301120362783009,0.3166332665330661,2.230437806671759e-09,2.356746969453538e-09,0.30391569707529686,0.280383106078468,0.3456219005840507,0.32119321362939846,0.417892267642547,0.4460245510516756,-0.09041341852879994,-0.01154996726814965,0.03848529511561184,-0.0031411595559463767,0.036787593549079865,0.16068902857288486
sample_1229,False,ok,multi_seed_output\seed_3_mh114\airfoils\sample_1229.dat,0.1388328419821253,0.2444889779559118,2.230437806671759e-09,2.356746969453538e-09,0.2718852054419353,0.36005028806705813,0.28835113584120403,0.3472213919079465,0.33732109199270965,0.3948898911691504,-0.13582918080483541,-0.0717249850363206,0.022815844676239316,0.02103218887127664,0.07494828205491744,0.2547924915707719
sample_1230,False,ok,multi_seed_output\seed_3_mh114\airfoils\sample_1230.dat,0.13217764378548258,0.3306613226452906,2.230437806671759e-09,2.356746969453538e-09,0.27490024780705974,0.33479646968213095,0.34972477819018516,0.38141248286661666,0.3451429633858186,0.43195093417773556,-0.05160255435681459,-0.018793969399340305,0.01359995626176834,0.004559541414743164,0.09239647528030674,0.21544947493747535
sample_1231,False,ok,multi_seed_output\seed_3_mh114\airfoils\sample_1231.dat,0.13894581593422764,0.2945891783567134,2.230437806671759e-09,2.356746969453538e-09,0.2524171555248779,0.3664609999638347,0.36260609208848643,0.30029672080993497,0.3318968183365885,0.438370878656246,-0.044335448578929806,-0.05300051803560545,-0.03934609169481157,0.06926205787180773,0.11473529279489335,0.21646471264623712
sample_1232,False,ok,multi_seed_output\seed_3_mh114\airfoils\sample_1232.dat,0.13822337188994072,0.280561122244489,2.230437806671759e-09,2.356746969453538e-09,0.3195770282207278,0.3052081024373611,0.4032292970969552,0.3691221536198829,0.35897479524155557,0.34386566732185,-0.12466173985574466,-0.022278248365869432,0.024495606837855746,0.05259582406603583,0.0666092922823922,0.15916881658049528
sample_1233,False,ok,multi_seed_output\seed_3_mh114\airfoils\sample_1233.dat,0.15368158680206054,0.31462925851703405,2.230437806671759e-09,2.356746969453538e-09,0.2266134957923127,0.3267780392093077,0.4077331570831184,0.3501592321404555,0.41524468998254926,0.4610121639633993,-0.1315817169212928,-0.0842253328126433,-0.05751978271886362,0.06531661939005569,0.05353674162410669,0.18630980595085833
sample_1234,False,ok,multi_seed_output\seed_3_mh114\airfoils\sample_1234.dat,0.10827879706159782,0.38476953907815625,2.230437806671759e-09,2.356746969453538e-09,0.23559466961733197,0.27281049740259,0.3246234685903797,0.326177436359554,0.40791618604650015,0.4513818591766873,-0.050073380279561416,0.014982897103440487,0.04676461328782097,0.030486295614627013,0.030474493672380396,0.1555989617221098
sample_1235,False,ok,multi_seed_output\seed_3_mh114\airfoils\sample_1235.dat,0.12636038182943662,0.2945891783567134,2.230437806671759e-09,2.356746969453538e-09,0.1978865535024783,0.2776734812764855,0.3571143922173344,0.29795308941845855,0.4036857259251936,0.40611280495585456,-0.13117727028735968,-0.0704168886315363,0.009398105020908987,0.05378139835060816,0.09434749676057366,0.22247531131063478
sample_1236,False,ok,multi_seed_output\seed_3_mh114\airfoils\sample_1236.dat,0.1243171337968742,0.25851703406813625,2.230437806671759e-09,2.356746969453538e-09,0.31085935527955383,0.37451679924212905,0.33176841047719025,0.3065641309634562,0.31046627469818383,0.4493808490223301,-0.042062356435562304,0.011687049361850513,0.026932310980421356,0.07077229818729715,0.12364920551870054,0.14697047120181536
sample_1237,False,ok,multi_seed_output\seed_3_mh114\airfoils\sample_1237.dat,0.11868603721921003,0.374749498997996,2.230437806671759e-09,2.356746969453538e-09,0.2622542143309141,0.2817272292855,0.4020971505260021,0.39674184673562496,0.38126315027567953,0.41596542433908895,-0.06881452850777617,0.03899129531860064,0.07159819512923953,0.00858714439195029,0.145323629144524,0.27011941594892874
sample_1238,False,ok,multi_seed_output\seed_3_mh114\airfoils\sample_1238.dat,0.1143338226340799,0.30861723446893785,2.230437806671759e-09,2.356746969453538e-09,0.20044659779186952,0.3334728561116359,0.30690984963928925,0.39093141324552216,0.3118731541514238,0.45862192366143134,-0.06492063457484482,-0.02216890214988035,0.05889112776130445,0.07715248475639849,0.07733193975873645,0.15519975998360216
sample_1239,False,ok,multi_seed_output\seed_3_mh114\airfoils\sample_1239.dat,0.12529869858670123,0.3366733466933867,2.230437806671759e-09,2.356746969453538e-09,0.21894327889225934,0.332168940530531,0.39912035581987765,0.40141511084661674,0.3187206020081398,0.34564755435703926,-0.07390891958084585,0.025029067354852608,0.021757377793099858,0.08617872729049658,0.0906278799710445,0.26202585443600246
sample_1240,False,ok,multi_seed_output\seed_3_mh114\airfoils\sample_1240.dat,0.13124406942241015,0.3006012024048096,2.230437806671759e-09,2.356746969453538e-09,0.24382287774136044,0.36578820114302674,0.3054067994380969,0.4012885189962965,0.4114858957046141,0.3814505638414067,-0.09333174428354571,-0.032911624676631224,0.02897051225159944,0.05243399295209679,0.055730718308467535,0.18049305692844914
sample_1241,False,ok,multi_seed_output\seed_3_mh114\airfoils\sample_1241.dat,0.14498276123074103,0.30861723446893785,2.230437806671759e-09,2.356746969453538e-09,0.2961289751463425,0.38204111872811086,0.3042339881644433,0.39486034909568296,0.3468401319020956,0.44115409587977705,-0.042124209794326184,-0.04427555062850563,-0.050149934277170904,0.0011301026358280022,0.14751964575834353,0.22559512764438383
sample_1242,False,ok,multi_seed_output\seed_3_mh114\airfoils\sample_1242.dat,0.13528553749729993,0.3166332665330661,2.230437806671759e-09,2.356746969453538e-09,0.25139501933323954,0.32353406943794266,0.361318664845885,0.32017379922902156,0.35981591208097413,0.4510842299112041,-0.10309233515375643,-0.02978327419503029,-0.009414910568603205,0.007114856430072133,0.03588479803891677,0.17983375060744186
sample_1243,False,ok,multi_seed_output\seed_3_mh114\airfoils\sample_1243.dat,0.1305016314758406,0.2945891783567134,2.230437806671759e-09,2.356746969453538e-09,0.29705305267487725,0.28689161982953354,0.3230781611289511,0.41375399380996625,0.39566479784344444,0.4359581698352104,-0.15970461282791348,-0.0010797135366365507,-0.010262669233649005,0.06136817157054367,0.04767665036035258,0.241900157852882
sample_1244,False,ok,multi_seed_output\seed_3_mh114\airfoils\sample_1244.dat,0.10772011473322295,0.3306613226452906,2.230437806671759e-09,2.356746969453538e-09,0.20246262299375964,0.2831125170428547,0.32011714594478785,0.35790912385390056,0.36532689333227286,0.4194804096888726,-0.07018873029424505,-0.010771768229790618,0.06786808152111139,0.029624854842050255,0.13369859662443956,0.27478263597615854
sample_1245,False,ok,multi_seed_output\seed_3_mh114\airfoils\sample_1245.dat,0.11835840834118341,0.374749498997996,2.230437806671759e-09,2.356746969453538e-09,0.21471021819827021,0.2818847704711698,0.3888021137561603,0.3669456387831399,0.4026492419622938,0.44103226944205265,-0.09138036259247416,0.0325799012950887,0.0280519224580401,0.06174469855593179,0.07855175902737477,0.17386778820706741
sample_1246,False,ok,multi_seed_output\seed_3_mh114\airfoils\sample_1246.dat,0.14438999629176197,0.30260521042084165,2.230437806671759e-09,2.356746969453538e-09,0.2062941700497395,0.3882679620674552,0.4056717451623604,0.36070746813516363,0.3753521677575379,0.3967155928616113,-0.08662332017377339,-0.07544661954254675,0.05498010232173074,0.02375249070331263,0.12830026121351334,0.18041163899582624
sample_1247,False,ok,multi_seed_output\seed_3_mh114\airfoils\sample_1247.dat,0.12911967258106952,0.2865731462925851,2.230437806671759e-09,2.356746969453538e-09,0.23629028427217735,0.33354603623897755,0.3618983808033114,0.33772428293592405,0.37107313894824684,0.3572927129622023,-0.15507817091983744,0.019211006365144015,-0.00771651225259299,0.07127152395852157,0.09421454289802572,0.21392813790178858
sample_1248,False,ok,multi_seed_output\seed_3_mh114\airfoils\sample_1248.dat,0.12082188916175668,0.2945891783567134,2.230437806671759e-09,2.356746969453538e-09,0.27017002934798406,0.2719774848764259,0.3516676899047182,0.30765238839258563,0.3750919746519493,0.43610385912635163,-0.05435979755013785,-0.06584611678278152,0.049899724065589804,0.036283505953748116,0.0445516257387109,0.23275447865075827
sample_1249,False,ok,multi_seed_output\seed_3_mh114\airfoils\sample_1249.dat,0.14041265225244345,0.25250501002004005,2.230437806671759e-09,2.356746969453538e-09,0.26949184389936093,0.38795166965697725,0.3032106240767224,0.28951715417026536,0.3025323294315319,0.369391228674256,-0.15005602698032133,-0.005866740947064325,-0.05578413874628627,0.03905822806585525,0.146751346313363,0.1832162958709192
sample_1250,False,ok,multi_seed_output\seed_3_mh114\airfoils\sample_1250.dat,0.13743058238095912,0.3246492985971944,2.230437806671759e-09,2.356746969453538e-09,0.27693545583399726,0.34043389115924383,0.34298911306028607,0.4043035296021922,0.42211881369126536,0.44491046252886324,-0.08850893733489255,-0.018106931612099766,-0.011473103151828062,0.05159993712278414,0.06082633346462444,0.1478985092452578
sample_1251,False,ok,multi_seed_output\seed_3_mh114\airfoils\sample_1251.dat,0.1286799401821794,0.30861723446893785,2.230437806671759e-09,2.356746969453538e-09,0.29791976190822994,0.276191810768612,0.308548501669717,0.39592634131492876,0.34608511160463495,0.4038456514536537,-0.034822606328740596,-0.08224707695604246,-0.010766918655208318,0.057378148429235026,0.10581939227904444,0.23634638986608597
sample_1252,False,ok,multi_seed_output\seed_3_mh114\airfoils\sample_1252.dat,0.13223963168877143,0.31462925851703405,2.230437806671759e-09,2.356746969453538e-09,0.25107927720815854,0.30897925015189814,0.3601036043742051,0.34591213933607445,0.32442825739135117,0.3759656125306168,-0.12085824720416768,-0.00020785987029064978,-0.03819025494100149,0.03844497353599044,0.08020043489431583,0.2766147295350216
sample_1253,False,ok,multi_seed_output\seed_3_mh114\airfoils\sample_1253.dat,0.11677734777219535,0.3006012024048096,2.230437806671759e-09,2.356746969453538e-09,0.2907725395808599,0.28593273235336714,0.3411393151207265,0.3398825153340678,0.3358439520643465,0.3895962448552511,-0.05931221998240101,0.004461166886028989,0.01707509208766489,0.05133115658807576,0.1361793334094538,0.18298536208978655
sample_1254,False,ok,multi_seed_output\seed_3_mh114\airfoils\sample_1254.dat,0.12769041367923087,0.30260521042084165,2.230437806671759e-09,2.356746969453538e-09,0.2830545587083069,0.3169292364289274,0.39087407053621237,0.38284024059241606,0.38543921983150536,0.3873225842513233,-0.10257753742210925,0.016417899761904872,0.02518670324553364,0.09053254508622434,0.10634454445600554,0.17004343917976134
sample_1255,False,ok,multi_seed_output\seed_3_mh114\airfoils\sample_1255.dat,0.1315296057549921,0.31462925851703405,2.230437806671759e-09,2.356746969453538e-09,0.22725940650478893,0.36884912678925186,0.3454211638287038,0.34357622629344775,0.37606972401161315,0.42929161517028713,-0.12326992179793733,-0.004499800795946335,0.05238098719808598,-0.024381189145864447,0.029229757056774847,0.21183625680512458
sample_1256,False,ok,multi_seed_output\seed_3_mh114\airfoils\sample_1256.dat,0.1418126280675567,0.3226452905811623,2.230437806671759e-09,2.356746969453538e-09,0.30043785459368155,0.3013361242234038,0.38817413366958325,0.33332096233092445,0.3715642816759527,0.39695788646567504,-0.11182729076172494,-0.014288155228059443,-0.04306041660232858,0.00017711486578061292,0.0631908756596854,0.26723581104176813
sample_1257,False,ok,multi_seed_output\seed_3_mh114\airfoils\sample_1257.dat,0.14312099226833705,0.3667334669338677,2.230437806671759e-09,2.356746969453538e-09,0.1988748114798017,0.38759989825609853,0.37768522734460247,0.407382043314459,0.3744190503901846,0.37675850340882955,-0.09092310772017234,0.028067740733475788,-0.031041268895327084,0.015162382266870549,0.042191141200977084,0.1560535558958026
sample_1258,False,ok,multi_seed_output\seed_3_mh114\airfoils\sample_1258.dat,0.13849556826251666,0.3006012024048096,2.230437806671759e-09,2.356746969453538e-09,0.30468233220437524,0.3283022347679068,0.33560196401429504,0.34496957517649596,0.4219453128259619,0.3884747597698989,-0.12270329030210722,-0.0004063355629220916,-0.044374586508426045,0.005000818187761054,0.13386294770946983,0.15230982089913117
sample_1259,False,ok,multi_seed_output\seed_3_mh114\airfoils\sample_1259.dat,0.10734159170082853,0.25851703406813625,2.230437806671759e-09,2.356746969453538e-09,0.29814819657784064,0.28351474644958946,0.2987961538502748,0.336350550042922,0.3168663754842217,0.4412666860939031,-0.07385997340797637,0.02521344607270669,0.0386334492787279,0.07521327286649271,0.04382606956872994,0.2531654937008574
sample_1260,False,ok,multi_seed_output\seed_3_mh114\airfoils\sample_1260.dat,0.14421176001307198,0.25250501002004005,2.230437806671759e-09,2.356746969453538e-09,0.24885630640453443,0.389313742870804,0.3488567548886143,0.3361644342779468,0.3946620507523,0.4425214102728975,-0.13723845544610133,-0.07371706201566292,0.041784848531433424,0.061583015271267874,0.08768105775212222,0.25609652003214545
sample_1261,False,ok,multi_seed_output\seed_3_mh114\airfoils\sample_1261.dat,0.12858634265331062,0.35270541082164325,2.230437806671759e-09,2.356746969453538e-09,0.20545289468358727,0.31619142308471243,0.36428878104745405,0.3714870130987483,0.39834530826760994,0.42677809431028746,-0.06424838126791374,0.005526187194459228,-0.04315799820592943,0.08441995088633616,0.07196452719698473,0.22900104395784748
sample_1262,False,ok,multi_seed_output\seed_3_mh114\airfoils\sample_1262.dat,0.12737995815925937,0.3226452905811623,2.230437806671759e-09,2.356746969453538e-09,0.21121430192200877,0.3804173218249018,0.3396393281044513,0.30347400908414385,0.36848301199045363,0.37905220762506575,-0.09396763730224829,0.039739836851173535,-0.013638060478034932,0.006374531750742582,0.06526864809130076,0.18832047894079415
sample_1263,False,ok,multi_seed_output\seed_3_mh114\airfoils\sample_1263.dat,0.11103747661927729,0.3687374749498998,2.230437806671759e-09,2.356746969453538e-09,0.21324523958149985,0.2891048284460762,0.3153389454265543,0.2928662627010165,0.3952408841908002,0.4582918056546083,-0.04086522656903313,0.027730555769033452,-0.006208596447661863,-0.0062154882544854205,0.11063403089121393,0.2618702652944139
sample_1264,False,ok,multi_seed_output\seed_3_mh114\airfoils\sample_1264.dat,0.13194960318385696,0.2865731462925851,2.230437806671759e-09,2.356746969453538e-09,0.22789554409613266,0.276083395574365,0.40905350329622875,0.3865368410477138,0.3481976349113207,0.418658871303431,-0.1529864207010471,-0.07214287184475975,0.0693065466145504,0.06294614798306156,0.12020250248671797,0.2721964121300189
sample_1265,False,ok,multi_seed_output\seed_3_mh114\airfoils\sample_1265.dat,0.1397050434065891,0.3306613226452906,2.230437806671759e-09,2.356746969453538e-09,0.21794715748451807,0.3744228411999877,0.3134799534429099,0.39611141238628117,0.4072814632761553,0.3860205299049517,-0.11635365972444903,-0.0213151856788278,-0.02158609964160041,0.017806066706454536,0.032030583261325137,0.23687334053918618
sample_1266,False,ok,multi_seed_output\seed_3_mh114\airfoils\sample_1266.dat,0.1608349472807571,0.2665330661322645,2.230437806671759e-09,2.356746969453538e-09,0.29539675240233737,0.3908778534984877,0.3519260802175153,0.35729088911205015,0.4090497975987463,0.4640536626659467,-0.1568255918502811,-0.08128211675812098,-0.029381994474978034,0.03252781300120515,0.06353325745131783,0.25549769991070387
sample_1267,False,ok,multi_seed_output\seed_3_mh114\airfoils\sample_1267.dat,0.13283158148305158,0.2665330661322645,2.230437806671759e-09,2.356746969453538e-09,0.2317949495625353,0.361627813863576,0.2951766042153335,0.3953244555441196,0.41373327338188054,0.4573257034207157,-0.14574187794859933,-0.05231555292938287,0.06448867924229088,-0.007789045873348787,0.1509318637845743,0.15700513733637583
sample_1268,False,ok,multi_seed_output\seed_3_mh114\airfoils\sample_1268.dat,0.15367206742359438,0.25851703406813625,2.230437806671759e-09,2.356746969453538e-09,0.30425769140143366,0.36445616198079134,0.38461203889907336,0.35588175580118564,0.3260806883811971,0.3399221797992444,-0.1509940181780353,-0.057745163438776656,-0.022136649352178836,0.08777790631705361,0.07651554118212767,0.1604136285728876
sample_1269,False,ok,multi_seed_output\seed_3_mh114\airfoils\sample_1269.dat,0.1403915643846466,0.2945891783567134,2.230437806671759e-09,2.356746969453538e-09,0.2735587826033178,0.3721603499004209,0.2962679543612676,0.3258395002258018,0.4014919036269878,0.46057112812363654,-0.07203447682457449,-0.06348786420922418,-0.005403124899861084,-0.03274421801173323,0.05337217034568223,0.15622820776063218
sample_1270,False,ok,multi_seed_output\seed_3_mh114\airfoils\sample_1270.dat,0.12112793024896334,0.2885771543086172,2.230437806671759e-09,2.356746969453538e-09,0.2279984666211697,0.2755271904424063,0.37490457979437464,0.3773729347261246,0.35780533395750597,0.4668233189097106,-0.13819222394744954,-0.031196850481642148,0.06192531706716804,0.07313577117639869,0.13766249191380275,0.1812281427382334
sample_1271,False,ok,multi_seed_output\seed_3_mh114\airfoils\sample_1271.dat,0.12679024060519248,0.26452905811623245,2.230437806671759e-09,2.356746969453538e-09,0.2992842154497215,0.31946464083077797,0.33855352208490574,0.32995982506838956,0.31285724964127987,0.42544372612859616,-0.08955223506056642,-0.026983273539815486,0.037926782853231894,0.04379933962139089,0.040507297194477196,0.26963946913476655
sample_1272,False,ok,multi_seed_output\seed_3_mh114\airfoils\sample_1272.dat,0.12277282230071387,0.21843687374749496,2.230437806671759e-09,2.356746969453538e-09,0.29128809193198657,0.32193987246046196,0.32294744523814894,0.2864434441539415,0.35594622818639887,0.36423771676686956,-0.13447930940016237,-0.008859140284138853,0.06620401541647963,0.030121515373693758,0.10379715109913482,0.17845684181774604
sample_1273,False,ok,multi_seed_output\seed_3_mh114\airfoils\sample_1273.dat,0.13052543995231397,0.2725450901803607,2.230437806671759e-09,2.356746969453538e-09,0.28840178280717227,0.3579257492733053,0.38480971490736754,0.3974600505376951,0.2979388721245386,0.4406849295196869,-0.12868311672120436,0.026970491900737942,0.055824712185325615,0.09280426862459265,0.03358554462539215,0.16791634542134543
sample_1274,False,ok,multi_seed_output\seed_3_mh114\airfoils\sample_1274.dat,0.1406356758051916,0.2665330661322645,2.230437806671759e-09,2.356746969453538e-09,0.2000006044656124,0.3880185508618542,0.32184639261796927,0.3537916272407182,0.3402511388864683,0.38088312785013034,-0.1594175960373312,-0.0776417325563804,0.059625449477774164,-0.0187778967433958,0.1317515024181869,0.23835262402489005
sample_1275,False,ok,multi_seed_output\seed_3_mh114\airfoils\sample_1275.dat,0.13768619751296218,0.26452905811623245,2.230437806671759e-09,2.356746969453538e-09,0.3218025343796112,0.2909855982609769,0.3414452844804374,0.35551496207918026,0.3081050414458926,0.42539615544150033,-0.13254687764984638,-0.05713409444129855,0.01760104013366906,-0.022247252061217138,0.12445918177939332,0.25318783819227786
sample_1276,False,ok,multi_seed_output\seed_3_mh114\airfoils\sample_1276.dat,0.1453789147289009,0.280561122244489,2.230437806671759e-09,2.356746969453538e-09,0.31674590243210105,0.2949899803143949,0.3717711748386828,0.30428153715116724,0.3068486144080135,0.427202254246566,-0.13536340450975515,-0.05883684143846677,-0.03851813234953053,0.0009714417558375626,0.032114171627334556,0.2330043578986184
sample_1277,False,ok,multi_seed_output\seed_3_mh114\airfoils\sample_1277.dat,0.12035027499653969,0.3226452905811623,2.230437806671759e-09,2.356746969453538e-09,0.19513162814976545,0.3082035599338143,0.3410386420784808,0.34715585617098726,0.31659762582842077,0.39310860872202114,-0.1197682738150533,0.028413981583476577,-0.03982564948676069,0.07036374382166884,0.13691765774065454,0.2711195068413252
sample_1278,False,ok,multi_seed_output\seed_3_mh114\airfoils\sample_1278.dat,0.1263053086006871,0.344689378757515,2.230437806671759e-09,2.356746969453538e-09,0.26805631379297074,0.27288008707389894,0.34382414828273905,0.3550808354346485,0.37857784255270827,0.46077749779473426,-0.037121892123575376,-0.05501027303305173,0.002703511701923407,0.036654061898307166,0.033532565972563884,0.21505145275541682
sample_1279,False,ok,multi_seed_output\seed_3_mh114\airfoils\sample_1279.dat,0.11304134273744314,0.344689378757515,2.230437806671759e-09,2.356746969453538e-09,0.20204287151888775,0.3191696281517953,0.3288633791665842,0.3720265628679121,0.3145630837879876,0.3935489967160951,-0.08198953645888997,0.03542789249994498,0.035159023339012246,0.021713276779605543,0.12399589342454861,0.250202587961455
sample_1280,False,ok,multi_seed_output\seed_3_mh114\airfoils\sample_1280.dat,0.1267789476534907,0.25851703406813625,2.230437806671759e-09,2.356746969453538e-09,0.3008565856904205,0.26828977842191304,0.327627326356983,0.3179460821311695,0.35870371581378113,0.4057034245165699,-0.12814384776511228,-0.03921250682306221,0.005650058684168416,0.032863065531208005,0.05654797900652837,0.24943429760125002
sample_1281,False,ok,multi_seed_output\seed_3_mh114\airfoils\sample_1281.dat,0.14463640950843853,0.3306613226452906,2.230437806671759e-09,2.356746969453538e-09,0.1998570349520251,0.33630601409783956,0.40948335302933403,0.34478632087944366,0.30386203627074704,0.37466275282316325,-0.10489221052063055,-0.042346912146404916,-0.02037524254157462,-0.016449418643751566,0.07802346295010054,0.1964147812725752
sample_1282,False,ok,multi_seed_output\seed_3_mh114\airfoils\sample_1282.dat,0.14560962193640606,0.3366733466933867,2.230437806671759e-09,2.356746969453538e-09,0.21224162547951161,0.37618570888032976,0.410863978778263,0.3554076532868995,0.42083859371042975,0.4365306933449211,-0.1605794658257592,0.033287053464120225,-0.02227990057296498,-0.018960799989986534,0.14380143315382898,0.26507413411054426
sample_1283,False,ok,multi_seed_output\seed_3_mh114\airfoils\sample_1283.dat,0.13655490166761386,0.30861723446893785,2.230437806671759e-09,2.356746969453538e-09,0.28606738316942093,0.3218237718041577,0.379101986687124,0.3478776105485751,0.29407454481863166,0.4394697860266404,-0.12808955903653726,0.03325339553789315,-0.05231682228719648,0.01152169753117964,0.1422140155458456,0.24712582421591667
sample_1284,False,ok,multi_seed_output\seed_3_mh114\airfoils\sample_1284.dat,0.12463742708159742,0.2745490981963928,2.230437806671759e-09,2.356746969453538e-09,0.24093856564037808,0.364664395403048,0.3518247231914371,0.3701463851593091,0.2965291840935859,0.4139670709368283,-0.13958979464222307,0.039022692022840824,0.036455548425521817,0.07857223361625039,0.06828511579166557,0.14787136456231392
sample_1285,False,ok,multi_seed_output\seed_3_mh114\airfoils\sample_1285.dat,0.13541146364304502,0.30861723446893785,2.230437806671759e-09,2.356746969453538e-09,0.2200921359789811,0.3450013913104424,0.378086014514339,0.30944074381839937,0.35602554322076035,0.4179223573135091,-0.1531165558515973,0.007436709846234152,-0.016400033250100594,0.026837905374097755,0.033177346982742856,0.21375195578415945
sample_1286,False,ok,multi_seed_output\seed_3_mh114\airfoils\sample_1286.dat,0.13942051505637645,0.2745490981963928,2.230437806671759e-09,2.356746969453538e-09,0.2950326780788295,0.37299004859687246,0.3623476352227062,0.3061216329277925,0.37416377951000945,0.35511974169210153,-0.05263848056198883,-0.038720323774422555,-0.02529260477966469,0.09409466175694287,0.10923075193184237,0.16256195574496365
sample_1287,False,ok,multi_seed_output\seed_3_mh114\airfoils\sample_1287.dat,0.11281730133295206,0.2865731462925851,2.230437806671759e-09,2.356746969453538e-09,0.290329344289235,0.306724438757282,0.3035290430525146,0.33252318855542595,0.32581755315155214,0.34358342908344325,-0.06261150003686748,0.031575548229597114,0.00666339627527715,0.04684815549399149,0.1187719681169097,0.18348305759378408
sample_1288,False,ok,multi_seed_output\seed_3_mh114\airfoils\sample_1288.dat,0.1465869163512676,0.3386773547094188,2.230437806671759e-09,2.356746969453538e-09,0.3048046522330505,0.3261775556118702,0.3872232759595628,0.39517472321883496,0.2943944984884774,0.3629308302697199,-0.054931064774512095,-0.021728313794359966,-0.05483298903382563,0.01736646374346025,0.03708780173958312,0.21419062158400393
sample_1289,False,ok,multi_seed_output\seed_3_mh114\airfoils\sample_1289.dat,0.11967331194062322,0.23046092184368736,2.230437806671759e-09,2.356746969453538e-09,0.2669425175906316,0.31629739468316415,0.29329035258674657,0.34213556293000363,0.30334281720751805,0.3503385641984649,-0.15160277525233354,-0.001569127700425027,0.06503286746274224,-0.009408610752500327,0.1400763072377197,0.2740690358547558
sample_1290,False,ok,multi_seed_output\seed_3_mh114\airfoils\sample_1290.dat,0.12490523455964737,0.30861723446893785,2.230437806671759e-09,2.356746969453538e-09,0.2688188045289605,0.3251517714174556,0.300928683202328,0.37126143648583687,0.3621044047235673,0.3763964954677693,-0.09299430176666217,0.022309417643989166,-0.04837048878139542,0.06861369472787837,0.10053641617145136,0.16588668896349548
sample_1291,False,ok,multi_seed_output\seed_3_mh114\airfoils\sample_1291.dat,0.12850273595679385,0.30260521042084165,2.230437806671759e-09,2.356746969453538e-09,0.2155214782838226,0.3657088250587148,0.3128571757844453,0.3857586726318364,0.38893249295524046,0.4235489421572099,-0.16029909744755183,0.020829535464536877,0.02737334335790939,-0.0074012647859023895,0.1321180039746982,0.2749343006190881
sample_1292,False,ok,multi_seed_output\seed_3_mh114\airfoils\sample_1292.dat,0.12586795361166778,0.30861723446893785,2.230437806671759e-09,2.356746969453538e-09,0.2673656094367692,0.27729151615882,0.3818688345578682,0.3943779480902593,0.31434565542432313,0.42498090602687255,-0.09029265509043675,-0.037891315222627994,0.04260575255147678,0.08281348824669614,0.035423217524485164,0.15239311337008102
sample_1293,False,ok,multi_seed_output\seed_3_mh114\airfoils\sample_1293.dat,0.1332145165061581,0.3246492985971944,2.230437806671759e-09,2.356746969453538e-09,0.2697679274072904,0.29987839210989614,0.3913475782214669,0.3259966244882306,0.365445071552423,0.4597322208435354,-0.10881626922692572,0.003670081917716561,-0.02338265523636688,0.0342439416315045,0.052951869740869316,0.15618283575561473
sample_1294,False,ok,multi_seed_output\seed_3_mh114\airfoils\sample_1294.dat,0.13289525784501585,0.280561122244489,2.230437806671759e-09,2.356746969453538e-09,0.23073374716901512,0.3863047440414874,0.39591476313125895,0.34878452812128147,0.3332069187655672,0.4029398576030285,-0.1598057387653594,0.03560454491980951,0.051528870981911945,0.04271142274840799,0.09470118988560022,0.15631029186146553
sample_1295,False,ok,multi_seed_output\seed_3_mh114\airfoils\sample_1295.dat,0.12385039910779268,0.2785571142284569,2.230437806671759e-09,2.356746969453538e-09,0.29391907590236444,0.3059026220104979,0.36681870215935886,0.39210110538218973,0.33927292597662106,0.36971852738304717,-0.132449386662781,0.02849965759410765,0.033772176136866366,0.0883533912511115,0.06738829069843966,0.2704385749768573
sample_1296,False,ok,multi_seed_output\seed_3_mh114\airfoils\sample_1296.dat,0.14488880856239048,0.2945891783567134,2.230437806671759e-09,2.356746969453538e-09,0.29895797182909795,0.34011663988126195,0.3522349590418686,0.3400493738580009,0.3750049900262056,0.4415418653771268,-0.10582348037582062,-0.0376485023291543,-0.050574297919672835,0.04366224368061526,0.036525429874358376,0.19188004163422975
sample_1297,False,ok,multi_seed_output\seed_3_mh114\airfoils\sample_1297.dat,0.1371382238506378,0.280561122244489,2.230437806671759e-09,2.356746969453538e-09,0.22215127913342256,0.37425096001376024,0.34162234372584144,0.3993264003147781,0.33235942341943864,0.3501056252173313,-0.145127014778195,-0.019501183544473125,-0.001288079262547176,0.09027149754114959,0.10681959361668557,0.20717316040575862
sample_1298,False,ok,multi_seed_output\seed_3_mh114\airfoils\sample_1298.dat,0.1321807355927269,0.3166332665330661,2.230437806671759e-09,2.356746969453538e-09,0.2797009206656979,0.3023028999734704,0.3053055024472998,0.3881507461472108,0.3453163917863673,0.3395536066457417,-0.11108392331357969,-0.02452691970187182,-0.018726689033054744,-0.017268740180379175,0.09339525518462888,0.26208604665914914
sample_1299,False,ok,multi_seed_output\seed_3_mh114\airfoils\sample_1299.dat,0.14615392726257645,0.2665330661322645,2.230437806671759e-09,2.356746969453538e-09,0.3160639885741032,0.3209166496169609,0.31095090092088573,0.39916292428674055,0.3111945808753225,0.395868632756364,-0.14093567916083577,-0.07056048839305284,-0.020678904515820752,-0.00581775158815763,0.125583917319665,0.15280126063799304
sample_1300,False,ok,multi_seed_output\seed_3_mh114\airfoils\sample_1300.dat,0.14352017526706087,0.2725450901803607,2.230437806671759e-09,2.356746969453538e-09,0.31639799459160994,0.3892315952840647,0.3737018244359359,0.3121893439376126,0.36549416151473685,0.3432386781082317,-0.10713124481137637,-0.002174119729946286,0.013274114091792702,0.008419475128876613,0.045366318342887596,0.18977501620446152
sample_1301,False,ok,multi_seed_output\seed_3_mh114\airfoils\sample_1301.dat,0.11405072853394868,0.2725450901803607,2.230437806671759e-09,2.356746969453538e-09,0.2533791004961484,0.31873532820915096,0.35115547671834046,0.2945072394283298,0.3328196252754165,0.42618376587855755,-0.0959162323806714,0.030630474253787107,0.03215169646351958,0.08042084582550396,0.09316641391208198,0.26285762452010464
sample_1302,False,ok,multi_seed_output\seed_3_mh114\airfoils\sample_1302.dat,0.14042730223954852,0.2865731462925851,2.230437806671759e-09,2.356746969453538e-09,0.2090723130572869,0.32126463997391597,0.36840841877593944,0.3542445618733583,0.33555835345538637,0.4386829168103211,-0.1476535984549453,-0.07153085191657058,-0.03256001522281937,0.09508115941046483,0.131979836180755,0.20493521557138966
sample_1303,False,ok,multi_seed_output\seed_3_mh114\airfoils\sample_1303.dat,0.12582692238110874,0.3226452905811623,2.230437806671759e-09,2.356746969453538e-09,0.2744599241909566,0.2984264901386997,0.3926889978042202,0.3487087681538637,0.3119178511924608,0.39013902210078744,-0.0463773343459057,0.0005567916006059687,-0.008401092883140261,0.08542000409329072,0.05931392716334292,0.23698624121418604
sample_1304,False,ok,multi_seed_output\seed_3_mh114\airfoils\sample_1304.dat,0.14162099712792592,0.30861723446893785,2.230437806671759e-09,2.356746969453538e-09,0.2843674482750864,0.3374528374944389,0.35646403533060167,0.39769606060192286,0.31015810859666854,0.4566916069209432,-0.0700121275424635,-0.06569810663994148,0.006877100311305645,0.02932395124781753,0.04694257579004821,0.2636914458278143
sample_1305,False,ok,multi_seed_output\seed_3_mh114\airfoils\sample_1305.dat,0.1288593079336264,0.26452905811623245,2.230437806671759e-09,2.356746969453538e-09,0.30595749495435803,0.32367937695681326,0.2839944359725558,0.3402039308012758,0.39302713357276414,0.39395290443502406,-0.07691845137783013,-0.04755045542302913,-0.00034904894378558204,0.046342076124909676,0.06686040189640986,0.272879108378414
sample_1306,False,ok,multi_seed_output\seed_3_mh114\airfoils\sample_1306.dat,0.11254609612799597,0.2865731462925851,2.230437806671759e-09,2.356746969453538e-09,0.19793936396898548,0.3118567266221002,0.30390297376241127,0.28778062510564695,0.3165587953208261,0.46012458105197723,-0.15090229873721553,0.037350811974130774,0.004069420221385366,-0.000592450513426386,0.15143479575558272,0.255174000807323
sample_1307,False,ok,multi_seed_output\seed_3_mh114\airfoils\sample_1307.dat,0.15106960126352265,0.280561122244489,2.230437806671759e-09,2.356746969453538e-09,0.29330167269341334,0.3829276461384429,0.3661067163745169,0.36408861198399217,0.3912976627036546,0.3937191825140634,-0.08807357111461055,-0.07148126440481113,-0.0036791212708583987,0.03701426216718451,0.12056353718531615,0.19210329726123382
sample_1308,False,ok,multi_seed_output\seed_3_mh114\airfoils\sample_1308.dat,0.13490958051765295,0.2945891783567134,2.230437806671759e-09,2.356746969453538e-09,0.24238565538201678,0.3107563858143859,0.37236595974979153,0.38106342790983,0.29930576777112905,0.3885228289794019,-0.1498962923139653,-0.03373169307875692,0.014452530142470471,0.04062148869357195,0.08816268053651317,0.2697606294765201
sample_1309,False,ok,multi_seed_output\seed_3_mh114\airfoils\sample_1309.dat,0.11484027630080107,0.2444889779559118,2.230437806671759e-09,2.356746969453538e-09,0.27420528150360773,0.31225259406398714,0.28382099036868086,0.32153950586129804,0.3693623150599775,0.3554194611362302,-0.070528440635318,-0.041242834651519934,0.06981589377722665,0.05038771133666285,0.08402708507074647,0.1962481929624082
sample_1310,False,ok,multi_seed_output\seed_3_mh114\airfoils\sample_1310.dat,0.1394630523598211,0.30861723446893785,2.230437806671759e-09,2.356746969453538e-09,0.2980098485220995,0.3386872885290804,0.4043433589914225,0.41026037730261566,0.3802371989909502,0.4336120947107199,-0.0828612249233362,-0.04163060541820445,0.06760851957761006,0.03541804894625614,0.0714707656226049,0.2566811701337032
sample_1311,False,ok,multi_seed_output\seed_3_mh114\airfoils\sample_1311.dat,0.12305437912226369,0.2665330661322645,2.230437806671759e-09,2.356746969453538e-09,0.2768153062656697,0.31710585145680836,0.3196802008794451,0.3235644336096158,0.2947391552791645,0.416753609891078,-0.1467101214590075,0.04179823859716951,-0.020776384398590413,0.03315038901999261,0.09842987438150416,0.24369271800059011
sample_1312,False,ok,multi_seed_output\seed_3_mh114\airfoils\sample_1312.dat,0.14561998135685772,0.3306613226452906,2.230437806671759e-09,2.356746969453538e-09,0.2006084355856868,0.3887205761978524,0.3925687755001294,0.34037370625838287,0.32053124010028444,0.36269703821283944,-0.04910594156066031,-0.05542724397977908,-0.002370880757523175,-0.005290077502959765,0.03262030777698275,0.25963328527900453
sample_1313,False,ok,multi_seed_output\seed_3_mh114\airfoils\sample_1313.dat,0.11976883892324407,0.280561122244489,2.230437806671759e-09,2.356746969453538e-09,0.2962098654554612,0.28511180025304855,0.30306855355499,0.3445427284067025,0.3584766513713717,0.3487963770863032,-0.10647327651846833,-0.0018925429230797763,0.009074094159635726,0.03830305864000415,0.02709868193906504,0.19968978796978792
sample_1314,False,ok,multi_seed_output\seed_3_mh114\airfoils\sample_1314.dat,0.11118764419706896,0.34669338677354705,2.230437806671759e-09,2.356746969453538e-09,0.26473259763940216,0.2664885506614514,0.3248066890220426,0.3327926935497898,0.34306867118065487,0.3585344177503811,-0.05086228194462178,0.03791130633019059,-0.014142976674972413,0.019257937134837033,0.1411921512472402,0.2737386944223454
sample_1315,False,ok,multi_seed_output\seed_3_mh114\airfoils\sample_1315.dat,0.14710926461611132,0.3246492985971944,2.230437806671759e-09,2.356746969453538e-09,0.2280555433544752,0.3347249969033583,0.3864915973568389,0.3642760104826654,0.3300360430649035,0.37256357223318504,-0.1449885351614495,-0.03517782102548134,-0.02928234531315176,-0.012956012804037933,0.050662319206118,0.1887585518060464
sample_1316,False,ok,multi_seed_output\seed_3_mh114\airfoils\sample_1316.dat,0.1456801668148882,0.2725450901803607,2.230437806671759e-09,2.356746969453538e-09,0.21856152578335092,0.37130986272957245,0.3354851237632328,0.36261092839193976,0.3765920410445857,0.394586079357986,-0.15838213291633285,-0.08539988316337177,0.011935565074261592,0.04452173959008719,0.09069088418811017,0.270529109455625
sample_1317,False,ok,multi_seed_output\seed_3_mh114\airfoils\sample_1317.dat,0.14353027272632607,0.30861723446893785,2.230437806671759e-09,2.356746969453538e-09,0.20340163510915157,0.382177658650996,0.4054341796167739,0.378776731726158,0.32142397772695935,0.35353171920233245,-0.1572559347545838,-0.02114365424641393,0.05403494297478262,-0.01733925623029542,0.06592882022695548,0.27034715575921187
sample_1318,False,ok,multi_seed_output\seed_3_mh114\airfoils\sample_1318.dat,0.13130689054537628,0.25250501002004005,2.230437806671759e-09,2.356746969453538e-09,0.2919927189894555,0.3789174220066952,0.34048314757095977,0.3408743600379098,0.4047964738507912,0.33745666279543896,-0.11649229704811123,0.0008081578245253129,0.07200900348567725,0.026998760471843096,0.05581792240223716,0.15561880216184568
sample_1319,False,ok,multi_seed_output\seed_3_mh114\airfoils\sample_1319.dat,0.14858084967498297,0.3006012024048096,2.230437806671759e-09,2.356746969453538e-09,0.2674882073226406,0.35234442176568215,0.4097991319707033,0.36663984656318765,0.3445010099532302,0.43217287811114635,-0.09984031497190199,-0.05613032489581776,-0.015354678260621285,0.07495640325745107,0.05414170063273881,0.17450335185167626
sample_1320,False,ok,multi_seed_output\seed_3_mh114\airfoils\sample_1320.dat,0.1390827063321921,0.280561122244489,2.230437806671759e-09,2.356746969453538e-09,0.24268094552670016,0.3528044773978073,0.3445587153275297,0.32438033871074046,0.38487346390092053,0.4162015622499539,-0.08887790161303921,-0.06324807801291284,-0.03665414598488394,0.0927003905161286,0.10488380301789996,0.2666458623985567
sample_1321,False,ok,multi_seed_output\seed_3_mh114\airfoils\sample_1321.dat,0.13799056660798947,0.2865731462925851,2.230437806671759e-09,2.356746969453538e-09,0.2353303676990313,0.3843952086023342,0.39771751348860984,0.29614901202435345,0.40333404672759765,0.4244586582611893,-0.15901595833017104,0.014365651940957083,0.041357842278861245,-0.02161860188657941,0.14376237417250093,0.16424358410613732
sample_1322,False,ok,multi_seed_output\seed_3_mh114\airfoils\sample_1322.dat,0.1297373101072455,0.2725450901803607,2.230437806671759e-09,2.356746969453538e-09,0.3070667513137742,0.3695907611919961,0.3487041393057725,0.35969148374889526,0.31564206071450074,0.4407727276557247,-0.03520302926028515,-0.028343328625332016,0.06749816564090165,0.028566684384387267,0.1215706193518116,0.2717352698257578
sample_1323,False,ok,multi_seed_output\seed_3_mh114\airfoils\sample_1323.dat,0.14287141847539409,0.2725450901803607,2.230437806671759e-09,2.356746969453538e-09,0.32311323875414244,0.3392856906878272,0.40499316363941795,0.2888719460401669,0.32772030660144386,0.4659211880556424,-0.08655563571330539,-0.02912014911923782,-0.026944809003441487,0.06099880336390512,0.1334822988963552,0.24402942459609567
sample_1324,False,ok,multi_seed_output\seed_3_mh114\airfoils\sample_1324.dat,0.1532573764162237,0.2605210420841683,2.230437806671759e-09,2.356746969453538e-09,0.2611253029970212,0.37040816475521043,0.35609905450565643,0.37408845966536286,0.30929177444736905,0.46509682086139637,-0.15234049452042078,-0.08622252930741717,-0.028728205767330154,0.08622317113204526,0.12949858989161062,0.2439050826960455
sample_1325,False,ok,multi_seed_output\seed_3_mh114\airfoils\sample_1325.dat,0.1523808412078993,0.25250501002004005,2.230437806671759e-09,2.356746969453538e-09,0.32300055042942144,0.37845865445505844,0.2938112727493836,0.34290163214784564,0.3779916185598281,0.4341347012834158,-0.11702271447011396,-0.08006957041706567,-0.034231692126984785,0.002800640384315184,0.10574145776213442,0.26016357741311397
sample_1326,False,ok,multi_seed_output\seed_3_mh114\airfoils\sample_1326.dat,0.12416404571273866,0.2444889779559118,2.230437806671759e-09,2.356746969453538e-09,0.30131796375938,0.28206644232375955,0.31032184329577556,0.32814070542375917,0.4213699665820599,0.4482337982343273,-0.15713140695736638,0.003361122876966799,-0.001228713738544357,0.055039334056158976,0.03667760344554455,0.17079786054905535
sample_1327,False,ok,multi_seed_output\seed_3_mh114\airfoils\sample_1327.dat,0.10569120579873402,0.2945891783567134,2.230437806671759e-09,2.356746969453538e-09,0.2596200199018417,0.2829050118434915,0.35321218592872544,0.2922511287413734,0.3978838275662836,0.38070172330603946,-0.032902114212295885,0.00615766495524421,0.06094369070748708,0.07381885960048591,0.13563843184903118,0.27245922498024905
sample_1328,False,ok,multi_seed_output\seed_3_mh114\airfoils\sample_1328.dat,0.10985720601157774,0.2124248496993988,2.230437806671759e-09,2.356746969453538e-09,0.29052940560822615,0.27049261347205716,0.28571005504035357,0.3123902082890606,0.4136082323729935,0.3839127659294572,-0.13746393737671228,0.01754582937230792,0.07194376266436252,-0.025866394999189087,0.13171874195282923,0.15343259903951986
sample_1329,False,ok,multi_seed_output\seed_3_mh114\airfoils\sample_1329.dat,0.141943214491238,0.280561122244489,2.230437806671759e-09,2.356746969453538e-09,0.2714384035133474,0.3909840429867576,0.33416448234507246,0.33878302479130246,0.38925281400574774,0.3618579491209508,-0.06905059513115781,-0.06931189648705337,0.03371027103379515,0.0048782959529661,0.05755831750819902,0.2174550193212219
sample_1330,False,ok,multi_seed_output\seed_3_mh114\airfoils\sample_1330.dat,0.13259857865731758,0.38276553106212424,2.230437806671759e-09,2.356746969453538e-09,0.22166183281770407,0.3096744764947674,0.3853986394115789,0.35611417774353793,0.36479864211668106,0.33780098264968483,-0.041679055054055045,0.03007858872284691,-0.04831848454526454,0.005619991696537444,0.04782826307894701,0.25542865416152816
sample_1331,False,ok,multi_seed_output\seed_3_mh114\airfoils\sample_1331.dat,0.1319555293683367,0.2885771543086172,2.230437806671759e-09,2.356746969453538e-09,0.235657961094374,0.3550181702296856,0.3736073750553954,0.2937317460444485,0.40589769201774883,0.43135112297500366,-0.12523728778265927,-0.006871489107117754,0.02185260067165473,0.043929699420679175,0.022693531579402203,0.20528584311579087
sample_1332,False,ok,multi_seed_output\seed_3_mh114\airfoils\sample_1332.dat,0.1397969658864336,0.2865731462925851,2.230437806671759e-09,2.356746969453538e-09,0.28046915365232933,0.3124745808224687,0.4009148598533207,0.36448195513779685,0.3419272674023673,0.3586311489750191,-0.16020875918630534,-0.040302684152288076,0.06128761858143819,-0.01912828131952614,0.08505793829715155,0.23419875468334295
sample_1333,False,ok,multi_seed_output\seed_3_mh114\airfoils\sample_1333.dat,0.13696869745932952,0.3166332665330661,2.230437806671759e-09,2.356746969453538e-09,0.29966049503440695,0.29083404275082886,0.3774119714012494,0.35651274830488117,0.31414229168447466,0.4426473094604665,-0.07667358177687841,-0.01967496712362922,-0.05736550189500656,0.03569792224945334,0.14834423155078152,0.2676960172494127
sample_1334,False,ok,multi_seed_output\seed_3_mh114\airfoils\sample_1334.dat,0.13058189085251895,0.2945891783567134,2.230437806671759e-09,2.356746969453538e-09,0.28408698729261883,0.288824476300269,0.3344231211844352,0.35574414210410615,0.3613239471575538,0.44404216410685493,-0.0680951954475722,-0.062238346662950125,-0.02287163411468758,0.09303993640369204,0.03747099207084978,0.15098488810415506
sample_1335,False,ok,multi_seed_output\seed_3_mh114\airfoils\sample_1335.dat,0.13379125110411252,0.3006012024048096,2.230437806671759e-09,2.356746969453538e-09,0.24200402391248743,0.3700854872269027,0.3660041276519399,0.35045812356708755,0.414965620064467,0.4203074750535894,-0.055727794700850805,-0.032262640886683555,0.010503584268338875,0.08430993084090259,0.11357136202338775,0.20699315527194082
sample_1336,False,ok,multi_seed_output\seed_3_mh114\airfoils\sample_1336.dat,0.11157334911901429,0.3106212424849699,2.230437806671759e-09,2.356746969453538e-09,0.2706341953344991,0.278216623768174,0.3982791904266687,0.2971403922362711,0.3241177409822559,0.4372276695421439,-0.05020498563793721,0.03353562864277476,0.031076279540620227,0.08120667553795836,0.10150646316917618,0.21298743506622828
sample_1337,False,ok,multi_seed_output\seed_3_mh114\airfoils\sample_1337.dat,0.13905522279278357,0.2725450901803607,2.230437806671759e-09,2.356746969453538e-09,0.30539367362665687,0.3299944847669572,0.4063987583596762,0.38933546652164863,0.3513076652334567,0.35850750388058694,-0.11570047320648931,-0.03537103026731927,0.05176054442473162,0.06231386159068511,0.14100282072180575,0.17507598010854114
sample_1338,False,ok,multi_seed_output\seed_3_mh114\airfoils\sample_1338.dat,0.13878805556655818,0.2945891783567134,2.230437806671759e-09,2.356746969453538e-09,0.2748273827482658,0.36506577350139763,0.30342108001468077,0.39648751708028773,0.36624315385270256,0.36531356550070937,-0.07775774789968734,-0.04788308662220424,-0.007867849552638959,0.007868214272263405,0.14930261083505608,0.23966953672869584
sample_1339,False,ok,multi_seed_output\seed_3_mh114\airfoils\sample_1339.dat,0.13961153744449187,0.3166332665330661,2.230437806671759e-09,2.356746969453538e-09,0.23122558717331398,0.3754565904129059,0.31119487460623974,0.36250620814882123,0.31549057612051534,0.40705058699148483,-0.04698044586439662,-0.046143159345995194,-0.04811292699445587,0.002647573920552919,0.10867837708034565,0.2031075201951978
sample_1340,False,ok,multi_seed_output\seed_3_mh114\airfoils\sample_1340.dat,0.12243514943947494,0.3166332665330661,2.230437806671759e-09,2.356746969453538e-09,0.20753215606352596,0.279664903908498,0.3407245074698616,0.2846790604827706,0.41819515988563044,0.43312609932973617,-0.05331347242226593,-0.04944649628594011,-0.052422572138655144,0.08867292086109241,0.11943048820762128,0.18029399854568207
sample_1341,False,ok,multi_seed_output\seed_3_mh114\airfoils\sample_1341.dat,0.11253868521870397,0.3667334669338677,2.230437806671759e-09,2.356746969453538e-09,0.20623849676551356,0.3227666708563791,0.32108102746081724,0.3444416021411124,0.40178899015881414,0.36810744480130536,-0.052935937904077815,0.02391506309194806,0.057074432412048626,-0.02147535477827507,0.1280843163024052,0.2609882996922855
sample_1342,False,ok,multi_seed_output\seed_3_mh114\airfoils\sample_1342.dat,0.1375475426207398,0.3246492985971944,2.230437806671759e-09,2.356746969453538e-09,0.25928144918967144,0.3099112430522261,0.3924724004358635,0.4031630686162165,0.4021671167597762,0.4266468400691929,-0.15261053050836965,-0.01802869242367068,0.034190369284880937,0.029815355544766012,0.03915934410190052,0.24492106076268153
sample_1343,False,ok,multi_seed_output\seed_3_mh114\airfoils\sample_1343.dat,0.11781690016693848,0.39078156312625245,2.230437806671759e-09,2.356746969453538e-09,0.24477024356668345,0.2750520017242539,0.3607348454845706,0.4079825827137196,0.396665859116813,0.45439572105547155,-0.0575751011292131,0.012776248115781944,0.04198215230977988,0.06478946953456503,0.04013730022012231,0.23529706939361783
sample_1344,False,ok,multi_seed_output\seed_3_mh114\airfoils\sample_1344.dat,0.12767225894226653,0.3386773547094188,2.230437806671759e-09,2.356746969453538e-09,0.23483885913145058,0.26935433410160964,0.33432078521594527,0.37781339974970146,0.3518222369143857,0.4112313388979408,-0.06270471322792241,-0.0477740633530356,-0.041116278064939796,0.046774359782939826,0.12932941030395156,0.20644674049289177
sample_1345,False,ok,multi_seed_output\seed_3_mh114\airfoils\sample_1345.dat,0.1292563265257776,0.2885771543086172,2.230437806671759e-09,2.356746969453538e-09,0.22320934694092062,0.35346796902151045,0.3441923432058405,0.3901147118635302,0.3522519243014965,0.3461232502948759,-0.09220430860191901,-0.05457934873762866,0.06918837164354609,0.0615577544042462,0.056677698520745196,0.23871765671527478
sample_1346,False,ok,multi_seed_output\seed_3_mh114\airfoils\sample_1346.dat,0.12161309805364368,0.2785571142284569,2.230437806671759e-09,2.356746969453538e-09,0.2998954726113525,0.31395568715470046,0.36142407325067455,0.34729000105420416,0.35109221719261535,0.36778830436749266,-0.09252342067500204,0.01809162895171869,0.04064237996808823,0.07274679294171554,0.05840608852575974,0.14813599699805835
sample_1347,False,ok,multi_seed_output\seed_3_mh114\airfoils\sample_1347.dat,0.12551815574312905,0.2865731462925851,2.230437806671759e-09,2.356746969453538e-09,0.2167971465922698,0.34384525047388503,0.3215352229058231,0.2907977243262045,0.3136925335640143,0.38454363962946436,-0.04371421550072285,-0.0697676158868444,0.012741499113490207,0.03659512193197781,0.1422652595138506,0.21694724063094145
sample_1348,False,ok,multi_seed_output\seed_3_mh114\airfoils\sample_1348.dat,0.14632485506404247,0.30260521042084165,2.230437806671759e-09,2.356746969453538e-09,0.3007157961577175,0.31727433363797036,0.40454881463510906,0.40762651709315384,0.30493877640673284,0.3896529481573171,-0.1604441459338016,-0.01977114648026905,0.00795521805595474,0.005930525742928579,0.06727334148421282,0.2081417417199649
sample_1349,False,ok,multi_seed_output\seed_3_mh114\airfoils\sample_1349.dat,0.12345798230710527,0.2885771543086172,2.230437806671759e-09,2.356746969453538e-09,0.26487038276171593,0.3221615532363065,0.34529663178661585,0.345822015805344,0.4108745725204509,0.37112309873072225,-0.14082948547439655,0.03656481672486074,0.015614730676748345,0.038597782055798155,0.12996102537110155,0.16879028262628812
sample_1350,False,ok,multi_seed_output\seed_3_mh114\airfoils\sample_1350.dat,0.12293212883439582,0.30861723446893785,2.230437806671759e-09,2.356746969453538e-09,0.3192743496404563,0.2626655226828091,0.39807746852044446,0.35248490050725,0.36718882907636696,0.407779508454003,-0.06621050674764682,-0.008027648909263635,0.03636846254477803,0.06545437576604582,0.08328325778438284,0.18079371334371197
sample_1351,False,ok,multi_seed_output\seed_3_mh114\airfoils\sample_1351.dat,0.11346200460854246,0.23847695390781562,2.230437806671759e-09,2.356746969453538e-09,0.2997484633653643,0.3535457349618915,0.30031463669360736,0.307013080650188,0.36661865838731567,0.3452277249011988,-0.06373795698293143,0.027267624595129644,0.07180879427227944,0.0434630826436425,0.1253554582617909,0.23494256409863779
sample_1352,False,ok,multi_seed_output\seed_3_mh114\airfoils\sample_1352.dat,0.1258147031485047,0.3386773547094188,2.230437806671759e-09,2.356746969453538e-09,0.26941848997671536,0.3119939231481226,0.3261067457932331,0.35035215513782036,0.33497687788073505,0.39922927500953087,-0.03424425062468375,0.005406051073053406,-0.051483519910106086,0.05199812713439095,0.04408139360235462,0.26715473725550565
sample_1353,False,ok,multi_seed_output\seed_3_mh114\airfoils\sample_1353.dat,0.13414791254788766,0.3166332665330661,2.230437806671759e-09,2.356746969453538e-09,0.20682564762438185,0.3254762599919133,0.30926936588260295,0.33161206899648027,0.33388688171169284,0.36668829569266337,-0.05517413530000033,-0.08665839380356155,-0.03362537036555638,-0.004500465258919641,0.11198738510317835,0.24832437366465135
sample_1354,False,ok,multi_seed_output\seed_3_mh114\airfoils\sample_1354.dat,0.11877382470421864,0.35270541082164325,2.230437806671759e-09,2.356746969453538e-09,0.23114376839528278,0.3210511771207207,0.31341839501841295,0.33126037327927227,0.3830869464455912,0.3659108655389679,-0.06199750079142252,0.03214763175767439,-0.01499910186721548,-0.002759446172248256,0.12112630342727466,0.203693222851633
sample_1355,False,ok,multi_seed_output\seed_3_mh114\airfoils\sample_1355.dat,0.12533580315703502,0.2865731462925851,2.230437806671759e-09,2.356746969453538e-09,0.2032761728751581,0.35690345209229907,0.31488633770681285,0.30380881190433146,0.40978798461534977,0.403681059983897,-0.11714421727547153,-0.02913665590855434,0.044076808780412605,-0.004644481083251623,0.09553466092355421,0.197129540781138
sample_1356,False,ok,multi_seed_output\seed_3_mh114\airfoils\sample_1356.dat,0.13195396159999787,0.35270541082164325,2.230437806671759e-09,2.356746969453538e-09,0.2526162779665962,0.2896437436392098,0.4000982203318882,0.3853324886302857,0.3465655179349248,0.35798963437285425,-0.12212645755798662,0.033867082723522055,-0.026140328513205503,0.04529678787504966,0.0585145353894379,0.22276676500576442
sample_1357,False,ok,multi_seed_output\seed_3_mh114\airfoils\sample_1357.dat,0.13317866648510113,0.30260521042084165,2.230437806671759e-09,2.356746969453538e-09,0.2938699756716727,0.30795036388423563,0.3431310169347603,0.36192537245737333,0.3848549842278747,0.37266602986682756,-0.040401427790440286,-0.06934213986088805,0.002705217720320903,0.05344640997083362,0.06957919610473187,0.19109197612570672
sample_1358,False,ok,multi_seed_output\seed_3_mh114\airfoils\sample_1358.dat,0.15342265425722837,0.3006012024048096,2.230437806671759e-09,2.356746969453538e-09,0.24909358008814916,0.3473821312822403,0.40352121392554957,0.4112051820740675,0.3431774684985272,0.3539837995463458,-0.1430716662537331,-0.05705580434917858,-0.04030618294971969,0.07096684496688066,0.12269545598409241,0.22116921503042214
sample_1359,False,ok,multi_seed_output\seed_3_mh114\airfoils\sample_1359.dat,0.12634740874679326,0.25851703406813625,2.230437806671759e-09,2.356746969453538e-09,0.29403608713376284,0.28391735922043193,0.2868019406659011,0.3812277264008893,0.30433806208460107,0.37060624871366094,-0.1461133093478103,-0.02032028290651898,-0.0051719905629734955,0.00890393211100278,0.15128760247330453,0.22463217340413566
sample_1360,False,ok,multi_seed_output\seed_3_mh114\airfoils\sample_1360.dat,0.13929659717853365,0.3607214428857715,2.230437806671759e-09,2.356746969453538e-09,0.24032002521853757,0.31277782734207316,0.3527136007948946,0.35164370971183256,0.41598995844545666,0.37127694766869257,-0.08151597533619381,-0.033197535943951535,-0.02907707759820379,-0.028694950856045058,0.04019018382702659,0.18564363078169976
sample_1361,False,ok,multi_seed_output\seed_3_mh114\airfoils\sample_1361.dat,0.14316852573955516,0.3366733466933867,2.230437806671759e-09,2.356746969453538e-09,0.27534685178827456,0.34279066969144567,0.3725172864888156,0.3981967302422431,0.36500897876868077,0.41291745860923745,-0.09967274451839601,-0.012972859197935227,-0.003982071729349133,-0.02943186484116485,0.11759690360350374,0.18605350865369913
sample_1362,False,ok,multi_seed_output\seed_3_mh114\airfoils\sample_1362.dat,0.12953434559916163,0.2885771543086172,2.230437806671759e-09,2.356746969453538e-09,0.23980247082913586,0.303433196690335,0.39916338602459855,0.31562763572893304,0.40028486519124945,0.46254321967900425,-0.08397891882688512,-0.06639981085180845,0.04122415370381673,0.0821445514769539,0.11655160030865605,0.19702531633173997
sample_1363,False,ok,multi_seed_output\seed_3_mh114\airfoils\sample_1363.dat,0.11600951704842893,0.3306613226452906,2.230437806671759e-09,2.356746969453538e-09,0.23384934406962718,0.3189239124514158,0.32691050551823797,0.3486047753456904,0.38261464636936027,0.4099817615083227,-0.09477058919008037,0.04042618181936124,0.022613240459316133,0.014959046530140484,0.1202443280381932,0.2753377432225227
sample_1364,False,ok,multi_seed_output\seed_3_mh114\airfoils\sample_1364.dat,0.10873677184355875,0.2865731462925851,2.230437806671759e-09,2.356746969453538e-09,0.21113050755966709,0.2683711495543731,0.2954427947594036,0.31037628114121213,0.3209771995344228,0.44829338940070274,-0.11148559628553603,-0.013911129369697642,0.010389633961941855,0.06616652114656896,0.08438968238129739,0.2616360658095006
sample_1365,False,ok,multi_seed_output\seed_3_mh114\airfoils\sample_1365.dat,0.13250034412722958,0.3366733466933867,2.230437806671759e-09,2.356746969453538e-09,0.2916746678245122,0.3252300075960863,0.3450293563217388,0.3874472439829201,0.4011706355884332,0.37191088252291127,-0.08537817893423474,0.028091437600157573,-0.04454379471364332,0.05765032523676519,0.0677816070926971,0.24587581596342356
sample_1366,False,ok,multi_seed_output\seed_3_mh114\airfoils\sample_1366.dat,0.12078787460289293,0.3006012024048096,2.230437806671759e-09,2.356746969453538e-09,0.26180998527855026,0.3225388469887481,0.3171668339437912,0.3964221551302541,0.39800137142600756,0.4274900609792016,-0.13378631537126373,0.035323282879251,0.02214740689077102,0.047147260331494495,0.14267948269518355,0.18160768919989234
sample_1367,False,ok,multi_seed_output\seed_3_mh114\airfoils\sample_1367.dat,0.13060801345626108,0.31462925851703405,2.230437806671759e-09,2.356746969453538e-09,0.2764147859609786,0.32976230444911997,0.3996551058039403,0.3292389731329456,0.40537176485406123,0.3436633536299703,-0.06820949210069749,-0.01634699123133186,0.05826617593113416,-0.002234301951984402,0.11867519765327059,0.15806442452446146
sample_1368,False,ok,multi_seed_output\seed_3_mh114\airfoils\sample_1368.dat,0.1512159192688895,0.2665330661322645,2.230437806671759e-09,2.356746969453538e-09,0.31766737416449337,0.3690814382327922,0.3285683283072076,0.3779359209432695,0.364348375588528,0.42704587091061,-0.11878884377583922,-0.08049695472050712,0.01165969139480752,0.0016074863380567753,0.050580109089081234,0.18890940132013953
sample_1369,False,ok,multi_seed_output\seed_3_mh114\airfoils\sample_1369.dat,0.1107146776470168,0.3366733466933867,2.230437806671759e-09,2.356746969453538e-09,0.2806616747160407,0.2983283864449623,0.28886355079130277,0.3334976416373043,0.4210090339503507,0.45692475623995904,-0.06856159242797026,0.01234717695651319,0.06252886048023722,-0.01019456679526683,0.05042439515004932,0.17240197729541976
sample_1370,False,ok,multi_seed_output\seed_3_mh114\airfoils\sample_1370.dat,0.12036617314030587,0.25250501002004005,2.230437806671759e-09,2.356746969453538e-09,0.3065189611646848,0.2708255372757904,0.28224917017413453,0.33140988911799385,0.42197577249517726,0.4152221367696405,-0.08247678724828685,-0.0479925347954732,-0.004702708836042249,0.08585011039767636,0.07112400882109213,0.24595994883566086
sample_1371,False,ok,multi_seed_output\seed_3_mh114\airfoils\sample_1371.dat,0.12563385623594805,0.3246492985971944,2.230437806671759e-09,2.356746969453538e-09,0.20744435436269737,0.2808890735381933,0.36332841206381805,0.3174045205835219,0.38320438358537323,0.4525980933668327,-0.10087460387855979,-0.027486832663638855,-0.02911372986661392,0.06423868957165887,0.08661288183185889,0.17174294310562285
sample_1372,False,ok,multi_seed_output\seed_3_mh114\airfoils\sample_1372.dat,0.11656132517025151,0.3366733466933867,2.230437806671759e-09,2.356746969453538e-09,0.2175921062512247,0.2721727832061506,0.28507960873334814,0.40546754052065886,0.3444124603211285,0.4531830833875315,-0.0868722761735375,-0.061480383911756725,0.06031512472819542,-0.015114617381159802,0.13346667104007057,0.21088764141960586
sample_1373,False,ok,multi_seed_output\seed_3_mh114\airfoils\sample_1373.dat,0.12722775051677115,0.3306613226452906,2.230437806671759e-09,2.356746969453538e-09,0.27382931561491786,0.2874014947258738,0.36294118362146,0.2906973777412791,0.40780338692133394,0.41033661432691376,-0.03829495618258491,-0.012205562121128041,-0.05494805500200361,0.04277428220601685,0.12918823736906904,0.1874249120061854
sample_1374,False,ok,multi_seed_output\seed_3_mh114\airfoils\sample_1374.dat,0.13747841684981038,0.25851703406813625,2.230437806671759e-09,2.356746969453538e-09,0.2699715206482247,0.3176725567528438,0.3072970954171452,0.38391798235738694,0.37353093273625965,0.45448911616678783,-0.15427124936080167,-0.0872100060558464,0.05843309831857793,-0.018325651224096972,0.06981227386402472,0.15655418155241818
sample_1375,False,ok,multi_seed_output\seed_3_mh114\airfoils\sample_1375.dat,0.1304902882950284,0.2885771543086172,2.230437806671759e-09,2.356746969453538e-09,0.2166129743273261,0.3559015120838528,0.3132147706754134,0.2909522772572186,0.39686695593732,0.4010294476160192,-0.056818336587506985,-0.07785325170135107,0.007668015037573153,0.03134764254919378,0.07922721650027842,0.26113750518637535
sample_1376,False,ok,multi_seed_output\seed_3_mh114\airfoils\sample_1376.dat,0.1404734111948318,0.30861723446893785,2.230437806671759e-09,2.356746969453538e-09,0.27213695858546905,0.3072991384727032,0.40814333814251225,0.3168930582217595,0.37954257089197174,0.3818650477243446,-0.12547333380537934,-0.03252291004781938,0.0013562884359622288,-0.015826906543153264,0.124528500046009,0.2698983773648262
sample_1377,False,ok,multi_seed_output\seed_3_mh114\airfoils\sample_1377.dat,0.12049513905946707,0.30260521042084165,2.230437806671759e-09,2.356746969453538e-09,0.2696688125742197,0.29589437750850595,0.3264175499342221,0.3754898938924665,0.4057038667713881,0.45616054977300685,-0.14481747964875138,0.0393713655024996,-0.005603305929712608,0.07248237718932798,0.08756210026328272,0.20048745668330942
sample_1378,False,ok,multi_seed_output\seed_3_mh114\airfoils\sample_1378.dat,0.13965101219589227,0.3226452905811623,2.230437806671759e-09,2.356746969453538e-09,0.2259747658873603,0.3462697270512025,0.3853442234980402,0.3735418175296638,0.3098947208796233,0.4376572941488309,-0.13208522291854066,-0.005651241044718799,-0.007419570084523701,-0.005061488871171339,0.14350731627067093,0.18288519748188772
sample_1379,False,ok,multi_seed_output\seed_3_mh114\airfoils\sample_1379.dat,0.13906855039831614,0.37675350701402804,2.230437806671759e-09,2.356746969453538e-09,0.2615143836437929,0.2951909846455684,0.3924333632742239,0.41037353338647353,0.4145092085961239,0.4628372158866957,-0.06247185038395357,-0.014728547046923904,-0.0004965239757087417,-0.0254799693557792,0.13631274289042616,0.20487095630812382
sample_1380,False,ok,multi_seed_output\seed_3_mh114\airfoils\sample_1380.dat,0.12504850568209425,0.3246492985971944,2.230437806671759e-09,2.356746969453538e-09,0.2753108789039119,0.28239927342785837,0.3839547969076215,0.3146489982928346,0.38046868943513723,0.3380831706858841,-0.05237520096379006,0.00510143506831269,-0.04038781432250139,0.08267700707030207,0.09584366709172522,0.15351820625453866
sample_1381,False,ok,multi_seed_output\seed_3_mh114\airfoils\sample_1381.dat,0.15065008643189587,0.31462925851703405,2.230437806671759e-09,2.356746969453538e-09,0.24224446812402103,0.3427297138223555,0.40554895226730375,0.2990588233760294,0.3932765217423571,0.4126417144132447,-0.08238927125293137,-0.08298900552925131,-0.028920964952330545,-0.02509494741981763,0.13680404090048864,0.24298360758003823
sample_1382,False,ok,multi_seed_output\seed_3_mh114\airfoils\sample_1382.dat,0.14205995181838402,0.31462925851703405,2.230437806671759e-09,2.356746969453538e-09,0.22153553565907275,0.352714372626739,0.38926938346403145,0.3980483256832929,0.35921006218880275,0.3696199752798795,-0.15842183489620631,-0.043514565018650926,0.07170962310888697,-0.033485284339199214,0.07090483263605307,0.2005092500688642
sample_1383,False,ok,multi_seed_output\seed_3_mh114\airfoils\sample_1383.dat,0.13691016017176477,0.30260521042084165,2.230437806671759e-09,2.356746969453538e-09,0.24751151211235806,0.27472475548905056,0.34075185044224643,0.3634096677119656,0.2949254628866845,0.4144767234872716,-0.15074552951403003,-0.04773245405529563,-0.05660149481594634,0.014236979316871519,0.1265882377971872,0.261213792060404
sample_1384,False,ok,multi_seed_output\seed_3_mh114\airfoils\sample_1384.dat,0.1418299548481738,0.2444889779559118,2.230437806671759e-09,2.356746969453538e-09,0.31412799611381,0.3761119672455634,0.3151747561498386,0.3687218212754055,0.3519924986367929,0.41241992328046395,-0.0896666168089111,-0.07567418436787568,0.03575630955104141,0.07508698954255244,0.0796627732171436,0.2476152595303462
sample_1385,False,ok,multi_seed_output\seed_3_mh114\airfoils\sample_1385.dat,0.14256174644950384,0.2665330661322645,2.230437806671759e-09,2.356746969453538e-09,0.3176209802517629,0.38081992548694665,0.3579428233624731,0.32030653215560356,0.4032309327111392,0.35136995118248904,-0.1532999402819881,0.03745090722896681,-0.02118413592588772,0.008806827960760072,0.08445870301086263,0.21489858045924348
sample_1386,False,ok,multi_seed_output\seed_3_mh114\airfoils\sample_1386.dat,0.12587498643740658,0.25851703406813625,2.230437806671759e-09,2.356746969453538e-09,0.3241495166016549,0.3068406293862109,0.33122166252414353,0.34159874239060634,0.416413965517103,0.3614199724728449,-0.12538489867994165,0.008095275443622582,0.0454208688534313,-0.009838908252151383,0.11805134793646106,0.17378574104808023
sample_1387,False,ok,multi_seed_output\seed_3_mh114\airfoils\sample_1387.dat,0.14823179955473603,0.3166332665330661,2.230437806671759e-09,2.356746969453538e-09,0.3047948259891071,0.357395912953206,0.387999552557649,0.34465489888672507,0.2997628816602054,0.3400904342496492,-0.05162156542183935,-0.04597388832590404,-0.011806833141941926,-0.026941629756190896,0.02154970719689638,0.1657680621118806
sample_1388,False,ok,multi_seed_output\seed_3_mh114\airfoils\sample_1388.dat,0.1371892917733195,0.25851703406813625,2.230437806671759e-09,2.356746969453538e-09,0.24806100623098948,0.3727164388021215,0.30409357698277395,0.3173645004642439,0.2989954726176637,0.34467027551711843,-0.10961438869983592,-0.07113910625304418,0.013380020757425892,0.020627220872191855,0.13503172021087834,0.1652379821420106
sample_1389,False,ok,multi_seed_output\seed_3_mh114\airfoils\sample_1389.dat,0.13812759068940483,0.38276553106212424,2.230437806671759e-09,2.356746969453538e-09,0.25232790189236654,0.2970693545524696,0.3840070379166249,0.4106917212296357,0.36787362355194436,0.4644419359596822,-0.04374338221853817,-0.036102050216612315,0.01737935267774353,-0.031946887380263,0.07760190943642033,0.15580326620723314
sample_1390,False,ok,multi_seed_output\seed_3_mh114\airfoils\sample_1390.dat,0.1446548171382188,0.30260521042084165,2.230437806671759e-09,2.356746969453538e-09,0.29591375808858006,0.39142159879706845,0.32721193203440196,0.36567064471956473,0.3514915079427611,0.34862189591626885,-0.05130696504720372,-0.0231374978184489,-0.05370025116145913,0.04126292519705871,0.04283585340941067,0.20063334423019777
sample_1391,False,ok,multi_seed_output\seed_3_mh114\airfoils\sample_1391.dat,0.13441174897550826,0.2725450901803607,2.230437806671759e-09,2.356746969453538e-09,0.3156063799519103,0.32667453003537805,0.36305716945136285,0.35694231387693476,0.3354323738776594,0.39035822110210033,-0.05533155180747608,-0.06312119337397293,0.032559650119792394,0.082486969553592,0.06586558665630364,0.19791047270631917
sample_1392,False,ok,multi_seed_output\seed_3_mh114\airfoils\sample_1392.dat,0.12635592553990266,0.30260521042084165,2.230437806671759e-09,2.356746969453538e-09,0.32060602576967073,0.29750774321760737,0.2919461010392571,0.4125992750896358,0.34784590615418315,0.37749692007595864,-0.06511025541109676,-0.009012195312388102,-0.03892893066616847,0.07872958859812491,0.08103725364433559,0.1891693964350224
sample_1393,False,ok,multi_seed_output\seed_3_mh114\airfoils\sample_1393.dat,0.14196540731812368,0.2945891783567134,2.230437806671759e-09,2.356746969453538e-09,0.24193108485809556,0.2733904559999098,0.3909654701640073,0.31370924252307564,0.4027521055449137,0.3558002890333296,-0.15510307911321014,-0.07952034492830587,-0.04396273547136233,0.0721891231364869,0.05122306690853143,0.2720661455551555
sample_1394,False,ok,multi_seed_output\seed_3_mh114\airfoils\sample_1394.dat,0.1294116160223787,0.374749498997996,2.230437806671759e-09,2.356746969453538e-09,0.20829059551091064,0.30113684969265875,0.3563601648570918,0.36589061741229584,0.301215416152699,0.4452303002125463,-0.0885629835211527,0.020001907007418412,-0.03263957911777653,-0.018020998723716635,0.05462001888177896,0.24103602315868122
sample_1395,False,ok,multi_seed_output\seed_3_mh114\airfoils\sample_1395.dat,0.14970518786285592,0.280561122244489,2.230437806671759e-09,2.356746969453538e-09,0.32084059965268075,0.3849833418655525,0.34487900823202583,0.336930176818105,0.36869122731628395,0.402430912637325,-0.06602933432374647,-0.06283289956284227,-0.017983553480750765,0.012699378308595959,0.08703931835094765,0.23023529985130714
sample_1396,False,ok,multi_seed_output\seed_3_mh114\airfoils\sample_1396.dat,0.13722533770954512,0.2605210420841683,2.230437806671759e-09,2.356746969453538e-09,0.283326995207854,0.3445247271953605,0.38615115288888374,0.34619642701849723,0.3220280215027498,0.45797669892255527,-0.10379109056958787,-0.06248670600454802,0.06652113968249812,0.06950159768675573,0.05164884714638472,0.15061475142816338
sample_1397,False,ok,multi_seed_output\seed_3_mh114\airfoils\sample_1397.dat,0.1451499966384904,0.34669338677354705,2.230437806671759e-09,2.356746969453538e-09,0.24436019731934813,0.31037552059511897,0.409575632087667,0.37333298258432746,0.3130859756107048,0.4283416233562332,-0.1592021919198816,0.003215123712149187,-0.03186699157582455,-0.018222714562037844,0.024251622848315193,0.20846281681491632
sample_1398,False,ok,multi_seed_output\seed_3_mh114\airfoils\sample_1398.dat,0.13755042500471398,0.3226452905811623,2.230437806671759e-09,2.356746969453538e-09,0.26450302088987887,0.37829474633453597,0.39393033913737885,0.3935968358100668,0.3239043671310875,0.3938809826591153,-0.08982868030340069,0.015341353587475903,0.04811869155781573,-0.019642717310727194,0.1239033581856936,0.15534848414499802
sample_1399,False,ok,multi_seed_output\seed_3_mh114\airfoils\sample_1399.dat,0.1447195641697586,0.3306613226452906,2.230437806671759e-09,2.356746969453538e-09,0.31097803627437914,0.3430697219067278,0.4050765674359039,0.39911291039305397,0.35673488167550604,0.39043934574942063,-0.04528242030408393,-0.024978296850533543,0.0002322918498530932,0.01715447012306307,0.08413623444130718,0.2655770302508864
sample_1400,False,ok,multi_seed_output\seed_3_mh114\airfoils\sample_1400.dat,0.13362900429699567,0.3226452905811623,2.230437806671759e-09,2.356746969453538e-09,0.19639877133139902,0.3035663338860985,0.3194388175706154,0.304861129814568,0.41299720719701677,0.43188936267058387,-0.13989574821426115,-0.04590069441935939,-0.052984467877022004,0.0032119602932572724,0.06497538865260735,0.16084356752044998
sample_1401,False,ok,multi_seed_output\seed_3_mh114\airfoils\sample_1401.dat,0.11127588410729687,0.3166332665330661,2.230437806671759e-09,2.356746969453538e-09,0.20951070325395982,0.2892493385990398,0.2916564488639419,0.3965401032456366,0.37740302395019115,0.4664417661909034,-0.1355563315280506,-0.002695337970661432,0.07206673777311538,0.0039984224619877134,0.1424120786913753,0.2641983246969901
sample_1402,False,ok,multi_seed_output\seed_3_mh114\airfoils\sample_1402.dat,0.11675167253429966,0.3006012024048096,2.230437806671759e-09,2.356746969453538e-09,0.20930323621325275,0.2630648404915087,0.29956835220353367,0.2967066058224084,0.3866120353126892,0.4516866498169312,-0.09814054048361438,-0.06211510443866641,-0.006509099412911799,0.06252994319229588,0.04432646170071754,0.21939405518079075
sample_1403,False,ok,multi_seed_output\seed_3_mh114\airfoils\sample_1403.dat,0.12358789602223201,0.25250501002004005,2.230437806671759e-09,2.356746969453538e-09,0.239536065927862,0.26401951806751883,0.3450862614427372,0.35474173200173775,0.37544179136465267,0.3761573955841268,-0.1517326573597617,-0.07641747514048755,0.06439917290371383,0.0756316704740916,0.14536425213439252,0.19620404323852841
sample_1404,False,ok,multi_seed_output\seed_3_mh114\airfoils\sample_1404.dat,0.12100763378551614,0.30861723446893785,2.230437806671759e-09,2.356746969453538e-09,0.2545725716851245,0.29566587601840466,0.3900114186580625,0.34738727134796077,0.3600547908222617,0.4074656074265073,-0.07070150426880886,-0.025801348351072777,0.0658132854050639,0.07837551125964973,0.044450580626510666,0.20039709523774674
sample_1405,False,ok,multi_seed_output\seed_3_mh114\airfoils\sample_1405.dat,0.11589677543903718,0.25851703406813625,2.230437806671759e-09,2.356746969453538e-09,0.27202266739673764,0.31117879098889356,0.292734104991672,0.33190264897776406,0.3085965958867464,0.45493968024256204,-0.08747110455108732,-0.013818533787940707,0.03994928323497465,0.05119687909487447,0.06284391977051165,0.22980210001703652
sample_1406,False,ok,multi_seed_output\seed_3_mh114\airfoils\sample_1406.dat,0.13017436707019564,0.22645290581162322,2.230437806671759e-09,2.356746969453538e-09,0.32110684750927954,0.3654770952823529,0.30952025934192606,0.3599335834636963,0.30895890791942293,0.3766059983210473,-0.1319828475270926,0.026812547979217963,0.016565440461013325,0.09124729829659389,0.06033741777124385,0.18674088884832474
sample_1407,False,ok,multi_seed_output\seed_3_mh114\airfoils\sample_1407.dat,0.12847212177508266,0.25851703406813625,2.230437806671759e-09,2.356746969453538e-09,0.29808295696327985,0.3406841110440001,0.3372016761809085,0.3125313192943665,0.3624498091314062,0.4577620141194294,-0.10285547144629215,-0.019991125813438967,0.07037183093902404,-0.03142022269801329,0.097372435658194,0.25602134360796935
sample_1408,False,ok,multi_seed_output\seed_3_mh114\airfoils\sample_1408.dat,0.11988901667667366,0.3006012024048096,2.230437806671759e-09,2.356746969453538e-09,0.2548303597735706,0.358684754779508,0.2914418571033796,0.4044119617448942,0.296720377547921,0.3639257068081286,-0.05370237309456079,0.011580351239973724,0.012552879334788741,0.07455854016560329,0.0916128046683468,0.24375951574419646
sample_1409,False,ok,multi_seed_output\seed_3_mh114\airfoils\sample_1409.dat,0.12485340086959888,0.3306613226452906,2.230437806671759e-09,2.356746969453538e-09,0.2172811022862763,0.32707432851118035,0.3611870152352005,0.29135192018876804,0.3715096528695697,0.45022626042683966,-0.0617082430431201,-0.003979015667409588,0.008747299336329922,-0.022854154553907415,0.13430794901900145,0.16982201172973668
sample_1410,False,ok,multi_seed_output\seed_3_mh114\airfoils\sample_1410.dat,0.11947771333008159,0.23847695390781562,2.230437806671759e-09,2.356746969453538e-09,0.30900407160759324,0.2771780856111599,0.29726792866523166,0.362163932762403,0.3466963341194403,0.400587259714703,-0.12170089338129311,-0.02222851895395074,0.05884065748355641,0.016671029354597626,0.04369253960437574,0.2396563022486195
sample_1411,False,ok,multi_seed_output\seed_3_mh114\airfoils\sample_1411.dat,0.11281383565745129,0.374749498997996,2.230437806671759e-09,2.356746969453538e-09,0.2537356132166967,0.28957425945446136,0.28770379489411296,0.37885905390772134,0.3399118663243391,0.38826101330759194,-0.08583893666052483,0.03299226666461806,0.0240979422621327,-0.008463532149302875,0.06302837239975995,0.17647724784566304
sample_1412,False,ok,multi_seed_output\seed_3_mh114\airfoils\sample_1412.dat,0.13407830127835513,0.3166332665330661,2.230437806671759e-09,2.356746969453538e-09,0.20640040417837693,0.31203475736388325,0.3657215152264609,0.2857912923701841,0.35767305782824454,0.3397643076780276,-0.03902926888985908,-0.083991767864557,-0.03602392601221499,0.037171953424050885,0.0759133374888479,0.24140138016279875
sample_1413,False,ok,multi_seed_output\seed_3_mh114\airfoils\sample_1413.dat,0.12623834704977543,0.35871743486973945,2.230437806671759e-09,2.356746969453538e-09,0.20834177303595683,0.31876742449180134,0.40131567593836026,0.4022031369163041,0.376874803408551,0.4071380027595242,-0.07439123738705464,0.00954392537129116,0.029572169667204537,0.09313623851585887,0.035577853265347965,0.19086045348741035
sample_1414,False,ok,multi_seed_output\seed_3_mh114\airfoils\sample_1414.dat,0.12081056711114838,0.3006012024048096,2.230437806671759e-09,2.356746969453538e-09,0.279388929886356,0.3614396667706907,0.3766281386574143,0.3484012386649793,0.33088186831347616,0.36064125923089246,-0.03256924497762237,0.032418800923542004,0.044338636361851216,0.08473954662954271,0.10735925332001278,0.20175867685907872
sample_1415,False,ok,multi_seed_output\seed_3_mh114\airfoils\sample_1415.dat,0.11957892580924863,0.3246492985971944,2.230437806671759e-09,2.356746969453538e-09,0.2652754564835716,0.2660141025543743,0.3876354118802745,0.3152256244076172,0.30055055350498194,0.39353964853295076,-0.06616715660021462,-0.009897388238184146,0.03338028775456625,0.01445151311224431,0.08183414815219306,0.1499704700539637
sample_1416,False,ok,multi_seed_output\seed_3_mh114\airfoils\sample_1416.dat,0.12671540452600513,0.3366733466933867,2.230437806671759e-09,2.356746969453538e-09,0.2725717187436736,0.26968296219098475,0.4108280006841906,0.38741114526407183,0.35734410917723913,0.3540716285922672,-0.12623831610251485,0.02786194840457773,0.011408016282580577,0.05276043096221397,0.11741009452181869,0.2018518606937391
sample_1417,False,ok,multi_seed_output\seed_3_mh114\airfoils\sample_1417.dat,0.1250383225896045,0.3386773547094188,2.230437806671759e-09,2.356746969453538e-09,0.29260552447584,0.27986808801394913,0.3604645771285354,0.3836878711983342,0.3787192533147856,0.3613283962723082,-0.049546273898770504,-0.004300124268223543,-0.006881044458898367,0.07118550134987861,0.0632627146969855,0.16166987000772567
sample_1418,False,ok,multi_seed_output\seed_3_mh114\airfoils\sample_1418.dat,0.13048067422337387,0.2925851703406813,2.230437806671759e-09,2.356746969453538e-09,0.2771058557318115,0.3448241290706656,0.365012224458092,0.3326888061792418,0.358292550783613,0.41562140429461936,-0.03350052987829924,-0.03589872841117962,0.007039521128820905,0.0772090427002131,0.14545396426067847,0.19589758621079914
sample_1419,False,ok,multi_seed_output\seed_3_mh114\airfoils\sample_1419.dat,0.14309102711035626,0.3166332665330661,2.230437806671759e-09,2.356746969453538e-09,0.28297687658957993,0.2941853582172461,0.4011636875874513,0.3806252114286318,0.3592474045325057,0.3505574340476597,-0.10274612921153686,-0.07972033240066252,0.03657973067055087,-0.01373812490967925,0.06458691208211975,0.2503897718197148
sample_1420,False,ok,multi_seed_output\seed_3_mh114\airfoils\sample_1420.dat,0.12464815992513838,0.2925851703406813,2.230437806671759e-09,2.356746969453538e-09,0.28134607688552765,0.26997468125889973,0.4072233689898966,0.32215221478765776,0.2980659309434222,0.4435068986123864,-0.12565251847189526,0.004350257963144005,0.021080303836735675,0.05913699752131045,0.07358007223089708,0.19609577411746593
sample_1421,False,ok,multi_seed_output\seed_3_mh114\airfoils\sample_1421.dat,0.1224552115021916,0.2745490981963928,2.230437806671759e-09,2.356746969453538e-09,0.2784971672507989,0.3895784684223628,0.2940891208772774,0.30993280154496905,0.3133940588776762,0.3741343128029453,-0.05170372736800931,0.034240657471110214,-0.010416207450440133,0.05238829860405948,0.08342845642249742,0.1848686172078684
sample_1422,False,ok,multi_seed_output\seed_3_mh114\airfoils\sample_1422.dat,0.12330453341507769,0.30260521042084165,2.230437806671759e-09,2.356746969453538e-09,0.2314164550674149,0.31820910874240205,0.31069960025941595,0.4059455402103449,0.34215611101179955,0.4354136503675061,-0.1162971339551491,-0.007583336181293296,0.003918685075415221,0.07395743702333542,0.10333591128662378,0.2574702870933122
sample_1423,False,ok,multi_seed_output\seed_3_mh114\airfoils\sample_1423.dat,0.11439180801361942,0.25250501002004005,2.230437806671759e-09,2.356746969453538e-09,0.23746688635653496,0.3338953769224614,0.3055156805797077,0.3502946848032966,0.414506438470362,0.35349246370961457,-0.1283950423653474,0.016873991211801317,0.062155458178620976,0.07576561353743488,0.11091059782999627,0.2606786430082814
sample_1424,False,ok,multi_seed_output\seed_3_mh114\airfoils\sample_1424.dat,0.11851168181337962,0.25250501002004005,2.230437806671759e-09,2.356746969453538e-09,0.320737274284625,0.34095888355663867,0.3180364708268697,0.2855644486152925,0.3827186835878496,0.3809491974288898,-0.07097218107186684,0.03475441310615536,0.03287321927987703,0.04239057743617504,0.024843688751392298,0.22594795251085636
sample_1425,False,ok,multi_seed_output\seed_3_mh114\airfoils\sample_1425.dat,0.15380643798538912,0.2945891783567134,2.230437806671759e-09,2.356746969453538e-09,0.31965854570395646,0.3797949553781007,0.36975331640301623,0.40830986963452615,0.33046557742025745,0.35991213586166065,-0.050990823902421836,-0.07520888576021179,-0.01786328666369861,0.057804562830332404,0.027151446987425155,0.2177422136851514
sample_1426,False,ok,multi_seed_output\seed_3_mh114\airfoils\sample_1426.dat,0.1570886663445439,0.280561122244489,2.230437806671759e-09,2.356746969453538e-09,0.30303885663203123,0.37355767235387805,0.35348012620336744,0.3839506147385617,0.393008417561814,0.3398568738571635,-0.1275178958891431,-0.0768780402825767,-0.017007376058605576,-0.014827543524772151,0.14019369581781338,0.24982927760633694
sample_1427,False,ok,multi_seed_output\seed_3_mh114\airfoils\sample_1427.dat,0.11170599921186801,0.3166332665330661,2.230437806671759e-09,2.356746969453538e-09,0.20217753809214398,0.26252598461363563,0.29295013949031523,0.293658155985296,0.3224315242105091,0.3476101348162451,-0.03591905080280855,-0.039592080850313814,-0.05331295972903758,0.07151968465940597,0.1306549481214226,0.21782721904024113
sample_1428,False,ok,multi_seed_output\seed_3_mh114\airfoils\sample_1428.dat,0.1313440423424693,0.30861723446893785,2.230437806671759e-09,2.356746969453538e-09,0.23942473554825108,0.3574985372328951,0.31764604738641317,0.3286819007258057,0.320354796186488,0.41997314990145396,-0.032536647934803486,-0.06961197367134618,0.03425531106653376,-0.026399199560262286,0.0414161895326587,0.21748630453593237
sample_1429,False,ok,multi_seed_output\seed_3_mh114\airfoils\sample_1429.dat,0.15165206359427366,0.3226452905811623,2.230437806671759e-09,2.356746969453538e-09,0.23202614313156134,0.3678776321652401,0.36243003284978736,0.3672072886274316,0.42257876151829854,0.382449535948232,-0.09533475892359106,-0.06388326757404263,-0.0545563843113323,0.032028651270934766,0.054453965885583384,0.1540072348276393
sample_1430,False,ok,multi_seed_output\seed_3_mh114\airfoils\sample_1430.dat,0.13644381705549286,0.2725450901803607,2.230437806671759e-09,2.356746969453538e-09,0.26447601824787176,0.38426356501367287,0.30433896685787365,0.32041589307427726,0.3047333813008932,0.3408220245801783,-0.13550181231070918,0.008444802067690993,-0.019963710888547405,-0.030196463330049737,0.10661528977960652,0.2716822027458577
sample_1431,False,ok,multi_seed_output\seed_3_mh114\airfoils\sample_1431.dat,0.1329631687654988,0.2885771543086172,2.230437806671759e-09,2.356746969453538e-09,0.20575421422653567,0.313239040944757,0.35369097289656737,0.3808246218678309,0.31911234202845634,0.36765983165393007,-0.15041895905636338,-0.07377770588096697,0.058193733217564436,-0.0004898880067399775,0.12856611060823742,0.22357055988258145
sample_1432,False,ok,multi_seed_output\seed_3_mh114\airfoils\sample_1432.dat,0.126818560601367,0.30861723446893785,2.230437806671759e-09,2.356746969453538e-09,0.2538059268721652,0.3326850116360322,0.2922490175211511,0.365371792158274,0.31054193811433556,0.41410938757489235,-0.08071686341813739,-0.0006136992430842564,-0.048492450141211785,0.03502919090973315,0.12794664267029338,0.263146222435975
sample_1433,False,ok,multi_seed_output\seed_3_mh114\airfoils\sample_1433.dat,0.13348952686131302,0.3226452905811623,2.230437806671759e-09,2.356746969453538e-09,0.19832211488213167,0.31896650235190105,0.28809304994339163,0.4016321626270241,0.3840786131577287,0.40315536666729496,-0.13295801402162666,-0.06678233917793985,-0.002865736157380956,-0.017749949857708093,0.13615238295780016,0.15587091168044684
sample_1434,False,ok,multi_seed_output\seed_3_mh114\airfoils\sample_1434.dat,0.12813679123114874,0.3386773547094188,2.230437806671759e-09,2.356746969453538e-09,0.28767385837067455,0.3004461683997464,0.395120584471112,0.34244434316075495,0.4136510202634867,0.34682786518097153,-0.042218866868434596,-0.0054776907466214525,0.019932241102079376,0.03792818903999021,0.05488174181704034,0.27597228460644174
sample_1435,False,ok,multi_seed_output\seed_3_mh114\airfoils\sample_1435.dat,0.1337458914514223,0.30260521042084165,2.230437806671759e-09,2.356746969453538e-09,0.22082747665112518,0.33099758462176665,0.40184745270529704,0.3689742985370654,0.30803725294727935,0.3384317890984757,-0.13309287602212866,0.0026384697788777445,-0.011017090229830107,0.07970514299027535,0.1277521575828371,0.23980186577028578
sample_1436,False,ok,multi_seed_output\seed_3_mh114\airfoils\sample_1436.dat,0.1403323256738335,0.3166332665330661,2.230437806671759e-09,2.356746969453538e-09,0.26616284860947204,0.3393536511840114,0.4082205063254767,0.29561350160537914,0.4121927020215214,0.3545223332622953,-0.06663707743039046,-0.04503172447938214,0.01900231845358484,-0.02091242309053865,0.09905660056698885,0.21705625060566625
sample_1437,False,ok,multi_seed_output\seed_3_mh114\airfoils\sample_1437.dat,0.12734540186711443,0.31462925851703405,2.230437806671759e-09,2.356746969453538e-09,0.2274166701621373,0.31296946793798497,0.3276832157522999,0.3781368719026724,0.30533288270990955,0.37287559810609805,-0.0654156920166879,-0.04264529453847232,-0.018809506584573726,0.063083927215928,0.11024292507373949,0.21950264828457955
sample_1438,False,ok,multi_seed_output\seed_3_mh114\airfoils\sample_1438.dat,0.13835561870725824,0.30861723446893785,2.230437806671759e-09,2.356746969453538e-09,0.2890388450919821,0.3384864786068159,0.3870875755233607,0.3958108153036245,0.3534635277233436,0.4509366901256289,-0.10773714901215878,-0.014812983507972402,0.03997100064399885,-0.002141135372933048,0.12197910712008106,0.26007901979181375
sample_1439,False,ok,multi_seed_output\seed_3_mh114\airfoils\sample_1439.dat,0.14081367560707175,0.2605210420841683,2.230437806671759e-09,2.356746969453538e-09,0.3215671152410646,0.2938525036747045,0.3100183298781468,0.35581097809660023,0.394087410244673,0.3541729174514136,-0.133692455202748,-0.06401454749003746,-0.047020230022803394,0.04809467314283296,0.09049234191952202,0.2575816505614048
sample_1440,False,ok,multi_seed_output\seed_3_mh114\airfoils\sample_1440.dat,0.13853682161148956,0.3306613226452906,2.230437806671759e-09,2.356746969453538e-09,0.27647573979691165,0.32770303321855576,0.38328044538155986,0.3428288301919555,0.36758331225586693,0.3837839900415895,-0.08359967645992264,-0.002138289231987195,-0.034471548567987065,0.025664202071651564,0.04678342075502441,0.14840366753457362
sample_1441,False,ok,multi_seed_output\seed_3_mh114\airfoils\sample_1441.dat,0.14726485254448934,0.250501002004008,2.230437806671759e-09,2.356746969453538e-09,0.30548490910123716,0.3555066511176125,0.31455680411008013,0.32102910025142356,0.40446315425801355,0.347165444558209,-0.13390416261206722,-0.07745653879184324,-0.015787267427821695,0.04116390806336476,0.0404316046549148,0.15870264429320585
sample_1442,False,ok,multi_seed_output\seed_3_mh114\airfoils\sample_1442.dat,0.1103650099409278,0.3607214428857715,2.230437806671759e-09,2.356746969453538e-09,0.2034837144324759,0.263356384303929,0.36646711826984063,0.33542108453414565,0.3876906887634217,0.44473264071856106,-0.08274606970405077,0.0167199946545407,0.048267588417000615,0.03337566766829583,0.10873422977631982,0.21813312207340865
sample_1443,False,ok,multi_seed_output\seed_3_mh114\airfoils\sample_1443.dat,0.1229363309522851,0.31462925851703405,2.230437806671759e-09,2.356746969453538e-09,0.24414036686834564,0.2653750721416458,0.3140938608435561,0.29000642780065883,0.3247329188692462,0.38861345941010167,-0.0676167268662573,-0.050114950138225624,-0.03769973541493678,-0.013468996104149058,0.13924204770469395,0.26030227740586587
sample_1444,False,ok,multi_seed_output\seed_3_mh114\airfoils\sample_1444.dat,0.11892895534829373,0.3226452905811623,2.230437806671759e-09,2.356746969453538e-09,0.21858743585681692,0.2701156363299707,0.29796800175237464,0.40613904434682613,0.35305951599150487,0.38811192382606663,-0.1181670057635302,-0.05288012598045079,0.04514694494633151,0.019582345894192513,0.09249953201748354,0.2502822202104333
sample_1445,False,ok,multi_seed_output\seed_3_mh114\airfoils\sample_1445.dat,0.1315956487544097,0.3547094188376753,2.230437806671759e-09,2.356746969453538e-09,0.21197138501560714,0.309816364754991,0.4030954325114813,0.3968349690070688,0.3912621743494611,0.3757943766037319,-0.10742450793570857,-0.007962976413278089,0.046823972045377596,-0.0064248559241428735,0.14989179461001068,0.15229320303736046
sample_1446,False,ok,multi_seed_output\seed_3_mh114\airfoils\sample_1446.dat,0.12445200252922996,0.3226452905811623,2.230437806671759e-09,2.356746969453538e-09,0.23584729580236838,0.28942820561553845,0.3920148299574484,0.3003523673039539,0.34396110999035123,0.414843231985601,-0.08009236849855535,0.006022796568618635,-0.03240877118641683,0.07856297279496656,0.07608255357066887,0.16941853276596974
sample_1447,False,ok,multi_seed_output\seed_3_mh114\airfoils\sample_1447.dat,0.1258476369779184,0.25250501002004005,2.230437806671759e-09,2.356746969453538e-09,0.22484355605737014,0.3726493611650675,0.30141482718438534,0.2931230157526819,0.412290524698954,0.4520014591189732,-0.12584947306049507,-0.01654733805562668,0.014495197717219924,0.08991286412661967,0.09012822551496895,0.23748941835360537
sample_1448,False,ok,multi_seed_output\seed_3_mh114\airfoils\sample_1448.dat,0.12689169312036722,0.3226452905811623,2.230437806671759e-09,2.356746969453538e-09,0.26824294601158577,0.38487677194857056,0.3859764525747076,0.4041411410671698,0.3474623257737077,0.45254330449072305,-0.03596296036194524,0.03878393664231551,0.053945613576964146,0.06760004471589302,0.10978281917261062,0.19548949389026188
sample_1449,False,ok,multi_seed_output\seed_3_mh114\airfoils\sample_1449.dat,0.13387135710388273,0.30260521042084165,2.230437806671759e-09,2.356746969453538e-09,0.3150296467400069,0.38507191412154773,0.39049749879404994,0.3536606532850963,0.36199652779497893,0.41603837392789145,-0.0395561362911777,0.014399313492119384,0.06075749510667401,0.001859014376348514,0.11096845081835986,0.1627333451784805
sample_1450,False,ok,multi_seed_output\seed_3_mh114\airfoils\sample_1450.dat,0.12822585326475594,0.280561122244489,2.230437806671759e-09,2.356746969453538e-09,0.21131770230344957,0.33236277999207825,0.36711407933930656,0.28650610454364595,0.320252249457092,0.39337139207565086,-0.15149904775677978,-0.013342643862907622,0.028443475721155326,0.009156494034262781,0.078289824473733,0.23376358896790356
sample_1451,False,ok,multi_seed_output\seed_3_mh114\airfoils\sample_1451.dat,0.11853592328904865,0.374749498997996,2.230437806671759e-09,2.356746969453538e-09,0.19621649136360944,0.34434121347331614,0.2828787902437916,0.39554167065746676,0.3708895777947898,0.3822274572673271,-0.10978352453639623,0.04200070259630419,0.02454984499639387,-0.02896678811544566,0.09770886522691279,0.24564993674923535
sample_1452,False,ok,multi_seed_output\seed_3_mh114\airfoils\sample_1452.dat,0.14100022920231328,0.3386773547094188,2.230437806671759e-09,2.356746969453538e-09,0.26102938119129704,0.35946619862325413,0.4047176565266569,0.33927827233252017,0.33641143673532514,0.3931328141747418,-0.06859959114273727,0.03721509965847285,-0.05558489591497346,0.0044946370502852995,0.1124786373649857,0.17466407249091245
sample_1453,False,ok,multi_seed_output\seed_3_mh114\airfoils\sample_1453.dat,0.14268763200190843,0.3246492985971944,2.230437806671759e-09,2.356746969453538e-09,0.19577950478821968,0.3295935229807946,0.3815929085804485,0.31184113370149297,0.3114975376636106,0.33761980717372386,-0.07736466027310926,-0.07195240914202378,-0.03605168447773532,-0.031878919188731994,0.1238350045591949,0.17433362775367325
sample_1454,False,ok,multi_seed_output\seed_3_mh114\airfoils\sample_1454.dat,0.1316122330117365,0.280561122244489,2.230437806671759e-09,2.356746969453538e-09,0.3143736227317062,0.3167236579469994,0.3560553753618302,0.2980736786633909,0.39881646190632786,0.39161976170976553,-0.08260270578701408,-0.013671966988898304,-0.010105582576057433,0.024187528451857475,0.143675940837046,0.1742944434322624
sample_1455,False,ok,multi_seed_output\seed_3_mh114\airfoils\sample_1455.dat,0.14175040636045924,0.3006012024048096,2.230437806671759e-09,2.356746969453538e-09,0.29755398180151993,0.34654383897636715,0.3420862461025882,0.35162145865816363,0.41841235911190966,0.3548886029263602,-0.07156565372137062,-0.04827095627950694,-0.028473212516495844,0.04245964824828864,0.07362205443874466,0.17907770603457543
sample_1456,False,ok,multi_seed_output\seed_3_mh114\airfoils\sample_1456.dat,0.1487594823204181,0.3386773547094188,2.230437806671759e-09,2.356746969453538e-09,0.28938646723656325,0.32133237814365856,0.38588514239203064,0.4131362033997993,0.3055136815814232,0.40849325963822697,-0.03489458045792762,-0.06503588693301486,-0.038703861044983814,0.004097996064904963,0.0977758773439353,0.18842050932380308
sample_1457,False,ok,multi_seed_output\seed_3_mh114\airfoils\sample_1457.dat,0.1414661561559963,0.3246492985971944,2.230437806671759e-09,2.356746969453538e-09,0.21625556746252506,0.34678041891958195,0.40222054682245917,0.35416612462523367,0.38723010316236495,0.4079668741700184,-0.040130711056792626,-0.05569700762050372,-0.030610985186007945,0.0694569446901668,0.11595881778502574,0.24238687022208913
sample_1458,False,ok,multi_seed_output\seed_3_mh114\airfoils\sample_1458.dat,0.1442352828221741,0.24649298597194386,2.230437806671759e-09,2.356746969453538e-09,0.3013361949356705,0.3509051565488036,0.37647419788636804,0.4045544105412673,0.3267525290390213,0.3881955507898644,-0.1449259174612384,-0.06177392334761499,0.05680301096004549,0.09545679410512706,0.06410182823228203,0.1987367637704203
sample_1459,False,ok,multi_seed_output\seed_3_mh114\airfoils\sample_1459.dat,0.14347183170461247,0.3166332665330661,2.230437806671759e-09,2.356746969453538e-09,0.29509670655772646,0.3431262045304381,0.3280653603833424,0.3454485078676121,0.33066176074202014,0.45378373568031144,-0.08671834986574084,-0.029346990850411057,-0.05305239392404824,-0.028439595798298606,0.05923643706154629,0.16164526664363993
sample_1460,False,ok,multi_seed_output\seed_3_mh114\airfoils\sample_1460.dat,0.14322387899607922,0.30861723446893785,2.230437806671759e-09,2.356746969453538e-09,0.20896177985832012,0.34647947798216405,0.3105837755679526,0.4129645520710512,0.41757678295829403,0.3611037542512031,-0.14881502577475758,-0.08678094279198785,0.014701207475524503,-0.008104290151233626,0.06602020559156144,0.25727449749296716
sample_1461,False,ok,multi_seed_output\seed_3_mh114\airfoils\sample_1461.dat,0.12681574852650432,0.3246492985971944,2.230437806671759e-09,2.356746969453538e-09,0.25752308943551616,0.3584041181011006,0.3184008109441609,0.3979519577002291,0.3298460665144272,0.3558988996228145,-0.04259053273408475,-0.015853767873825503,0.05033402338592978,-0.018448615711146997,0.09762735054958357,0.27088732465426746
sample_1462,False,ok,multi_seed_output\seed_3_mh114\airfoils\sample_1462.dat,0.13549297390304715,0.2444889779559118,2.230437806671759e-09,2.356746969453538e-09,0.2856271086696452,0.38390649681207023,0.3654153390520039,0.3126436625693517,0.35152596500253175,0.3906708030969604,-0.16154870733791707,0.03190933267706497,0.021341775176322464,0.0824476150679602,0.025206283063631152,0.22992926179123718
sample_1463,False,ok,multi_seed_output\seed_3_mh114\airfoils\sample_1463.dat,0.1133505803420515,0.344689378757515,2.230437806671759e-09,2.356746969453538e-09,0.19528238530188846,0.32316223109599496,0.29876458375077836,0.3381219513395541,0.4003342351797891,0.3443932876208022,-0.037862509027944385,-0.020122756075399484,0.04227908452698638,0.02635506975906654,0.05382294207554739,0.19312093234221642
sample_1464,False,ok,multi_seed_output\seed_3_mh114\airfoils\sample_1464.dat,0.12303328586375516,0.22444889779559116,2.230437806671759e-09,2.356746969453538e-09,0.31009347784252433,0.29484379122857757,0.31256112410092834,0.34810068484377127,0.3495864276501766,0.4108103088182553,-0.16149174026377033,0.025855460108063832,0.00837071085413596,0.07177089196720024,0.04895770433387681,0.2404028477672926
sample_1465,False,ok,multi_seed_output\seed_3_mh114\airfoils\sample_1465.dat,0.1221375490486536,0.2945891783567134,2.230437806671759e-09,2.356746969453538e-09,0.2362316278469787,0.27310912790545844,0.3232672734058472,0.3422475304016054,0.3640168925955882,0.41748492601503057,-0.0944732074764615,-0.08524367056748097,0.062430382145655564,0.0023821548979514814,0.08177254018347592,0.2556639445832757
sample_1466,False,ok,multi_seed_output\seed_3_mh114\airfoils\sample_1466.dat,0.12882668532243324,0.280561122244489,2.230437806671759e-09,2.356746969453538e-09,0.299839774273463,0.2920624906493389,0.34797301707158734,0.3907671997550497,0.31300656576605246,0.4586340480450934,-0.09804970264063959,-0.027137164188089237,0.0017881523244958758,0.08496364559304236,0.1069839572552538,0.22801083067528333
sample_1467,False,ok,multi_seed_output\seed_3_mh114\airfoils\sample_1467.dat,0.12671210037632188,0.2665330661322645,2.230437806671759e-09,2.356746969453538e-09,0.2562536496294494,0.3499057773591035,0.3705490890470179,0.3082600189929925,0.35513681001088393,0.43853193647789174,-0.13932780078607784,0.02266106224811955,0.03238331230934671,0.07689587278450917,0.04489061541511162,0.1846229792028326
sample_1468,False,ok,multi_seed_output\seed_3_mh114\airfoils\sample_1468.dat,0.13420383913742656,0.3166332665330661,2.230437806671759e-09,2.356746969453538e-09,0.23372382054854265,0.3709700164288808,0.3256617058027878,0.3919119367719429,0.31885382618169805,0.3526047606274313,-0.1394918976238278,0.04206911582132884,-0.03900465638930465,0.01784396500992138,0.1027690503169489,0.2614483587049031
sample_1469,False,ok,multi_seed_output\seed_3_mh114\airfoils\sample_1469.dat,0.14160396500734426,0.2745490981963928,2.230437806671759e-09,2.356746969453538e-09,0.2736902797148926,0.3791395268676327,0.3946398947628012,0.3212718824309064,0.29680841960770393,0.45116382034196106,-0.13132613763707504,0.010076845213606342,-0.018440287966189094,0.07009490199774805,0.08811689693491842,0.25284877388806104
sample_1470,False,ok,multi_seed_output\seed_3_mh114\airfoils\sample_1470.dat,0.13583175587401336,0.25250501002004005,2.230437806671759e-09,2.356746969453538e-09,0.3184068455347686,0.32501211063652985,0.32828643883934105,0.34383802283108156,0.37254569595619436,0.40464915742554747,-0.11738880663493251,-0.046082078726230206,0.027906873943663285,0.025510569187261294,0.05686950906273623,0.17658393399463396
sample_1471,False,ok,multi_seed_output\seed_3_mh114\airfoils\sample_1471.dat,0.12049269194559833,0.2725450901803607,2.230437806671759e-09,2.356746969453538e-09,0.3151316645058777,0.27377846372769976,0.3003843859448649,0.3413193178438678,0.3420404354036176,0.4416313442519654,-0.07531324792040758,-0.030106584082410598,0.00647969932386562,0.050587243292505496,0.03328802966373993,0.18803697810684827
sample_1472,False,ok,multi_seed_output\seed_3_mh114\airfoils\sample_1472.dat,0.12336316447168884,0.2665330661322645,2.230437806671759e-09,2.356746969453538e-09,0.3099022368030807,0.3159072706386554,0.29815718295354704,0.29063256115903124,0.40249658361625107,0.456433767178255,-0.11671869799815332,0.0320572536141195,-0.030000108624172236,0.01744570787241278,0.09750087922754576,0.24315544806852815
sample_1473,False,ok,multi_seed_output\seed_3_mh114\airfoils\sample_1473.dat,0.14564193353358357,0.2725450901803607,2.230437806671759e-09,2.356746969453538e-09,0.3124914653737922,0.3525347136988777,0.3516185058776281,0.34308949259162747,0.4077033580596582,0.46221626041756847,-0.12428651676726298,-0.041299512514713727,-0.00764362382484169,0.023853385559617683,0.06607779661803573,0.17195193445805174
sample_1474,False,ok,multi_seed_output\seed_3_mh114\airfoils\sample_1474.dat,0.13720510524121537,0.25250501002004005,2.230437806671759e-09,2.356746969453538e-09,0.2598295862855744,0.37867658665016946,0.30782640576597436,0.30911216071211867,0.3184007383052268,0.43051731614492117,-0.15763918212241332,-0.0026818278347709584,-0.03010857427272299,0.0410841608092888,0.1083232718812968,0.18651821405391472
sample_1475,False,ok,multi_seed_output\seed_3_mh114\airfoils\sample_1475.dat,0.11861009691616632,0.30861723446893785,2.230437806671759e-09,2.356746969453538e-09,0.20670709236582122,0.343949833669619,0.3048475170036205,0.36522790261005555,0.36467641827115826,0.34973200180636066,-0.04003789365787816,-0.04965731583779347,0.06966670475251442,0.01566085390948143,0.12665676812744733,0.1916981028773513
sample_1476,False,ok,multi_seed_output\seed_3_mh114\airfoils\sample_1476.dat,0.15119276913766408,0.30260521042084165,2.230437806671759e-09,2.356746969453538e-09,0.3203294152419003,0.3043703532694217,0.3884639616308786,0.4051814050495379,0.3416366871156204,0.3425522102145548,-0.09282269307255499,-0.08729704664626757,-0.023802437365600358,0.04669391582306524,0.032863366536778044,0.1854582627436139
sample_1477,False,ok,multi_seed_output\seed_3_mh114\airfoils\sample_1477.dat,0.14480539040181717,0.3006012024048096,2.230437806671759e-09,2.356746969453538e-09,0.3108652477052407,0.308396446595622,0.402900824355572,0.32929116482067683,0.3837854329713343,0.4318050801443174,-0.13673486480205782,-0.017109171376842258,-0.0312436550874811,0.0008197079881166608,0.12743862250749108,0.23088645734995888
sample_1478,False,ok,multi_seed_output\seed_3_mh114\airfoils\sample_1478.dat,0.1355621360114793,0.2865731462925851,2.230437806671759e-09,2.356746969453538e-09,0.23231965756719422,0.35457395172943584,0.28714938568934434,0.3844729099676843,0.3078220209812415,0.4598074857255209,-0.13441030111222335,-0.04949794982469197,0.0037630720411647306,-0.0007510157150491178,0.05817179416331367,0.18498026653510974
sample_1479,False,ok,multi_seed_output\seed_3_mh114\airfoils\sample_1479.dat,0.11743442726687306,0.2745490981963928,2.230437806671759e-09,2.356746969453538e-09,0.26379260782540626,0.356741526886565,0.29640096163084423,0.3835560232247631,0.39282565002525993,0.4649844826162495,-0.09772995129226732,0.03883217409012481,0.03100450652718381,0.07989473179603969,0.1190994364152774,0.24081549648206965
sample_1480,False,ok,multi_seed_output\seed_3_mh114\airfoils\sample_1480.dat,0.11343088214438576,0.2725450901803607,2.230437806671759e-09,2.356746969453538e-09,0.29668967652311434,0.30251248866686664,0.338781295892874,0.2904933108669618,0.3296658772326414,0.4638119400810419,-0.03873098820094209,0.005128120681392845,0.02581227471546596,0.08221291408696026,0.09515159201574218,0.2312567346862044
sample_1481,False,ok,multi_seed_output\seed_3_mh114\airfoils\sample_1481.dat,0.1357399599239971,0.2865731462925851,2.230437806671759e-09,2.356746969453538e-09,0.20481539157661816,0.3610033387633427,0.35330048256985624,0.35002625106388374,0.3017427953418069,0.45765194314764,-0.15694292321331357,-0.009414971335668987,-0.02409993904880084,0.07617539321023649,0.08876729433620588,0.14897606127550334
sample_1482,False,ok,multi_seed_output\seed_3_mh114\airfoils\sample_1482.dat,0.14570027101597696,0.25250501002004005,2.230437806671759e-09,2.356746969453538e-09,0.32363341398353873,0.3456875495187955,0.3471585659262095,0.3355662177441635,0.3151376302553928,0.4105944996468245,-0.12389468639345572,-0.050472137349319365,-0.01915452499683476,0.04147905530472333,0.10754292426128628,0.25968833456339924
sample_1483,False,ok,multi_seed_output\seed_3_mh114\airfoils\sample_1483.dat,0.13161194818735247,0.2945891783567134,2.230437806671759e-09,2.356746969453538e-09,0.3237338800359972,0.31110822843257724,0.35915409777857243,0.3605336918352783,0.40204229394883007,0.3960501237575281,-0.032877883928246615,-0.045595079389336594,0.0048445516396943555,0.08141096351556384,0.11842660196390847,0.21604838335579984
sample_1484,False,ok,multi_seed_output\seed_3_mh114\airfoils\sample_1484.dat,0.12937463911302316,0.2745490981963928,2.230437806671759e-09,2.356746969453538e-09,0.2117218072433665,0.37332231839705277,0.2966978160153434,0.29825691207998445,0.3776243231078581,0.4477288100344135,-0.08830577686603006,-0.05042174227912164,-0.0022509747007727274,0.04753646139656613,0.12193760890673294,0.21186086851808877
sample_1485,False,ok,multi_seed_output\seed_3_mh114\airfoils\sample_1485.dat,0.12601527463876702,0.3687374749498998,2.230437806671759e-09,2.356746969453538e-09,0.2595381386983699,0.2841929033710149,0.3891867057273044,0.41230028032025656,0.3563999842320975,0.42471002396986457,-0.09076777342106168,0.010518677688873518,0.06002334033503122,-0.023810705452519863,0.14046065803665736,0.24960076566885342
sample_1486,False,ok,multi_seed_output\seed_3_mh114\airfoils\sample_1486.dat,0.11707707930642683,0.3306613226452906,2.230437806671759e-09,2.356746969453538e-09,0.24857888880455903,0.32012369217874476,0.28895284910313085,0.30266936575368153,0.3819605212054823,0.4081161972828332,-0.06012233056825994,0.039650775132357416,-0.05393285174558335,0.014395037856018346,0.13229333553581812,0.2736265621888144
sample_1487,False,ok,multi_seed_output\seed_3_mh114\airfoils\sample_1487.dat,0.12756465317607482,0.344689378757515,2.230437806671759e-09,2.356746969453538e-09,0.3110782019725318,0.27670869379263846,0.36918681715441853,0.3847443010272443,0.41554614675344986,0.353380919954987,-0.05399154583440724,-0.027973521943394017,0.055130708599655714,-0.024432101436391858,0.13011791660452,0.26024666537715496
sample_1488,False,ok,multi_seed_output\seed_3_mh114\airfoils\sample_1488.dat,0.1256769171672779,0.35270541082164325,2.230437806671759e-09,2.356746969453538e-09,0.21017823000337685,0.2803291732153895,0.3150816066710167,0.3818628859430824,0.4147599789156604,0.45555471898244254,-0.11387631625670011,-0.0653197670975177,0.049310666128749486,-0.025889835420566446,0.0787277354820149,0.15652749825509146
sample_1489,False,ok,multi_seed_output\seed_3_mh114\airfoils\sample_1489.dat,0.1253996495335263,0.2925851703406813,2.230437806671759e-09,2.356746969453538e-09,0.2994468513892995,0.26782519279097283,0.3038007925834916,0.3756546246300176,0.4222316551650308,0.3996297450852312,-0.13870961288482747,-0.011924541783669432,-0.015141971564593466,0.04904453080622097,0.053200830051764986,0.1934559240368459
sample_1490,False,ok,multi_seed_output\seed_3_mh114\airfoils\sample_1490.dat,0.14350319885222637,0.2945891783567134,2.230437806671759e-09,2.356746969453538e-09,0.2896571878871359,0.2992738787220046,0.3806022569238206,0.33117776042822183,0.38553180888309996,0.3508548517601375,-0.1214709765192248,-0.06518595333281828,-0.025209009615362488,0.03757606786332393,0.04913944750094854,0.2722976496352836
sample_1491,False,ok,multi_seed_output\seed_3_mh114\airfoils\sample_1491.dat,0.1338503587206497,0.2945891783567134,2.230437806671759e-09,2.356746969453538e-09,0.3033723504013978,0.3060725739001788,0.30332807761357633,0.400676013988287,0.29522160022150895,0.3928123112756273,-0.07785179790325482,-0.048078516742343556,-0.030736461695921327,0.029910474517595237,0.12410711316547915,0.22394469301227835
sample_1492,False,ok,multi_seed_output\seed_3_mh114\airfoils\sample_1492.dat,0.1370179245795132,0.25851703406813625,2.230437806671759e-09,2.356746969453538e-09,0.29769308483807316,0.3221154790048614,0.3585662021386557,0.28446107996819425,0.3914588864968131,0.36120758723348406,-0.1546355307711181,0.00013165573783316398,-0.0518521410349602,0.08709986739195852,0.06111539944259134,0.1668501139425842
sample_1493,False,ok,multi_seed_output\seed_3_mh114\airfoils\sample_1493.dat,0.14235251489674314,0.3306613226452906,2.230437806671759e-09,2.356746969453538e-09,0.3146962178159581,0.34978022897362193,0.4103535347275147,0.3180263571074808,0.41764922529267756,0.4095869376894248,-0.04032084389894049,0.01648544760942318,-0.04983814392432093,0.02933704092319002,0.08594539621427486,0.24794993889695505
sample_1494,False,ok,multi_seed_output\seed_3_mh114\airfoils\sample_1494.dat,0.14045169883211567,0.2885771543086172,2.230437806671759e-09,2.356746969453538e-09,0.30969305394999597,0.37175990250351443,0.3748232323472739,0.3844392884010134,0.39958041794392146,0.45751342820271235,-0.09588925665804782,0.0042858921524216165,0.003140464890618394,0.07090039154413169,0.08933241880928783,0.18359998604072397
sample_1495,False,ok,multi_seed_output\seed_3_mh114\airfoils\sample_1495.dat,0.12620810548107278,0.2865731462925851,2.230437806671759e-09,2.356746969453538e-09,0.21235503053275132,0.35664796922428,0.37717890980471125,0.32732098238787344,0.3137939935097405,0.3421567366242015,-0.14748193463357667,0.02465273027601432,0.038833918103533566,0.03578035105149416,0.11715211577220012,0.2512129205433979
sample_1496,False,ok,multi_seed_output\seed_3_mh114\airfoils\sample_1496.dat,0.11044708030347171,0.344689378757515,2.230437806671759e-09,2.356746969453538e-09,0.2108040905229577,0.27844283252236374,0.35052041675936857,0.3489178436463287,0.34129843646794555,0.43498871653647597,-0.08708509389287418,0.02915578658202242,0.034143049841920486,0.029953448617105152,0.15081567369190946,0.19522752977042954
sample_1497,False,ok,multi_seed_output\seed_3_mh114\airfoils\sample_1497.dat,0.14213365410484666,0.344689378757515,2.230437806671759e-09,2.356746969453538e-09,0.21292217982389536,0.38267617045269275,0.40858883711102845,0.3820230425135876,0.4228564389527481,0.4273525122591443,-0.047169189150099836,-0.04633720112529498,0.06115993654665594,-0.013730743546750992,0.0979117814194056,0.24860134125916256
sample_1498,False,ok,multi_seed_output\seed_3_mh114\airfoils\sample_1498.dat,0.131883462347813,0.23847695390781562,2.230437806671759e-09,2.356746969453538e-09,0.3180191920858327,0.31582848682762066,0.3726286523988436,0.2883952001467136,0.32322102357730764,0.4453694355784976,-0.09830564738662076,-0.03741167410493085,0.018714387037615354,0.09547371135471089,0.14943289873836102,0.22901589684559476
sample_1499,False,ok,multi_seed_output\seed_3_mh114\airfoils\sample_1499.dat,0.13299283191775352,0.2865731462925851,2.230437806671759e-09,2.356746969453538e-09,0.32355108512182246,0.3174560836570584,0.4109388644487426,0.31712055329703276,0.31900285064624684,0.39635962454190327,-0.1288219146347587,0.02532300383051042,0.047801061881896104,-0.03153189124175867,0.0770569823758443,0.23652213409727424
sample_1500,False,ok,multi_seed_output\seed_3_mh114\airfoils\sample_1500.dat,0.11893010433434584,0.3687374749498998,2.230437806671759e-09,2.356746969453538e-09,0.20273044557836428,0.2901659174377509,0.3709744775650301,0.2885115648050665,0.30776288062882845,0.38511593938516026,-0.06895445910380166,0.03647513229301656,-0.012518098519297902,-0.014308467486157574,0.02879824513496862,0.2658121653079913
