iter,p1,p2,fitness,best_fitness,cl,cd,t_max,feasible
1,0.1970646319359626,-0.20576468999999997,0.025176848812104614,0.005929539871158707,0.7182147959492923,0.005988946191133176,0.12605918285149698,0
2,0.19257962283937732,-0.20576468999999997,0.006001018051034064,0.005929539871158707,0.7227384296130409,0.006001018051034064,0.12651233310498025,1
3,0.1887773751119996,-0.18596920957893884,0.005982307494627685,0.005929539871158707,0.7236185151359975,0.005982307494627685,0.12367420876986537,1
4,0.19428999058193958,-0.18182158466660844,0.009065354503655467,0.005929539871158707,0.7190426680670803,0.00595916566913498,0.12096500194230511,0
5,0.19428999058193958,-0.18182158466660844,0.009065354503655467,0.005929539871158707,0.7190426680670803,0.00595916566913498,0.12096500194230511,0
6,0.20494495963373432,-0.1919301816840722,0.012568037358142416,0.005929539871158707,0.7187879063181223,0.005973075876685062,0.12379530168551678,0
7,0.20494495963373432,-0.1919301816840722,0.012568037358142416,0.005929539871158707,0.7187879063181223,0.005973075876685062,0.12379530168551678,0
8,0.20494495963373432,-0.1919301816840722,0.012568037358142416,0.005929539871158707,0.7187879063181223,0.005973075876685062,0.12379530168551678,0
9,0.20537409987956415,-0.18378756913065267,0.17996018094247923,0.005929539871158707,0.7154293270456181,0.006015052018353337,0.12345244091181194,0
10,0.19909953404753955,-0.1837224156672542,0.018461629337344975,0.005929539871158707,0.7184861263304618,0.0060544838204402455,0.12331148507721088,0
11,0.20352094008626692,-0.17628490881445877,0.0060192308216773915,0.005929539871158707,0.7252699696450575,0.0060192308216773915,0.12048208530534597,1
12,0.19326064477151986,-0.1746726048942793,0.006018489808365505,0.005929539871158707,0.7357522283334971,0.006018489808365505,0.12008438285204046,1
13,0.19849396485879017,-0.1716481404053771,0.01186819038234498,0.005929539871158707,0.7295666779437863,0.00599402044730747,0.11923356866354268,0
14,0.1979446151792147,-0.17353382034219753,0.007184314172682557,0.005929539871158707,0.7359248803120597,0.00601551492491319,0.1196581229390893,0
15,0.19635244283376801,-0.17671523937567504,0.006037955340376321,0.005929539871158707,0.7290197565687054,0.006037955340376321,0.12092726629152617,1
16,0.19005495860083493,-0.1689984992680512,0.006007820241260388,0.005929539871158707,0.7281724290875856,0.006007820241260388,0.1208599964791777,1
17,0.19372467336576552,-0.17124479263611364,0.006002906347123427,0.005929539871158707,0.7339552930428441,0.006002906347123427,0.12258002531268859,1
18,0.21021661565331426,-0.17078679750005846,0.0058844192274243225,0.0058844192274243225,0.7328519234249503,0.0058844192274243225,0.1233752163621276,1
19,0.21054131501262893,-0.17550202606153323,0.005843425902435343,0.005843425902435343,0.7314556385667602,0.005843425902435343,0.12337942770193713,1
20,0.20198920311235652,-0.18448582423617044,0.005855424721143214,0.005843425902435343,0.7347463166169979,0.005855424721143214,0.12038008045149251,1
21,0.200297785388759,-0.1986999254335187,0.005899173184089357,0.005843425902435343,0.7291089361800742,0.005899173184089357,0.12220062291476112,1
22,0.2085853271228631,-0.1982025855779648,0.005916086147850617,0.005843425902435343,0.72936352162646,0.005916086147850617,0.12290486295862706,1
23,0.21347912277632064,-0.19189702849925983,0.005942428162942351,0.005843425902435343,0.7377753809512808,0.005942428162942351,0.12386405258136031,1
24,0.21927076537304824,-0.19204595235625438,0.005988336644934497,0.005843425902435343,0.7433013360805605,0.005988336644934497,0.12357485623704306,1
25,0.23033489127590343,-0.19577366752306252,0.005993420287465572,0.005843425902435343,0.7461758461052247,0.005993420287465572,0.1235209835224767,1
26,0.23102598752647655,-0.18752212754937453,0.006031334034655415,0.005843425902435343,0.7450826362184317,0.006031334034655415,0.12233952992182533,1
27,0.2161346110674858,-0.19060941432355527,0.006007121163914094,0.005843425902435343,0.7538511474742352,0.006007121163914094,0.12059548397842718,1
28,0.2114019905339418,-0.19547110535653636,0.013391129144350299,0.005843425902435343,0.7553084650753501,0.0059738640973782025,0.11913876454746845,0
29,0.21631926647488348,-0.19529647036494138,0.012439141922611165,0.005843425902435343,0.7603643292391705,0.005931791279469646,0.11919331848644328,0
30,0.2225345510115183,-0.20576468999999997,0.005866383199406373,0.005843425902435343,0.762719928838952,0.005866383199406373,0.12256425679217586,1
31,0.22930632085859393,-0.19736117913986082,0.005963498417910614,0.005843425902435343,0.7720135835485396,0.005963498417910614,0.12262425368527986,1
32,0.22853234162696082,-0.19959147306090294,0.005975131463086089,0.005843425902435343,0.7852711461181281,0.005975131463086089,0.12494907234172319,1
33,0.2309000789623154,-0.1849086440961188,0.006001766629394375,0.005843425902435343,0.8026356545990638,0.006001766629394375,0.12251388637954672,1
34,0.22781032038406598,-0.18348268635950815,0.005962386301841949,0.005843425902435343,0.8100523526260819,0.005962386301841949,0.12368370203569769,1
35,0.22770545279129206,-0.17548360785532224,0.006016322100711908,0.005843425902435343,0.8051069288649318,0.006016322100711908,0.12446413345352599,1
36,0.22725886422322072,-0.17624619916999848,0.006033573784417132,0.005843425902435343,0.8047231268596252,0.006033573784417132,0.12672341358487227,1
37,0.23092531078189082,-0.18014556800390333,0.006059811678554958,0.005843425902435343,0.7953375738134225,0.006059811678554958,0.12802374087270643,1
38,0.23503327914366315,-0.19159149803573852,0.006018159427580685,0.005843425902435343,0.789129766878575,0.006018159427580685,0.1317422007680742,1
39,0.24705416329355517,-0.18073923898519223,0.00604487384568789,0.005843425902435343,0.7857625276149216,0.00604487384568789,0.13256477012308487,1
40,0.23341849803414313,-0.1840032720428658,0.0060108024893689915,0.005843425902435343,0.7731058937743112,0.0060108024893689915,0.1326885092241834,1
41,0.21558633644229985,-0.1891617848436714,0.005985677932967345,0.005843425902435343,0.7838199846963936,0.005985677932967345,0.13157151773145673,1
42,0.22223404794256685,-0.19242944719189028,0.005953331828211289,0.005843425902435343,0.7669760312906496,0.005953331828211289,0.1326526027670906,1
43,0.24206846208492633,-0.18454685231998763,0.005924600223202005,0.005843425902435343,0.7643857050539603,0.005924600223202005,0.1317261000180306,1
44,0.24327778323620775,-0.1887827791956479,0.005924310264874119,0.005843425902435343,0.7748290249886032,0.005924310264874119,0.13219641355564613,1
45,0.22754502405553137,-0.19360222196659668,0.005878418247792031,0.005843425902435343,0.7679455892594831,0.005878418247792031,0.13273315757645204,1
46,0.22584087606006642,-0.19242521200823756,0.00593132941617102,0.005843425902435343,0.7731895277893256,0.00593132941617102,0.13302183992695502,1
47,0.2271366731273582,-0.1919153025680494,0.005943106625445577,0.005843425902435343,0.7731070701496947,0.005943106625445577,0.1334832225006185,1
48,0.23630636974478655,-0.18204074140385032,0.0059586593215088385,0.005843425902435343,0.7770156986752927,0.0059586593215088385,0.13338844704480907,1
49,0.22363298797134357,-0.16461475854908045,0.005954177923837442,0.005843425902435343,0.7799534843281017,0.005954177923837442,0.13132858004777287,1
50,0.21800085747629572,-0.17166569289342284,0.00596341808378453,0.005843425902435343,0.7834636246319876,0.00596341808378453,0.13104573773601286,1
51,0.22563170730513316,-0.16261604837407087,0.005921092316406554,0.005843425902435343,0.7759139182723742,0.005921092316406554,0.13239507384134494,1
52,0.2255843014408856,-0.16986354258920677,0.00589345965271529,0.005843425902435343,0.769515986300685,0.00589345965271529,0.13238555742278607,1
53,0.22075664217515792,-0.15155281385641314,0.005798634377126367,0.005798634377126367,0.7576553746294936,0.005798634377126367,0.13153562018693762,1
54,0.212366752572574,-0.14561609372836537,0.005759136935555602,0.005759136935555602,0.7533277581365232,0.005759136935555602,0.13259022464767922,1
55,0.2117310516964691,-0.14205019140249336,0.005740612361411099,0.005740612361411099,0.7456119422397568,0.005740612361411099,0.13376556367083883,1
56,0.2134029472331991,-0.15394736800348072,0.005826264066258864,0.005740612361411099,0.7315152536625243,0.005826264066258864,0.13530445857572582,1
57,0.2042798880966631,-0.1578299164969945,0.005885835936430573,0.005740612361411099,0.735048130182726,0.005885835936430573,0.1343062349094955,1
58,0.21963596980799874,-0.16944076652207582,0.005966993796383719,0.005740612361411099,0.7380533594658892,0.005966993796383719,0.13319274419183644,1
59,0.2214601816649851,-0.17389259888815753,0.005981205594155688,0.005740612361411099,0.7298425801964218,0.005981205594155688,0.13440092757519256,1
60,0.21060157306768001,-0.1590632319587059,0.013092765355543528,0.005740612361411099,0.7187527004958295,0.005913600857867662,0.13266993637140587,0
61,0.22884217540284518,-0.16353037224544373,0.005966809127849494,0.005740612361411099,0.7367546745746929,0.005966809127849494,0.13198779149184195,1
62,0.2332725713836427,-0.1622642526137943,0.005893256859059445,0.005740612361411099,0.7428091435910764,0.005893256859059445,0.13170243999278952,1
63,0.23921426673480364,-0.16032925339877727,0.00591790723450753,0.005740612361411099,0.7430551342287851,0.00591790723450753,0.13374681198722227,1
64,0.23589793418517477,-0.16218907257816068,0.00593962746910431,0.005740612361411099,0.7440465077790022,0.00593962746910431,0.13356042074138572,1
65,0.23780066732949323,-0.14580942344737352,0.005867523469102614,0.005740612361411099,0.7614386684979465,0.005867523469102614,0.1335603868942817,1
66,0.23480683625768525,-0.14605655327000433,0.005872123886838332,0.005740612361411099,0.7531738812770286,0.005872123886838332,0.13097517383456017,1
67,0.2512636108899543,-0.14974398053272542,0.005926458855533385,0.005740612361411099,0.7593229653509569,0.005926458855533385,0.13370418952418572,1
68,0.26138470365688204,-0.1482981540091599,0.005938498423229365,0.005740612361411099,0.7610335452150443,0.005938498423229365,0.133287426265682,1
69,0.2652571347642561,-0.14199893554867576,0.0059438033820858925,0.005740612361411099,0.752583198555278,0.0059438033820858925,0.1349222071527257,1
70,0.26514012162973777,-0.13714045868508828,0.0059588577395273965,0.005740612361411099,0.7719368713393797,0.0059588577395273965,0.133625537444381,1
71,0.26803014698086297,-0.141765946875027,0.005998637197476369,0.005740612361411099,0.7827621990178147,0.005998637197476369,0.1348985690269638,1
72,0.26823495384427354,-0.13716687208439685,0.005964671910378894,0.005740612361411099,0.792972197520695,0.005964671910378894,0.13239627983629143,1
73,0.2675559731760165,-0.12951724586664598,0.0059090136467719965,0.005740612361411099,0.7924687199679417,0.0059090136467719965,0.1332648187875931,1
74,0.26357365501420643,-0.13983434490711172,0.005944587835089928,0.005740612361411099,0.7921661420424801,0.005944587835089928,0.13572426137342483,1
75,0.27156685898887273,-0.14857857084617282,0.006081737005923692,0.005740612361411099,0.78785748275054,0.006081737005923692,0.1346350229935668,1
76,0.2626496405915158,-0.14451897897451838,0.006016683616170138,0.005740612361411099,0.7982017304038491,0.006016683616170138,0.13240393326364724,1
77,0.2620102737697193,-0.143606235018279,0.0059908277134749265,0.005740612361411099,0.7869627921482586,0.0059908277134749265,0.13242186524399926,1
78,0.2587875912450696,-0.15049594003807462,0.0059408573487579495,0.005740612361411099,0.7955304002907988,0.0059408573487579495,0.1313756912419961,1
79,0.25721322150653325,-0.1576324826085759,0.006005371791762409,0.005740612361411099,0.7878064810866838,0.006005371791762409,0.13049984360001432,1
80,0.2591762342632646,-0.16176115843632516,0.005965390574273973,0.005740612361411099,0.7992702220210924,0.005965390574273973,0.1297055253980507,1
81,0.2620358076058162,-0.15735301678290883,0.006031040691292588,0.005740612361411099,0.7955327927490975,0.006031040691292588,0.1292230763123089,1
82,0.2623065823877646,-0.1545085520343462,0.006038011219854975,0.005740612361411099,0.7820355643073983,0.006038011219854975,0.12825526686285527,1
83,0.25117870850032187,-0.14880500206176367,0.005996701665410013,0.005740612361411099,0.7901511462295199,0.005996701665410013,0.12762975641968946,1
84,0.25404029022694863,-0.14992170614909917,0.005987734997028285,0.005740612361411099,0.7878232619959553,0.005987734997028285,0.12783735280011074,1
85,0.25670703562293695,-0.16100748403383966,0.006013818374192457,0.005740612361411099,0.7872865748889468,0.006013818374192457,0.13030018648614544,1
86,0.2673999491312064,-0.15828619393668986,0.006082464850729474,0.005740612361411099,0.7922945465182689,0.006082464850729474,0.13001830859944197,1
87,0.26774469309899274,-0.16248113413216328,0.006075879187582682,0.005740612361411099,0.7922026427866498,0.006075879187582682,0.12948440904330447,1
88,0.25277564621114784,-0.16051057891992443,0.006045390567512763,0.005740612361411099,0.791312801995746,0.006045390567512763,0.12832793422514754,1
89,0.25255557180770033,-0.1591029212399462,0.006009431819037418,0.005740612361411099,0.7928033698742369,0.006009431819037418,0.12825659559812377,1
90,0.24705772001048007,-0.15508154995120668,0.005964710966431523,0.005740612361411099,0.8037381863524424,0.005964710966431523,0.12889570378262757,1
91,0.2521981672111987,-0.16418746085819086,0.006007828466170224,0.005740612361411099,0.7912883826985292,0.006007828466170224,0.13117629145240278,1
92,0.2638975252271703,-0.18199572657666507,0.006047332253683217,0.005740612361411099,0.8011423115716028,0.006047332253683217,0.13288796120851532,1
93,0.2687423333902272,-0.18223574308088966,0.006062118905930742,0.005740612361411099,0.8046630736897394,0.006062118905930742,0.1354754574378676,1
94,0.27528533920799364,-0.17831662187533973,0.0060165697905894605,0.005740612361411099,0.8002706182935653,0.0060165697905894605,0.13601674333723643,1
95,0.2639352588565805,-0.17742439729397338,0.005967812336482083,0.005740612361411099,0.8057715108594057,0.005967812336482083,0.1353255655361868,1
96,0.25893356808095735,-0.18254304906115393,0.005926535532261494,0.005740612361411099,0.7994736062845101,0.005926535532261494,0.13315378657297386,1
97,0.2529817203264816,-0.1838632236306576,0.005968307557607668,0.005740612361411099,0.8027661711948528,0.005968307557607668,0.1334769344830589,1
98,0.2633806122505892,-0.19409200778167837,0.0059532658827540046,0.005740612361411099,0.800894781792997,0.0059532658827540046,0.1350928170375037,1
99,0.25181641025964574,-0.19950017096803999,0.005952084965309586,0.005740612361411099,0.7960431958400707,0.005952084965309586,0.13440442871462005,1
100,0.2551126228992361,-0.2013562232218534,0.0060689141985773515,0.005740612361411099,0.7978278363634949,0.0060689141985773515,0.1333927435046648,1
101,0.2543201372121266,-0.20576468999999997,0.00604818706034535,0.005740612361411099,0.8103997017664428,0.00604818706034535,0.13256612734748643,1
102,0.25568848716711806,-0.20576468999999997,0.006077514995538874,0.005740612361411099,0.8048634252082546,0.006077514995538874,0.13522993326668062,1
103,0.26164729369346135,-0.20576468999999997,0.006105187214140895,0.005740612361411099,0.8049593905195005,0.006105187214140895,0.1341782273517347,1
104,0.2654699263289005,-0.20576468999999997,0.00612615643359265,0.005740612361411099,0.8081119437799715,0.00612615643359265,0.13252851856633874,1
105,0.2628214718929386,-0.20576468999999997,0.006058463392839703,0.005740612361411099,0.800959377484789,0.006058463392839703,0.1318263913441863,1
106,0.25593503808315177,-0.20576468999999997,0.006028254495777032,0.005740612361411099,0.7925655000447762,0.006028254495777032,0.13185064095239513,1
107,0.2450031603701625,-0.20576468999999997,0.005990378064832792,0.005740612361411099,0.7921319105423681,0.005990378064832792,0.13129752236072523,1
108,0.2512634953769606,-0.19961510088853424,0.006028396379657699,0.005740612361411099,0.7883133831963018,0.006028396379657699,0.13283719422146725,1
109,0.25978906732632007,-0.2008473415654886,0.006115803644667134,0.005740612361411099,0.7897489422092161,0.006115803644667134,0.13380718933973298,1
110,0.26792814331490583,-0.19079704452982685,0.00622696394864653,0.005740612361411099,0.7914946424479482,0.00622696394864653,0.13036875966131473,1
111,0.271205444833347,-0.20039531934272592,0.006131875264819013,0.005740612361411099,0.7921482754359223,0.006131875264819013,0.13215456195340608,1
112,0.2796535869353209,-0.20269441319447615,0.006173112351825547,0.005740612361411099,0.8053253257733413,0.006173112351825547,0.13286421990470326,1
113,0.28953766999999997,-0.1987270647039543,0.006238308035218121,0.005740612361411099,0.7941270955498082,0.006238308035218121,0.1354556648358512,1
114,0.28796123793195133,-0.19991780691468247,0.006197138072303276,0.005740612361411099,0.8016893285013206,0.006197138072303276,0.1348559972852974,1
115,0.28953766999999997,-0.2036842007721495,0.006201115001843689,0.005740612361411099,0.8052556662782897,0.006201115001843689,0.13421384665844777,1
116,0.27600603823610226,-0.20576468999999997,0.006133273415604559,0.005740612361411099,0.8104926222663634,0.006133273415604559,0.13377165850987843,1
117,0.28518291336194107,-0.20576468999999997,0.006184756359558129,0.005740612361411099,0.8061873971895658,0.006184756359558129,0.1344047075578086,1
118,0.28953766999999997,-0.20576468999999997,0.006161401459582229,0.005740612361411099,0.8089104301327183,0.006161401459582229,0.13566756194288113,1
119,0.2855174058595661,-0.1984682445035933,0.00613853886209265,0.005740612361411099,0.8140800735117768,0.00613853886209265,0.13398459038625046,1
120,0.284304840424076,-0.20576468999999997,0.00613236394480768,0.005740612361411099,0.8127002111949755,0.00613236394480768,0.13496243701958796,1
121,0.28953766999999997,-0.20576468999999997,0.00617017741135048,0.005740612361411099,0.8213250613014257,0.00617017741135048,0.13582487932578818,1
122,0.27948554545112386,-0.19840482187653624,0.006088001597405289,0.005740612361411099,0.8229567489751766,0.006088001597405289,0.13453578189787221,1
123,0.271566727739666,-0.19199106084478493,0.006046500703805418,0.005740612361411099,0.8193781901364646,0.006046500703805418,0.1336921561254853,1
124,0.27408529344455024,-0.19797806603821697,0.006084389271596964,0.005740612361411099,0.8157542288094011,0.006084389271596964,0.13431083166881,1
125,0.25681258159010556,-0.20576468999999997,0.006062598870709332,0.005740612361411099,0.8120274510296789,0.006062598870709332,0.1345441872792948,1
126,0.26013589521494446,-0.2043356344697295,0.006070467854858963,0.005740612361411099,0.8123790358541203,0.006070467854858963,0.13403155663358274,1
127,0.26283970487224867,-0.20576468999999997,0.006104415311055264,0.005740612361411099,0.8061116881474142,0.006104415311055264,0.13231507861696393,1
128,0.26153656772937667,-0.20489066399853706,0.0061276100390978095,0.005740612361411099,0.8019598409563127,0.0061276100390978095,0.1310159649963795,1
129,0.2611016333229029,-0.19749214411392796,0.006093720686697921,0.005740612361411099,0.7972109088709486,0.006093720686697921,0.12883016889943769,1
130,0.26368495037996664,-0.20576468999999997,0.006075254382333568,0.005740612361411099,0.7989510031181989,0.006075254382333568,0.1295838081568081,1
131,0.26179292915908536,-0.20576468999999997,0.006092470413719493,0.005740612361411099,0.8024411558713618,0.006092470413719493,0.1304916688311519,1
132,0.26122548424645964,-0.19730456438260113,0.00615089418713897,0.005740612361411099,0.8014014356773345,0.00615089418713897,0.1274640099951841,1
133,0.26315617783573875,-0.19848303238687365,0.0060903716927100116,0.005740612361411099,0.7980898994874908,0.0060903716927100116,0.12791316209567702,1
134,0.2670451252044931,-0.19304244579495716,0.006077373538423488,0.005740612361411099,0.799230554750623,0.006077373538423488,0.12767881644856166,1
135,0.2673155220630625,-0.19590717134963845,0.006058052888644903,0.005740612361411099,0.8080384252092672,0.006058052888644903,0.12818574219872528,1
136,0.2535207004531024,-0.2045433118296986,0.0060033982127664556,0.005740612361411099,0.8059729338273318,0.0060033982127664556,0.12716502950733752,1
137,0.24137344075490957,-0.20576468999999997,0.005887049702145359,0.005740612361411099,0.8084652912960831,0.005887049702145359,0.1255661704675013,1
138,0.24276976287119487,-0.20334564930279073,0.005891029970530891,0.005740612361411099,0.8041987572314039,0.005891029970530891,0.1266607315237636,1
139,0.23526227563477708,-0.20284652764060931,0.00583890843075427,0.005740612361411099,0.8069463885374518,0.00583890843075427,0.12549515383226575,1
140,0.23661304465304314,-0.19920420911899384,0.005878474065859482,0.005740612361411099,0.8068688208894973,0.005878474065859482,0.1251517799106952,1
141,0.22938531015322114,-0.19618154001854657,0.0058494342739139,0.005740612361411099,0.8075854950002844,0.0058494342739139,0.12387160153054028,1
142,0.2286334085327047,-0.19296080243837296,0.0058475807687434316,0.005740612361411099,0.8011155772001207,0.0058475807687434316,0.12447897867499266,1
143,0.23636032556210032,-0.19851225795836208,0.0058385509141581455,0.005740612361411099,0.7998438025808764,0.0058385509141581455,0.12672781386485757,1
144,0.23622809977101708,-0.1925888944305364,0.005863237238832163,0.005740612361411099,0.7916769039574071,0.005863237238832163,0.12619767482042493,1
145,0.23278628977777258,-0.20576468999999997,0.005855308753212214,0.005740612361411099,0.7852527845670991,0.005855308753212214,0.12840237665200496,1
146,0.23118419090739,-0.20576468999999997,0.005829071048506392,0.005740612361411099,0.7921482358429913,0.005829071048506392,0.12743716563531152,1
147,0.2268205746130769,-0.20576468999999997,0.005822761129295561,0.005740612361411099,0.7867789687423599,0.005822761129295561,0.12884831484374645,1
148,0.23583874297923788,-0.20576468999999997,0.005828907484529048,0.005740612361411099,0.7992282756483784,0.005828907484529048,0.12843067102574376,1
149,0.22287617398750173,-0.20576468999999997,0.005787973479728344,0.005740612361411099,0.7988892955511762,0.005787973479728344,0.12531136435100718,1
150,0.22322942094595527,-0.19785378567087278,0.005797156313056008,0.005740612361411099,0.7992717978944788,0.005797156313056008,0.125834524884453,1
151,0.219853315598075,-0.1984833717552108,0.005788402245439026,0.005740612361411099,0.7977122316574654,0.005788402245439026,0.1259859413508337,1
152,0.224819115730214,-0.20576468999999997,0.005804803471744142,0.005740612361411099,0.8082911272190731,0.005804803471744142,0.12833241492667688,1
153,0.2232576290897584,-0.20532924128325733,0.005847470113275391,0.005740612361411099,0.7976546417417762,0.005847470113275391,0.128192297610039,1
154,0.20522933049019082,-0.20576468999999997,0.005798373839553035,0.005740612361411099,0.799538359341412,0.005798373839553035,0.1259159618470627,1
155,0.21296555805538367,-0.2013359902847756,0.005816207719621054,0.005740612361411099,0.8063366164263036,0.005816207719621054,0.12657805746787823,1
156,0.20264815640459377,-0.18198487095704632,0.005716395958000794,0.005716395958000794,0.8069141355897478,0.005716395958000794,0.12338776970275801,1
157,0.2109545242914535,-0.16804079251818713,0.00566222406249463,0.00566222406249463,0.8203962754673246,0.00566222406249463,0.12263436489514644,1
158,0.2191154222598534,-0.1643711134710943,0.005657646834540283,0.005657646834540283,0.8266283330787308,0.005657646834540283,0.12105118723939472,1
159,0.22328000767470346,-0.17605801327557466,0.0057240347266762845,0.005657646834540283,0.8200723850953352,0.0057240347266762845,0.12376920585080757,1
160,0.20978800317265775,-0.1875118773092036,0.005778202813085957,0.005657646834540283,0.8195874399376014,0.005778202813085957,0.12491375289657955,1
161,0.19880985274533783,-0.19360142204212494,0.005835413532306757,0.005657646834540283,0.811355685696496,0.005835413532306757,0.12378886235386888,1
162,0.20030367607916955,-0.18604742645119543,0.005861480497746089,0.005657646834540283,0.8140187099275559,0.005861480497746089,0.12134209453107546,1
163,0.20269225172454292,-0.19216388227636508,0.005844851104132072,0.005657646834540283,0.8119100820022143,0.005844851104132072,0.12014372838702642,1
164,0.21001263016383168,-0.19263090897467974,0.02763953308720222,0.005657646834540283,0.8114399379859039,0.005851340918842618,0.1185239176117723,0
165,0.2106443154994319,-0.19362446368890687,0.024793420587622107,0.005657646834540283,0.8052922309445938,0.005899547932878378,0.11862545015897044,0
166,0.2067217404468044,-0.19129640724111535,0.12715343558229528,0.005657646834540283,0.8035923444025955,0.005928109614933325,0.11651825724719125,0
167,0.2136396974328645,-0.1836357786994776,0.0395877500606641,0.005657646834540283,0.812976800256382,0.006055495690096456,0.11816881856795762,0
168,0.20738050722245951,-0.1851892843316399,0.07139721996363917,0.005657646834540283,0.789467345775468,0.005990389970828703,0.11744252409605074,0
169,0.20754057670874534,-0.18206514469262058,0.07951437958314465,0.005657646834540283,0.7910000652763172,0.0060231451520198435,0.1172890733239144,0
170,0.21452915753384985,-0.17728982792451956,0.1764423408841446,0.005657646834540283,0.7814646301732401,0.006084606238453462,0.11587255848441566,0
171,0.2137934673677879,-0.1862685018763742,0.16636425219146037,0.005657646834540283,0.781454078919819,0.006056924343478314,0.11599616024486516,0
172,0.20587432942461154,-0.19204586164374784,0.06819108057950558,0.005657646834540283,0.782246892312964,0.005962687581766401,0.11750543805453263,0
173,0.20587432942461154,-0.19204586164374784,0.06819108057950558,0.005657646834540283,0.782246892312964,0.005962687581766401,0.11750543805453263,0
174,0.20587432942461154,-0.19204586164374784,0.06819108057950558,0.005657646834540283,0.782246892312964,0.005962687581766401,0.11750543805453263,0
175,0.20890877576873693,-0.18691758630594205,0.023955704668932726,0.005657646834540283,0.7878227075171924,0.00600568330477855,0.11866022310199965,0
176,0.20667823730125945,-0.1902666366087285,0.0472223078315428,0.005657646834540283,0.7821956094346743,0.0060350790095313,0.11797053630675462,0
177,0.20667823730125945,-0.1902666366087285,0.0472223078315428,0.005657646834540283,0.7821956094346743,0.0060350790095313,0.11797053630675462,0
178,0.20667823730125945,-0.1902666366087285,0.0472223078315428,0.005657646834540283,0.7821956094346743,0.0060350790095313,0.11797053630675462,0
179,0.21223056374894286,-0.1873523117258122,0.005920226870973303,0.005657646834540283,0.7695272458400584,0.005920226870973303,0.12055201985642615,1
180,0.21230994738566525,-0.1799633497935402,0.005873658049841383,0.005657646834540283,0.7851702205313329,0.005873658049841383,0.12149121206924594,1
181,0.2082282337477088,-0.18730163432374364,0.017366967114456806,0.005657646834540283,0.7755879621914349,0.00587064531653906,0.11892779098129526,0
182,0.2082282337477088,-0.18730163432374364,0.017366967114456806,0.005657646834540283,0.7755879621914349,0.00587064531653906,0.11892779098129526,0
183,0.2082282337477088,-0.18730163432374364,0.017366967114456806,0.005657646834540283,0.7755879621914349,0.00587064531653906,0.11892779098129526,0
184,0.21203658649313273,-0.1825569240278556,0.009426406105335646,0.005657646834540283,0.7796917236058666,0.005883966443396451,0.11940481602323826,0
185,0.21516803276130184,-0.1903352927703482,0.005891414529320781,0.005657646834540283,0.7895925132375962,0.005891414529320781,0.12181555310325617,1
186,0.20435318231620106,-0.19028496776512244,0.0057983371716501895,0.005657646834540283,0.7894562400928058,0.0057983371716501895,0.12130371542208944,1
187,0.18901061401211844,-0.18273292102879027,0.011157149218944971,0.005657646834540283,0.7888288523954826,0.005761521571582289,0.1192654506383256,0
188,0.1895075603101109,-0.17405646306852546,0.03651229613978212,0.005657646834540283,0.7831744945635856,0.005728090938114,0.11824545717630865,0
189,0.18155232367547672,-0.16609499650522042,0.08496296221053566,0.005657646834540283,0.7850138849947307,0.005671730004555316,0.11718413011298497,0
190,0.18155232367547672,-0.16609499650522042,0.08496296221053566,0.005657646834540283,0.7850138849947307,0.005671730004555316,0.11718413011298497,0
191,0.17498407250695885,-0.16999009210790467,0.28675112743070796,0.005657646834540283,0.7856234096228178,0.005632925115911494,0.1146979418872027,0
192,0.18346219121230217,-0.17152132838834896,0.30225855186267897,0.005657646834540283,0.79107122233231,0.005672879335883829,0.11455403201876108,0
193,0.17255305025659265,-0.16749851116635706,0.1802044890337796,0.005657646834540283,0.7908257508080936,0.005619194522622354,0.11582165948597822,0
194,0.17161630801243202,-0.1767058828689846,0.16945598815777874,0.005657646834540283,0.7986306539962946,0.005783916171109814,0.11595435948227392,0
195,0.17161630801243202,-0.1767058828689846,0.16945598815777874,0.005657646834540283,0.7986306539962946,0.005783916171109814,0.11595435948227392,0
196,0.1616383186450753,-0.1780242980179428,0.06255254408570879,0.005657646834540283,0.8067420234188138,0.005762411036585561,0.11761693195545903,0
197,0.1674120268807715,-0.17210549033315817,0.005704735358239427,0.005657646834540283,0.8145493814760163,0.005704735358239427,0.12195509742960449,1
198,0.163998788097069,-0.17030956039138306,0.024462217754508717,0.005657646834540283,0.8064568948744215,0.005658038875945077,0.11862871670036554,0
199,0.16963018785643744,-0.17804125789310737,0.005724840893959398,0.005657646834540283,0.7978669559933833,0.005724840893959398,0.12110673304241037,1
200,0.1730634835461817,-0.1774292702232674,0.005745061845377608,0.005657646834540283,0.8117650654159766,0.005745061845377608,0.12540708605350653,1
201,0.17603940864787868,-0.1852883123434947,0.005777568041770119,0.005657646834540283,0.8198490617887069,0.005777568041770119,0.12732434263388095,1
202,0.18299210277320974,-0.18683455882776834,0.005877289763991898,0.005657646834540283,0.8043711747510588,0.005877289763991898,0.12708857821182618,1
203,0.18379402661764335,-0.17909733111646842,0.0058609668983884665,0.005657646834540283,0.7963692091496787,0.0058609668983884665,0.12466572887352274,1
204,0.1877047883798534,-0.1760087168796477,0.005960260422610348,0.005657646834540283,0.7898754966182395,0.005960260422610348,0.12819518654349177,1
205,0.18556959226280506,-0.17400918249765548,0.005971614894374121,0.005657646834540283,0.812720069865762,0.005971614894374121,0.12797144223571813,1
206,0.18386733826366886,-0.17532434822327836,0.006012974851547494,0.005657646834540283,0.8183076642602195,0.006012974851547494,0.12989072593322146,1
207,0.17954459866346612,-0.17985130524366097,0.006074105723409984,0.005657646834540283,0.8032512438625632,0.006074105723409984,0.1326958332622378,1
208,0.18873155131540503,-0.16990055239114446,0.006039282913607045,0.005657646834540283,0.8173033162755302,0.006039282913607045,0.13194798933117827,1
209,0.19638556285726075,-0.16736403365791616,0.006014641523231467,0.005657646834540283,0.8241764544175243,0.006014641523231467,0.13081652458054122,1
210,0.20967101638712518,-0.17185501007259366,0.006100160509254705,0.005657646834540283,0.8245258873306317,0.006100160509254705,0.1337680939007472,1
211,0.20320325360357838,-0.17963503911291026,0.006064924232551385,0.005657646834540283,0.8205306861172366,0.006064924232551385,0.13290266616573873,1
212,0.20745850465863375,-0.17569990205694366,0.006090358424513417,0.005657646834540283,0.8199108012608767,0.006090358424513417,0.1322919652411128,1
213,0.20418046134793258,-0.18450172675410895,0.006054645495166675,0.005657646834540283,0.8192850571023106,0.006054645495166675,0.1305904247566396,1
214,0.19914099601090135,-0.18519525158708056,0.006081542704272101,0.005657646834540283,0.8172579515749704,0.006081542704272101,0.13155690333194747,1
215,0.20357324469183194,-0.18341892784313324,0.006057806185312359,0.005657646834540283,0.8355155198371373,0.006057806185312359,0.1317817538449902,1
216,0.19774194044699517,-0.1789621832232121,0.006068414273972685,0.005657646834540283,0.8336311017678204,0.006068414273972685,0.13062016645289035,1
217,0.20171976862963023,-0.18830792282028794,0.006129078475866553,0.005657646834540283,0.8341417947001926,0.006129078475866553,0.13038999591633732,1
218,0.21587757905048874,-0.18535200613020933,0.0061857521932649085,0.005657646834540283,0.8335525834091527,0.0061857521932649085,0.12988771827244683,1
219,0.2040876400810675,-0.19110498336568033,0.006102058884123464,0.005657646834540283,0.8357640897567092,0.006102058884123464,0.12985839718975672,1
220,0.20714277339063092,-0.189048324108677,0.006113000290294832,0.005657646834540283,0.8360882738455722,0.006113000290294832,0.129494039165833,1
221,0.2056760249456085,-0.19087360484520657,0.00614097180939434,0.005657646834540283,0.8325960114404385,0.00614097180939434,0.12856116645365517,1
222,0.19844461445065228,-0.1935768619004807,0.006155747432654547,0.005657646834540283,0.8188276485560692,0.006155747432654547,0.12687568781047673,1
223,0.1958822530344285,-0.19425704466099036,0.006098456954984839,0.005657646834540283,0.8192544383136469,0.006098456954984839,0.13042407655387417,1
224,0.19505029588438735,-0.19082231922872575,0.0061201131999444195,0.005657646834540283,0.8285217999138489,0.0061201131999444195,0.1316275772355631,1
225,0.2071820083638664,-0.192768315989625,0.006274384019829855,0.005657646834540283,0.8195156003163611,0.006274384019829855,0.12921243488324308,1
226,0.2207489815645741,-0.1822451582035323,0.0063067171679908616,0.005657646834540283,0.8184304238803621,0.0063067171679908616,0.13474283823084837,1
227,0.22389813186013868,-0.18473903969249417,0.006311574992492956,0.005657646834540283,0.8182880817243553,0.006311574992492956,0.13614144486330584,1
228,0.22011323001105954,-0.1907139635064307,0.006290151401936123,0.005657646834540283,0.8141764412199322,0.006290151401936123,0.13575414540795286,1
229,0.2052431625035198,-0.1886320903171053,0.006253775181143187,0.005657646834540283,0.7996908223095035,0.006253775181143187,0.13658743287886105,1
230,0.1856671904991025,-0.18762563319398212,0.006069263899573244,0.005657646834540283,0.808455976449761,0.006069263899573244,0.13586794944246477,1
231,0.17081788580517504,-0.19168569280768327,0.006133334200601185,0.005657646834540283,0.7943450429203521,0.006133334200601185,0.13584367533771677,1
232,0.18100034456235115,-0.1863928190156955,0.00608729591824532,0.005657646834540283,0.8022845188137604,0.00608729591824532,0.13701548371724656,1
233,0.1759934074489736,-0.19474517474254743,0.006135850298078494,0.005657646834540283,0.7912919722167886,0.006135850298078494,0.13494611155449518,1
234,0.18223524084574838,-0.18764460985466888,0.00619985290268299,0.005657646834540283,0.784983687403604,0.00619985290268299,0.13556820079119436,1
235,0.18184195342645082,-0.18176827318284125,0.006214326598538554,0.005657646834540283,0.790160190148119,0.006214326598538554,0.13233014474851637,1
236,0.17508092321557386,-0.1876429365837259,0.006198082198349609,0.005657646834540283,0.7850277071675529,0.006198082198349609,0.13410439275749353,1
237,0.17759252111511664,-0.1973921812354097,0.006168830224943963,0.005657646834540283,0.7808554768107019,0.006168830224943963,0.12988689860373542,1
238,0.18146481168814105,-0.20576468999999997,0.0061259257584277554,0.005657646834540283,0.7898553481205779,0.0061259257584277554,0.13237635985703666,1
239,0.19226911933182275,-0.20392820315148288,0.006201903673192843,0.005657646834540283,0.7808723203696286,0.006201903673192843,0.13453562947777645,1
240,0.19319181004525546,-0.20576468999999997,0.006223024765395387,0.005657646834540283,0.768284670421014,0.006223024765395387,0.13157943987444842,1
241,0.18903366484504017,-0.19721282503311083,0.006312140460634233,0.005657646834540283,0.7504266320415156,0.006312140460634233,0.12914599365170573,1
242,0.19142817191651057,-0.1960687114170994,0.006328924222408857,0.005657646834540283,0.7453588172720409,0.006328924222408857,0.12794750082790107,1
243,0.19577596212483378,-0.1878103087042886,0.006341878368224556,0.005657646834540283,0.7353195375574401,0.006341878368224556,0.12704865990542397,1
244,0.18815729327997466,-0.1904967484093702,0.006225769292996726,0.005657646834540283,0.7383105296739475,0.006225769292996726,0.12784991273034696,1
245,0.18825878294857235,-0.1800625114344657,0.006197287323168072,0.005657646834540283,0.752351254299864,0.006197287323168072,0.1262629946761152,1
246,0.18613128119310376,-0.17484534057114554,0.006185352776212306,0.005657646834540283,0.7565977171057983,0.006185352776212306,0.12680940629472326,1
247,0.19092600152513092,-0.16552575567205538,0.006140670972952789,0.005657646834540283,0.7526149295040306,0.006140670972952789,0.12621329759870403,1
248,0.2000628412782046,-0.18154377374044955,0.006276355254956677,0.005657646834540283,0.7487598405312358,0.006276355254956677,0.12795431964339632,1
249,0.19867867371285763,-0.17804391912438908,0.006181320705882296,0.005657646834540283,0.7530042498091204,0.006181320705882296,0.12868202408536691,1
250,0.1991965224487042,-0.17774947399446092,0.006154379143546532,0.005657646834540283,0.7535265545048577,0.006154379143546532,0.12781135755519005,1
251,0.20522976422212172,-0.18279130849506786,0.006184410569748529,0.005657646834540283,0.7479270074240294,0.006184410569748529,0.12744427331673136,1
252,0.21005595081413747,-0.17799524284765367,0.006138401449198824,0.005657646834540283,0.7369039235102034,0.006138401449198824,0.12919019388036615,1
253,0.20883082177789464,-0.1668246954128788,0.006145085798504847,0.005657646834540283,0.7293344727529428,0.006145085798504847,0.1280210985983436,1
254,0.20169002551804172,-0.15985343786467907,0.006075689077281326,0.005657646834540283,0.7275600254984905,0.006075689077281326,0.12501894242469067,1
255,0.19316290641225425,-0.1435966685293398,0.005668415564916422,0.005657646834540283,0.728933674240604,0.005668415564916422,0.12835160902963536,1
256,0.19051013316007157,-0.15038192274210374,0.005678999903487854,0.005657646834540283,0.7412017170828348,0.005678999903487854,0.13047684298673157,1
257,0.19693419971449452,-0.1438414030886059,0.005610906955518079,0.005610906955518079,0.752159119361588,0.005610906955518079,0.134560069002027,1
258,0.19117564355188973,-0.14533067842362185,0.005603632383962238,0.005603632383962238,0.7448632824198559,0.005603632383962238,0.13575966683266263,1
259,0.1917162699553534,-0.14376951539837668,0.0057336499341084975,0.005603632383962238,0.7409369086962547,0.0057336499341084975,0.13401899134158304,1
260,0.17982750023584626,-0.14213791610210388,0.005699335762823558,0.005603632383962238,0.7475556789083868,0.005699335762823558,0.1348617482949749,1
261,0.18244679159734045,-0.14383445296082728,0.005723985321031576,0.005603632383962238,0.7647079867582627,0.005723985321031576,0.1349330826584561,1
262,0.1770304417734856,-0.15307920914570067,0.0057304177101048,0.005603632383962238,0.7772699619517303,0.0057304177101048,0.13676608791381192,1
263,0.1616947090181452,-0.15755181322655276,0.005693363221487768,0.005603632383962238,0.773109341524332,0.005693363221487768,0.13445883235198286,1
264,0.15309467977716254,-0.15513962398301562,0.00557671358928373,0.00557671358928373,0.7777454358524017,0.00557671358928373,0.13358083519952388,1
265,0.1568852239437689,-0.14027653875506368,0.00551683716572477,0.00551683716572477,0.7804307491394529,0.00551683716572477,0.1349735904043324,1
266,0.164878461169411,-0.13241141268393536,0.005619849294432825,0.00551683716572477,0.7775142391266482,0.005619849294432825,0.13601373428632094,1
267,0.1708373032946761,-0.1361104086088404,0.0056820734928457435,0.00551683716572477,0.7882389387804776,0.0056820734928457435,0.13598912109404354,1
268,0.16352442269005663,-0.13127302316716805,0.005624655993674071,0.00551683716572477,0.7929610667400098,0.005624655993674071,0.13574867309377564,1
269,0.15929351640756712,-0.139490516540009,0.005659697536120154,0.00551683716572477,0.7765148706594852,0.005659697536120154,0.1377479017935037,1
270,0.16052276973589413,-0.14542830314642646,0.0056809250765238305,0.00551683716572477,0.7738699910726924,0.0056809250765238305,0.1403868926301058,1
271,0.17594879421901616,-0.15124385101378796,0.005778386368809098,0.00551683716572477,0.777847170014913,0.005778386368809098,0.14232375534859995,1
272,0.1743692630865228,-0.15157061248679224,0.005752913523628482,0.00551683716572477,0.7822185730446669,0.005752913523628482,0.14072255393291458,1
273,0.1783562496497849,-0.15023993284599851,0.005783368721773436,0.00551683716572477,0.7918346210813382,0.005783368721773436,0.13964634636581388,1
274,0.19254606692799361,-0.15944988844445837,0.00579468136811159,0.00551683716572477,0.7950102713758153,0.00579468136811159,0.1414112225815988,1
275,0.2006790001935459,-0.17029126594821614,0.00587884183855129,0.00551683716572477,0.8038797155386087,0.00587884183855129,0.14202812820565028,1
276,0.1914998084191182,-0.16533652331704526,0.005847120829150983,0.00551683716572477,0.7975010721667941,0.005847120829150983,0.1417197401843508,1
277,0.18809658364306467,-0.15757903953075147,0.005733213567494677,0.00551683716572477,0.7969511367908966,0.005733213567494677,0.13930249084422824,1
278,0.18921302645682114,-0.16081769202679852,0.005843516434784999,0.00551683716572477,0.7874886829382801,0.005843516434784999,0.1400715288504473,1
279,0.19148704352372659,-0.16875151655784795,0.0058255975062284845,0.00551683716572477,0.7838874236895466,0.0058255975062284845,0.1410225349082718,1
280,0.1849610798419818,-0.17875502579456326,0.005946723973465211,0.00551683716572477,0.7835096646717806,0.005946723973465211,0.13903203230965694,1
281,0.18138586746819962,-0.1700566740405203,0.005896338483990732,0.00551683716572477,0.78897410815347,0.005896338483990732,0.1372145258280939,1
282,0.17571752335912083,-0.17693703576562317,0.005969131034333397,0.00551683716572477,0.7807857205133477,0.005969131034333397,0.13702972716824283,1
283,0.18385926026229651,-0.18689019116733238,0.006049185696545783,0.00551683716572477,0.7782781451581755,0.006049185696545783,0.13553620718737494,1
284,0.19366679746868573,-0.1906768048457668,0.006011943148307376,0.00551683716572477,0.7802141805994008,0.006011943148307376,0.1379403355032881,1
285,0.1982306658810935,-0.20576468999999997,0.006099998194101015,0.00551683716572477,0.7754241330232736,0.006099998194101015,0.13677071155921097,1
286,0.2071589244168708,-0.20576468999999997,0.006133943117685776,0.00551683716572477,0.7751372252310681,0.006133943117685776,0.14005529402424294,1
287,0.22084154286964866,-0.19693265395410384,0.006164786046765423,0.00551683716572477,0.7730990069442784,0.006164786046765423,0.13924547646326427,1
288,0.22425926101365715,-0.20030894115399048,0.006123946032539504,0.00551683716572477,0.7742417675528654,0.006123946032539504,0.13966691696597042,1
289,0.22990081045488187,-0.19315275763130316,0.006182745724386417,0.00551683716572477,0.7732268767598767,0.006182745724386417,0.13938447563995202,1
290,0.23841349584575505,-0.17963116763698808,0.006201693884667854,0.00551683716572477,0.7623793825030722,0.006201693884667854,0.14009182514726365,1
291,0.23919302498877296,-0.1797952197249194,0.0061820401174527235,0.00551683716572477,0.753924544943757,0.0061820401174527235,0.14137980594053573,1
292,0.2365044626905198,-0.18787779395170315,0.006220200161042405,0.00551683716572477,0.7548918821610012,0.006220200161042405,0.1402967468280352,1
293,0.23916457117846351,-0.18889058802740455,0.006198918177076566,0.00551683716572477,0.759092771731279,0.006198918177076566,0.13969108369011193,1
294,0.23870366486760683,-0.19686735419213464,0.006176092920592509,0.00551683716572477,0.7593128625674087,0.006176092920592509,0.14036832479244762,1
295,0.25641064302394395,-0.18818771687088556,0.006197624214914727,0.00551683716572477,0.7700095463882357,0.006197624214914727,0.14030137922315328,1
296,0.2569288059941924,-0.1954736374915742,0.006199707839901442,0.00551683716572477,0.7688151193936442,0.006199707839901442,0.14123536218754862,1
297,0.25893099690245025,-0.19676646210996276,0.006086495592075063,0.00551683716572477,0.7683789519213876,0.006086495592075063,0.13903628521086567,1
298,0.2544989989128753,-0.19065311096843499,0.0060469537438194105,0.00551683716572477,0.7675166691606071,0.0060469537438194105,0.14202103985324058,1
299,0.25123682916132506,-0.1883611513611274,0.006070607069036387,0.00551683716572477,0.7600295873360202,0.006070607069036387,0.14128184065169694,1
300,0.2616078424930617,-0.17479206261538238,0.006117855429554101,0.00551683716572477,0.7692019864813239,0.006117855429554101,0.1406193269123802,1
301,0.2639026789572764,-0.18174154555973993,0.006187072345151307,0.00551683716572477,0.774150209058352,0.006187072345151307,0.14074570294949093,1
302,0.25632317794254944,-0.17518646390720147,0.006114822119672949,0.00551683716572477,0.7630427357483351,0.006114822119672949,0.13903084498224058,1
303,0.24879684094749605,-0.181536384662,0.006128613072222688,0.00551683716572477,0.7560194300807316,0.006128613072222688,0.13728401118013595,1
304,0.25297327227529465,-0.1827072730039334,0.006141894857929463,0.00551683716572477,0.7468407188493106,0.006141894857929463,0.1381377269870798,1
305,0.2564510191015447,-0.1770758260130031,0.006196958622388329,0.00551683716572477,0.7445492248808002,0.006196958622388329,0.13592276592060187,1
306,0.2537234466255523,-0.17739568885262616,0.006195072708391339,0.00551683716572477,0.7424818404956969,0.006195072708391339,0.1349291942987883,1
307,0.262144420662892,-0.18430782420783112,0.006205309252559143,0.00551683716572477,0.7397812841948507,0.006205309252559143,0.13533298597943202,1
308,0.25657768162677774,-0.18778047379889812,0.006134625781355125,0.00551683716572477,0.7506428050619914,0.006134625781355125,0.13446962133001011,1
309,0.24866926766289446,-0.19160070048609404,0.006125288168880816,0.00551683716572477,0.7434117473269234,0.006125288168880816,0.1360157899014211,1
310,0.2533911891768442,-0.19495118608125492,0.0061425659323974535,0.00551683716572477,0.7540804907245625,0.0061425659323974535,0.13668161960318512,1
311,0.26016005195611547,-0.20576468999999997,0.006140661252965481,0.00551683716572477,0.7426521391158006,0.006140661252965481,0.137054743634402,1
312,0.261179274441503,-0.20576468999999997,0.006061610277797282,0.00551683716572477,0.7482078838847155,0.006061610277797282,0.13682377674786683,1
313,0.25721692837083243,-0.19632098622269753,0.006049831203780198,0.00551683716572477,0.7478638353852938,0.006049831203780198,0.13691333675919645,1
314,0.2644094148645787,-0.18955512490172555,0.006126508281990324,0.00551683716572477,0.7411127886144949,0.006126508281990324,0.1360913058756199,1
315,0.2697722763609918,-0.1787342566386184,0.006077258264324769,0.00551683716572477,0.7462724575958378,0.006077258264324769,0.1359750179527752,1
316,0.2769543048915813,-0.17265362879673707,0.006156947962208544,0.00551683716572477,0.7493327447517066,0.006156947962208544,0.1357066538064212,1
317,0.2806257769331556,-0.1733158562688589,0.006009429672116146,0.00551683716572477,0.7602237752994381,0.006009429672116146,0.1357494807926404,1
318,0.2809770987952372,-0.15895702110682683,0.006018711315998524,0.00551683716572477,0.7627607500842971,0.006018711315998524,0.13516064025451383,1
319,0.28152560367776314,-0.1607337403309117,0.006150269755304138,0.00551683716572477,0.76797528352514,0.006150269755304138,0.13334526501043928,1
320,0.28953766999999997,-0.17544745703548797,0.0064466290706277725,0.00551683716572477,0.7610204479211874,0.0064466290706277725,0.1348633364201484,1
321,0.28953766999999997,-0.18054228248252963,0.006432553258640674,0.00551683716572477,0.7523973467880628,0.006432553258640674,0.13468956838997867,1
322,0.28953766999999997,-0.1685396517921592,0.006471996187223829,0.00551683716572477,0.7409335033101356,0.006471996187223829,0.13163817271470418,1
323,0.28953766999999997,-0.17430649014237384,0.006376045695255955,0.00551683716572477,0.7273638865721224,0.006376045695255955,0.1312793319200414,1
324,0.28953766999999997,-0.16931399828101468,0.006456019182153456,0.00551683716572477,0.7283221563114498,0.006456019182153456,0.12706608860947344,1
325,0.28953766999999997,-0.16697035141180547,0.006433605949888223,0.00551683716572477,0.7314907445715614,0.006433605949888223,0.1264510012026672,1
326,0.28953766999999997,-0.1629580112937316,0.006440911073540974,0.00551683716572477,0.7324318310129392,0.006440911073540974,0.1285597250391842,1
327,0.2867706980646042,-0.1536159428718879,0.006372916734641195,0.00551683716572477,0.7359907115506695,0.006372916734641195,0.1271961009871983,1
328,0.2789430275352123,-0.1493730702262082,0.006260800010261586,0.00551683716572477,0.7298420811892349,0.006260800010261586,0.12825413447113773,1
329,0.28856942189365586,-0.1508005823429916,0.006411080275866939,0.00551683716572477,0.7332958957783214,0.006411080275866939,0.12915829587340522,1
330,0.28258009397293465,-0.15905337006709938,0.006439724408423835,0.00551683716572477,0.7352225083666695,0.006439724408423835,0.13213974059031455,1
331,0.2773417866002465,-0.1598429095590879,0.006463534187580304,0.00551683716572477,0.7435786762307303,0.006463534187580304,0.13351842782595053,1
332,0.28687521759397705,-0.1652993056670062,0.006467788873025957,0.00551683716572477,0.739624140286673,0.006467788873025957,0.13642289900992252,1
333,0.2822452010348078,-0.16838281958757348,0.006460121494005969,0.00551683716572477,0.7331784513529015,0.006460121494005969,0.13596233400980165,1
334,0.27125272810482715,-0.16844900058874418,0.006473877098011338,0.00551683716572477,0.7312157111739404,0.006473877098011338,0.1332974122816513,1
335,0.27055568356861504,-0.1806193512753271,0.00658428800953002,0.00551683716572477,0.740046169623945,0.00658428800953002,0.12947169746748396,1
336,0.27055568356861504,-0.1806193512753271,0.00658428800953002,0.00551683716572477,0.740046169623945,0.00658428800953002,0.12947169746748396,1
337,0.2694179266077609,-0.1830364146670519,0.006502685617070832,0.00551683716572477,0.761246697917692,0.006502685617070832,0.1318523516770708,1
338,0.26103878316546003,-0.1819656081670674,0.006379272733093205,0.00551683716572477,0.7595398258431485,0.006379272733093205,0.12913434077403918,1
339,0.2549742457911809,-0.17431870618546966,0.006444954010078852,0.00551683716572477,0.760186217098667,0.006444954010078852,0.12822334227380572,1
340,0.2561448459944462,-0.17282577479484726,0.0063849712232826854,0.00551683716572477,0.7709499386823218,0.0063849712232826854,0.13129627627315393,1
341,0.2554914405724122,-0.1732520360674978,0.006344414974973832,0.00551683716572477,0.7696788930314998,0.006344414974973832,0.13065865906442287,1
342,0.25454996737648866,-0.17751590382913776,0.006409741249422413,0.00551683716572477,0.756584206292928,0.006409741249422413,0.13069527540625994,1
343,0.26010055518335334,-0.17648220420138439,0.0063456321747387455,0.00551683716572477,0.765751695218108,0.0063456321747387455,0.1321994290896274,1
344,0.2569482913849929,-0.1792055732761682,0.0064519775978144804,0.00551683716572477,0.7670153381682228,0.0064519775978144804,0.1330247600195242,1
345,0.24763328168659732,-0.1788895168438695,0.006382244488247511,0.00551683716572477,0.7633317124354764,0.006382244488247511,0.13228713964438907,1
346,0.2395998719815569,-0.17019500120689326,0.006289436081335693,0.00551683716572477,0.7655081736573075,0.006289436081335693,0.13353687128323724,1
347,0.25170835336049396,-0.16682460344650174,0.006220627576578035,0.00551683716572477,0.7571971795233676,0.006220627576578035,0.13519823833162234,1
348,0.25841427415873625,-0.16716211970213085,0.006071940224175414,0.00551683716572477,0.7544774498525392,0.006071940224175414,0.13919340592807702,1
349,0.2566396372655833,-0.16294809437089888,0.005978037991738601,0.00551683716572477,0.7626912013757892,0.005978037991738601,0.13751595763648738,1
350,0.2523886552229747,-0.17536142393092521,0.00607528377312159,0.00551683716572477,0.7634985150351363,0.00607528377312159,0.1408437089946704,1
351,0.25294994653402236,-0.1723290648750028,0.00615167668602864,0.00551683716572477,0.7669838329366233,0.00615167668602864,0.14049501957749314,1
352,0.2566184921560665,-0.17874634847540422,0.0061602570064657565,0.00551683716572477,0.7700415045197155,0.0061602570064657565,0.14100600981002925,1
353,0.2591285615707513,-0.18140354968346895,0.006225024981596255,0.00551683716572477,0.7722350367921498,0.006225024981596255,0.1389449520920051,1
354,0.26099578758549424,-0.1724587989660672,0.0062251571413690825,0.00551683716572477,0.7578217342046291,0.0062251571413690825,0.13553647558039184,1
355,0.26813052358656664,-0.1653638577138773,0.006238818372694345,0.00551683716572477,0.7521998779566097,0.006238818372694345,0.1363747942671285,1
356,0.2720627111357995,-0.16193855258303042,0.006327594926737144,0.00551683716572477,0.7494539399371972,0.006327594926737144,0.13407012854974978,1
357,0.2727448289520988,-0.15661565857062373,0.006375954953931667,0.00551683716572477,0.7523352535405904,0.006375954953931667,0.1295326924005021,1
358,0.27880164419557385,-0.14738888627880292,0.006377912381482008,0.00551683716572477,0.7667003684734737,0.006377912381482008,0.1283637146028286,1
359,0.2802229769541046,-0.15119260265072115,0.006390329461943441,0.00551683716572477,0.7595392540552257,0.006390329461943441,0.12860436843607734,1
360,0.28650114733989984,-0.14508859747899294,0.006308390409376377,0.00551683716572477,0.7468559411577448,0.006308390409376377,0.12660654629580936,1
361,0.2796698508395691,-0.14016897959037716,0.006343212641335682,0.00551683716572477,0.7448758782957684,0.006343212641335682,0.12276986015756454,1
362,0.2755848044851555,-0.13057414514140647,0.006199280768778568,0.00551683716572477,0.760847962324239,0.006199280768778568,0.12281848710466807,1
363,0.28251470518944816,-0.13834678334496245,0.0062850353010102875,0.00551683716572477,0.7699080378874097,0.0062850353010102875,0.12378614458176454,1
364,0.2751033249357599,-0.13906267285403584,0.006354135138618225,0.00551683716572477,0.7755358823983588,0.006354135138618225,0.12352457403133077,1
365,0.285433531264145,-0.12745648799632536,0.006262240775200223,0.00551683716572477,0.7667516580600418,0.006262240775200223,0.12388459206074225,1
366,0.2870169601751375,-0.13106603300529054,0.00625683395356739,0.00551683716572477,0.7700881578896576,0.00625683395356739,0.1259454312554647,1
367,0.2852064730651342,-0.13347915881449304,0.0063217218754906285,0.00551683716572477,0.7711503363108667,0.0063217218754906285,0.12523312874691855,1
368,0.28953766999999997,-0.129590428480575,0.006231629191200262,0.00551683716572477,0.7674539668276518,0.006231629191200262,0.12783921281924165,1
369,0.28953766999999997,-0.13737193733375472,0.006319209764750015,0.00551683716572477,0.7750530118607013,0.006319209764750015,0.13003141439220292,1
370,0.280606784505771,-0.14571685256906777,0.006463095435747617,0.00551683716572477,0.7833994987965697,0.006463095435747617,0.12825865589319227,1
371,0.2742845621114236,-0.1379073544782913,0.006297157722709742,0.00551683716572477,0.7902409770283294,0.006297157722709742,0.12934607561097247,1
372,0.2694450437074238,-0.1321077408493824,0.0061631877398919,0.00551683716572477,0.7777435777263936,0.0061631877398919,0.1253592746701644,1
373,0.25952180346823395,-0.13178309819624637,0.006249314874719632,0.00551683716572477,0.7740468315536491,0.006249314874719632,0.1211196325014105,1
374,0.2530349134054453,-0.13037484691308737,0.0061506113592832866,0.00551683716572477,0.7670010718813347,0.0061506113592832866,0.12210714172033156,1
375,0.24645421379685767,-0.123017879625068,0.011358985585927399,0.00551683716572477,0.7727377345351123,0.006110986565430597,0.11927556925655403,0
376,0.24645421379685767,-0.123017879625068,0.011358985585927399,0.00551683716572477,0.7727377345351123,0.006110986565430597,0.11927556925655403,0
377,0.235795110077168,-0.12389462221087102,0.008838098792473544,0.00551683716572477,0.783086204908269,0.006037393252384515,0.11947078307471425,0
378,0.235795110077168,-0.12389462221087102,0.008838098792473544,0.00551683716572477,0.783086204908269,0.006037393252384515,0.11947078307471425,0
379,0.235795110077168,-0.12389462221087102,0.008838098792473544,0.00551683716572477,0.783086204908269,0.006037393252384515,0.11947078307471425,0
380,0.22807110787222537,-0.11842024251580253,0.00574525950597871,0.00551683716572477,0.7749935054520212,0.00574525950597871,0.12261866893258133,1
381,0.24231306899079583,-0.11562883479408056,0.0058473004598464245,0.00551683716572477,0.776485871085487,0.0058473004598464245,0.1255732224290565,1
382,0.23326432898436447,-0.12405811011031309,0.005953040126232915,0.00551683716572477,0.7747445471460346,0.005953040126232915,0.1257968361744779,1
383,0.233427188742011,-0.14739256087694647,0.006193052115952029,0.00551683716572477,0.7785100247240567,0.006193052115952029,0.12804049533700748,1
384,0.2530581151660153,-0.14928499336898496,0.006218835605988902,0.00551683716572477,0.7702131178986468,0.006218835605988902,0.13026266346696264,1
385,0.25268854951165476,-0.1499917958836223,0.006092698599881781,0.00551683716572477,0.7736130249018701,0.006092698599881781,0.13257933887155182,1
386,0.2574070820847369,-0.1598875445772575,0.006156234068677655,0.00551683716572477,0.7762500035895359,0.006156234068677655,0.13288561949602098,1
387,0.26187877695486494,-0.1603339131598755,0.006211542226784336,0.00551683716572477,0.7738625628939307,0.006211542226784336,0.1324492820578145,1
388,0.2591830197913416,-0.16628129536470537,0.006227775394521649,0.00551683716572477,0.7703265721461968,0.006227775394521649,0.13486627577984817,1
389,0.26749340992923504,-0.18498311689137092,0.0063670103433501,0.00551683716572477,0.778132471629057,0.0063670103433501,0.13217359475814772,1
390,0.2626684294859553,-0.19470974421397563,0.006314124688945803,0.00551683716572477,0.7625814876309792,0.006314124688945803,0.1354232828460109,1
391,0.2629862595225496,-0.18852052003719116,0.006183819043525914,0.00551683716572477,0.772897706323813,0.006183819043525914,0.1394229286638806,1
392,0.2576812656722493,-0.18729851450630292,0.006156862461864202,0.00551683716572477,0.7737639095160603,0.006156862461864202,0.1388170891017691,1
393,0.25911349740979844,-0.19451634977661564,0.00616523230924815,0.00551683716572477,0.7637540402389712,0.00616523230924815,0.14195954666020522,1
394,0.2638937400537712,-0.18992415552364295,0.006183265941535848,0.00551683716572477,0.7519954033585725,0.006183265941535848,0.14122908051236918,1
395,0.27338478292687823,-0.1869247903928602,0.0062202910888871825,0.00551683716572477,0.749237399198893,0.0062202910888871825,0.13897141327439247,1
396,0.27756994878799607,-0.196120040524227,0.0062471596403523184,0.00551683716572477,0.7549083302817091,0.0062471596403523184,0.1402802517921246,1
397,0.2749528105554829,-0.1981905546752968,0.0061966908261798515,0.00551683716572477,0.7668892728960367,0.0061966908261798515,0.14159284351053317,1
398,0.2659819679707263,-0.18729693558724891,0.006063489300742796,0.00551683716572477,0.7731373038274975,0.006063489300742796,0.14099522353309488,1
399,0.2693979900243971,-0.18159148192172933,0.006082219516171753,0.00551683716572477,0.7729069830495503,0.006082219516171753,0.1408608360786862,1
400,0.2672999927515824,-0.19207974606704523,0.006096627043195317,0.00551683716572477,0.7564019862614485,0.006096627043195317,0.14247165136877457,1
401,0.2606989152466144,-0.19148048734083972,0.0061286557449045775,0.00551683716572477,0.7681222839476802,0.0061286557449045775,0.14022485830790887,1
402,0.2598809492242061,-0.18572322949134995,0.006209479307139244,0.00551683716572477,0.7737907454341812,0.006209479307139244,0.14215074392820296,1
403,0.269459216456115,-0.18531626487742284,0.0062326392293170696,0.00551683716572477,0.7798047652579818,0.0062326392293170696,0.14320470712033556,1
404,0.254462876227867,-0.18664097680418282,0.006208341137526656,0.00551683716572477,0.7693743857805979,0.006208341137526656,0.14278504359543348,1
405,0.2636404157674402,-0.18154137033584059,0.006311410294043536,0.00551683716572477,0.789346872582659,0.006311410294043536,0.1383717320381854,1
406,0.25764121008663876,-0.18627382628645747,0.006194239255241313,0.00551683716572477,0.7799694985552594,0.006194239255241313,0.1401201210865578,1
407,0.25532038059297935,-0.19532528001881735,0.006176483124549894,0.00551683716572477,0.7682760411240069,0.006176483124549894,0.1417222212292984,1
408,0.25750375728704744,-0.2008287368297678,0.006170812903606605,0.00551683716572477,0.767333073244032,0.006170812903606605,0.1388472361437171,1
409,0.25750375728704744,-0.2008287368297678,0.006170812903606605,0.00551683716572477,0.767333073244032,0.006170812903606605,0.1388472361437171,1
410,0.24453084030770808,-0.19449351582815466,0.0061726510917236455,0.00551683716572477,0.771820421737852,0.0061726510917236455,0.13879786113699236,1
411,0.2447624018307841,-0.17782722204822618,0.006165222039712495,0.00551683716572477,0.7624104897599593,0.006165222039712495,0.1381620989700841,1
412,0.25009912626068725,-0.18246072126724358,0.006190038155561421,0.00551683716572477,0.7580663094643325,0.006190038155561421,0.13717281321657593,1
413,0.2532056674091481,-0.17904422998773212,0.006174992906718181,0.00551683716572477,0.7572958808458842,0.006174992906718181,0.1374432997083908,1
414,0.2605720699254831,-0.17372462401494174,0.006201792961626247,0.00551683716572477,0.7599005089372753,0.006201792961626247,0.13583973090583867,1
415,0.26029251005037957,-0.1874819512071194,0.0062014870704245485,0.00551683716572477,0.7537343357502616,0.0062014870704245485,0.13619883353415735,1
416,0.2532241996798425,-0.20216260784865916,0.00625660784150377,0.00551683716572477,0.7504807572891559,0.00625660784150377,0.13462377026318756,1
417,0.26063726978993695,-0.20576468999999997,0.006332876875138129,0.00551683716572477,0.7434062940554007,0.006332876875138129,0.13459053491129958,1
418,0.2637413798259431,-0.19863876848275286,0.006357102829931547,0.00551683716572477,0.754700020237025,0.006357102829931547,0.13261049466399555,1
419,0.26450496547216773,-0.19656564478052357,0.006418069942686594,0.00551683716572477,0.7585598813661993,0.006418069942686594,0.13263184316894278,1
420,0.26161221074181973,-0.19277878075247865,0.00638057225552501,0.00551683716572477,0.7603283598471683,0.00638057225552501,0.12842480647150484,1
421,0.27737549403465567,-0.18151085172265993,0.006400084422769818,0.00551683716572477,0.7683001105244703,0.006400084422769818,0.12970476497543015,1
422,0.2832135285701489,-0.18733683879847152,0.006400169613688121,0.00551683716572477,0.7528661240917313,0.006400169613688121,0.1320967222490523,1
423,0.28649979583695384,-0.18992169138215248,0.006428104375852216,0.00551683716572477,0.7564182821280966,0.006428104375852216,0.13426793710870485,1
424,0.28953766999999997,-0.20039892943467513,0.006429640477482938,0.00551683716572477,0.7563352659526672,0.006429640477482938,0.13915291623977383,1
425,0.28953766999999997,-0.19613582694629417,0.006362961302794912,0.00551683716572477,0.7578108119612843,0.006362961302794912,0.14299112477151601,1
426,0.28953766999999997,-0.20198890654973786,0.006329553898889858,0.00551683716572477,0.753858640636967,0.006329553898889858,0.14513062948178346,1
427,0.28953766999999997,-0.20576468999999997,0.006388490323082934,0.00551683716572477,0.7494245189748655,0.006388490323082934,0.14477624007135126,1
428,0.28953766999999997,-0.20576468999999997,0.006361622401272266,0.00551683716572477,0.7416769812840319,0.006361622401272266,0.14389746314523666,1
429,0.2858858644616433,-0.20576468999999997,0.006329369814369559,0.00551683716572477,0.7296895366037651,0.006329369814369559,0.14431449400887866,1
430,0.27164378100025693,-0.20576468999999997,0.006275679598339785,0.00551683716572477,0.7241449216290261,0.006275679598339785,0.14484904121159298,1
431,0.27164378100025693,-0.20576468999999997,0.006275679598339785,0.00551683716572477,0.7241449216290261,0.006275679598339785,0.14484904121159298,1
432,0.2708494091419905,-0.20258550191643743,0.006323438277591715,0.00551683716572477,0.726765373220262,0.006323438277591715,0.14615171081588066,1
433,0.2708494091419905,-0.20258550191643743,0.006323438277591715,0.00551683716572477,0.726765373220262,0.006323438277591715,0.14615171081588066,1
434,0.2708494091419905,-0.20258550191643743,0.006323438277591715,0.00551683716572477,0.726765373220262,0.006323438277591715,0.14615171081588066,1
435,0.2708494091419905,-0.20258550191643743,0.006323438277591715,0.00551683716572477,0.726765373220262,0.006323438277591715,0.14615171081588066,1
436,0.2708494091419905,-0.20258550191643743,0.006323438277591715,0.00551683716572477,0.726765373220262,0.006323438277591715,0.14615171081588066,1
437,0.26656055499320236,-0.20576468999999997,0.006372771344676492,0.00551683716572477,0.72120379696603,0.006372771344676492,0.14261044362977068,1
438,0.2760939985280235,-0.20576468999999997,0.006438137522293648,0.00551683716572477,0.7232058941897143,0.006438137522293648,0.14347226900547747,1
439,0.27376645163952157,-0.20576468999999997,0.006365291676513409,0.00551683716572477,0.7332076281916514,0.006365291676513409,0.1425829118504442,1
440,0.2877302920795774,-0.2048087542860296,0.00640921876237857,0.00551683716572477,0.7346890711269894,0.00640921876237857,0.14405885123557183,1
441,0.27767510016774327,-0.19354219163074313,0.006349767032779137,0.00551683716572477,0.7332945840548267,0.006349767032779137,0.1414186663991613,1
442,0.2797809694554738,-0.19914818906112985,0.006341515893453718,0.00551683716572477,0.7280939185238738,0.006341515893453718,0.14063635581471992,1
443,0.27678655564063864,-0.19477263416984333,0.0063204426337327745,0.00551683716572477,0.7270532794030631,0.0063204426337327745,0.14346138983903162,1
444,0.2769233981626649,-0.19241269680883133,0.006315197604242917,0.00551683716572477,0.7269209490392535,0.006315197604242917,0.13992639815379038,1
445,0.2769233981626649,-0.19241269680883133,0.006315197604242917,0.00551683716572477,0.7269209490392535,0.006315197604242917,0.13992639815379038,1
446,0.27341820521546983,-0.19286565827553245,0.006320540401320679,0.00551683716572477,0.7326876265626318,0.006320540401320679,0.14121774273620552,1
447,0.2749138533951022,-0.19605016083455895,0.006343203378468907,0.00551683716572477,0.735319535031703,0.006343203378468907,0.14172885817434136,1
448,0.2679318836747787,-0.18251074831134334,0.006323615568031285,0.00551683716572477,0.7332647891426122,0.006323615568031285,0.13581123767190686,1
449,0.2633409592722471,-0.18788201587139144,0.00624896475364355,0.00551683716572477,0.7299852582070707,0.00624896475364355,0.13339716458299938,1
450,0.26414889431500976,-0.18489835115548303,0.0062762658780838995,0.00551683716572477,0.7343330498280762,0.0062762658780838995,0.1342500266027759,1
451,0.26545846484758795,-0.18653728147437032,0.006223020658087144,0.00551683716572477,0.7226894139032647,0.006223020658087144,0.1341334777771769,1
452,0.26485384415203883,-0.18217507136815855,0.00612915110004432,0.00551683716572477,0.7280600849559794,0.00612915110004432,0.13316080300220412,1
453,0.2663121067720055,-0.17267468685408804,0.006075355019297025,0.00551683716572477,0.739398642482811,0.006075355019297025,0.13214509157001458,1
454,0.2525624226203947,-0.16503528525302633,0.005930490306106442,0.00551683716572477,0.7371127823928456,0.005930490306106442,0.131129079278869,1
455,0.25060588104393655,-0.17005970717420751,0.0059400911397596325,0.00551683716572477,0.7384136406330527,0.0059400911397596325,0.13268294487878926,1
456,0.2382777590892356,-0.1794573577246129,0.005926368923398625,0.00551683716572477,0.7546427463627966,0.005926368923398625,0.13521536565915604,1
457,0.2315005704502214,-0.17051444398244173,0.005840000680731396,0.00551683716572477,0.7276408300902703,0.005840000680731396,0.1347125487890507,1
458,0.23386356007849246,-0.17126233889883255,0.005789983476523506,0.00551683716572477,0.724386975910185,0.005789983476523506,0.13463600162762387,1
459,0.23141821784973582,-0.1706423464760368,0.005686683312633099,0.00551683716572477,0.7272343548009592,0.005686683312633099,0.1334006910421071,1
460,0.23141821784973582,-0.1706423464760368,0.005686683312633099,0.00551683716572477,0.7272343548009592,0.005686683312633099,0.1334006910421071,1
461,0.23214319408648373,-0.16912600506699504,0.005710665300451698,0.00551683716572477,0.7353422573411786,0.005710665300451698,0.13185984214245144,1
462,0.23214319408648373,-0.16912600506699504,0.005710665300451698,0.00551683716572477,0.7353422573411786,0.005710665300451698,0.13185984214245144,1
463,0.2390298218714431,-0.174326325870541,0.005694718423140838,0.00551683716572477,0.7346687735499567,0.005694718423140838,0.12893054057338194,1
464,0.23493439739601113,-0.18989083660778514,0.005651164512444512,0.00551683716572477,0.7289866721921409,0.005651164512444512,0.12834237162198114,1
465,0.23493439739601113,-0.18989083660778514,0.005651164512444512,0.00551683716572477,0.7289866721921409,0.005651164512444512,0.12834237162198114,1
466,0.23856903346991792,-0.18150339374509672,0.005694866767348446,0.00551683716572477,0.7364747447456809,0.005694866767348446,0.12858089226798358,1
467,0.24065093919596173,-0.181124256840734,0.005730409343810382,0.00551683716572477,0.7290686167410461,0.005730409343810382,0.12921511539130096,1
468,0.24089118746213173,-0.18190104870797366,0.005669957385088288,0.00551683716572477,0.7240168864517669,0.005669957385088288,0.12854640782970303,1
469,0.24089118746213173,-0.18190104870797366,0.005669957385088288,0.00551683716572477,0.7240168864517669,0.005669957385088288,0.12854640782970303,1
470,0.24089118746213173,-0.18190104870797366,0.005669957385088288,0.00551683716572477,0.7240168864517669,0.005669957385088288,0.12854640782970303,1
471,0.24089118746213173,-0.18190104870797366,0.005669957385088288,0.00551683716572477,0.7240168864517669,0.005669957385088288,0.12854640782970303,1
472,0.2312014069825326,-0.1812144178725462,0.005605512465853695,0.00551683716572477,0.7262926743445813,0.005605512465853695,0.13246494910985662,1
473,0.22129128629731387,-0.1911224062566871,0.0056256395016761026,0.00551683716572477,0.7268080506351575,0.0056256395016761026,0.13172262320770348,1
474,0.22129128629731387,-0.1911224062566871,0.0056256395016761026,0.00551683716572477,0.7268080506351575,0.0056256395016761026,0.13172262320770348,1
475,0.2220111498991913,-0.18336602650978673,0.005601002647662795,0.00551683716572477,0.7334052942395117,0.005601002647662795,0.13060427934566096,1
476,0.22317299759937603,-0.18155836613340756,0.005531859008718324,0.00551683716572477,0.7284751650895959,0.005531859008718324,0.13057942828882266,1
477,0.22204837319946544,-0.17188645390291407,0.005518953983011483,0.00551683716572477,0.7466049353870956,0.005518953983011483,0.12780195711577244,1
478,0.21996733667551882,-0.17971437051515893,0.005515143020800534,0.005515143020800534,0.7415152195266519,0.005515143020800534,0.13171704109465568,1
479,0.22497667584604916,-0.16397938449068167,0.005437561652782438,0.005437561652782438,0.7506061275985523,0.005437561652782438,0.1319458162180855,1
480,0.22927279508306814,-0.16475378447136158,0.005455655814171862,0.005437561652782438,0.7509896661275117,0.005455655814171862,0.13428417425237776,1
481,0.23098178152224438,-0.1534221590452744,0.005378223421301098,0.005378223421301098,0.7616392541091889,0.005378223421301098,0.135659030707968,1
482,0.23481337987861983,-0.14520954130953484,0.0053656272825052115,0.0053656272825052115,0.7585132255783077,0.0053656272825052115,0.13711247899702045,1
483,0.22810120107065335,-0.13708655790325683,0.005250282189915453,0.005250282189915453,0.7573292922149459,0.005250282189915453,0.13560130928659958,1
484,0.23151409846732676,-0.13530921991350506,0.005257595119853152,0.005250282189915453,0.7708900863000707,0.005257595119853152,0.1340042676839616,1
485,0.22757471493975906,-0.1404663215920107,0.005270130892591792,0.005250282189915453,0.7540319951157167,0.005270130892591792,0.13353550137732967,1
486,0.2334188707776892,-0.13968562408395596,0.005286346691363003,0.005250282189915453,0.7633711685476877,0.005286346691363003,0.13579455249929054,1
487,0.2387675569429832,-0.1271025156675834,0.00533353914530309,0.005250282189915453,0.7847229052562067,0.00533353914530309,0.1308493993072465,1
488,0.24005056308656708,-0.12299529983358615,0.005314288433290168,0.005250282189915453,0.7813405642910201,0.005314288433290168,0.13111534726574933,1
489,0.23094230060635051,-0.11429357334557946,0.00520753250678561,0.00520753250678561,0.7770759942338415,0.00520753250678561,0.12905571478567407,1
490,0.2328251157970528,-0.11377948153322441,0.005187030626365826,0.005187030626365826,0.7729238557641945,0.005187030626365826,0.12988876246699818,1
491,0.2286366396245833,-0.09712245884733278,0.005127802808460547,0.005127802808460547,0.7669959566700568,0.005127802808460547,0.12844518789541537,1
492,0.23206082027838076,-0.09318971349959351,0.005143101787909407,0.005127802808460547,0.7616063204269153,0.005143101787909407,0.12748667654563367,1
493,0.23883140278469414,-0.09295990211753419,0.005171047066139751,0.005127802808460547,0.757765586479616,0.005171047066139751,0.12681589920616437,1
494,0.2465969756182163,-0.09307795203751965,0.005217543524778493,0.005127802808460547,0.7583751096436476,0.005217543524778493,0.12565930589318064,1
495,0.2440102453394352,-0.0981893712035931,0.005174368453236374,0.005127802808460547,0.7562536130523347,0.005174368453236374,0.1259640719612138,1
496,0.23344804458439072,-0.10755616264861113,0.005183690712737268,0.005127802808460547,0.7348679559840819,0.005183690712737268,0.12550662699289783,1
497,0.23072993250376905,-0.09621743502830116,0.0050936572086666,0.0050936572086666,0.738445694981167,0.0050936572086666,0.12213846961807723,1
498,0.23029461275922725,-0.08850106046636846,0.005043657153074596,0.005043657153074596,0.7343043267944044,0.005043657153074596,0.12267814323920666,1
499,0.22009994044765147,-0.07217119269028532,0.005227103785876788,0.005043657153074596,0.7262029694291774,0.004872134206382635,0.11981159363612283,0
500,0.22009994044765147,-0.07217119269028532,0.005227103785876788,0.005043657153074596,0.7262029694291774,0.004872134206382635,0.11981159363612283,0
501,0.22009994044765147,-0.07217119269028532,0.005227103785876788,0.005043657153074596,0.7262029694291774,0.004872134206382635,0.11981159363612283,0
502,0.22009994044765147,-0.07217119269028532,0.005227103785876788,0.005043657153074596,0.7262029694291774,0.004872134206382635,0.11981159363612283,0
503,0.22009994044765147,-0.07217119269028532,0.005227103785876788,0.005043657153074596,0.7262029694291774,0.004872134206382635,0.11981159363612283,0
504,0.22009994044765147,-0.07217119269028532,0.005227103785876788,0.005043657153074596,0.7262029694291774,0.004872134206382635,0.11981159363612283,0
505,0.2175182141001355,-0.06568590523167402,0.004839046172314589,0.004839046172314589,0.7226665385774429,0.004839046172314589,0.12072017616210656,1
506,0.22407229865131081,-0.06326469,0.004920524806931801,0.004839046172314589,0.7259653466183149,0.004920524806931801,0.12137788347832161,1
507,0.22407229865131081,-0.06326469,0.004920524806931801,0.004839046172314589,0.7259653466183149,0.004920524806931801,0.12137788347832161,1
508,0.2101974835230575,-0.06458351075212618,0.004776660642690396,0.004776660642690396,0.7309522714596192,0.004776660642690396,0.12152072058453157,1
509,0.22676096328761186,-0.06734712569789628,0.004774914824608007,0.004774914824608007,0.737959210629414,0.004774914824608007,0.12290772759688787,1
510,0.22676096328761186,-0.06734712569789628,0.004774914824608007,0.004774914824608007,0.737959210629414,0.004774914824608007,0.12290772759688787,1
511,0.22368265111111785,-0.07913313283451834,0.004826499667389455,0.004774914824608007,0.7487559578867671,0.004826499667389455,0.1273921117723015,1
512,0.208883172152979,-0.07273232091004607,0.0047349197861516635,0.0047349197861516635,0.7491351706526429,0.0047349197861516635,0.12614437539052922,1
513,0.20712803327457258,-0.06476019689979005,0.004663648428875159,0.004663648428875159,0.7452323832859015,0.004663648428875159,0.12129648451970808,1
514,0.21358716039398107,-0.06326469,0.004662966698686477,0.004662966698686477,0.7493430739202598,0.004662966698686477,0.12209550381738968,1
515,0.1997514174459028,-0.06326469,0.004587144560892249,0.004587144560892249,0.7338020663545897,0.004587144560892249,0.12063908520409941,1
516,0.19714596823287284,-0.0663835684221308,0.004523764654907329,0.004523764654907329,0.7381876364833981,0.004523764654907329,0.12173433262041145,1
517,0.19974346875903046,-0.07448492771455666,0.004543528371339504,0.004523764654907329,0.7416084529078586,0.004543528371339504,0.12056280409574237,1
518,0.19974346875903046,-0.07448492771455666,0.004543528371339504,0.004523764654907329,0.7416084529078586,0.004543528371339504,0.12056280409574237,1
519,0.18620831800791093,-0.0799429997816595,0.004503872060246409,0.004503872060246409,0.7358887668237954,0.004503872060246409,0.12178153169888922,1
520,0.18620831800791093,-0.0799429997816595,0.004503872060246409,0.004503872060246409,0.7358887668237954,0.004503872060246409,0.12178153169888922,1
521,0.18620831800791093,-0.0799429997816595,0.004503872060246409,0.004503872060246409,0.7358887668237954,0.004503872060246409,0.12178153169888922,1
522,0.1844696159986916,-0.07493312587635265,0.004442451473581931,0.004442451473581931,0.7382812997788859,0.00442000045706017,0.11995261749634964,0
523,0.1844696159986916,-0.07493312587635265,0.004442451473581931,0.004442451473581931,0.7382812997788859,0.00442000045706017,0.11995261749634964,0
524,0.1844696159986916,-0.07493312587635265,0.004442451473581931,0.004442451473581931,0.7382812997788859,0.00442000045706017,0.11995261749634964,0
525,0.17904330246030853,-0.09419448071199256,0.00447994224277545,0.004442451473581931,0.739550305292105,0.00447994224277545,0.12045923261360623,1
526,0.1776370582603659,-0.09008158605881691,0.0045364649208372975,0.004442451473581931,0.7456388039972237,0.0045364649208372975,0.12149492641375764,1
527,0.17275162447253622,-0.0880862629920979,0.004609651984449566,0.004442451473581931,0.7340832334892967,0.004609651984449566,0.12525945465521804,1
528,0.17801991707892853,-0.09506761424645603,0.00462926991558269,0.004442451473581931,0.7317238171313609,0.00462926991558269,0.126179230025764,1
529,0.1772494267723897,-0.09644490685989782,0.0046880163536771515,0.004442451473581931,0.7497533558344351,0.0046880163536771515,0.12668981002814733,1
530,0.16802271287836587,-0.09669530486315636,0.00468931134279329,0.004442451473581931,0.7532316162636405,0.00468931134279329,0.12667925041841407,1
531,0.16983059111788656,-0.08533678692520277,0.004539723430211904,0.004442451473581931,0.746472742583695,0.004539723430211904,0.1232026114623793,1
532,0.168293107842798,-0.08892991028786772,0.004628448581262684,0.004442451473581931,0.7394018400822746,0.004628448581262684,0.12426020346540277,1
533,0.16510397786036854,-0.08747345789092015,0.004721394938770802,0.004442451473581931,0.7489403499914851,0.004721394938770802,0.12443210367877873,1
534,0.1705722681903167,-0.10441978346751761,0.004838604961799354,0.004442451473581931,0.7382387188715446,0.004838604961799354,0.1266617935941465,1
535,0.18136460980433933,-0.10945094982934361,0.00486395778656353,0.004442451473581931,0.7342653480380223,0.00486395778656353,0.12793547374209627,1
536,0.17853516306691838,-0.11642139397182891,0.004857972667301636,0.004442451473581931,0.7384916891509293,0.004857972667301636,0.12624839569216897,1
537,0.17853516306691838,-0.11642139397182891,0.004857972667301636,0.004442451473581931,0.7384916891509293,0.004857972667301636,0.12624839569216897,1
538,0.175641763773566,-0.11566233233157072,0.004768006314120782,0.004442451473581931,0.739969003672581,0.004768006314120782,0.12328536477201663,1
539,0.175641763773566,-0.11566233233157072,0.004768006314120782,0.004442451473581931,0.739969003672581,0.004768006314120782,0.12328536477201663,1
540,0.17575665288735687,-0.11229117097703774,0.004746043541015019,0.004442451473581931,0.7335826673829513,0.004746043541015019,0.12304626319837081,1
541,0.18286070080208905,-0.12810708885263217,0.004802098847753745,0.004442451473581931,0.7270616470879115,0.004802098847753745,0.12586411224448857,1
542,0.18286070080208905,-0.12810708885263217,0.004802098847753745,0.004442451473581931,0.7270616470879115,0.004802098847753745,0.12586411224448857,1
543,0.1952908608763752,-0.13166345388185852,0.004859783004585301,0.004442451473581931,0.7442280520877642,0.004859783004585301,0.12816685581086046,1
544,0.1952908608763752,-0.13166345388185852,0.004859783004585301,0.004442451473581931,0.7442280520877642,0.004859783004585301,0.12816685581086046,1
545,0.18310281197601505,-0.1384651078582527,0.0048595366961250224,0.004442451473581931,0.7243326646817441,0.0048595366961250224,0.12531106370515355,1
546,0.1812179224477439,-0.12375753939742927,0.00479618525036617,0.004442451473581931,0.7324049055785132,0.00479618525036617,0.12101291410758923,1
547,0.16608447361859874,-0.12398587779334573,0.004778528354459103,0.004442451473581931,0.7333350249028079,0.004778528354459103,0.1255819416805053,1
548,0.17229856449659764,-0.12357359645543009,0.004787411655954486,0.004442451473581931,0.7374712657020848,0.004787411655954486,0.12695191692311716,1
549,0.16074888046899122,-0.11525039659506964,0.004662571704095387,0.004442451473581931,0.7317337686083335,0.004662571704095387,0.12796800524352578,1
550,0.16074888046899122,-0.11525039659506964,0.004662571704095387,0.004442451473581931,0.7317337686083335,0.004662571704095387,0.12796800524352578,1
551,0.14703767,-0.12143434414217161,0.0045620930653787126,0.004442451473581931,0.7333841543335445,0.0045620930653787126,0.12618940211742044,1
552,0.14703767,-0.11868430723261837,0.00454328560300456,0.004442451473581931,0.7199227750343801,0.00454328560300456,0.12694921303895576,1
553,0.14703767,-0.11802841437927043,0.00451175960103303,0.004442451473581931,0.7255300469374266,0.00451175960103303,0.12653082463930837,1
554,0.1472666899221225,-0.12243280757614128,0.004514327728435503,0.004442451473581931,0.7369014023834749,0.004514327728435503,0.12454182069417694,1
555,0.14703767,-0.12718547809113567,0.004445871643898565,0.004442451473581931,0.7317786913149583,0.004445871643898565,0.12468495775457877,1
556,0.14703767,-0.11513115487377301,0.004272187837325901,0.004272187837325901,0.7218200517248585,0.004272187837325901,0.12336103393899037,1
557,0.14703767,-0.11513115487377301,0.004272187837325901,0.004272187837325901,0.7218200517248585,0.004272187837325901,0.12336103393899037,1
558,0.14703767,-0.11513115487377301,0.004272187837325901,0.004272187837325901,0.7218200517248585,0.004272187837325901,0.12336103393899037,1
559,0.14703767,-0.11513115487377301,0.004272187837325901,0.004272187837325901,0.7218200517248585,0.004272187837325901,0.12336103393899037,1
560,0.14703767,-0.11513115487377301,0.004272187837325901,0.004272187837325901,0.7218200517248585,0.004272187837325901,0.12336103393899037,1
561,0.14703767,-0.10592527274415477,0.004282786745729081,0.004272187837325901,0.7231146234718002,0.004282786745729081,0.12317383458942675,1
562,0.14703767,-0.10592527274415477,0.004282786745729081,0.004272187837325901,0.7231146234718002,0.004282786745729081,0.12317383458942675,1
563,0.1477269703796907,-0.11129782549728603,0.004271357329417245,0.004271357329417245,0.7368744147891273,0.004271357329417245,0.12152282809420606,1
564,0.1477269703796907,-0.11129782549728603,0.004271357329417245,0.004271357329417245,0.7368744147891273,0.004271357329417245,0.12152282809420606,1
565,0.1477269703796907,-0.11129782549728603,0.004271357329417245,0.004271357329417245,0.7368744147891273,0.004271357329417245,0.12152282809420606,1
566,0.14703767,-0.11665052160236059,0.004319645675761936,0.004271357329417245,0.7302850066577301,0.004319645675761936,0.12055169055609581,1
567,0.158494064810474,-0.11043169988471495,0.004305433897287129,0.004271357329417245,0.7413537192583409,0.004305433897287129,0.12361631517513341,1
568,0.16768859759278051,-0.10232785956410893,0.00424753914093377,0.00424753914093377,0.7389458004761575,0.00424753914093377,0.12491674369506332,1
569,0.16768859759278051,-0.10232785956410893,0.00424753914093377,0.00424753914093377,0.7389458004761575,0.00424753914093377,0.12491674369506332,1
570,0.15607674879040137,-0.09998777450621539,0.0042132637592732156,0.0042132637592732156,0.7363606336384486,0.0042132637592732156,0.12319014407828593,1
571,0.15629045774109024,-0.11105491768047011,0.004251461002262302,0.0042132637592732156,0.7433297910964594,0.004251461002262302,0.12581486059209018,1
572,0.14703767,-0.10707401034224065,0.004315574272327719,0.0042132637592732156,0.7562360210435519,0.004315574272327719,0.1270142381094716,1
573,0.14703767,-0.09284338676346253,0.004140791596677375,0.004140791596677375,0.7707903442968871,0.004140791596677375,0.1276360533761969,1
574,0.14703767,-0.09315635333576777,0.004121213047665679,0.004121213047665679,0.7609051766612883,0.004121213047665679,0.12765045576036754,1
575,0.14703767,-0.09720276537069268,0.0040664733622292485,0.0040664733622292485,0.7623804364400328,0.0040664733622292485,0.12571231172653805,1
576,0.14703767,-0.08768104502108873,0.003956958174900203,0.003956958174900203,0.7536796736355726,0.003956958174900203,0.12436121579363438,1
577,0.14703767,-0.09945096207633021,0.004054790845723197,0.003956958174900203,0.7481247703077213,0.004054790845723197,0.12524660711731,1
578,0.15677319455946287,-0.10219760141783076,0.003947936052012408,0.003947936052012408,0.743388119844396,0.003947936052012408,0.12698412331053768,1
579,0.1587128812274205,-0.08867515445763748,0.0038142456324037856,0.0038142456324037856,0.7392806379960709,0.0038142456324037856,0.12554720877136372,1
580,0.1587128812274205,-0.08867515445763748,0.0038142456324037856,0.0038142456324037856,0.7392806379960709,0.0038142456324037856,0.12554720877136372,1
581,0.17657878479716468,-0.07379996430827707,0.003815370454535773,0.0038142456324037856,0.7531600304877375,0.003815370454535773,0.12512022311057056,1
582,0.17757380297595296,-0.0717961970512195,0.0038836352312150157,0.0038142456324037856,0.7555181084064828,0.0038836352312150157,0.12388870209392971,1
583,0.18996891789624243,-0.06326469,0.0040062252573860365,0.0038142456324037856,0.7335253342598205,0.0040062252573860365,0.120841792237009,1
584,0.19111354872125838,-0.06774025447325895,0.004053509403039317,0.0038142456324037856,0.7320479822069166,0.004053509403039317,0.12103735532301735,1
585,0.19111354872125838,-0.06774025447325895,0.004053509403039317,0.0038142456324037856,0.7320479822069166,0.004053509403039317,0.12103735532301735,1
586,0.19623762546904086,-0.06326469,0.00410394280433372,0.0038142456324037856,0.7444420610066592,0.00410394280433372,0.12138798996786113,1
587,0.1993260682256873,-0.06441349118958979,0.004170280370799922,0.0038142456324037856,0.7576291407243728,0.004170280370799922,0.12166105284874877,1
588,0.19873759612630934,-0.06326469,0.004127171660535693,0.0038142456324037856,0.7707146002566154,0.004127171660535693,0.12077768326718077,1
589,0.19873759612630934,-0.06326469,0.004127171660535693,0.0038142456324037856,0.7707146002566154,0.004127171660535693,0.12077768326718077,1
590,0.19778238122265016,-0.06356308539162611,0.004083294418883386,0.0038142456324037856,0.7662850467271983,0.004083294418883386,0.12311503184392739,1
591,0.21264780607270353,-0.0665703475728902,0.004183082964220682,0.0038142456324037856,0.7632435904261873,0.004183082964220682,0.1248320506583092,1
592,0.21264780607270353,-0.0665703475728902,0.004183082964220682,0.0038142456324037856,0.7632435904261873,0.004183082964220682,0.1248320506583092,1
593,0.2107140450190315,-0.06950831776353197,0.004164150145692774,0.0038142456324037856,0.7607603758197085,0.004164150145692774,0.1262442426743774,1
594,0.2107140450190315,-0.06950831776353197,0.004164150145692774,0.0038142456324037856,0.7607603758197085,0.004164150145692774,0.1262442426743774,1
595,0.20530137476754454,-0.06326469,0.004070651142358234,0.0038142456324037856,0.768146632055413,0.004070651142358234,0.1278166273145804,1
596,0.20530137476754454,-0.06326469,0.004070651142358234,0.0038142456324037856,0.768146632055413,0.004070651142358234,0.1278166273145804,1
597,0.20530137476754454,-0.06326469,0.004070651142358234,0.0038142456324037856,0.768146632055413,0.004070651142358234,0.1278166273145804,1
598,0.20530137476754454,-0.06326469,0.004070651142358234,0.0038142456324037856,0.768146632055413,0.004070651142358234,0.1278166273145804,1
599,0.20333547704068677,-0.06965343877212535,0.003983729188445299,0.0038142456324037856,0.758595936532439,0.003983729188445299,0.13046726659576502,1
600,0.19318952086160268,-0.06326469,0.0038631254326686373,0.0038142456324037856,0.7445046907457904,0.0038631254326686373,0.1286180267470953,1
601,0.19318952086160268,-0.06326469,0.0038631254326686373,0.0038142456324037856,0.7445046907457904,0.0038631254326686373,0.1286180267470953,1
602,0.19318952086160268,-0.06326469,0.0038631254326686373,0.0038142456324037856,0.7445046907457904,0.0038631254326686373,0.1286180267470953,1
603,0.18630048998910906,-0.06326469,0.003791715050794018,0.003791715050794018,0.7392021998768521,0.003791715050794018,0.12917529090125113,1
604,0.19548376000372844,-0.06711898656229309,0.0038506470754654707,0.003791715050794018,0.7478412181617913,0.0038506470754654707,0.1309019711030849,1
605,0.19548376000372844,-0.06711898656229309,0.0038506470754654707,0.003791715050794018,0.7478412181617913,0.0038506470754654707,0.1309019711030849,1
606,0.19248066843578637,-0.06428279356646543,0.003835644699357113,0.003791715050794018,0.7337124715615598,0.003835644699357113,0.12723806305027197,1
607,0.18156986656133442,-0.06326469,0.003743276813829917,0.003743276813829917,0.7376237677741488,0.003743276813829917,0.12663555001887344,1
608,0.1700077841734115,-0.06326469,0.003798958366515311,0.003743276813829917,0.7404063954225245,0.003798958366515311,0.1259081245193148,1
609,0.17899133700340658,-0.06633881146748918,0.003802514662635491,0.003743276813829917,0.7352946998099879,0.003802514662635491,0.1280436944609996,1
610,0.17899133700340658,-0.06633881146748918,0.003802514662635491,0.003743276813829917,0.7352946998099879,0.003802514662635491,0.1280436944609996,1
611,0.17899133700340658,-0.06633881146748918,0.003802514662635491,0.003743276813829917,0.7352946998099879,0.003802514662635491,0.1280436944609996,1
612,0.17899133700340658,-0.06633881146748918,0.003802514662635491,0.003743276813829917,0.7352946998099879,0.003802514662635491,0.1280436944609996,1
613,0.18746457553985404,-0.07374325513592339,0.0038229178767625804,0.003743276813829917,0.7421881513044664,0.0038229178767625804,0.129034523997041,1
614,0.18622223118305745,-0.08147301641689231,0.003960277025142368,0.003743276813829917,0.7380051478517051,0.003960277025142368,0.12943219655378768,1
615,0.18354745312685922,-0.07074944939180795,0.0039013154426191994,0.003743276813829917,0.7261787889178789,0.0039013154426191994,0.12697713340463013,1
616,0.17783126631007576,-0.06326469,0.003897472996409956,0.003743276813829917,0.7326907397501286,0.003897472996409956,0.12520786779218102,1
617,0.18470921881359878,-0.06326469,0.003932745184127756,0.003743276813829917,0.7302920374604407,0.003932745184127756,0.12787373108072247,1
618,0.18470921881359878,-0.06326469,0.003932745184127756,0.003743276813829917,0.7302920374604407,0.003932745184127756,0.12787373108072247,1
619,0.1944866519444307,-0.07060127570738556,0.0039425477808304465,0.003743276813829917,0.7278886649780988,0.0039425477808304465,0.12896782654765146,1
620,0.19148269077408897,-0.07609561234892516,0.003960371315024219,0.003743276813829917,0.724917803626932,0.003960371315024219,0.12743041888137893,1
621,0.18792109970741167,-0.06545796522976734,0.003988539511293885,0.003743276813829917,0.7246035532520207,0.003988539511293885,0.1255682216356457,1
622,0.18792109970741167,-0.06545796522976734,0.003988539511293885,0.003743276813829917,0.7246035532520207,0.003988539511293885,0.1255682216356457,1
623,0.19029172493070612,-0.07054567919539036,0.003949589545457533,0.003743276813829917,0.7349744774523584,0.003949589545457533,0.12527146666309982,1
624,0.19146906028741872,-0.06789056086671996,0.003912478258701408,0.003743276813829917,0.7247620061854751,0.003912478258701408,0.12353980284935412,1
625,0.19146906028741872,-0.06789056086671996,0.003912478258701408,0.003743276813829917,0.7247620061854751,0.003912478258701408,0.12353980284935412,1
626,0.19632146740923595,-0.06326469,0.0039024666782858717,0.003743276813829917,0.7206171337468066,0.0039024666782858717,0.12403670081911643,1
627,0.19632146740923595,-0.06326469,0.0039024666782858717,0.003743276813829917,0.7206171337468066,0.0039024666782858717,0.12403670081911643,1
628,0.19632146740923595,-0.06326469,0.0039024666782858717,0.003743276813829917,0.7206171337468066,0.0039024666782858717,0.12403670081911643,1
629,0.19632146740923595,-0.06326469,0.0039024666782858717,0.003743276813829917,0.7206171337468066,0.0039024666782858717,0.12403670081911643,1
630,0.19632146740923595,-0.06326469,0.0039024666782858717,0.003743276813829917,0.7206171337468066,0.0039024666782858717,0.12403670081911643,1
631,0.2014594439954764,-0.06326469,0.003927361565928301,0.003743276813829917,0.7293849094975687,0.003927361565928301,0.12367126903770992,1
632,0.20104025990978933,-0.06326469,0.003930694769097623,0.003743276813829917,0.7278325202114962,0.003930694769097623,0.12331539741353938,1
633,0.18906388244522057,-0.06410257897518919,0.0038590199916543827,0.003743276813829917,0.7307789274225408,0.0038590199916543827,0.12476662943104418,1
634,0.19465028171775436,-0.06348036195974743,0.0038437385801123967,0.003743276813829917,0.7220184133813331,0.0038437385801123967,0.12742280654786073,1
635,0.19465028171775436,-0.06348036195974743,0.0038437385801123967,0.003743276813829917,0.7220184133813331,0.0038437385801123967,0.12742280654786073,1
636,0.19465028171775436,-0.06348036195974743,0.0038437385801123967,0.003743276813829917,0.7220184133813331,0.0038437385801123967,0.12742280654786073,1
637,0.19465028171775436,-0.06348036195974743,0.0038437385801123967,0.003743276813829917,0.7220184133813331,0.0038437385801123967,0.12742280654786073,1
638,0.19742061645338332,-0.06326469,0.00384746946356424,0.003743276813829917,0.7269749075770611,0.00384746946356424,0.12623739465194975,1
639,0.19742061645338332,-0.06326469,0.00384746946356424,0.003743276813829917,0.7269749075770611,0.00384746946356424,0.12623739465194975,1
640,0.19742061645338332,-0.06326469,0.00384746946356424,0.003743276813829917,0.7269749075770611,0.00384746946356424,0.12623739465194975,1
641,0.18939481917009368,-0.06326469,0.0038788142942977966,0.003743276813829917,0.7332640681820024,0.0038788142942977966,0.12307315894872416,1
642,0.18746842295125116,-0.06326469,0.003971135889629304,0.003743276813829917,0.7517478918403306,0.003971135889629304,0.12450930370033114,1
643,0.1846042692019062,-0.06999159883979474,0.003951383767577254,0.003743276813829917,0.7478432115851152,0.003951383767577254,0.12406801726186133,1
644,0.1846042692019062,-0.06999159883979474,0.003951383767577254,0.003743276813829917,0.7478432115851152,0.003951383767577254,0.12406801726186133,1
645,0.1846042692019062,-0.06999159883979474,0.003951383767577254,0.003743276813829917,0.7478432115851152,0.003951383767577254,0.12406801726186133,1
646,0.19631845874410497,-0.0636395101586532,0.004006414348472513,0.003743276813829917,0.7446191415639123,0.004006414348472513,0.12627339183451966,1
647,0.19631845874410497,-0.0636395101586532,0.004006414348472513,0.003743276813829917,0.7446191415639123,0.004006414348472513,0.12627339183451966,1
648,0.21003854490227133,-0.06326469,0.004099090919313236,0.003743276813829917,0.7415054136017959,0.004099090919313236,0.12678396104380796,1
649,0.1997649336149747,-0.07247818603413542,0.003965492496249721,0.003743276813829917,0.7293580932988415,0.003965492496249721,0.12929972456741665,1
650,0.19593183659711827,-0.07172807583877897,0.003973011500992983,0.003743276813829917,0.7252686995193159,0.003973011500992983,0.1292296591447818,1
651,0.19593183659711827,-0.07172807583877897,0.003973011500992983,0.003743276813829917,0.7252686995193159,0.003973011500992983,0.1292296591447818,1
652,0.19593183659711827,-0.07172807583877897,0.003973011500992983,0.003743276813829917,0.7252686995193159,0.003973011500992983,0.1292296591447818,1
653,0.19593183659711827,-0.07172807583877897,0.003973011500992983,0.003743276813829917,0.7252686995193159,0.003973011500992983,0.1292296591447818,1
654,0.19593183659711827,-0.07172807583877897,0.003973011500992983,0.003743276813829917,0.7252686995193159,0.003973011500992983,0.1292296591447818,1
655,0.19593183659711827,-0.07172807583877897,0.003973011500992983,0.003743276813829917,0.7252686995193159,0.003973011500992983,0.1292296591447818,1
656,0.19593183659711827,-0.07172807583877897,0.003973011500992983,0.003743276813829917,0.7252686995193159,0.003973011500992983,0.1292296591447818,1
657,0.19869934971909742,-0.07663447943478649,0.0039382104956818785,0.003743276813829917,0.7202390965746812,0.0039382104956818785,0.129678633835129,1
658,0.20265436382761873,-0.06326469,0.003937970657639037,0.003743276813829917,0.7247354777894427,0.003937970657639037,0.12794126056164676,1
659,0.20265436382761873,-0.06326469,0.003937970657639037,0.003743276813829917,0.7247354777894427,0.003937970657639037,0.12794126056164676,1
660,0.2026413339208545,-0.06326469,0.003873481117427492,0.003743276813829917,0.7264722857188495,0.003873481117427492,0.12652760970175866,1
661,0.2026413339208545,-0.06326469,0.003873481117427492,0.003743276813829917,0.7264722857188495,0.003873481117427492,0.12652760970175866,1
662,0.19927034320051284,-0.06813272542979103,0.003892660535905467,0.003743276813829917,0.736883874774158,0.003892660535905467,0.1269681406896678,1
663,0.19927034320051284,-0.06813272542979103,0.003892660535905467,0.003743276813829917,0.736883874774158,0.003892660535905467,0.1269681406896678,1
664,0.19927034320051284,-0.06813272542979103,0.003892660535905467,0.003743276813829917,0.736883874774158,0.003892660535905467,0.1269681406896678,1
665,0.1980314922307714,-0.06326469,0.0038844217563295085,0.003743276813829917,0.7195103675978008,0.0038040820810895724,0.12712369684443192,0
666,0.1980314922307714,-0.06326469,0.0038844217563295085,0.003743276813829917,0.7195103675978008,0.0038040820810895724,0.12712369684443192,0
667,0.1980314922307714,-0.06326469,0.0038844217563295085,0.003743276813829917,0.7195103675978008,0.0038040820810895724,0.12712369684443192,0
668,0.1980314922307714,-0.06326469,0.0038844217563295085,0.003743276813829917,0.7195103675978008,0.0038040820810895724,0.12712369684443192,0
669,0.1980314922307714,-0.06326469,0.0038844217563295085,0.003743276813829917,0.7195103675978008,0.0038040820810895724,0.12712369684443192,0
670,0.1980314922307714,-0.06326469,0.0038844217563295085,0.003743276813829917,0.7195103675978008,0.0038040820810895724,0.12712369684443192,0
671,0.1980314922307714,-0.06326469,0.0038844217563295085,0.003743276813829917,0.7195103675978008,0.0038040820810895724,0.12712369684443192,0
672,0.1980314922307714,-0.06326469,0.0038844217563295085,0.003743276813829917,0.7195103675978008,0.0038040820810895724,0.12712369684443192,0
673,0.19562141364051097,-0.06701689274723652,0.0037500917912149274,0.003743276813829917,0.7348026502578638,0.0037500917912149274,0.12869022491161616,1
674,0.19562141364051097,-0.06701689274723652,0.0037500917912149274,0.003743276813829917,0.7348026502578638,0.0037500917912149274,0.12869022491161616,1
675,0.18619041044826046,-0.06326469,0.003698671991210606,0.003698671991210606,0.7233238310768134,0.003698671991210606,0.12941426467813907,1
676,0.18619041044826046,-0.06326469,0.003698671991210606,0.003698671991210606,0.7233238310768134,0.003698671991210606,0.12941426467813907,1
677,0.1802907167965484,-0.06326469,0.003690748545317218,0.003690748545317218,0.721376976091711,0.003690748545317218,0.12795322679943685,1
678,0.18344916464862632,-0.06405223696584336,0.0037664421751664504,0.003690748545317218,0.7362782167164666,0.0037664421751664504,0.12747778180482314,1
679,0.18240548986968816,-0.06451373931690323,0.0038027024560352784,0.003690748545317218,0.7415669768442422,0.0038027024560352784,0.12768478116494414,1
680,0.18095121234342237,-0.06326469,0.0037824361472426947,0.003690748545317218,0.7374244227015482,0.0037824361472426947,0.1272333826254247,1
681,0.18095121234342237,-0.06326469,0.0037824361472426947,0.003690748545317218,0.7374244227015482,0.0037824361472426947,0.1272333826254247,1
682,0.18095121234342237,-0.06326469,0.0037824361472426947,0.003690748545317218,0.7374244227015482,0.0037824361472426947,0.1272333826254247,1
683,0.18095121234342237,-0.06326469,0.0037824361472426947,0.003690748545317218,0.7374244227015482,0.0037824361472426947,0.1272333826254247,1
684,0.18095121234342237,-0.06326469,0.0037824361472426947,0.003690748545317218,0.7374244227015482,0.0037824361472426947,0.1272333826254247,1
685,0.18095121234342237,-0.06326469,0.0037824361472426947,0.003690748545317218,0.7374244227015482,0.0037824361472426947,0.1272333826254247,1
686,0.17117279296329807,-0.06326469,0.0037584783319820373,0.003690748545317218,0.736806083395085,0.0037584783319820373,0.1260028529091934,1
687,0.17117279296329807,-0.06326469,0.0037584783319820373,0.003690748545317218,0.736806083395085,0.0037584783319820373,0.1260028529091934,1
688,0.1693441293892942,-0.06664512481439816,0.0037618069493429093,0.003690748545317218,0.7519514147888907,0.0037618069493429093,0.1253503646966722,1
689,0.1693441293892942,-0.06664512481439816,0.0037618069493429093,0.003690748545317218,0.7519514147888907,0.0037618069493429093,0.1253503646966722,1
690,0.1693441293892942,-0.06664512481439816,0.0037618069493429093,0.003690748545317218,0.7519514147888907,0.0037618069493429093,0.1253503646966722,1
691,0.1693441293892942,-0.06664512481439816,0.0037618069493429093,0.003690748545317218,0.7519514147888907,0.0037618069493429093,0.1253503646966722,1
692,0.16316357666294495,-0.06326469,0.003762668737948063,0.003690748545317218,0.7430302106761354,0.003762668737948063,0.12487713817253858,1
693,0.1581789209009406,-0.06394869471485373,0.003815272996419836,0.003690748545317218,0.7418214578550646,0.003815272996419836,0.12401949812874237,1
694,0.1581789209009406,-0.06394869471485373,0.003815272996419836,0.003690748545317218,0.7418214578550646,0.003815272996419836,0.12401949812874237,1
695,0.1581789209009406,-0.06394869471485373,0.003815272996419836,0.003690748545317218,0.7418214578550646,0.003815272996419836,0.12401949812874237,1
696,0.1581789209009406,-0.06394869471485373,0.003815272996419836,0.003690748545317218,0.7418214578550646,0.003815272996419836,0.12401949812874237,1
697,0.1618076500818899,-0.06326469,0.0038150105378645066,0.003690748545317218,0.734911488262209,0.0038150105378645066,0.12548475834527328,1
698,0.1618076500818899,-0.06326469,0.0038150105378645066,0.003690748545317218,0.734911488262209,0.0038150105378645066,0.12548475834527328,1
699,0.16871776624387425,-0.06326469,0.003802222256748165,0.003690748545317218,0.7416766820688989,0.003802222256748165,0.1234071972911687,1
700,0.16118816860768134,-0.06560483025346779,0.003797619935200037,0.003690748545317218,0.7545287957150523,0.003797619935200037,0.12586401059915717,1
701,0.16118816860768134,-0.06560483025346779,0.003797619935200037,0.003690748545317218,0.7545287957150523,0.003797619935200037,0.12586401059915717,1
702,0.16118816860768134,-0.06560483025346779,0.003797619935200037,0.003690748545317218,0.7545287957150523,0.003797619935200037,0.12586401059915717,1
703,0.1549363332168488,-0.06326469,0.0037665972108020035,0.003690748545317218,0.7378764941797821,0.0037665972108020035,0.12440358585359794,1
704,0.1549363332168488,-0.06326469,0.0037665972108020035,0.003690748545317218,0.7378764941797821,0.0037665972108020035,0.12440358585359794,1
705,0.1549363332168488,-0.06326469,0.0037665972108020035,0.003690748545317218,0.7378764941797821,0.0037665972108020035,0.12440358585359794,1
706,0.1549363332168488,-0.06326469,0.0037665972108020035,0.003690748545317218,0.7378764941797821,0.0037665972108020035,0.12440358585359794,1
707,0.1549363332168488,-0.06326469,0.0037665972108020035,0.003690748545317218,0.7378764941797821,0.0037665972108020035,0.12440358585359794,1
708,0.1549363332168488,-0.06326469,0.0037665972108020035,0.003690748545317218,0.7378764941797821,0.0037665972108020035,0.12440358585359794,1
709,0.1549363332168488,-0.06326469,0.0037665972108020035,0.003690748545317218,0.7378764941797821,0.0037665972108020035,0.12440358585359794,1
710,0.14984008776672814,-0.06326469,0.003826059831517124,0.003690748545317218,0.7394044603498989,0.003826059831517124,0.12057362962358414,1
711,0.15329280134095796,-0.06326469,0.003834532872483097,0.003690748545317218,0.7369209855071182,0.003834532872483097,0.1237240488443692,1
712,0.15329280134095796,-0.06326469,0.003834532872483097,0.003690748545317218,0.7369209855071182,0.003834532872483097,0.1237240488443692,1
713,0.15329280134095796,-0.06326469,0.003834532872483097,0.003690748545317218,0.7369209855071182,0.003834532872483097,0.1237240488443692,1
714,0.1654894252721057,-0.07151236241160125,0.003855134212543728,0.003690748545317218,0.7521275967068857,0.003855134212543728,0.1204447616027688,1
715,0.1654894252721057,-0.07151236241160125,0.003855134212543728,0.003690748545317218,0.7521275967068857,0.003855134212543728,0.1204447616027688,1
716,0.16343309305834477,-0.06525138068051163,0.003872065648422766,0.003690748545317218,0.7504937612855869,0.003872065648422766,0.12013156623221992,1
717,0.16343309305834477,-0.06525138068051163,0.003872065648422766,0.003690748545317218,0.7504937612855869,0.003872065648422766,0.12013156623221992,1
718,0.1581765869246605,-0.06541921290708451,0.003860135384218965,0.003690748545317218,0.7330944114473259,0.003860135384218965,0.12033890077473748,1
719,0.1581765869246605,-0.06541921290708451,0.003860135384218965,0.003690748545317218,0.7330944114473259,0.003860135384218965,0.12033890077473748,1
720,0.1581765869246605,-0.06541921290708451,0.003860135384218965,0.003690748545317218,0.7330944114473259,0.003860135384218965,0.12033890077473748,1
721,0.1581765869246605,-0.06541921290708451,0.003860135384218965,0.003690748545317218,0.7330944114473259,0.003860135384218965,0.12033890077473748,1
722,0.1619791655667046,-0.06326469,0.003835706219841837,0.003690748545317218,0.7454627412844663,0.003835706219841837,0.12230569375507713,1
723,0.1619791655667046,-0.06326469,0.003835706219841837,0.003690748545317218,0.7454627412844663,0.003835706219841837,0.12230569375507713,1
724,0.1619791655667046,-0.06326469,0.003835706219841837,0.003690748545317218,0.7454627412844663,0.003835706219841837,0.12230569375507713,1
725,0.16087178073494432,-0.06326469,0.0038065876788770173,0.003690748545317218,0.7404495872327592,0.0038065876788770173,0.12520815335938607,1
726,0.16087178073494432,-0.06326469,0.0038065876788770173,0.003690748545317218,0.7404495872327592,0.0038065876788770173,0.12520815335938607,1
727,0.16087178073494432,-0.06326469,0.0038065876788770173,0.003690748545317218,0.7404495872327592,0.0038065876788770173,0.12520815335938607,1
728,0.16997953248559317,-0.0637698907080075,0.0037927887063150508,0.003690748545317218,0.7356490644260755,0.0037927887063150508,0.12813120709851702,1
729,0.16997953248559317,-0.0637698907080075,0.0037927887063150508,0.003690748545317218,0.7356490644260755,0.0037927887063150508,0.12813120709851702,1
730,0.16997953248559317,-0.0637698907080075,0.0037927887063150508,0.003690748545317218,0.7356490644260755,0.0037927887063150508,0.12813120709851702,1
731,0.16997953248559317,-0.0637698907080075,0.0037927887063150508,0.003690748545317218,0.7356490644260755,0.0037927887063150508,0.12813120709851702,1
732,0.16997953248559317,-0.0637698907080075,0.0037927887063150508,0.003690748545317218,0.7356490644260755,0.0037927887063150508,0.12813120709851702,1
733,0.16997953248559317,-0.0637698907080075,0.0037927887063150508,0.003690748545317218,0.7356490644260755,0.0037927887063150508,0.12813120709851702,1
734,0.16997953248559317,-0.0637698907080075,0.0037927887063150508,0.003690748545317218,0.7356490644260755,0.0037927887063150508,0.12813120709851702,1
735,0.1591269286783545,-0.06378144544137158,0.0037961888030031677,0.003690748545317218,0.7250995213041986,0.0037961888030031677,0.1278815200143869,1
736,0.16582234455846684,-0.06408176797960204,0.0037858835075427364,0.003690748545317218,0.7360308657207338,0.0037858835075427364,0.12723245420451412,1
737,0.16582234455846684,-0.06408176797960204,0.0037858835075427364,0.003690748545317218,0.7360308657207338,0.0037858835075427364,0.12723245420451412,1
738,0.16582234455846684,-0.06408176797960204,0.0037858835075427364,0.003690748545317218,0.7360308657207338,0.0037858835075427364,0.12723245420451412,1
739,0.16696398590633735,-0.06326469,0.00375514219778435,0.003690748545317218,0.7295001474824208,0.00375514219778435,0.12534409703463306,1
740,0.16696398590633735,-0.06326469,0.00375514219778435,0.003690748545317218,0.7295001474824208,0.00375514219778435,0.12534409703463306,1
741,0.16696398590633735,-0.06326469,0.00375514219778435,0.003690748545317218,0.7295001474824208,0.00375514219778435,0.12534409703463306,1
742,0.16696398590633735,-0.06326469,0.00375514219778435,0.003690748545317218,0.7295001474824208,0.00375514219778435,0.12534409703463306,1
743,0.16696398590633735,-0.06326469,0.00375514219778435,0.003690748545317218,0.7295001474824208,0.00375514219778435,0.12534409703463306,1
744,0.16696398590633735,-0.06326469,0.00375514219778435,0.003690748545317218,0.7295001474824208,0.00375514219778435,0.12534409703463306,1
745,0.16696398590633735,-0.06326469,0.00375514219778435,0.003690748545317218,0.7295001474824208,0.00375514219778435,0.12534409703463306,1
746,0.16696398590633735,-0.06326469,0.00375514219778435,0.003690748545317218,0.7295001474824208,0.00375514219778435,0.12534409703463306,1
747,0.1700160004169589,-0.07442927551956738,0.00372651728636124,0.003690748545317218,0.7259431443934088,0.00372651728636124,0.12523721850680983,1
748,0.1700160004169589,-0.07442927551956738,0.00372651728636124,0.003690748545317218,0.7259431443934088,0.00372651728636124,0.12523721850680983,1
749,0.1700160004169589,-0.07442927551956738,0.00372651728636124,0.003690748545317218,0.7259431443934088,0.00372651728636124,0.12523721850680983,1
750,0.1700160004169589,-0.07442927551956738,0.00372651728636124,0.003690748545317218,0.7259431443934088,0.00372651728636124,0.12523721850680983,1
751,0.1630923983689604,-0.07396256473421706,0.0037310117677685057,0.003690748545317218,0.7240819536440825,0.0037310117677685057,0.12373637423071783,1
752,0.16331372528205276,-0.0716484958761825,0.0037176311132775205,0.003690748545317218,0.7226668603336207,0.0037176311132775205,0.12520686514070378,1
753,0.16331372528205276,-0.0716484958761825,0.0037176311132775205,0.003690748545317218,0.7226668603336207,0.0037176311132775205,0.12520686514070378,1
754,0.16331372528205276,-0.0716484958761825,0.0037176311132775205,0.003690748545317218,0.7226668603336207,0.0037176311132775205,0.12520686514070378,1
755,0.16331372528205276,-0.0716484958761825,0.0037176311132775205,0.003690748545317218,0.7226668603336207,0.0037176311132775205,0.12520686514070378,1
756,0.16331372528205276,-0.0716484958761825,0.0037176311132775205,0.003690748545317218,0.7226668603336207,0.0037176311132775205,0.12520686514070378,1
757,0.16331372528205276,-0.0716484958761825,0.0037176311132775205,0.003690748545317218,0.7226668603336207,0.0037176311132775205,0.12520686514070378,1
758,0.16657351895769865,-0.07009443679651853,0.0037104729413114665,0.003690748545317218,0.7258595932256491,0.0037104729413114665,0.12623265303364448,1
759,0.16657351895769865,-0.07009443679651853,0.0037104729413114665,0.003690748545317218,0.7258595932256491,0.0037104729413114665,0.12623265303364448,1
760,0.16657351895769865,-0.07009443679651853,0.0037104729413114665,0.003690748545317218,0.7258595932256491,0.0037104729413114665,0.12623265303364448,1
761,0.1677214701645489,-0.06473039243671659,0.0036872504257640494,0.0036872504257640494,0.7350686162677295,0.0036872504257640494,0.12779491178136512,1
762,0.1677214701645489,-0.06473039243671659,0.0036872504257640494,0.0036872504257640494,0.7350686162677295,0.0036872504257640494,0.12779491178136512,1
763,0.1677214701645489,-0.06473039243671659,0.0036872504257640494,0.0036872504257640494,0.7350686162677295,0.0036872504257640494,0.12779491178136512,1
764,0.16621601924027196,-0.06326469,0.003682551686832681,0.003682551686832681,0.7267681693555987,0.003682551686832681,0.12484305246194385,1
765,0.16621601924027196,-0.06326469,0.003682551686832681,0.003682551686832681,0.7267681693555987,0.003682551686832681,0.12484305246194385,1
766,0.16621601924027196,-0.06326469,0.003682551686832681,0.003682551686832681,0.7267681693555987,0.003682551686832681,0.12484305246194385,1
767,0.16621601924027196,-0.06326469,0.003682551686832681,0.003682551686832681,0.7267681693555987,0.003682551686832681,0.12484305246194385,1
768,0.16621601924027196,-0.06326469,0.003682551686832681,0.003682551686832681,0.7267681693555987,0.003682551686832681,0.12484305246194385,1
769,0.16621601924027196,-0.06326469,0.003682551686832681,0.003682551686832681,0.7267681693555987,0.003682551686832681,0.12484305246194385,1
770,0.16621601924027196,-0.06326469,0.003682551686832681,0.003682551686832681,0.7267681693555987,0.003682551686832681,0.12484305246194385,1
771,0.16621601924027196,-0.06326469,0.003682551686832681,0.003682551686832681,0.7267681693555987,0.003682551686832681,0.12484305246194385,1
772,0.16621601924027196,-0.06326469,0.003682551686832681,0.003682551686832681,0.7267681693555987,0.003682551686832681,0.12484305246194385,1
773,0.16621601924027196,-0.06326469,0.003682551686832681,0.003682551686832681,0.7267681693555987,0.003682551686832681,0.12484305246194385,1
774,0.16621601924027196,-0.06326469,0.003682551686832681,0.003682551686832681,0.7267681693555987,0.003682551686832681,0.12484305246194385,1
775,0.16621601924027196,-0.06326469,0.003682551686832681,0.003682551686832681,0.7267681693555987,0.003682551686832681,0.12484305246194385,1
776,0.16621601924027196,-0.06326469,0.003682551686832681,0.003682551686832681,0.7267681693555987,0.003682551686832681,0.12484305246194385,1
777,0.16621601924027196,-0.06326469,0.003682551686832681,0.003682551686832681,0.7267681693555987,0.003682551686832681,0.12484305246194385,1
778,0.16621601924027196,-0.06326469,0.003682551686832681,0.003682551686832681,0.7267681693555987,0.003682551686832681,0.12484305246194385,1
779,0.16598458962193602,-0.06342569956044493,0.003618895196067099,0.003618895196067099,0.7216606250361931,0.003618895196067099,0.12437122795995481,1
780,0.16598458962193602,-0.06342569956044493,0.003618895196067099,0.003618895196067099,0.7216606250361931,0.003618895196067099,0.12437122795995481,1
781,0.16598458962193602,-0.06342569956044493,0.003618895196067099,0.003618895196067099,0.7216606250361931,0.003618895196067099,0.12437122795995481,1
782,0.16598458962193602,-0.06342569956044493,0.003618895196067099,0.003618895196067099,0.7216606250361931,0.003618895196067099,0.12437122795995481,1
783,0.16598458962193602,-0.06342569956044493,0.003618895196067099,0.003618895196067099,0.7216606250361931,0.003618895196067099,0.12437122795995481,1
784,0.16598458962193602,-0.06342569956044493,0.003618895196067099,0.003618895196067099,0.7216606250361931,0.003618895196067099,0.12437122795995481,1
785,0.16598458962193602,-0.06342569956044493,0.003618895196067099,0.003618895196067099,0.7216606250361931,0.003618895196067099,0.12437122795995481,1
786,0.16598458962193602,-0.06342569956044493,0.003618895196067099,0.003618895196067099,0.7216606250361931,0.003618895196067099,0.12437122795995481,1
787,0.16561758661643927,-0.06326469,0.0036089833095313533,0.0036089833095313533,0.7269519137316001,0.0036089833095313533,0.12483630285620459,1
788,0.16561758661643927,-0.06326469,0.0036089833095313533,0.0036089833095313533,0.7269519137316001,0.0036089833095313533,0.12483630285620459,1
789,0.16561758661643927,-0.06326469,0.0036089833095313533,0.0036089833095313533,0.7269519137316001,0.0036089833095313533,0.12483630285620459,1
790,0.16561758661643927,-0.06326469,0.0036089833095313533,0.0036089833095313533,0.7269519137316001,0.0036089833095313533,0.12483630285620459,1
791,0.16276669895031823,-0.06326469,0.0035842591232993757,0.0035842591232993757,0.724466866678548,0.0035842591232993757,0.125592049844297,1
792,0.16559509802600916,-0.06326469,0.003573204226315625,0.003573204226315625,0.7256452398681098,0.003573204226315625,0.128662129212465,1
793,0.16559509802600916,-0.06326469,0.003573204226315625,0.003573204226315625,0.7256452398681098,0.003573204226315625,0.128662129212465,1
794,0.16559509802600916,-0.06326469,0.003573204226315625,0.003573204226315625,0.7256452398681098,0.003573204226315625,0.128662129212465,1
795,0.16559509802600916,-0.06326469,0.003573204226315625,0.003573204226315625,0.7256452398681098,0.003573204226315625,0.128662129212465,1
796,0.16559509802600916,-0.06326469,0.003573204226315625,0.003573204226315625,0.7256452398681098,0.003573204226315625,0.128662129212465,1
797,0.16676371171707352,-0.06326469,0.0035475388609758998,0.0035475388609758998,0.7200869098977737,0.0035475388609758998,0.12856145609065384,1
798,0.16676371171707352,-0.06326469,0.0035475388609758998,0.0035475388609758998,0.7200869098977737,0.0035475388609758998,0.12856145609065384,1
799,0.16676371171707352,-0.06326469,0.0035475388609758998,0.0035475388609758998,0.7200869098977737,0.0035475388609758998,0.12856145609065384,1
800,0.16676371171707352,-0.06326469,0.0035475388609758998,0.0035475388609758998,0.7200869098977737,0.0035475388609758998,0.12856145609065384,1
801,0.16676371171707352,-0.06326469,0.0035475388609758998,0.0035475388609758998,0.7200869098977737,0.0035475388609758998,0.12856145609065384,1
802,0.16676371171707352,-0.06326469,0.0035475388609758998,0.0035475388609758998,0.7200869098977737,0.0035475388609758998,0.12856145609065384,1
803,0.16676371171707352,-0.06326469,0.0035475388609758998,0.0035475388609758998,0.7200869098977737,0.0035475388609758998,0.12856145609065384,1
804,0.16676371171707352,-0.06326469,0.0035475388609758998,0.0035475388609758998,0.7200869098977737,0.0035475388609758998,0.12856145609065384,1
805,0.16676371171707352,-0.06326469,0.0035475388609758998,0.0035475388609758998,0.7200869098977737,0.0035475388609758998,0.12856145609065384,1
806,0.16676371171707352,-0.06326469,0.0035475388609758998,0.0035475388609758998,0.7200869098977737,0.0035475388609758998,0.12856145609065384,1
807,0.16676371171707352,-0.06326469,0.0035475388609758998,0.0035475388609758998,0.7200869098977737,0.0035475388609758998,0.12856145609065384,1
808,0.16676371171707352,-0.06326469,0.0035475388609758998,0.0035475388609758998,0.7200869098977737,0.0035475388609758998,0.12856145609065384,1
809,0.16676371171707352,-0.06326469,0.0035475388609758998,0.0035475388609758998,0.7200869098977737,0.0035475388609758998,0.12856145609065384,1
810,0.16676371171707352,-0.06326469,0.0035475388609758998,0.0035475388609758998,0.7200869098977737,0.0035475388609758998,0.12856145609065384,1
811,0.16676371171707352,-0.06326469,0.0035475388609758998,0.0035475388609758998,0.7200869098977737,0.0035475388609758998,0.12856145609065384,1
812,0.16676371171707352,-0.06326469,0.0035475388609758998,0.0035475388609758998,0.7200869098977737,0.0035475388609758998,0.12856145609065384,1
813,0.16676371171707352,-0.06326469,0.0035475388609758998,0.0035475388609758998,0.7200869098977737,0.0035475388609758998,0.12856145609065384,1
814,0.16676371171707352,-0.06326469,0.0035475388609758998,0.0035475388609758998,0.7200869098977737,0.0035475388609758998,0.12856145609065384,1
815,0.16676371171707352,-0.06326469,0.0035475388609758998,0.0035475388609758998,0.7200869098977737,0.0035475388609758998,0.12856145609065384,1
816,0.16676371171707352,-0.06326469,0.0035475388609758998,0.0035475388609758998,0.7200869098977737,0.0035475388609758998,0.12856145609065384,1
817,0.16676371171707352,-0.06326469,0.0035475388609758998,0.0035475388609758998,0.7200869098977737,0.0035475388609758998,0.12856145609065384,1
818,0.16676371171707352,-0.06326469,0.0035475388609758998,0.0035475388609758998,0.7200869098977737,0.0035475388609758998,0.12856145609065384,1
819,0.16676371171707352,-0.06326469,0.0035475388609758998,0.0035475388609758998,0.7200869098977737,0.0035475388609758998,0.12856145609065384,1
820,0.16676371171707352,-0.06326469,0.0035475388609758998,0.0035475388609758998,0.7200869098977737,0.0035475388609758998,0.12856145609065384,1
821,0.16676371171707352,-0.06326469,0.0035475388609758998,0.0035475388609758998,0.7200869098977737,0.0035475388609758998,0.12856145609065384,1
822,0.16676371171707352,-0.06326469,0.0035475388609758998,0.0035475388609758998,0.7200869098977737,0.0035475388609758998,0.12856145609065384,1
823,0.16676371171707352,-0.06326469,0.0035475388609758998,0.0035475388609758998,0.7200869098977737,0.0035475388609758998,0.12856145609065384,1
824,0.16676371171707352,-0.06326469,0.0035475388609758998,0.0035475388609758998,0.7200869098977737,0.0035475388609758998,0.12856145609065384,1
825,0.16676371171707352,-0.06326469,0.0035475388609758998,0.0035475388609758998,0.7200869098977737,0.0035475388609758998,0.12856145609065384,1
826,0.16676371171707352,-0.06326469,0.0035475388609758998,0.0035475388609758998,0.7200869098977737,0.0035475388609758998,0.12856145609065384,1
827,0.16676371171707352,-0.06326469,0.0035475388609758998,0.0035475388609758998,0.7200869098977737,0.0035475388609758998,0.12856145609065384,1
828,0.16676371171707352,-0.06326469,0.0035475388609758998,0.0035475388609758998,0.7200869098977737,0.0035475388609758998,0.12856145609065384,1
829,0.16676371171707352,-0.06326469,0.0035475388609758998,0.0035475388609758998,0.7200869098977737,0.0035475388609758998,0.12856145609065384,1
830,0.16676371171707352,-0.06326469,0.0035475388609758998,0.0035475388609758998,0.7200869098977737,0.0035475388609758998,0.12856145609065384,1
831,0.16676371171707352,-0.06326469,0.0035475388609758998,0.0035475388609758998,0.7200869098977737,0.0035475388609758998,0.12856145609065384,1
832,0.16676371171707352,-0.06326469,0.0035475388609758998,0.0035475388609758998,0.7200869098977737,0.0035475388609758998,0.12856145609065384,1
833,0.16676371171707352,-0.06326469,0.0035475388609758998,0.0035475388609758998,0.7200869098977737,0.0035475388609758998,0.12856145609065384,1
834,0.16676371171707352,-0.06326469,0.0035475388609758998,0.0035475388609758998,0.7200869098977737,0.0035475388609758998,0.12856145609065384,1
835,0.17428976716376465,-0.0635511487335717,0.0035216125996902375,0.0035216125996902375,0.7249185093697488,0.0035216125996902375,0.1292050542329514,1
836,0.17428976716376465,-0.0635511487335717,0.0035216125996902375,0.0035216125996902375,0.7249185093697488,0.0035216125996902375,0.1292050542329514,1
837,0.17428976716376465,-0.0635511487335717,0.0035216125996902375,0.0035216125996902375,0.7249185093697488,0.0035216125996902375,0.1292050542329514,1
838,0.17428976716376465,-0.0635511487335717,0.0035216125996902375,0.0035216125996902375,0.7249185093697488,0.0035216125996902375,0.1292050542329514,1
839,0.17428976716376465,-0.0635511487335717,0.0035216125996902375,0.0035216125996902375,0.7249185093697488,0.0035216125996902375,0.1292050542329514,1
840,0.17428976716376465,-0.0635511487335717,0.0035216125996902375,0.0035216125996902375,0.7249185093697488,0.0035216125996902375,0.1292050542329514,1
841,0.17428976716376465,-0.0635511487335717,0.0035216125996902375,0.0035216125996902375,0.7249185093697488,0.0035216125996902375,0.1292050542329514,1
842,0.17428976716376465,-0.0635511487335717,0.0035216125996902375,0.0035216125996902375,0.7249185093697488,0.0035216125996902375,0.1292050542329514,1
843,0.17428976716376465,-0.0635511487335717,0.0035216125996902375,0.0035216125996902375,0.7249185093697488,0.0035216125996902375,0.1292050542329514,1
844,0.17428976716376465,-0.0635511487335717,0.0035216125996902375,0.0035216125996902375,0.7249185093697488,0.0035216125996902375,0.1292050542329514,1
845,0.17428976716376465,-0.0635511487335717,0.0035216125996902375,0.0035216125996902375,0.7249185093697488,0.0035216125996902375,0.1292050542329514,1
846,0.17428976716376465,-0.0635511487335717,0.0035216125996902375,0.0035216125996902375,0.7249185093697488,0.0035216125996902375,0.1292050542329514,1
847,0.17428976716376465,-0.0635511487335717,0.0035216125996902375,0.0035216125996902375,0.7249185093697488,0.0035216125996902375,0.1292050542329514,1
848,0.17428976716376465,-0.0635511487335717,0.0035216125996902375,0.0035216125996902375,0.7249185093697488,0.0035216125996902375,0.1292050542329514,1
849,0.17428976716376465,-0.0635511487335717,0.0035216125996902375,0.0035216125996902375,0.7249185093697488,0.0035216125996902375,0.1292050542329514,1
850,0.17428976716376465,-0.0635511487335717,0.0035216125996902375,0.0035216125996902375,0.7249185093697488,0.0035216125996902375,0.1292050542329514,1
851,0.17428976716376465,-0.0635511487335717,0.0035216125996902375,0.0035216125996902375,0.7249185093697488,0.0035216125996902375,0.1292050542329514,1
852,0.17428976716376465,-0.0635511487335717,0.0035216125996902375,0.0035216125996902375,0.7249185093697488,0.0035216125996902375,0.1292050542329514,1
853,0.17428976716376465,-0.0635511487335717,0.0035216125996902375,0.0035216125996902375,0.7249185093697488,0.0035216125996902375,0.1292050542329514,1
854,0.1842955206729787,-0.06326469,0.0035151597304256175,0.0035151597304256175,0.7271715428621037,0.0035151597304256175,0.12926443526571543,1
855,0.1842955206729787,-0.06326469,0.0035151597304256175,0.0035151597304256175,0.7271715428621037,0.0035151597304256175,0.12926443526571543,1
856,0.1842955206729787,-0.06326469,0.0035151597304256175,0.0035151597304256175,0.7271715428621037,0.0035151597304256175,0.12926443526571543,1
857,0.1842955206729787,-0.06326469,0.0035151597304256175,0.0035151597304256175,0.7271715428621037,0.0035151597304256175,0.12926443526571543,1
858,0.1692125897052897,-0.06378686613790047,0.0034961395525467415,0.0034961395525467415,0.7358320842492284,0.0034961395525467415,0.12458515443255745,1
859,0.1692125897052897,-0.06378686613790047,0.0034961395525467415,0.0034961395525467415,0.7358320842492284,0.0034961395525467415,0.12458515443255745,1
860,0.1692125897052897,-0.06378686613790047,0.0034961395525467415,0.0034961395525467415,0.7358320842492284,0.0034961395525467415,0.12458515443255745,1
861,0.1692125897052897,-0.06378686613790047,0.0034961395525467415,0.0034961395525467415,0.7358320842492284,0.0034961395525467415,0.12458515443255745,1
862,0.1692125897052897,-0.06378686613790047,0.0034961395525467415,0.0034961395525467415,0.7358320842492284,0.0034961395525467415,0.12458515443255745,1
863,0.1692125897052897,-0.06378686613790047,0.0034961395525467415,0.0034961395525467415,0.7358320842492284,0.0034961395525467415,0.12458515443255745,1
864,0.1719909521008967,-0.06326469,0.003460985158784576,0.003460985158784576,0.7224162631112263,0.003460985158784576,0.12094114942191064,1
865,0.1719909521008967,-0.06326469,0.003460985158784576,0.003460985158784576,0.7224162631112263,0.003460985158784576,0.12094114942191064,1
866,0.1719909521008967,-0.06326469,0.003460985158784576,0.003460985158784576,0.7224162631112263,0.003460985158784576,0.12094114942191064,1
867,0.1719909521008967,-0.06326469,0.003460985158784576,0.003460985158784576,0.7224162631112263,0.003460985158784576,0.12094114942191064,1
868,0.1719909521008967,-0.06326469,0.003460985158784576,0.003460985158784576,0.7224162631112263,0.003460985158784576,0.12094114942191064,1
869,0.1719909521008967,-0.06326469,0.003460985158784576,0.003460985158784576,0.7224162631112263,0.003460985158784576,0.12094114942191064,1
870,0.1719909521008967,-0.06326469,0.003460985158784576,0.003460985158784576,0.7224162631112263,0.003460985158784576,0.12094114942191064,1
871,0.1719909521008967,-0.06326469,0.003460985158784576,0.003460985158784576,0.7224162631112263,0.003460985158784576,0.12094114942191064,1
872,0.1719909521008967,-0.06326469,0.003460985158784576,0.003460985158784576,0.7224162631112263,0.003460985158784576,0.12094114942191064,1
873,0.1719909521008967,-0.06326469,0.003460985158784576,0.003460985158784576,0.7224162631112263,0.003460985158784576,0.12094114942191064,1
874,0.1719909521008967,-0.06326469,0.003460985158784576,0.003460985158784576,0.7224162631112263,0.003460985158784576,0.12094114942191064,1
875,0.1719909521008967,-0.06326469,0.003460985158784576,0.003460985158784576,0.7224162631112263,0.003460985158784576,0.12094114942191064,1
876,0.1719909521008967,-0.06326469,0.003460985158784576,0.003460985158784576,0.7224162631112263,0.003460985158784576,0.12094114942191064,1
877,0.1719909521008967,-0.06326469,0.003460985158784576,0.003460985158784576,0.7224162631112263,0.003460985158784576,0.12094114942191064,1
878,0.1719909521008967,-0.06326469,0.003460985158784576,0.003460985158784576,0.7224162631112263,0.003460985158784576,0.12094114942191064,1
879,0.1719909521008967,-0.06326469,0.003460985158784576,0.003460985158784576,0.7224162631112263,0.003460985158784576,0.12094114942191064,1
880,0.17745687377362637,-0.06326469,0.0033953179791694358,0.0033953179791694358,0.7211126732253308,0.0033953179791694358,0.1234452464914258,1
881,0.17745687377362637,-0.06326469,0.0033953179791694358,0.0033953179791694358,0.7211126732253308,0.0033953179791694358,0.1234452464914258,1
882,0.17745687377362637,-0.06326469,0.0033953179791694358,0.0033953179791694358,0.7211126732253308,0.0033953179791694358,0.1234452464914258,1
883,0.17745687377362637,-0.06326469,0.0033953179791694358,0.0033953179791694358,0.7211126732253308,0.0033953179791694358,0.1234452464914258,1
884,0.17745687377362637,-0.06326469,0.0033953179791694358,0.0033953179791694358,0.7211126732253308,0.0033953179791694358,0.1234452464914258,1
885,0.17745687377362637,-0.06326469,0.0033953179791694358,0.0033953179791694358,0.7211126732253308,0.0033953179791694358,0.1234452464914258,1
886,0.17745687377362637,-0.06326469,0.0033953179791694358,0.0033953179791694358,0.7211126732253308,0.0033953179791694358,0.1234452464914258,1
887,0.17745687377362637,-0.06326469,0.0033953179791694358,0.0033953179791694358,0.7211126732253308,0.0033953179791694358,0.1234452464914258,1
888,0.17745687377362637,-0.06326469,0.0033953179791694358,0.0033953179791694358,0.7211126732253308,0.0033953179791694358,0.1234452464914258,1
889,0.17745687377362637,-0.06326469,0.0033953179791694358,0.0033953179791694358,0.7211126732253308,0.0033953179791694358,0.1234452464914258,1
890,0.17745687377362637,-0.06326469,0.0033953179791694358,0.0033953179791694358,0.7211126732253308,0.0033953179791694358,0.1234452464914258,1
891,0.17745687377362637,-0.06326469,0.0033953179791694358,0.0033953179791694358,0.7211126732253308,0.0033953179791694358,0.1234452464914258,1
892,0.17745687377362637,-0.06326469,0.0033953179791694358,0.0033953179791694358,0.7211126732253308,0.0033953179791694358,0.1234452464914258,1
893,0.17745687377362637,-0.06326469,0.0033953179791694358,0.0033953179791694358,0.7211126732253308,0.0033953179791694358,0.1234452464914258,1
894,0.17745687377362637,-0.06326469,0.0033953179791694358,0.0033953179791694358,0.7211126732253308,0.0033953179791694358,0.1234452464914258,1
895,0.17745687377362637,-0.06326469,0.0033953179791694358,0.0033953179791694358,0.7211126732253308,0.0033953179791694358,0.1234452464914258,1
896,0.17745687377362637,-0.06326469,0.0033953179791694358,0.0033953179791694358,0.7211126732253308,0.0033953179791694358,0.1234452464914258,1
897,0.17745687377362637,-0.06326469,0.0033953179791694358,0.0033953179791694358,0.7211126732253308,0.0033953179791694358,0.1234452464914258,1
898,0.17745687377362637,-0.06326469,0.0033953179791694358,0.0033953179791694358,0.7211126732253308,0.0033953179791694358,0.1234452464914258,1
899,0.17745687377362637,-0.06326469,0.0033953179791694358,0.0033953179791694358,0.7211126732253308,0.0033953179791694358,0.1234452464914258,1
900,0.17745687377362637,-0.06326469,0.0033953179791694358,0.0033953179791694358,0.7211126732253308,0.0033953179791694358,0.1234452464914258,1
901,0.17745687377362637,-0.06326469,0.0033953179791694358,0.0033953179791694358,0.7211126732253308,0.0033953179791694358,0.1234452464914258,1
902,0.17745687377362637,-0.06326469,0.0033953179791694358,0.0033953179791694358,0.7211126732253308,0.0033953179791694358,0.1234452464914258,1
903,0.17745687377362637,-0.06326469,0.0033953179791694358,0.0033953179791694358,0.7211126732253308,0.0033953179791694358,0.1234452464914258,1
904,0.17745687377362637,-0.06326469,0.0033953179791694358,0.0033953179791694358,0.7211126732253308,0.0033953179791694358,0.1234452464914258,1
905,0.17745687377362637,-0.06326469,0.0033953179791694358,0.0033953179791694358,0.7211126732253308,0.0033953179791694358,0.1234452464914258,1
906,0.17745687377362637,-0.06326469,0.0033953179791694358,0.0033953179791694358,0.7211126732253308,0.0033953179791694358,0.1234452464914258,1
907,0.17745687377362637,-0.06326469,0.0033953179791694358,0.0033953179791694358,0.7211126732253308,0.0033953179791694358,0.1234452464914258,1
908,0.17745687377362637,-0.06326469,0.0033953179791694358,0.0033953179791694358,0.7211126732253308,0.0033953179791694358,0.1234452464914258,1
909,0.17745687377362637,-0.06326469,0.0033953179791694358,0.0033953179791694358,0.7211126732253308,0.0033953179791694358,0.1234452464914258,1
910,0.17745687377362637,-0.06326469,0.0033953179791694358,0.0033953179791694358,0.7211126732253308,0.0033953179791694358,0.1234452464914258,1
911,0.17745687377362637,-0.06326469,0.0033953179791694358,0.0033953179791694358,0.7211126732253308,0.0033953179791694358,0.1234452464914258,1
912,0.17745687377362637,-0.06326469,0.0033953179791694358,0.0033953179791694358,0.7211126732253308,0.0033953179791694358,0.1234452464914258,1
913,0.17745687377362637,-0.06326469,0.0033953179791694358,0.0033953179791694358,0.7211126732253308,0.0033953179791694358,0.1234452464914258,1
914,0.17745687377362637,-0.06326469,0.0033953179791694358,0.0033953179791694358,0.7211126732253308,0.0033953179791694358,0.1234452464914258,1
915,0.17745687377362637,-0.06326469,0.0033953179791694358,0.0033953179791694358,0.7211126732253308,0.0033953179791694358,0.1234452464914258,1
916,0.17745687377362637,-0.06326469,0.0033953179791694358,0.0033953179791694358,0.7211126732253308,0.0033953179791694358,0.1234452464914258,1
917,0.17745687377362637,-0.06326469,0.0033953179791694358,0.0033953179791694358,0.7211126732253308,0.0033953179791694358,0.1234452464914258,1
918,0.17745687377362637,-0.06326469,0.0033953179791694358,0.0033953179791694358,0.7211126732253308,0.0033953179791694358,0.1234452464914258,1
919,0.17745687377362637,-0.06326469,0.0033953179791694358,0.0033953179791694358,0.7211126732253308,0.0033953179791694358,0.1234452464914258,1
920,0.17745687377362637,-0.06326469,0.0033953179791694358,0.0033953179791694358,0.7211126732253308,0.0033953179791694358,0.1234452464914258,1
921,0.17745687377362637,-0.06326469,0.0033953179791694358,0.0033953179791694358,0.7211126732253308,0.0033953179791694358,0.1234452464914258,1
922,0.17745687377362637,-0.06326469,0.0033953179791694358,0.0033953179791694358,0.7211126732253308,0.0033953179791694358,0.1234452464914258,1
923,0.17745687377362637,-0.06326469,0.0033953179791694358,0.0033953179791694358,0.7211126732253308,0.0033953179791694358,0.1234452464914258,1
924,0.17745687377362637,-0.06326469,0.0033953179791694358,0.0033953179791694358,0.7211126732253308,0.0033953179791694358,0.1234452464914258,1
925,0.17745687377362637,-0.06326469,0.0033953179791694358,0.0033953179791694358,0.7211126732253308,0.0033953179791694358,0.1234452464914258,1
926,0.17745687377362637,-0.06326469,0.0033953179791694358,0.0033953179791694358,0.7211126732253308,0.0033953179791694358,0.1234452464914258,1
927,0.17745687377362637,-0.06326469,0.0033953179791694358,0.0033953179791694358,0.7211126732253308,0.0033953179791694358,0.1234452464914258,1
928,0.17745687377362637,-0.06326469,0.0033953179791694358,0.0033953179791694358,0.7211126732253308,0.0033953179791694358,0.1234452464914258,1
929,0.17745687377362637,-0.06326469,0.0033953179791694358,0.0033953179791694358,0.7211126732253308,0.0033953179791694358,0.1234452464914258,1
930,0.17745687377362637,-0.06326469,0.0033953179791694358,0.0033953179791694358,0.7211126732253308,0.0033953179791694358,0.1234452464914258,1
931,0.17745687377362637,-0.06326469,0.0033953179791694358,0.0033953179791694358,0.7211126732253308,0.0033953179791694358,0.1234452464914258,1
932,0.17745687377362637,-0.06326469,0.0033953179791694358,0.0033953179791694358,0.7211126732253308,0.0033953179791694358,0.1234452464914258,1
933,0.17745687377362637,-0.06326469,0.0033953179791694358,0.0033953179791694358,0.7211126732253308,0.0033953179791694358,0.1234452464914258,1
934,0.17745687377362637,-0.06326469,0.0033953179791694358,0.0033953179791694358,0.7211126732253308,0.0033953179791694358,0.1234452464914258,1
935,0.17745687377362637,-0.06326469,0.0033953179791694358,0.0033953179791694358,0.7211126732253308,0.0033953179791694358,0.1234452464914258,1
936,0.17745687377362637,-0.06326469,0.0033953179791694358,0.0033953179791694358,0.7211126732253308,0.0033953179791694358,0.1234452464914258,1
937,0.17745687377362637,-0.06326469,0.0033953179791694358,0.0033953179791694358,0.7211126732253308,0.0033953179791694358,0.1234452464914258,1
938,0.17745687377362637,-0.06326469,0.0033953179791694358,0.0033953179791694358,0.7211126732253308,0.0033953179791694358,0.1234452464914258,1
939,0.17745687377362637,-0.06326469,0.0033953179791694358,0.0033953179791694358,0.7211126732253308,0.0033953179791694358,0.1234452464914258,1
940,0.17745687377362637,-0.06326469,0.0033953179791694358,0.0033953179791694358,0.7211126732253308,0.0033953179791694358,0.1234452464914258,1
941,0.17745687377362637,-0.06326469,0.0033953179791694358,0.0033953179791694358,0.7211126732253308,0.0033953179791694358,0.1234452464914258,1
942,0.17745687377362637,-0.06326469,0.0033953179791694358,0.0033953179791694358,0.7211126732253308,0.0033953179791694358,0.1234452464914258,1
943,0.17745687377362637,-0.06326469,0.0033953179791694358,0.0033953179791694358,0.7211126732253308,0.0033953179791694358,0.1234452464914258,1
944,0.17745687377362637,-0.06326469,0.0033953179791694358,0.0033953179791694358,0.7211126732253308,0.0033953179791694358,0.1234452464914258,1
945,0.17745687377362637,-0.06326469,0.0033953179791694358,0.0033953179791694358,0.7211126732253308,0.0033953179791694358,0.1234452464914258,1
946,0.17745687377362637,-0.06326469,0.0033953179791694358,0.0033953179791694358,0.7211126732253308,0.0033953179791694358,0.1234452464914258,1
947,0.17745687377362637,-0.06326469,0.0033953179791694358,0.0033953179791694358,0.7211126732253308,0.0033953179791694358,0.1234452464914258,1
948,0.17745687377362637,-0.06326469,0.0033953179791694358,0.0033953179791694358,0.7211126732253308,0.0033953179791694358,0.1234452464914258,1
949,0.17745687377362637,-0.06326469,0.0033953179791694358,0.0033953179791694358,0.7211126732253308,0.0033953179791694358,0.1234452464914258,1
950,0.17745687377362637,-0.06326469,0.0033953179791694358,0.0033953179791694358,0.7211126732253308,0.0033953179791694358,0.1234452464914258,1
951,0.17745687377362637,-0.06326469,0.0033953179791694358,0.0033953179791694358,0.7211126732253308,0.0033953179791694358,0.1234452464914258,1
952,0.17745687377362637,-0.06326469,0.0033953179791694358,0.0033953179791694358,0.7211126732253308,0.0033953179791694358,0.1234452464914258,1
953,0.17745687377362637,-0.06326469,0.0033953179791694358,0.0033953179791694358,0.7211126732253308,0.0033953179791694358,0.1234452464914258,1
954,0.17745687377362637,-0.06326469,0.0033953179791694358,0.0033953179791694358,0.7211126732253308,0.0033953179791694358,0.1234452464914258,1
955,0.17745687377362637,-0.06326469,0.0033953179791694358,0.0033953179791694358,0.7211126732253308,0.0033953179791694358,0.1234452464914258,1
956,0.17745687377362637,-0.06326469,0.0033953179791694358,0.0033953179791694358,0.7211126732253308,0.0033953179791694358,0.1234452464914258,1
957,0.17745687377362637,-0.06326469,0.0033953179791694358,0.0033953179791694358,0.7211126732253308,0.0033953179791694358,0.1234452464914258,1
958,0.17745687377362637,-0.06326469,0.0033953179791694358,0.0033953179791694358,0.7211126732253308,0.0033953179791694358,0.1234452464914258,1
959,0.17745687377362637,-0.06326469,0.0033953179791694358,0.0033953179791694358,0.7211126732253308,0.0033953179791694358,0.1234452464914258,1
960,0.17745687377362637,-0.06326469,0.0033953179791694358,0.0033953179791694358,0.7211126732253308,0.0033953179791694358,0.1234452464914258,1
961,0.17745687377362637,-0.06326469,0.0033953179791694358,0.0033953179791694358,0.7211126732253308,0.0033953179791694358,0.1234452464914258,1
962,0.17745687377362637,-0.06326469,0.0033953179791694358,0.0033953179791694358,0.7211126732253308,0.0033953179791694358,0.1234452464914258,1
963,0.17745687377362637,-0.06326469,0.0033953179791694358,0.0033953179791694358,0.7211126732253308,0.0033953179791694358,0.1234452464914258,1
964,0.17745687377362637,-0.06326469,0.0033953179791694358,0.0033953179791694358,0.7211126732253308,0.0033953179791694358,0.1234452464914258,1
965,0.17745687377362637,-0.06326469,0.0033953179791694358,0.0033953179791694358,0.7211126732253308,0.0033953179791694358,0.1234452464914258,1
966,0.17745687377362637,-0.06326469,0.0033953179791694358,0.0033953179791694358,0.7211126732253308,0.0033953179791694358,0.1234452464914258,1
967,0.17745687377362637,-0.06326469,0.0033953179791694358,0.0033953179791694358,0.7211126732253308,0.0033953179791694358,0.1234452464914258,1
968,0.17745687377362637,-0.06326469,0.0033953179791694358,0.0033953179791694358,0.7211126732253308,0.0033953179791694358,0.1234452464914258,1
969,0.17745687377362637,-0.06326469,0.0033953179791694358,0.0033953179791694358,0.7211126732253308,0.0033953179791694358,0.1234452464914258,1
970,0.17745687377362637,-0.06326469,0.0033953179791694358,0.0033953179791694358,0.7211126732253308,0.0033953179791694358,0.1234452464914258,1
971,0.17745687377362637,-0.06326469,0.0033953179791694358,0.0033953179791694358,0.7211126732253308,0.0033953179791694358,0.1234452464914258,1
972,0.17745687377362637,-0.06326469,0.0033953179791694358,0.0033953179791694358,0.7211126732253308,0.0033953179791694358,0.1234452464914258,1
973,0.17745687377362637,-0.06326469,0.0033953179791694358,0.0033953179791694358,0.7211126732253308,0.0033953179791694358,0.1234452464914258,1
974,0.17745687377362637,-0.06326469,0.0033953179791694358,0.0033953179791694358,0.7211126732253308,0.0033953179791694358,0.1234452464914258,1
975,0.17745687377362637,-0.06326469,0.0033953179791694358,0.0033953179791694358,0.7211126732253308,0.0033953179791694358,0.1234452464914258,1
976,0.17745687377362637,-0.06326469,0.0033953179791694358,0.0033953179791694358,0.7211126732253308,0.0033953179791694358,0.1234452464914258,1
977,0.17745687377362637,-0.06326469,0.0033953179791694358,0.0033953179791694358,0.7211126732253308,0.0033953179791694358,0.1234452464914258,1
978,0.17745687377362637,-0.06326469,0.0033953179791694358,0.0033953179791694358,0.7211126732253308,0.0033953179791694358,0.1234452464914258,1
979,0.17745687377362637,-0.06326469,0.0033953179791694358,0.0033953179791694358,0.7211126732253308,0.0033953179791694358,0.1234452464914258,1
980,0.17745687377362637,-0.06326469,0.0033953179791694358,0.0033953179791694358,0.7211126732253308,0.0033953179791694358,0.1234452464914258,1
981,0.17745687377362637,-0.06326469,0.0033953179791694358,0.0033953179791694358,0.7211126732253308,0.0033953179791694358,0.1234452464914258,1
982,0.17745687377362637,-0.06326469,0.0033953179791694358,0.0033953179791694358,0.7211126732253308,0.0033953179791694358,0.1234452464914258,1
983,0.17745687377362637,-0.06326469,0.0033953179791694358,0.0033953179791694358,0.7211126732253308,0.0033953179791694358,0.1234452464914258,1
984,0.17745687377362637,-0.06326469,0.0033953179791694358,0.0033953179791694358,0.7211126732253308,0.0033953179791694358,0.1234452464914258,1
985,0.17745687377362637,-0.06326469,0.0033953179791694358,0.0033953179791694358,0.7211126732253308,0.0033953179791694358,0.1234452464914258,1
986,0.17745687377362637,-0.06326469,0.0033953179791694358,0.0033953179791694358,0.7211126732253308,0.0033953179791694358,0.1234452464914258,1
987,0.17745687377362637,-0.06326469,0.0033953179791694358,0.0033953179791694358,0.7211126732253308,0.0033953179791694358,0.1234452464914258,1
988,0.17745687377362637,-0.06326469,0.0033953179791694358,0.0033953179791694358,0.7211126732253308,0.0033953179791694358,0.1234452464914258,1
989,0.17745687377362637,-0.06326469,0.0033953179791694358,0.0033953179791694358,0.7211126732253308,0.0033953179791694358,0.1234452464914258,1
990,0.17745687377362637,-0.06326469,0.0033953179791694358,0.0033953179791694358,0.7211126732253308,0.0033953179791694358,0.1234452464914258,1
991,0.17745687377362637,-0.06326469,0.0033953179791694358,0.0033953179791694358,0.7211126732253308,0.0033953179791694358,0.1234452464914258,1
992,0.17745687377362637,-0.06326469,0.0033953179791694358,0.0033953179791694358,0.7211126732253308,0.0033953179791694358,0.1234452464914258,1
993,0.17745687377362637,-0.06326469,0.0033953179791694358,0.0033953179791694358,0.7211126732253308,0.0033953179791694358,0.1234452464914258,1
994,0.17745687377362637,-0.06326469,0.0033953179791694358,0.0033953179791694358,0.7211126732253308,0.0033953179791694358,0.1234452464914258,1
995,0.17745687377362637,-0.06326469,0.0033953179791694358,0.0033953179791694358,0.7211126732253308,0.0033953179791694358,0.1234452464914258,1
996,0.17745687377362637,-0.06326469,0.0033953179791694358,0.0033953179791694358,0.7211126732253308,0.0033953179791694358,0.1234452464914258,1
997,0.17745687377362637,-0.06326469,0.0033953179791694358,0.0033953179791694358,0.7211126732253308,0.0033953179791694358,0.1234452464914258,1
998,0.17745687377362637,-0.06326469,0.0033953179791694358,0.0033953179791694358,0.7211126732253308,0.0033953179791694358,0.1234452464914258,1
999,0.17745687377362637,-0.06326469,0.0033953179791694358,0.0033953179791694358,0.7211126732253308,0.0033953179791694358,0.1234452464914258,1
1000,0.17745687377362637,-0.06326469,0.0033953179791694358,0.0033953179791694358,0.7211126732253308,0.0033953179791694358,0.1234452464914258,1
1001,0.17745687377362637,-0.06326469,0.0033953179791694358,0.0033953179791694358,0.7211126732253308,0.0033953179791694358,0.1234452464914258,1
1002,0.17745687377362637,-0.06326469,0.0033953179791694358,0.0033953179791694358,0.7211126732253308,0.0033953179791694358,0.1234452464914258,1
1003,0.17745687377362637,-0.06326469,0.0033953179791694358,0.0033953179791694358,0.7211126732253308,0.0033953179791694358,0.1234452464914258,1
1004,0.17745687377362637,-0.06326469,0.0033953179791694358,0.0033953179791694358,0.7211126732253308,0.0033953179791694358,0.1234452464914258,1
1005,0.17745687377362637,-0.06326469,0.0033953179791694358,0.0033953179791694358,0.7211126732253308,0.0033953179791694358,0.1234452464914258,1
1006,0.17745687377362637,-0.06326469,0.0033953179791694358,0.0033953179791694358,0.7211126732253308,0.0033953179791694358,0.1234452464914258,1
1007,0.17745687377362637,-0.06326469,0.0033953179791694358,0.0033953179791694358,0.7211126732253308,0.0033953179791694358,0.1234452464914258,1
1008,0.17745687377362637,-0.06326469,0.0033953179791694358,0.0033953179791694358,0.7211126732253308,0.0033953179791694358,0.1234452464914258,1
1009,0.17745687377362637,-0.06326469,0.0033953179791694358,0.0033953179791694358,0.7211126732253308,0.0033953179791694358,0.1234452464914258,1
1010,0.17745687377362637,-0.06326469,0.0033953179791694358,0.0033953179791694358,0.7211126732253308,0.0033953179791694358,0.1234452464914258,1
1011,0.17745687377362637,-0.06326469,0.0033953179791694358,0.0033953179791694358,0.7211126732253308,0.0033953179791694358,0.1234452464914258,1
1012,0.17745687377362637,-0.06326469,0.0033953179791694358,0.0033953179791694358,0.7211126732253308,0.0033953179791694358,0.1234452464914258,1
1013,0.17745687377362637,-0.06326469,0.0033953179791694358,0.0033953179791694358,0.7211126732253308,0.0033953179791694358,0.1234452464914258,1
1014,0.17745687377362637,-0.06326469,0.0033953179791694358,0.0033953179791694358,0.7211126732253308,0.0033953179791694358,0.1234452464914258,1
1015,0.17745687377362637,-0.06326469,0.0033953179791694358,0.0033953179791694358,0.7211126732253308,0.0033953179791694358,0.1234452464914258,1
1016,0.17745687377362637,-0.06326469,0.0033953179791694358,0.0033953179791694358,0.7211126732253308,0.0033953179791694358,0.1234452464914258,1
1017,0.17745687377362637,-0.06326469,0.0033953179791694358,0.0033953179791694358,0.7211126732253308,0.0033953179791694358,0.1234452464914258,1
1018,0.17745687377362637,-0.06326469,0.0033953179791694358,0.0033953179791694358,0.7211126732253308,0.0033953179791694358,0.1234452464914258,1
1019,0.17745687377362637,-0.06326469,0.0033953179791694358,0.0033953179791694358,0.7211126732253308,0.0033953179791694358,0.1234452464914258,1
1020,0.17745687377362637,-0.06326469,0.0033953179791694358,0.0033953179791694358,0.7211126732253308,0.0033953179791694358,0.1234452464914258,1
1021,0.17745687377362637,-0.06326469,0.0033953179791694358,0.0033953179791694358,0.7211126732253308,0.0033953179791694358,0.1234452464914258,1
1022,0.17745687377362637,-0.06326469,0.0033953179791694358,0.0033953179791694358,0.7211126732253308,0.0033953179791694358,0.1234452464914258,1
1023,0.17745687377362637,-0.06326469,0.0033953179791694358,0.0033953179791694358,0.7211126732253308,0.0033953179791694358,0.1234452464914258,1
1024,0.17745687377362637,-0.06326469,0.0033953179791694358,0.0033953179791694358,0.7211126732253308,0.0033953179791694358,0.1234452464914258,1
1025,0.17745687377362637,-0.06326469,0.0033953179791694358,0.0033953179791694358,0.7211126732253308,0.0033953179791694358,0.1234452464914258,1
1026,0.17745687377362637,-0.06326469,0.0033953179791694358,0.0033953179791694358,0.7211126732253308,0.0033953179791694358,0.1234452464914258,1
1027,0.17745687377362637,-0.06326469,0.0033953179791694358,0.0033953179791694358,0.7211126732253308,0.0033953179791694358,0.1234452464914258,1
1028,0.17745687377362637,-0.06326469,0.0033953179791694358,0.0033953179791694358,0.7211126732253308,0.0033953179791694358,0.1234452464914258,1
1029,0.17745687377362637,-0.06326469,0.0033953179791694358,0.0033953179791694358,0.7211126732253308,0.0033953179791694358,0.1234452464914258,1
1030,0.17745687377362637,-0.06326469,0.0033953179791694358,0.0033953179791694358,0.7211126732253308,0.0033953179791694358,0.1234452464914258,1
1031,0.17745687377362637,-0.06326469,0.0033953179791694358,0.0033953179791694358,0.7211126732253308,0.0033953179791694358,0.1234452464914258,1
1032,0.17745687377362637,-0.06326469,0.0033953179791694358,0.0033953179791694358,0.7211126732253308,0.0033953179791694358,0.1234452464914258,1
1033,0.17745687377362637,-0.06326469,0.0033953179791694358,0.0033953179791694358,0.7211126732253308,0.0033953179791694358,0.1234452464914258,1
1034,0.17745687377362637,-0.06326469,0.0033953179791694358,0.0033953179791694358,0.7211126732253308,0.0033953179791694358,0.1234452464914258,1
1035,0.17745687377362637,-0.06326469,0.0033953179791694358,0.0033953179791694358,0.7211126732253308,0.0033953179791694358,0.1234452464914258,1
1036,0.17745687377362637,-0.06326469,0.0033953179791694358,0.0033953179791694358,0.7211126732253308,0.0033953179791694358,0.1234452464914258,1
1037,0.17745687377362637,-0.06326469,0.0033953179791694358,0.0033953179791694358,0.7211126732253308,0.0033953179791694358,0.1234452464914258,1
1038,0.17745687377362637,-0.06326469,0.0033953179791694358,0.0033953179791694358,0.7211126732253308,0.0033953179791694358,0.1234452464914258,1
1039,0.17745687377362637,-0.06326469,0.0033953179791694358,0.0033953179791694358,0.7211126732253308,0.0033953179791694358,0.1234452464914258,1
1040,0.17745687377362637,-0.06326469,0.0033953179791694358,0.0033953179791694358,0.7211126732253308,0.0033953179791694358,0.1234452464914258,1
1041,0.17745687377362637,-0.06326469,0.0033953179791694358,0.0033953179791694358,0.7211126732253308,0.0033953179791694358,0.1234452464914258,1
1042,0.17745687377362637,-0.06326469,0.0033953179791694358,0.0033953179791694358,0.7211126732253308,0.0033953179791694358,0.1234452464914258,1
1043,0.17745687377362637,-0.06326469,0.0033953179791694358,0.0033953179791694358,0.7211126732253308,0.0033953179791694358,0.1234452464914258,1
1044,0.17745687377362637,-0.06326469,0.0033953179791694358,0.0033953179791694358,0.7211126732253308,0.0033953179791694358,0.1234452464914258,1
1045,0.17745687377362637,-0.06326469,0.0033953179791694358,0.0033953179791694358,0.7211126732253308,0.0033953179791694358,0.1234452464914258,1
1046,0.17745687377362637,-0.06326469,0.0033953179791694358,0.0033953179791694358,0.7211126732253308,0.0033953179791694358,0.1234452464914258,1
1047,0.17745687377362637,-0.06326469,0.0033953179791694358,0.0033953179791694358,0.7211126732253308,0.0033953179791694358,0.1234452464914258,1
1048,0.17745687377362637,-0.06326469,0.0033953179791694358,0.0033953179791694358,0.7211126732253308,0.0033953179791694358,0.1234452464914258,1
1049,0.17745687377362637,-0.06326469,0.0033953179791694358,0.0033953179791694358,0.7211126732253308,0.0033953179791694358,0.1234452464914258,1
1050,0.17745687377362637,-0.06326469,0.0033953179791694358,0.0033953179791694358,0.7211126732253308,0.0033953179791694358,0.1234452464914258,1
1051,0.17745687377362637,-0.06326469,0.0033953179791694358,0.0033953179791694358,0.7211126732253308,0.0033953179791694358,0.1234452464914258,1
1052,0.17745687377362637,-0.06326469,0.0033953179791694358,0.0033953179791694358,0.7211126732253308,0.0033953179791694358,0.1234452464914258,1
1053,0.17745687377362637,-0.06326469,0.0033953179791694358,0.0033953179791694358,0.7211126732253308,0.0033953179791694358,0.1234452464914258,1
1054,0.17745687377362637,-0.06326469,0.0033953179791694358,0.0033953179791694358,0.7211126732253308,0.0033953179791694358,0.1234452464914258,1
1055,0.17745687377362637,-0.06326469,0.0033953179791694358,0.0033953179791694358,0.7211126732253308,0.0033953179791694358,0.1234452464914258,1
1056,0.17745687377362637,-0.06326469,0.0033953179791694358,0.0033953179791694358,0.7211126732253308,0.0033953179791694358,0.1234452464914258,1
1057,0.17745687377362637,-0.06326469,0.0033953179791694358,0.0033953179791694358,0.7211126732253308,0.0033953179791694358,0.1234452464914258,1
1058,0.17745687377362637,-0.06326469,0.0033953179791694358,0.0033953179791694358,0.7211126732253308,0.0033953179791694358,0.1234452464914258,1
1059,0.17745687377362637,-0.06326469,0.0033953179791694358,0.0033953179791694358,0.7211126732253308,0.0033953179791694358,0.1234452464914258,1
1060,0.17745687377362637,-0.06326469,0.0033953179791694358,0.0033953179791694358,0.7211126732253308,0.0033953179791694358,0.1234452464914258,1
1061,0.17745687377362637,-0.06326469,0.0033953179791694358,0.0033953179791694358,0.7211126732253308,0.0033953179791694358,0.1234452464914258,1
1062,0.17745687377362637,-0.06326469,0.0033953179791694358,0.0033953179791694358,0.7211126732253308,0.0033953179791694358,0.1234452464914258,1
1063,0.17745687377362637,-0.06326469,0.0033953179791694358,0.0033953179791694358,0.7211126732253308,0.0033953179791694358,0.1234452464914258,1
1064,0.17745687377362637,-0.06326469,0.0033953179791694358,0.0033953179791694358,0.7211126732253308,0.0033953179791694358,0.1234452464914258,1
1065,0.17745687377362637,-0.06326469,0.0033953179791694358,0.0033953179791694358,0.7211126732253308,0.0033953179791694358,0.1234452464914258,1
1066,0.17745687377362637,-0.06326469,0.0033953179791694358,0.0033953179791694358,0.7211126732253308,0.0033953179791694358,0.1234452464914258,1
1067,0.17745687377362637,-0.06326469,0.0033953179791694358,0.0033953179791694358,0.7211126732253308,0.0033953179791694358,0.1234452464914258,1
1068,0.17745687377362637,-0.06326469,0.0033953179791694358,0.0033953179791694358,0.7211126732253308,0.0033953179791694358,0.1234452464914258,1
1069,0.17745687377362637,-0.06326469,0.0033953179791694358,0.0033953179791694358,0.7211126732253308,0.0033953179791694358,0.1234452464914258,1
1070,0.17745687377362637,-0.06326469,0.0033953179791694358,0.0033953179791694358,0.7211126732253308,0.0033953179791694358,0.1234452464914258,1
1071,0.17745687377362637,-0.06326469,0.0033953179791694358,0.0033953179791694358,0.7211126732253308,0.0033953179791694358,0.1234452464914258,1
1072,0.17745687377362637,-0.06326469,0.0033953179791694358,0.0033953179791694358,0.7211126732253308,0.0033953179791694358,0.1234452464914258,1
1073,0.17745687377362637,-0.06326469,0.0033953179791694358,0.0033953179791694358,0.7211126732253308,0.0033953179791694358,0.1234452464914258,1
1074,0.17745687377362637,-0.06326469,0.0033953179791694358,0.0033953179791694358,0.7211126732253308,0.0033953179791694358,0.1234452464914258,1
1075,0.17745687377362637,-0.06326469,0.0033953179791694358,0.0033953179791694358,0.7211126732253308,0.0033953179791694358,0.1234452464914258,1
1076,0.17745687377362637,-0.06326469,0.0033953179791694358,0.0033953179791694358,0.7211126732253308,0.0033953179791694358,0.1234452464914258,1
1077,0.17745687377362637,-0.06326469,0.0033953179791694358,0.0033953179791694358,0.7211126732253308,0.0033953179791694358,0.1234452464914258,1
1078,0.17745687377362637,-0.06326469,0.0033953179791694358,0.0033953179791694358,0.7211126732253308,0.0033953179791694358,0.1234452464914258,1
1079,0.17745687377362637,-0.06326469,0.0033953179791694358,0.0033953179791694358,0.7211126732253308,0.0033953179791694358,0.1234452464914258,1
1080,0.17745687377362637,-0.06326469,0.0033953179791694358,0.0033953179791694358,0.7211126732253308,0.0033953179791694358,0.1234452464914258,1
1081,0.17745687377362637,-0.06326469,0.0033953179791694358,0.0033953179791694358,0.7211126732253308,0.0033953179791694358,0.1234452464914258,1
1082,0.17745687377362637,-0.06326469,0.0033953179791694358,0.0033953179791694358,0.7211126732253308,0.0033953179791694358,0.1234452464914258,1
1083,0.17745687377362637,-0.06326469,0.0033953179791694358,0.0033953179791694358,0.7211126732253308,0.0033953179791694358,0.1234452464914258,1
1084,0.17745687377362637,-0.06326469,0.0033953179791694358,0.0033953179791694358,0.7211126732253308,0.0033953179791694358,0.1234452464914258,1
1085,0.17745687377362637,-0.06326469,0.0033953179791694358,0.0033953179791694358,0.7211126732253308,0.0033953179791694358,0.1234452464914258,1
1086,0.17745687377362637,-0.06326469,0.0033953179791694358,0.0033953179791694358,0.7211126732253308,0.0033953179791694358,0.1234452464914258,1
1087,0.17745687377362637,-0.06326469,0.0033953179791694358,0.0033953179791694358,0.7211126732253308,0.0033953179791694358,0.1234452464914258,1
1088,0.17745687377362637,-0.06326469,0.0033953179791694358,0.0033953179791694358,0.7211126732253308,0.0033953179791694358,0.1234452464914258,1
1089,0.17745687377362637,-0.06326469,0.0033953179791694358,0.0033953179791694358,0.7211126732253308,0.0033953179791694358,0.1234452464914258,1
1090,0.17745687377362637,-0.06326469,0.0033953179791694358,0.0033953179791694358,0.7211126732253308,0.0033953179791694358,0.1234452464914258,1
1091,0.17745687377362637,-0.06326469,0.0033953179791694358,0.0033953179791694358,0.7211126732253308,0.0033953179791694358,0.1234452464914258,1
1092,0.17745687377362637,-0.06326469,0.0033953179791694358,0.0033953179791694358,0.7211126732253308,0.0033953179791694358,0.1234452464914258,1
1093,0.17745687377362637,-0.06326469,0.0033953179791694358,0.0033953179791694358,0.7211126732253308,0.0033953179791694358,0.1234452464914258,1
1094,0.17745687377362637,-0.06326469,0.0033953179791694358,0.0033953179791694358,0.7211126732253308,0.0033953179791694358,0.1234452464914258,1
1095,0.17745687377362637,-0.06326469,0.0033953179791694358,0.0033953179791694358,0.7211126732253308,0.0033953179791694358,0.1234452464914258,1
1096,0.17745687377362637,-0.06326469,0.0033953179791694358,0.0033953179791694358,0.7211126732253308,0.0033953179791694358,0.1234452464914258,1
1097,0.17745687377362637,-0.06326469,0.0033953179791694358,0.0033953179791694358,0.7211126732253308,0.0033953179791694358,0.1234452464914258,1
1098,0.17745687377362637,-0.06326469,0.0033953179791694358,0.0033953179791694358,0.7211126732253308,0.0033953179791694358,0.1234452464914258,1
1099,0.17745687377362637,-0.06326469,0.0033953179791694358,0.0033953179791694358,0.7211126732253308,0.0033953179791694358,0.1234452464914258,1
1100,0.17745687377362637,-0.06326469,0.0033953179791694358,0.0033953179791694358,0.7211126732253308,0.0033953179791694358,0.1234452464914258,1
1101,0.17745687377362637,-0.06326469,0.0033953179791694358,0.0033953179791694358,0.7211126732253308,0.0033953179791694358,0.1234452464914258,1
1102,0.17745687377362637,-0.06326469,0.0033953179791694358,0.0033953179791694358,0.7211126732253308,0.0033953179791694358,0.1234452464914258,1
1103,0.17745687377362637,-0.06326469,0.0033953179791694358,0.0033953179791694358,0.7211126732253308,0.0033953179791694358,0.1234452464914258,1
1104,0.17745687377362637,-0.06326469,0.0033953179791694358,0.0033953179791694358,0.7211126732253308,0.0033953179791694358,0.1234452464914258,1
1105,0.17745687377362637,-0.06326469,0.0033953179791694358,0.0033953179791694358,0.7211126732253308,0.0033953179791694358,0.1234452464914258,1
1106,0.17745687377362637,-0.06326469,0.0033953179791694358,0.0033953179791694358,0.7211126732253308,0.0033953179791694358,0.1234452464914258,1
1107,0.17745687377362637,-0.06326469,0.0033953179791694358,0.0033953179791694358,0.7211126732253308,0.0033953179791694358,0.1234452464914258,1
1108,0.17745687377362637,-0.06326469,0.0033953179791694358,0.0033953179791694358,0.7211126732253308,0.0033953179791694358,0.1234452464914258,1
1109,0.17745687377362637,-0.06326469,0.0033953179791694358,0.0033953179791694358,0.7211126732253308,0.0033953179791694358,0.1234452464914258,1
1110,0.17745687377362637,-0.06326469,0.0033953179791694358,0.0033953179791694358,0.7211126732253308,0.0033953179791694358,0.1234452464914258,1
1111,0.17745687377362637,-0.06326469,0.0033953179791694358,0.0033953179791694358,0.7211126732253308,0.0033953179791694358,0.1234452464914258,1
1112,0.17745687377362637,-0.06326469,0.0033953179791694358,0.0033953179791694358,0.7211126732253308,0.0033953179791694358,0.1234452464914258,1
1113,0.17745687377362637,-0.06326469,0.0033953179791694358,0.0033953179791694358,0.7211126732253308,0.0033953179791694358,0.1234452464914258,1
1114,0.17745687377362637,-0.06326469,0.0033953179791694358,0.0033953179791694358,0.7211126732253308,0.0033953179791694358,0.1234452464914258,1
1115,0.17745687377362637,-0.06326469,0.0033953179791694358,0.0033953179791694358,0.7211126732253308,0.0033953179791694358,0.1234452464914258,1
1116,0.17745687377362637,-0.06326469,0.0033953179791694358,0.0033953179791694358,0.7211126732253308,0.0033953179791694358,0.1234452464914258,1
1117,0.17745687377362637,-0.06326469,0.0033953179791694358,0.0033953179791694358,0.7211126732253308,0.0033953179791694358,0.1234452464914258,1
1118,0.17745687377362637,-0.06326469,0.0033953179791694358,0.0033953179791694358,0.7211126732253308,0.0033953179791694358,0.1234452464914258,1
1119,0.17745687377362637,-0.06326469,0.0033953179791694358,0.0033953179791694358,0.7211126732253308,0.0033953179791694358,0.1234452464914258,1
1120,0.17745687377362637,-0.06326469,0.0033953179791694358,0.0033953179791694358,0.7211126732253308,0.0033953179791694358,0.1234452464914258,1
1121,0.17745687377362637,-0.06326469,0.0033953179791694358,0.0033953179791694358,0.7211126732253308,0.0033953179791694358,0.1234452464914258,1
1122,0.17745687377362637,-0.06326469,0.0033953179791694358,0.0033953179791694358,0.7211126732253308,0.0033953179791694358,0.1234452464914258,1
1123,0.17745687377362637,-0.06326469,0.0033953179791694358,0.0033953179791694358,0.7211126732253308,0.0033953179791694358,0.1234452464914258,1
1124,0.17745687377362637,-0.06326469,0.0033953179791694358,0.0033953179791694358,0.7211126732253308,0.0033953179791694358,0.1234452464914258,1
1125,0.17745687377362637,-0.06326469,0.0033953179791694358,0.0033953179791694358,0.7211126732253308,0.0033953179791694358,0.1234452464914258,1
1126,0.17745687377362637,-0.06326469,0.0033953179791694358,0.0033953179791694358,0.7211126732253308,0.0033953179791694358,0.1234452464914258,1
1127,0.17781058558904494,-0.06326469,0.003394081445335942,0.003394081445335942,0.7199455137646861,0.003394081445335942,0.12145735367682603,1
1128,0.17781058558904494,-0.06326469,0.003394081445335942,0.003394081445335942,0.7199455137646861,0.003394081445335942,0.12145735367682603,1
1129,0.17781058558904494,-0.06326469,0.003394081445335942,0.003394081445335942,0.7199455137646861,0.003394081445335942,0.12145735367682603,1
1130,0.17781058558904494,-0.06326469,0.003394081445335942,0.003394081445335942,0.7199455137646861,0.003394081445335942,0.12145735367682603,1
1131,0.17781058558904494,-0.06326469,0.003394081445335942,0.003394081445335942,0.7199455137646861,0.003394081445335942,0.12145735367682603,1
1132,0.17781058558904494,-0.06326469,0.003394081445335942,0.003394081445335942,0.7199455137646861,0.003394081445335942,0.12145735367682603,1
1133,0.17781058558904494,-0.06326469,0.003394081445335942,0.003394081445335942,0.7199455137646861,0.003394081445335942,0.12145735367682603,1
1134,0.17781058558904494,-0.06326469,0.003394081445335942,0.003394081445335942,0.7199455137646861,0.003394081445335942,0.12145735367682603,1
1135,0.17781058558904494,-0.06326469,0.003394081445335942,0.003394081445335942,0.7199455137646861,0.003394081445335942,0.12145735367682603,1
1136,0.17781058558904494,-0.06326469,0.003394081445335942,0.003394081445335942,0.7199455137646861,0.003394081445335942,0.12145735367682603,1
1137,0.17781058558904494,-0.06326469,0.003394081445335942,0.003394081445335942,0.7199455137646861,0.003394081445335942,0.12145735367682603,1
1138,0.17781058558904494,-0.06326469,0.003394081445335942,0.003394081445335942,0.7199455137646861,0.003394081445335942,0.12145735367682603,1
1139,0.17781058558904494,-0.06326469,0.003394081445335942,0.003394081445335942,0.7199455137646861,0.003394081445335942,0.12145735367682603,1
1140,0.17781058558904494,-0.06326469,0.003394081445335942,0.003394081445335942,0.7199455137646861,0.003394081445335942,0.12145735367682603,1
1141,0.17781058558904494,-0.06326469,0.003394081445335942,0.003394081445335942,0.7199455137646861,0.003394081445335942,0.12145735367682603,1
1142,0.17781058558904494,-0.06326469,0.003394081445335942,0.003394081445335942,0.7199455137646861,0.003394081445335942,0.12145735367682603,1
1143,0.17781058558904494,-0.06326469,0.003394081445335942,0.003394081445335942,0.7199455137646861,0.003394081445335942,0.12145735367682603,1
1144,0.17781058558904494,-0.06326469,0.003394081445335942,0.003394081445335942,0.7199455137646861,0.003394081445335942,0.12145735367682603,1
1145,0.17781058558904494,-0.06326469,0.003394081445335942,0.003394081445335942,0.7199455137646861,0.003394081445335942,0.12145735367682603,1
1146,0.17781058558904494,-0.06326469,0.003394081445335942,0.003394081445335942,0.7199455137646861,0.003394081445335942,0.12145735367682603,1
1147,0.17781058558904494,-0.06326469,0.003394081445335942,0.003394081445335942,0.7199455137646861,0.003394081445335942,0.12145735367682603,1
1148,0.17781058558904494,-0.06326469,0.003394081445335942,0.003394081445335942,0.7199455137646861,0.003394081445335942,0.12145735367682603,1
1149,0.17781058558904494,-0.06326469,0.003394081445335942,0.003394081445335942,0.7199455137646861,0.003394081445335942,0.12145735367682603,1
1150,0.17781058558904494,-0.06326469,0.003394081445335942,0.003394081445335942,0.7199455137646861,0.003394081445335942,0.12145735367682603,1
1151,0.17781058558904494,-0.06326469,0.003394081445335942,0.003394081445335942,0.7199455137646861,0.003394081445335942,0.12145735367682603,1
1152,0.17781058558904494,-0.06326469,0.003394081445335942,0.003394081445335942,0.7199455137646861,0.003394081445335942,0.12145735367682603,1
1153,0.17781058558904494,-0.06326469,0.003394081445335942,0.003394081445335942,0.7199455137646861,0.003394081445335942,0.12145735367682603,1
1154,0.17781058558904494,-0.06326469,0.003394081445335942,0.003394081445335942,0.7199455137646861,0.003394081445335942,0.12145735367682603,1
1155,0.17781058558904494,-0.06326469,0.003394081445335942,0.003394081445335942,0.7199455137646861,0.003394081445335942,0.12145735367682603,1
1156,0.17781058558904494,-0.06326469,0.003394081445335942,0.003394081445335942,0.7199455137646861,0.003394081445335942,0.12145735367682603,1
1157,0.17781058558904494,-0.06326469,0.003394081445335942,0.003394081445335942,0.7199455137646861,0.003394081445335942,0.12145735367682603,1
1158,0.17781058558904494,-0.06326469,0.003394081445335942,0.003394081445335942,0.7199455137646861,0.003394081445335942,0.12145735367682603,1
1159,0.17781058558904494,-0.06326469,0.003394081445335942,0.003394081445335942,0.7199455137646861,0.003394081445335942,0.12145735367682603,1
1160,0.17781058558904494,-0.06326469,0.003394081445335942,0.003394081445335942,0.7199455137646861,0.003394081445335942,0.12145735367682603,1
1161,0.17781058558904494,-0.06326469,0.003394081445335942,0.003394081445335942,0.7199455137646861,0.003394081445335942,0.12145735367682603,1
1162,0.17781058558904494,-0.06326469,0.003394081445335942,0.003394081445335942,0.7199455137646861,0.003394081445335942,0.12145735367682603,1
1163,0.17781058558904494,-0.06326469,0.003394081445335942,0.003394081445335942,0.7199455137646861,0.003394081445335942,0.12145735367682603,1
1164,0.17781058558904494,-0.06326469,0.003394081445335942,0.003394081445335942,0.7199455137646861,0.003394081445335942,0.12145735367682603,1
1165,0.17781058558904494,-0.06326469,0.003394081445335942,0.003394081445335942,0.7199455137646861,0.003394081445335942,0.12145735367682603,1
1166,0.17781058558904494,-0.06326469,0.003394081445335942,0.003394081445335942,0.7199455137646861,0.003394081445335942,0.12145735367682603,1
1167,0.17781058558904494,-0.06326469,0.003394081445335942,0.003394081445335942,0.7199455137646861,0.003394081445335942,0.12145735367682603,1
1168,0.17781058558904494,-0.06326469,0.003394081445335942,0.003394081445335942,0.7199455137646861,0.003394081445335942,0.12145735367682603,1
1169,0.17781058558904494,-0.06326469,0.003394081445335942,0.003394081445335942,0.7199455137646861,0.003394081445335942,0.12145735367682603,1
1170,0.17781058558904494,-0.06326469,0.003394081445335942,0.003394081445335942,0.7199455137646861,0.003394081445335942,0.12145735367682603,1
1171,0.17781058558904494,-0.06326469,0.003394081445335942,0.003394081445335942,0.7199455137646861,0.003394081445335942,0.12145735367682603,1
1172,0.17781058558904494,-0.06326469,0.003394081445335942,0.003394081445335942,0.7199455137646861,0.003394081445335942,0.12145735367682603,1
1173,0.17781058558904494,-0.06326469,0.003394081445335942,0.003394081445335942,0.7199455137646861,0.003394081445335942,0.12145735367682603,1
1174,0.17781058558904494,-0.06326469,0.003394081445335942,0.003394081445335942,0.7199455137646861,0.003394081445335942,0.12145735367682603,1
1175,0.17781058558904494,-0.06326469,0.003394081445335942,0.003394081445335942,0.7199455137646861,0.003394081445335942,0.12145735367682603,1
1176,0.17781058558904494,-0.06326469,0.003394081445335942,0.003394081445335942,0.7199455137646861,0.003394081445335942,0.12145735367682603,1
1177,0.17693199044569854,-0.06326469,0.0033941067049467607,0.003394081445335942,0.7224164998522585,0.0033941067049467607,0.12107709347240668,1
1178,0.17693199044569854,-0.06326469,0.0033941067049467607,0.003394081445335942,0.7224164998522585,0.0033941067049467607,0.12107709347240668,1
1179,0.17693199044569854,-0.06326469,0.0033941067049467607,0.003394081445335942,0.7224164998522585,0.0033941067049467607,0.12107709347240668,1
1180,0.17693199044569854,-0.06326469,0.0033941067049467607,0.003394081445335942,0.7224164998522585,0.0033941067049467607,0.12107709347240668,1
1181,0.17693199044569854,-0.06326469,0.0033941067049467607,0.003394081445335942,0.7224164998522585,0.0033941067049467607,0.12107709347240668,1
1182,0.17693199044569854,-0.06326469,0.0033941067049467607,0.003394081445335942,0.7224164998522585,0.0033941067049467607,0.12107709347240668,1
1183,0.17693199044569854,-0.06326469,0.0033941067049467607,0.003394081445335942,0.7224164998522585,0.0033941067049467607,0.12107709347240668,1
1184,0.17693199044569854,-0.06326469,0.0033941067049467607,0.003394081445335942,0.7224164998522585,0.0033941067049467607,0.12107709347240668,1
1185,0.17693199044569854,-0.06326469,0.0033941067049467607,0.003394081445335942,0.7224164998522585,0.0033941067049467607,0.12107709347240668,1
1186,0.17693199044569854,-0.06326469,0.0033941067049467607,0.003394081445335942,0.7224164998522585,0.0033941067049467607,0.12107709347240668,1
1187,0.17693199044569854,-0.06326469,0.0033941067049467607,0.003394081445335942,0.7224164998522585,0.0033941067049467607,0.12107709347240668,1
1188,0.17693199044569854,-0.06326469,0.0033941067049467607,0.003394081445335942,0.7224164998522585,0.0033941067049467607,0.12107709347240668,1
1189,0.17693199044569854,-0.06326469,0.0033941067049467607,0.003394081445335942,0.7224164998522585,0.0033941067049467607,0.12107709347240668,1
1190,0.17693199044569854,-0.06326469,0.0033941067049467607,0.003394081445335942,0.7224164998522585,0.0033941067049467607,0.12107709347240668,1
1191,0.17693199044569854,-0.06326469,0.0033941067049467607,0.003394081445335942,0.7224164998522585,0.0033941067049467607,0.12107709347240668,1
1192,0.17693199044569854,-0.06326469,0.0033941067049467607,0.003394081445335942,0.7224164998522585,0.0033941067049467607,0.12107709347240668,1
1193,0.17693199044569854,-0.06326469,0.0033941067049467607,0.003394081445335942,0.7224164998522585,0.0033941067049467607,0.12107709347240668,1
1194,0.17693199044569854,-0.06326469,0.0033941067049467607,0.003394081445335942,0.7224164998522585,0.0033941067049467607,0.12107709347240668,1
1195,0.17693199044569854,-0.06326469,0.0033941067049467607,0.003394081445335942,0.7224164998522585,0.0033941067049467607,0.12107709347240668,1
1196,0.17693199044569854,-0.06326469,0.0033941067049467607,0.003394081445335942,0.7224164998522585,0.0033941067049467607,0.12107709347240668,1
1197,0.17693199044569854,-0.06326469,0.0033941067049467607,0.003394081445335942,0.7224164998522585,0.0033941067049467607,0.12107709347240668,1
1198,0.17693199044569854,-0.06326469,0.0033941067049467607,0.003394081445335942,0.7224164998522585,0.0033941067049467607,0.12107709347240668,1
1199,0.17693199044569854,-0.06326469,0.0033941067049467607,0.003394081445335942,0.7224164998522585,0.0033941067049467607,0.12107709347240668,1
1200,0.17693199044569854,-0.06326469,0.0033941067049467607,0.003394081445335942,0.7224164998522585,0.0033941067049467607,0.12107709347240668,1
1201,0.17693199044569854,-0.06326469,0.0033941067049467607,0.003394081445335942,0.7224164998522585,0.0033941067049467607,0.12107709347240668,1
1202,0.17693199044569854,-0.06326469,0.0033941067049467607,0.003394081445335942,0.7224164998522585,0.0033941067049467607,0.12107709347240668,1
1203,0.17693199044569854,-0.06326469,0.0033941067049467607,0.003394081445335942,0.7224164998522585,0.0033941067049467607,0.12107709347240668,1
1204,0.17693199044569854,-0.06326469,0.0033941067049467607,0.003394081445335942,0.7224164998522585,0.0033941067049467607,0.12107709347240668,1
1205,0.17693199044569854,-0.06326469,0.0033941067049467607,0.003394081445335942,0.7224164998522585,0.0033941067049467607,0.12107709347240668,1
1206,0.17693199044569854,-0.06326469,0.0033941067049467607,0.003394081445335942,0.7224164998522585,0.0033941067049467607,0.12107709347240668,1
1207,0.17693199044569854,-0.06326469,0.0033941067049467607,0.003394081445335942,0.7224164998522585,0.0033941067049467607,0.12107709347240668,1
1208,0.17693199044569854,-0.06326469,0.0033941067049467607,0.003394081445335942,0.7224164998522585,0.0033941067049467607,0.12107709347240668,1
1209,0.17693199044569854,-0.06326469,0.0033941067049467607,0.003394081445335942,0.7224164998522585,0.0033941067049467607,0.12107709347240668,1
1210,0.17693199044569854,-0.06326469,0.0033941067049467607,0.003394081445335942,0.7224164998522585,0.0033941067049467607,0.12107709347240668,1
1211,0.17693199044569854,-0.06326469,0.0033941067049467607,0.003394081445335942,0.7224164998522585,0.0033941067049467607,0.12107709347240668,1
1212,0.17693199044569854,-0.06326469,0.0033941067049467607,0.003394081445335942,0.7224164998522585,0.0033941067049467607,0.12107709347240668,1
1213,0.17693199044569854,-0.06326469,0.0033941067049467607,0.003394081445335942,0.7224164998522585,0.0033941067049467607,0.12107709347240668,1
1214,0.17693199044569854,-0.06326469,0.0033941067049467607,0.003394081445335942,0.7224164998522585,0.0033941067049467607,0.12107709347240668,1
1215,0.17693199044569854,-0.06326469,0.0033941067049467607,0.003394081445335942,0.7224164998522585,0.0033941067049467607,0.12107709347240668,1
1216,0.17693199044569854,-0.06326469,0.0033941067049467607,0.003394081445335942,0.7224164998522585,0.0033941067049467607,0.12107709347240668,1
1217,0.17693199044569854,-0.06326469,0.0033941067049467607,0.003394081445335942,0.7224164998522585,0.0033941067049467607,0.12107709347240668,1
1218,0.17693199044569854,-0.06326469,0.0033941067049467607,0.003394081445335942,0.7224164998522585,0.0033941067049467607,0.12107709347240668,1
1219,0.17693199044569854,-0.06326469,0.0033941067049467607,0.003394081445335942,0.7224164998522585,0.0033941067049467607,0.12107709347240668,1
1220,0.17693199044569854,-0.06326469,0.0033941067049467607,0.003394081445335942,0.7224164998522585,0.0033941067049467607,0.12107709347240668,1
1221,0.17693199044569854,-0.06326469,0.0033941067049467607,0.003394081445335942,0.7224164998522585,0.0033941067049467607,0.12107709347240668,1
1222,0.17693199044569854,-0.06326469,0.0033941067049467607,0.003394081445335942,0.7224164998522585,0.0033941067049467607,0.12107709347240668,1
1223,0.17693199044569854,-0.06326469,0.0033941067049467607,0.003394081445335942,0.7224164998522585,0.0033941067049467607,0.12107709347240668,1
1224,0.17693199044569854,-0.06326469,0.0033941067049467607,0.003394081445335942,0.7224164998522585,0.0033941067049467607,0.12107709347240668,1
1225,0.17693199044569854,-0.06326469,0.0033941067049467607,0.003394081445335942,0.7224164998522585,0.0033941067049467607,0.12107709347240668,1
1226,0.17693199044569854,-0.06326469,0.0033941067049467607,0.003394081445335942,0.7224164998522585,0.0033941067049467607,0.12107709347240668,1
1227,0.17693199044569854,-0.06326469,0.0033941067049467607,0.003394081445335942,0.7224164998522585,0.0033941067049467607,0.12107709347240668,1
1228,0.17693199044569854,-0.06326469,0.0033941067049467607,0.003394081445335942,0.7224164998522585,0.0033941067049467607,0.12107709347240668,1
1229,0.17693199044569854,-0.06326469,0.0033941067049467607,0.003394081445335942,0.7224164998522585,0.0033941067049467607,0.12107709347240668,1
1230,0.17693199044569854,-0.06326469,0.0033941067049467607,0.003394081445335942,0.7224164998522585,0.0033941067049467607,0.12107709347240668,1
1231,0.17693199044569854,-0.06326469,0.0033941067049467607,0.003394081445335942,0.7224164998522585,0.0033941067049467607,0.12107709347240668,1
1232,0.17693199044569854,-0.06326469,0.0033941067049467607,0.003394081445335942,0.7224164998522585,0.0033941067049467607,0.12107709347240668,1
1233,0.17693199044569854,-0.06326469,0.0033941067049467607,0.003394081445335942,0.7224164998522585,0.0033941067049467607,0.12107709347240668,1
1234,0.17693199044569854,-0.06326469,0.0033941067049467607,0.003394081445335942,0.7224164998522585,0.0033941067049467607,0.12107709347240668,1
1235,0.17693199044569854,-0.06326469,0.0033941067049467607,0.003394081445335942,0.7224164998522585,0.0033941067049467607,0.12107709347240668,1
1236,0.17693199044569854,-0.06326469,0.0033941067049467607,0.003394081445335942,0.7224164998522585,0.0033941067049467607,0.12107709347240668,1
1237,0.17693199044569854,-0.06326469,0.0033941067049467607,0.003394081445335942,0.7224164998522585,0.0033941067049467607,0.12107709347240668,1
1238,0.17693199044569854,-0.06326469,0.0033941067049467607,0.003394081445335942,0.7224164998522585,0.0033941067049467607,0.12107709347240668,1
1239,0.17693199044569854,-0.06326469,0.0033941067049467607,0.003394081445335942,0.7224164998522585,0.0033941067049467607,0.12107709347240668,1
1240,0.17693199044569854,-0.06326469,0.0033941067049467607,0.003394081445335942,0.7224164998522585,0.0033941067049467607,0.12107709347240668,1
1241,0.17693199044569854,-0.06326469,0.0033941067049467607,0.003394081445335942,0.7224164998522585,0.0033941067049467607,0.12107709347240668,1
1242,0.17693199044569854,-0.06326469,0.0033941067049467607,0.003394081445335942,0.7224164998522585,0.0033941067049467607,0.12107709347240668,1
1243,0.17693199044569854,-0.06326469,0.0033941067049467607,0.003394081445335942,0.7224164998522585,0.0033941067049467607,0.12107709347240668,1
1244,0.17693199044569854,-0.06326469,0.0033941067049467607,0.003394081445335942,0.7224164998522585,0.0033941067049467607,0.12107709347240668,1
1245,0.17693199044569854,-0.06326469,0.0033941067049467607,0.003394081445335942,0.7224164998522585,0.0033941067049467607,0.12107709347240668,1
1246,0.17693199044569854,-0.06326469,0.0033941067049467607,0.003394081445335942,0.7224164998522585,0.0033941067049467607,0.12107709347240668,1
1247,0.17693199044569854,-0.06326469,0.0033941067049467607,0.003394081445335942,0.7224164998522585,0.0033941067049467607,0.12107709347240668,1
1248,0.17693199044569854,-0.06326469,0.0033941067049467607,0.003394081445335942,0.7224164998522585,0.0033941067049467607,0.12107709347240668,1
1249,0.17693199044569854,-0.06326469,0.0033941067049467607,0.003394081445335942,0.7224164998522585,0.0033941067049467607,0.12107709347240668,1
1250,0.17693199044569854,-0.06326469,0.0033941067049467607,0.003394081445335942,0.7224164998522585,0.0033941067049467607,0.12107709347240668,1
1251,0.17693199044569854,-0.06326469,0.0033941067049467607,0.003394081445335942,0.7224164998522585,0.0033941067049467607,0.12107709347240668,1
1252,0.17693199044569854,-0.06326469,0.0033941067049467607,0.003394081445335942,0.7224164998522585,0.0033941067049467607,0.12107709347240668,1
1253,0.17693199044569854,-0.06326469,0.0033941067049467607,0.003394081445335942,0.7224164998522585,0.0033941067049467607,0.12107709347240668,1
1254,0.17693199044569854,-0.06326469,0.0033941067049467607,0.003394081445335942,0.7224164998522585,0.0033941067049467607,0.12107709347240668,1
1255,0.17693199044569854,-0.06326469,0.0033941067049467607,0.003394081445335942,0.7224164998522585,0.0033941067049467607,0.12107709347240668,1
1256,0.17693199044569854,-0.06326469,0.0033941067049467607,0.003394081445335942,0.7224164998522585,0.0033941067049467607,0.12107709347240668,1
1257,0.17693199044569854,-0.06326469,0.0033941067049467607,0.003394081445335942,0.7224164998522585,0.0033941067049467607,0.12107709347240668,1
1258,0.17693199044569854,-0.06326469,0.0033941067049467607,0.003394081445335942,0.7224164998522585,0.0033941067049467607,0.12107709347240668,1
1259,0.17693199044569854,-0.06326469,0.0033941067049467607,0.003394081445335942,0.7224164998522585,0.0033941067049467607,0.12107709347240668,1
1260,0.17693199044569854,-0.06326469,0.0033941067049467607,0.003394081445335942,0.7224164998522585,0.0033941067049467607,0.12107709347240668,1
1261,0.17693199044569854,-0.06326469,0.0033941067049467607,0.003394081445335942,0.7224164998522585,0.0033941067049467607,0.12107709347240668,1
1262,0.17693199044569854,-0.06326469,0.0033941067049467607,0.003394081445335942,0.7224164998522585,0.0033941067049467607,0.12107709347240668,1
1263,0.17693199044569854,-0.06326469,0.0033941067049467607,0.003394081445335942,0.7224164998522585,0.0033941067049467607,0.12107709347240668,1
1264,0.17693199044569854,-0.06326469,0.0033941067049467607,0.003394081445335942,0.7224164998522585,0.0033941067049467607,0.12107709347240668,1
1265,0.17693199044569854,-0.06326469,0.0033941067049467607,0.003394081445335942,0.7224164998522585,0.0033941067049467607,0.12107709347240668,1
1266,0.17693199044569854,-0.06326469,0.0033941067049467607,0.003394081445335942,0.7224164998522585,0.0033941067049467607,0.12107709347240668,1
1267,0.17693199044569854,-0.06326469,0.0033941067049467607,0.003394081445335942,0.7224164998522585,0.0033941067049467607,0.12107709347240668,1
1268,0.17693199044569854,-0.06326469,0.0033941067049467607,0.003394081445335942,0.7224164998522585,0.0033941067049467607,0.12107709347240668,1
1269,0.17693199044569854,-0.06326469,0.0033941067049467607,0.003394081445335942,0.7224164998522585,0.0033941067049467607,0.12107709347240668,1
1270,0.17693199044569854,-0.06326469,0.0033941067049467607,0.003394081445335942,0.7224164998522585,0.0033941067049467607,0.12107709347240668,1
1271,0.17693199044569854,-0.06326469,0.0033941067049467607,0.003394081445335942,0.7224164998522585,0.0033941067049467607,0.12107709347240668,1
1272,0.17693199044569854,-0.06326469,0.0033941067049467607,0.003394081445335942,0.7224164998522585,0.0033941067049467607,0.12107709347240668,1
1273,0.17693199044569854,-0.06326469,0.0033941067049467607,0.003394081445335942,0.7224164998522585,0.0033941067049467607,0.12107709347240668,1
1274,0.17693199044569854,-0.06326469,0.0033941067049467607,0.003394081445335942,0.7224164998522585,0.0033941067049467607,0.12107709347240668,1
1275,0.17693199044569854,-0.06326469,0.0033941067049467607,0.003394081445335942,0.7224164998522585,0.0033941067049467607,0.12107709347240668,1
1276,0.17693199044569854,-0.06326469,0.0033941067049467607,0.003394081445335942,0.7224164998522585,0.0033941067049467607,0.12107709347240668,1
1277,0.17693199044569854,-0.06326469,0.0033941067049467607,0.003394081445335942,0.7224164998522585,0.0033941067049467607,0.12107709347240668,1
1278,0.17693199044569854,-0.06326469,0.0033941067049467607,0.003394081445335942,0.7224164998522585,0.0033941067049467607,0.12107709347240668,1
1279,0.17693199044569854,-0.06326469,0.0033941067049467607,0.003394081445335942,0.7224164998522585,0.0033941067049467607,0.12107709347240668,1
1280,0.17693199044569854,-0.06326469,0.0033941067049467607,0.003394081445335942,0.7224164998522585,0.0033941067049467607,0.12107709347240668,1
1281,0.17693199044569854,-0.06326469,0.0033941067049467607,0.003394081445335942,0.7224164998522585,0.0033941067049467607,0.12107709347240668,1
1282,0.17693199044569854,-0.06326469,0.0033941067049467607,0.003394081445335942,0.7224164998522585,0.0033941067049467607,0.12107709347240668,1
1283,0.17693199044569854,-0.06326469,0.0033941067049467607,0.003394081445335942,0.7224164998522585,0.0033941067049467607,0.12107709347240668,1
1284,0.17693199044569854,-0.06326469,0.0033941067049467607,0.003394081445335942,0.7224164998522585,0.0033941067049467607,0.12107709347240668,1
1285,0.17693199044569854,-0.06326469,0.0033941067049467607,0.003394081445335942,0.7224164998522585,0.0033941067049467607,0.12107709347240668,1
1286,0.17693199044569854,-0.06326469,0.0033941067049467607,0.003394081445335942,0.7224164998522585,0.0033941067049467607,0.12107709347240668,1
1287,0.17693199044569854,-0.06326469,0.0033941067049467607,0.003394081445335942,0.7224164998522585,0.0033941067049467607,0.12107709347240668,1
1288,0.17693199044569854,-0.06326469,0.0033941067049467607,0.003394081445335942,0.7224164998522585,0.0033941067049467607,0.12107709347240668,1
1289,0.17693199044569854,-0.06326469,0.0033941067049467607,0.003394081445335942,0.7224164998522585,0.0033941067049467607,0.12107709347240668,1
1290,0.17693199044569854,-0.06326469,0.0033941067049467607,0.003394081445335942,0.7224164998522585,0.0033941067049467607,0.12107709347240668,1
1291,0.17693199044569854,-0.06326469,0.0033941067049467607,0.003394081445335942,0.7224164998522585,0.0033941067049467607,0.12107709347240668,1
1292,0.17693199044569854,-0.06326469,0.0033941067049467607,0.003394081445335942,0.7224164998522585,0.0033941067049467607,0.12107709347240668,1
1293,0.17693199044569854,-0.06326469,0.0033941067049467607,0.003394081445335942,0.7224164998522585,0.0033941067049467607,0.12107709347240668,1
1294,0.17693199044569854,-0.06326469,0.0033941067049467607,0.003394081445335942,0.7224164998522585,0.0033941067049467607,0.12107709347240668,1
1295,0.17693199044569854,-0.06326469,0.0033941067049467607,0.003394081445335942,0.7224164998522585,0.0033941067049467607,0.12107709347240668,1
1296,0.17693199044569854,-0.06326469,0.0033941067049467607,0.003394081445335942,0.7224164998522585,0.0033941067049467607,0.12107709347240668,1
1297,0.17693199044569854,-0.06326469,0.0033941067049467607,0.003394081445335942,0.7224164998522585,0.0033941067049467607,0.12107709347240668,1
1298,0.17693199044569854,-0.06326469,0.0033941067049467607,0.003394081445335942,0.7224164998522585,0.0033941067049467607,0.12107709347240668,1
1299,0.17693199044569854,-0.06326469,0.0033941067049467607,0.003394081445335942,0.7224164998522585,0.0033941067049467607,0.12107709347240668,1
1300,0.17693199044569854,-0.06326469,0.0033941067049467607,0.003394081445335942,0.7224164998522585,0.0033941067049467607,0.12107709347240668,1
1301,0.17693199044569854,-0.06326469,0.0033941067049467607,0.003394081445335942,0.7224164998522585,0.0033941067049467607,0.12107709347240668,1
1302,0.17693199044569854,-0.06326469,0.0033941067049467607,0.003394081445335942,0.7224164998522585,0.0033941067049467607,0.12107709347240668,1
1303,0.17693199044569854,-0.06326469,0.0033941067049467607,0.003394081445335942,0.7224164998522585,0.0033941067049467607,0.12107709347240668,1
1304,0.17693199044569854,-0.06326469,0.0033941067049467607,0.003394081445335942,0.7224164998522585,0.0033941067049467607,0.12107709347240668,1
1305,0.17693199044569854,-0.06326469,0.0033941067049467607,0.003394081445335942,0.7224164998522585,0.0033941067049467607,0.12107709347240668,1
1306,0.17693199044569854,-0.06326469,0.0033941067049467607,0.003394081445335942,0.7224164998522585,0.0033941067049467607,0.12107709347240668,1
1307,0.17693199044569854,-0.06326469,0.0033941067049467607,0.003394081445335942,0.7224164998522585,0.0033941067049467607,0.12107709347240668,1
1308,0.17693199044569854,-0.06326469,0.0033941067049467607,0.003394081445335942,0.7224164998522585,0.0033941067049467607,0.12107709347240668,1
1309,0.17693199044569854,-0.06326469,0.0033941067049467607,0.003394081445335942,0.7224164998522585,0.0033941067049467607,0.12107709347240668,1
1310,0.17693199044569854,-0.06326469,0.0033941067049467607,0.003394081445335942,0.7224164998522585,0.0033941067049467607,0.12107709347240668,1
1311,0.17693199044569854,-0.06326469,0.0033941067049467607,0.003394081445335942,0.7224164998522585,0.0033941067049467607,0.12107709347240668,1
1312,0.17693199044569854,-0.06326469,0.0033941067049467607,0.003394081445335942,0.7224164998522585,0.0033941067049467607,0.12107709347240668,1
1313,0.17693199044569854,-0.06326469,0.0033941067049467607,0.003394081445335942,0.7224164998522585,0.0033941067049467607,0.12107709347240668,1
1314,0.17693199044569854,-0.06326469,0.0033941067049467607,0.003394081445335942,0.7224164998522585,0.0033941067049467607,0.12107709347240668,1
1315,0.17693199044569854,-0.06326469,0.0033941067049467607,0.003394081445335942,0.7224164998522585,0.0033941067049467607,0.12107709347240668,1
1316,0.17693199044569854,-0.06326469,0.0033941067049467607,0.003394081445335942,0.7224164998522585,0.0033941067049467607,0.12107709347240668,1
1317,0.17693199044569854,-0.06326469,0.0033941067049467607,0.003394081445335942,0.7224164998522585,0.0033941067049467607,0.12107709347240668,1
1318,0.17693199044569854,-0.06326469,0.0033941067049467607,0.003394081445335942,0.7224164998522585,0.0033941067049467607,0.12107709347240668,1
1319,0.17693199044569854,-0.06326469,0.0033941067049467607,0.003394081445335942,0.7224164998522585,0.0033941067049467607,0.12107709347240668,1
1320,0.17693199044569854,-0.06326469,0.0033941067049467607,0.003394081445335942,0.7224164998522585,0.0033941067049467607,0.12107709347240668,1
1321,0.17693199044569854,-0.06326469,0.0033941067049467607,0.003394081445335942,0.7224164998522585,0.0033941067049467607,0.12107709347240668,1
1322,0.17693199044569854,-0.06326469,0.0033941067049467607,0.003394081445335942,0.7224164998522585,0.0033941067049467607,0.12107709347240668,1
1323,0.17693199044569854,-0.06326469,0.0033941067049467607,0.003394081445335942,0.7224164998522585,0.0033941067049467607,0.12107709347240668,1
1324,0.17693199044569854,-0.06326469,0.0033941067049467607,0.003394081445335942,0.7224164998522585,0.0033941067049467607,0.12107709347240668,1
1325,0.17693199044569854,-0.06326469,0.0033941067049467607,0.003394081445335942,0.7224164998522585,0.0033941067049467607,0.12107709347240668,1
1326,0.17693199044569854,-0.06326469,0.0033941067049467607,0.003394081445335942,0.7224164998522585,0.0033941067049467607,0.12107709347240668,1
1327,0.17693199044569854,-0.06326469,0.0033941067049467607,0.003394081445335942,0.7224164998522585,0.0033941067049467607,0.12107709347240668,1
1328,0.17693199044569854,-0.06326469,0.0033941067049467607,0.003394081445335942,0.7224164998522585,0.0033941067049467607,0.12107709347240668,1
1329,0.17693199044569854,-0.06326469,0.0033941067049467607,0.003394081445335942,0.7224164998522585,0.0033941067049467607,0.12107709347240668,1
1330,0.17693199044569854,-0.06326469,0.0033941067049467607,0.003394081445335942,0.7224164998522585,0.0033941067049467607,0.12107709347240668,1
1331,0.17693199044569854,-0.06326469,0.0033941067049467607,0.003394081445335942,0.7224164998522585,0.0033941067049467607,0.12107709347240668,1
1332,0.17693199044569854,-0.06326469,0.0033941067049467607,0.003394081445335942,0.7224164998522585,0.0033941067049467607,0.12107709347240668,1
1333,0.17693199044569854,-0.06326469,0.0033941067049467607,0.003394081445335942,0.7224164998522585,0.0033941067049467607,0.12107709347240668,1
1334,0.17693199044569854,-0.06326469,0.0033941067049467607,0.003394081445335942,0.7224164998522585,0.0033941067049467607,0.12107709347240668,1
1335,0.17693199044569854,-0.06326469,0.0033941067049467607,0.003394081445335942,0.7224164998522585,0.0033941067049467607,0.12107709347240668,1
1336,0.17693199044569854,-0.06326469,0.0033941067049467607,0.003394081445335942,0.7224164998522585,0.0033941067049467607,0.12107709347240668,1
1337,0.17693199044569854,-0.06326469,0.0033941067049467607,0.003394081445335942,0.7224164998522585,0.0033941067049467607,0.12107709347240668,1
1338,0.17693199044569854,-0.06326469,0.0033941067049467607,0.003394081445335942,0.7224164998522585,0.0033941067049467607,0.12107709347240668,1
1339,0.17693199044569854,-0.06326469,0.0033941067049467607,0.003394081445335942,0.7224164998522585,0.0033941067049467607,0.12107709347240668,1
1340,0.17693199044569854,-0.06326469,0.0033941067049467607,0.003394081445335942,0.7224164998522585,0.0033941067049467607,0.12107709347240668,1
1341,0.17693199044569854,-0.06326469,0.0033941067049467607,0.003394081445335942,0.7224164998522585,0.0033941067049467607,0.12107709347240668,1
1342,0.17693199044569854,-0.06326469,0.0033941067049467607,0.003394081445335942,0.7224164998522585,0.0033941067049467607,0.12107709347240668,1
1343,0.17693199044569854,-0.06326469,0.0033941067049467607,0.003394081445335942,0.7224164998522585,0.0033941067049467607,0.12107709347240668,1
1344,0.17693199044569854,-0.06326469,0.0033941067049467607,0.003394081445335942,0.7224164998522585,0.0033941067049467607,0.12107709347240668,1
1345,0.17693199044569854,-0.06326469,0.0033941067049467607,0.003394081445335942,0.7224164998522585,0.0033941067049467607,0.12107709347240668,1
1346,0.17693199044569854,-0.06326469,0.0033941067049467607,0.003394081445335942,0.7224164998522585,0.0033941067049467607,0.12107709347240668,1
1347,0.17693199044569854,-0.06326469,0.0033941067049467607,0.003394081445335942,0.7224164998522585,0.0033941067049467607,0.12107709347240668,1
1348,0.17693199044569854,-0.06326469,0.0033941067049467607,0.003394081445335942,0.7224164998522585,0.0033941067049467607,0.12107709347240668,1
1349,0.17693199044569854,-0.06326469,0.0033941067049467607,0.003394081445335942,0.7224164998522585,0.0033941067049467607,0.12107709347240668,1
1350,0.17693199044569854,-0.06326469,0.0033941067049467607,0.003394081445335942,0.7224164998522585,0.0033941067049467607,0.12107709347240668,1
1351,0.17693199044569854,-0.06326469,0.0033941067049467607,0.003394081445335942,0.7224164998522585,0.0033941067049467607,0.12107709347240668,1
1352,0.17693199044569854,-0.06326469,0.0033941067049467607,0.003394081445335942,0.7224164998522585,0.0033941067049467607,0.12107709347240668,1
1353,0.17693199044569854,-0.06326469,0.0033941067049467607,0.003394081445335942,0.7224164998522585,0.0033941067049467607,0.12107709347240668,1
1354,0.17693199044569854,-0.06326469,0.0033941067049467607,0.003394081445335942,0.7224164998522585,0.0033941067049467607,0.12107709347240668,1
1355,0.17693199044569854,-0.06326469,0.0033941067049467607,0.003394081445335942,0.7224164998522585,0.0033941067049467607,0.12107709347240668,1
1356,0.17693199044569854,-0.06326469,0.0033941067049467607,0.003394081445335942,0.7224164998522585,0.0033941067049467607,0.12107709347240668,1
1357,0.17693199044569854,-0.06326469,0.0033941067049467607,0.003394081445335942,0.7224164998522585,0.0033941067049467607,0.12107709347240668,1
1358,0.17693199044569854,-0.06326469,0.0033941067049467607,0.003394081445335942,0.7224164998522585,0.0033941067049467607,0.12107709347240668,1
1359,0.17693199044569854,-0.06326469,0.0033941067049467607,0.003394081445335942,0.7224164998522585,0.0033941067049467607,0.12107709347240668,1
1360,0.17693199044569854,-0.06326469,0.0033941067049467607,0.003394081445335942,0.7224164998522585,0.0033941067049467607,0.12107709347240668,1
1361,0.17693199044569854,-0.06326469,0.0033941067049467607,0.003394081445335942,0.7224164998522585,0.0033941067049467607,0.12107709347240668,1
1362,0.17693199044569854,-0.06326469,0.0033941067049467607,0.003394081445335942,0.7224164998522585,0.0033941067049467607,0.12107709347240668,1
1363,0.17693199044569854,-0.06326469,0.0033941067049467607,0.003394081445335942,0.7224164998522585,0.0033941067049467607,0.12107709347240668,1
1364,0.17693199044569854,-0.06326469,0.0033941067049467607,0.003394081445335942,0.7224164998522585,0.0033941067049467607,0.12107709347240668,1
1365,0.17693199044569854,-0.06326469,0.0033941067049467607,0.003394081445335942,0.7224164998522585,0.0033941067049467607,0.12107709347240668,1
1366,0.17693199044569854,-0.06326469,0.0033941067049467607,0.003394081445335942,0.7224164998522585,0.0033941067049467607,0.12107709347240668,1
1367,0.17693199044569854,-0.06326469,0.0033941067049467607,0.003394081445335942,0.7224164998522585,0.0033941067049467607,0.12107709347240668,1
1368,0.17693199044569854,-0.06326469,0.0033941067049467607,0.003394081445335942,0.7224164998522585,0.0033941067049467607,0.12107709347240668,1
1369,0.17693199044569854,-0.06326469,0.0033941067049467607,0.003394081445335942,0.7224164998522585,0.0033941067049467607,0.12107709347240668,1
1370,0.17693199044569854,-0.06326469,0.0033941067049467607,0.003394081445335942,0.7224164998522585,0.0033941067049467607,0.12107709347240668,1
1371,0.17693199044569854,-0.06326469,0.0033941067049467607,0.003394081445335942,0.7224164998522585,0.0033941067049467607,0.12107709347240668,1
1372,0.17693199044569854,-0.06326469,0.0033941067049467607,0.003394081445335942,0.7224164998522585,0.0033941067049467607,0.12107709347240668,1
1373,0.17693199044569854,-0.06326469,0.0033941067049467607,0.003394081445335942,0.7224164998522585,0.0033941067049467607,0.12107709347240668,1
1374,0.17693199044569854,-0.06326469,0.0033941067049467607,0.003394081445335942,0.7224164998522585,0.0033941067049467607,0.12107709347240668,1
1375,0.17693199044569854,-0.06326469,0.0033941067049467607,0.003394081445335942,0.7224164998522585,0.0033941067049467607,0.12107709347240668,1
1376,0.17693199044569854,-0.06326469,0.0033941067049467607,0.003394081445335942,0.7224164998522585,0.0033941067049467607,0.12107709347240668,1
1377,0.17693199044569854,-0.06326469,0.0033941067049467607,0.003394081445335942,0.7224164998522585,0.0033941067049467607,0.12107709347240668,1
1378,0.17693199044569854,-0.06326469,0.0033941067049467607,0.003394081445335942,0.7224164998522585,0.0033941067049467607,0.12107709347240668,1
1379,0.17693199044569854,-0.06326469,0.0033941067049467607,0.003394081445335942,0.7224164998522585,0.0033941067049467607,0.12107709347240668,1
1380,0.17693199044569854,-0.06326469,0.0033941067049467607,0.003394081445335942,0.7224164998522585,0.0033941067049467607,0.12107709347240668,1
1381,0.17693199044569854,-0.06326469,0.0033941067049467607,0.003394081445335942,0.7224164998522585,0.0033941067049467607,0.12107709347240668,1
1382,0.17693199044569854,-0.06326469,0.0033941067049467607,0.003394081445335942,0.7224164998522585,0.0033941067049467607,0.12107709347240668,1
1383,0.17693199044569854,-0.06326469,0.0033941067049467607,0.003394081445335942,0.7224164998522585,0.0033941067049467607,0.12107709347240668,1
1384,0.17693199044569854,-0.06326469,0.0033941067049467607,0.003394081445335942,0.7224164998522585,0.0033941067049467607,0.12107709347240668,1
1385,0.17693199044569854,-0.06326469,0.0033941067049467607,0.003394081445335942,0.7224164998522585,0.0033941067049467607,0.12107709347240668,1
1386,0.17693199044569854,-0.06326469,0.0033941067049467607,0.003394081445335942,0.7224164998522585,0.0033941067049467607,0.12107709347240668,1
1387,0.17693199044569854,-0.06326469,0.0033941067049467607,0.003394081445335942,0.7224164998522585,0.0033941067049467607,0.12107709347240668,1
1388,0.17693199044569854,-0.06326469,0.0033941067049467607,0.003394081445335942,0.7224164998522585,0.0033941067049467607,0.12107709347240668,1
1389,0.17693199044569854,-0.06326469,0.0033941067049467607,0.003394081445335942,0.7224164998522585,0.0033941067049467607,0.12107709347240668,1
1390,0.17693199044569854,-0.06326469,0.0033941067049467607,0.003394081445335942,0.7224164998522585,0.0033941067049467607,0.12107709347240668,1
1391,0.17693199044569854,-0.06326469,0.0033941067049467607,0.003394081445335942,0.7224164998522585,0.0033941067049467607,0.12107709347240668,1
1392,0.17693199044569854,-0.06326469,0.0033941067049467607,0.003394081445335942,0.7224164998522585,0.0033941067049467607,0.12107709347240668,1
1393,0.17693199044569854,-0.06326469,0.0033941067049467607,0.003394081445335942,0.7224164998522585,0.0033941067049467607,0.12107709347240668,1
1394,0.17693199044569854,-0.06326469,0.0033941067049467607,0.003394081445335942,0.7224164998522585,0.0033941067049467607,0.12107709347240668,1
1395,0.17693199044569854,-0.06326469,0.0033941067049467607,0.003394081445335942,0.7224164998522585,0.0033941067049467607,0.12107709347240668,1
1396,0.17693199044569854,-0.06326469,0.0033941067049467607,0.003394081445335942,0.7224164998522585,0.0033941067049467607,0.12107709347240668,1
1397,0.17693199044569854,-0.06326469,0.0033941067049467607,0.003394081445335942,0.7224164998522585,0.0033941067049467607,0.12107709347240668,1
1398,0.17693199044569854,-0.06326469,0.0033941067049467607,0.003394081445335942,0.7224164998522585,0.0033941067049467607,0.12107709347240668,1
1399,0.17693199044569854,-0.06326469,0.0033941067049467607,0.003394081445335942,0.7224164998522585,0.0033941067049467607,0.12107709347240668,1
1400,0.17693199044569854,-0.06326469,0.0033941067049467607,0.003394081445335942,0.7224164998522585,0.0033941067049467607,0.12107709347240668,1
1401,0.17693199044569854,-0.06326469,0.0033941067049467607,0.003394081445335942,0.7224164998522585,0.0033941067049467607,0.12107709347240668,1
1402,0.17693199044569854,-0.06326469,0.0033941067049467607,0.003394081445335942,0.7224164998522585,0.0033941067049467607,0.12107709347240668,1
1403,0.17693199044569854,-0.06326469,0.0033941067049467607,0.003394081445335942,0.7224164998522585,0.0033941067049467607,0.12107709347240668,1
1404,0.17693199044569854,-0.06326469,0.0033941067049467607,0.003394081445335942,0.7224164998522585,0.0033941067049467607,0.12107709347240668,1
1405,0.17693199044569854,-0.06326469,0.0033941067049467607,0.003394081445335942,0.7224164998522585,0.0033941067049467607,0.12107709347240668,1
1406,0.17693199044569854,-0.06326469,0.0033941067049467607,0.003394081445335942,0.7224164998522585,0.0033941067049467607,0.12107709347240668,1
1407,0.17693199044569854,-0.06326469,0.0033941067049467607,0.003394081445335942,0.7224164998522585,0.0033941067049467607,0.12107709347240668,1
1408,0.17693199044569854,-0.06326469,0.0033941067049467607,0.003394081445335942,0.7224164998522585,0.0033941067049467607,0.12107709347240668,1
1409,0.17693199044569854,-0.06326469,0.0033941067049467607,0.003394081445335942,0.7224164998522585,0.0033941067049467607,0.12107709347240668,1
1410,0.17693199044569854,-0.06326469,0.0033941067049467607,0.003394081445335942,0.7224164998522585,0.0033941067049467607,0.12107709347240668,1
1411,0.17693199044569854,-0.06326469,0.0033941067049467607,0.003394081445335942,0.7224164998522585,0.0033941067049467607,0.12107709347240668,1
1412,0.17693199044569854,-0.06326469,0.0033941067049467607,0.003394081445335942,0.7224164998522585,0.0033941067049467607,0.12107709347240668,1
1413,0.17693199044569854,-0.06326469,0.0033941067049467607,0.003394081445335942,0.7224164998522585,0.0033941067049467607,0.12107709347240668,1
1414,0.17693199044569854,-0.06326469,0.0033941067049467607,0.003394081445335942,0.7224164998522585,0.0033941067049467607,0.12107709347240668,1
1415,0.17693199044569854,-0.06326469,0.0033941067049467607,0.003394081445335942,0.7224164998522585,0.0033941067049467607,0.12107709347240668,1
1416,0.17693199044569854,-0.06326469,0.0033941067049467607,0.003394081445335942,0.7224164998522585,0.0033941067049467607,0.12107709347240668,1
1417,0.17693199044569854,-0.06326469,0.0033941067049467607,0.003394081445335942,0.7224164998522585,0.0033941067049467607,0.12107709347240668,1
1418,0.17693199044569854,-0.06326469,0.0033941067049467607,0.003394081445335942,0.7224164998522585,0.0033941067049467607,0.12107709347240668,1
1419,0.17693199044569854,-0.06326469,0.0033941067049467607,0.003394081445335942,0.7224164998522585,0.0033941067049467607,0.12107709347240668,1
1420,0.17693199044569854,-0.06326469,0.0033941067049467607,0.003394081445335942,0.7224164998522585,0.0033941067049467607,0.12107709347240668,1
1421,0.17693199044569854,-0.06326469,0.0033941067049467607,0.003394081445335942,0.7224164998522585,0.0033941067049467607,0.12107709347240668,1
1422,0.17693199044569854,-0.06326469,0.0033941067049467607,0.003394081445335942,0.7224164998522585,0.0033941067049467607,0.12107709347240668,1
1423,0.17693199044569854,-0.06326469,0.0033941067049467607,0.003394081445335942,0.7224164998522585,0.0033941067049467607,0.12107709347240668,1
1424,0.17693199044569854,-0.06326469,0.0033941067049467607,0.003394081445335942,0.7224164998522585,0.0033941067049467607,0.12107709347240668,1
1425,0.17693199044569854,-0.06326469,0.0033941067049467607,0.003394081445335942,0.7224164998522585,0.0033941067049467607,0.12107709347240668,1
1426,0.17693199044569854,-0.06326469,0.0033941067049467607,0.003394081445335942,0.7224164998522585,0.0033941067049467607,0.12107709347240668,1
1427,0.17693199044569854,-0.06326469,0.0033941067049467607,0.003394081445335942,0.7224164998522585,0.0033941067049467607,0.12107709347240668,1
1428,0.17693199044569854,-0.06326469,0.0033941067049467607,0.003394081445335942,0.7224164998522585,0.0033941067049467607,0.12107709347240668,1
1429,0.17693199044569854,-0.06326469,0.0033941067049467607,0.003394081445335942,0.7224164998522585,0.0033941067049467607,0.12107709347240668,1
1430,0.17693199044569854,-0.06326469,0.0033941067049467607,0.003394081445335942,0.7224164998522585,0.0033941067049467607,0.12107709347240668,1
1431,0.17693199044569854,-0.06326469,0.0033941067049467607,0.003394081445335942,0.7224164998522585,0.0033941067049467607,0.12107709347240668,1
1432,0.17693199044569854,-0.06326469,0.0033941067049467607,0.003394081445335942,0.7224164998522585,0.0033941067049467607,0.12107709347240668,1
1433,0.17693199044569854,-0.06326469,0.0033941067049467607,0.003394081445335942,0.7224164998522585,0.0033941067049467607,0.12107709347240668,1
1434,0.17693199044569854,-0.06326469,0.0033941067049467607,0.003394081445335942,0.7224164998522585,0.0033941067049467607,0.12107709347240668,1
1435,0.17693199044569854,-0.06326469,0.0033941067049467607,0.003394081445335942,0.7224164998522585,0.0033941067049467607,0.12107709347240668,1
1436,0.17693199044569854,-0.06326469,0.0033941067049467607,0.003394081445335942,0.7224164998522585,0.0033941067049467607,0.12107709347240668,1
1437,0.17693199044569854,-0.06326469,0.0033941067049467607,0.003394081445335942,0.7224164998522585,0.0033941067049467607,0.12107709347240668,1
1438,0.17693199044569854,-0.06326469,0.0033941067049467607,0.003394081445335942,0.7224164998522585,0.0033941067049467607,0.12107709347240668,1
1439,0.17693199044569854,-0.06326469,0.0033941067049467607,0.003394081445335942,0.7224164998522585,0.0033941067049467607,0.12107709347240668,1
1440,0.17693199044569854,-0.06326469,0.0033941067049467607,0.003394081445335942,0.7224164998522585,0.0033941067049467607,0.12107709347240668,1
1441,0.17693199044569854,-0.06326469,0.0033941067049467607,0.003394081445335942,0.7224164998522585,0.0033941067049467607,0.12107709347240668,1
1442,0.17693199044569854,-0.06326469,0.0033941067049467607,0.003394081445335942,0.7224164998522585,0.0033941067049467607,0.12107709347240668,1
1443,0.17693199044569854,-0.06326469,0.0033941067049467607,0.003394081445335942,0.7224164998522585,0.0033941067049467607,0.12107709347240668,1
1444,0.17693199044569854,-0.06326469,0.0033941067049467607,0.003394081445335942,0.7224164998522585,0.0033941067049467607,0.12107709347240668,1
1445,0.17693199044569854,-0.06326469,0.0033941067049467607,0.003394081445335942,0.7224164998522585,0.0033941067049467607,0.12107709347240668,1
1446,0.17693199044569854,-0.06326469,0.0033941067049467607,0.003394081445335942,0.7224164998522585,0.0033941067049467607,0.12107709347240668,1
1447,0.17693199044569854,-0.06326469,0.0033941067049467607,0.003394081445335942,0.7224164998522585,0.0033941067049467607,0.12107709347240668,1
1448,0.17693199044569854,-0.06326469,0.0033941067049467607,0.003394081445335942,0.7224164998522585,0.0033941067049467607,0.12107709347240668,1
1449,0.17693199044569854,-0.06326469,0.0033941067049467607,0.003394081445335942,0.7224164998522585,0.0033941067049467607,0.12107709347240668,1
1450,0.17693199044569854,-0.06326469,0.0033941067049467607,0.003394081445335942,0.7224164998522585,0.0033941067049467607,0.12107709347240668,1
1451,0.17693199044569854,-0.06326469,0.0033941067049467607,0.003394081445335942,0.7224164998522585,0.0033941067049467607,0.12107709347240668,1
1452,0.17693199044569854,-0.06326469,0.0033941067049467607,0.003394081445335942,0.7224164998522585,0.0033941067049467607,0.12107709347240668,1
1453,0.17693199044569854,-0.06326469,0.0033941067049467607,0.003394081445335942,0.7224164998522585,0.0033941067049467607,0.12107709347240668,1
1454,0.17693199044569854,-0.06326469,0.0033941067049467607,0.003394081445335942,0.7224164998522585,0.0033941067049467607,0.12107709347240668,1
1455,0.17693199044569854,-0.06326469,0.0033941067049467607,0.003394081445335942,0.7224164998522585,0.0033941067049467607,0.12107709347240668,1
1456,0.17693199044569854,-0.06326469,0.0033941067049467607,0.003394081445335942,0.7224164998522585,0.0033941067049467607,0.12107709347240668,1
1457,0.17693199044569854,-0.06326469,0.0033941067049467607,0.003394081445335942,0.7224164998522585,0.0033941067049467607,0.12107709347240668,1
1458,0.17693199044569854,-0.06326469,0.0033941067049467607,0.003394081445335942,0.7224164998522585,0.0033941067049467607,0.12107709347240668,1
1459,0.17693199044569854,-0.06326469,0.0033941067049467607,0.003394081445335942,0.7224164998522585,0.0033941067049467607,0.12107709347240668,1
1460,0.17693199044569854,-0.06326469,0.0033941067049467607,0.003394081445335942,0.7224164998522585,0.0033941067049467607,0.12107709347240668,1
1461,0.17693199044569854,-0.06326469,0.0033941067049467607,0.003394081445335942,0.7224164998522585,0.0033941067049467607,0.12107709347240668,1
1462,0.17693199044569854,-0.06326469,0.0033941067049467607,0.003394081445335942,0.7224164998522585,0.0033941067049467607,0.12107709347240668,1
1463,0.17693199044569854,-0.06326469,0.0033941067049467607,0.003394081445335942,0.7224164998522585,0.0033941067049467607,0.12107709347240668,1
1464,0.17693199044569854,-0.06326469,0.0033941067049467607,0.003394081445335942,0.7224164998522585,0.0033941067049467607,0.12107709347240668,1
1465,0.17693199044569854,-0.06326469,0.0033941067049467607,0.003394081445335942,0.7224164998522585,0.0033941067049467607,0.12107709347240668,1
1466,0.17693199044569854,-0.06326469,0.0033941067049467607,0.003394081445335942,0.7224164998522585,0.0033941067049467607,0.12107709347240668,1
1467,0.17693199044569854,-0.06326469,0.0033941067049467607,0.003394081445335942,0.7224164998522585,0.0033941067049467607,0.12107709347240668,1
1468,0.17693199044569854,-0.06326469,0.0033941067049467607,0.003394081445335942,0.7224164998522585,0.0033941067049467607,0.12107709347240668,1
1469,0.17693199044569854,-0.06326469,0.0033941067049467607,0.003394081445335942,0.7224164998522585,0.0033941067049467607,0.12107709347240668,1
1470,0.17693199044569854,-0.06326469,0.0033941067049467607,0.003394081445335942,0.7224164998522585,0.0033941067049467607,0.12107709347240668,1
1471,0.17693199044569854,-0.06326469,0.0033941067049467607,0.003394081445335942,0.7224164998522585,0.0033941067049467607,0.12107709347240668,1
1472,0.17693199044569854,-0.06326469,0.0033941067049467607,0.003394081445335942,0.7224164998522585,0.0033941067049467607,0.12107709347240668,1
1473,0.17693199044569854,-0.06326469,0.0033941067049467607,0.003394081445335942,0.7224164998522585,0.0033941067049467607,0.12107709347240668,1
1474,0.17693199044569854,-0.06326469,0.0033941067049467607,0.003394081445335942,0.7224164998522585,0.0033941067049467607,0.12107709347240668,1
1475,0.17693199044569854,-0.06326469,0.0033941067049467607,0.003394081445335942,0.7224164998522585,0.0033941067049467607,0.12107709347240668,1
1476,0.17693199044569854,-0.06326469,0.0033941067049467607,0.003394081445335942,0.7224164998522585,0.0033941067049467607,0.12107709347240668,1
1477,0.17693199044569854,-0.06326469,0.0033941067049467607,0.003394081445335942,0.7224164998522585,0.0033941067049467607,0.12107709347240668,1
1478,0.17693199044569854,-0.06326469,0.0033941067049467607,0.003394081445335942,0.7224164998522585,0.0033941067049467607,0.12107709347240668,1
1479,0.17693199044569854,-0.06326469,0.0033941067049467607,0.003394081445335942,0.7224164998522585,0.0033941067049467607,0.12107709347240668,1
1480,0.17693199044569854,-0.06326469,0.0033941067049467607,0.003394081445335942,0.7224164998522585,0.0033941067049467607,0.12107709347240668,1
1481,0.17693199044569854,-0.06326469,0.0033941067049467607,0.003394081445335942,0.7224164998522585,0.0033941067049467607,0.12107709347240668,1
1482,0.17693199044569854,-0.06326469,0.0033941067049467607,0.003394081445335942,0.7224164998522585,0.0033941067049467607,0.12107709347240668,1
1483,0.17693199044569854,-0.06326469,0.0033941067049467607,0.003394081445335942,0.7224164998522585,0.0033941067049467607,0.12107709347240668,1
1484,0.17693199044569854,-0.06326469,0.0033941067049467607,0.003394081445335942,0.7224164998522585,0.0033941067049467607,0.12107709347240668,1
1485,0.17693199044569854,-0.06326469,0.0033941067049467607,0.003394081445335942,0.7224164998522585,0.0033941067049467607,0.12107709347240668,1
1486,0.17693199044569854,-0.06326469,0.0033941067049467607,0.003394081445335942,0.7224164998522585,0.0033941067049467607,0.12107709347240668,1
1487,0.17693199044569854,-0.06326469,0.0033941067049467607,0.003394081445335942,0.7224164998522585,0.0033941067049467607,0.12107709347240668,1
1488,0.17693199044569854,-0.06326469,0.0033941067049467607,0.003394081445335942,0.7224164998522585,0.0033941067049467607,0.12107709347240668,1
1489,0.17693199044569854,-0.06326469,0.0033941067049467607,0.003394081445335942,0.7224164998522585,0.0033941067049467607,0.12107709347240668,1
1490,0.17693199044569854,-0.06326469,0.0033941067049467607,0.003394081445335942,0.7224164998522585,0.0033941067049467607,0.12107709347240668,1
1491,0.17693199044569854,-0.06326469,0.0033941067049467607,0.003394081445335942,0.7224164998522585,0.0033941067049467607,0.12107709347240668,1
1492,0.17693199044569854,-0.06326469,0.0033941067049467607,0.003394081445335942,0.7224164998522585,0.0033941067049467607,0.12107709347240668,1
1493,0.17693199044569854,-0.06326469,0.0033941067049467607,0.003394081445335942,0.7224164998522585,0.0033941067049467607,0.12107709347240668,1
1494,0.17693199044569854,-0.06326469,0.0033941067049467607,0.003394081445335942,0.7224164998522585,0.0033941067049467607,0.12107709347240668,1
1495,0.17693199044569854,-0.06326469,0.0033941067049467607,0.003394081445335942,0.7224164998522585,0.0033941067049467607,0.12107709347240668,1
1496,0.17693199044569854,-0.06326469,0.0033941067049467607,0.003394081445335942,0.7224164998522585,0.0033941067049467607,0.12107709347240668,1
1497,0.17693199044569854,-0.06326469,0.0033941067049467607,0.003394081445335942,0.7224164998522585,0.0033941067049467607,0.12107709347240668,1
1498,0.17693199044569854,-0.06326469,0.0033941067049467607,0.003394081445335942,0.7224164998522585,0.0033941067049467607,0.12107709347240668,1
1499,0.17693199044569854,-0.06326469,0.0033941067049467607,0.003394081445335942,0.7224164998522585,0.0033941067049467607,0.12107709347240668,1
1500,0.17693199044569854,-0.06326469,0.0033941067049467607,0.003394081445335942,0.7224164998522585,0.0033941067049467607,0.12107709347240668,1
1501,0.17693199044569854,-0.06326469,0.0033941067049467607,0.003394081445335942,0.7224164998522585,0.0033941067049467607,0.12107709347240668,1
1502,0.17693199044569854,-0.06326469,0.0033941067049467607,0.003394081445335942,0.7224164998522585,0.0033941067049467607,0.12107709347240668,1
1503,0.17693199044569854,-0.06326469,0.0033941067049467607,0.003394081445335942,0.7224164998522585,0.0033941067049467607,0.12107709347240668,1
1504,0.17693199044569854,-0.06326469,0.0033941067049467607,0.003394081445335942,0.7224164998522585,0.0033941067049467607,0.12107709347240668,1
1505,0.17693199044569854,-0.06326469,0.0033941067049467607,0.003394081445335942,0.7224164998522585,0.0033941067049467607,0.12107709347240668,1
1506,0.17693199044569854,-0.06326469,0.0033941067049467607,0.003394081445335942,0.7224164998522585,0.0033941067049467607,0.12107709347240668,1
1507,0.17693199044569854,-0.06326469,0.0033941067049467607,0.003394081445335942,0.7224164998522585,0.0033941067049467607,0.12107709347240668,1
1508,0.17693199044569854,-0.06326469,0.0033941067049467607,0.003394081445335942,0.7224164998522585,0.0033941067049467607,0.12107709347240668,1
1509,0.17693199044569854,-0.06326469,0.0033941067049467607,0.003394081445335942,0.7224164998522585,0.0033941067049467607,0.12107709347240668,1
1510,0.17693199044569854,-0.06326469,0.0033941067049467607,0.003394081445335942,0.7224164998522585,0.0033941067049467607,0.12107709347240668,1
1511,0.17693199044569854,-0.06326469,0.0033941067049467607,0.003394081445335942,0.7224164998522585,0.0033941067049467607,0.12107709347240668,1
1512,0.17693199044569854,-0.06326469,0.0033941067049467607,0.003394081445335942,0.7224164998522585,0.0033941067049467607,0.12107709347240668,1
1513,0.17693199044569854,-0.06326469,0.0033941067049467607,0.003394081445335942,0.7224164998522585,0.0033941067049467607,0.12107709347240668,1
1514,0.17693199044569854,-0.06326469,0.0033941067049467607,0.003394081445335942,0.7224164998522585,0.0033941067049467607,0.12107709347240668,1
1515,0.17693199044569854,-0.06326469,0.0033941067049467607,0.003394081445335942,0.7224164998522585,0.0033941067049467607,0.12107709347240668,1
1516,0.17693199044569854,-0.06326469,0.0033941067049467607,0.003394081445335942,0.7224164998522585,0.0033941067049467607,0.12107709347240668,1
1517,0.17693199044569854,-0.06326469,0.0033941067049467607,0.003394081445335942,0.7224164998522585,0.0033941067049467607,0.12107709347240668,1
1518,0.17693199044569854,-0.06326469,0.0033941067049467607,0.003394081445335942,0.7224164998522585,0.0033941067049467607,0.12107709347240668,1
1519,0.17693199044569854,-0.06326469,0.0033941067049467607,0.003394081445335942,0.7224164998522585,0.0033941067049467607,0.12107709347240668,1
1520,0.17693199044569854,-0.06326469,0.0033941067049467607,0.003394081445335942,0.7224164998522585,0.0033941067049467607,0.12107709347240668,1
1521,0.17693199044569854,-0.06326469,0.0033941067049467607,0.003394081445335942,0.7224164998522585,0.0033941067049467607,0.12107709347240668,1
1522,0.17693199044569854,-0.06326469,0.0033941067049467607,0.003394081445335942,0.7224164998522585,0.0033941067049467607,0.12107709347240668,1
1523,0.17693199044569854,-0.06326469,0.0033941067049467607,0.003394081445335942,0.7224164998522585,0.0033941067049467607,0.12107709347240668,1
1524,0.17693199044569854,-0.06326469,0.0033941067049467607,0.003394081445335942,0.7224164998522585,0.0033941067049467607,0.12107709347240668,1
1525,0.17693199044569854,-0.06326469,0.0033941067049467607,0.003394081445335942,0.7224164998522585,0.0033941067049467607,0.12107709347240668,1
1526,0.17693199044569854,-0.06326469,0.0033941067049467607,0.003394081445335942,0.7224164998522585,0.0033941067049467607,0.12107709347240668,1
1527,0.17693199044569854,-0.06326469,0.0033941067049467607,0.003394081445335942,0.7224164998522585,0.0033941067049467607,0.12107709347240668,1
1528,0.17693199044569854,-0.06326469,0.0033941067049467607,0.003394081445335942,0.7224164998522585,0.0033941067049467607,0.12107709347240668,1
1529,0.17693199044569854,-0.06326469,0.0033941067049467607,0.003394081445335942,0.7224164998522585,0.0033941067049467607,0.12107709347240668,1
1530,0.17693199044569854,-0.06326469,0.0033941067049467607,0.003394081445335942,0.7224164998522585,0.0033941067049467607,0.12107709347240668,1
1531,0.17693199044569854,-0.06326469,0.0033941067049467607,0.003394081445335942,0.7224164998522585,0.0033941067049467607,0.12107709347240668,1
1532,0.17693199044569854,-0.06326469,0.0033941067049467607,0.003394081445335942,0.7224164998522585,0.0033941067049467607,0.12107709347240668,1
1533,0.17693199044569854,-0.06326469,0.0033941067049467607,0.003394081445335942,0.7224164998522585,0.0033941067049467607,0.12107709347240668,1
1534,0.17693199044569854,-0.06326469,0.0033941067049467607,0.003394081445335942,0.7224164998522585,0.0033941067049467607,0.12107709347240668,1
1535,0.17693199044569854,-0.06326469,0.0033941067049467607,0.003394081445335942,0.7224164998522585,0.0033941067049467607,0.12107709347240668,1
1536,0.17693199044569854,-0.06326469,0.0033941067049467607,0.003394081445335942,0.7224164998522585,0.0033941067049467607,0.12107709347240668,1
1537,0.17693199044569854,-0.06326469,0.0033941067049467607,0.003394081445335942,0.7224164998522585,0.0033941067049467607,0.12107709347240668,1
1538,0.17693199044569854,-0.06326469,0.0033941067049467607,0.003394081445335942,0.7224164998522585,0.0033941067049467607,0.12107709347240668,1
1539,0.17693199044569854,-0.06326469,0.0033941067049467607,0.003394081445335942,0.7224164998522585,0.0033941067049467607,0.12107709347240668,1
1540,0.17693199044569854,-0.06326469,0.0033941067049467607,0.003394081445335942,0.7224164998522585,0.0033941067049467607,0.12107709347240668,1
1541,0.17693199044569854,-0.06326469,0.0033941067049467607,0.003394081445335942,0.7224164998522585,0.0033941067049467607,0.12107709347240668,1
1542,0.17693199044569854,-0.06326469,0.0033941067049467607,0.003394081445335942,0.7224164998522585,0.0033941067049467607,0.12107709347240668,1
1543,0.17693199044569854,-0.06326469,0.0033941067049467607,0.003394081445335942,0.7224164998522585,0.0033941067049467607,0.12107709347240668,1
1544,0.17693199044569854,-0.06326469,0.0033941067049467607,0.003394081445335942,0.7224164998522585,0.0033941067049467607,0.12107709347240668,1
1545,0.17693199044569854,-0.06326469,0.0033941067049467607,0.003394081445335942,0.7224164998522585,0.0033941067049467607,0.12107709347240668,1
1546,0.17693199044569854,-0.06326469,0.0033941067049467607,0.003394081445335942,0.7224164998522585,0.0033941067049467607,0.12107709347240668,1
1547,0.17693199044569854,-0.06326469,0.0033941067049467607,0.003394081445335942,0.7224164998522585,0.0033941067049467607,0.12107709347240668,1
1548,0.17693199044569854,-0.06326469,0.0033941067049467607,0.003394081445335942,0.7224164998522585,0.0033941067049467607,0.12107709347240668,1
1549,0.17693199044569854,-0.06326469,0.0033941067049467607,0.003394081445335942,0.7224164998522585,0.0033941067049467607,0.12107709347240668,1
1550,0.17693199044569854,-0.06326469,0.0033941067049467607,0.003394081445335942,0.7224164998522585,0.0033941067049467607,0.12107709347240668,1
1551,0.17693199044569854,-0.06326469,0.0033941067049467607,0.003394081445335942,0.7224164998522585,0.0033941067049467607,0.12107709347240668,1
1552,0.17693199044569854,-0.06326469,0.0033941067049467607,0.003394081445335942,0.7224164998522585,0.0033941067049467607,0.12107709347240668,1
1553,0.17693199044569854,-0.06326469,0.0033941067049467607,0.003394081445335942,0.7224164998522585,0.0033941067049467607,0.12107709347240668,1
1554,0.17693199044569854,-0.06326469,0.0033941067049467607,0.003394081445335942,0.7224164998522585,0.0033941067049467607,0.12107709347240668,1
1555,0.17693199044569854,-0.06326469,0.0033941067049467607,0.003394081445335942,0.7224164998522585,0.0033941067049467607,0.12107709347240668,1
1556,0.17693199044569854,-0.06326469,0.0033941067049467607,0.003394081445335942,0.7224164998522585,0.0033941067049467607,0.12107709347240668,1
1557,0.17693199044569854,-0.06326469,0.0033941067049467607,0.003394081445335942,0.7224164998522585,0.0033941067049467607,0.12107709347240668,1
1558,0.17693199044569854,-0.06326469,0.0033941067049467607,0.003394081445335942,0.7224164998522585,0.0033941067049467607,0.12107709347240668,1
1559,0.17693199044569854,-0.06326469,0.0033941067049467607,0.003394081445335942,0.7224164998522585,0.0033941067049467607,0.12107709347240668,1
1560,0.17693199044569854,-0.06326469,0.0033941067049467607,0.003394081445335942,0.7224164998522585,0.0033941067049467607,0.12107709347240668,1
1561,0.17693199044569854,-0.06326469,0.0033941067049467607,0.003394081445335942,0.7224164998522585,0.0033941067049467607,0.12107709347240668,1
1562,0.17693199044569854,-0.06326469,0.0033941067049467607,0.003394081445335942,0.7224164998522585,0.0033941067049467607,0.12107709347240668,1
1563,0.17693199044569854,-0.06326469,0.0033941067049467607,0.003394081445335942,0.7224164998522585,0.0033941067049467607,0.12107709347240668,1
1564,0.17693199044569854,-0.06326469,0.0033941067049467607,0.003394081445335942,0.7224164998522585,0.0033941067049467607,0.12107709347240668,1
1565,0.17693199044569854,-0.06326469,0.0033941067049467607,0.003394081445335942,0.7224164998522585,0.0033941067049467607,0.12107709347240668,1
1566,0.17693199044569854,-0.06326469,0.0033941067049467607,0.003394081445335942,0.7224164998522585,0.0033941067049467607,0.12107709347240668,1
1567,0.17693199044569854,-0.06326469,0.0033941067049467607,0.003394081445335942,0.7224164998522585,0.0033941067049467607,0.12107709347240668,1
1568,0.17693199044569854,-0.06326469,0.0033941067049467607,0.003394081445335942,0.7224164998522585,0.0033941067049467607,0.12107709347240668,1
1569,0.17693199044569854,-0.06326469,0.0033941067049467607,0.003394081445335942,0.7224164998522585,0.0033941067049467607,0.12107709347240668,1
1570,0.17693199044569854,-0.06326469,0.0033941067049467607,0.003394081445335942,0.7224164998522585,0.0033941067049467607,0.12107709347240668,1
1571,0.17693199044569854,-0.06326469,0.0033941067049467607,0.003394081445335942,0.7224164998522585,0.0033941067049467607,0.12107709347240668,1
1572,0.17693199044569854,-0.06326469,0.0033941067049467607,0.003394081445335942,0.7224164998522585,0.0033941067049467607,0.12107709347240668,1
1573,0.17693199044569854,-0.06326469,0.0033941067049467607,0.003394081445335942,0.7224164998522585,0.0033941067049467607,0.12107709347240668,1
1574,0.17693199044569854,-0.06326469,0.0033941067049467607,0.003394081445335942,0.7224164998522585,0.0033941067049467607,0.12107709347240668,1
1575,0.17693199044569854,-0.06326469,0.0033941067049467607,0.003394081445335942,0.7224164998522585,0.0033941067049467607,0.12107709347240668,1
1576,0.17693199044569854,-0.06326469,0.0033941067049467607,0.003394081445335942,0.7224164998522585,0.0033941067049467607,0.12107709347240668,1
1577,0.17693199044569854,-0.06326469,0.0033941067049467607,0.003394081445335942,0.7224164998522585,0.0033941067049467607,0.12107709347240668,1
1578,0.17693199044569854,-0.06326469,0.0033941067049467607,0.003394081445335942,0.7224164998522585,0.0033941067049467607,0.12107709347240668,1
1579,0.17693199044569854,-0.06326469,0.0033941067049467607,0.003394081445335942,0.7224164998522585,0.0033941067049467607,0.12107709347240668,1
1580,0.17693199044569854,-0.06326469,0.0033941067049467607,0.003394081445335942,0.7224164998522585,0.0033941067049467607,0.12107709347240668,1
1581,0.17693199044569854,-0.06326469,0.0033941067049467607,0.003394081445335942,0.7224164998522585,0.0033941067049467607,0.12107709347240668,1
1582,0.17693199044569854,-0.06326469,0.0033941067049467607,0.003394081445335942,0.7224164998522585,0.0033941067049467607,0.12107709347240668,1
1583,0.17693199044569854,-0.06326469,0.0033941067049467607,0.003394081445335942,0.7224164998522585,0.0033941067049467607,0.12107709347240668,1
1584,0.17693199044569854,-0.06326469,0.0033941067049467607,0.003394081445335942,0.7224164998522585,0.0033941067049467607,0.12107709347240668,1
1585,0.17693199044569854,-0.06326469,0.0033941067049467607,0.003394081445335942,0.7224164998522585,0.0033941067049467607,0.12107709347240668,1
1586,0.17693199044569854,-0.06326469,0.0033941067049467607,0.003394081445335942,0.7224164998522585,0.0033941067049467607,0.12107709347240668,1
1587,0.17693199044569854,-0.06326469,0.0033941067049467607,0.003394081445335942,0.7224164998522585,0.0033941067049467607,0.12107709347240668,1
1588,0.17693199044569854,-0.06326469,0.0033941067049467607,0.003394081445335942,0.7224164998522585,0.0033941067049467607,0.12107709347240668,1
1589,0.17693199044569854,-0.06326469,0.0033941067049467607,0.003394081445335942,0.7224164998522585,0.0033941067049467607,0.12107709347240668,1
1590,0.17693199044569854,-0.06326469,0.0033941067049467607,0.003394081445335942,0.7224164998522585,0.0033941067049467607,0.12107709347240668,1
1591,0.17693199044569854,-0.06326469,0.0033941067049467607,0.003394081445335942,0.7224164998522585,0.0033941067049467607,0.12107709347240668,1
1592,0.17693199044569854,-0.06326469,0.0033941067049467607,0.003394081445335942,0.7224164998522585,0.0033941067049467607,0.12107709347240668,1
1593,0.17693199044569854,-0.06326469,0.0033941067049467607,0.003394081445335942,0.7224164998522585,0.0033941067049467607,0.12107709347240668,1
1594,0.17693199044569854,-0.06326469,0.0033941067049467607,0.003394081445335942,0.7224164998522585,0.0033941067049467607,0.12107709347240668,1
1595,0.17693199044569854,-0.06326469,0.0033941067049467607,0.003394081445335942,0.7224164998522585,0.0033941067049467607,0.12107709347240668,1
1596,0.17693199044569854,-0.06326469,0.0033941067049467607,0.003394081445335942,0.7224164998522585,0.0033941067049467607,0.12107709347240668,1
1597,0.17693199044569854,-0.06326469,0.0033941067049467607,0.003394081445335942,0.7224164998522585,0.0033941067049467607,0.12107709347240668,1
1598,0.17693199044569854,-0.06326469,0.0033941067049467607,0.003394081445335942,0.7224164998522585,0.0033941067049467607,0.12107709347240668,1
1599,0.17693199044569854,-0.06326469,0.0033941067049467607,0.003394081445335942,0.7224164998522585,0.0033941067049467607,0.12107709347240668,1
1600,0.17693199044569854,-0.06326469,0.0033941067049467607,0.003394081445335942,0.7224164998522585,0.0033941067049467607,0.12107709347240668,1
1601,0.17693199044569854,-0.06326469,0.0033941067049467607,0.003394081445335942,0.7224164998522585,0.0033941067049467607,0.12107709347240668,1
1602,0.17693199044569854,-0.06326469,0.0033941067049467607,0.003394081445335942,0.7224164998522585,0.0033941067049467607,0.12107709347240668,1
1603,0.17693199044569854,-0.06326469,0.0033941067049467607,0.003394081445335942,0.7224164998522585,0.0033941067049467607,0.12107709347240668,1
1604,0.17693199044569854,-0.06326469,0.0033941067049467607,0.003394081445335942,0.7224164998522585,0.0033941067049467607,0.12107709347240668,1
1605,0.17693199044569854,-0.06326469,0.0033941067049467607,0.003394081445335942,0.7224164998522585,0.0033941067049467607,0.12107709347240668,1
1606,0.17693199044569854,-0.06326469,0.0033941067049467607,0.003394081445335942,0.7224164998522585,0.0033941067049467607,0.12107709347240668,1
1607,0.17693199044569854,-0.06326469,0.0033941067049467607,0.003394081445335942,0.7224164998522585,0.0033941067049467607,0.12107709347240668,1
1608,0.17693199044569854,-0.06326469,0.0033941067049467607,0.003394081445335942,0.7224164998522585,0.0033941067049467607,0.12107709347240668,1
1609,0.17693199044569854,-0.06326469,0.0033941067049467607,0.003394081445335942,0.7224164998522585,0.0033941067049467607,0.12107709347240668,1
1610,0.17693199044569854,-0.06326469,0.0033941067049467607,0.003394081445335942,0.7224164998522585,0.0033941067049467607,0.12107709347240668,1
1611,0.17693199044569854,-0.06326469,0.0033941067049467607,0.003394081445335942,0.7224164998522585,0.0033941067049467607,0.12107709347240668,1
1612,0.17693199044569854,-0.06326469,0.0033941067049467607,0.003394081445335942,0.7224164998522585,0.0033941067049467607,0.12107709347240668,1
1613,0.17693199044569854,-0.06326469,0.0033941067049467607,0.003394081445335942,0.7224164998522585,0.0033941067049467607,0.12107709347240668,1
1614,0.17693199044569854,-0.06326469,0.0033941067049467607,0.003394081445335942,0.7224164998522585,0.0033941067049467607,0.12107709347240668,1
1615,0.17693199044569854,-0.06326469,0.0033941067049467607,0.003394081445335942,0.7224164998522585,0.0033941067049467607,0.12107709347240668,1
1616,0.17693199044569854,-0.06326469,0.0033941067049467607,0.003394081445335942,0.7224164998522585,0.0033941067049467607,0.12107709347240668,1
1617,0.17693199044569854,-0.06326469,0.0033941067049467607,0.003394081445335942,0.7224164998522585,0.0033941067049467607,0.12107709347240668,1
1618,0.17693199044569854,-0.06326469,0.0033941067049467607,0.003394081445335942,0.7224164998522585,0.0033941067049467607,0.12107709347240668,1
1619,0.17693199044569854,-0.06326469,0.0033941067049467607,0.003394081445335942,0.7224164998522585,0.0033941067049467607,0.12107709347240668,1
1620,0.17693199044569854,-0.06326469,0.0033941067049467607,0.003394081445335942,0.7224164998522585,0.0033941067049467607,0.12107709347240668,1
1621,0.17693199044569854,-0.06326469,0.0033941067049467607,0.003394081445335942,0.7224164998522585,0.0033941067049467607,0.12107709347240668,1
1622,0.17693199044569854,-0.06326469,0.0033941067049467607,0.003394081445335942,0.7224164998522585,0.0033941067049467607,0.12107709347240668,1
1623,0.17693199044569854,-0.06326469,0.0033941067049467607,0.003394081445335942,0.7224164998522585,0.0033941067049467607,0.12107709347240668,1
1624,0.17693199044569854,-0.06326469,0.0033941067049467607,0.003394081445335942,0.7224164998522585,0.0033941067049467607,0.12107709347240668,1
1625,0.17693199044569854,-0.06326469,0.0033941067049467607,0.003394081445335942,0.7224164998522585,0.0033941067049467607,0.12107709347240668,1
1626,0.17693199044569854,-0.06326469,0.0033941067049467607,0.003394081445335942,0.7224164998522585,0.0033941067049467607,0.12107709347240668,1
1627,0.17693199044569854,-0.06326469,0.0033941067049467607,0.003394081445335942,0.7224164998522585,0.0033941067049467607,0.12107709347240668,1
1628,0.17693199044569854,-0.06326469,0.0033941067049467607,0.003394081445335942,0.7224164998522585,0.0033941067049467607,0.12107709347240668,1
1629,0.17693199044569854,-0.06326469,0.0033941067049467607,0.003394081445335942,0.7224164998522585,0.0033941067049467607,0.12107709347240668,1
1630,0.17693199044569854,-0.06326469,0.0033941067049467607,0.003394081445335942,0.7224164998522585,0.0033941067049467607,0.12107709347240668,1
1631,0.17693199044569854,-0.06326469,0.0033941067049467607,0.003394081445335942,0.7224164998522585,0.0033941067049467607,0.12107709347240668,1
1632,0.17693199044569854,-0.06326469,0.0033941067049467607,0.003394081445335942,0.7224164998522585,0.0033941067049467607,0.12107709347240668,1
1633,0.17693199044569854,-0.06326469,0.0033941067049467607,0.003394081445335942,0.7224164998522585,0.0033941067049467607,0.12107709347240668,1
1634,0.17693199044569854,-0.06326469,0.0033941067049467607,0.003394081445335942,0.7224164998522585,0.0033941067049467607,0.12107709347240668,1
1635,0.17693199044569854,-0.06326469,0.0033941067049467607,0.003394081445335942,0.7224164998522585,0.0033941067049467607,0.12107709347240668,1
1636,0.17693199044569854,-0.06326469,0.0033941067049467607,0.003394081445335942,0.7224164998522585,0.0033941067049467607,0.12107709347240668,1
1637,0.17693199044569854,-0.06326469,0.0033941067049467607,0.003394081445335942,0.7224164998522585,0.0033941067049467607,0.12107709347240668,1
1638,0.17693199044569854,-0.06326469,0.0033941067049467607,0.003394081445335942,0.7224164998522585,0.0033941067049467607,0.12107709347240668,1
1639,0.17693199044569854,-0.06326469,0.0033941067049467607,0.003394081445335942,0.7224164998522585,0.0033941067049467607,0.12107709347240668,1
1640,0.17693199044569854,-0.06326469,0.0033941067049467607,0.003394081445335942,0.7224164998522585,0.0033941067049467607,0.12107709347240668,1
1641,0.17693199044569854,-0.06326469,0.0033941067049467607,0.003394081445335942,0.7224164998522585,0.0033941067049467607,0.12107709347240668,1
1642,0.17693199044569854,-0.06326469,0.0033941067049467607,0.003394081445335942,0.7224164998522585,0.0033941067049467607,0.12107709347240668,1
1643,0.17693199044569854,-0.06326469,0.0033941067049467607,0.003394081445335942,0.7224164998522585,0.0033941067049467607,0.12107709347240668,1
1644,0.17693199044569854,-0.06326469,0.0033941067049467607,0.003394081445335942,0.7224164998522585,0.0033941067049467607,0.12107709347240668,1
1645,0.17693199044569854,-0.06326469,0.0033941067049467607,0.003394081445335942,0.7224164998522585,0.0033941067049467607,0.12107709347240668,1
1646,0.17693199044569854,-0.06326469,0.0033941067049467607,0.003394081445335942,0.7224164998522585,0.0033941067049467607,0.12107709347240668,1
1647,0.17693199044569854,-0.06326469,0.0033941067049467607,0.003394081445335942,0.7224164998522585,0.0033941067049467607,0.12107709347240668,1
1648,0.17693199044569854,-0.06326469,0.0033941067049467607,0.003394081445335942,0.7224164998522585,0.0033941067049467607,0.12107709347240668,1
1649,0.17693199044569854,-0.06326469,0.0033941067049467607,0.003394081445335942,0.7224164998522585,0.0033941067049467607,0.12107709347240668,1
1650,0.17693199044569854,-0.06326469,0.0033941067049467607,0.003394081445335942,0.7224164998522585,0.0033941067049467607,0.12107709347240668,1
1651,0.17693199044569854,-0.06326469,0.0033941067049467607,0.003394081445335942,0.7224164998522585,0.0033941067049467607,0.12107709347240668,1
1652,0.17693199044569854,-0.06326469,0.0033941067049467607,0.003394081445335942,0.7224164998522585,0.0033941067049467607,0.12107709347240668,1
1653,0.17693199044569854,-0.06326469,0.0033941067049467607,0.003394081445335942,0.7224164998522585,0.0033941067049467607,0.12107709347240668,1
1654,0.17693199044569854,-0.06326469,0.0033941067049467607,0.003394081445335942,0.7224164998522585,0.0033941067049467607,0.12107709347240668,1
1655,0.17693199044569854,-0.06326469,0.0033941067049467607,0.003394081445335942,0.7224164998522585,0.0033941067049467607,0.12107709347240668,1
1656,0.17693199044569854,-0.06326469,0.0033941067049467607,0.003394081445335942,0.7224164998522585,0.0033941067049467607,0.12107709347240668,1
1657,0.17693199044569854,-0.06326469,0.0033941067049467607,0.003394081445335942,0.7224164998522585,0.0033941067049467607,0.12107709347240668,1
1658,0.17693199044569854,-0.06326469,0.0033941067049467607,0.003394081445335942,0.7224164998522585,0.0033941067049467607,0.12107709347240668,1
1659,0.17693199044569854,-0.06326469,0.0033941067049467607,0.003394081445335942,0.7224164998522585,0.0033941067049467607,0.12107709347240668,1
1660,0.17693199044569854,-0.06326469,0.0033941067049467607,0.003394081445335942,0.7224164998522585,0.0033941067049467607,0.12107709347240668,1
1661,0.17693199044569854,-0.06326469,0.0033941067049467607,0.003394081445335942,0.7224164998522585,0.0033941067049467607,0.12107709347240668,1
1662,0.17693199044569854,-0.06326469,0.0033941067049467607,0.003394081445335942,0.7224164998522585,0.0033941067049467607,0.12107709347240668,1
1663,0.17693199044569854,-0.06326469,0.0033941067049467607,0.003394081445335942,0.7224164998522585,0.0033941067049467607,0.12107709347240668,1
1664,0.17693199044569854,-0.06326469,0.0033941067049467607,0.003394081445335942,0.7224164998522585,0.0033941067049467607,0.12107709347240668,1
1665,0.17693199044569854,-0.06326469,0.0033941067049467607,0.003394081445335942,0.7224164998522585,0.0033941067049467607,0.12107709347240668,1
1666,0.17693199044569854,-0.06326469,0.0033941067049467607,0.003394081445335942,0.7224164998522585,0.0033941067049467607,0.12107709347240668,1
1667,0.17693199044569854,-0.06326469,0.0033941067049467607,0.003394081445335942,0.7224164998522585,0.0033941067049467607,0.12107709347240668,1
1668,0.17693199044569854,-0.06326469,0.0033941067049467607,0.003394081445335942,0.7224164998522585,0.0033941067049467607,0.12107709347240668,1
1669,0.17693199044569854,-0.06326469,0.0033941067049467607,0.003394081445335942,0.7224164998522585,0.0033941067049467607,0.12107709347240668,1
1670,0.17693199044569854,-0.06326469,0.0033941067049467607,0.003394081445335942,0.7224164998522585,0.0033941067049467607,0.12107709347240668,1
1671,0.17693199044569854,-0.06326469,0.0033941067049467607,0.003394081445335942,0.7224164998522585,0.0033941067049467607,0.12107709347240668,1
1672,0.17693199044569854,-0.06326469,0.0033941067049467607,0.003394081445335942,0.7224164998522585,0.0033941067049467607,0.12107709347240668,1
1673,0.17693199044569854,-0.06326469,0.0033941067049467607,0.003394081445335942,0.7224164998522585,0.0033941067049467607,0.12107709347240668,1
1674,0.17693199044569854,-0.06326469,0.0033941067049467607,0.003394081445335942,0.7224164998522585,0.0033941067049467607,0.12107709347240668,1
1675,0.17693199044569854,-0.06326469,0.0033941067049467607,0.003394081445335942,0.7224164998522585,0.0033941067049467607,0.12107709347240668,1
1676,0.17693199044569854,-0.06326469,0.0033941067049467607,0.003394081445335942,0.7224164998522585,0.0033941067049467607,0.12107709347240668,1
1677,0.17693199044569854,-0.06326469,0.0033941067049467607,0.003394081445335942,0.7224164998522585,0.0033941067049467607,0.12107709347240668,1
1678,0.17693199044569854,-0.06326469,0.0033941067049467607,0.003394081445335942,0.7224164998522585,0.0033941067049467607,0.12107709347240668,1
1679,0.17693199044569854,-0.06326469,0.0033941067049467607,0.003394081445335942,0.7224164998522585,0.0033941067049467607,0.12107709347240668,1
1680,0.17693199044569854,-0.06326469,0.0033941067049467607,0.003394081445335942,0.7224164998522585,0.0033941067049467607,0.12107709347240668,1
1681,0.17693199044569854,-0.06326469,0.0033941067049467607,0.003394081445335942,0.7224164998522585,0.0033941067049467607,0.12107709347240668,1
1682,0.17693199044569854,-0.06326469,0.0033941067049467607,0.003394081445335942,0.7224164998522585,0.0033941067049467607,0.12107709347240668,1
1683,0.17693199044569854,-0.06326469,0.0033941067049467607,0.003394081445335942,0.7224164998522585,0.0033941067049467607,0.12107709347240668,1
1684,0.17693199044569854,-0.06326469,0.0033941067049467607,0.003394081445335942,0.7224164998522585,0.0033941067049467607,0.12107709347240668,1
1685,0.17693199044569854,-0.06326469,0.0033941067049467607,0.003394081445335942,0.7224164998522585,0.0033941067049467607,0.12107709347240668,1
1686,0.17693199044569854,-0.06326469,0.0033941067049467607,0.003394081445335942,0.7224164998522585,0.0033941067049467607,0.12107709347240668,1
1687,0.17693199044569854,-0.06326469,0.0033941067049467607,0.003394081445335942,0.7224164998522585,0.0033941067049467607,0.12107709347240668,1
1688,0.17693199044569854,-0.06326469,0.0033941067049467607,0.003394081445335942,0.7224164998522585,0.0033941067049467607,0.12107709347240668,1
1689,0.17693199044569854,-0.06326469,0.0033941067049467607,0.003394081445335942,0.7224164998522585,0.0033941067049467607,0.12107709347240668,1
1690,0.17693199044569854,-0.06326469,0.0033941067049467607,0.003394081445335942,0.7224164998522585,0.0033941067049467607,0.12107709347240668,1
1691,0.17693199044569854,-0.06326469,0.0033941067049467607,0.003394081445335942,0.7224164998522585,0.0033941067049467607,0.12107709347240668,1
1692,0.17693199044569854,-0.06326469,0.0033941067049467607,0.003394081445335942,0.7224164998522585,0.0033941067049467607,0.12107709347240668,1
1693,0.17693199044569854,-0.06326469,0.0033941067049467607,0.003394081445335942,0.7224164998522585,0.0033941067049467607,0.12107709347240668,1
1694,0.17693199044569854,-0.06326469,0.0033941067049467607,0.003394081445335942,0.7224164998522585,0.0033941067049467607,0.12107709347240668,1
1695,0.17693199044569854,-0.06326469,0.0033941067049467607,0.003394081445335942,0.7224164998522585,0.0033941067049467607,0.12107709347240668,1
1696,0.17693199044569854,-0.06326469,0.0033941067049467607,0.003394081445335942,0.7224164998522585,0.0033941067049467607,0.12107709347240668,1
1697,0.17693199044569854,-0.06326469,0.0033941067049467607,0.003394081445335942,0.7224164998522585,0.0033941067049467607,0.12107709347240668,1
1698,0.17693199044569854,-0.06326469,0.0033941067049467607,0.003394081445335942,0.7224164998522585,0.0033941067049467607,0.12107709347240668,1
1699,0.17693199044569854,-0.06326469,0.0033941067049467607,0.003394081445335942,0.7224164998522585,0.0033941067049467607,0.12107709347240668,1
1700,0.17693199044569854,-0.06326469,0.0033941067049467607,0.003394081445335942,0.7224164998522585,0.0033941067049467607,0.12107709347240668,1
1701,0.17693199044569854,-0.06326469,0.0033941067049467607,0.003394081445335942,0.7224164998522585,0.0033941067049467607,0.12107709347240668,1
1702,0.17693199044569854,-0.06326469,0.0033941067049467607,0.003394081445335942,0.7224164998522585,0.0033941067049467607,0.12107709347240668,1
1703,0.17693199044569854,-0.06326469,0.0033941067049467607,0.003394081445335942,0.7224164998522585,0.0033941067049467607,0.12107709347240668,1
1704,0.17693199044569854,-0.06326469,0.0033941067049467607,0.003394081445335942,0.7224164998522585,0.0033941067049467607,0.12107709347240668,1
1705,0.17693199044569854,-0.06326469,0.0033941067049467607,0.003394081445335942,0.7224164998522585,0.0033941067049467607,0.12107709347240668,1
1706,0.17693199044569854,-0.06326469,0.0033941067049467607,0.003394081445335942,0.7224164998522585,0.0033941067049467607,0.12107709347240668,1
1707,0.17693199044569854,-0.06326469,0.0033941067049467607,0.003394081445335942,0.7224164998522585,0.0033941067049467607,0.12107709347240668,1
1708,0.17693199044569854,-0.06326469,0.0033941067049467607,0.003394081445335942,0.7224164998522585,0.0033941067049467607,0.12107709347240668,1
1709,0.17693199044569854,-0.06326469,0.0033941067049467607,0.003394081445335942,0.7224164998522585,0.0033941067049467607,0.12107709347240668,1
1710,0.17693199044569854,-0.06326469,0.0033941067049467607,0.003394081445335942,0.7224164998522585,0.0033941067049467607,0.12107709347240668,1
1711,0.17693199044569854,-0.06326469,0.0033941067049467607,0.003394081445335942,0.7224164998522585,0.0033941067049467607,0.12107709347240668,1
1712,0.17693199044569854,-0.06326469,0.0033941067049467607,0.003394081445335942,0.7224164998522585,0.0033941067049467607,0.12107709347240668,1
1713,0.17693199044569854,-0.06326469,0.0033941067049467607,0.003394081445335942,0.7224164998522585,0.0033941067049467607,0.12107709347240668,1
1714,0.17693199044569854,-0.06326469,0.0033941067049467607,0.003394081445335942,0.7224164998522585,0.0033941067049467607,0.12107709347240668,1
1715,0.17693199044569854,-0.06326469,0.0033941067049467607,0.003394081445335942,0.7224164998522585,0.0033941067049467607,0.12107709347240668,1
1716,0.17693199044569854,-0.06326469,0.0033941067049467607,0.003394081445335942,0.7224164998522585,0.0033941067049467607,0.12107709347240668,1
1717,0.17693199044569854,-0.06326469,0.0033941067049467607,0.003394081445335942,0.7224164998522585,0.0033941067049467607,0.12107709347240668,1
1718,0.17693199044569854,-0.06326469,0.0033941067049467607,0.003394081445335942,0.7224164998522585,0.0033941067049467607,0.12107709347240668,1
1719,0.17693199044569854,-0.06326469,0.0033941067049467607,0.003394081445335942,0.7224164998522585,0.0033941067049467607,0.12107709347240668,1
1720,0.17693199044569854,-0.06326469,0.0033941067049467607,0.003394081445335942,0.7224164998522585,0.0033941067049467607,0.12107709347240668,1
1721,0.17693199044569854,-0.06326469,0.0033941067049467607,0.003394081445335942,0.7224164998522585,0.0033941067049467607,0.12107709347240668,1
1722,0.17693199044569854,-0.06326469,0.0033941067049467607,0.003394081445335942,0.7224164998522585,0.0033941067049467607,0.12107709347240668,1
1723,0.17693199044569854,-0.06326469,0.0033941067049467607,0.003394081445335942,0.7224164998522585,0.0033941067049467607,0.12107709347240668,1
1724,0.17693199044569854,-0.06326469,0.0033941067049467607,0.003394081445335942,0.7224164998522585,0.0033941067049467607,0.12107709347240668,1
1725,0.17693199044569854,-0.06326469,0.0033941067049467607,0.003394081445335942,0.7224164998522585,0.0033941067049467607,0.12107709347240668,1
1726,0.17693199044569854,-0.06326469,0.0033941067049467607,0.003394081445335942,0.7224164998522585,0.0033941067049467607,0.12107709347240668,1
1727,0.17693199044569854,-0.06326469,0.0033941067049467607,0.003394081445335942,0.7224164998522585,0.0033941067049467607,0.12107709347240668,1
1728,0.17693199044569854,-0.06326469,0.0033941067049467607,0.003394081445335942,0.7224164998522585,0.0033941067049467607,0.12107709347240668,1
1729,0.17693199044569854,-0.06326469,0.0033941067049467607,0.003394081445335942,0.7224164998522585,0.0033941067049467607,0.12107709347240668,1
1730,0.17693199044569854,-0.06326469,0.0033941067049467607,0.003394081445335942,0.7224164998522585,0.0033941067049467607,0.12107709347240668,1
1731,0.17693199044569854,-0.06326469,0.0033941067049467607,0.003394081445335942,0.7224164998522585,0.0033941067049467607,0.12107709347240668,1
1732,0.17693199044569854,-0.06326469,0.0033941067049467607,0.003394081445335942,0.7224164998522585,0.0033941067049467607,0.12107709347240668,1
1733,0.17693199044569854,-0.06326469,0.0033941067049467607,0.003394081445335942,0.7224164998522585,0.0033941067049467607,0.12107709347240668,1
1734,0.17693199044569854,-0.06326469,0.0033941067049467607,0.003394081445335942,0.7224164998522585,0.0033941067049467607,0.12107709347240668,1
1735,0.17693199044569854,-0.06326469,0.0033941067049467607,0.003394081445335942,0.7224164998522585,0.0033941067049467607,0.12107709347240668,1
1736,0.17693199044569854,-0.06326469,0.0033941067049467607,0.003394081445335942,0.7224164998522585,0.0033941067049467607,0.12107709347240668,1
1737,0.17693199044569854,-0.06326469,0.0033941067049467607,0.003394081445335942,0.7224164998522585,0.0033941067049467607,0.12107709347240668,1
1738,0.17693199044569854,-0.06326469,0.0033941067049467607,0.003394081445335942,0.7224164998522585,0.0033941067049467607,0.12107709347240668,1
1739,0.17693199044569854,-0.06326469,0.0033941067049467607,0.003394081445335942,0.7224164998522585,0.0033941067049467607,0.12107709347240668,1
1740,0.17693199044569854,-0.06326469,0.0033941067049467607,0.003394081445335942,0.7224164998522585,0.0033941067049467607,0.12107709347240668,1
1741,0.17693199044569854,-0.06326469,0.0033941067049467607,0.003394081445335942,0.7224164998522585,0.0033941067049467607,0.12107709347240668,1
1742,0.17693199044569854,-0.06326469,0.0033941067049467607,0.003394081445335942,0.7224164998522585,0.0033941067049467607,0.12107709347240668,1
1743,0.17693199044569854,-0.06326469,0.0033941067049467607,0.003394081445335942,0.7224164998522585,0.0033941067049467607,0.12107709347240668,1
1744,0.17693199044569854,-0.06326469,0.0033941067049467607,0.003394081445335942,0.7224164998522585,0.0033941067049467607,0.12107709347240668,1
1745,0.17693199044569854,-0.06326469,0.0033941067049467607,0.003394081445335942,0.7224164998522585,0.0033941067049467607,0.12107709347240668,1
1746,0.17693199044569854,-0.06326469,0.0033941067049467607,0.003394081445335942,0.7224164998522585,0.0033941067049467607,0.12107709347240668,1
1747,0.17693199044569854,-0.06326469,0.0033941067049467607,0.003394081445335942,0.7224164998522585,0.0033941067049467607,0.12107709347240668,1
1748,0.17693199044569854,-0.06326469,0.0033941067049467607,0.003394081445335942,0.7224164998522585,0.0033941067049467607,0.12107709347240668,1
1749,0.17693199044569854,-0.06326469,0.0033941067049467607,0.003394081445335942,0.7224164998522585,0.0033941067049467607,0.12107709347240668,1
1750,0.17693199044569854,-0.06326469,0.0033941067049467607,0.003394081445335942,0.7224164998522585,0.0033941067049467607,0.12107709347240668,1
1751,0.17693199044569854,-0.06326469,0.0033941067049467607,0.003394081445335942,0.7224164998522585,0.0033941067049467607,0.12107709347240668,1
1752,0.17693199044569854,-0.06326469,0.0033941067049467607,0.003394081445335942,0.7224164998522585,0.0033941067049467607,0.12107709347240668,1
1753,0.17693199044569854,-0.06326469,0.0033941067049467607,0.003394081445335942,0.7224164998522585,0.0033941067049467607,0.12107709347240668,1
1754,0.17693199044569854,-0.06326469,0.0033941067049467607,0.003394081445335942,0.7224164998522585,0.0033941067049467607,0.12107709347240668,1
1755,0.17693199044569854,-0.06326469,0.0033941067049467607,0.003394081445335942,0.7224164998522585,0.0033941067049467607,0.12107709347240668,1
1756,0.17567401431653265,-0.06347167091166697,0.00338815353434603,0.00338815353434603,0.7205722328566387,0.00338815353434603,0.12215233786035935,1
1757,0.17567401431653265,-0.06347167091166697,0.00338815353434603,0.00338815353434603,0.7205722328566387,0.00338815353434603,0.12215233786035935,1
1758,0.17567401431653265,-0.06347167091166697,0.00338815353434603,0.00338815353434603,0.7205722328566387,0.00338815353434603,0.12215233786035935,1
1759,0.17567401431653265,-0.06347167091166697,0.00338815353434603,0.00338815353434603,0.7205722328566387,0.00338815353434603,0.12215233786035935,1
1760,0.17567401431653265,-0.06347167091166697,0.00338815353434603,0.00338815353434603,0.7205722328566387,0.00338815353434603,0.12215233786035935,1
1761,0.17567401431653265,-0.06347167091166697,0.00338815353434603,0.00338815353434603,0.7205722328566387,0.00338815353434603,0.12215233786035935,1
1762,0.17567401431653265,-0.06347167091166697,0.00338815353434603,0.00338815353434603,0.7205722328566387,0.00338815353434603,0.12215233786035935,1
1763,0.17567401431653265,-0.06347167091166697,0.00338815353434603,0.00338815353434603,0.7205722328566387,0.00338815353434603,0.12215233786035935,1
1764,0.17567401431653265,-0.06347167091166697,0.00338815353434603,0.00338815353434603,0.7205722328566387,0.00338815353434603,0.12215233786035935,1
1765,0.17567401431653265,-0.06347167091166697,0.00338815353434603,0.00338815353434603,0.7205722328566387,0.00338815353434603,0.12215233786035935,1
1766,0.17567401431653265,-0.06347167091166697,0.00338815353434603,0.00338815353434603,0.7205722328566387,0.00338815353434603,0.12215233786035935,1
1767,0.17567401431653265,-0.06347167091166697,0.00338815353434603,0.00338815353434603,0.7205722328566387,0.00338815353434603,0.12215233786035935,1
1768,0.17567401431653265,-0.06347167091166697,0.00338815353434603,0.00338815353434603,0.7205722328566387,0.00338815353434603,0.12215233786035935,1
1769,0.17567401431653265,-0.06347167091166697,0.00338815353434603,0.00338815353434603,0.7205722328566387,0.00338815353434603,0.12215233786035935,1
1770,0.17567401431653265,-0.06347167091166697,0.00338815353434603,0.00338815353434603,0.7205722328566387,0.00338815353434603,0.12215233786035935,1
1771,0.17567401431653265,-0.06347167091166697,0.00338815353434603,0.00338815353434603,0.7205722328566387,0.00338815353434603,0.12215233786035935,1
1772,0.17567401431653265,-0.06347167091166697,0.00338815353434603,0.00338815353434603,0.7205722328566387,0.00338815353434603,0.12215233786035935,1
1773,0.17567401431653265,-0.06347167091166697,0.00338815353434603,0.00338815353434603,0.7205722328566387,0.00338815353434603,0.12215233786035935,1
1774,0.17567401431653265,-0.06347167091166697,0.00338815353434603,0.00338815353434603,0.7205722328566387,0.00338815353434603,0.12215233786035935,1
1775,0.17567401431653265,-0.06347167091166697,0.00338815353434603,0.00338815353434603,0.7205722328566387,0.00338815353434603,0.12215233786035935,1
1776,0.17567401431653265,-0.06347167091166697,0.00338815353434603,0.00338815353434603,0.7205722328566387,0.00338815353434603,0.12215233786035935,1
1777,0.17567401431653265,-0.06347167091166697,0.00338815353434603,0.00338815353434603,0.7205722328566387,0.00338815353434603,0.12215233786035935,1
1778,0.17567401431653265,-0.06347167091166697,0.00338815353434603,0.00338815353434603,0.7205722328566387,0.00338815353434603,0.12215233786035935,1
1779,0.17567401431653265,-0.06347167091166697,0.00338815353434603,0.00338815353434603,0.7205722328566387,0.00338815353434603,0.12215233786035935,1
1780,0.17567401431653265,-0.06347167091166697,0.00338815353434603,0.00338815353434603,0.7205722328566387,0.00338815353434603,0.12215233786035935,1
1781,0.17567401431653265,-0.06347167091166697,0.00338815353434603,0.00338815353434603,0.7205722328566387,0.00338815353434603,0.12215233786035935,1
1782,0.17567401431653265,-0.06347167091166697,0.00338815353434603,0.00338815353434603,0.7205722328566387,0.00338815353434603,0.12215233786035935,1
1783,0.17567401431653265,-0.06347167091166697,0.00338815353434603,0.00338815353434603,0.7205722328566387,0.00338815353434603,0.12215233786035935,1
1784,0.17567401431653265,-0.06347167091166697,0.00338815353434603,0.00338815353434603,0.7205722328566387,0.00338815353434603,0.12215233786035935,1
1785,0.17567401431653265,-0.06347167091166697,0.00338815353434603,0.00338815353434603,0.7205722328566387,0.00338815353434603,0.12215233786035935,1
1786,0.17567401431653265,-0.06347167091166697,0.00338815353434603,0.00338815353434603,0.7205722328566387,0.00338815353434603,0.12215233786035935,1
1787,0.17567401431653265,-0.06347167091166697,0.00338815353434603,0.00338815353434603,0.7205722328566387,0.00338815353434603,0.12215233786035935,1
1788,0.17567401431653265,-0.06347167091166697,0.00338815353434603,0.00338815353434603,0.7205722328566387,0.00338815353434603,0.12215233786035935,1
1789,0.17567401431653265,-0.06347167091166697,0.00338815353434603,0.00338815353434603,0.7205722328566387,0.00338815353434603,0.12215233786035935,1
1790,0.17567401431653265,-0.06347167091166697,0.00338815353434603,0.00338815353434603,0.7205722328566387,0.00338815353434603,0.12215233786035935,1
1791,0.17567401431653265,-0.06347167091166697,0.00338815353434603,0.00338815353434603,0.7205722328566387,0.00338815353434603,0.12215233786035935,1
1792,0.17567401431653265,-0.06347167091166697,0.00338815353434603,0.00338815353434603,0.7205722328566387,0.00338815353434603,0.12215233786035935,1
1793,0.17567401431653265,-0.06347167091166697,0.00338815353434603,0.00338815353434603,0.7205722328566387,0.00338815353434603,0.12215233786035935,1
1794,0.17567401431653265,-0.06347167091166697,0.00338815353434603,0.00338815353434603,0.7205722328566387,0.00338815353434603,0.12215233786035935,1
1795,0.17567401431653265,-0.06347167091166697,0.00338815353434603,0.00338815353434603,0.7205722328566387,0.00338815353434603,0.12215233786035935,1
1796,0.17567401431653265,-0.06347167091166697,0.00338815353434603,0.00338815353434603,0.7205722328566387,0.00338815353434603,0.12215233786035935,1
1797,0.17567401431653265,-0.06347167091166697,0.00338815353434603,0.00338815353434603,0.7205722328566387,0.00338815353434603,0.12215233786035935,1
1798,0.17567401431653265,-0.06347167091166697,0.00338815353434603,0.00338815353434603,0.7205722328566387,0.00338815353434603,0.12215233786035935,1
1799,0.17567401431653265,-0.06347167091166697,0.00338815353434603,0.00338815353434603,0.7205722328566387,0.00338815353434603,0.12215233786035935,1
1800,0.17567401431653265,-0.06347167091166697,0.00338815353434603,0.00338815353434603,0.7205722328566387,0.00338815353434603,0.12215233786035935,1
1801,0.17567401431653265,-0.06347167091166697,0.00338815353434603,0.00338815353434603,0.7205722328566387,0.00338815353434603,0.12215233786035935,1
1802,0.17567401431653265,-0.06347167091166697,0.00338815353434603,0.00338815353434603,0.7205722328566387,0.00338815353434603,0.12215233786035935,1
1803,0.17567401431653265,-0.06347167091166697,0.00338815353434603,0.00338815353434603,0.7205722328566387,0.00338815353434603,0.12215233786035935,1
1804,0.17567401431653265,-0.06347167091166697,0.00338815353434603,0.00338815353434603,0.7205722328566387,0.00338815353434603,0.12215233786035935,1
1805,0.17567401431653265,-0.06347167091166697,0.00338815353434603,0.00338815353434603,0.7205722328566387,0.00338815353434603,0.12215233786035935,1
1806,0.17567401431653265,-0.06347167091166697,0.00338815353434603,0.00338815353434603,0.7205722328566387,0.00338815353434603,0.12215233786035935,1
1807,0.17567401431653265,-0.06347167091166697,0.00338815353434603,0.00338815353434603,0.7205722328566387,0.00338815353434603,0.12215233786035935,1
1808,0.17567401431653265,-0.06347167091166697,0.00338815353434603,0.00338815353434603,0.7205722328566387,0.00338815353434603,0.12215233786035935,1
1809,0.17567401431653265,-0.06347167091166697,0.00338815353434603,0.00338815353434603,0.7205722328566387,0.00338815353434603,0.12215233786035935,1
1810,0.17567401431653265,-0.06347167091166697,0.00338815353434603,0.00338815353434603,0.7205722328566387,0.00338815353434603,0.12215233786035935,1
1811,0.17567401431653265,-0.06347167091166697,0.00338815353434603,0.00338815353434603,0.7205722328566387,0.00338815353434603,0.12215233786035935,1
1812,0.17567401431653265,-0.06347167091166697,0.00338815353434603,0.00338815353434603,0.7205722328566387,0.00338815353434603,0.12215233786035935,1
1813,0.17567401431653265,-0.06347167091166697,0.00338815353434603,0.00338815353434603,0.7205722328566387,0.00338815353434603,0.12215233786035935,1
1814,0.17567401431653265,-0.06347167091166697,0.00338815353434603,0.00338815353434603,0.7205722328566387,0.00338815353434603,0.12215233786035935,1
1815,0.17567401431653265,-0.06347167091166697,0.00338815353434603,0.00338815353434603,0.7205722328566387,0.00338815353434603,0.12215233786035935,1
1816,0.17567401431653265,-0.06347167091166697,0.00338815353434603,0.00338815353434603,0.7205722328566387,0.00338815353434603,0.12215233786035935,1
1817,0.17567401431653265,-0.06347167091166697,0.00338815353434603,0.00338815353434603,0.7205722328566387,0.00338815353434603,0.12215233786035935,1
1818,0.17567401431653265,-0.06347167091166697,0.00338815353434603,0.00338815353434603,0.7205722328566387,0.00338815353434603,0.12215233786035935,1
1819,0.17567401431653265,-0.06347167091166697,0.00338815353434603,0.00338815353434603,0.7205722328566387,0.00338815353434603,0.12215233786035935,1
1820,0.17567401431653265,-0.06347167091166697,0.00338815353434603,0.00338815353434603,0.7205722328566387,0.00338815353434603,0.12215233786035935,1
1821,0.17567401431653265,-0.06347167091166697,0.00338815353434603,0.00338815353434603,0.7205722328566387,0.00338815353434603,0.12215233786035935,1
1822,0.17567401431653265,-0.06347167091166697,0.00338815353434603,0.00338815353434603,0.7205722328566387,0.00338815353434603,0.12215233786035935,1
1823,0.17567401431653265,-0.06347167091166697,0.00338815353434603,0.00338815353434603,0.7205722328566387,0.00338815353434603,0.12215233786035935,1
1824,0.17567401431653265,-0.06347167091166697,0.00338815353434603,0.00338815353434603,0.7205722328566387,0.00338815353434603,0.12215233786035935,1
1825,0.17567401431653265,-0.06347167091166697,0.00338815353434603,0.00338815353434603,0.7205722328566387,0.00338815353434603,0.12215233786035935,1
1826,0.17567401431653265,-0.06347167091166697,0.00338815353434603,0.00338815353434603,0.7205722328566387,0.00338815353434603,0.12215233786035935,1
1827,0.17567401431653265,-0.06347167091166697,0.00338815353434603,0.00338815353434603,0.7205722328566387,0.00338815353434603,0.12215233786035935,1
1828,0.17567401431653265,-0.06347167091166697,0.00338815353434603,0.00338815353434603,0.7205722328566387,0.00338815353434603,0.12215233786035935,1
1829,0.17567401431653265,-0.06347167091166697,0.00338815353434603,0.00338815353434603,0.7205722328566387,0.00338815353434603,0.12215233786035935,1
1830,0.17567401431653265,-0.06347167091166697,0.00338815353434603,0.00338815353434603,0.7205722328566387,0.00338815353434603,0.12215233786035935,1
1831,0.17567401431653265,-0.06347167091166697,0.00338815353434603,0.00338815353434603,0.7205722328566387,0.00338815353434603,0.12215233786035935,1
1832,0.17567401431653265,-0.06347167091166697,0.00338815353434603,0.00338815353434603,0.7205722328566387,0.00338815353434603,0.12215233786035935,1
1833,0.17567401431653265,-0.06347167091166697,0.00338815353434603,0.00338815353434603,0.7205722328566387,0.00338815353434603,0.12215233786035935,1
1834,0.17567401431653265,-0.06347167091166697,0.00338815353434603,0.00338815353434603,0.7205722328566387,0.00338815353434603,0.12215233786035935,1
1835,0.17567401431653265,-0.06347167091166697,0.00338815353434603,0.00338815353434603,0.7205722328566387,0.00338815353434603,0.12215233786035935,1
1836,0.17567401431653265,-0.06347167091166697,0.00338815353434603,0.00338815353434603,0.7205722328566387,0.00338815353434603,0.12215233786035935,1
1837,0.17567401431653265,-0.06347167091166697,0.00338815353434603,0.00338815353434603,0.7205722328566387,0.00338815353434603,0.12215233786035935,1
1838,0.17567401431653265,-0.06347167091166697,0.00338815353434603,0.00338815353434603,0.7205722328566387,0.00338815353434603,0.12215233786035935,1
1839,0.17567401431653265,-0.06347167091166697,0.00338815353434603,0.00338815353434603,0.7205722328566387,0.00338815353434603,0.12215233786035935,1
1840,0.17567401431653265,-0.06347167091166697,0.00338815353434603,0.00338815353434603,0.7205722328566387,0.00338815353434603,0.12215233786035935,1
1841,0.17567401431653265,-0.06347167091166697,0.00338815353434603,0.00338815353434603,0.7205722328566387,0.00338815353434603,0.12215233786035935,1
1842,0.17567401431653265,-0.06347167091166697,0.00338815353434603,0.00338815353434603,0.7205722328566387,0.00338815353434603,0.12215233786035935,1
1843,0.17567401431653265,-0.06347167091166697,0.00338815353434603,0.00338815353434603,0.7205722328566387,0.00338815353434603,0.12215233786035935,1
1844,0.17567401431653265,-0.06347167091166697,0.00338815353434603,0.00338815353434603,0.7205722328566387,0.00338815353434603,0.12215233786035935,1
1845,0.17567401431653265,-0.06347167091166697,0.00338815353434603,0.00338815353434603,0.7205722328566387,0.00338815353434603,0.12215233786035935,1
1846,0.17567401431653265,-0.06347167091166697,0.00338815353434603,0.00338815353434603,0.7205722328566387,0.00338815353434603,0.12215233786035935,1
1847,0.17567401431653265,-0.06347167091166697,0.00338815353434603,0.00338815353434603,0.7205722328566387,0.00338815353434603,0.12215233786035935,1
1848,0.17567401431653265,-0.06347167091166697,0.00338815353434603,0.00338815353434603,0.7205722328566387,0.00338815353434603,0.12215233786035935,1
1849,0.17567401431653265,-0.06347167091166697,0.00338815353434603,0.00338815353434603,0.7205722328566387,0.00338815353434603,0.12215233786035935,1
1850,0.17567401431653265,-0.06347167091166697,0.00338815353434603,0.00338815353434603,0.7205722328566387,0.00338815353434603,0.12215233786035935,1
1851,0.17567401431653265,-0.06347167091166697,0.00338815353434603,0.00338815353434603,0.7205722328566387,0.00338815353434603,0.12215233786035935,1
1852,0.17567401431653265,-0.06347167091166697,0.00338815353434603,0.00338815353434603,0.7205722328566387,0.00338815353434603,0.12215233786035935,1
1853,0.17567401431653265,-0.06347167091166697,0.00338815353434603,0.00338815353434603,0.7205722328566387,0.00338815353434603,0.12215233786035935,1
1854,0.17567401431653265,-0.06347167091166697,0.00338815353434603,0.00338815353434603,0.7205722328566387,0.00338815353434603,0.12215233786035935,1
1855,0.17567401431653265,-0.06347167091166697,0.00338815353434603,0.00338815353434603,0.7205722328566387,0.00338815353434603,0.12215233786035935,1
1856,0.17567401431653265,-0.06347167091166697,0.00338815353434603,0.00338815353434603,0.7205722328566387,0.00338815353434603,0.12215233786035935,1
1857,0.17567401431653265,-0.06347167091166697,0.00338815353434603,0.00338815353434603,0.7205722328566387,0.00338815353434603,0.12215233786035935,1
1858,0.17567401431653265,-0.06347167091166697,0.00338815353434603,0.00338815353434603,0.7205722328566387,0.00338815353434603,0.12215233786035935,1
1859,0.17567401431653265,-0.06347167091166697,0.00338815353434603,0.00338815353434603,0.7205722328566387,0.00338815353434603,0.12215233786035935,1
1860,0.17567401431653265,-0.06347167091166697,0.00338815353434603,0.00338815353434603,0.7205722328566387,0.00338815353434603,0.12215233786035935,1
1861,0.17567401431653265,-0.06347167091166697,0.00338815353434603,0.00338815353434603,0.7205722328566387,0.00338815353434603,0.12215233786035935,1
1862,0.17567401431653265,-0.06347167091166697,0.00338815353434603,0.00338815353434603,0.7205722328566387,0.00338815353434603,0.12215233786035935,1
1863,0.17567401431653265,-0.06347167091166697,0.00338815353434603,0.00338815353434603,0.7205722328566387,0.00338815353434603,0.12215233786035935,1
1864,0.17567401431653265,-0.06347167091166697,0.00338815353434603,0.00338815353434603,0.7205722328566387,0.00338815353434603,0.12215233786035935,1
1865,0.17567401431653265,-0.06347167091166697,0.00338815353434603,0.00338815353434603,0.7205722328566387,0.00338815353434603,0.12215233786035935,1
1866,0.17567401431653265,-0.06347167091166697,0.00338815353434603,0.00338815353434603,0.7205722328566387,0.00338815353434603,0.12215233786035935,1
1867,0.17567401431653265,-0.06347167091166697,0.00338815353434603,0.00338815353434603,0.7205722328566387,0.00338815353434603,0.12215233786035935,1
1868,0.17567401431653265,-0.06347167091166697,0.00338815353434603,0.00338815353434603,0.7205722328566387,0.00338815353434603,0.12215233786035935,1
1869,0.17567401431653265,-0.06347167091166697,0.00338815353434603,0.00338815353434603,0.7205722328566387,0.00338815353434603,0.12215233786035935,1
1870,0.17567401431653265,-0.06347167091166697,0.00338815353434603,0.00338815353434603,0.7205722328566387,0.00338815353434603,0.12215233786035935,1
1871,0.17567401431653265,-0.06347167091166697,0.00338815353434603,0.00338815353434603,0.7205722328566387,0.00338815353434603,0.12215233786035935,1
1872,0.17567401431653265,-0.06347167091166697,0.00338815353434603,0.00338815353434603,0.7205722328566387,0.00338815353434603,0.12215233786035935,1
1873,0.17567401431653265,-0.06347167091166697,0.00338815353434603,0.00338815353434603,0.7205722328566387,0.00338815353434603,0.12215233786035935,1
1874,0.17567401431653265,-0.06347167091166697,0.00338815353434603,0.00338815353434603,0.7205722328566387,0.00338815353434603,0.12215233786035935,1
1875,0.17567401431653265,-0.06347167091166697,0.00338815353434603,0.00338815353434603,0.7205722328566387,0.00338815353434603,0.12215233786035935,1
1876,0.17567401431653265,-0.06347167091166697,0.00338815353434603,0.00338815353434603,0.7205722328566387,0.00338815353434603,0.12215233786035935,1
1877,0.17567401431653265,-0.06347167091166697,0.00338815353434603,0.00338815353434603,0.7205722328566387,0.00338815353434603,0.12215233786035935,1
1878,0.17567401431653265,-0.06347167091166697,0.00338815353434603,0.00338815353434603,0.7205722328566387,0.00338815353434603,0.12215233786035935,1
1879,0.17567401431653265,-0.06347167091166697,0.00338815353434603,0.00338815353434603,0.7205722328566387,0.00338815353434603,0.12215233786035935,1
1880,0.17567401431653265,-0.06347167091166697,0.00338815353434603,0.00338815353434603,0.7205722328566387,0.00338815353434603,0.12215233786035935,1
1881,0.17567401431653265,-0.06347167091166697,0.00338815353434603,0.00338815353434603,0.7205722328566387,0.00338815353434603,0.12215233786035935,1
1882,0.17567401431653265,-0.06347167091166697,0.00338815353434603,0.00338815353434603,0.7205722328566387,0.00338815353434603,0.12215233786035935,1
1883,0.17567401431653265,-0.06347167091166697,0.00338815353434603,0.00338815353434603,0.7205722328566387,0.00338815353434603,0.12215233786035935,1
1884,0.17567401431653265,-0.06347167091166697,0.00338815353434603,0.00338815353434603,0.7205722328566387,0.00338815353434603,0.12215233786035935,1
1885,0.17567401431653265,-0.06347167091166697,0.00338815353434603,0.00338815353434603,0.7205722328566387,0.00338815353434603,0.12215233786035935,1
1886,0.17567401431653265,-0.06347167091166697,0.00338815353434603,0.00338815353434603,0.7205722328566387,0.00338815353434603,0.12215233786035935,1
1887,0.17567401431653265,-0.06347167091166697,0.00338815353434603,0.00338815353434603,0.7205722328566387,0.00338815353434603,0.12215233786035935,1
1888,0.17567401431653265,-0.06347167091166697,0.00338815353434603,0.00338815353434603,0.7205722328566387,0.00338815353434603,0.12215233786035935,1
1889,0.17567401431653265,-0.06347167091166697,0.00338815353434603,0.00338815353434603,0.7205722328566387,0.00338815353434603,0.12215233786035935,1
1890,0.17567401431653265,-0.06347167091166697,0.00338815353434603,0.00338815353434603,0.7205722328566387,0.00338815353434603,0.12215233786035935,1
1891,0.17567401431653265,-0.06347167091166697,0.00338815353434603,0.00338815353434603,0.7205722328566387,0.00338815353434603,0.12215233786035935,1
1892,0.17567401431653265,-0.06347167091166697,0.00338815353434603,0.00338815353434603,0.7205722328566387,0.00338815353434603,0.12215233786035935,1
1893,0.17567401431653265,-0.06347167091166697,0.00338815353434603,0.00338815353434603,0.7205722328566387,0.00338815353434603,0.12215233786035935,1
1894,0.18030908680049806,-0.06326469,0.003387867323365602,0.003387867323365602,0.7264177497825525,0.003387867323365602,0.12357243415568674,1
1895,0.18030908680049806,-0.06326469,0.003387867323365602,0.003387867323365602,0.7264177497825525,0.003387867323365602,0.12357243415568674,1
1896,0.18030908680049806,-0.06326469,0.003387867323365602,0.003387867323365602,0.7264177497825525,0.003387867323365602,0.12357243415568674,1
1897,0.18030908680049806,-0.06326469,0.003387867323365602,0.003387867323365602,0.7264177497825525,0.003387867323365602,0.12357243415568674,1
1898,0.18030908680049806,-0.06326469,0.003387867323365602,0.003387867323365602,0.7264177497825525,0.003387867323365602,0.12357243415568674,1
1899,0.18091521115888326,-0.06326469,0.0033877693863553584,0.0033877693863553584,0.7204388788537864,0.0033877693863553584,0.1224528914370413,1
1900,0.18091521115888326,-0.06326469,0.0033877693863553584,0.0033877693863553584,0.7204388788537864,0.0033877693863553584,0.1224528914370413,1
1901,0.18091521115888326,-0.06326469,0.0033877693863553584,0.0033877693863553584,0.7204388788537864,0.0033877693863553584,0.1224528914370413,1
1902,0.18091521115888326,-0.06326469,0.0033877693863553584,0.0033877693863553584,0.7204388788537864,0.0033877693863553584,0.1224528914370413,1
1903,0.18091521115888326,-0.06326469,0.0033877693863553584,0.0033877693863553584,0.7204388788537864,0.0033877693863553584,0.1224528914370413,1
1904,0.18091521115888326,-0.06326469,0.0033877693863553584,0.0033877693863553584,0.7204388788537864,0.0033877693863553584,0.1224528914370413,1
1905,0.18091521115888326,-0.06326469,0.0033877693863553584,0.0033877693863553584,0.7204388788537864,0.0033877693863553584,0.1224528914370413,1
1906,0.18091521115888326,-0.06326469,0.0033877693863553584,0.0033877693863553584,0.7204388788537864,0.0033877693863553584,0.1224528914370413,1
1907,0.18091521115888326,-0.06326469,0.0033877693863553584,0.0033877693863553584,0.7204388788537864,0.0033877693863553584,0.1224528914370413,1
1908,0.17880521665256807,-0.06326469,0.003386873935043301,0.003386873935043301,0.7233610972760242,0.003386873935043301,0.12231414645876978,1
1909,0.17880521665256807,-0.06326469,0.003386873935043301,0.003386873935043301,0.7233610972760242,0.003386873935043301,0.12231414645876978,1
1910,0.17880521665256807,-0.06326469,0.003386873935043301,0.003386873935043301,0.7233610972760242,0.003386873935043301,0.12231414645876978,1
1911,0.17880521665256807,-0.06326469,0.003386873935043301,0.003386873935043301,0.7233610972760242,0.003386873935043301,0.12231414645876978,1
1912,0.17880521665256807,-0.06326469,0.003386873935043301,0.003386873935043301,0.7233610972760242,0.003386873935043301,0.12231414645876978,1
1913,0.17880521665256807,-0.06326469,0.003386873935043301,0.003386873935043301,0.7233610972760242,0.003386873935043301,0.12231414645876978,1
1914,0.17880521665256807,-0.06326469,0.003386873935043301,0.003386873935043301,0.7233610972760242,0.003386873935043301,0.12231414645876978,1
1915,0.17880521665256807,-0.06326469,0.003386873935043301,0.003386873935043301,0.7233610972760242,0.003386873935043301,0.12231414645876978,1
1916,0.17880521665256807,-0.06326469,0.003386873935043301,0.003386873935043301,0.7233610972760242,0.003386873935043301,0.12231414645876978,1
1917,0.17880521665256807,-0.06326469,0.003386873935043301,0.003386873935043301,0.7233610972760242,0.003386873935043301,0.12231414645876978,1
1918,0.17880521665256807,-0.06326469,0.003386873935043301,0.003386873935043301,0.7233610972760242,0.003386873935043301,0.12231414645876978,1
1919,0.17880521665256807,-0.06326469,0.003386873935043301,0.003386873935043301,0.7233610972760242,0.003386873935043301,0.12231414645876978,1
1920,0.17880521665256807,-0.06326469,0.003386873935043301,0.003386873935043301,0.7233610972760242,0.003386873935043301,0.12231414645876978,1
1921,0.17880521665256807,-0.06326469,0.003386873935043301,0.003386873935043301,0.7233610972760242,0.003386873935043301,0.12231414645876978,1
1922,0.17880521665256807,-0.06326469,0.003386873935043301,0.003386873935043301,0.7233610972760242,0.003386873935043301,0.12231414645876978,1
1923,0.17880521665256807,-0.06326469,0.003386873935043301,0.003386873935043301,0.7233610972760242,0.003386873935043301,0.12231414645876978,1
1924,0.17880521665256807,-0.06326469,0.003386873935043301,0.003386873935043301,0.7233610972760242,0.003386873935043301,0.12231414645876978,1
1925,0.17880521665256807,-0.06326469,0.003386873935043301,0.003386873935043301,0.7233610972760242,0.003386873935043301,0.12231414645876978,1
1926,0.17880521665256807,-0.06326469,0.003386873935043301,0.003386873935043301,0.7233610972760242,0.003386873935043301,0.12231414645876978,1
1927,0.17880521665256807,-0.06326469,0.003386873935043301,0.003386873935043301,0.7233610972760242,0.003386873935043301,0.12231414645876978,1
1928,0.17880521665256807,-0.06326469,0.003386873935043301,0.003386873935043301,0.7233610972760242,0.003386873935043301,0.12231414645876978,1
1929,0.17880521665256807,-0.06326469,0.003386873935043301,0.003386873935043301,0.7233610972760242,0.003386873935043301,0.12231414645876978,1
1930,0.17880521665256807,-0.06326469,0.003386873935043301,0.003386873935043301,0.7233610972760242,0.003386873935043301,0.12231414645876978,1
1931,0.17880521665256807,-0.06326469,0.003386873935043301,0.003386873935043301,0.7233610972760242,0.003386873935043301,0.12231414645876978,1
1932,0.17880521665256807,-0.06326469,0.003386873935043301,0.003386873935043301,0.7233610972760242,0.003386873935043301,0.12231414645876978,1
1933,0.17880521665256807,-0.06326469,0.003386873935043301,0.003386873935043301,0.7233610972760242,0.003386873935043301,0.12231414645876978,1
1934,0.17880521665256807,-0.06326469,0.003386873935043301,0.003386873935043301,0.7233610972760242,0.003386873935043301,0.12231414645876978,1
1935,0.17880521665256807,-0.06326469,0.003386873935043301,0.003386873935043301,0.7233610972760242,0.003386873935043301,0.12231414645876978,1
1936,0.17880521665256807,-0.06326469,0.003386873935043301,0.003386873935043301,0.7233610972760242,0.003386873935043301,0.12231414645876978,1
1937,0.17880521665256807,-0.06326469,0.003386873935043301,0.003386873935043301,0.7233610972760242,0.003386873935043301,0.12231414645876978,1
1938,0.17880521665256807,-0.06326469,0.003386873935043301,0.003386873935043301,0.7233610972760242,0.003386873935043301,0.12231414645876978,1
1939,0.17880521665256807,-0.06326469,0.003386873935043301,0.003386873935043301,0.7233610972760242,0.003386873935043301,0.12231414645876978,1
1940,0.17880521665256807,-0.06326469,0.003386873935043301,0.003386873935043301,0.7233610972760242,0.003386873935043301,0.12231414645876978,1
1941,0.17880521665256807,-0.06326469,0.003386873935043301,0.003386873935043301,0.7233610972760242,0.003386873935043301,0.12231414645876978,1
1942,0.17880521665256807,-0.06326469,0.003386873935043301,0.003386873935043301,0.7233610972760242,0.003386873935043301,0.12231414645876978,1
1943,0.17880521665256807,-0.06326469,0.003386873935043301,0.003386873935043301,0.7233610972760242,0.003386873935043301,0.12231414645876978,1
1944,0.17880521665256807,-0.06326469,0.003386873935043301,0.003386873935043301,0.7233610972760242,0.003386873935043301,0.12231414645876978,1
1945,0.17880521665256807,-0.06326469,0.003386873935043301,0.003386873935043301,0.7233610972760242,0.003386873935043301,0.12231414645876978,1
1946,0.17880521665256807,-0.06326469,0.003386873935043301,0.003386873935043301,0.7233610972760242,0.003386873935043301,0.12231414645876978,1
1947,0.17880521665256807,-0.06326469,0.003386873935043301,0.003386873935043301,0.7233610972760242,0.003386873935043301,0.12231414645876978,1
1948,0.17880521665256807,-0.06326469,0.003386873935043301,0.003386873935043301,0.7233610972760242,0.003386873935043301,0.12231414645876978,1
1949,0.17880521665256807,-0.06326469,0.003386873935043301,0.003386873935043301,0.7233610972760242,0.003386873935043301,0.12231414645876978,1
1950,0.17880521665256807,-0.06326469,0.003386873935043301,0.003386873935043301,0.7233610972760242,0.003386873935043301,0.12231414645876978,1
1951,0.17880521665256807,-0.06326469,0.003386873935043301,0.003386873935043301,0.7233610972760242,0.003386873935043301,0.12231414645876978,1
1952,0.17880521665256807,-0.06326469,0.003386873935043301,0.003386873935043301,0.7233610972760242,0.003386873935043301,0.12231414645876978,1
1953,0.17880521665256807,-0.06326469,0.003386873935043301,0.003386873935043301,0.7233610972760242,0.003386873935043301,0.12231414645876978,1
1954,0.17880521665256807,-0.06326469,0.003386873935043301,0.003386873935043301,0.7233610972760242,0.003386873935043301,0.12231414645876978,1
1955,0.17880521665256807,-0.06326469,0.003386873935043301,0.003386873935043301,0.7233610972760242,0.003386873935043301,0.12231414645876978,1
1956,0.17880521665256807,-0.06326469,0.003386873935043301,0.003386873935043301,0.7233610972760242,0.003386873935043301,0.12231414645876978,1
1957,0.17880521665256807,-0.06326469,0.003386873935043301,0.003386873935043301,0.7233610972760242,0.003386873935043301,0.12231414645876978,1
1958,0.17880521665256807,-0.06326469,0.003386873935043301,0.003386873935043301,0.7233610972760242,0.003386873935043301,0.12231414645876978,1
1959,0.17880521665256807,-0.06326469,0.003386873935043301,0.003386873935043301,0.7233610972760242,0.003386873935043301,0.12231414645876978,1
1960,0.17880521665256807,-0.06326469,0.003386873935043301,0.003386873935043301,0.7233610972760242,0.003386873935043301,0.12231414645876978,1
1961,0.17880521665256807,-0.06326469,0.003386873935043301,0.003386873935043301,0.7233610972760242,0.003386873935043301,0.12231414645876978,1
1962,0.17880521665256807,-0.06326469,0.003386873935043301,0.003386873935043301,0.7233610972760242,0.003386873935043301,0.12231414645876978,1
1963,0.17880521665256807,-0.06326469,0.003386873935043301,0.003386873935043301,0.7233610972760242,0.003386873935043301,0.12231414645876978,1
1964,0.17880521665256807,-0.06326469,0.003386873935043301,0.003386873935043301,0.7233610972760242,0.003386873935043301,0.12231414645876978,1
1965,0.17880521665256807,-0.06326469,0.003386873935043301,0.003386873935043301,0.7233610972760242,0.003386873935043301,0.12231414645876978,1
1966,0.17880521665256807,-0.06326469,0.003386873935043301,0.003386873935043301,0.7233610972760242,0.003386873935043301,0.12231414645876978,1
1967,0.17880521665256807,-0.06326469,0.003386873935043301,0.003386873935043301,0.7233610972760242,0.003386873935043301,0.12231414645876978,1
1968,0.17880521665256807,-0.06326469,0.003386873935043301,0.003386873935043301,0.7233610972760242,0.003386873935043301,0.12231414645876978,1
1969,0.17880521665256807,-0.06326469,0.003386873935043301,0.003386873935043301,0.7233610972760242,0.003386873935043301,0.12231414645876978,1
1970,0.17880521665256807,-0.06326469,0.003386873935043301,0.003386873935043301,0.7233610972760242,0.003386873935043301,0.12231414645876978,1
1971,0.17880521665256807,-0.06326469,0.003386873935043301,0.003386873935043301,0.7233610972760242,0.003386873935043301,0.12231414645876978,1
1972,0.17880521665256807,-0.06326469,0.003386873935043301,0.003386873935043301,0.7233610972760242,0.003386873935043301,0.12231414645876978,1
1973,0.17880521665256807,-0.06326469,0.003386873935043301,0.003386873935043301,0.7233610972760242,0.003386873935043301,0.12231414645876978,1
1974,0.17880521665256807,-0.06326469,0.003386873935043301,0.003386873935043301,0.7233610972760242,0.003386873935043301,0.12231414645876978,1
1975,0.17880521665256807,-0.06326469,0.003386873935043301,0.003386873935043301,0.7233610972760242,0.003386873935043301,0.12231414645876978,1
1976,0.17880521665256807,-0.06326469,0.003386873935043301,0.003386873935043301,0.7233610972760242,0.003386873935043301,0.12231414645876978,1
1977,0.17880521665256807,-0.06326469,0.003386873935043301,0.003386873935043301,0.7233610972760242,0.003386873935043301,0.12231414645876978,1
1978,0.17880521665256807,-0.06326469,0.003386873935043301,0.003386873935043301,0.7233610972760242,0.003386873935043301,0.12231414645876978,1
1979,0.17880521665256807,-0.06326469,0.003386873935043301,0.003386873935043301,0.7233610972760242,0.003386873935043301,0.12231414645876978,1
1980,0.17880521665256807,-0.06326469,0.003386873935043301,0.003386873935043301,0.7233610972760242,0.003386873935043301,0.12231414645876978,1
1981,0.17880521665256807,-0.06326469,0.003386873935043301,0.003386873935043301,0.7233610972760242,0.003386873935043301,0.12231414645876978,1
1982,0.17880521665256807,-0.06326469,0.003386873935043301,0.003386873935043301,0.7233610972760242,0.003386873935043301,0.12231414645876978,1
1983,0.17880521665256807,-0.06326469,0.003386873935043301,0.003386873935043301,0.7233610972760242,0.003386873935043301,0.12231414645876978,1
1984,0.17880521665256807,-0.06326469,0.003386873935043301,0.003386873935043301,0.7233610972760242,0.003386873935043301,0.12231414645876978,1
1985,0.17880521665256807,-0.06326469,0.003386873935043301,0.003386873935043301,0.7233610972760242,0.003386873935043301,0.12231414645876978,1
1986,0.17880521665256807,-0.06326469,0.003386873935043301,0.003386873935043301,0.7233610972760242,0.003386873935043301,0.12231414645876978,1
1987,0.17880521665256807,-0.06326469,0.003386873935043301,0.003386873935043301,0.7233610972760242,0.003386873935043301,0.12231414645876978,1
1988,0.17880521665256807,-0.06326469,0.003386873935043301,0.003386873935043301,0.7233610972760242,0.003386873935043301,0.12231414645876978,1
1989,0.17880521665256807,-0.06326469,0.003386873935043301,0.003386873935043301,0.7233610972760242,0.003386873935043301,0.12231414645876978,1
1990,0.17880521665256807,-0.06326469,0.003386873935043301,0.003386873935043301,0.7233610972760242,0.003386873935043301,0.12231414645876978,1
1991,0.17880521665256807,-0.06326469,0.003386873935043301,0.003386873935043301,0.7233610972760242,0.003386873935043301,0.12231414645876978,1
1992,0.17880521665256807,-0.06326469,0.003386873935043301,0.003386873935043301,0.7233610972760242,0.003386873935043301,0.12231414645876978,1
1993,0.17880521665256807,-0.06326469,0.003386873935043301,0.003386873935043301,0.7233610972760242,0.003386873935043301,0.12231414645876978,1
1994,0.17880521665256807,-0.06326469,0.003386873935043301,0.003386873935043301,0.7233610972760242,0.003386873935043301,0.12231414645876978,1
1995,0.17880521665256807,-0.06326469,0.003386873935043301,0.003386873935043301,0.7233610972760242,0.003386873935043301,0.12231414645876978,1
1996,0.17880521665256807,-0.06326469,0.003386873935043301,0.003386873935043301,0.7233610972760242,0.003386873935043301,0.12231414645876978,1
1997,0.17880521665256807,-0.06326469,0.003386873935043301,0.003386873935043301,0.7233610972760242,0.003386873935043301,0.12231414645876978,1
1998,0.17880521665256807,-0.06326469,0.003386873935043301,0.003386873935043301,0.7233610972760242,0.003386873935043301,0.12231414645876978,1
1999,0.17880521665256807,-0.06326469,0.003386873935043301,0.003386873935043301,0.7233610972760242,0.003386873935043301,0.12231414645876978,1
2000,0.17880521665256807,-0.06326469,0.003386873935043301,0.003386873935043301,0.7233610972760242,0.003386873935043301,0.12231414645876978,1
