iter,p1,p2,fitness,best_fitness,cl,cd,t_max,feasible
1,0.20040963693574915,-0.19748777526603156,0.005978539264104351,0.005978539264104351,0.7356381253494401,0.005978539264104351,0.12498796443793046,1
2,0.19592462783916387,-0.20176458394803617,0.005956810541513644,0.005956810541513644,0.7397023566181414,0.005956810541513644,0.12730192088093303,1
3,0.19212238011178615,-0.18196910352697504,0.005856930573599348,0.005856930573599348,0.73925627967533,0.005856930573599348,0.12309723034946621,1
4,0.19763499558172612,-0.17782147861464465,0.012438849789018578,0.005856930573599348,0.7319768203955447,0.005888894144842535,0.11919068203750466,0
5,0.1999952475304765,-0.17203223213008598,0.01479622490607167,0.005856930573599348,0.724275818877096,0.005895647615546792,0.11905657129095384,0
6,0.21065021658227126,-0.18214082914754973,0.005947684273921415,0.005856930573599348,0.7247147543311638,0.005947684273921415,0.12231472174680715,1
7,0.20502675099029857,-0.18030887144839874,0.0059382861769508265,0.005856930573599348,0.7348418306691692,0.0059382861769508265,0.12006244608334635,1
8,0.20319826093861412,-0.18312692616590834,0.0059465588120129285,0.005856930573599348,0.7234209598744538,0.0059465588120129285,0.1206080554090705,1
9,0.20503330747251383,-0.18449749803997384,0.012541074557288794,0.005856930573599348,0.7343903399987837,0.006002334281402659,0.11919137522447762,0
10,0.19932028408864727,-0.18801320447567255,0.010019325781546008,0.005856930573599348,0.7415971372443199,0.005992686060942004,0.11936544190804907,0
11,0.20394502705862966,-0.19077958831838093,0.005972097310557341,0.005856930573599348,0.7461063877492573,0.005972097310557341,0.12017424647272083,1
12,0.21366271854510152,-0.18152138601674647,0.005990780726467155,0.005856930573599348,0.7637265876767572,0.005990780726467155,0.12127466639351868,1
13,0.21575085991735463,-0.18846599291711613,0.006009838534447321,0.005856930573599348,0.774045919728534,0.006009838534447321,0.12039487891394605,1
14,0.2095689171512516,-0.17984914637597388,0.12927743694657137,0.005856930573599348,0.7691313368717706,0.005993262223888654,0.11648881537479609,0
15,0.20193880810256618,-0.18588255161721126,0.013524364805679326,0.005856930573599348,0.7609970378031605,0.00601902235284698,0.11913366620446664,0
16,0.20317272219925583,-0.18333331667472974,0.06238246766087799,0.005856930573599348,0.7505765890259553,0.006012692679595092,0.1176257680193106,0
17,0.20534192217833566,-0.17385078721292863,0.15921486517987127,0.005856930573599348,0.752251457985448,0.005992039358074226,0.1160856312664518,0
18,0.2018837069000533,-0.17721330175667835,0.08132716438819093,0.005856930573599348,0.7487083090923624,0.005963066752389635,0.11725474777778432,0
19,0.1966798446490687,-0.1916424426866138,0.04425134261068299,0.005856930573599348,0.7535788086834082,0.005989659529621034,0.11804394061743867,0
20,0.20027787901180447,-0.17906358122461097,0.11273485542865411,0.005856930573599348,0.759566432084195,0.005962904303349099,0.11673240224132,0
21,0.19507134651379318,-0.18829004635527996,0.02816289817086985,0.005856930573599348,0.7595678915890399,0.005916363758874589,0.11850847278228001,0
22,0.19415640996969777,-0.18973255622682977,0.029217077544225496,0.005856930573599348,0.7728925216195881,0.005870231787528262,0.11847203253448585,0
23,0.20935427276412366,-0.19121542726062535,0.015384805803445614,0.005856930573599348,0.7703935583740187,0.005855939589810745,0.1190238408831735,0
24,0.21576392187658558,-0.1858909603241221,0.00709521348644062,0.005856930573599348,0.7735309338279857,0.005855307209763524,0.11964787697083588,0
25,0.2196619907174221,-0.17658942382314752,0.010431415332015144,0.005856930573599348,0.784788996070437,0.00583379948695331,0.11932194278670145,0
26,0.23328725390128188,-0.17109834072529534,0.005842114349502403,0.005842114349502403,0.7903675199411084,0.005842114349502403,0.12098120374871812,1
27,0.23108496977325382,-0.16711468765666684,0.0057837998425538184,0.0057837998425538184,0.800904783164009,0.0057837998425538184,0.12117397306956487,1
28,0.21657080373657733,-0.15805782779655284,0.005794323897001645,0.0057837998425538184,0.791327092048544,0.005762793111940302,0.11994384772038345,0
29,0.21816746266947656,-0.14771842959101317,0.06469799050192347,0.0057837998425538184,0.798172655094987,0.005774210733040879,0.1175725779153826,0
30,0.2173770726281163,-0.14036115171238508,0.0062201776022629204,0.0057837998425538184,0.7937593182106163,0.005735070135861294,0.11977974844690635,0
31,0.22266355912088875,-0.13825587435086992,0.0057435257993384385,0.0057435257993384385,0.795855187521346,0.0057435257993384385,0.12103169953804355,1
32,0.20519117383651417,-0.1274527119249659,0.03972024890146844,0.0057435257993384385,0.7886197115107617,0.00558349228001681,0.11815238649546363,0
33,0.19426061037002287,-0.11905021948851115,0.24536083570083417,0.0057435257993384385,0.8044545352635433,0.005555783974355674,0.11510301060112972,0
34,0.2048700572339498,-0.11273701662175731,0.1468473607833264,0.0057435257993384385,0.7991848868505642,0.005574781453709707,0.11624137552647758,0
35,0.21186358229315164,-0.11278118549193365,0.09268071615941749,0.0057435257993384385,0.7941471136596626,0.005572685068287218,0.11704859302889062,0
36,0.20401716247111595,-0.11596380522060465,0.02625285165786965,0.0057435257993384385,0.7953634718984859,0.005552693766302848,0.11856124505590539,0
37,0.20442666474266408,-0.10989790608532601,0.07032075286682071,0.0057435257993384385,0.789288090318504,0.005430441693837289,0.11745264232639027,0
38,0.1936309284244994,-0.08796088032508245,0.07795687820587854,0.0057435257993384385,0.7975360121772861,0.005328052042913866,0.11730502641640099,0
39,0.19229922942625646,-0.08640604335579839,0.3514029059978625,0.0057435257993384385,0.7938678101501909,0.005355478768556121,0.11411742040232938,0
40,0.20315148847680276,-0.07980702832963545,0.43652555367084056,0.0057435257993384385,0.7859742915212578,0.005350520560768167,0.11343360804467116,0
41,0.19724782910829428,-0.07811609208822227,0.6659427472488447,0.0057435257993384385,0.779860917748669,0.005281524284897645,0.11187189306810037,0
42,0.1853533164803045,-0.08971233195813981,0.6856477224392309,0.0057435257993384385,0.7597695482003274,0.005452611996042624,0.11175260580278117,0
43,0.1853533164803045,-0.08971233195813981,0.6856477224392309,0.0057435257993384385,0.7597695482003274,0.005452611996042624,0.11175260580278117,0
44,0.18799773082807508,-0.087306912990854,0.5722036503031251,0.0057435257993384385,0.7611164912672239,0.0054071481342944415,0.11247141114040067,0
45,0.19006237668346201,-0.10182855030399621,0.06926671292482729,0.0057435257993384385,0.7722099962057501,0.005473168930089884,0.11747426161301813,0
46,0.19239173422153166,-0.11236347730517758,0.09738894623055211,0.0057435257993384385,0.7837249202784831,0.005500709761087659,0.11696869274949792,0
47,0.19239173422153166,-0.11236347730517758,0.09738894623055211,0.0057435257993384385,0.7837249202784831,0.005500709761087659,0.11696869274949792,0
48,0.1985876764022845,-0.12503685907862055,0.03470781420431573,0.0057435257993384385,0.7827372766468367,0.005583551025680938,0.1182934167708947,0
49,0.21601365925705437,-0.1306689895736684,0.018172390251595453,0.0057435257993384385,0.7988888831841068,0.005692506148597455,0.11888286598373346,0
50,0.20896272491271198,-0.1317947958510437,0.0056728940935289966,0.0056728940935289966,0.7962358315407827,0.0056728940935289966,0.12021159112693884,1
51,0.19977175350205698,-0.13354571518265607,0.005512498262551668,0.005512498262551668,0.7860026549759718,0.005512498262551668,0.12132127821692597,1
52,0.21294556567854256,-0.13344646897777632,0.005624417278738853,0.005512498262551668,0.7927114876170771,0.005624417278738853,0.1224923915405397,1
53,0.2312562944113362,-0.14183635858036023,0.005703055103975284,0.005512498262551668,0.7873650100243881,0.005703055103975284,0.1231903629482184,1
54,0.22334344151239216,-0.1455735654776036,0.005686204002786258,0.005512498262551668,0.791668616063884,0.005686204002786258,0.12566423978672012,1
55,0.22840903128584203,-0.14134771901457888,0.005694373620241867,0.005512498262551668,0.7929145795633352,0.005694373620241867,0.12595635614713424,1
56,0.21956333501532954,-0.13246501901680557,0.005597203183966391,0.005512498262551668,0.7846855366905063,0.005597203183966391,0.12884811013034175,1
57,0.21717136512101273,-0.1416452065975765,0.00559221958368813,0.005512498262551668,0.7936258755388776,0.00559221958368813,0.1323905587456593,1
58,0.2138286876146238,-0.14277167971432667,0.005546094254941085,0.005512498262551668,0.7912794253649216,0.005546094254941085,0.1323923839269455,1
59,0.20360883722361703,-0.13868216513001472,0.005585614746635789,0.005512498262551668,0.7903095661254721,0.005585614746635789,0.1298635138015048,1
60,0.19950741771167288,-0.13893145812480556,0.005543987367892357,0.005512498262551668,0.7982107754314213,0.005543987367892357,0.1287872994223451,1
61,0.20401332285244347,-0.1394617963071434,0.005589147889727937,0.005512498262551668,0.7962286350039105,0.005589147889727937,0.12866497858826142,1
62,0.21317798672295124,-0.1336300925728438,0.005584918304630509,0.005512498262551668,0.7969561109093078,0.005584918304630509,0.12803911431616646,1
63,0.20986165417332237,-0.13548991175222722,0.005575230798516834,0.005512498262551668,0.7923967591827619,0.005575230798516834,0.12689916318580788,1
64,0.21604447997053994,-0.12677481872926308,0.005496615905181918,0.005496615905181918,0.7914437606201677,0.005496615905181918,0.1276107719221553,1
65,0.20406151015396568,-0.133943394467483,0.0053419235653071806,0.0053419235653071806,0.7695492588810968,0.0053419235653071806,0.12883780820636082,1
66,0.20288073340029605,-0.14512936187329156,0.005378251769788498,0.0053419235653071806,0.7760364825215509,0.005378251769788498,0.13180195127832975,1
67,0.21300182616722377,-0.14368353534972605,0.005483995636616717,0.0053419235653071806,0.7797361483391294,0.005483995636616717,0.1307464977680533,1
68,0.21687425727459783,-0.1373843168892419,0.0054841787904945285,0.0053419235653071806,0.7654506711273789,0.0054841787904945285,0.13187027477672375,1
69,0.21675724414007946,-0.13252584002565443,0.005484764368463851,0.0053419235653071806,0.7841441703305161,0.005484764368463851,0.1321637537552305,1
70,0.21964726949120467,-0.13715132821559314,0.0055045322365414925,0.0053419235653071806,0.796934211712779,0.0055045322365414925,0.13402344419301146,1
71,0.21985207635461523,-0.132552253424963,0.005419705002183371,0.0053419235653071806,0.8017001161367594,0.005419705002183371,0.13157598999279174,1
72,0.2191730956863582,-0.12490262720721211,0.005359393715765807,0.0053419235653071806,0.7973655575476704,0.005359393715765807,0.1325050638337246,1
73,0.21519077752454813,-0.13521972624767783,0.005476252133032392,0.0053419235653071806,0.7979212002663292,0.005476252133032392,0.1349561304842174,1
74,0.22318398149921442,-0.14396395218673894,0.005633799108997293,0.0053419235653071806,0.7959088730230937,0.005633799108997293,0.13310305623060237,1
75,0.21426676310185752,-0.1399043603150845,0.005558771488131659,0.0053419235653071806,0.8083967030676417,0.005558771488131659,0.13107575907550256,1
76,0.21362739628006103,-0.1389916163588451,0.005580944521041511,0.0053419235653071806,0.7961254357194175,0.005580944521041511,0.13091396845384742,1
77,0.21239452276934548,-0.13634018019730634,0.005524035609312728,0.0053419235653071806,0.7913179493689274,0.005524035609312728,0.13080678729020684,1
78,0.2295089600274231,-0.13825813138553625,0.0055934769078501,0.0053419235653071806,0.7900090890212402,0.0055934769078501,0.1325394057574175,1
79,0.22543930972522067,-0.1332832902760394,0.0055784232724055555,0.0053419235653071806,0.7922742076011604,0.0055784232724055555,0.13077850581074324,1
80,0.23482574244286525,-0.13792464355179235,0.005673893407119737,0.0053419235653071806,0.7977195611827632,0.005673893407119737,0.1325604430510798,1
81,0.25595144119887536,-0.14150321552967549,0.005743714278903313,0.0053419235653071806,0.8101586882913917,0.005743714278903313,0.13175295347498664,1
82,0.24721786084998368,-0.1338176145914775,0.005628552627616827,0.0053419235653071806,0.8086080156257672,0.005628552627616827,0.13051886377322894,1
83,0.25773821084178067,-0.13773853881262613,0.005749628408306495,0.0053419235653071806,0.814851727797575,0.005749628408306495,0.13233828873121464,1
84,0.241817922440292,-0.13198657529834715,0.005766383802860574,0.0053419235653071806,0.8029879680055945,0.005766383802860574,0.1305218956216509,1
85,0.2423652784140963,-0.12129366179007768,0.00556203372439699,0.0053419235653071806,0.8052961752748027,0.00556203372439699,0.12869105593160127,1
86,0.2450865685112461,-0.12180382076340289,0.005590070059472225,0.0053419235653071806,0.811410332754591,0.005590070059472225,0.1294427945701683,1
87,0.24089162831577268,-0.1367728676512478,0.005609222405774175,0.0053419235653071806,0.8156923413382546,0.005609222405774175,0.12821639605239496,1
88,0.23644727447081507,-0.13570113295209982,0.005644392407335299,0.0053419235653071806,0.8310436545401895,0.005644392407335299,0.126563581311693,1
89,0.23785493215079329,-0.14119898474932008,0.005719029914888735,0.0053419235653071806,0.8384199909941876,0.005719029914888735,0.12494425904304322,1
90,0.2361153161243474,-0.14331912471076003,0.005732032333941625,0.0053419235653071806,0.8416094907765261,0.005732032333941625,0.12560122208551774,1
91,0.22700940521736324,-0.1525327851417389,0.005628732802207187,0.0053419235653071806,0.8371133016148008,0.005628732802207187,0.12421835182745632,1
92,0.21098459815496468,-0.16077458774523404,0.005568365952466172,0.0053419235653071806,0.8320556396670258,0.005568365952466172,0.12459383942971383,1
93,0.21582940631802155,-0.16101460424945863,0.005592454366622134,0.0053419235653071806,0.8300560623590547,0.005592454366622134,0.12660660799799453,1
94,0.22237241213578804,-0.1570954830439087,0.005573867348480727,0.0053419235653071806,0.8203391466636115,0.005573867348480727,0.12558887154700668,1
95,0.2110223317843749,-0.15620325846254235,0.005544520618100526,0.0053419235653071806,0.8264505045216143,0.005544520618100526,0.12552318039656743,1
96,0.20602064100875178,-0.1613219102297229,0.005572967374171765,0.0053419235653071806,0.8146445690349985,0.005572967374171765,0.12247550067314275,1
97,0.2218573473663392,-0.15259674611163662,0.0055027912755271895,0.0053419235653071806,0.8140927392306008,0.0055027912755271895,0.12108507228151205,1
98,0.22409732976147997,-0.14564001044321914,0.00554181547316648,0.0053419235653071806,0.8035815593892079,0.00547553097938272,0.11991858471041397,0
99,0.21995285324959588,-0.14397428582171007,0.010172741956203489,0.0053419235653071806,0.7893234024479342,0.005516525143314135,0.11931763522856983,0
100,0.22490471329263112,-0.1510329690907537,0.005576046753751635,0.0053419235653071806,0.798219776604622,0.005576046753751635,0.12163032327968255,1
101,0.2342670307994689,-0.15049726109155961,0.009250858990489918,0.0053419235653071806,0.7975197666802791,0.005649059986975842,0.11939985010176506,0
102,0.2393123051208751,-0.15835874816054846,0.00583726166348825,0.0053419235653071806,0.8012334235843015,0.00583726166348825,0.12079504436092518,1
103,0.23989533930052648,-0.16311889264275517,0.0058385817055870365,0.0053419235653071806,0.8005656865502486,0.0058385817055870365,0.12135997373637139,1
104,0.24025540698663378,-0.16775308551506388,0.0058503777008801095,0.0053419235653071806,0.7986004393560365,0.0058503777008801095,0.1238643664915128,1
105,0.24065903770152566,-0.1744458501960225,0.0057953798478133575,0.0053419235653071806,0.7989793925697425,0.0057953798478133575,0.1254810806969746,1
106,0.23913825724614793,-0.17721161002812874,0.005827712639707811,0.0053419235653071806,0.8008530202840863,0.005827712639707811,0.12648183321216894,1
107,0.24269738701495272,-0.18082475377382357,0.005979568479596295,0.0053419235653071806,0.8089060064472614,0.005979568479596295,0.12771479741341302,1
108,0.23858975040977484,-0.18093383644918115,0.005873497214181561,0.0053419235653071806,0.8016547091235059,0.005873497214181561,0.12411083897962974,1
109,0.23839520556576657,-0.19070863209256705,0.00600665708573177,0.0053419235653071806,0.7997890281877678,0.00600665708573177,0.12420271710569376,1
110,0.2270013580998316,-0.1887382584659568,0.005916476513741979,0.0053419235653071806,0.8051413620966545,0.005916476513741979,0.12300875027864355,1
111,0.22763296581879244,-0.19445601919008978,0.005978413958942272,0.0053419235653071806,0.8050945300395462,0.005978413958942272,0.12467893967254289,1
112,0.2360811079207663,-0.19675511304184,0.006073024932769801,0.0053419235653071806,0.8145316177064724,0.006073024932769801,0.12559876452559374,1
113,0.24645239108759426,-0.19278776455131816,0.006176348382598002,0.0053419235653071806,0.804310103854968,0.006176348382598002,0.12966124031413798,1
114,0.24487595901954562,-0.19397850676204634,0.0061026195140211625,0.0053419235653071806,0.8149520413208182,0.0061026195140211625,0.12893766231840936,1
115,0.24959898805880093,-0.19774490061951336,0.006208062600506253,0.0053419235653071806,0.8202226655402299,0.006208062600506253,0.127533363898825,1
116,0.23606735629490322,-0.20217934525882283,0.006027626576851332,0.0053419235653071806,0.8259776853982634,0.006027626576851332,0.1282303324019499,1
117,0.24524423142074203,-0.20576468999999997,0.006199990821772288,0.0053419235653071806,0.823540417564459,0.006199990821772288,0.12953659651580765,1
118,0.2503911985952649,-0.20576468999999997,0.006144979950007851,0.0053419235653071806,0.8363817874388906,0.006144979950007851,0.13410766197936796,1
119,0.246370934454831,-0.1984682445035933,0.006082133609197824,0.0053419235653071806,0.8545421036486757,0.006082133609197824,0.13358688498660717,1
120,0.24515836901934088,-0.20576468999999997,0.006077354696660661,0.0053419235653071806,0.8545215766845538,0.006077354696660661,0.13531967792468222,1
121,0.2559416984399411,-0.20576468999999997,0.006021283036940735,0.0053419235653071806,0.8729775316807677,0.006021283036940735,0.1375451572386237,1
122,0.2524586463097139,-0.20576468999999997,0.006116136287469058,0.0053419235653071806,0.8476969567906014,0.006116136287469058,0.13817285850137215,1
123,0.2539241617313088,-0.20323689331453731,0.006193727336671281,0.0053419235653071806,0.8431760728321254,0.006193727336671281,0.13624997179904091,1
124,0.25321056393638913,-0.19672760285262542,0.006232815753976776,0.0053419235653071806,0.8368369018358335,0.006232815753976776,0.13449734825025725,1
125,0.2539347794861769,-0.19172295604742406,0.006289753367408369,0.0053419235653071806,0.8262920070915165,0.006289753367408369,0.13197212329911887,1
126,0.2595939153284824,-0.2032307702357508,0.006393590640505454,0.0053419235653071806,0.8250765486762277,0.006393590640505454,0.13120692261008798,1
127,0.2574881839924383,-0.20576468999999997,0.0062578141889198125,0.0053419235653071806,0.8317411306057354,0.0062578141889198125,0.13235368278863344,1
128,0.2524240182546504,-0.20576468999999997,0.006125204224577635,0.0053419235653071806,0.8308095922708594,0.006125204224577635,0.13298832919799664,1
129,0.24212035602265924,-0.20576468999999997,0.006032751465762615,0.0053419235653071806,0.8289141149907899,0.006032751465762615,0.13282632667240019,1
130,0.24951887590726834,-0.20318137294293626,0.006062334760583355,0.0053419235653071806,0.835621606563133,0.006062334760583355,0.1322045584451002,1
131,0.2529725972304915,-0.20576468999999997,0.00610846194114874,0.0053419235653071806,0.8402413521168309,0.00610846194114874,0.1295243566528838,1
132,0.2548611215499787,-0.20553152799777244,0.006033253352834689,0.0053419235653071806,0.8472136181608831,0.006033253352834689,0.12915407642198978,1
133,0.2567918151392578,-0.20576468999999997,0.0060120327020438905,0.0053419235653071806,0.8462242855307724,0.0060120327020438905,0.12951831435234681,1
134,0.26068076250801214,-0.2003241034080835,0.005982748371869556,0.0053419235653071806,0.8422276271047833,0.005982748371869556,0.1273483896954817,1
135,0.2609511593665816,-0.20318882896276477,0.005951050512053401,0.0053419235653071806,0.8510800592765846,0.005951050512053401,0.1273875631105497,1
136,0.2471563377566214,-0.20576468999999997,0.005930734861903886,0.0053419235653071806,0.8519537906950934,0.005930734861903886,0.1259147519325026,1
137,0.2350090780584286,-0.20576468999999997,0.005779665057444524,0.0053419235653071806,0.8464045974832747,0.005779665057444524,0.12445431844802739,1
138,0.2364054001747139,-0.20334564930279073,0.005836725420848454,0.0053419235653071806,0.8386949470659437,0.005836725420848454,0.1264394112328978,1
139,0.22889791293829612,-0.20284652764060931,0.005673122503491942,0.0053419235653071806,0.8435936416412811,0.005673122503491942,0.12492124928523572,1
140,0.23024868195656217,-0.19920420911899384,0.005663300223965845,0.0053419235653071806,0.8425948710327501,0.005663300223965845,0.12230996630147958,1
141,0.24193342922833336,-0.18373624225682192,0.005706503485052959,0.0053419235653071806,0.8429400259226116,0.005706503485052959,0.12207585789910647,1
142,0.24118152760781691,-0.18051550467664831,0.00573127995085617,0.0053419235653071806,0.8184314489796143,0.00573127995085617,0.12256320407019178,1
143,0.23897841293383665,-0.18165645084506063,0.005668920501201103,0.0053419235653071806,0.8097093478586698,0.005668920501201103,0.12168356656959615,1
144,0.24664496379635165,-0.19450382103838423,0.005713826833461966,0.0053419235653071806,0.8036970263319758,0.005713826833461966,0.1260851090298908,1
145,0.24767714590703674,-0.2008318747954418,0.0057457596589552675,0.0053419235653071806,0.7905538857296401,0.0057457596589552675,0.1245827564807961,1
146,0.23990805248025646,-0.19404077627880992,0.005729442748334385,0.0053419235653071806,0.7937532091196553,0.005729442748334385,0.12528984628845188,1
147,0.23967128879691468,-0.19290179948582845,0.005756468930072338,0.0053419235653071806,0.7874762422475442,0.005756468930072338,0.12428455567229578,1
148,0.25278283588266387,-0.18913931236563652,0.005927833303574815,0.0053419235653071806,0.781552284117132,0.005927833303574815,0.12452635705200576,1
149,0.26013972758859816,-0.19133405664045994,0.006100943195155929,0.0053419235653071806,0.7823746295144364,0.006100943195155929,0.12283890473425385,1
150,0.2680506319177253,-0.1916615929468696,0.006182182946059427,0.0053419235653071806,0.7828573134392981,0.006182182946059427,0.12253828793521054,1
151,0.2674210458333873,-0.18669579281473062,0.006095067089246908,0.0053419235653071806,0.7892188263289949,0.006095067089246908,0.12157830963655511,1
152,0.2562285532498993,-0.18214967871696522,0.009057308298184902,0.0053419235653071806,0.7889152816763324,0.006091352280989263,0.11945539408585697,0
153,0.24724068756010664,-0.18337420249551617,0.008128868020252434,0.0053419235653071806,0.7904485612736355,0.005901942705991698,0.11952809690462333,0
154,0.2612106128742541,-0.1942364166626778,0.00613252066074035,0.0053419235653071806,0.7913223408517714,0.00613252066074035,0.12116423018361107,1
155,0.2564690292945863,-0.19241759377735615,0.006115088641838658,0.0053419235653071806,0.7862613291942354,0.006115088641838658,0.12121523518228819,1
156,0.25818238694606405,-0.1894628667601486,0.04869385401170101,0.0053419235653071806,0.7967468330182391,0.0060851115052494974,0.11793581147889899,0
157,0.2628556799788386,-0.1949696201433918,0.00776058487430322,0.0053419235653071806,0.79755402609196,0.006233051115631105,0.11960916323629012,0
158,0.2696466959271432,-0.18926670227614456,0.012694274733043732,0.0053419235653071806,0.8093124622537418,0.0062326154730081495,0.11919615553369849,0
159,0.2696466959271432,-0.18926670227614456,0.012694274733043732,0.0053419235653071806,0.8093124622537418,0.0062326154730081495,0.11919615553369849,0
160,0.27434382131472407,-0.18335669402738086,0.011868510114893246,0.0053419235653071806,0.7935602010739495,0.006329151747711661,0.1192557313410346,0
161,0.27477084130537166,-0.17052805185911604,0.019756617192357592,0.0053419235653071806,0.7858330388591155,0.0062487883750753275,0.11883776814631149,0
162,0.27645648628036457,-0.18359060765622437,0.0066533715323250624,0.0053419235653071806,0.7808955896425377,0.006420393332593038,0.1198473637658575,0
163,0.27645648628036457,-0.18359060765622437,0.0066533715323250624,0.0053419235653071806,0.7808955896425377,0.006420393332593038,0.1198473637658575,0
164,0.2792385483361079,-0.1734535271865123,0.041386478901430934,0.0053419235653071806,0.7796891816775704,0.0063982240561273355,0.11812948523541503,0
165,0.28068708180903756,-0.19363522912829279,0.006515045310672744,0.0053419235653071806,0.763160022149704,0.006515045310672744,0.12049770020971641,1
166,0.28948732479042083,-0.1955804949234657,0.006624617726431951,0.0053419235653071806,0.7702485629386178,0.006624617726431951,0.12028886057487544,1
167,0.2832909753363386,-0.1979219015631772,0.006615372922234809,0.0053419235653071806,0.7666997206865008,0.006615372922234809,0.12135823939481116,1
168,0.288569348797457,-0.1807320166841852,0.011217736015471002,0.0053419235653071806,0.7687890463904631,0.006674033069958271,0.11932593005218206,0
169,0.28953766999999997,-0.1737434358590807,0.006588947529380821,0.0053419235653071806,0.7647684923565877,0.006588947529380821,0.12122748534750251,1
170,0.28953766999999997,-0.17903826749555257,0.006766960712072015,0.0053419235653071806,0.752936663612161,0.006766960712072015,0.120012699722445,1
171,0.28953766999999997,-0.16990655545615072,0.02479213886896637,0.0053419235653071806,0.7530519518903069,0.006802904196591145,0.11865876047357769,0
172,0.2812012942394827,-0.16755484232536078,0.0383611744943766,0.0053419235653071806,0.7515513503201997,0.006634652224819412,0.11821880595471584,0
173,0.28953766999999997,-0.1833143584435835,0.00677758099992412,0.0053419235653071806,0.7538663580747633,0.00677758099992412,0.12126803481915635,1
174,0.27815103399282826,-0.18027991209945812,0.006512887197846168,0.0053419235653071806,0.7612095196998114,0.006512887197846168,0.1220732910619649,1
175,0.28327930933063405,-0.1825104505669356,0.006594273117930023,0.0053419235653071806,0.7627168455058698,0.006594273117930023,0.12191555990826905,1
176,0.2821832988868457,-0.18791114515238114,0.006538040577344474,0.0053419235653071806,0.7491902966744721,0.006538040577344474,0.12409382254907769,1
177,0.28289950456021634,-0.17808783821025476,0.0063678156650568895,0.0053419235653071806,0.7402791518738607,0.0063678156650568895,0.12672430619662964,1
178,0.2844235696211519,-0.1838242415444446,0.006559210167104392,0.0053419235653071806,0.7548151284029057,0.006559210167104392,0.12521776083751932,1
179,0.2740839428295345,-0.20237926527291292,0.006690389706059233,0.0053419235653071806,0.7476662818961365,0.006690389706059233,0.1250077634496932,1
180,0.2672996688315167,-0.19746132807020347,0.006418862686533509,0.0053419235653071806,0.7271601583271926,0.006418862686533509,0.1277109350370072,1
181,0.2672996688315167,-0.19746132807020347,0.006418862686533509,0.0053419235653071806,0.7271601583271926,0.006418862686533509,0.1277109350370072,1
182,0.2679075605972925,-0.19282687116088348,0.00646677976073215,0.0053419235653071806,0.7281200003277987,0.00646677976073215,0.12726308000829356,1
183,0.2514546265118878,-0.18507868892090906,0.0061516455236253495,0.0053419235653071806,0.7413641678264771,0.0061516455236253495,0.12561314626974057,1
184,0.24219842042124273,-0.20211651924195612,0.006072863418590266,0.0053419235653071806,0.7453984287408856,0.006072863418590266,0.1260398447889787,1
185,0.2417688613575775,-0.1891545540609456,0.0059682507122849615,0.0053419235653071806,0.7634678124518929,0.0059682507122849615,0.12591989020991168,1
186,0.23466957057226215,-0.1937814698788698,0.0060792285263154165,0.0053419235653071806,0.7647607704805535,0.0060792285263154165,0.12208601112752024,1
187,0.2273352985764649,-0.19759905530311742,0.006074829562479592,0.0053419235653071806,0.7552833222874993,0.006074829562479592,0.12222891485148213,1
188,0.228475428435666,-0.20054499457612077,0.005927621525720829,0.0053419235653071806,0.7548571724411264,0.005927621525720829,0.12477503132816571,1
189,0.22870910702797356,-0.20576468999999997,0.006039627119936107,0.0053419235653071806,0.7398729502723798,0.006039627119936107,0.12678853051204458,1
190,0.235466787270737,-0.2043587332540091,0.006076532172603125,0.0053419235653071806,0.7527202122549957,0.006076532172603125,0.12489613745319249,1
191,0.22746865552624554,-0.2015750248173961,0.005903396718170091,0.0053419235653071806,0.760098102631616,0.005903396718170091,0.12452392267728933,1
192,0.21655951457053602,-0.19755220759540418,0.005718546308320924,0.0053419235653071806,0.7612079482468148,0.005718546308320924,0.12556976632671651,1
193,0.2156227723263754,-0.20576468999999997,0.00588015615008304,0.0053419235653071806,0.7645479845833649,0.00588015615008304,0.125924895217421,1
194,0.2106452128727535,-0.2028585679255758,0.005806063021354531,0.0053419235653071806,0.7786391805536075,0.005806063021354531,0.12647997608829845,1
195,0.21174486176808743,-0.20576468999999997,0.005871369122086447,0.0053419235653071806,0.7922632270884371,0.005871369122086447,0.12708223222550158,1
196,0.20220729544505928,-0.20576468999999997,0.005754943571604077,0.0053419235653071806,0.7899704631758602,0.005754943571604077,0.12689418394741112,1
197,0.20210870150413784,-0.20576468999999997,0.005712159648351702,0.0053419235653071806,0.7964596716654078,0.005712159648351702,0.125514293670216,1
198,0.19974812927395666,-0.20576468999999997,0.005791243921798323,0.0053419235653071806,0.7991879497142423,0.005791243921798323,0.1247226125078985,1
199,0.19158616947071436,-0.20576468999999997,0.005683368858620403,0.0053419235653071806,0.7975230416195359,0.005683368858620403,0.12275806226741226,1
200,0.1888116834766242,-0.20576468999999997,0.005642961222021745,0.0053419235653071806,0.803656553305514,0.005642961222021745,0.12151528785859567,1
201,0.18325663247834165,-0.20576468999999997,0.005642456705940789,0.0053419235653071806,0.7939452360157154,0.005642456705940789,0.12167283508055499,1
202,0.16835036846726192,-0.20576151585391372,0.0056786132492998385,0.0053419235653071806,0.8126477972249235,0.0056786132492998385,0.12298383008941308,1
203,0.16175671800658736,-0.199645051647735,0.005663333182774742,0.0053419235653071806,0.8045890409915522,0.005663333182774742,0.12211081889837325,1
204,0.18042986878017592,-0.1969938001554111,0.0056902618198098765,0.0053419235653071806,0.8218563696106911,0.0056902618198098765,0.12314415621192479,1
205,0.18280767980805426,-0.19895817827997228,0.005669985697275169,0.0053419235653071806,0.8225284984056361,0.005669985697275169,0.12195363437556596,1
206,0.18142579032990036,-0.20576468999999997,0.005588771130386359,0.0053419235653071806,0.8103371101578991,0.005588771130386359,0.12268563924541839,1
207,0.19061274298183928,-0.19581393714748346,0.005580063673105083,0.0053419235653071806,0.8304892938125724,0.005580063673105083,0.12340032134944395,1
208,0.198266754523695,-0.19327741841425516,0.005637425831502015,0.0053419235653071806,0.8427733843430903,0.005637425831502015,0.12375932149327123,1
209,0.19091002171106128,-0.20104105380531967,0.005535916957609888,0.0053419235653071806,0.8425250652241336,0.005535916957609888,0.12689913086715054,1
210,0.18444225892751448,-0.20576468999999997,0.005531876788078073,0.0053419235653071806,0.8438218065117987,0.005531876788078073,0.12821601316237768,1
211,0.18869750998256984,-0.20182955294403337,0.00556522608298639,0.0053419235653071806,0.8386077651524562,0.00556522608298639,0.1271875962666167,1
212,0.18541946667186868,-0.20576468999999997,0.005551068199037184,0.0053419235653071806,0.8409412674647327,0.005551068199037184,0.12515829141125534,1
213,0.18038000133483745,-0.20576468999999997,0.005591746121307934,0.0053419235653071806,0.8412033120039928,0.005591746121307934,0.1263064212214608,1
214,0.18481225001576804,-0.20398836625605266,0.005627965461379992,0.0053419235653071806,0.8675531294125283,0.005627965461379992,0.12779640566206354,1
215,0.1751648692114669,-0.20576468999999997,0.005569746644842181,0.0053419235653071806,0.8741881864487313,0.005569746644842181,0.12594728522106413,1
216,0.17469359830674203,-0.2057548599865681,0.005551304978082719,0.0053419235653071806,0.8782602705240604,0.005551304978082719,0.12661937530546535,1
217,0.1775728225986812,-0.19896759642469464,0.005504352114611959,0.0053419235653071806,0.8837131225685331,0.005504352114611959,0.12261637677989559,1
218,0.17058846171756145,-0.1978909345590404,0.005559549791557986,0.0053419235653071806,0.8753492629966839,0.005559549791557986,0.1243373957635935,1
219,0.16253282745613157,-0.19608713223801977,0.005599494348988554,0.0053419235653071806,0.874946745827835,0.005599494348988554,0.12415067562476956,1
220,0.16497717989472885,-0.20576468999999997,0.005642119857587089,0.0053419235653071806,0.8617059900535484,0.005642119857587089,0.12633698066659474,1
221,0.16150585908121498,-0.20152510505592158,0.0056623976199486545,0.0053419235653071806,0.8461006773913389,0.0056623976199486545,0.12584848626070752,1
222,0.17113906197400258,-0.20576468999999997,0.0057970233162031965,0.0053419235653071806,0.8324174029852712,0.0057970233162031965,0.12683305318609853,1
223,0.17030710482396144,-0.20232996456773536,0.005799980463208397,0.0053419235653071806,0.8454881572952583,0.005799980463208397,0.12765908122015138,1
224,0.1824388173034405,-0.2042759613286346,0.005924955153295503,0.0053419235653071806,0.8275181400253308,0.005924955153295503,0.12546247117432074,1
225,0.19600579050414818,-0.1937528035425419,0.005985619925421549,0.0053419235653071806,0.8311513397388585,0.005985619925421549,0.13065618785244693,1
226,0.19915494079971277,-0.19624668503150378,0.006007806126191842,0.0053419235653071806,0.8283820110170936,0.006007806126191842,0.1317138700034865,1
227,0.19537003895063362,-0.2022216088454403,0.006033213960274583,0.0053419235653071806,0.8272895511109608,0.006033213960274583,0.131825519707626,1
228,0.1902788915152787,-0.20271735358400403,0.006030177383891101,0.0053419235653071806,0.8226890947754688,0.006030177383891101,0.12979069576155766,1
229,0.20409563857011237,-0.1855457569569782,0.005945984560948102,0.0053419235653071806,0.8238716375715707,0.005945984560948102,0.12872458760359137,1
230,0.20449703461364874,-0.18377035892101667,0.005863509827518215,0.0053419235653071806,0.8180691929563797,0.005863509827518215,0.1302434216636637,1
231,0.21467949337082484,-0.1784774851290289,0.005818956514764986,0.0053419235653071806,0.8240813701692664,0.005818956514764986,0.13097656024887988,1
232,0.2096725562574473,-0.18682984085588084,0.0058088443325321395,0.0053419235653071806,0.8152461835885855,0.0058088443325321395,0.1285101917172745,1
233,0.21673527419706592,-0.19267360111908377,0.0059885520706199355,0.0053419235653071806,0.7987593926918688,0.0059885520706199355,0.1313715325933445,1
234,0.21734239152570747,-0.18934857037257544,0.005913167082042954,0.0053419235653071806,0.801129946992814,0.005913167082042954,0.12623551767168012,1
235,0.22543368507438594,-0.18063410351952125,0.005906609137216276,0.0053419235653071806,0.7877036909184955,0.005906609137216276,0.12457149580974397,1
236,0.21180886837452004,-0.17163019344123173,0.005722692761547465,0.0053419235653071806,0.7976149645469658,0.005722692761547465,0.12318911488638952,1
237,0.21180886837452004,-0.17163019344123173,0.005722692761547465,0.0053419235653071806,0.7976149645469658,0.005722692761547465,0.12318911488638952,1
238,0.19938051199966245,-0.17070750272779903,0.0055639891437971175,0.0053419235653071806,0.7904134521870108,0.0055639891437971175,0.12503988328986496,1
239,0.18608850315448083,-0.16248836329859753,0.005367193518656067,0.0053419235653071806,0.7800160647607042,0.005367193518656067,0.1272888126884723,1
240,0.19487945093311704,-0.16813285175516346,0.005475810204515373,0.0053419235653071806,0.7860255141873994,0.005475810204515373,0.12870276350895354,1
241,0.1771501185400495,-0.17057351481127503,0.005420044266881465,0.0053419235653071806,0.7782047293979859,0.005420044266881465,0.1280771393184904,1
242,0.17297108324440646,-0.1675418990369384,0.005419754493808095,0.0053419235653071806,0.7663266593959267,0.005419754493808095,0.1283870057462138,1
243,0.18533250634724371,-0.16528004455053089,0.005354516315424138,0.0053419235653071806,0.7571658031803603,0.005354516315424138,0.12794293329247147,1
244,0.19783640448273032,-0.16383845187601842,0.005418983580992454,0.0053419235653071806,0.7787947559715328,0.005418983580992454,0.1271891843385691,1
245,0.19891853245122965,-0.15917388097645693,0.005456384979072343,0.0053419235653071806,0.7808852199789212,0.005456384979072343,0.1283508154647688,1
246,0.19824551411083038,-0.16009669136035895,0.0054324191535922595,0.0053419235653071806,0.7985815946457709,0.0054324191535922595,0.12813595262762797,1
247,0.1930470965134526,-0.16837440124823455,0.005425244983128597,0.0053419235653071806,0.7881830512093431,0.005425244983128597,0.12786236747427177,1
248,0.19166292894810563,-0.16487454663217407,0.005228714112423856,0.005228714112423856,0.7891528054801038,0.005228714112423856,0.12887340419844215,1
249,0.1921807776839522,-0.16458010150224592,0.005261014011911015,0.005228714112423856,0.7902345160412275,0.005261014011911015,0.12748029099120495,1
250,0.18769047049241924,-0.16005101262539534,0.00511127776551184,0.00511127776551184,0.7859961260404621,0.00511127776551184,0.1302022761177498,1
251,0.18761253840367884,-0.15825432025325686,0.005112259501087633,0.00511127776551184,0.7691885215669731,0.005112259501087633,0.12831230472946037,1
252,0.17938770439251883,-0.16499276093572143,0.005054684597803606,0.005054684597803606,0.7513825989711447,0.005054684597803606,0.12688505011107387,1
253,0.16893685990938215,-0.1728564084640003,0.005012106491594765,0.005012106491594765,0.7562419716848852,0.005012106491594765,0.12812572089735536,1
254,0.17529915623390713,-0.18379357022766835,0.005175664156455884,0.005012106491594765,0.7631828699800164,0.005175664156455884,0.13228023985625503,1
255,0.1819114773648227,-0.1796159477766741,0.005119587734736742,0.005012106491594765,0.7765764520807179,0.005119587734736742,0.13465316761375015,1
256,0.19347722756141186,-0.17442247004328928,0.005126299084182691,0.005012106491594765,0.7812805055972982,0.005126299084182691,0.13613752668515203,1
257,0.19549895360500005,-0.17740007555687126,0.005118035246566299,0.005012106491594765,0.7792025075445534,0.005118035246566299,0.1369967738000078,1
258,0.20267699191401584,-0.1892888452763784,0.00528909156466754,0.005012106491594765,0.7871984597106422,0.00528909156466754,0.13575654596030803,1
259,0.21622560160670073,-0.19011287695228454,0.005512734051638755,0.005012106491594765,0.8035582543888069,0.005512734051638755,0.1361340561265783,1
260,0.20978022418487016,-0.18846382475428983,0.005326782842729327,0.005012106491594765,0.8089152868630509,0.005326782842729327,0.13751253534185934,1
261,0.2032517712183536,-0.19460345912986565,0.005237069852031246,0.005012106491594765,0.8066759400504672,0.005237069852031246,0.1410043615758655,1
262,0.20089966554884264,-0.1855050807539873,0.005089396508567149,0.005012106491594765,0.7957383741597754,0.005089396508567149,0.1407359605809144,1
263,0.19268204316084644,-0.17766172829022625,0.005036203229408915,0.005012106491594765,0.8029466312135436,0.005036203229408915,0.1395299243682899,1
264,0.18426119001722324,-0.17804580033939213,0.005156511834525121,0.005012106491594765,0.807228689659087,0.005156511834525121,0.14072625814794468,1
265,0.18894491538137392,-0.172086958214127,0.005073887218770446,0.005012106491594765,0.8125681331510965,0.005073887218770446,0.14033718944152718,1
266,0.18524591945646887,-0.17475299268055705,0.005305355679174162,0.005012106491594765,0.8130942855197529,0.005305355679174162,0.14116933361924391,1
267,0.18321967882802248,-0.17170123624738348,0.005367024131059722,0.005012106491594765,0.8033460271576522,0.005367024131059722,0.14337998295422275,1
268,0.16850685744148125,-0.16041896064698008,0.00530292000917567,0.005012106491594765,0.8073577109031482,0.00530292000917567,0.1404685621051458,1
269,0.1859245095536316,-0.16838292693120407,0.005271176319493169,0.005012106491594765,0.8011419321230719,0.005271176319493169,0.14063734523459523,1
270,0.19302009738732645,-0.16750001526851274,0.005300878516130095,0.005012106491594765,0.8012854295456339,0.005300878516130095,0.14035853690391337,1
271,0.20707446039695382,-0.16399858041788132,0.005285895236305949,0.005012106491594765,0.8013931761739704,0.005285895236305949,0.13976451916831842,1
272,0.21193420551365005,-0.1498087631396726,0.005230314172704993,0.005012106491594765,0.8025913147398616,0.005230314172704993,0.14042521760295,1
273,0.2027242499151902,-0.16246284688726745,0.005209817363807802,0.005012106491594765,0.8111531077975054,0.005209817363807802,0.13793201112498066,1
274,0.20604838525927235,-0.15837491788761102,0.005322850620917222,0.005012106491594765,0.8175631659135543,0.005322850620917222,0.14169700220214648,1
275,0.1950446966166651,-0.16205984735972925,0.005262590844014333,0.005012106491594765,0.7919083251068804,0.005262590844014333,0.14193328522551718,1
276,0.1781126125152578,-0.1611583695239756,0.005189025930099782,0.005012106491594765,0.7880278019869527,0.005189025930099782,0.14030229916920503,1
277,0.19310128337457255,-0.15888435245707017,0.0052369314026223055,0.005012106491594765,0.783541078133575,0.0052369314026223055,0.14126533691534882,1
278,0.20132061457070566,-0.16608486477406367,0.00553142730322749,0.005012106491594765,0.7654584127640325,0.00553142730322749,0.14065324704478605,1
279,0.20574344090207156,-0.16250302117017923,0.005520013787294832,0.005012106491594765,0.7531857399947289,0.005520013787294832,0.14188496432436723,1
280,0.20148679942542605,-0.1600824886721341,0.005561505239526733,0.005012106491594765,0.7498205750886145,0.005561505239526733,0.14194257286473072,1
281,0.2050688561787981,-0.16149279499114996,0.005359741923573603,0.005012106491594765,0.7505044669100837,0.005359741923573603,0.1395730863605392,1
282,0.20433190870572984,-0.16184212904462097,0.005289266823380983,0.005012106491594765,0.753987332988031,0.005289266823380983,0.13988608888467893,1
283,0.21413944591211906,-0.1656287427230554,0.005433460173717371,0.005012106491594765,0.7511379780657553,0.005433460173717371,0.14138309665347681,1
284,0.21459663668219486,-0.16150038246990023,0.005471463809197525,0.005012106491594765,0.7575870790769318,0.005471463809197525,0.14209614073968124,1
285,0.21247707600096868,-0.16742806125704818,0.005467619025027393,0.005012106491594765,0.7670156019508116,0.005467619025027393,0.14494465450931812,1
286,0.22615969445374653,-0.15859602521115204,0.005616675829048905,0.005012106491594765,0.7601778631218218,0.005616675829048905,0.1431131475794711,1
287,0.22957741259775502,-0.16197231241103868,0.00565892859381779,0.005012106491594765,0.7651952071211966,0.00565892859381779,0.1438648838851618,1
288,0.22402096035592584,-0.1632483520667788,0.005701499314606828,0.005012106491594765,0.7589564441940647,0.005701499314606828,0.14258914528056432,1
289,0.22780502364720367,-0.15405524152232558,0.00574634254592851,0.005012106491594765,0.7455904017207846,0.00574634254592851,0.14323093108023663,1
290,0.2261237374883255,-0.15493683686803636,0.005734266626485223,0.005012106491594765,0.7461248855194197,0.005734266626485223,0.14418419713561587,1
291,0.22034535633497,-0.15202946033432446,0.005635675143233497,0.005012106491594765,0.7489942538655743,0.005635675143233497,0.14259392571393076,1
292,0.22039650291168908,-0.14936935184638075,0.005447587375191052,0.005012106491594765,0.7553039407870764,0.005447587375191052,0.1410293979860722,1
293,0.21938370883598768,-0.14983025815723744,0.00540980963985764,0.005012106491594765,0.7644556836172215,0.00540980963985764,0.1422385023682431,1
294,0.2114069426712576,-0.13212328000090034,0.005359123270910211,0.005012106491594765,0.773673600265467,0.005359123270910211,0.13901371442093613,1
295,0.22008657999250666,-0.12547474248547022,0.005503907944681915,0.005012106491594765,0.7780725021888333,0.005503907944681915,0.13940467608371004,1
296,0.2271868180090198,-0.12590878204396205,0.005491498051899112,0.005012106491594765,0.7656950737240197,0.005491498051899112,0.13990288920742583,1
297,0.22729531053091911,-0.13697695510803795,0.005563678543737235,0.005012106491594765,0.7636354968970638,0.005563678543737235,0.13806672317504434,1
298,0.2187474656413163,-0.1313255783294799,0.005376904464917243,0.005012106491594765,0.7402884708542915,0.005376904464917243,0.1355740425024154,1
299,0.21365536581775948,-0.14683716678538522,0.005452036856061538,0.005012106491594765,0.7337932729534513,0.005452036856061538,0.13674257098781334,1
300,0.21289663965009809,-0.1387259562007133,0.005343385081034379,0.005012106491594765,0.7441800842382977,0.005343385081034379,0.13478489836377444,1
301,0.21466559142209213,-0.14246935189687654,0.005245707523419642,0.005012106491594765,0.7237204560830184,0.005245707523419642,0.13320458645477706,1
302,0.21466559142209213,-0.14246935189687654,0.005245707523419642,0.005012106491594765,0.7237204560830184,0.005245707523419642,0.13320458645477706,1
303,0.21691964446303716,-0.14063680923309055,0.005195561208263663,0.005012106491594765,0.7246384981636408,0.005195561208263663,0.13319121867206093,1
304,0.21691964446303716,-0.14063680923309055,0.005195561208263663,0.005012106491594765,0.7246384981636408,0.005195561208263663,0.13319121867206093,1
305,0.21691964446303716,-0.14063680923309055,0.005195561208263663,0.005012106491594765,0.7246384981636408,0.005195561208263663,0.13319121867206093,1
306,0.21691964446303716,-0.14063680923309055,0.005195561208263663,0.005012106491594765,0.7246384981636408,0.005195561208263663,0.13319121867206093,1
307,0.21904007968046665,-0.14620354826920484,0.005264595963096551,0.005012106491594765,0.7253102256413201,0.005264595963096551,0.1316045397060781,1
308,0.21904007968046665,-0.14620354826920484,0.005264595963096551,0.005012106491594765,0.7253102256413201,0.005264595963096551,0.1316045397060781,1
309,0.21521985299327073,-0.14148162675525508,0.005240019423975956,0.005012106491594765,0.7399648541573524,0.005240019423975956,0.13047772044384062,1
310,0.21186936739810985,-0.1387652613565988,0.005252694315518749,0.005012106491594765,0.7324090060266388,0.005252694315518749,0.12768098603977324,1
311,0.2140189799615347,-0.15441267208193593,0.005436131369823675,0.005012106491594765,0.7312468777970941,0.005436131369823675,0.12752063922859422,1
312,0.22222077697898682,-0.14882110329583484,0.005450425656364869,0.005012106491594765,0.7372028859145918,0.005450425656364869,0.12733711113789697,1
313,0.2337260758627945,-0.15890488203829467,0.005605603757049001,0.005012106491594765,0.7287931069474385,0.005605603757049001,0.12927774453252372,1
314,0.22742644669319517,-0.16628574780650843,0.005499363507385013,0.005012106491594765,0.7296459552048095,0.005499363507385013,0.12664843072526852,1
315,0.23080322715007603,-0.17035678935498152,0.0055102868444762984,0.005012106491594765,0.7408922536670084,0.0055102868444762984,0.1270524790417529,1
316,0.22786615434177668,-0.1666853173134072,0.005472621603727644,0.005012106491594765,0.7391975142622141,0.005472621603727644,0.12676325993087362,1
317,0.22720392686965485,-0.1663339954513256,0.005429075936532639,0.005012106491594765,0.738642066732947,0.005429075936532639,0.12672988508932048,1
318,0.24156276203168692,-0.1637998541928126,0.005579010705642508,0.005012106491594765,0.7413967430859645,0.005579010705642508,0.12724803577046553,1
319,0.23978604280760205,-0.16751843978731093,0.0057047154014637684,0.005012106491594765,0.7438727513070582,0.0057047154014637684,0.12887575009209462,1
320,0.22571069243767994,-0.15580937042720364,0.0055717337044650294,0.005012106491594765,0.7309692360971881,0.0055717337044650294,0.12528850011416678,1
321,0.22571069243767994,-0.15580937042720364,0.0055717337044650294,0.005012106491594765,0.7309692360971881,0.0055717337044650294,0.12528850011416678,1
322,0.22199953882348009,-0.16461074395241335,0.005567735999671939,0.005012106491594765,0.728889869311142,0.005567735999671939,0.12591350334788853,1
323,0.2239983317499363,-0.15306129019288645,0.005487884227524718,0.005012106491594765,0.7338975225276012,0.005487884227524718,0.12699410333457747,1
324,0.23060225831091902,-0.15976206975760995,0.0057985330797564825,0.005012106491594765,0.7389185135010001,0.0057985330797564825,0.12982220631390187,1
325,0.2233369291579934,-0.15441903055171602,0.005674338017190705,0.005012106491594765,0.7394454920090322,0.005674338017190705,0.1303959830484869,1
326,0.22468589334745157,-0.1653743222264164,0.005748837917334531,0.005012106491594765,0.7228081216990984,0.005748837917334531,0.13144264765886982,1
327,0.22468589334745157,-0.1653743222264164,0.005748837917334531,0.005012106491594765,0.7228081216990984,0.005748837917334531,0.13144264765886982,1
328,0.23280522654163302,-0.15657671483884725,0.005760920254931471,0.005012106491594765,0.720937339491553,0.005760920254931471,0.13088220865055242,1
329,0.225819823746822,-0.16139493344757452,0.005676008807760961,0.005012106491594765,0.7298991463634973,0.005676008807760961,0.131634909726526,1
330,0.21983049582610079,-0.1696477211716823,0.005727334029022283,0.005012106491594765,0.7313018965392225,0.005727334029022283,0.1343851077435186,1
331,0.21459218845341266,-0.17043726066367082,0.005778526036503503,0.005012106491594765,0.742482384496801,0.005778526036503503,0.13556597239235493,1
332,0.2241256194471432,-0.17589365677158914,0.005794217965176153,0.005012106491594765,0.737599310035478,0.005794217965176153,0.13854404676235368,1
333,0.21949560288797398,-0.1789771706921564,0.0057680309310562256,0.005012106491594765,0.7283337226464943,0.0057680309310562256,0.1380655367870815,1
334,0.20850312995799333,-0.1790433516933271,0.005770063742644124,0.005012106491594765,0.7246617000611795,0.005770063742644124,0.13525287236379824,1
335,0.20780608542178122,-0.19121370237991003,0.005743835205998479,0.005012106491594765,0.7299235811820223,0.005743835205998479,0.1311150603235321,1
336,0.20780608542178122,-0.19121370237991003,0.005743835205998479,0.005012106491594765,0.7299235811820223,0.005743835205998479,0.1311150603235321,1
337,0.20780608542178122,-0.19121370237991003,0.005743835205998479,0.005012106491594765,0.7299235811820223,0.005743835205998479,0.1311150603235321,1
338,0.22197296512604298,-0.18947369969926442,0.006037473912326087,0.005012106491594765,0.7381328570440404,0.006037473912326087,0.1345746745659392,1
339,0.2108363456917228,-0.20259722133158914,0.005899371206787859,0.005012106491594765,0.732238936509099,0.005899371206787859,0.13352048638236969,1
340,0.2120069458949881,-0.20110428994096674,0.005978102939798665,0.005012106491594765,0.7444639571987606,0.005978102939798665,0.13632310598873124,1
341,0.1958952473293934,-0.20576468999999997,0.0058998410078174345,0.005012106491594765,0.7364736104815456,0.0058998410078174345,0.1328169339277197,1
342,0.1958952473293934,-0.20576468999999997,0.0058998410078174345,0.005012106491594765,0.7364736104815456,0.0058998410078174345,0.1328169339277197,1
343,0.1903442115613344,-0.2021408553407117,0.00582546237597999,0.005012106491594765,0.7338431881351011,0.00582546237597999,0.13331233782069746,1
344,0.1903442115613344,-0.2021408553407117,0.00582546237597999,0.005012106491594765,0.7338431881351011,0.00582546237597999,0.13331233782069746,1
345,0.18224181278374116,-0.19220414944970707,0.0056442461613782505,0.005012106491594765,0.725714651974582,0.0056442461613782505,0.13307304825723792,1
346,0.18969937092811784,-0.18556411583570337,0.005743244028775091,0.005012106491594765,0.7401856031090469,0.005743244028775091,0.1324964393015928,1
347,0.17499762346670172,-0.1902231418525231,0.005679121804983206,0.005012106491594765,0.73894880026546,0.005679121804983206,0.13266680000826028,1
348,0.16048955238385318,-0.18860552119061075,0.005674638495717024,0.005012106491594765,0.7325836874841569,0.005674638495717024,0.13018791862627516,1
349,0.16246033283812034,-0.1933969810621559,0.005658351856767973,0.005012106491594765,0.7305900246264212,0.005658351856767973,0.13326457085509671,1
350,0.1695457703886213,-0.19227744463934543,0.005713357799299077,0.005012106491594765,0.7201948403022964,0.005713357799299077,0.13305980905663323,1
351,0.1736490895017642,-0.19870917974693098,0.005699686054352228,0.005012106491594765,0.72264219647283,0.005699686054352228,0.1343398971118737,1
352,0.17908784532716807,-0.20256743137511043,0.005769053472370941,0.005012106491594765,0.7339104514660991,0.005769053472370941,0.13609827791419532,1
353,0.1715464558124713,-0.20506723356440532,0.005687239644953075,0.005012106491594765,0.7294148414202066,0.005687239644953075,0.13477118986335626,1
354,0.16512974955065185,-0.20576468999999997,0.005647322728881515,0.005012106491594765,0.7248067412105546,0.005647322728881515,0.1336292027645406,1
355,0.17349052577165802,-0.20183250245076712,0.005589809591756837,0.005012106491594765,0.7196006450357613,0.005589809591756837,0.1349036896371955,1
356,0.1769158309025049,-0.1928004854335528,0.005651149384428231,0.005012106491594765,0.7236978023148647,0.005651149384428231,0.13676415927146118,1
357,0.18223872491491158,-0.1989939084644662,0.005756555715707781,0.005012106491594765,0.7307434055591864,0.005756555715707781,0.14037191652295347,1
358,0.1845414214774263,-0.20227974280521288,0.0057833457751636265,0.005012106491594765,0.7413806929573485,0.0057833457751636265,0.14276089500938483,1
359,0.18073770510550807,-0.202252093411365,0.005707357477409564,0.005012106491594765,0.7369585853158819,0.005707357477409564,0.14179136624984073,1
360,0.19118917729786022,-0.20576468999999997,0.005842799549839926,0.005012106491594765,0.7292840040451205,0.005842799549839926,0.14321964778223462,1
361,0.196108795186476,-0.20576468999999997,0.00585894591977471,0.005012106491594765,0.7299070675402081,0.00585894591977471,0.14531574387693216,1
362,0.196108795186476,-0.20576468999999997,0.00585894591977471,0.005012106491594765,0.7299070675402081,0.00585894591977471,0.14531574387693216,1
363,0.19967722027238102,-0.20576468999999997,0.005833638473940828,0.005012106491594765,0.7215519410493891,0.005833638473940828,0.14423060964602724,1
364,0.20231497998821593,-0.19583827353721378,0.005862836590239017,0.005012106491594765,0.7247670969666721,0.005862836590239017,0.14328362447923143,1
365,0.20429786021450172,-0.1975787752331216,0.00586653417051183,0.005012106491594765,0.7196058309896519,0.00586653417051183,0.14422600106239056,1
366,0.21464419882117747,-0.20291794877025887,0.005920091598983801,0.005012106491594765,0.7221352989930759,0.005920091598983801,0.14516086755172852,1
367,0.21981358847907312,-0.20576468999999997,0.006005232234226225,0.005012106491594765,0.7262911714945091,0.006005232234226225,0.14609581432144017,1
368,0.2197557819175894,-0.20576468999999997,0.006045805736561419,0.005012106491594765,0.7372039662025288,0.006045805736561419,0.1434896432554532,1
369,0.21453126812649914,-0.20576468999999997,0.005990892169594741,0.005012106491594765,0.7450968324056835,0.005990892169594741,0.14141924888578708,1
370,0.21282417281334146,-0.2009788404402735,0.005926907527773626,0.005012106491594765,0.7432266495538982,0.005926907527773626,0.14350468742092257,1
371,0.2106363822911169,-0.20576468999999997,0.005972875378271411,0.005012106491594765,0.7489646861903798,0.005972875378271411,0.14502560929849245,1
372,0.2164359959200258,-0.20576468999999997,0.005952990661376868,0.005012106491594765,0.7623098831178416,0.005952990661376868,0.14661023523405597,1
373,0.21676063857316183,-0.20401134424087056,0.005948715823362512,0.005012106491594765,0.7630712678700198,0.005948715823362512,0.14816248215183897,1
374,0.22187936271539727,-0.19936366291064767,0.005933842640084415,0.005012106491594765,0.7546383684569306,0.005933842640084415,0.14925718670820468,1
375,0.2268153420673204,-0.1888825407385758,0.005910211198188758,0.005012106491594765,0.7501190578042198,0.005910211198188758,0.15178607978306896,1
376,0.21652966169936083,-0.19024250530289222,0.0058745030408698965,0.005012106491594765,0.7502413310047014,0.0058745030408698965,0.14991735301633405,1
377,0.2094554914416263,-0.1802180952384135,0.005779125052856286,0.005012106491594765,0.7552439810491551,0.005779125052856286,0.14817078004665118,1
378,0.21237414878724978,-0.17506795361164174,0.005822764332880736,0.005012106491594765,0.7697628529166602,0.005822764332880736,0.14708402980250354,1
379,0.20674622308443547,-0.1721700203917313,0.005806508913526514,0.005012106491594765,0.7762476527854932,0.005806508913526514,0.14723326585542026,1
380,0.20690370517711568,-0.1942551728665621,0.005907675898894683,0.005012106491594765,0.7909268332306753,0.005907675898894683,0.14917220937739137,1
381,0.21476923169736675,-0.20492313358845995,0.005988608610714259,0.005012106491594765,0.7866619844648431,0.005988608610714259,0.1483988481382014,1
382,0.21663011644706012,-0.20576468999999997,0.006086570301881919,0.005012106491594765,0.7911445457815057,0.006086570301881919,0.14797089895805765,1
383,0.20009786780966837,-0.20377621750929054,0.005946065012785949,0.005012106491594765,0.7824905656810035,0.005946065012785949,0.14994568348589202,1
384,0.20530595051634892,-0.2045930334622736,0.00592709427244507,0.005012106491594765,0.7588969431514038,0.00592709427244507,0.14816000108348992,1
385,0.190697153633199,-0.20576468999999997,0.005841568087076111,0.005012106491594765,0.7513513062273127,0.005841568087076111,0.15000213999364623,1
386,0.1960871331577012,-0.19635674018029015,0.00580146847402576,0.005012106491594765,0.7491086036024363,0.00580146847402576,0.14903504645520207,1
387,0.19006171228818067,-0.18977674129095265,0.0057874843999351985,0.005012106491594765,0.7588006299271812,0.0057874843999351985,0.14818761839347927,1
388,0.17644357943508532,-0.19552217691091875,0.005802400821006504,0.005012106491594765,0.7595686398283766,0.005802400821006504,0.14683187326595945,1
389,0.1706555009382867,-0.17886384565594865,0.005704482536108661,0.005012106491594765,0.7613190064514505,0.005704482536108661,0.1456682456862009,1
390,0.165830520495007,-0.18859047297855336,0.005666610086023315,0.005012106491594765,0.7456882392194125,0.005666610086023315,0.14811769554058613,1
391,0.1661483505316013,-0.1824012488017689,0.0056296194095333705,0.005012106491594765,0.7641040201842961,0.0056296194095333705,0.151631518231532,1
392,0.16084335668130095,-0.18117924327088064,0.00559240722134059,0.005012106491594765,0.7658426945638597,0.00559240722134059,0.15145982915858616,1
393,0.16227558841885012,-0.18839707854119336,0.005615817698921243,0.005012106491594765,0.7542411114295215,0.005615817698921243,0.1523433968564684,1
394,0.16705583106282285,-0.18380488428822067,0.005624492238648289,0.005012106491594765,0.7412639715857119,0.005624492238648289,0.15200522040228848,1
395,0.17654687393592985,-0.18080551915743792,0.005565602915132594,0.005012106491594765,0.7360561509059312,0.005565602915132594,0.14999981126536116,1
396,0.18271174420713043,-0.18133982019371936,0.0056042034423164295,0.005012106491594765,0.7368636370297816,0.0056042034423164295,0.15157425608574115,1
397,0.19364492918241635,-0.17433820280148352,0.005686751242894502,0.005012106491594765,0.7434295781426028,0.005686751242894502,0.15314088604305778,1
398,0.1846740865976598,-0.16344458371343562,0.0055883432560849535,0.005012106491594765,0.7500886031068918,0.0055883432560849535,0.15325690585524882,1
399,0.18809010865133058,-0.15773913004791604,0.005560028016802042,0.005012106491594765,0.7470413076790778,0.005560028016802042,0.1524170311353392,1
400,0.19545597195539202,-0.17250421543689465,0.005693661642196004,0.005012106491594765,0.7391712434549456,0.005693661642196004,0.15151884894274284,1
401,0.18692046114721902,-0.17407914298959612,0.005760871465189489,0.005012106491594765,0.7483053497266003,0.005760871465189489,0.15051633157192093,1
402,0.18066859612469693,-0.1791158395409515,0.005616669939456864,0.005012106491594765,0.7317899734791707,0.005616669939456864,0.1496383023320244,1
403,0.1902468633566058,-0.1787088749270244,0.005653836310732967,0.005012106491594765,0.7417055073348644,0.005653836310732967,0.15172067494694788,1
404,0.17525052312835782,-0.18003358685378437,0.005747403334463386,0.005012106491594765,0.7349839802553497,0.005747403334463386,0.15190284230648604,1
405,0.17874936868790597,-0.18337696344713078,0.005757507417986962,0.005012106491594765,0.7515892464615169,0.005757507417986962,0.15355150614698546,1
406,0.18230542637788744,-0.198157678698122,0.0058062143890330025,0.005012106491594765,0.754468173242142,0.0058062143890330025,0.15187223150395202,1
407,0.179984596884228,-0.20576468999999997,0.005813093726351754,0.005012106491594765,0.7433602424434997,0.005813093726351754,0.15367403931835966,1
408,0.17983810291310562,-0.20433366871155054,0.00582600458253618,0.005012106491594765,0.7497430562897553,0.00582600458253618,0.15275599886616098,1
409,0.16748713273959778,-0.20576468999999997,0.005847692562724128,0.005012106491594765,0.7503296658707101,0.005847692562724128,0.15138475034812937,1
410,0.1575694292753167,-0.20576468999999997,0.0058604676130006115,0.005012106491594765,0.7508442104594764,0.0058604676130006115,0.15022160339167565,1
411,0.15780099079839272,-0.1890983962200715,0.005831173037861802,0.005012106491594765,0.7346961126457867,0.005831173037861802,0.14874681284147867,1
412,0.1631377152282959,-0.1937318954390889,0.00584777138496282,0.005012106491594765,0.7270668531915385,0.00584777138496282,0.14786862677783255,1
413,0.16624425637675677,-0.19031540415957743,0.0058286788957432,0.005012106491594765,0.7244615322082348,0.0058286788957432,0.14849051151450438,1
414,0.17361065889309177,-0.18499579818678705,0.005867514677441583,0.005012106491594765,0.7316995961012842,0.005867514677441583,0.14777521952412961,1
415,0.1733310990179882,-0.19875312537896472,0.005865066772513808,0.005012106491594765,0.7296130718974603,0.005865066772513808,0.14552747437831548,1
416,0.16626278864745114,-0.20576468999999997,0.005837597359680343,0.005012106491594765,0.7273616346289217,0.005837597359680343,0.14234916925803334,1
417,0.16626278864745114,-0.20576468999999997,0.005837597359680343,0.005012106491594765,0.7273616346289217,0.005837597359680343,0.14234916925803334,1
418,0.16023194424955592,-0.18879498108640558,0.005854698266774677,0.005012106491594765,0.731740176134567,0.005854698266774677,0.13940354402179256,1
419,0.16539297014232388,-0.1948108212840308,0.005864398352458508,0.005012106491594765,0.7262936545809882,0.005864398352458508,0.1403496845405513,1
420,0.1863095326964093,-0.1819316106661748,0.005831085039332991,0.005012106491594765,0.744560263398951,0.005831085039332991,0.14033633486685207,1
421,0.17635016866263617,-0.1765816421129403,0.005847052107096986,0.005012106491594765,0.7386924263144784,0.005847052107096986,0.1397749405907113,1
422,0.17855776151418562,-0.18746180967128606,0.0058928341251838,0.005012106491594765,0.7268427179849273,0.0058928341251838,0.14285698937088237,1
423,0.1874821142227689,-0.1796805488354113,0.00582548361130562,0.005012106491594765,0.7490610036877742,0.00582548361130562,0.14405181129051406,1
424,0.1789340717090011,-0.18520865695047248,0.005823521627534213,0.005012106491594765,0.7475817362290491,0.005823521627534213,0.14483420555987028,1
425,0.1904679336415848,-0.17399580065751735,0.005747453527260897,0.005012106491594765,0.7547699481972875,0.005747453527260897,0.14635807297016212,1
426,0.19103489507804772,-0.16788327152731652,0.005771952127611291,0.005012106491594765,0.7568008132435906,0.005771952127611291,0.14657518779639636,1
427,0.19797354966102393,-0.16916705995084821,0.005735167797767556,0.005012106491594765,0.7521081764389622,0.005735167797767556,0.14693286570843647,1
428,0.19922167117485057,-0.18210279406121624,0.005825486130465722,0.005012106491594765,0.7367749411240214,0.005825486130465722,0.1454788655777289,1
429,0.19922167117485057,-0.18210279406121624,0.005825486130465722,0.005012106491594765,0.7367749411240214,0.005825486130465722,0.1454788655777289,1
430,0.20731902354696571,-0.18801019697323382,0.005788126012814139,0.005012106491594765,0.7310134739892306,0.005788126012814139,0.14847141151999035,1
431,0.20731902354696571,-0.18801019697323382,0.005788126012814139,0.005012106491594765,0.7310134739892306,0.005788126012814139,0.14847141151999035,1
432,0.19950845373227719,-0.18367295590072236,0.005622664304157893,0.005012106491594765,0.7349566212495042,0.005622664304157893,0.1493289591749291,1
433,0.20550982218725125,-0.18865628449910077,0.005671468389448125,0.005012106491594765,0.7274018801389717,0.005671468389448125,0.1499362405155159,1
434,0.20550982218725125,-0.18865628449910077,0.005671468389448125,0.005012106491594765,0.7274018801389717,0.005671468389448125,0.1499362405155159,1
435,0.20550982218725125,-0.18865628449910077,0.005671468389448125,0.005012106491594765,0.7274018801389717,0.005671468389448125,0.1499362405155159,1
436,0.20550982218725125,-0.18865628449910077,0.005671468389448125,0.005012106491594765,0.7274018801389717,0.005671468389448125,0.1499362405155159,1
437,0.20122096803846312,-0.19827341761844203,0.005729763963015624,0.005012106491594765,0.7208863512160814,0.005729763963015624,0.1470209352927797,1
438,0.2107544115732843,-0.20576468999999997,0.005887853125049863,0.005012106491594765,0.7274959707311044,0.005887853125049863,0.14868184050718286,1
439,0.2084268646847824,-0.20576468999999997,0.005821661297238727,0.005012106491594765,0.7365900151507582,0.005821661297238727,0.1483010178331855,1
440,0.2223907051248382,-0.2048087542860296,0.005829582700792013,0.005012106491594765,0.7388313457391957,0.005829582700792013,0.14994538489613646,1
441,0.2123355132130041,-0.19354219163074313,0.005744873021657328,0.005012106491594765,0.7431694728272794,0.005744873021657328,0.14790798086465423,1
442,0.21444138250073466,-0.19914818906112985,0.005862214084019004,0.005012106491594765,0.7393532590350835,0.005862214084019004,0.1460318301293042,1
443,0.21803652792888606,-0.19378007538367503,0.005857794102725899,0.005012106491594765,0.7316755822497976,0.005857794102725899,0.14670109375615575,1
444,0.21675936437321805,-0.19492306348024938,0.0058069274628361435,0.005012106491594765,0.7378428512898514,0.0058069274628361435,0.14563584861994233,1
445,0.22879483552548627,-0.1804174645420791,0.005750183147896312,0.005012106491594765,0.7479124128404856,0.005750183147896312,0.14725491538360053,1
446,0.22756485294366408,-0.18062563143378874,0.005761489612841686,0.005012106491594765,0.7461596432368661,0.005761489612841686,0.14698915190707876,1
447,0.24194365429552855,-0.18930017776784405,0.005902975072707848,0.005012106491594765,0.7443111516322848,0.005902975072707848,0.14919052399528052,1
448,0.23233789284685769,-0.18098167027906562,0.005687329566630676,0.005012106491594765,0.7571016739228273,0.005687329566630676,0.15205284316117884,1
449,0.22839650497375838,-0.17806442074823955,0.005641255384296753,0.005012106491594765,0.7533190032696748,0.005641255384296753,0.15090623222614574,1
450,0.22687264440493157,-0.17166140298082294,0.005644161284875579,0.005012106491594765,0.76273835791563,0.005644161284875579,0.14966378870244085,1
451,0.22133982295007432,-0.1574551295387907,0.005527706792011856,0.005012106491594765,0.7564165857678007,0.005527706792011856,0.14828223109107963,1
452,0.23194463502862575,-0.1506621721144701,0.005544818382333942,0.005012106491594765,0.7633646541881807,0.005544818382333942,0.14849087748396908,1
453,0.23754777928909593,-0.15499109975589945,0.0056675732482799265,0.005012106491594765,0.7696068434692592,0.0056675732482799265,0.14366864024492365,1
454,0.225565463474878,-0.15777642655501323,0.005657318716632774,0.005012106491594765,0.7611418616480046,0.005657318716632774,0.14159481188541526,1
455,0.21425784792400532,-0.1566119752608299,0.005604766654886372,0.005012106491594765,0.7645903361737288,0.005604766654886372,0.1413991070225578,1
456,0.22340664009771385,-0.1576732247369904,0.00546912806495046,0.005012106491594765,0.7526711746847468,0.00546912806495046,0.13837392055290387,1
457,0.21117669746340967,-0.1660898932345343,0.0054800295788245985,0.005012106491594765,0.7520512329038963,0.0054800295788245985,0.1351904932841879,1
458,0.20832741003388078,-0.1656740049124568,0.005377062609888459,0.005012106491594765,0.748223511097353,0.005377062609888459,0.1359368225549489,1
459,0.20281653714514258,-0.16286262251588174,0.005487233520834387,0.005012106491594765,0.7448396322604119,0.005487233520834387,0.1371277568944976,1
460,0.19124739974755733,-0.17261015053917217,0.005512378863249042,0.005012106491594765,0.7274435397205754,0.005512378863249042,0.13690664525678847,1
461,0.18715706138581054,-0.17019935376537845,0.005396435225532067,0.005012106491594765,0.7259323223489623,0.005396435225532067,0.1383450904325598,1
462,0.1844219538538287,-0.16028867571461847,0.0052985779447762334,0.005012106491594765,0.7202050997647992,0.0052985779447762334,0.13878413663369207,1
463,0.1844219538538287,-0.16028867571461847,0.0052985779447762334,0.005012106491594765,0.7202050997647992,0.0052985779447762334,0.13878413663369207,1
464,0.1844219538538287,-0.16028867571461847,0.0052985779447762334,0.005012106491594765,0.7202050997647992,0.0052985779447762334,0.13878413663369207,1
465,0.1844219538538287,-0.16028867571461847,0.0052985779447762334,0.005012106491594765,0.7202050997647992,0.0052985779447762334,0.13878413663369207,1
466,0.17546834219309673,-0.16077116074575648,0.0053035047466558904,0.005012106491594765,0.7250679279969062,0.0053035047466558904,0.1377506222816285,1
467,0.18332876739397905,-0.16657629726587425,0.005360901675276685,0.005012106491594765,0.7226506441580314,0.005360901675276685,0.14086051460153398,1
468,0.18332876739397905,-0.16657629726587425,0.005360901675276685,0.005012106491594765,0.7226506441580314,0.005360901675276685,0.14086051460153398,1
469,0.18332876739397905,-0.16657629726587425,0.005360901675276685,0.005012106491594765,0.7226506441580314,0.005360901675276685,0.14086051460153398,1
470,0.18332876739397905,-0.16657629726587425,0.005360901675276685,0.005012106491594765,0.7226506441580314,0.005360901675276685,0.14086051460153398,1
471,0.18332876739397905,-0.16657629726587425,0.005360901675276685,0.005012106491594765,0.7226506441580314,0.005360901675276685,0.14086051460153398,1
472,0.18332876739397905,-0.16657629726587425,0.005360901675276685,0.005012106491594765,0.7226506441580314,0.005360901675276685,0.14086051460153398,1
473,0.17336033359316466,-0.16630881164528064,0.005237066810912724,0.005012106491594765,0.7266136242391897,0.005237066810912724,0.13848525680480037,1
474,0.17336033359316466,-0.16630881164528064,0.005237066810912724,0.005012106491594765,0.7266136242391897,0.005237066810912724,0.13848525680480037,1
475,0.18111671334006504,-0.1651469639450959,0.0052899299317796375,0.005012106491594765,0.7349714307011476,0.0052899299317796375,0.14029303690247077,1
476,0.18953126641536797,-0.15322369051003212,0.0052630881948160105,0.005012106491594765,0.7445635682033056,0.0052630881948160105,0.13810890962127667,1
477,0.1801200081333046,-0.15750671719779766,0.005310645152218417,0.005012106491594765,0.7390042979057946,0.005310645152218417,0.13794316798838252,1
478,0.18512934730383493,-0.1417717311733204,0.005094654561263908,0.005012106491594765,0.7504862040620934,0.005094654561263908,0.138594757623456,1
479,0.1894254665408539,-0.1425461311540003,0.005171585338789204,0.005012106491594765,0.7528164759488221,0.005171585338789204,0.14037111544374248,1
480,0.19113445298003015,-0.13121450572791313,0.005115727322818739,0.005012106491594765,0.7652505084746646,0.005115727322818739,0.14153601522098277,1
481,0.1949660513364056,-0.12300188799217357,0.005120818563670496,0.005012106491594765,0.7650224748764286,0.005120818563670496,0.1422815850716206,1
482,0.18473914043496914,-0.13139170813050838,0.005191777324709445,0.005012106491594765,0.7662062402668641,0.005191777324709445,0.13886334722902238,1
483,0.1865164784247209,-0.12375715708949347,0.005153130078620083,0.005012106491594765,0.756553320231602,0.005153130078620083,0.14405463344237576,1
484,0.19009678875964212,-0.11791300125156334,0.0051160337996970975,0.005012106491594765,0.7612788177763253,0.0051160337996970975,0.13997580398848816,1
485,0.19087748626769685,-0.10810058707896834,0.005015808771533247,0.005012106491594765,0.7737765748902087,0.005015808771533247,0.13858594646022537,1
486,0.1914083671237126,-0.11070321319367102,0.0049843283050218755,0.0049843283050218755,0.7913149949482218,0.0049843283050218755,0.13945148710055155,1
487,0.19758707744011023,-0.09853848830056156,0.0049812694977495854,0.0049812694977495854,0.7790495265284993,0.0049812694977495854,0.1404351563213478,1
488,0.2086211324171565,-0.10075002411412672,0.005022074408766166,0.0049812694977495854,0.7849841657370433,0.005022074408766166,0.1433351399435245,1
489,0.2114600747414295,-0.09571812841891135,0.005048211889107197,0.0049812694977495854,0.79966946008196,0.005048211889107197,0.14341813766594602,1
490,0.2050806748291077,-0.08830132993060211,0.005084748794326888,0.0049812694977495854,0.7914442413638673,0.005084748794326888,0.14445435483644406,1
491,0.19905140517143258,-0.08153074742428874,0.005088440552574776,0.0049812694977495854,0.7789108223729356,0.005088440552574776,0.14401423788099516,1
492,0.21236520310796897,-0.0812184672281332,0.005133159984666118,0.0049812694977495854,0.77914330289944,0.005133159984666118,0.14278647419093335,1
493,0.21236520310796897,-0.0812184672281332,0.005133159984666118,0.0049812694977495854,0.77914330289944,0.005133159984666118,0.14278647419093335,1
494,0.21236520310796897,-0.0812184672281332,0.005133159984666118,0.0049812694977495854,0.77914330289944,0.005133159984666118,0.14278647419093335,1
495,0.2174324493385977,-0.08785102458951846,0.005079919337984482,0.0049812694977495854,0.7716822148646292,0.005079919337984482,0.13826034047032904,1
496,0.22680632635668896,-0.08085866364455885,0.004973240759724801,0.004973240759724801,0.7594207598709884,0.004973240759724801,0.13999597598295396,1
497,0.22316942563347728,-0.08022998389812147,0.004948416550278708,0.004948416550278708,0.7542406526313565,0.004948416550278708,0.13584786388849826,1
498,0.23855756786568688,-0.0879671819193101,0.0049441527527973135,0.0049441527527973135,0.7350638721921379,0.0049441527527973135,0.1353710522175606,1
499,0.24188319870016176,-0.0931311571843091,0.005074704752410602,0.0049441527527973135,0.7428544169401987,0.005074704752410602,0.13575734958742153,1
500,0.23738445549175002,-0.08363672797719507,0.005010062117472477,0.0049441527527973135,0.7441155241279493,0.005010062117472477,0.13351865771395563,1
501,0.2253128822327851,-0.08638927561475619,0.005001995666973203,0.0049441527527973135,0.7441998752069514,0.005001995666973203,0.13470424709209636,1
502,0.23540481624864967,-0.08586675130821197,0.005086130391240093,0.0049441527527973135,0.755757764196236,0.005086130391240093,0.13414387083992504,1
503,0.2524472457650012,-0.08560688704955073,0.005219694637426835,0.0049441527527973135,0.7594747237372049,0.005219694637426835,0.13275832715276148,1
504,0.24503582994944348,-0.0820047873453938,0.00513997400250966,0.0049441527527973135,0.75631759555416,0.00513997400250966,0.13381724569371287,1
505,0.24503582994944348,-0.0820047873453938,0.00513997400250966,0.0049441527527973135,0.75631759555416,0.00513997400250966,0.13381724569371287,1
506,0.25981150306441686,-0.08783092942829457,0.005254226548122257,0.0049441527527973135,0.7682183543689907,0.005254226548122257,0.13261403201206146,1
507,0.256309124248907,-0.07843877532425214,0.0051569529476855665,0.0049441527527973135,0.7671168404892618,0.0051569529476855665,0.13215703037465473,1
508,0.2612318648203264,-0.07946234947476911,0.005156722878922644,0.0049441527527973135,0.7702596469431748,0.005156722878922644,0.1323218813359654,1
509,0.2528993153372549,-0.09426182843290797,0.005148289974164605,0.0049441527527973135,0.7534313636940808,0.005148289974164605,0.13315785736008456,1
510,0.2593001272617272,-0.09601696731131439,0.005221108076534158,0.0049441527527973135,0.7606604592927507,0.005221108076534158,0.13709831211038237,1
511,0.26211974243179065,-0.09784383551948199,0.005286035515275654,0.0049441527527973135,0.7624782299535544,0.005286035515275654,0.13827237946793575,1
512,0.26812265394403256,-0.10427634912409194,0.005284927619724944,0.0049441527527973135,0.7462922919002976,0.005284927619724944,0.13767932023601825,1
513,0.27047471470113804,-0.10486240673425104,0.005306126647889201,0.0049441527527973135,0.752341068027425,0.005306126647889201,0.13707119619616837,1
514,0.26583058713236285,-0.10652322229664073,0.005290384723147753,0.0049441527527973135,0.7520033292978016,0.005290384723147753,0.13809747413067708,1
515,0.25573491522197384,-0.11001853949520252,0.005207089487130981,0.0049441527527973135,0.7351772404968178,0.005207089487130981,0.13605817150408828,1
516,0.2552815740051614,-0.11315140164562015,0.005284733174799215,0.0049441527527973135,0.7334301124719655,0.005284733174799215,0.13785657164438897,1
517,0.2474554083271782,-0.11812651731797383,0.005215716453454215,0.0049441527527973135,0.7230830819175069,0.005215716453454215,0.13573680179886238,1
518,0.2474554083271782,-0.11812651731797383,0.005215716453454215,0.0049441527527973135,0.7230830819175069,0.005215716453454215,0.13573680179886238,1
519,0.2518242730906556,-0.11643246902023521,0.005173484440618197,0.0049441527527973135,0.7241716441045216,0.005173484440618197,0.13819877598899422,1
520,0.2457488923499966,-0.11306549754962548,0.005103240227826711,0.0049441527527973135,0.7272560533840875,0.005103240227826711,0.1421128798717497,1
521,0.251437122215859,-0.11271405808814113,0.0050893868892340315,0.0049441527527973135,0.726580493379344,0.0050893868892340315,0.14167083785971687,1
522,0.24403740853535333,-0.12594859441461786,0.005249527315685413,0.0049441527527973135,0.7476659334521998,0.005249527315685413,0.14480427430576254,1
523,0.24417705580346893,-0.13083402820244755,0.00520519969641231,0.0049441527527973135,0.7485577428118106,0.00520519969641231,0.1446992745104411,1
524,0.24617237887018795,-0.14208751183081045,0.00521767795920055,0.0049441527527973135,0.7437238400510688,0.00521767795920055,0.14201515700238904,1
525,0.2391910276158298,-0.13024180687787304,0.005163433152586515,0.0049441527527973135,0.750662590123947,0.005163433152586515,0.14014637854474116,1
526,0.24415099833986298,-0.13946852077189686,0.005356148071915212,0.0049441527527973135,0.7515617917522589,0.005356148071915212,0.13745570836908277,1
527,0.25941992360378047,-0.13766064253237617,0.005430340773814543,0.0049441527527973135,0.7362110780665595,0.005430340773814543,0.14007760949313358,1
528,0.2572205970598476,-0.1339980495299851,0.005353303053277677,0.0049441527527973135,0.7279392161763798,0.005353303053277677,0.14178307990082337,1
529,0.2572205970598476,-0.1339980495299851,0.005353303053277677,0.0049441527527973135,0.7279392161763798,0.005353303053277677,0.14178307990082337,1
530,0.2620780188476555,-0.12623510137556404,0.005339443834425513,0.0049441527527973135,0.7303035480593361,0.005339443834425513,0.14055678036065772,1
531,0.2646814528213722,-0.13044610787266475,0.005393431848496066,0.0049441527527973135,0.7231405139967662,0.005393431848496066,0.14038306510660148,1
532,0.2646814528213722,-0.13044610787266475,0.005393431848496066,0.0049441527527973135,0.7231405139967662,0.005393431848496066,0.14038306510660148,1
533,0.2646814528213722,-0.13044610787266475,0.005393431848496066,0.0049441527527973135,0.7231405139967662,0.005393431848496066,0.14038306510660148,1
534,0.2646814528213722,-0.13044610787266475,0.005393431848496066,0.0049441527527973135,0.7231405139967662,0.005393431848496066,0.14038306510660148,1
535,0.2663976997164251,-0.13022896342348028,0.005374672111541728,0.0049441527527973135,0.7236480112250289,0.005374672111541728,0.1414601934550951,1
536,0.2714933172460875,-0.1427364584418191,0.005511826437689989,0.0049441527527973135,0.7196398674118237,0.005511826437689989,0.14313709729077215,1
537,0.2714933172460875,-0.1427364584418191,0.005511826437689989,0.0049441527527973135,0.7196398674118237,0.005511826437689989,0.14313709729077215,1
538,0.2714933172460875,-0.1427364584418191,0.005511826437689989,0.0049441527527973135,0.7196398674118237,0.005511826437689989,0.14313709729077215,1
539,0.2714933172460875,-0.1427364584418191,0.005511826437689989,0.0049441527527973135,0.7196398674118237,0.005511826437689989,0.14313709729077215,1
540,0.2714933172460875,-0.1427364584418191,0.005511826437689989,0.0049441527527973135,0.7196398674118237,0.005511826437689989,0.14313709729077215,1
541,0.2714933172460875,-0.1427364584418191,0.005511826437689989,0.0049441527527973135,0.7196398674118237,0.005511826437689989,0.14313709729077215,1
542,0.2714933172460875,-0.1427364584418191,0.005511826437689989,0.0049441527527973135,0.7196398674118237,0.005511826437689989,0.14313709729077215,1
543,0.2714933172460875,-0.1427364584418191,0.005511826437689989,0.0049441527527973135,0.7196398674118237,0.005511826437689989,0.14313709729077215,1
544,0.2714933172460875,-0.1427364584418191,0.005511826437689989,0.0049441527527973135,0.7196398674118237,0.005511826437689989,0.14313709729077215,1
545,0.2714933172460875,-0.1427364584418191,0.005511826437689989,0.0049441527527973135,0.7196398674118237,0.005511826437689989,0.14313709729077215,1
546,0.2714933172460875,-0.1427364584418191,0.005511826437689989,0.0049441527527973135,0.7196398674118237,0.005511826437689989,0.14313709729077215,1
547,0.2714933172460875,-0.1427364584418191,0.005511826437689989,0.0049441527527973135,0.7196398674118237,0.005511826437689989,0.14313709729077215,1
548,0.2714933172460875,-0.1427364584418191,0.005511826437689989,0.0049441527527973135,0.7196398674118237,0.005511826437689989,0.14313709729077215,1
549,0.27677120644292214,-0.13067151328716886,0.0055244820371033,0.0049441527527973135,0.7207910227371591,0.0055244820371033,0.14330400071617969,1
550,0.270887147933601,-0.12287107395879918,0.005339672851788943,0.0049441527527973135,0.7342415438410449,0.005339672851788943,0.1468778248207937,1
551,0.270887147933601,-0.12287107395879918,0.005339672851788943,0.0049441527527973135,0.7342415438410449,0.005339672851788943,0.1468778248207937,1
552,0.2829414711509637,-0.13136426164542936,0.00555893994107478,0.0049441527527973135,0.720827665573593,0.00555893994107478,0.1472133657465473,1
553,0.2829414711509637,-0.13136426164542936,0.00555893994107478,0.0049441527527973135,0.720827665573593,0.00555893994107478,0.1472133657465473,1
554,0.28573611471428995,-0.13778652086368035,0.005621955375726291,0.0049441527527973135,0.7321952341551221,0.005621955375726291,0.14751020599044062,1
555,0.28573611471428995,-0.13778652086368035,0.005621955375726291,0.0049441527527973135,0.7321952341551221,0.005621955375726291,0.14751020599044062,1
556,0.2847756657681239,-0.12990830451079688,0.005599134690739344,0.0049441527527973135,0.7414648176945396,0.005599134690739344,0.1447748079399339,1
557,0.2847756657681239,-0.12990830451079688,0.005599134690739344,0.0049441527527973135,0.7414648176945396,0.005599134690739344,0.1447748079399339,1
558,0.28953766999999997,-0.12851838141716085,0.005595338027743557,0.0049441527527973135,0.7520573383961315,0.005595338027743557,0.1460198022082424,1
559,0.28194219077715277,-0.12623127377589793,0.0054698879671043685,0.0049441527527973135,0.772274910536245,0.0054698879671043685,0.14563901572082885,1
560,0.27996935411730006,-0.1263911306462595,0.005519190195004719,0.0049441527527973135,0.7812482579297679,0.005519190195004719,0.14208364583322455,1
561,0.2779488386220416,-0.13174382675133406,0.005519433971261708,0.0049441527527973135,0.7767497888575883,0.005519433971261708,0.14165719172056732,1
562,0.2894052334325156,-0.12552500503368844,0.005523877786067839,0.0049441527527973135,0.7878358896956339,0.005523877786067839,0.1442319579010136,1
563,0.28788122095092483,-0.12789110885374208,0.005461228533586482,0.0049441527527973135,0.8080067257647825,0.005461228533586482,0.1450205992525414,1
564,0.2835235596991044,-0.12962304000330643,0.005331777586066251,0.0049441527527973135,0.8097588387506295,0.005331777586066251,0.1456304321947301,1
565,0.2835235596991044,-0.12962304000330643,0.005331777586066251,0.0049441527527973135,0.8097588387506295,0.005331777586066251,0.1456304321947301,1
566,0.28454236797212007,-0.11867860408362604,0.005261565678523222,0.0049441527527973135,0.8108871072532986,0.005261565678523222,0.14328617939495766,1
567,0.2818036079138955,-0.12845466829292204,0.005287763412599929,0.0049441527527973135,0.8259728587031296,0.005287763412599929,0.14274832042873237,1
568,0.2751477591886675,-0.14181210729192206,0.00531992621086842,0.0049441527527973135,0.8223339352128444,0.00531992621086842,0.14404160145237546,1
569,0.2647416902803108,-0.14806418094978094,0.0053952129263573935,0.0049441527527973135,0.8193707771675512,0.0053952129263573935,0.1472004547875394,1
570,0.2647416902803108,-0.14806418094978094,0.0053952129263573935,0.0049441527527973135,0.8193707771675512,0.0053952129263573935,0.1472004547875394,1
571,0.25875317775857565,-0.13850114751466136,0.005315919370078899,0.0049441527527973135,0.8226321850494931,0.005315919370078899,0.14744430009207193,1
572,0.25822346728404616,-0.14315041160382996,0.005314585914546535,0.0049441527527973135,0.8157680506632126,0.005314585914546535,0.1493456574292638,1
573,0.25846765396022275,-0.1334148870443671,0.005235531858559267,0.0049441527527973135,0.812387699904328,0.005235531858559267,0.1474643348425433,1
574,0.2557210146187222,-0.13147520037640947,0.005192178435216936,0.0049441527527973135,0.8023309688194027,0.005192178435216936,0.14611406237486174,1
575,0.2692434615789155,-0.13267519082461526,0.0053175650646319055,0.0049441527527973135,0.8063283366844123,0.0053175650646319055,0.1447854904930722,1
576,0.26383928018515124,-0.11480928725487108,0.005137090962150303,0.0049441527527973135,0.8071572859481023,0.005137090962150303,0.14300432043908143,1
577,0.27871447033451163,-0.10358777777230416,0.005220340565090713,0.0049441527527973135,0.8211201133649915,0.005220340565090713,0.1417928664429581,1
578,0.2696631407544454,-0.10348799237978307,0.005098230638015976,0.0049441527527973135,0.8090864909527327,0.005098230638015976,0.14264177418146093,1
579,0.27754845252749255,-0.10389694930926398,0.005042786214674218,0.0049441527527973135,0.8178591736951484,0.005042786214674218,0.14156742356363716,1
580,0.27929489180364747,-0.11054533010922213,0.005116426277129178,0.0049441527527973135,0.8115831905057592,0.005116426277129178,0.1423451063659727,1
581,0.28137453698972625,-0.10206418368238038,0.005125229995541661,0.0049441527527973135,0.8205439381081859,0.005125229995541661,0.14103036150406348,1
582,0.28649861373750873,-0.08793079390877374,0.005170045440957003,0.0049441527527973135,0.8355270673811087,0.005170045440957003,0.14162428504806304,1
583,0.28953766999999997,-0.08907959509836354,0.005105296893354234,0.0049441527527973135,0.8435199402833792,0.005105296893354234,0.14021623059077307,1
584,0.28953766999999997,-0.0968263274738183,0.005114126163369787,0.0049441527527973135,0.8523579973211478,0.005114126163369787,0.13713635702707216,1
585,0.2684886462936505,-0.10270168804339408,0.005017690151502964,0.0049441527527973135,0.8354147361786393,0.005017690151502964,0.13627866183821147,1
586,0.2684886462936505,-0.10270168804339408,0.005017690151502964,0.0049441527527973135,0.8354147361786393,0.005017690151502964,0.13627866183821147,1
587,0.2684886462936505,-0.10270168804339408,0.005017690151502964,0.0049441527527973135,0.8354147361786393,0.005017690151502964,0.13627866183821147,1
588,0.25868725341104765,-0.10097884828355937,0.004890357429368857,0.004890357429368857,0.84926002679649,0.004890357429368857,0.136577452867882,1
589,0.25441481844794656,-0.1068367782312214,0.00491389804020665,0.004890357429368857,0.8364253148582033,0.00491389804020665,0.13797796935606801,1
590,0.25441481844794656,-0.1068367782312214,0.00491389804020665,0.004890357429368857,0.8364253148582033,0.00491389804020665,0.13797796935606801,1
591,0.26672656077504164,-0.10964002324217757,0.005129524711647711,0.004890357429368857,0.8385609733050182,0.005129524711647711,0.1377179247066856,1
592,0.26939445449926097,-0.1081183996943917,0.005186305937976766,0.004890357429368857,0.8488584111318529,0.005186305937976766,0.13858247795638481,1
593,0.26970840029203297,-0.11260816735915592,0.005159236606253763,0.004890357429368857,0.8500029793366402,0.005159236606253763,0.1364882087813568,1
594,0.26703296250649455,-0.11422513243038863,0.005278130076140605,0.004890357429368857,0.8525335434580363,0.005278130076140605,0.1343791518814776,1
595,0.2606442137343692,-0.12437108860947271,0.005250334418686342,0.004890357429368857,0.8286912813074164,0.005250334418686342,0.13271508566327847,1
596,0.2606442137343692,-0.12437108860947271,0.005250334418686342,0.004890357429368857,0.8286912813074164,0.005250334418686342,0.13271508566327847,1
597,0.2661748418305284,-0.13194748942076373,0.005260105408153694,0.004890357429368857,0.8288132991737928,0.005260105408153694,0.13408780872373022,1
598,0.26032407890963666,-0.13883652029325735,0.005201874636471589,0.004890357429368857,0.8118436122929302,0.005201874636471589,0.13518102782067773,1
599,0.26274682550022754,-0.12965325027863797,0.005308701583647813,0.004890357429368857,0.8107395433539921,0.005308701583647813,0.13362689115375753,1
600,0.27641689562909555,-0.1320601828247517,0.005679160491183283,0.004890357429368857,0.8124523435637365,0.005679160491183283,0.133347756145276,1
601,0.27641689562909555,-0.1320601828247517,0.005679160491183283,0.004890357429368857,0.8124523435637365,0.005679160491183283,0.133347756145276,1
602,0.27641689562909555,-0.1320601828247517,0.005679160491183283,0.004890357429368857,0.8124523435637365,0.005679160491183283,0.133347756145276,1
603,0.2754612523033988,-0.12770706187199438,0.005459826258082141,0.004890357429368857,0.808545433489595,0.005459826258082141,0.13211151773239935,1
604,0.2741359474815676,-0.13661349379308071,0.005499577910828129,0.004890357429368857,0.7995291205449053,0.005499577910828129,0.1347754339549017,1
605,0.27848134281779935,-0.13652897220391763,0.005524792472722398,0.004890357429368857,0.818661614855521,0.005524792472722398,0.1345816378959801,1
606,0.27848134281779935,-0.13652897220391763,0.005524792472722398,0.004890357429368857,0.818661614855521,0.005524792472722398,0.1345816378959801,1
607,0.27592771734227,-0.14109007270886423,0.0055160534892598955,0.004890357429368857,0.800089565125812,0.0055160534892598955,0.1342652770549238,1
608,0.2719239652810323,-0.1363695034708991,0.005378178554154025,0.004890357429368857,0.8019844208821283,0.005378178554154025,0.1338548199473197,1
609,0.26589266843559134,-0.14757705192754322,0.005501421285634373,0.004890357429368857,0.7989068739348569,0.005501421285634373,0.13356611795106693,1
610,0.2613281637958726,-0.1476790779568931,0.005375460175628808,0.004890357429368857,0.7842609540725662,0.005375460175628808,0.1351340690262987,1
611,0.26914735134471574,-0.15120100536605838,0.005398789384154049,0.004890357429368857,0.7874645544660202,0.005398789384154049,0.13914722373253643,1
612,0.26914735134471574,-0.15120100536605838,0.005398789384154049,0.004890357429368857,0.7874645544660202,0.005398789384154049,0.13914722373253643,1
613,0.26914735134471574,-0.15120100536605838,0.005398789384154049,0.004890357429368857,0.7874645544660202,0.005398789384154049,0.13914722373253643,1
614,0.2686956986489677,-0.1457875213027677,0.005394623991997877,0.004890357429368857,0.7898992018280027,0.005394623991997877,0.13888150159685309,1
615,0.2686956986489677,-0.1457875213027677,0.005394623991997877,0.004890357429368857,0.7898992018280027,0.005394623991997877,0.13888150159685309,1
616,0.2580091417192223,-0.13297866768865402,0.005120471878909843,0.004890357429368857,0.7847332570245937,0.005120471878909843,0.13776231456591262,1
617,0.256569167862458,-0.14103993266086615,0.0051347246321062495,0.004890357429368857,0.8072947555629504,0.0051347246321062495,0.13792835100690964,1
618,0.256569167862458,-0.14103993266086615,0.0051347246321062495,0.004890357429368857,0.8072947555629504,0.0051347246321062495,0.13792835100690964,1
619,0.26627388068056623,-0.12981375017688154,0.00523094751554624,0.004890357429368857,0.8047000434149589,0.00523094751554624,0.13755706239590304,1
620,0.2633942609192762,-0.1283174409822206,0.005280657315168715,0.004890357429368857,0.8100534593816022,0.005280657315168715,0.13603009697474147,1
621,0.2679664392912644,-0.13210980578119305,0.005307786656259221,0.004890357429368857,0.811624437759462,0.005307786656259221,0.13562087125188838,1
622,0.2773303036431524,-0.11359319261816166,0.005422925415717493,0.004890357429368857,0.8224462625857102,0.005422925415717493,0.13597634237778455,1
623,0.2773303036431524,-0.11359319261816166,0.005422925415717493,0.004890357429368857,0.8224462625857102,0.005422925415717493,0.13597634237778455,1
624,0.2773303036431524,-0.11359319261816166,0.005422925415717493,0.004890357429368857,0.8224462625857102,0.005422925415717493,0.13597634237778455,1
625,0.2734170531492477,-0.10347298620095965,0.005313255066891904,0.004890357429368857,0.8108394309644866,0.005313255066891904,0.13539328583100624,1
626,0.2785550297354881,-0.09651632378098084,0.005330600349724296,0.004890357429368857,0.8140008982939797,0.005330600349724296,0.13499222383972834,1
627,0.27813584564980104,-0.09194245048369447,0.00535509134756016,0.004890357429368857,0.8137050600003044,0.00535509134756016,0.1348760026064217,1
628,0.2661594681852323,-0.09278033945888366,0.005263920241341653,0.004890357429368857,0.8155374082901878,0.005263920241341653,0.13576801582100087,1
629,0.2717458674577661,-0.0921581224434419,0.0052874530529118625,0.004890357429368857,0.8031521657619294,0.0052874530529118625,0.13720043739810203,1
630,0.268476369936963,-0.0812795822154539,0.0051890430738243225,0.004890357429368857,0.8220978679248193,0.0051890430738243225,0.13384882540263823,1
631,0.26425505356737683,-0.07211980879562693,0.005132160714185388,0.004890357429368857,0.8135742330638877,0.005132160714185388,0.13335056091406017,1
632,0.26841978743671857,-0.0859097472585878,0.005173200428539221,0.004890357429368857,0.797574439910892,0.005173200428539221,0.13240509766830866,1
633,0.2612972891359797,-0.08273190811964697,0.0052043496676464724,0.004890357429368857,0.7901066263885329,0.0052043496676464724,0.13143747943421544,1
634,0.2612972891359797,-0.08273190811964697,0.0052043496676464724,0.004890357429368857,0.7901066263885329,0.0052043496676464724,0.13143747943421544,1
635,0.25855897189461097,-0.07624970178580118,0.004820909900907124,0.004820909900907124,0.7721055640441561,0.004820909900907124,0.13256265777570733,1
636,0.25855897189461097,-0.07624970178580118,0.004820909900907124,0.004820909900907124,0.7721055640441561,0.004820909900907124,0.13256265777570733,1
637,0.2484733629178508,-0.07654359470477799,0.004731892927063788,0.004731892927063788,0.789213065961445,0.004731892927063788,0.13171337430093333,1
638,0.2484733629178508,-0.07654359470477799,0.004731892927063788,0.004731892927063788,0.789213065961445,0.004731892927063788,0.13171337430093333,1
639,0.2497806088886707,-0.09088556451751816,0.004815570309686754,0.004731892927063788,0.7804351753867004,0.004815570309686754,0.13302126388499794,1
640,0.25147757944491556,-0.0822697961560476,0.004785236669265502,0.004731892927063788,0.8004660595997999,0.004785236669265502,0.13076424845630935,1
641,0.253807415351965,-0.08349796772790494,0.004791881157809739,0.004731892927063788,0.8206568154759804,0.004791881157809739,0.12968653332377902,1
642,0.253807415351965,-0.08349796772790494,0.004791881157809739,0.004731892927063788,0.8206568154759804,0.004791881157809739,0.12968653332377902,1
643,0.253807415351965,-0.08349796772790494,0.004791881157809739,0.004731892927063788,0.8206568154759804,0.004791881157809739,0.12968653332377902,1
644,0.23714611442523292,-0.08393328620107467,0.004643078761214064,0.004643078761214064,0.8137173557044203,0.004643078761214064,0.12858358045043464,1
645,0.23840642603117174,-0.08771930825946439,0.004692017513387313,0.004643078761214064,0.8042450238083971,0.004692017513387313,0.12992333075075763,1
646,0.23840642603117174,-0.08771930825946439,0.004692017513387313,0.004643078761214064,0.8042450238083971,0.004692017513387313,0.12992333075075763,1
647,0.23840642603117174,-0.08771930825946439,0.004692017513387313,0.004643078761214064,0.8042450238083971,0.004692017513387313,0.12992333075075763,1
648,0.23463789683005107,-0.08458178605308425,0.004598675990776564,0.004598675990776564,0.7913698963652323,0.004598675990776564,0.12996756644234675,1
649,0.23463789683005107,-0.08458178605308425,0.004598675990776564,0.004598675990776564,0.7913698963652323,0.004598675990776564,0.12996756644234675,1
650,0.251191174094291,-0.07985191635413906,0.004649234721397142,0.004598675990776564,0.7810406018527865,0.004649234721397142,0.1312212575831184,1
651,0.24953622538684475,-0.08222800610604813,0.004651134497331504,0.004598675990776564,0.7835417127783496,0.004651134497331504,0.13057324090483752,1
652,0.24953622538684475,-0.08222800610604813,0.004651134497331504,0.004598675990776564,0.7835417127783496,0.004651134497331504,0.13057324090483752,1
653,0.24953622538684475,-0.08222800610604813,0.004651134497331504,0.004598675990776564,0.7835417127783496,0.004651134497331504,0.13057324090483752,1
654,0.25349123949536606,-0.06326469,0.004538996973019203,0.004538996973019203,0.7827258853840853,0.004538996973019203,0.12959872077048523,1
655,0.2477328953053481,-0.06326469,0.004497211160291181,0.004497211160291181,0.784736661117932,0.004497211160291181,0.13119746626649292,1
656,0.2477328953053481,-0.06326469,0.004497211160291181,0.004497211160291181,0.784736661117932,0.004497211160291181,0.13119746626649292,1
657,0.2477328953053481,-0.06326469,0.004497211160291181,0.004497211160291181,0.784736661117932,0.004497211160291181,0.13119746626649292,1
658,0.24436190458500642,-0.06813272542979103,0.00445656345166889,0.00445656345166889,0.7924602848560308,0.00445656345166889,0.13144142179961207,1
659,0.24326436937106424,-0.06326469,0.004533207210772135,0.00445656345166889,0.7880005485665045,0.004533207210772135,0.1301882560500187,1
660,0.24326436937106424,-0.06326469,0.004533207210772135,0.00445656345166889,0.7880005485665045,0.004533207210772135,0.1301882560500187,1
661,0.2413216637344617,-0.06326469,0.004495837100997179,0.00445656345166889,0.7806637367838659,0.004495837100997179,0.12821249898506018,1
662,0.24965977215795931,-0.06326469,0.004449436635095478,0.004449436635095478,0.7848558916817108,0.004449436635095478,0.13269988820032064,1
663,0.24049642686449468,-0.07132971595660961,0.004412659814554675,0.004412659814554675,0.7767270718639074,0.004412659814554675,0.13338286432431276,1
664,0.2287429347422802,-0.06326469,0.00418446554238959,0.00418446554238959,0.7625143612126417,0.00418446554238959,0.13288095517392937,1
665,0.2287429347422802,-0.06326469,0.00418446554238959,0.00418446554238959,0.7625143612126417,0.00418446554238959,0.13288095517392937,1
666,0.2287429347422802,-0.06326469,0.00418446554238959,0.00418446554238959,0.7625143612126417,0.00418446554238959,0.13288095517392937,1
667,0.2287429347422802,-0.06326469,0.00418446554238959,0.00418446554238959,0.7625143612126417,0.00418446554238959,0.13288095517392937,1
668,0.22760240402519602,-0.06326469,0.004176173500695748,0.004176173500695748,0.7616235295714362,0.004176173500695748,0.13130970276454215,1
669,0.22760240402519602,-0.06326469,0.004176173500695748,0.004176173500695748,0.7616235295714362,0.004176173500695748,0.13130970276454215,1
670,0.22760240402519602,-0.06326469,0.004176173500695748,0.004176173500695748,0.7616235295714362,0.004176173500695748,0.13130970276454215,1
671,0.22760240402519602,-0.06326469,0.004176173500695748,0.004176173500695748,0.7616235295714362,0.004176173500695748,0.13130970276454215,1
672,0.23349550849525982,-0.06326469,0.004147811451446806,0.004147811451446806,0.750579453606944,0.004147811451446806,0.13017038637708467,1
673,0.23301595559673985,-0.0636988279004244,0.004169489558655648,0.004147811451446806,0.7544743177235178,0.004169489558655648,0.1298500708823825,1
674,0.23747134872664305,-0.068166864276927,0.0043067435109495865,0.004147811451446806,0.7495457569027596,0.0043067435109495865,0.1290232062469381,1
675,0.23747134872664305,-0.068166864276927,0.0043067435109495865,0.004147811451446806,0.7495457569027596,0.0043067435109495865,0.1290232062469381,1
676,0.2320110863856298,-0.06704371804803527,0.004260784624903155,0.004147811451446806,0.7563459786235507,0.004260784624903155,0.12810077212021923,1
677,0.230325757529129,-0.07264804420038495,0.004281996247073493,0.004147811451446806,0.7540189978609444,0.004281996247073493,0.12833513261862117,1
678,0.230325757529129,-0.07264804420038495,0.004281996247073493,0.004147811451446806,0.7540189978609444,0.004281996247073493,0.12833513261862117,1
679,0.230325757529129,-0.07264804420038495,0.004281996247073493,0.004147811451446806,0.7540189978609444,0.004281996247073493,0.12833513261862117,1
680,0.23743733751123136,-0.06453467796691026,0.004286356131339528,0.004147811451446806,0.7626603335989897,0.004286356131339528,0.127746026313253,1
681,0.23743733751123136,-0.06453467796691026,0.004286356131339528,0.004147811451446806,0.7626603335989897,0.004286356131339528,0.127746026313253,1
682,0.23321852388475475,-0.06326469,0.00430542408943109,0.004147811451446806,0.7750251913811217,0.00430542408943109,0.12665587457357477,1
683,0.23155407428775185,-0.06557254057916344,0.004311294699402517,0.004147811451446806,0.7521139781117626,0.004311294699402517,0.12530066285293767,1
684,0.24377027259054904,-0.06326469,0.00438355103371942,0.004147811451446806,0.7483129898775336,0.00438355103371942,0.12642924778985204,1
685,0.24377027259054904,-0.06326469,0.00438355103371942,0.004147811451446806,0.7483129898775336,0.00438355103371942,0.12642924778985204,1
686,0.24377027259054904,-0.06326469,0.00438355103371942,0.004147811451446806,0.7483129898775336,0.00438355103371942,0.12642924778985204,1
687,0.24377027259054904,-0.06326469,0.00438355103371942,0.004147811451446806,0.7483129898775336,0.00438355103371942,0.12642924778985204,1
688,0.24377027259054904,-0.06326469,0.00438355103371942,0.004147811451446806,0.7483129898775336,0.00438355103371942,0.12642924778985204,1
689,0.24377027259054904,-0.06326469,0.00438355103371942,0.004147811451446806,0.7483129898775336,0.00438355103371942,0.12642924778985204,1
690,0.24377027259054904,-0.06326469,0.00438355103371942,0.004147811451446806,0.7483129898775336,0.00438355103371942,0.12642924778985204,1
691,0.24377027259054904,-0.06326469,0.00438355103371942,0.004147811451446806,0.7483129898775336,0.00438355103371942,0.12642924778985204,1
692,0.24377027259054904,-0.06326469,0.00438355103371942,0.004147811451446806,0.7483129898775336,0.00438355103371942,0.12642924778985204,1
693,0.25191672349326555,-0.06326469,0.004395580054097757,0.004147811451446806,0.7367129307963775,0.004395580054097757,0.12745578892718543,1
694,0.25191672349326555,-0.06326469,0.004395580054097757,0.004147811451446806,0.7367129307963775,0.004395580054097757,0.12745578892718543,1
695,0.25191672349326555,-0.06326469,0.004395580054097757,0.004147811451446806,0.7367129307963775,0.004395580054097757,0.12745578892718543,1
696,0.25191672349326555,-0.06326469,0.004395580054097757,0.004147811451446806,0.7367129307963775,0.004395580054097757,0.12745578892718543,1
697,0.25191672349326555,-0.06326469,0.004395580054097757,0.004147811451446806,0.7367129307963775,0.004395580054097757,0.12745578892718543,1
698,0.25291346413549154,-0.06326469,0.0043814445436567775,0.004147811451446806,0.735641412477398,0.0043814445436567775,0.1273513538344649,1
699,0.25291346413549154,-0.06326469,0.0043814445436567775,0.004147811451446806,0.735641412477398,0.0043814445436567775,0.1273513538344649,1
700,0.25291346413549154,-0.06326469,0.0043814445436567775,0.004147811451446806,0.735641412477398,0.0043814445436567775,0.1273513538344649,1
701,0.25291346413549154,-0.06326469,0.0043814445436567775,0.004147811451446806,0.735641412477398,0.0043814445436567775,0.1273513538344649,1
702,0.25291346413549154,-0.06326469,0.0043814445436567775,0.004147811451446806,0.735641412477398,0.0043814445436567775,0.1273513538344649,1
703,0.25291346413549154,-0.06326469,0.0043814445436567775,0.004147811451446806,0.735641412477398,0.0043814445436567775,0.1273513538344649,1
704,0.25291346413549154,-0.06326469,0.0043814445436567775,0.004147811451446806,0.735641412477398,0.0043814445436567775,0.1273513538344649,1
705,0.2554113142709809,-0.06326469,0.004414149053079397,0.004147811451446806,0.7334230718709227,0.004414149053079397,0.12733077567902437,1
706,0.2492347616036862,-0.06326469,0.0043614821550190565,0.004147811451446806,0.7387553196023608,0.0043614821550190565,0.12694907188806182,1
707,0.25268747517791607,-0.06326469,0.004396442011473449,0.004147811451446806,0.7355472048802306,0.004396442011473449,0.1296695919032172,1
708,0.25268747517791607,-0.06326469,0.004396442011473449,0.004147811451446806,0.7355472048802306,0.004396442011473449,0.1296695919032172,1
709,0.25268747517791607,-0.06326469,0.004396442011473449,0.004147811451446806,0.7355472048802306,0.004396442011473449,0.1296695919032172,1
710,0.25268747517791607,-0.06326469,0.004396442011473449,0.004147811451446806,0.7355472048802306,0.004396442011473449,0.1296695919032172,1
711,0.25268747517791607,-0.06326469,0.004396442011473449,0.004147811451446806,0.7355472048802306,0.004396442011473449,0.1296695919032172,1
712,0.25268747517791607,-0.06326469,0.004396442011473449,0.004147811451446806,0.7355472048802306,0.004396442011473449,0.1296695919032172,1
713,0.25268747517791607,-0.06326469,0.004396442011473449,0.004147811451446806,0.7355472048802306,0.004396442011473449,0.1296695919032172,1
714,0.24743096904423179,-0.06343252222657288,0.004199404655591697,0.004147811451446806,0.7213621891176887,0.004199404655591697,0.1288773155582512,1
715,0.24743096904423179,-0.06343252222657288,0.004199404655591697,0.004147811451446806,0.7213621891176887,0.004199404655591697,0.1288773155582512,1
716,0.24743096904423179,-0.06343252222657288,0.004199404655591697,0.004147811451446806,0.7213621891176887,0.004199404655591697,0.1288773155582512,1
717,0.24743096904423179,-0.06343252222657288,0.004199404655591697,0.004147811451446806,0.7213621891176887,0.004199404655591697,0.1288773155582512,1
718,0.24743096904423179,-0.06343252222657288,0.004199404655591697,0.004147811451446806,0.7213621891176887,0.004199404655591697,0.1288773155582512,1
719,0.24743096904423179,-0.06343252222657288,0.004199404655591697,0.004147811451446806,0.7213621891176887,0.004199404655591697,0.1288773155582512,1
720,0.24743096904423179,-0.06343252222657288,0.004199404655591697,0.004147811451446806,0.7213621891176887,0.004199404655591697,0.1288773155582512,1
721,0.24743096904423179,-0.06343252222657288,0.004199404655591697,0.004147811451446806,0.7213621891176887,0.004199404655591697,0.1288773155582512,1
722,0.23531399989046572,-0.07081120112589631,0.004186027879366368,0.004147811451446806,0.7285555856904641,0.004186027879366368,0.1278588610623119,1
723,0.23531399989046572,-0.07081120112589631,0.004186027879366368,0.004147811451446806,0.7285555856904641,0.004186027879366368,0.1278588610623119,1
724,0.23531399989046572,-0.07081120112589631,0.004186027879366368,0.004147811451446806,0.7285555856904641,0.004186027879366368,0.1278588610623119,1
725,0.22288420305914758,-0.07153868542049781,0.004096823972290167,0.004096823972290167,0.7200940109468441,0.004096823972290167,0.12672522178653292,1
726,0.22288420305914758,-0.07153868542049781,0.004096823972290167,0.004096823972290167,0.7200940109468441,0.004096823972290167,0.12672522178653292,1
727,0.22288420305914758,-0.07153868542049781,0.004096823972290167,0.004096823972290167,0.7200940109468441,0.004096823972290167,0.12672522178653292,1
728,0.22288420305914758,-0.07153868542049781,0.004096823972290167,0.004096823972290167,0.7200940109468441,0.004096823972290167,0.12672522178653292,1
729,0.22288420305914758,-0.07153868542049781,0.004096823972290167,0.004096823972290167,0.7200940109468441,0.004096823972290167,0.12672522178653292,1
730,0.22288420305914758,-0.07153868542049781,0.004096823972290167,0.004096823972290167,0.7200940109468441,0.004096823972290167,0.12672522178653292,1
731,0.22288420305914758,-0.07153868542049781,0.004096823972290167,0.004096823972290167,0.7200940109468441,0.004096823972290167,0.12672522178653292,1
732,0.22288420305914758,-0.07153868542049781,0.004096823972290167,0.004096823972290167,0.7200940109468441,0.004096823972290167,0.12672522178653292,1
733,0.2246254328404275,-0.06520061579905546,0.004093780791817578,0.004093780791817578,0.7379971947895037,0.004093780791817578,0.12576640413084567,1
734,0.2246254328404275,-0.06520061579905546,0.004093780791817578,0.004093780791817578,0.7379971947895037,0.004093780791817578,0.12576640413084567,1
735,0.2173107262748777,-0.06642026880885481,0.004093119217911941,0.004093119217911941,0.7410989194502484,0.004093119217911941,0.12611122002272063,1
736,0.21061632445819325,-0.06326469,0.003957912149149144,0.003957912149149144,0.7274395840622372,0.003957912149149144,0.124514663498913,1
737,0.20712071229075335,-0.06326469,0.0039597398798016025,0.003957912149149144,0.7214789587117717,0.0039597398798016025,0.12242845042532681,1
738,0.20712071229075335,-0.06326469,0.0039597398798016025,0.003957912149149144,0.7214789587117717,0.0039597398798016025,0.12242845042532681,1
739,0.20712071229075335,-0.06326469,0.0039597398798016025,0.003957912149149144,0.7214789587117717,0.0039597398798016025,0.12242845042532681,1
740,0.20712071229075335,-0.06326469,0.0039597398798016025,0.003957912149149144,0.7214789587117717,0.0039597398798016025,0.12242845042532681,1
741,0.20712071229075335,-0.06326469,0.0039597398798016025,0.003957912149149144,0.7214789587117717,0.0039597398798016025,0.12242845042532681,1
742,0.20712071229075335,-0.06326469,0.0039597398798016025,0.003957912149149144,0.7214789587117717,0.0039597398798016025,0.12242845042532681,1
743,0.20111221182284805,-0.06326469,0.00395852805716827,0.003957912149149144,0.7195531029967795,0.003936534768057663,0.12113512040347012,0
744,0.20111221182284805,-0.06326469,0.00395852805716827,0.003957912149149144,0.7195531029967795,0.003936534768057663,0.12113512040347012,0
745,0.20111221182284805,-0.06326469,0.00395852805716827,0.003957912149149144,0.7195531029967795,0.003936534768057663,0.12113512040347012,0
746,0.20111221182284805,-0.06326469,0.00395852805716827,0.003957912149149144,0.7195531029967795,0.003936534768057663,0.12113512040347012,0
747,0.20111221182284805,-0.06326469,0.00395852805716827,0.003957912149149144,0.7195531029967795,0.003936534768057663,0.12113512040347012,0
748,0.20133353873594043,-0.06326469,0.003860920445491725,0.003860920445491725,0.7216436928608445,0.003860920445491725,0.12129038056201154,1
749,0.20133353873594043,-0.06326469,0.003860920445491725,0.003860920445491725,0.7216436928608445,0.003860920445491725,0.12129038056201154,1
750,0.20133353873594043,-0.06326469,0.003860920445491725,0.003860920445491725,0.7216436928608445,0.003860920445491725,0.12129038056201154,1
751,0.196180963609281,-0.06411725968012119,0.003826330662962016,0.003826330662962016,0.736685888867094,0.003826330662962016,0.12065039967029538,1
752,0.196180963609281,-0.06411725968012119,0.003826330662962016,0.003826330662962016,0.736685888867094,0.003826330662962016,0.12065039967029538,1
753,0.196180963609281,-0.06411725968012119,0.003826330662962016,0.003826330662962016,0.736685888867094,0.003826330662962016,0.12065039967029538,1
754,0.196180963609281,-0.06411725968012119,0.003826330662962016,0.003826330662962016,0.736685888867094,0.003826330662962016,0.12065039967029538,1
755,0.196180963609281,-0.06411725968012119,0.003826330662962016,0.003826330662962016,0.736685888867094,0.003826330662962016,0.12065039967029538,1
756,0.196180963609281,-0.06411725968012119,0.003826330662962016,0.003826330662962016,0.736685888867094,0.003826330662962016,0.12065039967029538,1
757,0.196180963609281,-0.06411725968012119,0.003826330662962016,0.003826330662962016,0.736685888867094,0.003826330662962016,0.12065039967029538,1
758,0.196180963609281,-0.06411725968012119,0.003826330662962016,0.003826330662962016,0.736685888867094,0.003826330662962016,0.12065039967029538,1
759,0.196180963609281,-0.06411725968012119,0.003826330662962016,0.003826330662962016,0.736685888867094,0.003826330662962016,0.12065039967029538,1
760,0.196180963609281,-0.06411725968012119,0.003826330662962016,0.003826330662962016,0.736685888867094,0.003826330662962016,0.12065039967029538,1
761,0.196180963609281,-0.06411725968012119,0.003826330662962016,0.003826330662962016,0.736685888867094,0.003826330662962016,0.12065039967029538,1
762,0.196180963609281,-0.06411725968012119,0.003826330662962016,0.003826330662962016,0.736685888867094,0.003826330662962016,0.12065039967029538,1
763,0.196180963609281,-0.06411725968012119,0.003826330662962016,0.003826330662962016,0.736685888867094,0.003826330662962016,0.12065039967029538,1
764,0.20621737750008318,-0.06326469,0.003814833697344662,0.003814833697344662,0.7406556675048149,0.003814833697344662,0.12114496522634684,1
765,0.20621737750008318,-0.06326469,0.003814833697344662,0.003814833697344662,0.7406556675048149,0.003814833697344662,0.12114496522634684,1
766,0.20621737750008318,-0.06326469,0.003814833697344662,0.003814833697344662,0.7406556675048149,0.003814833697344662,0.12114496522634684,1
767,0.20621737750008318,-0.06326469,0.003814833697344662,0.003814833697344662,0.7406556675048149,0.003814833697344662,0.12114496522634684,1
768,0.20621737750008318,-0.06326469,0.003814833697344662,0.003814833697344662,0.7406556675048149,0.003814833697344662,0.12114496522634684,1
769,0.19605250187305945,-0.06647356336270376,0.003829765718723369,0.003814833697344662,0.7340531390553506,0.003829765718723369,0.12112678428903144,1
770,0.19605250187305945,-0.06647356336270376,0.003829765718723369,0.003814833697344662,0.7340531390553506,0.003829765718723369,0.12112678428903144,1
771,0.19605250187305945,-0.06647356336270376,0.003829765718723369,0.003814833697344662,0.7340531390553506,0.003829765718723369,0.12112678428903144,1
772,0.19605250187305945,-0.06647356336270376,0.003829765718723369,0.003814833697344662,0.7340531390553506,0.003829765718723369,0.12112678428903144,1
773,0.19605250187305945,-0.06647356336270376,0.003829765718723369,0.003814833697344662,0.7340531390553506,0.003829765718723369,0.12112678428903144,1
774,0.19605250187305945,-0.06647356336270376,0.003829765718723369,0.003814833697344662,0.7340531390553506,0.003829765718723369,0.12112678428903144,1
775,0.1826362448155234,-0.06326469,0.003691676589096446,0.003691676589096446,0.7295809731935794,0.003691676589096446,0.12064747825175468,1
776,0.1826362448155234,-0.06326469,0.003691676589096446,0.003691676589096446,0.7295809731935794,0.003691676589096446,0.12064747825175468,1
777,0.179827971670134,-0.06326469,0.0036261668361123327,0.0036261668361123327,0.7217342087114735,0.0036261668361123327,0.12015808828745424,1
778,0.179827971670134,-0.06326469,0.0036261668361123327,0.0036261668361123327,0.7217342087114735,0.0036261668361123327,0.12015808828745424,1
779,0.179827971670134,-0.06326469,0.0036261668361123327,0.0036261668361123327,0.7217342087114735,0.0036261668361123327,0.12015808828745424,1
780,0.179827971670134,-0.06326469,0.0036261668361123327,0.0036261668361123327,0.7217342087114735,0.0036261668361123327,0.12015808828745424,1
781,0.179827971670134,-0.06326469,0.0036261668361123327,0.0036261668361123327,0.7217342087114735,0.0036261668361123327,0.12015808828745424,1
782,0.179827971670134,-0.06326469,0.0036261668361123327,0.0036261668361123327,0.7217342087114735,0.0036261668361123327,0.12015808828745424,1
783,0.1790072548276016,-0.06326469,0.0035667031973274665,0.0035667031973274665,0.7245725915357406,0.0035667031973274665,0.12006995307271454,1
784,0.17499438547254792,-0.06326469,0.0035364090804748936,0.0035364090804748936,0.7301863502459861,0.0035364090804748936,0.12007813816005816,1
785,0.17499438547254792,-0.06326469,0.0035364090804748936,0.0035364090804748936,0.7301863502459861,0.0035364090804748936,0.12007813816005816,1
786,0.17499438547254792,-0.06326469,0.0035364090804748936,0.0035364090804748936,0.7301863502459861,0.0035364090804748936,0.12007813816005816,1
787,0.17499438547254792,-0.06326469,0.0035364090804748936,0.0035364090804748936,0.7301863502459861,0.0035364090804748936,0.12007813816005816,1
788,0.17499438547254792,-0.06326469,0.0035364090804748936,0.0035364090804748936,0.7301863502459861,0.0035364090804748936,0.12007813816005816,1
789,0.17499438547254792,-0.06326469,0.0035364090804748936,0.0035364090804748936,0.7301863502459861,0.0035364090804748936,0.12007813816005816,1
790,0.17499438547254792,-0.06326469,0.0035364090804748936,0.0035364090804748936,0.7301863502459861,0.0035364090804748936,0.12007813816005816,1
791,0.17499438547254792,-0.06326469,0.0035364090804748936,0.0035364090804748936,0.7301863502459861,0.0035364090804748936,0.12007813816005816,1
792,0.17499438547254792,-0.06326469,0.0035364090804748936,0.0035364090804748936,0.7301863502459861,0.0035364090804748936,0.12007813816005816,1
793,0.17499438547254792,-0.06326469,0.0035364090804748936,0.0035364090804748936,0.7301863502459861,0.0035364090804748936,0.12007813816005816,1
794,0.17499438547254792,-0.06326469,0.0035364090804748936,0.0035364090804748936,0.7301863502459861,0.0035364090804748936,0.12007813816005816,1
795,0.1686542414795923,-0.06326469,0.0035191340538123657,0.0035191340538123657,0.7279462157995898,0.0035191340538123657,0.1207278673364794,1
796,0.1686542414795923,-0.06326469,0.0035191340538123657,0.0035191340538123657,0.7279462157995898,0.0035191340538123657,0.1207278673364794,1
797,0.1686542414795923,-0.06326469,0.0035191340538123657,0.0035191340538123657,0.7279462157995898,0.0035191340538123657,0.1207278673364794,1
798,0.1686542414795923,-0.06326469,0.0035191340538123657,0.0035191340538123657,0.7279462157995898,0.0035191340538123657,0.1207278673364794,1
799,0.16989234704353787,-0.06326469,0.003527515977950522,0.0035191340538123657,0.7328659930934891,0.003527515977950522,0.12012874966409226,1
800,0.16989234704353787,-0.06326469,0.003527515977950522,0.0035191340538123657,0.7328659930934891,0.003527515977950522,0.12012874966409226,1
801,0.16989234704353787,-0.06326469,0.003527515977950522,0.0035191340538123657,0.7328659930934891,0.003527515977950522,0.12012874966409226,1
802,0.16989234704353787,-0.06326469,0.003527515977950522,0.0035191340538123657,0.7328659930934891,0.003527515977950522,0.12012874966409226,1
803,0.16989234704353787,-0.06326469,0.003527515977950522,0.0035191340538123657,0.7328659930934891,0.003527515977950522,0.12012874966409226,1
804,0.16989234704353787,-0.06326469,0.003527515977950522,0.0035191340538123657,0.7328659930934891,0.003527515977950522,0.12012874966409226,1
805,0.16989234704353787,-0.06326469,0.003527515977950522,0.0035191340538123657,0.7328659930934891,0.003527515977950522,0.12012874966409226,1
806,0.16989234704353787,-0.06326469,0.003527515977950522,0.0035191340538123657,0.7328659930934891,0.003527515977950522,0.12012874966409226,1
807,0.16989234704353787,-0.06326469,0.003527515977950522,0.0035191340538123657,0.7328659930934891,0.003527515977950522,0.12012874966409226,1
808,0.16788877142629316,-0.06326469,0.0034983474373391143,0.0034983474373391143,0.7211687538260062,0.0034983474373391143,0.12153927524680093,1
809,0.16788877142629316,-0.06326469,0.0034983474373391143,0.0034983474373391143,0.7211687538260062,0.0034983474373391143,0.12153927524680093,1
810,0.16788877142629316,-0.06326469,0.0034983474373391143,0.0034983474373391143,0.7211687538260062,0.0034983474373391143,0.12153927524680093,1
811,0.16788877142629316,-0.06326469,0.0034983474373391143,0.0034983474373391143,0.7211687538260062,0.0034983474373391143,0.12153927524680093,1
812,0.16788877142629316,-0.06326469,0.0034983474373391143,0.0034983474373391143,0.7211687538260062,0.0034983474373391143,0.12153927524680093,1
813,0.16788877142629316,-0.06326469,0.0034983474373391143,0.0034983474373391143,0.7211687538260062,0.0034983474373391143,0.12153927524680093,1
814,0.16788877142629316,-0.06326469,0.0034983474373391143,0.0034983474373391143,0.7211687538260062,0.0034983474373391143,0.12153927524680093,1
815,0.16788877142629316,-0.06326469,0.0034983474373391143,0.0034983474373391143,0.7211687538260062,0.0034983474373391143,0.12153927524680093,1
816,0.1618960185213329,-0.06326469,0.0034936950392942174,0.0034936950392942174,0.7350703783171033,0.0034936950392942174,0.12083061154394478,1
817,0.15478063235260478,-0.06326469,0.0034512429313988636,0.0034512429313988636,0.7305768316041334,0.0034512429313988636,0.12066797017476448,1
818,0.15020662198536086,-0.06326469,0.003418789416230346,0.003418789416230346,0.7233554088928383,0.003418789416230346,0.1211258321033415,1
819,0.15020662198536086,-0.06326469,0.003418789416230346,0.003418789416230346,0.7233554088928383,0.003418789416230346,0.1211258321033415,1
820,0.15020662198536086,-0.06326469,0.003418789416230346,0.003418789416230346,0.7233554088928383,0.003418789416230346,0.1211258321033415,1
821,0.15020662198536086,-0.06326469,0.003418789416230346,0.003418789416230346,0.7233554088928383,0.003418789416230346,0.1211258321033415,1
822,0.15020662198536086,-0.06326469,0.003418789416230346,0.003418789416230346,0.7233554088928383,0.003418789416230346,0.1211258321033415,1
823,0.15020662198536086,-0.06326469,0.003418789416230346,0.003418789416230346,0.7233554088928383,0.003418789416230346,0.1211258321033415,1
824,0.15020662198536086,-0.06326469,0.003418789416230346,0.003418789416230346,0.7233554088928383,0.003418789416230346,0.1211258321033415,1
825,0.15020662198536086,-0.06326469,0.003418789416230346,0.003418789416230346,0.7233554088928383,0.003418789416230346,0.1211258321033415,1
826,0.15020662198536086,-0.06326469,0.003418789416230346,0.003418789416230346,0.7233554088928383,0.003418789416230346,0.1211258321033415,1
827,0.15020662198536086,-0.06326469,0.003418789416230346,0.003418789416230346,0.7233554088928383,0.003418789416230346,0.1211258321033415,1
828,0.15020662198536086,-0.06326469,0.003418789416230346,0.003418789416230346,0.7233554088928383,0.003418789416230346,0.1211258321033415,1
829,0.15020662198536086,-0.06326469,0.003418789416230346,0.003418789416230346,0.7233554088928383,0.003418789416230346,0.1211258321033415,1
830,0.15020662198536086,-0.06326469,0.003418789416230346,0.003418789416230346,0.7233554088928383,0.003418789416230346,0.1211258321033415,1
831,0.15020662198536086,-0.06326469,0.003418789416230346,0.003418789416230346,0.7233554088928383,0.003418789416230346,0.1211258321033415,1
832,0.15020662198536086,-0.06326469,0.003418789416230346,0.003418789416230346,0.7233554088928383,0.003418789416230346,0.1211258321033415,1
833,0.15020662198536086,-0.06326469,0.003418789416230346,0.003418789416230346,0.7233554088928383,0.003418789416230346,0.1211258321033415,1
834,0.15020662198536086,-0.06326469,0.003418789416230346,0.003418789416230346,0.7233554088928383,0.003418789416230346,0.1211258321033415,1
835,0.15020662198536086,-0.06326469,0.003418789416230346,0.003418789416230346,0.7233554088928383,0.003418789416230346,0.1211258321033415,1
836,0.15020662198536086,-0.06326469,0.003418789416230346,0.003418789416230346,0.7233554088928383,0.003418789416230346,0.1211258321033415,1
837,0.15020662198536086,-0.06326469,0.003418789416230346,0.003418789416230346,0.7233554088928383,0.003418789416230346,0.1211258321033415,1
838,0.15371215087084444,-0.06326469,0.0034071762264913825,0.0034071762264913825,0.7241747796043245,0.0034071762264913825,0.12026779723056945,1
839,0.15371215087084444,-0.06326469,0.0034071762264913825,0.0034071762264913825,0.7241747796043245,0.0034071762264913825,0.12026779723056945,1
840,0.15371215087084444,-0.06326469,0.0034071762264913825,0.0034071762264913825,0.7241747796043245,0.0034071762264913825,0.12026779723056945,1
841,0.15371215087084444,-0.06326469,0.0034071762264913825,0.0034071762264913825,0.7241747796043245,0.0034071762264913825,0.12026779723056945,1
842,0.15371215087084444,-0.06326469,0.0034071762264913825,0.0034071762264913825,0.7241747796043245,0.0034071762264913825,0.12026779723056945,1
843,0.15371215087084444,-0.06326469,0.0034071762264913825,0.0034071762264913825,0.7241747796043245,0.0034071762264913825,0.12026779723056945,1
844,0.15371215087084444,-0.06326469,0.0034071762264913825,0.0034071762264913825,0.7241747796043245,0.0034071762264913825,0.12026779723056945,1
845,0.15371215087084444,-0.06326469,0.0034071762264913825,0.0034071762264913825,0.7241747796043245,0.0034071762264913825,0.12026779723056945,1
846,0.15371215087084444,-0.06326469,0.0034071762264913825,0.0034071762264913825,0.7241747796043245,0.0034071762264913825,0.12026779723056945,1
847,0.15371215087084444,-0.06326469,0.0034071762264913825,0.0034071762264913825,0.7241747796043245,0.0034071762264913825,0.12026779723056945,1
848,0.15371215087084444,-0.06326469,0.0034071762264913825,0.0034071762264913825,0.7241747796043245,0.0034071762264913825,0.12026779723056945,1
849,0.15371215087084444,-0.06326469,0.0034071762264913825,0.0034071762264913825,0.7241747796043245,0.0034071762264913825,0.12026779723056945,1
850,0.15371215087084444,-0.06326469,0.0034071762264913825,0.0034071762264913825,0.7241747796043245,0.0034071762264913825,0.12026779723056945,1
851,0.15371215087084444,-0.06326469,0.0034071762264913825,0.0034071762264913825,0.7241747796043245,0.0034071762264913825,0.12026779723056945,1
852,0.15371215087084444,-0.06326469,0.0034071762264913825,0.0034071762264913825,0.7241747796043245,0.0034071762264913825,0.12026779723056945,1
853,0.15371215087084444,-0.06326469,0.0034071762264913825,0.0034071762264913825,0.7241747796043245,0.0034071762264913825,0.12026779723056945,1
854,0.15371215087084444,-0.06326469,0.0034071762264913825,0.0034071762264913825,0.7241747796043245,0.0034071762264913825,0.12026779723056945,1
855,0.15371215087084444,-0.06326469,0.0034071762264913825,0.0034071762264913825,0.7241747796043245,0.0034071762264913825,0.12026779723056945,1
856,0.15371215087084444,-0.06326469,0.0034071762264913825,0.0034071762264913825,0.7241747796043245,0.0034071762264913825,0.12026779723056945,1
857,0.15371215087084444,-0.06326469,0.0034071762264913825,0.0034071762264913825,0.7241747796043245,0.0034071762264913825,0.12026779723056945,1
858,0.1534798490779884,-0.06340120854526919,0.0034007897651982164,0.0034007897651982164,0.7214173155042379,0.0034007897651982164,0.1200194363932753,1
859,0.1534798490779884,-0.06340120854526919,0.0034007897651982164,0.0034007897651982164,0.7214173155042379,0.0034007897651982164,0.1200194363932753,1
860,0.1534798490779884,-0.06340120854526919,0.0034007897651982164,0.0034007897651982164,0.7214173155042379,0.0034007897651982164,0.1200194363932753,1
861,0.1534798490779884,-0.06340120854526919,0.0034007897651982164,0.0034007897651982164,0.7214173155042379,0.0034007897651982164,0.1200194363932753,1
862,0.1534798490779884,-0.06340120854526919,0.0034007897651982164,0.0034007897651982164,0.7214173155042379,0.0034007897651982164,0.1200194363932753,1
863,0.1534798490779884,-0.06340120854526919,0.0034007897651982164,0.0034007897651982164,0.7214173155042379,0.0034007897651982164,0.1200194363932753,1
864,0.1534798490779884,-0.06340120854526919,0.0034007897651982164,0.0034007897651982164,0.7214173155042379,0.0034007897651982164,0.1200194363932753,1
865,0.1534798490779884,-0.06340120854526919,0.0034007897651982164,0.0034007897651982164,0.7214173155042379,0.0034007897651982164,0.1200194363932753,1
866,0.1534798490779884,-0.06340120854526919,0.0034007897651982164,0.0034007897651982164,0.7214173155042379,0.0034007897651982164,0.1200194363932753,1
867,0.1534798490779884,-0.06340120854526919,0.0034007897651982164,0.0034007897651982164,0.7214173155042379,0.0034007897651982164,0.1200194363932753,1
868,0.1534798490779884,-0.06340120854526919,0.0034007897651982164,0.0034007897651982164,0.7214173155042379,0.0034007897651982164,0.1200194363932753,1
869,0.1534798490779884,-0.06340120854526919,0.0034007897651982164,0.0034007897651982164,0.7214173155042379,0.0034007897651982164,0.1200194363932753,1
870,0.1534798490779884,-0.06340120854526919,0.0034007897651982164,0.0034007897651982164,0.7214173155042379,0.0034007897651982164,0.1200194363932753,1
871,0.1534798490779884,-0.06340120854526919,0.0034007897651982164,0.0034007897651982164,0.7214173155042379,0.0034007897651982164,0.1200194363932753,1
872,0.1534798490779884,-0.06340120854526919,0.0034007897651982164,0.0034007897651982164,0.7214173155042379,0.0034007897651982164,0.1200194363932753,1
873,0.1534798490779884,-0.06340120854526919,0.0034007897651982164,0.0034007897651982164,0.7214173155042379,0.0034007897651982164,0.1200194363932753,1
874,0.1534798490779884,-0.06340120854526919,0.0034007897651982164,0.0034007897651982164,0.7214173155042379,0.0034007897651982164,0.1200194363932753,1
875,0.1534798490779884,-0.06340120854526919,0.0034007897651982164,0.0034007897651982164,0.7214173155042379,0.0034007897651982164,0.1200194363932753,1
876,0.1534798490779884,-0.06340120854526919,0.0034007897651982164,0.0034007897651982164,0.7214173155042379,0.0034007897651982164,0.1200194363932753,1
877,0.1534798490779884,-0.06340120854526919,0.0034007897651982164,0.0034007897651982164,0.7214173155042379,0.0034007897651982164,0.1200194363932753,1
878,0.1534798490779884,-0.06340120854526919,0.0034007897651982164,0.0034007897651982164,0.7214173155042379,0.0034007897651982164,0.1200194363932753,1
879,0.1534798490779884,-0.06340120854526919,0.0034007897651982164,0.0034007897651982164,0.7214173155042379,0.0034007897651982164,0.1200194363932753,1
880,0.1534798490779884,-0.06340120854526919,0.0034007897651982164,0.0034007897651982164,0.7214173155042379,0.0034007897651982164,0.1200194363932753,1
881,0.1534798490779884,-0.06340120854526919,0.0034007897651982164,0.0034007897651982164,0.7214173155042379,0.0034007897651982164,0.1200194363932753,1
882,0.1534798490779884,-0.06340120854526919,0.0034007897651982164,0.0034007897651982164,0.7214173155042379,0.0034007897651982164,0.1200194363932753,1
883,0.1534798490779884,-0.06340120854526919,0.0034007897651982164,0.0034007897651982164,0.7214173155042379,0.0034007897651982164,0.1200194363932753,1
884,0.1534798490779884,-0.06340120854526919,0.0034007897651982164,0.0034007897651982164,0.7214173155042379,0.0034007897651982164,0.1200194363932753,1
885,0.1534798490779884,-0.06340120854526919,0.0034007897651982164,0.0034007897651982164,0.7214173155042379,0.0034007897651982164,0.1200194363932753,1
886,0.1534798490779884,-0.06340120854526919,0.0034007897651982164,0.0034007897651982164,0.7214173155042379,0.0034007897651982164,0.1200194363932753,1
887,0.1534798490779884,-0.06340120854526919,0.0034007897651982164,0.0034007897651982164,0.7214173155042379,0.0034007897651982164,0.1200194363932753,1
888,0.1534798490779884,-0.06340120854526919,0.0034007897651982164,0.0034007897651982164,0.7214173155042379,0.0034007897651982164,0.1200194363932753,1
889,0.1534798490779884,-0.06340120854526919,0.0034007897651982164,0.0034007897651982164,0.7214173155042379,0.0034007897651982164,0.1200194363932753,1
890,0.1534798490779884,-0.06340120854526919,0.0034007897651982164,0.0034007897651982164,0.7214173155042379,0.0034007897651982164,0.1200194363932753,1
891,0.1534798490779884,-0.06340120854526919,0.0034007897651982164,0.0034007897651982164,0.7214173155042379,0.0034007897651982164,0.1200194363932753,1
892,0.1534798490779884,-0.06340120854526919,0.0034007897651982164,0.0034007897651982164,0.7214173155042379,0.0034007897651982164,0.1200194363932753,1
893,0.1534798490779884,-0.06340120854526919,0.0034007897651982164,0.0034007897651982164,0.7214173155042379,0.0034007897651982164,0.1200194363932753,1
894,0.1534798490779884,-0.06340120854526919,0.0034007897651982164,0.0034007897651982164,0.7214173155042379,0.0034007897651982164,0.1200194363932753,1
895,0.1534798490779884,-0.06340120854526919,0.0034007897651982164,0.0034007897651982164,0.7214173155042379,0.0034007897651982164,0.1200194363932753,1
896,0.1534798490779884,-0.06340120854526919,0.0034007897651982164,0.0034007897651982164,0.7214173155042379,0.0034007897651982164,0.1200194363932753,1
897,0.1534798490779884,-0.06340120854526919,0.0034007897651982164,0.0034007897651982164,0.7214173155042379,0.0034007897651982164,0.1200194363932753,1
898,0.1534798490779884,-0.06340120854526919,0.0034007897651982164,0.0034007897651982164,0.7214173155042379,0.0034007897651982164,0.1200194363932753,1
899,0.1534798490779884,-0.06340120854526919,0.0034007897651982164,0.0034007897651982164,0.7214173155042379,0.0034007897651982164,0.1200194363932753,1
900,0.1534798490779884,-0.06340120854526919,0.0034007897651982164,0.0034007897651982164,0.7214173155042379,0.0034007897651982164,0.1200194363932753,1
901,0.1534798490779884,-0.06340120854526919,0.0034007897651982164,0.0034007897651982164,0.7214173155042379,0.0034007897651982164,0.1200194363932753,1
902,0.1534798490779884,-0.06340120854526919,0.0034007897651982164,0.0034007897651982164,0.7214173155042379,0.0034007897651982164,0.1200194363932753,1
903,0.1534798490779884,-0.06340120854526919,0.0034007897651982164,0.0034007897651982164,0.7214173155042379,0.0034007897651982164,0.1200194363932753,1
904,0.1534798490779884,-0.06340120854526919,0.0034007897651982164,0.0034007897651982164,0.7214173155042379,0.0034007897651982164,0.1200194363932753,1
905,0.1534798490779884,-0.06340120854526919,0.0034007897651982164,0.0034007897651982164,0.7214173155042379,0.0034007897651982164,0.1200194363932753,1
906,0.1534798490779884,-0.06340120854526919,0.0034007897651982164,0.0034007897651982164,0.7214173155042379,0.0034007897651982164,0.1200194363932753,1
907,0.1534798490779884,-0.06340120854526919,0.0034007897651982164,0.0034007897651982164,0.7214173155042379,0.0034007897651982164,0.1200194363932753,1
908,0.1534798490779884,-0.06340120854526919,0.0034007897651982164,0.0034007897651982164,0.7214173155042379,0.0034007897651982164,0.1200194363932753,1
909,0.1534798490779884,-0.06340120854526919,0.0034007897651982164,0.0034007897651982164,0.7214173155042379,0.0034007897651982164,0.1200194363932753,1
910,0.1534798490779884,-0.06340120854526919,0.0034007897651982164,0.0034007897651982164,0.7214173155042379,0.0034007897651982164,0.1200194363932753,1
911,0.1534798490779884,-0.06340120854526919,0.0034007897651982164,0.0034007897651982164,0.7214173155042379,0.0034007897651982164,0.1200194363932753,1
912,0.1534798490779884,-0.06340120854526919,0.0034007897651982164,0.0034007897651982164,0.7214173155042379,0.0034007897651982164,0.1200194363932753,1
913,0.1534798490779884,-0.06340120854526919,0.0034007897651982164,0.0034007897651982164,0.7214173155042379,0.0034007897651982164,0.1200194363932753,1
914,0.1534798490779884,-0.06340120854526919,0.0034007897651982164,0.0034007897651982164,0.7214173155042379,0.0034007897651982164,0.1200194363932753,1
915,0.1534798490779884,-0.06340120854526919,0.0034007897651982164,0.0034007897651982164,0.7214173155042379,0.0034007897651982164,0.1200194363932753,1
916,0.1534798490779884,-0.06340120854526919,0.0034007897651982164,0.0034007897651982164,0.7214173155042379,0.0034007897651982164,0.1200194363932753,1
917,0.1534798490779884,-0.06340120854526919,0.0034007897651982164,0.0034007897651982164,0.7214173155042379,0.0034007897651982164,0.1200194363932753,1
918,0.1534798490779884,-0.06340120854526919,0.0034007897651982164,0.0034007897651982164,0.7214173155042379,0.0034007897651982164,0.1200194363932753,1
919,0.1534798490779884,-0.06340120854526919,0.0034007897651982164,0.0034007897651982164,0.7214173155042379,0.0034007897651982164,0.1200194363932753,1
920,0.1534798490779884,-0.06340120854526919,0.0034007897651982164,0.0034007897651982164,0.7214173155042379,0.0034007897651982164,0.1200194363932753,1
921,0.1534798490779884,-0.06340120854526919,0.0034007897651982164,0.0034007897651982164,0.7214173155042379,0.0034007897651982164,0.1200194363932753,1
922,0.1534798490779884,-0.06340120854526919,0.0034007897651982164,0.0034007897651982164,0.7214173155042379,0.0034007897651982164,0.1200194363932753,1
923,0.1534798490779884,-0.06340120854526919,0.0034007897651982164,0.0034007897651982164,0.7214173155042379,0.0034007897651982164,0.1200194363932753,1
924,0.1534798490779884,-0.06340120854526919,0.0034007897651982164,0.0034007897651982164,0.7214173155042379,0.0034007897651982164,0.1200194363932753,1
925,0.1534798490779884,-0.06340120854526919,0.0034007897651982164,0.0034007897651982164,0.7214173155042379,0.0034007897651982164,0.1200194363932753,1
926,0.1534798490779884,-0.06340120854526919,0.0034007897651982164,0.0034007897651982164,0.7214173155042379,0.0034007897651982164,0.1200194363932753,1
927,0.1534798490779884,-0.06340120854526919,0.0034007897651982164,0.0034007897651982164,0.7214173155042379,0.0034007897651982164,0.1200194363932753,1
928,0.1534798490779884,-0.06340120854526919,0.0034007897651982164,0.0034007897651982164,0.7214173155042379,0.0034007897651982164,0.1200194363932753,1
929,0.1534798490779884,-0.06340120854526919,0.0034007897651982164,0.0034007897651982164,0.7214173155042379,0.0034007897651982164,0.1200194363932753,1
930,0.1534798490779884,-0.06340120854526919,0.0034007897651982164,0.0034007897651982164,0.7214173155042379,0.0034007897651982164,0.1200194363932753,1
931,0.1534798490779884,-0.06340120854526919,0.0034007897651982164,0.0034007897651982164,0.7214173155042379,0.0034007897651982164,0.1200194363932753,1
932,0.1534798490779884,-0.06340120854526919,0.0034007897651982164,0.0034007897651982164,0.7214173155042379,0.0034007897651982164,0.1200194363932753,1
933,0.1534798490779884,-0.06340120854526919,0.0034007897651982164,0.0034007897651982164,0.7214173155042379,0.0034007897651982164,0.1200194363932753,1
934,0.1534798490779884,-0.06340120854526919,0.0034007897651982164,0.0034007897651982164,0.7214173155042379,0.0034007897651982164,0.1200194363932753,1
935,0.1534798490779884,-0.06340120854526919,0.0034007897651982164,0.0034007897651982164,0.7214173155042379,0.0034007897651982164,0.1200194363932753,1
936,0.1534798490779884,-0.06340120854526919,0.0034007897651982164,0.0034007897651982164,0.7214173155042379,0.0034007897651982164,0.1200194363932753,1
937,0.1534798490779884,-0.06340120854526919,0.0034007897651982164,0.0034007897651982164,0.7214173155042379,0.0034007897651982164,0.1200194363932753,1
938,0.1534798490779884,-0.06340120854526919,0.0034007897651982164,0.0034007897651982164,0.7214173155042379,0.0034007897651982164,0.1200194363932753,1
939,0.1534798490779884,-0.06340120854526919,0.0034007897651982164,0.0034007897651982164,0.7214173155042379,0.0034007897651982164,0.1200194363932753,1
940,0.1534798490779884,-0.06340120854526919,0.0034007897651982164,0.0034007897651982164,0.7214173155042379,0.0034007897651982164,0.1200194363932753,1
941,0.1534798490779884,-0.06340120854526919,0.0034007897651982164,0.0034007897651982164,0.7214173155042379,0.0034007897651982164,0.1200194363932753,1
942,0.1534798490779884,-0.06340120854526919,0.0034007897651982164,0.0034007897651982164,0.7214173155042379,0.0034007897651982164,0.1200194363932753,1
943,0.1534798490779884,-0.06340120854526919,0.0034007897651982164,0.0034007897651982164,0.7214173155042379,0.0034007897651982164,0.1200194363932753,1
944,0.1534798490779884,-0.06340120854526919,0.0034007897651982164,0.0034007897651982164,0.7214173155042379,0.0034007897651982164,0.1200194363932753,1
945,0.1534798490779884,-0.06340120854526919,0.0034007897651982164,0.0034007897651982164,0.7214173155042379,0.0034007897651982164,0.1200194363932753,1
946,0.1534798490779884,-0.06340120854526919,0.0034007897651982164,0.0034007897651982164,0.7214173155042379,0.0034007897651982164,0.1200194363932753,1
947,0.1534798490779884,-0.06340120854526919,0.0034007897651982164,0.0034007897651982164,0.7214173155042379,0.0034007897651982164,0.1200194363932753,1
948,0.1534798490779884,-0.06340120854526919,0.0034007897651982164,0.0034007897651982164,0.7214173155042379,0.0034007897651982164,0.1200194363932753,1
949,0.1534798490779884,-0.06340120854526919,0.0034007897651982164,0.0034007897651982164,0.7214173155042379,0.0034007897651982164,0.1200194363932753,1
950,0.1534798490779884,-0.06340120854526919,0.0034007897651982164,0.0034007897651982164,0.7214173155042379,0.0034007897651982164,0.1200194363932753,1
951,0.1534798490779884,-0.06340120854526919,0.0034007897651982164,0.0034007897651982164,0.7214173155042379,0.0034007897651982164,0.1200194363932753,1
952,0.1534798490779884,-0.06340120854526919,0.0034007897651982164,0.0034007897651982164,0.7214173155042379,0.0034007897651982164,0.1200194363932753,1
953,0.1534798490779884,-0.06340120854526919,0.0034007897651982164,0.0034007897651982164,0.7214173155042379,0.0034007897651982164,0.1200194363932753,1
954,0.1534798490779884,-0.06340120854526919,0.0034007897651982164,0.0034007897651982164,0.7214173155042379,0.0034007897651982164,0.1200194363932753,1
955,0.1534798490779884,-0.06340120854526919,0.0034007897651982164,0.0034007897651982164,0.7214173155042379,0.0034007897651982164,0.1200194363932753,1
956,0.1534798490779884,-0.06340120854526919,0.0034007897651982164,0.0034007897651982164,0.7214173155042379,0.0034007897651982164,0.1200194363932753,1
957,0.1534798490779884,-0.06340120854526919,0.0034007897651982164,0.0034007897651982164,0.7214173155042379,0.0034007897651982164,0.1200194363932753,1
958,0.1534798490779884,-0.06340120854526919,0.0034007897651982164,0.0034007897651982164,0.7214173155042379,0.0034007897651982164,0.1200194363932753,1
959,0.1534798490779884,-0.06340120854526919,0.0034007897651982164,0.0034007897651982164,0.7214173155042379,0.0034007897651982164,0.1200194363932753,1
960,0.1534798490779884,-0.06340120854526919,0.0034007897651982164,0.0034007897651982164,0.7214173155042379,0.0034007897651982164,0.1200194363932753,1
961,0.1534798490779884,-0.06340120854526919,0.0034007897651982164,0.0034007897651982164,0.7214173155042379,0.0034007897651982164,0.1200194363932753,1
962,0.1534798490779884,-0.06340120854526919,0.0034007897651982164,0.0034007897651982164,0.7214173155042379,0.0034007897651982164,0.1200194363932753,1
963,0.1534798490779884,-0.06340120854526919,0.0034007897651982164,0.0034007897651982164,0.7214173155042379,0.0034007897651982164,0.1200194363932753,1
964,0.1534798490779884,-0.06340120854526919,0.0034007897651982164,0.0034007897651982164,0.7214173155042379,0.0034007897651982164,0.1200194363932753,1
965,0.1534798490779884,-0.06340120854526919,0.0034007897651982164,0.0034007897651982164,0.7214173155042379,0.0034007897651982164,0.1200194363932753,1
966,0.1534798490779884,-0.06340120854526919,0.0034007897651982164,0.0034007897651982164,0.7214173155042379,0.0034007897651982164,0.1200194363932753,1
967,0.1534798490779884,-0.06340120854526919,0.0034007897651982164,0.0034007897651982164,0.7214173155042379,0.0034007897651982164,0.1200194363932753,1
968,0.1534798490779884,-0.06340120854526919,0.0034007897651982164,0.0034007897651982164,0.7214173155042379,0.0034007897651982164,0.1200194363932753,1
969,0.1534798490779884,-0.06340120854526919,0.0034007897651982164,0.0034007897651982164,0.7214173155042379,0.0034007897651982164,0.1200194363932753,1
970,0.1534798490779884,-0.06340120854526919,0.0034007897651982164,0.0034007897651982164,0.7214173155042379,0.0034007897651982164,0.1200194363932753,1
971,0.1534798490779884,-0.06340120854526919,0.0034007897651982164,0.0034007897651982164,0.7214173155042379,0.0034007897651982164,0.1200194363932753,1
972,0.1534798490779884,-0.06340120854526919,0.0034007897651982164,0.0034007897651982164,0.7214173155042379,0.0034007897651982164,0.1200194363932753,1
973,0.1534798490779884,-0.06340120854526919,0.0034007897651982164,0.0034007897651982164,0.7214173155042379,0.0034007897651982164,0.1200194363932753,1
974,0.1534798490779884,-0.06340120854526919,0.0034007897651982164,0.0034007897651982164,0.7214173155042379,0.0034007897651982164,0.1200194363932753,1
975,0.1534798490779884,-0.06340120854526919,0.0034007897651982164,0.0034007897651982164,0.7214173155042379,0.0034007897651982164,0.1200194363932753,1
976,0.1534798490779884,-0.06340120854526919,0.0034007897651982164,0.0034007897651982164,0.7214173155042379,0.0034007897651982164,0.1200194363932753,1
977,0.1534798490779884,-0.06340120854526919,0.0034007897651982164,0.0034007897651982164,0.7214173155042379,0.0034007897651982164,0.1200194363932753,1
978,0.1534798490779884,-0.06340120854526919,0.0034007897651982164,0.0034007897651982164,0.7214173155042379,0.0034007897651982164,0.1200194363932753,1
979,0.1534798490779884,-0.06340120854526919,0.0034007897651982164,0.0034007897651982164,0.7214173155042379,0.0034007897651982164,0.1200194363932753,1
980,0.1534798490779884,-0.06340120854526919,0.0034007897651982164,0.0034007897651982164,0.7214173155042379,0.0034007897651982164,0.1200194363932753,1
981,0.1534798490779884,-0.06340120854526919,0.0034007897651982164,0.0034007897651982164,0.7214173155042379,0.0034007897651982164,0.1200194363932753,1
982,0.1534798490779884,-0.06340120854526919,0.0034007897651982164,0.0034007897651982164,0.7214173155042379,0.0034007897651982164,0.1200194363932753,1
983,0.1534798490779884,-0.06340120854526919,0.0034007897651982164,0.0034007897651982164,0.7214173155042379,0.0034007897651982164,0.1200194363932753,1
984,0.1534798490779884,-0.06340120854526919,0.0034007897651982164,0.0034007897651982164,0.7214173155042379,0.0034007897651982164,0.1200194363932753,1
985,0.1534798490779884,-0.06340120854526919,0.0034007897651982164,0.0034007897651982164,0.7214173155042379,0.0034007897651982164,0.1200194363932753,1
986,0.1534798490779884,-0.06340120854526919,0.0034007897651982164,0.0034007897651982164,0.7214173155042379,0.0034007897651982164,0.1200194363932753,1
987,0.1534798490779884,-0.06340120854526919,0.0034007897651982164,0.0034007897651982164,0.7214173155042379,0.0034007897651982164,0.1200194363932753,1
988,0.1534798490779884,-0.06340120854526919,0.0034007897651982164,0.0034007897651982164,0.7214173155042379,0.0034007897651982164,0.1200194363932753,1
989,0.1534798490779884,-0.06340120854526919,0.0034007897651982164,0.0034007897651982164,0.7214173155042379,0.0034007897651982164,0.1200194363932753,1
990,0.1534798490779884,-0.06340120854526919,0.0034007897651982164,0.0034007897651982164,0.7214173155042379,0.0034007897651982164,0.1200194363932753,1
991,0.1534798490779884,-0.06340120854526919,0.0034007897651982164,0.0034007897651982164,0.7214173155042379,0.0034007897651982164,0.1200194363932753,1
992,0.1534798490779884,-0.06340120854526919,0.0034007897651982164,0.0034007897651982164,0.7214173155042379,0.0034007897651982164,0.1200194363932753,1
993,0.1534798490779884,-0.06340120854526919,0.0034007897651982164,0.0034007897651982164,0.7214173155042379,0.0034007897651982164,0.1200194363932753,1
994,0.1534798490779884,-0.06340120854526919,0.0034007897651982164,0.0034007897651982164,0.7214173155042379,0.0034007897651982164,0.1200194363932753,1
995,0.1534798490779884,-0.06340120854526919,0.0034007897651982164,0.0034007897651982164,0.7214173155042379,0.0034007897651982164,0.1200194363932753,1
996,0.1534798490779884,-0.06340120854526919,0.0034007897651982164,0.0034007897651982164,0.7214173155042379,0.0034007897651982164,0.1200194363932753,1
997,0.1534798490779884,-0.06340120854526919,0.0034007897651982164,0.0034007897651982164,0.7214173155042379,0.0034007897651982164,0.1200194363932753,1
998,0.1534798490779884,-0.06340120854526919,0.0034007897651982164,0.0034007897651982164,0.7214173155042379,0.0034007897651982164,0.1200194363932753,1
999,0.1534798490779884,-0.06340120854526919,0.0034007897651982164,0.0034007897651982164,0.7214173155042379,0.0034007897651982164,0.1200194363932753,1
1000,0.1534798490779884,-0.06340120854526919,0.0034007897651982164,0.0034007897651982164,0.7214173155042379,0.0034007897651982164,0.1200194363932753,1
1001,0.1534798490779884,-0.06340120854526919,0.0034007897651982164,0.0034007897651982164,0.7214173155042379,0.0034007897651982164,0.1200194363932753,1
1002,0.1534798490779884,-0.06340120854526919,0.0034007897651982164,0.0034007897651982164,0.7214173155042379,0.0034007897651982164,0.1200194363932753,1
1003,0.1534798490779884,-0.06340120854526919,0.0034007897651982164,0.0034007897651982164,0.7214173155042379,0.0034007897651982164,0.1200194363932753,1
1004,0.1534798490779884,-0.06340120854526919,0.0034007897651982164,0.0034007897651982164,0.7214173155042379,0.0034007897651982164,0.1200194363932753,1
1005,0.1534798490779884,-0.06340120854526919,0.0034007897651982164,0.0034007897651982164,0.7214173155042379,0.0034007897651982164,0.1200194363932753,1
1006,0.1534798490779884,-0.06340120854526919,0.0034007897651982164,0.0034007897651982164,0.7214173155042379,0.0034007897651982164,0.1200194363932753,1
1007,0.1534798490779884,-0.06340120854526919,0.0034007897651982164,0.0034007897651982164,0.7214173155042379,0.0034007897651982164,0.1200194363932753,1
1008,0.1534798490779884,-0.06340120854526919,0.0034007897651982164,0.0034007897651982164,0.7214173155042379,0.0034007897651982164,0.1200194363932753,1
1009,0.1534798490779884,-0.06340120854526919,0.0034007897651982164,0.0034007897651982164,0.7214173155042379,0.0034007897651982164,0.1200194363932753,1
1010,0.1534798490779884,-0.06340120854526919,0.0034007897651982164,0.0034007897651982164,0.7214173155042379,0.0034007897651982164,0.1200194363932753,1
1011,0.1534798490779884,-0.06340120854526919,0.0034007897651982164,0.0034007897651982164,0.7214173155042379,0.0034007897651982164,0.1200194363932753,1
1012,0.1534798490779884,-0.06340120854526919,0.0034007897651982164,0.0034007897651982164,0.7214173155042379,0.0034007897651982164,0.1200194363932753,1
1013,0.1534798490779884,-0.06340120854526919,0.0034007897651982164,0.0034007897651982164,0.7214173155042379,0.0034007897651982164,0.1200194363932753,1
1014,0.1534798490779884,-0.06340120854526919,0.0034007897651982164,0.0034007897651982164,0.7214173155042379,0.0034007897651982164,0.1200194363932753,1
1015,0.1534798490779884,-0.06340120854526919,0.0034007897651982164,0.0034007897651982164,0.7214173155042379,0.0034007897651982164,0.1200194363932753,1
1016,0.1534798490779884,-0.06340120854526919,0.0034007897651982164,0.0034007897651982164,0.7214173155042379,0.0034007897651982164,0.1200194363932753,1
1017,0.1534798490779884,-0.06340120854526919,0.0034007897651982164,0.0034007897651982164,0.7214173155042379,0.0034007897651982164,0.1200194363932753,1
1018,0.1534798490779884,-0.06340120854526919,0.0034007897651982164,0.0034007897651982164,0.7214173155042379,0.0034007897651982164,0.1200194363932753,1
1019,0.1534798490779884,-0.06340120854526919,0.0034007897651982164,0.0034007897651982164,0.7214173155042379,0.0034007897651982164,0.1200194363932753,1
1020,0.1534798490779884,-0.06340120854526919,0.0034007897651982164,0.0034007897651982164,0.7214173155042379,0.0034007897651982164,0.1200194363932753,1
1021,0.1534798490779884,-0.06340120854526919,0.0034007897651982164,0.0034007897651982164,0.7214173155042379,0.0034007897651982164,0.1200194363932753,1
1022,0.1534798490779884,-0.06340120854526919,0.0034007897651982164,0.0034007897651982164,0.7214173155042379,0.0034007897651982164,0.1200194363932753,1
1023,0.1534798490779884,-0.06340120854526919,0.0034007897651982164,0.0034007897651982164,0.7214173155042379,0.0034007897651982164,0.1200194363932753,1
1024,0.1534798490779884,-0.06340120854526919,0.0034007897651982164,0.0034007897651982164,0.7214173155042379,0.0034007897651982164,0.1200194363932753,1
1025,0.1534798490779884,-0.06340120854526919,0.0034007897651982164,0.0034007897651982164,0.7214173155042379,0.0034007897651982164,0.1200194363932753,1
1026,0.1534798490779884,-0.06340120854526919,0.0034007897651982164,0.0034007897651982164,0.7214173155042379,0.0034007897651982164,0.1200194363932753,1
1027,0.1534798490779884,-0.06340120854526919,0.0034007897651982164,0.0034007897651982164,0.7214173155042379,0.0034007897651982164,0.1200194363932753,1
1028,0.1534798490779884,-0.06340120854526919,0.0034007897651982164,0.0034007897651982164,0.7214173155042379,0.0034007897651982164,0.1200194363932753,1
1029,0.1534798490779884,-0.06340120854526919,0.0034007897651982164,0.0034007897651982164,0.7214173155042379,0.0034007897651982164,0.1200194363932753,1
1030,0.1534798490779884,-0.06340120854526919,0.0034007897651982164,0.0034007897651982164,0.7214173155042379,0.0034007897651982164,0.1200194363932753,1
1031,0.1534798490779884,-0.06340120854526919,0.0034007897651982164,0.0034007897651982164,0.7214173155042379,0.0034007897651982164,0.1200194363932753,1
1032,0.1534798490779884,-0.06340120854526919,0.0034007897651982164,0.0034007897651982164,0.7214173155042379,0.0034007897651982164,0.1200194363932753,1
1033,0.1534798490779884,-0.06340120854526919,0.0034007897651982164,0.0034007897651982164,0.7214173155042379,0.0034007897651982164,0.1200194363932753,1
1034,0.1534798490779884,-0.06340120854526919,0.0034007897651982164,0.0034007897651982164,0.7214173155042379,0.0034007897651982164,0.1200194363932753,1
1035,0.1534798490779884,-0.06340120854526919,0.0034007897651982164,0.0034007897651982164,0.7214173155042379,0.0034007897651982164,0.1200194363932753,1
1036,0.1534798490779884,-0.06340120854526919,0.0034007897651982164,0.0034007897651982164,0.7214173155042379,0.0034007897651982164,0.1200194363932753,1
1037,0.1534798490779884,-0.06340120854526919,0.0034007897651982164,0.0034007897651982164,0.7214173155042379,0.0034007897651982164,0.1200194363932753,1
1038,0.1534798490779884,-0.06340120854526919,0.0034007897651982164,0.0034007897651982164,0.7214173155042379,0.0034007897651982164,0.1200194363932753,1
1039,0.1534798490779884,-0.06340120854526919,0.0034007897651982164,0.0034007897651982164,0.7214173155042379,0.0034007897651982164,0.1200194363932753,1
1040,0.1534798490779884,-0.06340120854526919,0.0034007897651982164,0.0034007897651982164,0.7214173155042379,0.0034007897651982164,0.1200194363932753,1
1041,0.1534798490779884,-0.06340120854526919,0.0034007897651982164,0.0034007897651982164,0.7214173155042379,0.0034007897651982164,0.1200194363932753,1
1042,0.1534798490779884,-0.06340120854526919,0.0034007897651982164,0.0034007897651982164,0.7214173155042379,0.0034007897651982164,0.1200194363932753,1
1043,0.1534798490779884,-0.06340120854526919,0.0034007897651982164,0.0034007897651982164,0.7214173155042379,0.0034007897651982164,0.1200194363932753,1
1044,0.1534798490779884,-0.06340120854526919,0.0034007897651982164,0.0034007897651982164,0.7214173155042379,0.0034007897651982164,0.1200194363932753,1
1045,0.1534798490779884,-0.06340120854526919,0.0034007897651982164,0.0034007897651982164,0.7214173155042379,0.0034007897651982164,0.1200194363932753,1
1046,0.1534798490779884,-0.06340120854526919,0.0034007897651982164,0.0034007897651982164,0.7214173155042379,0.0034007897651982164,0.1200194363932753,1
1047,0.1534798490779884,-0.06340120854526919,0.0034007897651982164,0.0034007897651982164,0.7214173155042379,0.0034007897651982164,0.1200194363932753,1
1048,0.1534798490779884,-0.06340120854526919,0.0034007897651982164,0.0034007897651982164,0.7214173155042379,0.0034007897651982164,0.1200194363932753,1
1049,0.1534798490779884,-0.06340120854526919,0.0034007897651982164,0.0034007897651982164,0.7214173155042379,0.0034007897651982164,0.1200194363932753,1
1050,0.1534798490779884,-0.06340120854526919,0.0034007897651982164,0.0034007897651982164,0.7214173155042379,0.0034007897651982164,0.1200194363932753,1
1051,0.1534798490779884,-0.06340120854526919,0.0034007897651982164,0.0034007897651982164,0.7214173155042379,0.0034007897651982164,0.1200194363932753,1
1052,0.1534798490779884,-0.06340120854526919,0.0034007897651982164,0.0034007897651982164,0.7214173155042379,0.0034007897651982164,0.1200194363932753,1
1053,0.1534798490779884,-0.06340120854526919,0.0034007897651982164,0.0034007897651982164,0.7214173155042379,0.0034007897651982164,0.1200194363932753,1
1054,0.1534798490779884,-0.06340120854526919,0.0034007897651982164,0.0034007897651982164,0.7214173155042379,0.0034007897651982164,0.1200194363932753,1
1055,0.1534798490779884,-0.06340120854526919,0.0034007897651982164,0.0034007897651982164,0.7214173155042379,0.0034007897651982164,0.1200194363932753,1
1056,0.1534798490779884,-0.06340120854526919,0.0034007897651982164,0.0034007897651982164,0.7214173155042379,0.0034007897651982164,0.1200194363932753,1
1057,0.1534798490779884,-0.06340120854526919,0.0034007897651982164,0.0034007897651982164,0.7214173155042379,0.0034007897651982164,0.1200194363932753,1
1058,0.1534798490779884,-0.06340120854526919,0.0034007897651982164,0.0034007897651982164,0.7214173155042379,0.0034007897651982164,0.1200194363932753,1
1059,0.1534798490779884,-0.06340120854526919,0.0034007897651982164,0.0034007897651982164,0.7214173155042379,0.0034007897651982164,0.1200194363932753,1
1060,0.1534798490779884,-0.06340120854526919,0.0034007897651982164,0.0034007897651982164,0.7214173155042379,0.0034007897651982164,0.1200194363932753,1
1061,0.1534798490779884,-0.06340120854526919,0.0034007897651982164,0.0034007897651982164,0.7214173155042379,0.0034007897651982164,0.1200194363932753,1
1062,0.1534798490779884,-0.06340120854526919,0.0034007897651982164,0.0034007897651982164,0.7214173155042379,0.0034007897651982164,0.1200194363932753,1
1063,0.1534798490779884,-0.06340120854526919,0.0034007897651982164,0.0034007897651982164,0.7214173155042379,0.0034007897651982164,0.1200194363932753,1
1064,0.14703767,-0.06326469,0.003388335594008065,0.003388335594008065,0.7225302269012582,0.003388335594008065,0.12010394749723381,1
1065,0.14703767,-0.06326469,0.003388335594008065,0.003388335594008065,0.7225302269012582,0.003388335594008065,0.12010394749723381,1
1066,0.14703767,-0.06326469,0.003388335594008065,0.003388335594008065,0.7225302269012582,0.003388335594008065,0.12010394749723381,1
1067,0.14703767,-0.06326469,0.003388335594008065,0.003388335594008065,0.7225302269012582,0.003388335594008065,0.12010394749723381,1
1068,0.14703767,-0.06326469,0.003388335594008065,0.003388335594008065,0.7225302269012582,0.003388335594008065,0.12010394749723381,1
1069,0.14703767,-0.06326469,0.003388335594008065,0.003388335594008065,0.7225302269012582,0.003388335594008065,0.12010394749723381,1
1070,0.14703767,-0.06326469,0.003388335594008065,0.003388335594008065,0.7225302269012582,0.003388335594008065,0.12010394749723381,1
1071,0.14703767,-0.06326469,0.003388335594008065,0.003388335594008065,0.7225302269012582,0.003388335594008065,0.12010394749723381,1
1072,0.14703767,-0.06326469,0.003388335594008065,0.003388335594008065,0.7225302269012582,0.003388335594008065,0.12010394749723381,1
1073,0.14703767,-0.06326469,0.003388335594008065,0.003388335594008065,0.7225302269012582,0.003388335594008065,0.12010394749723381,1
1074,0.14703767,-0.06326469,0.003388335594008065,0.003388335594008065,0.7225302269012582,0.003388335594008065,0.12010394749723381,1
1075,0.14703767,-0.06326469,0.003388335594008065,0.003388335594008065,0.7225302269012582,0.003388335594008065,0.12010394749723381,1
1076,0.14703767,-0.06326469,0.003388335594008065,0.003388335594008065,0.7225302269012582,0.003388335594008065,0.12010394749723381,1
1077,0.14703767,-0.06326469,0.003388335594008065,0.003388335594008065,0.7225302269012582,0.003388335594008065,0.12010394749723381,1
1078,0.14703767,-0.06326469,0.003388335594008065,0.003388335594008065,0.7225302269012582,0.003388335594008065,0.12010394749723381,1
1079,0.14703767,-0.06326469,0.003388335594008065,0.003388335594008065,0.7225302269012582,0.003388335594008065,0.12010394749723381,1
1080,0.14703767,-0.06326469,0.003388335594008065,0.003388335594008065,0.7225302269012582,0.003388335594008065,0.12010394749723381,1
1081,0.14703767,-0.06326469,0.003388335594008065,0.003388335594008065,0.7225302269012582,0.003388335594008065,0.12010394749723381,1
1082,0.14703767,-0.06326469,0.003388335594008065,0.003388335594008065,0.7225302269012582,0.003388335594008065,0.12010394749723381,1
1083,0.14703767,-0.06326469,0.003388335594008065,0.003388335594008065,0.7225302269012582,0.003388335594008065,0.12010394749723381,1
1084,0.14703767,-0.06326469,0.003388335594008065,0.003388335594008065,0.7225302269012582,0.003388335594008065,0.12010394749723381,1
1085,0.14703767,-0.06326469,0.003388335594008065,0.003388335594008065,0.7225302269012582,0.003388335594008065,0.12010394749723381,1
1086,0.14703767,-0.06326469,0.003388335594008065,0.003388335594008065,0.7225302269012582,0.003388335594008065,0.12010394749723381,1
1087,0.14703767,-0.06326469,0.003388335594008065,0.003388335594008065,0.7225302269012582,0.003388335594008065,0.12010394749723381,1
1088,0.14703767,-0.06326469,0.003388335594008065,0.003388335594008065,0.7225302269012582,0.003388335594008065,0.12010394749723381,1
1089,0.14703767,-0.06326469,0.003388335594008065,0.003388335594008065,0.7225302269012582,0.003388335594008065,0.12010394749723381,1
1090,0.14703767,-0.06326469,0.003388335594008065,0.003388335594008065,0.7225302269012582,0.003388335594008065,0.12010394749723381,1
1091,0.14703767,-0.06326469,0.003388335594008065,0.003388335594008065,0.7225302269012582,0.003388335594008065,0.12010394749723381,1
1092,0.14703767,-0.06326469,0.003388335594008065,0.003388335594008065,0.7225302269012582,0.003388335594008065,0.12010394749723381,1
1093,0.14703767,-0.06326469,0.003388335594008065,0.003388335594008065,0.7225302269012582,0.003388335594008065,0.12010394749723381,1
1094,0.14703767,-0.06326469,0.003388335594008065,0.003388335594008065,0.7225302269012582,0.003388335594008065,0.12010394749723381,1
1095,0.14703767,-0.06326469,0.003388335594008065,0.003388335594008065,0.7225302269012582,0.003388335594008065,0.12010394749723381,1
1096,0.14703767,-0.06326469,0.003388335594008065,0.003388335594008065,0.7225302269012582,0.003388335594008065,0.12010394749723381,1
1097,0.14703767,-0.06326469,0.003388335594008065,0.003388335594008065,0.7225302269012582,0.003388335594008065,0.12010394749723381,1
1098,0.14703767,-0.06326469,0.003388335594008065,0.003388335594008065,0.7225302269012582,0.003388335594008065,0.12010394749723381,1
1099,0.14703767,-0.06326469,0.003388335594008065,0.003388335594008065,0.7225302269012582,0.003388335594008065,0.12010394749723381,1
1100,0.14703767,-0.06326469,0.003388335594008065,0.003388335594008065,0.7225302269012582,0.003388335594008065,0.12010394749723381,1
1101,0.14703767,-0.06326469,0.003388335594008065,0.003388335594008065,0.7225302269012582,0.003388335594008065,0.12010394749723381,1
1102,0.14703767,-0.06326469,0.003388335594008065,0.003388335594008065,0.7225302269012582,0.003388335594008065,0.12010394749723381,1
1103,0.14703767,-0.06326469,0.003388335594008065,0.003388335594008065,0.7225302269012582,0.003388335594008065,0.12010394749723381,1
1104,0.14703767,-0.06326469,0.003388335594008065,0.003388335594008065,0.7225302269012582,0.003388335594008065,0.12010394749723381,1
1105,0.14703767,-0.06326469,0.003388335594008065,0.003388335594008065,0.7225302269012582,0.003388335594008065,0.12010394749723381,1
1106,0.14703767,-0.06326469,0.003388335594008065,0.003388335594008065,0.7225302269012582,0.003388335594008065,0.12010394749723381,1
1107,0.14703767,-0.06326469,0.003388335594008065,0.003388335594008065,0.7225302269012582,0.003388335594008065,0.12010394749723381,1
1108,0.14703767,-0.06326469,0.003388335594008065,0.003388335594008065,0.7225302269012582,0.003388335594008065,0.12010394749723381,1
1109,0.14703767,-0.06326469,0.003388335594008065,0.003388335594008065,0.7225302269012582,0.003388335594008065,0.12010394749723381,1
1110,0.14703767,-0.06326469,0.003388335594008065,0.003388335594008065,0.7225302269012582,0.003388335594008065,0.12010394749723381,1
1111,0.14703767,-0.06326469,0.003388335594008065,0.003388335594008065,0.7225302269012582,0.003388335594008065,0.12010394749723381,1
1112,0.14703767,-0.06326469,0.003388335594008065,0.003388335594008065,0.7225302269012582,0.003388335594008065,0.12010394749723381,1
1113,0.14703767,-0.06326469,0.003388335594008065,0.003388335594008065,0.7225302269012582,0.003388335594008065,0.12010394749723381,1
1114,0.14703767,-0.06326469,0.003388335594008065,0.003388335594008065,0.7225302269012582,0.003388335594008065,0.12010394749723381,1
1115,0.14703767,-0.06326469,0.003388335594008065,0.003388335594008065,0.7225302269012582,0.003388335594008065,0.12010394749723381,1
1116,0.14703767,-0.06326469,0.003388335594008065,0.003388335594008065,0.7225302269012582,0.003388335594008065,0.12010394749723381,1
1117,0.14703767,-0.06326469,0.003388335594008065,0.003388335594008065,0.7225302269012582,0.003388335594008065,0.12010394749723381,1
1118,0.14703767,-0.06326469,0.003388335594008065,0.003388335594008065,0.7225302269012582,0.003388335594008065,0.12010394749723381,1
1119,0.14703767,-0.06326469,0.003388335594008065,0.003388335594008065,0.7225302269012582,0.003388335594008065,0.12010394749723381,1
1120,0.14703767,-0.06326469,0.003388335594008065,0.003388335594008065,0.7225302269012582,0.003388335594008065,0.12010394749723381,1
1121,0.14703767,-0.06326469,0.003388335594008065,0.003388335594008065,0.7225302269012582,0.003388335594008065,0.12010394749723381,1
1122,0.14703767,-0.06326469,0.003388335594008065,0.003388335594008065,0.7225302269012582,0.003388335594008065,0.12010394749723381,1
1123,0.14703767,-0.06326469,0.003388335594008065,0.003388335594008065,0.7225302269012582,0.003388335594008065,0.12010394749723381,1
1124,0.14703767,-0.06326469,0.003388335594008065,0.003388335594008065,0.7225302269012582,0.003388335594008065,0.12010394749723381,1
1125,0.14703767,-0.06326469,0.003388335594008065,0.003388335594008065,0.7225302269012582,0.003388335594008065,0.12010394749723381,1
1126,0.14703767,-0.06326469,0.003388335594008065,0.003388335594008065,0.7225302269012582,0.003388335594008065,0.12010394749723381,1
1127,0.14703767,-0.06326469,0.003388335594008065,0.003388335594008065,0.7225302269012582,0.003388335594008065,0.12010394749723381,1
1128,0.14703767,-0.06326469,0.003388335594008065,0.003388335594008065,0.7225302269012582,0.003388335594008065,0.12010394749723381,1
1129,0.14703767,-0.06326469,0.003388335594008065,0.003388335594008065,0.7225302269012582,0.003388335594008065,0.12010394749723381,1
1130,0.14703767,-0.06326469,0.003388335594008065,0.003388335594008065,0.7225302269012582,0.003388335594008065,0.12010394749723381,1
1131,0.14703767,-0.06326469,0.003388335594008065,0.003388335594008065,0.7225302269012582,0.003388335594008065,0.12010394749723381,1
1132,0.14703767,-0.06326469,0.003388335594008065,0.003388335594008065,0.7225302269012582,0.003388335594008065,0.12010394749723381,1
1133,0.14703767,-0.06326469,0.003388335594008065,0.003388335594008065,0.7225302269012582,0.003388335594008065,0.12010394749723381,1
1134,0.14703767,-0.06326469,0.003388335594008065,0.003388335594008065,0.7225302269012582,0.003388335594008065,0.12010394749723381,1
1135,0.14703767,-0.06326469,0.003388335594008065,0.003388335594008065,0.7225302269012582,0.003388335594008065,0.12010394749723381,1
1136,0.14703767,-0.06326469,0.003388335594008065,0.003388335594008065,0.7225302269012582,0.003388335594008065,0.12010394749723381,1
1137,0.14703767,-0.06326469,0.003388335594008065,0.003388335594008065,0.7225302269012582,0.003388335594008065,0.12010394749723381,1
1138,0.14703767,-0.06326469,0.003388335594008065,0.003388335594008065,0.7225302269012582,0.003388335594008065,0.12010394749723381,1
1139,0.14703767,-0.06326469,0.003388335594008065,0.003388335594008065,0.7225302269012582,0.003388335594008065,0.12010394749723381,1
1140,0.14703767,-0.06326469,0.003388335594008065,0.003388335594008065,0.7225302269012582,0.003388335594008065,0.12010394749723381,1
1141,0.14703767,-0.06326469,0.003388335594008065,0.003388335594008065,0.7225302269012582,0.003388335594008065,0.12010394749723381,1
1142,0.14703767,-0.06326469,0.003388335594008065,0.003388335594008065,0.7225302269012582,0.003388335594008065,0.12010394749723381,1
1143,0.14703767,-0.06326469,0.003388335594008065,0.003388335594008065,0.7225302269012582,0.003388335594008065,0.12010394749723381,1
1144,0.14703767,-0.06326469,0.003388335594008065,0.003388335594008065,0.7225302269012582,0.003388335594008065,0.12010394749723381,1
1145,0.14703767,-0.06326469,0.003388335594008065,0.003388335594008065,0.7225302269012582,0.003388335594008065,0.12010394749723381,1
1146,0.14703767,-0.06326469,0.003388335594008065,0.003388335594008065,0.7225302269012582,0.003388335594008065,0.12010394749723381,1
1147,0.14703767,-0.06326469,0.003388335594008065,0.003388335594008065,0.7225302269012582,0.003388335594008065,0.12010394749723381,1
1148,0.14703767,-0.06326469,0.003388335594008065,0.003388335594008065,0.7225302269012582,0.003388335594008065,0.12010394749723381,1
1149,0.14703767,-0.06326469,0.003388335594008065,0.003388335594008065,0.7225302269012582,0.003388335594008065,0.12010394749723381,1
1150,0.14703767,-0.06326469,0.003388335594008065,0.003388335594008065,0.7225302269012582,0.003388335594008065,0.12010394749723381,1
1151,0.14703767,-0.06326469,0.003388335594008065,0.003388335594008065,0.7225302269012582,0.003388335594008065,0.12010394749723381,1
1152,0.14703767,-0.06326469,0.003388335594008065,0.003388335594008065,0.7225302269012582,0.003388335594008065,0.12010394749723381,1
1153,0.14703767,-0.06326469,0.003388335594008065,0.003388335594008065,0.7225302269012582,0.003388335594008065,0.12010394749723381,1
1154,0.14703767,-0.06326469,0.003388335594008065,0.003388335594008065,0.7225302269012582,0.003388335594008065,0.12010394749723381,1
1155,0.14703767,-0.06326469,0.003388335594008065,0.003388335594008065,0.7225302269012582,0.003388335594008065,0.12010394749723381,1
1156,0.14703767,-0.06326469,0.003388335594008065,0.003388335594008065,0.7225302269012582,0.003388335594008065,0.12010394749723381,1
1157,0.14703767,-0.06326469,0.003388335594008065,0.003388335594008065,0.7225302269012582,0.003388335594008065,0.12010394749723381,1
1158,0.14703767,-0.06326469,0.003388335594008065,0.003388335594008065,0.7225302269012582,0.003388335594008065,0.12010394749723381,1
1159,0.14703767,-0.06326469,0.003388335594008065,0.003388335594008065,0.7225302269012582,0.003388335594008065,0.12010394749723381,1
1160,0.14703767,-0.06326469,0.003388335594008065,0.003388335594008065,0.7225302269012582,0.003388335594008065,0.12010394749723381,1
1161,0.14703767,-0.06326469,0.003388335594008065,0.003388335594008065,0.7225302269012582,0.003388335594008065,0.12010394749723381,1
1162,0.14703767,-0.06326469,0.003388335594008065,0.003388335594008065,0.7225302269012582,0.003388335594008065,0.12010394749723381,1
1163,0.14703767,-0.06326469,0.003388335594008065,0.003388335594008065,0.7225302269012582,0.003388335594008065,0.12010394749723381,1
1164,0.14703767,-0.06326469,0.003388335594008065,0.003388335594008065,0.7225302269012582,0.003388335594008065,0.12010394749723381,1
1165,0.14703767,-0.06326469,0.003388335594008065,0.003388335594008065,0.7225302269012582,0.003388335594008065,0.12010394749723381,1
1166,0.14703767,-0.06326469,0.003388335594008065,0.003388335594008065,0.7225302269012582,0.003388335594008065,0.12010394749723381,1
1167,0.14703767,-0.06326469,0.003388335594008065,0.003388335594008065,0.7225302269012582,0.003388335594008065,0.12010394749723381,1
1168,0.14703767,-0.06326469,0.003388335594008065,0.003388335594008065,0.7225302269012582,0.003388335594008065,0.12010394749723381,1
1169,0.14703767,-0.06326469,0.003388335594008065,0.003388335594008065,0.7225302269012582,0.003388335594008065,0.12010394749723381,1
1170,0.14703767,-0.06326469,0.003388335594008065,0.003388335594008065,0.7225302269012582,0.003388335594008065,0.12010394749723381,1
1171,0.14703767,-0.06326469,0.003388335594008065,0.003388335594008065,0.7225302269012582,0.003388335594008065,0.12010394749723381,1
1172,0.14703767,-0.06326469,0.003388335594008065,0.003388335594008065,0.7225302269012582,0.003388335594008065,0.12010394749723381,1
1173,0.14703767,-0.06326469,0.003388335594008065,0.003388335594008065,0.7225302269012582,0.003388335594008065,0.12010394749723381,1
1174,0.14703767,-0.06326469,0.003388335594008065,0.003388335594008065,0.7225302269012582,0.003388335594008065,0.12010394749723381,1
1175,0.14703767,-0.06326469,0.003388335594008065,0.003388335594008065,0.7225302269012582,0.003388335594008065,0.12010394749723381,1
1176,0.14703767,-0.06326469,0.003388335594008065,0.003388335594008065,0.7225302269012582,0.003388335594008065,0.12010394749723381,1
1177,0.14703767,-0.06326469,0.003388335594008065,0.003388335594008065,0.7225302269012582,0.003388335594008065,0.12010394749723381,1
1178,0.14703767,-0.06326469,0.003388335594008065,0.003388335594008065,0.7225302269012582,0.003388335594008065,0.12010394749723381,1
1179,0.14703767,-0.06326469,0.003388335594008065,0.003388335594008065,0.7225302269012582,0.003388335594008065,0.12010394749723381,1
1180,0.14703767,-0.06326469,0.003388335594008065,0.003388335594008065,0.7225302269012582,0.003388335594008065,0.12010394749723381,1
1181,0.14703767,-0.06326469,0.003388335594008065,0.003388335594008065,0.7225302269012582,0.003388335594008065,0.12010394749723381,1
1182,0.14703767,-0.06326469,0.003388335594008065,0.003388335594008065,0.7225302269012582,0.003388335594008065,0.12010394749723381,1
1183,0.14703767,-0.06326469,0.003388335594008065,0.003388335594008065,0.7225302269012582,0.003388335594008065,0.12010394749723381,1
1184,0.14703767,-0.06326469,0.003388335594008065,0.003388335594008065,0.7225302269012582,0.003388335594008065,0.12010394749723381,1
1185,0.14703767,-0.06326469,0.003388335594008065,0.003388335594008065,0.7225302269012582,0.003388335594008065,0.12010394749723381,1
1186,0.14703767,-0.06326469,0.003388335594008065,0.003388335594008065,0.7225302269012582,0.003388335594008065,0.12010394749723381,1
1187,0.14703767,-0.06326469,0.003388335594008065,0.003388335594008065,0.7225302269012582,0.003388335594008065,0.12010394749723381,1
1188,0.14703767,-0.06326469,0.003388335594008065,0.003388335594008065,0.7225302269012582,0.003388335594008065,0.12010394749723381,1
1189,0.14703767,-0.06326469,0.003388335594008065,0.003388335594008065,0.7225302269012582,0.003388335594008065,0.12010394749723381,1
1190,0.14703767,-0.06326469,0.003388335594008065,0.003388335594008065,0.7225302269012582,0.003388335594008065,0.12010394749723381,1
1191,0.14703767,-0.06326469,0.003388335594008065,0.003388335594008065,0.7225302269012582,0.003388335594008065,0.12010394749723381,1
1192,0.14703767,-0.06326469,0.003388335594008065,0.003388335594008065,0.7225302269012582,0.003388335594008065,0.12010394749723381,1
1193,0.14703767,-0.06326469,0.003388335594008065,0.003388335594008065,0.7225302269012582,0.003388335594008065,0.12010394749723381,1
1194,0.14703767,-0.06326469,0.003388335594008065,0.003388335594008065,0.7225302269012582,0.003388335594008065,0.12010394749723381,1
1195,0.14703767,-0.06326469,0.003388335594008065,0.003388335594008065,0.7225302269012582,0.003388335594008065,0.12010394749723381,1
1196,0.14703767,-0.06326469,0.003388335594008065,0.003388335594008065,0.7225302269012582,0.003388335594008065,0.12010394749723381,1
1197,0.14703767,-0.06326469,0.003388335594008065,0.003388335594008065,0.7225302269012582,0.003388335594008065,0.12010394749723381,1
1198,0.14703767,-0.06326469,0.003388335594008065,0.003388335594008065,0.7225302269012582,0.003388335594008065,0.12010394749723381,1
1199,0.14703767,-0.06326469,0.003388335594008065,0.003388335594008065,0.7225302269012582,0.003388335594008065,0.12010394749723381,1
1200,0.14703767,-0.06326469,0.003388335594008065,0.003388335594008065,0.7225302269012582,0.003388335594008065,0.12010394749723381,1
1201,0.14703767,-0.06326469,0.003388335594008065,0.003388335594008065,0.7225302269012582,0.003388335594008065,0.12010394749723381,1
1202,0.14703767,-0.06326469,0.003388335594008065,0.003388335594008065,0.7225302269012582,0.003388335594008065,0.12010394749723381,1
1203,0.14703767,-0.06326469,0.003388335594008065,0.003388335594008065,0.7225302269012582,0.003388335594008065,0.12010394749723381,1
1204,0.14703767,-0.06326469,0.003388335594008065,0.003388335594008065,0.7225302269012582,0.003388335594008065,0.12010394749723381,1
1205,0.14703767,-0.06326469,0.003388335594008065,0.003388335594008065,0.7225302269012582,0.003388335594008065,0.12010394749723381,1
1206,0.14703767,-0.06326469,0.003388335594008065,0.003388335594008065,0.7225302269012582,0.003388335594008065,0.12010394749723381,1
1207,0.14703767,-0.06326469,0.003388335594008065,0.003388335594008065,0.7225302269012582,0.003388335594008065,0.12010394749723381,1
1208,0.14703767,-0.06326469,0.003388335594008065,0.003388335594008065,0.7225302269012582,0.003388335594008065,0.12010394749723381,1
1209,0.14703767,-0.06326469,0.003388335594008065,0.003388335594008065,0.7225302269012582,0.003388335594008065,0.12010394749723381,1
1210,0.14703767,-0.06326469,0.003388335594008065,0.003388335594008065,0.7225302269012582,0.003388335594008065,0.12010394749723381,1
1211,0.14703767,-0.06326469,0.003388335594008065,0.003388335594008065,0.7225302269012582,0.003388335594008065,0.12010394749723381,1
1212,0.14703767,-0.06326469,0.003388335594008065,0.003388335594008065,0.7225302269012582,0.003388335594008065,0.12010394749723381,1
1213,0.14703767,-0.06326469,0.003388335594008065,0.003388335594008065,0.7225302269012582,0.003388335594008065,0.12010394749723381,1
1214,0.14703767,-0.06326469,0.003388335594008065,0.003388335594008065,0.7225302269012582,0.003388335594008065,0.12010394749723381,1
1215,0.14703767,-0.06326469,0.003388335594008065,0.003388335594008065,0.7225302269012582,0.003388335594008065,0.12010394749723381,1
1216,0.14703767,-0.06326469,0.003388335594008065,0.003388335594008065,0.7225302269012582,0.003388335594008065,0.12010394749723381,1
1217,0.14703767,-0.06326469,0.003388335594008065,0.003388335594008065,0.7225302269012582,0.003388335594008065,0.12010394749723381,1
1218,0.14703767,-0.06326469,0.003388335594008065,0.003388335594008065,0.7225302269012582,0.003388335594008065,0.12010394749723381,1
1219,0.14703767,-0.06326469,0.003388335594008065,0.003388335594008065,0.7225302269012582,0.003388335594008065,0.12010394749723381,1
1220,0.14703767,-0.06326469,0.003388335594008065,0.003388335594008065,0.7225302269012582,0.003388335594008065,0.12010394749723381,1
1221,0.14703767,-0.06326469,0.003388335594008065,0.003388335594008065,0.7225302269012582,0.003388335594008065,0.12010394749723381,1
1222,0.14703767,-0.06326469,0.003388335594008065,0.003388335594008065,0.7225302269012582,0.003388335594008065,0.12010394749723381,1
1223,0.14703767,-0.06326469,0.003388335594008065,0.003388335594008065,0.7225302269012582,0.003388335594008065,0.12010394749723381,1
1224,0.14703767,-0.06326469,0.003388335594008065,0.003388335594008065,0.7225302269012582,0.003388335594008065,0.12010394749723381,1
1225,0.14703767,-0.06326469,0.003388335594008065,0.003388335594008065,0.7225302269012582,0.003388335594008065,0.12010394749723381,1
1226,0.14703767,-0.06326469,0.003388335594008065,0.003388335594008065,0.7225302269012582,0.003388335594008065,0.12010394749723381,1
1227,0.14703767,-0.06326469,0.003388335594008065,0.003388335594008065,0.7225302269012582,0.003388335594008065,0.12010394749723381,1
1228,0.14703767,-0.06326469,0.003388335594008065,0.003388335594008065,0.7225302269012582,0.003388335594008065,0.12010394749723381,1
1229,0.14703767,-0.06326469,0.003388335594008065,0.003388335594008065,0.7225302269012582,0.003388335594008065,0.12010394749723381,1
1230,0.14703767,-0.06326469,0.003388335594008065,0.003388335594008065,0.7225302269012582,0.003388335594008065,0.12010394749723381,1
1231,0.14703767,-0.06326469,0.003388335594008065,0.003388335594008065,0.7225302269012582,0.003388335594008065,0.12010394749723381,1
1232,0.14703767,-0.06326469,0.003388335594008065,0.003388335594008065,0.7225302269012582,0.003388335594008065,0.12010394749723381,1
1233,0.14703767,-0.06326469,0.003388335594008065,0.003388335594008065,0.7225302269012582,0.003388335594008065,0.12010394749723381,1
1234,0.14703767,-0.06326469,0.003388335594008065,0.003388335594008065,0.7225302269012582,0.003388335594008065,0.12010394749723381,1
1235,0.14703767,-0.06326469,0.003388335594008065,0.003388335594008065,0.7225302269012582,0.003388335594008065,0.12010394749723381,1
1236,0.14703767,-0.06326469,0.003388335594008065,0.003388335594008065,0.7225302269012582,0.003388335594008065,0.12010394749723381,1
1237,0.14703767,-0.06326469,0.003388335594008065,0.003388335594008065,0.7225302269012582,0.003388335594008065,0.12010394749723381,1
1238,0.14703767,-0.06326469,0.003388335594008065,0.003388335594008065,0.7225302269012582,0.003388335594008065,0.12010394749723381,1
1239,0.14703767,-0.06326469,0.003388335594008065,0.003388335594008065,0.7225302269012582,0.003388335594008065,0.12010394749723381,1
1240,0.14703767,-0.06326469,0.003388335594008065,0.003388335594008065,0.7225302269012582,0.003388335594008065,0.12010394749723381,1
1241,0.14703767,-0.06326469,0.003388335594008065,0.003388335594008065,0.7225302269012582,0.003388335594008065,0.12010394749723381,1
1242,0.14703767,-0.06326469,0.003388335594008065,0.003388335594008065,0.7225302269012582,0.003388335594008065,0.12010394749723381,1
1243,0.14703767,-0.06326469,0.003388335594008065,0.003388335594008065,0.7225302269012582,0.003388335594008065,0.12010394749723381,1
1244,0.14703767,-0.06326469,0.003388335594008065,0.003388335594008065,0.7225302269012582,0.003388335594008065,0.12010394749723381,1
1245,0.14703767,-0.06326469,0.0033843658440597104,0.0033843658440597104,0.7247207429649866,0.0033843658440597104,0.12176224310171095,1
1246,0.14703767,-0.06326469,0.0033843658440597104,0.0033843658440597104,0.7247207429649866,0.0033843658440597104,0.12176224310171095,1
1247,0.14703767,-0.06326469,0.0033843658440597104,0.0033843658440597104,0.7247207429649866,0.0033843658440597104,0.12176224310171095,1
1248,0.14703767,-0.06326469,0.0033843658440597104,0.0033843658440597104,0.7247207429649866,0.0033843658440597104,0.12176224310171095,1
1249,0.14703767,-0.06326469,0.0033843658440597104,0.0033843658440597104,0.7247207429649866,0.0033843658440597104,0.12176224310171095,1
1250,0.14703767,-0.06326469,0.0033843658440597104,0.0033843658440597104,0.7247207429649866,0.0033843658440597104,0.12176224310171095,1
1251,0.14703767,-0.06326469,0.0033843658440597104,0.0033843658440597104,0.7247207429649866,0.0033843658440597104,0.12176224310171095,1
1252,0.14703767,-0.06326469,0.0033843658440597104,0.0033843658440597104,0.7247207429649866,0.0033843658440597104,0.12176224310171095,1
1253,0.14703767,-0.06326469,0.0033843658440597104,0.0033843658440597104,0.7247207429649866,0.0033843658440597104,0.12176224310171095,1
1254,0.14703767,-0.06326469,0.0033843658440597104,0.0033843658440597104,0.7247207429649866,0.0033843658440597104,0.12176224310171095,1
1255,0.14703767,-0.06326469,0.0033843658440597104,0.0033843658440597104,0.7247207429649866,0.0033843658440597104,0.12176224310171095,1
1256,0.14703767,-0.06326469,0.0033843658440597104,0.0033843658440597104,0.7247207429649866,0.0033843658440597104,0.12176224310171095,1
1257,0.14703767,-0.06326469,0.0033843658440597104,0.0033843658440597104,0.7247207429649866,0.0033843658440597104,0.12176224310171095,1
1258,0.14703767,-0.06326469,0.0033843658440597104,0.0033843658440597104,0.7247207429649866,0.0033843658440597104,0.12176224310171095,1
1259,0.14703767,-0.06326469,0.0033843658440597104,0.0033843658440597104,0.7247207429649866,0.0033843658440597104,0.12176224310171095,1
1260,0.14703767,-0.06326469,0.0033843658440597104,0.0033843658440597104,0.7247207429649866,0.0033843658440597104,0.12176224310171095,1
1261,0.14703767,-0.06326469,0.0033843658440597104,0.0033843658440597104,0.7247207429649866,0.0033843658440597104,0.12176224310171095,1
1262,0.14703767,-0.06326469,0.0033843658440597104,0.0033843658440597104,0.7247207429649866,0.0033843658440597104,0.12176224310171095,1
1263,0.14703767,-0.06326469,0.0033843658440597104,0.0033843658440597104,0.7247207429649866,0.0033843658440597104,0.12176224310171095,1
1264,0.14703767,-0.06326469,0.0033843658440597104,0.0033843658440597104,0.7247207429649866,0.0033843658440597104,0.12176224310171095,1
1265,0.14703767,-0.06326469,0.0033843658440597104,0.0033843658440597104,0.7247207429649866,0.0033843658440597104,0.12176224310171095,1
1266,0.14703767,-0.06326469,0.0033843658440597104,0.0033843658440597104,0.7247207429649866,0.0033843658440597104,0.12176224310171095,1
1267,0.14703767,-0.06326469,0.0033843658440597104,0.0033843658440597104,0.7247207429649866,0.0033843658440597104,0.12176224310171095,1
1268,0.14703767,-0.06326469,0.0033843658440597104,0.0033843658440597104,0.7247207429649866,0.0033843658440597104,0.12176224310171095,1
1269,0.14703767,-0.06326469,0.0033843658440597104,0.0033843658440597104,0.7247207429649866,0.0033843658440597104,0.12176224310171095,1
1270,0.14703767,-0.06326469,0.0033843658440597104,0.0033843658440597104,0.7247207429649866,0.0033843658440597104,0.12176224310171095,1
1271,0.14703767,-0.06326469,0.0033843658440597104,0.0033843658440597104,0.7247207429649866,0.0033843658440597104,0.12176224310171095,1
1272,0.14703767,-0.06326469,0.0033843658440597104,0.0033843658440597104,0.7247207429649866,0.0033843658440597104,0.12176224310171095,1
1273,0.14703767,-0.06326469,0.0033843658440597104,0.0033843658440597104,0.7247207429649866,0.0033843658440597104,0.12176224310171095,1
1274,0.14703767,-0.06326469,0.0033843658440597104,0.0033843658440597104,0.7247207429649866,0.0033843658440597104,0.12176224310171095,1
1275,0.14703767,-0.06326469,0.0033843658440597104,0.0033843658440597104,0.7247207429649866,0.0033843658440597104,0.12176224310171095,1
1276,0.14703767,-0.06326469,0.0033843658440597104,0.0033843658440597104,0.7247207429649866,0.0033843658440597104,0.12176224310171095,1
1277,0.14703767,-0.06326469,0.0033843658440597104,0.0033843658440597104,0.7247207429649866,0.0033843658440597104,0.12176224310171095,1
1278,0.15290543610387408,-0.06326469,0.0033839959372764144,0.0033839959372764144,0.7319449421532522,0.0033839959372764144,0.12573995364522778,1
1279,0.15290543610387408,-0.06326469,0.0033839959372764144,0.0033839959372764144,0.7319449421532522,0.0033839959372764144,0.12573995364522778,1
1280,0.15290543610387408,-0.06326469,0.0033839959372764144,0.0033839959372764144,0.7319449421532522,0.0033839959372764144,0.12573995364522778,1
1281,0.15290543610387408,-0.06326469,0.0033839959372764144,0.0033839959372764144,0.7319449421532522,0.0033839959372764144,0.12573995364522778,1
1282,0.15290543610387408,-0.06326469,0.0033839959372764144,0.0033839959372764144,0.7319449421532522,0.0033839959372764144,0.12573995364522778,1
1283,0.15290543610387408,-0.06326469,0.0033839959372764144,0.0033839959372764144,0.7319449421532522,0.0033839959372764144,0.12573995364522778,1
1284,0.15290543610387408,-0.06326469,0.0033839959372764144,0.0033839959372764144,0.7319449421532522,0.0033839959372764144,0.12573995364522778,1
1285,0.15290543610387408,-0.06326469,0.0033839959372764144,0.0033839959372764144,0.7319449421532522,0.0033839959372764144,0.12573995364522778,1
1286,0.15290543610387408,-0.06326469,0.0033839959372764144,0.0033839959372764144,0.7319449421532522,0.0033839959372764144,0.12573995364522778,1
1287,0.15191814178716753,-0.06326469,0.0033764357564307944,0.0033764357564307944,0.7297973090610715,0.0033764357564307944,0.12610238136952187,1
1288,0.15191814178716753,-0.06326469,0.0033764357564307944,0.0033764357564307944,0.7297973090610715,0.0033764357564307944,0.12610238136952187,1
1289,0.14703767,-0.06520003935567578,0.003372398928205756,0.003372398928205756,0.7279595727711458,0.003372398928205756,0.12706087782930903,1
1290,0.14703767,-0.06520003935567578,0.003372398928205756,0.003372398928205756,0.7279595727711458,0.003372398928205756,0.12706087782930903,1
1291,0.14703767,-0.06520003935567578,0.003372398928205756,0.003372398928205756,0.7279595727711458,0.003372398928205756,0.12706087782930903,1
1292,0.14703767,-0.06520003935567578,0.003372398928205756,0.003372398928205756,0.7279595727711458,0.003372398928205756,0.12706087782930903,1
1293,0.14703767,-0.06520003935567578,0.003372398928205756,0.003372398928205756,0.7279595727711458,0.003372398928205756,0.12706087782930903,1
1294,0.14703767,-0.06520003935567578,0.003372398928205756,0.003372398928205756,0.7279595727711458,0.003372398928205756,0.12706087782930903,1
1295,0.14703767,-0.06520003935567578,0.003372398928205756,0.003372398928205756,0.7279595727711458,0.003372398928205756,0.12706087782930903,1
1296,0.15001095716321328,-0.06792222745307815,0.0033691356601307076,0.0033691356601307076,0.7307283434194011,0.0033691356601307076,0.12752036110267265,1
1297,0.15001095716321328,-0.06792222745307815,0.0033691356601307076,0.0033691356601307076,0.7307283434194011,0.0033691356601307076,0.12752036110267265,1
1298,0.15001095716321328,-0.06792222745307815,0.0033691356601307076,0.0033691356601307076,0.7307283434194011,0.0033691356601307076,0.12752036110267265,1
1299,0.15001095716321328,-0.06792222745307815,0.0033691356601307076,0.0033691356601307076,0.7307283434194011,0.0033691356601307076,0.12752036110267265,1
1300,0.15001095716321328,-0.06792222745307815,0.0033691356601307076,0.0033691356601307076,0.7307283434194011,0.0033691356601307076,0.12752036110267265,1
1301,0.15001095716321328,-0.06792222745307815,0.0033691356601307076,0.0033691356601307076,0.7307283434194011,0.0033691356601307076,0.12752036110267265,1
1302,0.15001095716321328,-0.06792222745307815,0.0033691356601307076,0.0033691356601307076,0.7307283434194011,0.0033691356601307076,0.12752036110267265,1
1303,0.15001095716321328,-0.06792222745307815,0.0033691356601307076,0.0033691356601307076,0.7307283434194011,0.0033691356601307076,0.12752036110267265,1
1304,0.15001095716321328,-0.06792222745307815,0.0033691356601307076,0.0033691356601307076,0.7307283434194011,0.0033691356601307076,0.12752036110267265,1
1305,0.15001095716321328,-0.06792222745307815,0.0033691356601307076,0.0033691356601307076,0.7307283434194011,0.0033691356601307076,0.12752036110267265,1
1306,0.15001095716321328,-0.06792222745307815,0.0033691356601307076,0.0033691356601307076,0.7307283434194011,0.0033691356601307076,0.12752036110267265,1
1307,0.14800499456584193,-0.06326469,0.0033507914193171176,0.0033507914193171176,0.7331415150129067,0.0033507914193171176,0.12724108083297841,1
1308,0.14800499456584193,-0.06326469,0.0033507914193171176,0.0033507914193171176,0.7331415150129067,0.0033507914193171176,0.12724108083297841,1
1309,0.14800499456584193,-0.06326469,0.0033507914193171176,0.0033507914193171176,0.7331415150129067,0.0033507914193171176,0.12724108083297841,1
1310,0.14800499456584193,-0.06326469,0.0033507914193171176,0.0033507914193171176,0.7331415150129067,0.0033507914193171176,0.12724108083297841,1
1311,0.14800499456584193,-0.06326469,0.0033507914193171176,0.0033507914193171176,0.7331415150129067,0.0033507914193171176,0.12724108083297841,1
1312,0.14800499456584193,-0.06326469,0.0033507914193171176,0.0033507914193171176,0.7331415150129067,0.0033507914193171176,0.12724108083297841,1
1313,0.14800499456584193,-0.06326469,0.0033507914193171176,0.0033507914193171176,0.7331415150129067,0.0033507914193171176,0.12724108083297841,1
1314,0.14800499456584193,-0.06326469,0.0033507914193171176,0.0033507914193171176,0.7331415150129067,0.0033507914193171176,0.12724108083297841,1
1315,0.14800499456584193,-0.06326469,0.0033507914193171176,0.0033507914193171176,0.7331415150129067,0.0033507914193171176,0.12724108083297841,1
1316,0.14800499456584193,-0.06326469,0.0033507914193171176,0.0033507914193171176,0.7331415150129067,0.0033507914193171176,0.12724108083297841,1
1317,0.14800499456584193,-0.06326469,0.0033507914193171176,0.0033507914193171176,0.7331415150129067,0.0033507914193171176,0.12724108083297841,1
1318,0.14800499456584193,-0.06326469,0.0033507914193171176,0.0033507914193171176,0.7331415150129067,0.0033507914193171176,0.12724108083297841,1
1319,0.14800499456584193,-0.06326469,0.0033507914193171176,0.0033507914193171176,0.7331415150129067,0.0033507914193171176,0.12724108083297841,1
1320,0.14800499456584193,-0.06326469,0.0033507914193171176,0.0033507914193171176,0.7331415150129067,0.0033507914193171176,0.12724108083297841,1
1321,0.14800499456584193,-0.06326469,0.0033507914193171176,0.0033507914193171176,0.7331415150129067,0.0033507914193171176,0.12724108083297841,1
1322,0.14800499456584193,-0.06326469,0.0033507914193171176,0.0033507914193171176,0.7331415150129067,0.0033507914193171176,0.12724108083297841,1
1323,0.14800499456584193,-0.06326469,0.0033507914193171176,0.0033507914193171176,0.7331415150129067,0.0033507914193171176,0.12724108083297841,1
1324,0.14800499456584193,-0.06326469,0.0033507914193171176,0.0033507914193171176,0.7331415150129067,0.0033507914193171176,0.12724108083297841,1
1325,0.14800499456584193,-0.06326469,0.0033507914193171176,0.0033507914193171176,0.7331415150129067,0.0033507914193171176,0.12724108083297841,1
1326,0.14800499456584193,-0.06326469,0.0033507914193171176,0.0033507914193171176,0.7331415150129067,0.0033507914193171176,0.12724108083297841,1
1327,0.14800499456584193,-0.06326469,0.0033507914193171176,0.0033507914193171176,0.7331415150129067,0.0033507914193171176,0.12724108083297841,1
1328,0.14800499456584193,-0.06326469,0.0033507914193171176,0.0033507914193171176,0.7331415150129067,0.0033507914193171176,0.12724108083297841,1
1329,0.14800499456584193,-0.06326469,0.0033507914193171176,0.0033507914193171176,0.7331415150129067,0.0033507914193171176,0.12724108083297841,1
1330,0.14800499456584193,-0.06326469,0.0033507914193171176,0.0033507914193171176,0.7331415150129067,0.0033507914193171176,0.12724108083297841,1
1331,0.14800499456584193,-0.06326469,0.0033507914193171176,0.0033507914193171176,0.7331415150129067,0.0033507914193171176,0.12724108083297841,1
1332,0.14800499456584193,-0.06326469,0.0033507914193171176,0.0033507914193171176,0.7331415150129067,0.0033507914193171176,0.12724108083297841,1
1333,0.14800499456584193,-0.06326469,0.0033507914193171176,0.0033507914193171176,0.7331415150129067,0.0033507914193171176,0.12724108083297841,1
1334,0.14703767,-0.06326469,0.003349306095194277,0.003349306095194277,0.7325284755595346,0.003349306095194277,0.1274485626333467,1
1335,0.14703767,-0.06326469,0.003349306095194277,0.003349306095194277,0.7325284755595346,0.003349306095194277,0.1274485626333467,1
1336,0.14703767,-0.06326469,0.003349306095194277,0.003349306095194277,0.7325284755595346,0.003349306095194277,0.1274485626333467,1
1337,0.14703767,-0.06326469,0.003349306095194277,0.003349306095194277,0.7325284755595346,0.003349306095194277,0.1274485626333467,1
1338,0.14703767,-0.06326469,0.003349306095194277,0.003349306095194277,0.7325284755595346,0.003349306095194277,0.1274485626333467,1
1339,0.14703767,-0.06326469,0.003349306095194277,0.003349306095194277,0.7325284755595346,0.003349306095194277,0.1274485626333467,1
1340,0.14703767,-0.06326469,0.003349306095194277,0.003349306095194277,0.7325284755595346,0.003349306095194277,0.1274485626333467,1
1341,0.14703767,-0.06326469,0.003349306095194277,0.003349306095194277,0.7325284755595346,0.003349306095194277,0.1274485626333467,1
1342,0.14703767,-0.06326469,0.003349306095194277,0.003349306095194277,0.7325284755595346,0.003349306095194277,0.1274485626333467,1
1343,0.14703767,-0.06326469,0.003349306095194277,0.003349306095194277,0.7325284755595346,0.003349306095194277,0.1274485626333467,1
1344,0.14703767,-0.06326469,0.003349306095194277,0.003349306095194277,0.7325284755595346,0.003349306095194277,0.1274485626333467,1
1345,0.14703767,-0.06326469,0.003349306095194277,0.003349306095194277,0.7325284755595346,0.003349306095194277,0.1274485626333467,1
1346,0.14703767,-0.06326469,0.003349306095194277,0.003349306095194277,0.7325284755595346,0.003349306095194277,0.1274485626333467,1
1347,0.14703767,-0.06326469,0.003349306095194277,0.003349306095194277,0.7325284755595346,0.003349306095194277,0.1274485626333467,1
1348,0.14703767,-0.06326469,0.003349306095194277,0.003349306095194277,0.7325284755595346,0.003349306095194277,0.1274485626333467,1
1349,0.14703767,-0.06326469,0.003349306095194277,0.003349306095194277,0.7325284755595346,0.003349306095194277,0.1274485626333467,1
1350,0.14703767,-0.06326469,0.0033299928790268577,0.0033299928790268577,0.7212807114329911,0.0033299928790268577,0.12762788937616198,1
1351,0.14703767,-0.06326469,0.0033299928790268577,0.0033299928790268577,0.7212807114329911,0.0033299928790268577,0.12762788937616198,1
1352,0.14703767,-0.06326469,0.0033299928790268577,0.0033299928790268577,0.7212807114329911,0.0033299928790268577,0.12762788937616198,1
1353,0.14703767,-0.06326469,0.0033299928790268577,0.0033299928790268577,0.7212807114329911,0.0033299928790268577,0.12762788937616198,1
1354,0.14703767,-0.06326469,0.0033299928790268577,0.0033299928790268577,0.7212807114329911,0.0033299928790268577,0.12762788937616198,1
1355,0.14703767,-0.06326469,0.0033299928790268577,0.0033299928790268577,0.7212807114329911,0.0033299928790268577,0.12762788937616198,1
1356,0.14703767,-0.06326469,0.0033299928790268577,0.0033299928790268577,0.7212807114329911,0.0033299928790268577,0.12762788937616198,1
1357,0.14703767,-0.06326469,0.0033299928790268577,0.0033299928790268577,0.7212807114329911,0.0033299928790268577,0.12762788937616198,1
1358,0.14703767,-0.06326469,0.0033299928790268577,0.0033299928790268577,0.7212807114329911,0.0033299928790268577,0.12762788937616198,1
1359,0.14703767,-0.06326469,0.0033299928790268577,0.0033299928790268577,0.7212807114329911,0.0033299928790268577,0.12762788937616198,1
1360,0.14703767,-0.06326469,0.0033299928790268577,0.0033299928790268577,0.7212807114329911,0.0033299928790268577,0.12762788937616198,1
1361,0.14703767,-0.06326469,0.0033299928790268577,0.0033299928790268577,0.7212807114329911,0.0033299928790268577,0.12762788937616198,1
1362,0.14703767,-0.06326469,0.0033299928790268577,0.0033299928790268577,0.7212807114329911,0.0033299928790268577,0.12762788937616198,1
1363,0.14703767,-0.06326469,0.0033299928790268577,0.0033299928790268577,0.7212807114329911,0.0033299928790268577,0.12762788937616198,1
1364,0.14703767,-0.06326469,0.0033299928790268577,0.0033299928790268577,0.7212807114329911,0.0033299928790268577,0.12762788937616198,1
1365,0.14703767,-0.06326469,0.0033299928790268577,0.0033299928790268577,0.7212807114329911,0.0033299928790268577,0.12762788937616198,1
1366,0.14703767,-0.06326469,0.0033299928790268577,0.0033299928790268577,0.7212807114329911,0.0033299928790268577,0.12762788937616198,1
1367,0.14703767,-0.06326469,0.0033299928790268577,0.0033299928790268577,0.7212807114329911,0.0033299928790268577,0.12762788937616198,1
1368,0.14703767,-0.06326469,0.0033299928790268577,0.0033299928790268577,0.7212807114329911,0.0033299928790268577,0.12762788937616198,1
1369,0.14703767,-0.06326469,0.0033299928790268577,0.0033299928790268577,0.7212807114329911,0.0033299928790268577,0.12762788937616198,1
1370,0.14703767,-0.06326469,0.0033299928790268577,0.0033299928790268577,0.7212807114329911,0.0033299928790268577,0.12762788937616198,1
1371,0.14703767,-0.06326469,0.0033299928790268577,0.0033299928790268577,0.7212807114329911,0.0033299928790268577,0.12762788937616198,1
1372,0.14703767,-0.06326469,0.0033299928790268577,0.0033299928790268577,0.7212807114329911,0.0033299928790268577,0.12762788937616198,1
1373,0.14793108067412303,-0.06326469,0.0033237385478006518,0.0033237385478006518,0.7249061749825803,0.0033237385478006518,0.12699306820280054,1
1374,0.14793108067412303,-0.06326469,0.0033237385478006518,0.0033237385478006518,0.7249061749825803,0.0033237385478006518,0.12699306820280054,1
1375,0.14793108067412303,-0.06326469,0.0033237385478006518,0.0033237385478006518,0.7249061749825803,0.0033237385478006518,0.12699306820280054,1
1376,0.14793108067412303,-0.06326469,0.0033237385478006518,0.0033237385478006518,0.7249061749825803,0.0033237385478006518,0.12699306820280054,1
1377,0.14793108067412303,-0.06326469,0.0033237385478006518,0.0033237385478006518,0.7249061749825803,0.0033237385478006518,0.12699306820280054,1
1378,0.14793108067412303,-0.06326469,0.0033237385478006518,0.0033237385478006518,0.7249061749825803,0.0033237385478006518,0.12699306820280054,1
1379,0.14793108067412303,-0.06326469,0.0033237385478006518,0.0033237385478006518,0.7249061749825803,0.0033237385478006518,0.12699306820280054,1
1380,0.14793108067412303,-0.06326469,0.0033237385478006518,0.0033237385478006518,0.7249061749825803,0.0033237385478006518,0.12699306820280054,1
1381,0.14793108067412303,-0.06326469,0.0033237385478006518,0.0033237385478006518,0.7249061749825803,0.0033237385478006518,0.12699306820280054,1
1382,0.14793108067412303,-0.06326469,0.0033237385478006518,0.0033237385478006518,0.7249061749825803,0.0033237385478006518,0.12699306820280054,1
1383,0.14793108067412303,-0.06326469,0.0033237385478006518,0.0033237385478006518,0.7249061749825803,0.0033237385478006518,0.12699306820280054,1
1384,0.14793108067412303,-0.06326469,0.0033237385478006518,0.0033237385478006518,0.7249061749825803,0.0033237385478006518,0.12699306820280054,1
1385,0.14793108067412303,-0.06326469,0.0033237385478006518,0.0033237385478006518,0.7249061749825803,0.0033237385478006518,0.12699306820280054,1
1386,0.14793108067412303,-0.06326469,0.0033237385478006518,0.0033237385478006518,0.7249061749825803,0.0033237385478006518,0.12699306820280054,1
1387,0.14793108067412303,-0.06326469,0.0033237385478006518,0.0033237385478006518,0.7249061749825803,0.0033237385478006518,0.12699306820280054,1
1388,0.14793108067412303,-0.06326469,0.0033237385478006518,0.0033237385478006518,0.7249061749825803,0.0033237385478006518,0.12699306820280054,1
1389,0.14793108067412303,-0.06326469,0.0033237385478006518,0.0033237385478006518,0.7249061749825803,0.0033237385478006518,0.12699306820280054,1
1390,0.14793108067412303,-0.06326469,0.0033237385478006518,0.0033237385478006518,0.7249061749825803,0.0033237385478006518,0.12699306820280054,1
1391,0.14793108067412303,-0.06326469,0.0033237385478006518,0.0033237385478006518,0.7249061749825803,0.0033237385478006518,0.12699306820280054,1
1392,0.14793108067412303,-0.06326469,0.0033237385478006518,0.0033237385478006518,0.7249061749825803,0.0033237385478006518,0.12699306820280054,1
1393,0.14793108067412303,-0.06326469,0.0033237385478006518,0.0033237385478006518,0.7249061749825803,0.0033237385478006518,0.12699306820280054,1
1394,0.14793108067412303,-0.06326469,0.0033237385478006518,0.0033237385478006518,0.7249061749825803,0.0033237385478006518,0.12699306820280054,1
1395,0.14793108067412303,-0.06326469,0.0033237385478006518,0.0033237385478006518,0.7249061749825803,0.0033237385478006518,0.12699306820280054,1
1396,0.14793108067412303,-0.06326469,0.0033237385478006518,0.0033237385478006518,0.7249061749825803,0.0033237385478006518,0.12699306820280054,1
1397,0.14793108067412303,-0.06326469,0.0033237385478006518,0.0033237385478006518,0.7249061749825803,0.0033237385478006518,0.12699306820280054,1
1398,0.14793108067412303,-0.06326469,0.0033237385478006518,0.0033237385478006518,0.7249061749825803,0.0033237385478006518,0.12699306820280054,1
1399,0.14793108067412303,-0.06326469,0.0033237385478006518,0.0033237385478006518,0.7249061749825803,0.0033237385478006518,0.12699306820280054,1
1400,0.14793108067412303,-0.06326469,0.0033237385478006518,0.0033237385478006518,0.7249061749825803,0.0033237385478006518,0.12699306820280054,1
1401,0.14793108067412303,-0.06326469,0.0033237385478006518,0.0033237385478006518,0.7249061749825803,0.0033237385478006518,0.12699306820280054,1
1402,0.14793108067412303,-0.06326469,0.0033237385478006518,0.0033237385478006518,0.7249061749825803,0.0033237385478006518,0.12699306820280054,1
1403,0.14793108067412303,-0.06326469,0.0033237385478006518,0.0033237385478006518,0.7249061749825803,0.0033237385478006518,0.12699306820280054,1
1404,0.14793108067412303,-0.06326469,0.0033237385478006518,0.0033237385478006518,0.7249061749825803,0.0033237385478006518,0.12699306820280054,1
1405,0.14793108067412303,-0.06326469,0.0033237385478006518,0.0033237385478006518,0.7249061749825803,0.0033237385478006518,0.12699306820280054,1
1406,0.14793108067412303,-0.06326469,0.0033237385478006518,0.0033237385478006518,0.7249061749825803,0.0033237385478006518,0.12699306820280054,1
1407,0.14793108067412303,-0.06326469,0.0033237385478006518,0.0033237385478006518,0.7249061749825803,0.0033237385478006518,0.12699306820280054,1
1408,0.14793108067412303,-0.06326469,0.0033237385478006518,0.0033237385478006518,0.7249061749825803,0.0033237385478006518,0.12699306820280054,1
1409,0.14793108067412303,-0.06326469,0.0033237385478006518,0.0033237385478006518,0.7249061749825803,0.0033237385478006518,0.12699306820280054,1
1410,0.14793108067412303,-0.06326469,0.0033237385478006518,0.0033237385478006518,0.7249061749825803,0.0033237385478006518,0.12699306820280054,1
1411,0.14793108067412303,-0.06326469,0.0033237385478006518,0.0033237385478006518,0.7249061749825803,0.0033237385478006518,0.12699306820280054,1
1412,0.14793108067412303,-0.06326469,0.0033237385478006518,0.0033237385478006518,0.7249061749825803,0.0033237385478006518,0.12699306820280054,1
1413,0.14793108067412303,-0.06326469,0.0033237385478006518,0.0033237385478006518,0.7249061749825803,0.0033237385478006518,0.12699306820280054,1
1414,0.14793108067412303,-0.06326469,0.0033237385478006518,0.0033237385478006518,0.7249061749825803,0.0033237385478006518,0.12699306820280054,1
1415,0.14793108067412303,-0.06326469,0.0033237385478006518,0.0033237385478006518,0.7249061749825803,0.0033237385478006518,0.12699306820280054,1
1416,0.14793108067412303,-0.06326469,0.0033237385478006518,0.0033237385478006518,0.7249061749825803,0.0033237385478006518,0.12699306820280054,1
1417,0.14793108067412303,-0.06326469,0.0033237385478006518,0.0033237385478006518,0.7249061749825803,0.0033237385478006518,0.12699306820280054,1
1418,0.14793108067412303,-0.06326469,0.0033237385478006518,0.0033237385478006518,0.7249061749825803,0.0033237385478006518,0.12699306820280054,1
1419,0.14793108067412303,-0.06326469,0.0033237385478006518,0.0033237385478006518,0.7249061749825803,0.0033237385478006518,0.12699306820280054,1
1420,0.14793108067412303,-0.06326469,0.0033237385478006518,0.0033237385478006518,0.7249061749825803,0.0033237385478006518,0.12699306820280054,1
1421,0.14793108067412303,-0.06326469,0.0033237385478006518,0.0033237385478006518,0.7249061749825803,0.0033237385478006518,0.12699306820280054,1
1422,0.14793108067412303,-0.06326469,0.0033237385478006518,0.0033237385478006518,0.7249061749825803,0.0033237385478006518,0.12699306820280054,1
1423,0.14793108067412303,-0.06326469,0.0033237385478006518,0.0033237385478006518,0.7249061749825803,0.0033237385478006518,0.12699306820280054,1
1424,0.14793108067412303,-0.06326469,0.0033237385478006518,0.0033237385478006518,0.7249061749825803,0.0033237385478006518,0.12699306820280054,1
1425,0.14793108067412303,-0.06326469,0.0033237385478006518,0.0033237385478006518,0.7249061749825803,0.0033237385478006518,0.12699306820280054,1
1426,0.14793108067412303,-0.06326469,0.0033237385478006518,0.0033237385478006518,0.7249061749825803,0.0033237385478006518,0.12699306820280054,1
1427,0.14793108067412303,-0.06326469,0.0033237385478006518,0.0033237385478006518,0.7249061749825803,0.0033237385478006518,0.12699306820280054,1
1428,0.14793108067412303,-0.06326469,0.0033237385478006518,0.0033237385478006518,0.7249061749825803,0.0033237385478006518,0.12699306820280054,1
1429,0.14793108067412303,-0.06326469,0.0033237385478006518,0.0033237385478006518,0.7249061749825803,0.0033237385478006518,0.12699306820280054,1
1430,0.14793108067412303,-0.06326469,0.0033237385478006518,0.0033237385478006518,0.7249061749825803,0.0033237385478006518,0.12699306820280054,1
1431,0.14793108067412303,-0.06326469,0.0033237385478006518,0.0033237385478006518,0.7249061749825803,0.0033237385478006518,0.12699306820280054,1
1432,0.14793108067412303,-0.06326469,0.0033237385478006518,0.0033237385478006518,0.7249061749825803,0.0033237385478006518,0.12699306820280054,1
1433,0.14793108067412303,-0.06326469,0.0033237385478006518,0.0033237385478006518,0.7249061749825803,0.0033237385478006518,0.12699306820280054,1
1434,0.14793108067412303,-0.06326469,0.0033237385478006518,0.0033237385478006518,0.7249061749825803,0.0033237385478006518,0.12699306820280054,1
1435,0.14793108067412303,-0.06326469,0.0033237385478006518,0.0033237385478006518,0.7249061749825803,0.0033237385478006518,0.12699306820280054,1
1436,0.14703767,-0.06326469,0.003316890342749176,0.003316890342749176,0.7232859894693188,0.003316890342749176,0.12647500925450517,1
1437,0.14703767,-0.06326469,0.003316890342749176,0.003316890342749176,0.7232859894693188,0.003316890342749176,0.12647500925450517,1
1438,0.14703767,-0.06326469,0.003316890342749176,0.003316890342749176,0.7232859894693188,0.003316890342749176,0.12647500925450517,1
1439,0.14703767,-0.06326469,0.003316890342749176,0.003316890342749176,0.7232859894693188,0.003316890342749176,0.12647500925450517,1
1440,0.14703767,-0.06326469,0.003316890342749176,0.003316890342749176,0.7232859894693188,0.003316890342749176,0.12647500925450517,1
1441,0.14703767,-0.06326469,0.003316890342749176,0.003316890342749176,0.7232859894693188,0.003316890342749176,0.12647500925450517,1
1442,0.14703767,-0.06326469,0.003316890342749176,0.003316890342749176,0.7232859894693188,0.003316890342749176,0.12647500925450517,1
1443,0.14703767,-0.06326469,0.003316890342749176,0.003316890342749176,0.7232859894693188,0.003316890342749176,0.12647500925450517,1
1444,0.14703767,-0.06326469,0.003316890342749176,0.003316890342749176,0.7232859894693188,0.003316890342749176,0.12647500925450517,1
1445,0.14703767,-0.06326469,0.003316890342749176,0.003316890342749176,0.7232859894693188,0.003316890342749176,0.12647500925450517,1
1446,0.14703767,-0.06326469,0.003316890342749176,0.003316890342749176,0.7232859894693188,0.003316890342749176,0.12647500925450517,1
1447,0.14703767,-0.06326469,0.003316890342749176,0.003316890342749176,0.7232859894693188,0.003316890342749176,0.12647500925450517,1
1448,0.14703767,-0.06326469,0.003316890342749176,0.003316890342749176,0.7232859894693188,0.003316890342749176,0.12647500925450517,1
1449,0.14703767,-0.06326469,0.003316890342749176,0.003316890342749176,0.7232859894693188,0.003316890342749176,0.12647500925450517,1
1450,0.14703767,-0.06326469,0.003316890342749176,0.003316890342749176,0.7232859894693188,0.003316890342749176,0.12647500925450517,1
1451,0.14703767,-0.06326469,0.003316890342749176,0.003316890342749176,0.7232859894693188,0.003316890342749176,0.12647500925450517,1
1452,0.14703767,-0.06326469,0.003316890342749176,0.003316890342749176,0.7232859894693188,0.003316890342749176,0.12647500925450517,1
1453,0.14703767,-0.06326469,0.003316890342749176,0.003316890342749176,0.7232859894693188,0.003316890342749176,0.12647500925450517,1
1454,0.14703767,-0.06326469,0.003316890342749176,0.003316890342749176,0.7232859894693188,0.003316890342749176,0.12647500925450517,1
1455,0.14703767,-0.06326469,0.003316890342749176,0.003316890342749176,0.7232859894693188,0.003316890342749176,0.12647500925450517,1
1456,0.14703767,-0.06326469,0.003316890342749176,0.003316890342749176,0.7232859894693188,0.003316890342749176,0.12647500925450517,1
1457,0.14703767,-0.06326469,0.003316890342749176,0.003316890342749176,0.7232859894693188,0.003316890342749176,0.12647500925450517,1
1458,0.14703767,-0.06326469,0.003316890342749176,0.003316890342749176,0.7232859894693188,0.003316890342749176,0.12647500925450517,1
1459,0.14703767,-0.06326469,0.003316890342749176,0.003316890342749176,0.7232859894693188,0.003316890342749176,0.12647500925450517,1
1460,0.14703767,-0.0641902612119266,0.0033120428907831593,0.0033120428907831593,0.7263548824191376,0.0033120428907831593,0.12753952336981875,1
1461,0.14844962044267357,-0.06326469,0.003299497787082512,0.003299497787082512,0.7380479005878913,0.003299497787082512,0.1275617777962445,1
1462,0.14844962044267357,-0.06326469,0.003299497787082512,0.003299497787082512,0.7380479005878913,0.003299497787082512,0.1275617777962445,1
1463,0.14844962044267357,-0.06326469,0.003299497787082512,0.003299497787082512,0.7380479005878913,0.003299497787082512,0.1275617777962445,1
1464,0.14844962044267357,-0.06326469,0.003299497787082512,0.003299497787082512,0.7380479005878913,0.003299497787082512,0.1275617777962445,1
1465,0.14844962044267357,-0.06326469,0.003299497787082512,0.003299497787082512,0.7380479005878913,0.003299497787082512,0.1275617777962445,1
1466,0.14844962044267357,-0.06326469,0.003299497787082512,0.003299497787082512,0.7380479005878913,0.003299497787082512,0.1275617777962445,1
1467,0.14844962044267357,-0.06326469,0.003299497787082512,0.003299497787082512,0.7380479005878913,0.003299497787082512,0.1275617777962445,1
1468,0.14703767,-0.06326469,0.0032893691342284503,0.0032893691342284503,0.7355370073704525,0.0032893691342284503,0.12637540366805428,1
1469,0.14703767,-0.06326469,0.0032893691342284503,0.0032893691342284503,0.7355370073704525,0.0032893691342284503,0.12637540366805428,1
1470,0.14703767,-0.06326469,0.0032893691342284503,0.0032893691342284503,0.7355370073704525,0.0032893691342284503,0.12637540366805428,1
1471,0.14703767,-0.06326469,0.0032893691342284503,0.0032893691342284503,0.7355370073704525,0.0032893691342284503,0.12637540366805428,1
1472,0.14703767,-0.06326469,0.0032893691342284503,0.0032893691342284503,0.7355370073704525,0.0032893691342284503,0.12637540366805428,1
1473,0.14703767,-0.06326469,0.0032893691342284503,0.0032893691342284503,0.7355370073704525,0.0032893691342284503,0.12637540366805428,1
1474,0.14703767,-0.06326469,0.0032893691342284503,0.0032893691342284503,0.7355370073704525,0.0032893691342284503,0.12637540366805428,1
1475,0.14703767,-0.06326469,0.0032893691342284503,0.0032893691342284503,0.7355370073704525,0.0032893691342284503,0.12637540366805428,1
1476,0.14703767,-0.06326469,0.0032893691342284503,0.0032893691342284503,0.7355370073704525,0.0032893691342284503,0.12637540366805428,1
1477,0.14703767,-0.06326469,0.0032893691342284503,0.0032893691342284503,0.7355370073704525,0.0032893691342284503,0.12637540366805428,1
1478,0.14703767,-0.06326469,0.0032893691342284503,0.0032893691342284503,0.7355370073704525,0.0032893691342284503,0.12637540366805428,1
1479,0.14703767,-0.06326469,0.0032893691342284503,0.0032893691342284503,0.7355370073704525,0.0032893691342284503,0.12637540366805428,1
1480,0.14703767,-0.06326469,0.0032893691342284503,0.0032893691342284503,0.7355370073704525,0.0032893691342284503,0.12637540366805428,1
1481,0.14703767,-0.06326469,0.0032893691342284503,0.0032893691342284503,0.7355370073704525,0.0032893691342284503,0.12637540366805428,1
1482,0.14703767,-0.06326469,0.0032893691342284503,0.0032893691342284503,0.7355370073704525,0.0032893691342284503,0.12637540366805428,1
1483,0.14703767,-0.06326469,0.0032893691342284503,0.0032893691342284503,0.7355370073704525,0.0032893691342284503,0.12637540366805428,1
1484,0.14703767,-0.06326469,0.0032893691342284503,0.0032893691342284503,0.7355370073704525,0.0032893691342284503,0.12637540366805428,1
1485,0.14703767,-0.06326469,0.0032893691342284503,0.0032893691342284503,0.7355370073704525,0.0032893691342284503,0.12637540366805428,1
1486,0.14703767,-0.06326469,0.0032893691342284503,0.0032893691342284503,0.7355370073704525,0.0032893691342284503,0.12637540366805428,1
1487,0.14703767,-0.06326469,0.0032893691342284503,0.0032893691342284503,0.7355370073704525,0.0032893691342284503,0.12637540366805428,1
1488,0.14703767,-0.06326469,0.0032893691342284503,0.0032893691342284503,0.7355370073704525,0.0032893691342284503,0.12637540366805428,1
1489,0.14703767,-0.06326469,0.0032893691342284503,0.0032893691342284503,0.7355370073704525,0.0032893691342284503,0.12637540366805428,1
1490,0.14703767,-0.06326469,0.0032893691342284503,0.0032893691342284503,0.7355370073704525,0.0032893691342284503,0.12637540366805428,1
1491,0.14703767,-0.06326469,0.0032893691342284503,0.0032893691342284503,0.7355370073704525,0.0032893691342284503,0.12637540366805428,1
1492,0.14703767,-0.06326469,0.0032893691342284503,0.0032893691342284503,0.7355370073704525,0.0032893691342284503,0.12637540366805428,1
1493,0.14703767,-0.06326469,0.0032893691342284503,0.0032893691342284503,0.7355370073704525,0.0032893691342284503,0.12637540366805428,1
1494,0.14703767,-0.06326469,0.0032893691342284503,0.0032893691342284503,0.7355370073704525,0.0032893691342284503,0.12637540366805428,1
1495,0.14703767,-0.06326469,0.0032893691342284503,0.0032893691342284503,0.7355370073704525,0.0032893691342284503,0.12637540366805428,1
1496,0.14703767,-0.06326469,0.0032893691342284503,0.0032893691342284503,0.7355370073704525,0.0032893691342284503,0.12637540366805428,1
1497,0.14703767,-0.06326469,0.0032893691342284503,0.0032893691342284503,0.7355370073704525,0.0032893691342284503,0.12637540366805428,1
1498,0.14703767,-0.06326469,0.0032893691342284503,0.0032893691342284503,0.7355370073704525,0.0032893691342284503,0.12637540366805428,1
1499,0.14703767,-0.06326469,0.0032893691342284503,0.0032893691342284503,0.7355370073704525,0.0032893691342284503,0.12637540366805428,1
1500,0.14703767,-0.06326469,0.0032893691342284503,0.0032893691342284503,0.7355370073704525,0.0032893691342284503,0.12637540366805428,1
1501,0.14703767,-0.06326469,0.0032893691342284503,0.0032893691342284503,0.7355370073704525,0.0032893691342284503,0.12637540366805428,1
1502,0.14703767,-0.06326469,0.0032893691342284503,0.0032893691342284503,0.7355370073704525,0.0032893691342284503,0.12637540366805428,1
1503,0.14703767,-0.06326469,0.0032893691342284503,0.0032893691342284503,0.7355370073704525,0.0032893691342284503,0.12637540366805428,1
1504,0.14703767,-0.06326469,0.0032893691342284503,0.0032893691342284503,0.7355370073704525,0.0032893691342284503,0.12637540366805428,1
1505,0.14703767,-0.06326469,0.0032893691342284503,0.0032893691342284503,0.7355370073704525,0.0032893691342284503,0.12637540366805428,1
1506,0.14703767,-0.06326469,0.0032893691342284503,0.0032893691342284503,0.7355370073704525,0.0032893691342284503,0.12637540366805428,1
1507,0.14703767,-0.06326469,0.0032893691342284503,0.0032893691342284503,0.7355370073704525,0.0032893691342284503,0.12637540366805428,1
1508,0.14703767,-0.06326469,0.0032893691342284503,0.0032893691342284503,0.7355370073704525,0.0032893691342284503,0.12637540366805428,1
1509,0.14703767,-0.06326469,0.0032893691342284503,0.0032893691342284503,0.7355370073704525,0.0032893691342284503,0.12637540366805428,1
1510,0.14703767,-0.06326469,0.0032893691342284503,0.0032893691342284503,0.7355370073704525,0.0032893691342284503,0.12637540366805428,1
1511,0.14703767,-0.06326469,0.0032893691342284503,0.0032893691342284503,0.7355370073704525,0.0032893691342284503,0.12637540366805428,1
1512,0.14703767,-0.06326469,0.0032893691342284503,0.0032893691342284503,0.7355370073704525,0.0032893691342284503,0.12637540366805428,1
1513,0.14703767,-0.06326469,0.0032893691342284503,0.0032893691342284503,0.7355370073704525,0.0032893691342284503,0.12637540366805428,1
1514,0.14703767,-0.06326469,0.0032893691342284503,0.0032893691342284503,0.7355370073704525,0.0032893691342284503,0.12637540366805428,1
1515,0.14703767,-0.06326469,0.0032893691342284503,0.0032893691342284503,0.7355370073704525,0.0032893691342284503,0.12637540366805428,1
1516,0.14703767,-0.06326469,0.0032893691342284503,0.0032893691342284503,0.7355370073704525,0.0032893691342284503,0.12637540366805428,1
1517,0.14703767,-0.06326469,0.0032893691342284503,0.0032893691342284503,0.7355370073704525,0.0032893691342284503,0.12637540366805428,1
1518,0.14703767,-0.06326469,0.0032893691342284503,0.0032893691342284503,0.7355370073704525,0.0032893691342284503,0.12637540366805428,1
1519,0.14703767,-0.06326469,0.0032893691342284503,0.0032893691342284503,0.7355370073704525,0.0032893691342284503,0.12637540366805428,1
1520,0.14703767,-0.06326469,0.0032893691342284503,0.0032893691342284503,0.7355370073704525,0.0032893691342284503,0.12637540366805428,1
1521,0.14703767,-0.06326469,0.0032893691342284503,0.0032893691342284503,0.7355370073704525,0.0032893691342284503,0.12637540366805428,1
1522,0.14703767,-0.06326469,0.0032893691342284503,0.0032893691342284503,0.7355370073704525,0.0032893691342284503,0.12637540366805428,1
1523,0.14703767,-0.06326469,0.0032893691342284503,0.0032893691342284503,0.7355370073704525,0.0032893691342284503,0.12637540366805428,1
1524,0.14703767,-0.06326469,0.0032893691342284503,0.0032893691342284503,0.7355370073704525,0.0032893691342284503,0.12637540366805428,1
1525,0.14703767,-0.06326469,0.0032893691342284503,0.0032893691342284503,0.7355370073704525,0.0032893691342284503,0.12637540366805428,1
1526,0.14703767,-0.06326469,0.0032893691342284503,0.0032893691342284503,0.7355370073704525,0.0032893691342284503,0.12637540366805428,1
1527,0.14703767,-0.06326469,0.0032893691342284503,0.0032893691342284503,0.7355370073704525,0.0032893691342284503,0.12637540366805428,1
1528,0.14703767,-0.06326469,0.0032893691342284503,0.0032893691342284503,0.7355370073704525,0.0032893691342284503,0.12637540366805428,1
1529,0.14703767,-0.06326469,0.0032893691342284503,0.0032893691342284503,0.7355370073704525,0.0032893691342284503,0.12637540366805428,1
1530,0.14703767,-0.06326469,0.0032893691342284503,0.0032893691342284503,0.7355370073704525,0.0032893691342284503,0.12637540366805428,1
1531,0.14703767,-0.06326469,0.0032893691342284503,0.0032893691342284503,0.7355370073704525,0.0032893691342284503,0.12637540366805428,1
1532,0.14703767,-0.06326469,0.0032893691342284503,0.0032893691342284503,0.7355370073704525,0.0032893691342284503,0.12637540366805428,1
1533,0.14703767,-0.06326469,0.0032893691342284503,0.0032893691342284503,0.7355370073704525,0.0032893691342284503,0.12637540366805428,1
1534,0.14703767,-0.06326469,0.0032893691342284503,0.0032893691342284503,0.7355370073704525,0.0032893691342284503,0.12637540366805428,1
1535,0.14703767,-0.06326469,0.0032893691342284503,0.0032893691342284503,0.7355370073704525,0.0032893691342284503,0.12637540366805428,1
1536,0.14703767,-0.06326469,0.0032893691342284503,0.0032893691342284503,0.7355370073704525,0.0032893691342284503,0.12637540366805428,1
1537,0.14703767,-0.06326469,0.0032893691342284503,0.0032893691342284503,0.7355370073704525,0.0032893691342284503,0.12637540366805428,1
1538,0.14703767,-0.06326469,0.0032893691342284503,0.0032893691342284503,0.7355370073704525,0.0032893691342284503,0.12637540366805428,1
1539,0.14703767,-0.06326469,0.0032893691342284503,0.0032893691342284503,0.7355370073704525,0.0032893691342284503,0.12637540366805428,1
1540,0.14703767,-0.06326469,0.0032893691342284503,0.0032893691342284503,0.7355370073704525,0.0032893691342284503,0.12637540366805428,1
1541,0.14703767,-0.06326469,0.0032893691342284503,0.0032893691342284503,0.7355370073704525,0.0032893691342284503,0.12637540366805428,1
1542,0.14703767,-0.06326469,0.0032893691342284503,0.0032893691342284503,0.7355370073704525,0.0032893691342284503,0.12637540366805428,1
1543,0.14703767,-0.06326469,0.0032893691342284503,0.0032893691342284503,0.7355370073704525,0.0032893691342284503,0.12637540366805428,1
1544,0.14703767,-0.06326469,0.0032893691342284503,0.0032893691342284503,0.7355370073704525,0.0032893691342284503,0.12637540366805428,1
1545,0.14703767,-0.06326469,0.0032893691342284503,0.0032893691342284503,0.7355370073704525,0.0032893691342284503,0.12637540366805428,1
1546,0.14703767,-0.06326469,0.0032893691342284503,0.0032893691342284503,0.7355370073704525,0.0032893691342284503,0.12637540366805428,1
1547,0.14703767,-0.06326469,0.0032893691342284503,0.0032893691342284503,0.7355370073704525,0.0032893691342284503,0.12637540366805428,1
1548,0.14703767,-0.06326469,0.0032893691342284503,0.0032893691342284503,0.7355370073704525,0.0032893691342284503,0.12637540366805428,1
1549,0.14703767,-0.06326469,0.0032893691342284503,0.0032893691342284503,0.7355370073704525,0.0032893691342284503,0.12637540366805428,1
1550,0.14703767,-0.06326469,0.0032893691342284503,0.0032893691342284503,0.7355370073704525,0.0032893691342284503,0.12637540366805428,1
1551,0.14703767,-0.06326469,0.0032893691342284503,0.0032893691342284503,0.7355370073704525,0.0032893691342284503,0.12637540366805428,1
1552,0.14703767,-0.06326469,0.0032893691342284503,0.0032893691342284503,0.7355370073704525,0.0032893691342284503,0.12637540366805428,1
1553,0.14703767,-0.06326469,0.0032893691342284503,0.0032893691342284503,0.7355370073704525,0.0032893691342284503,0.12637540366805428,1
1554,0.14703767,-0.06326469,0.0032893691342284503,0.0032893691342284503,0.7355370073704525,0.0032893691342284503,0.12637540366805428,1
1555,0.14703767,-0.06326469,0.0032893691342284503,0.0032893691342284503,0.7355370073704525,0.0032893691342284503,0.12637540366805428,1
1556,0.14703767,-0.06326469,0.0032893691342284503,0.0032893691342284503,0.7355370073704525,0.0032893691342284503,0.12637540366805428,1
1557,0.14703767,-0.06326469,0.0032893691342284503,0.0032893691342284503,0.7355370073704525,0.0032893691342284503,0.12637540366805428,1
1558,0.14703767,-0.06326469,0.0032888364804685797,0.0032888364804685797,0.7333374241612295,0.0032888364804685797,0.12706369101859868,1
1559,0.14703767,-0.06326469,0.0032888364804685797,0.0032888364804685797,0.7333374241612295,0.0032888364804685797,0.12706369101859868,1
1560,0.14703767,-0.06326469,0.0032888364804685797,0.0032888364804685797,0.7333374241612295,0.0032888364804685797,0.12706369101859868,1
1561,0.14703767,-0.06326469,0.0032888364804685797,0.0032888364804685797,0.7333374241612295,0.0032888364804685797,0.12706369101859868,1
1562,0.14703767,-0.06326469,0.0032888364804685797,0.0032888364804685797,0.7333374241612295,0.0032888364804685797,0.12706369101859868,1
1563,0.14703767,-0.06326469,0.0032888364804685797,0.0032888364804685797,0.7333374241612295,0.0032888364804685797,0.12706369101859868,1
1564,0.14703767,-0.06326469,0.0032888364804685797,0.0032888364804685797,0.7333374241612295,0.0032888364804685797,0.12706369101859868,1
1565,0.14703767,-0.06326469,0.0032888364804685797,0.0032888364804685797,0.7333374241612295,0.0032888364804685797,0.12706369101859868,1
1566,0.14703767,-0.06326469,0.0032888364804685797,0.0032888364804685797,0.7333374241612295,0.0032888364804685797,0.12706369101859868,1
1567,0.14703767,-0.06326469,0.0032888364804685797,0.0032888364804685797,0.7333374241612295,0.0032888364804685797,0.12706369101859868,1
1568,0.14703767,-0.06326469,0.0032888364804685797,0.0032888364804685797,0.7333374241612295,0.0032888364804685797,0.12706369101859868,1
1569,0.14703767,-0.06326469,0.0032888364804685797,0.0032888364804685797,0.7333374241612295,0.0032888364804685797,0.12706369101859868,1
1570,0.14703767,-0.06326469,0.0032888364804685797,0.0032888364804685797,0.7333374241612295,0.0032888364804685797,0.12706369101859868,1
1571,0.14703767,-0.06326469,0.0032888364804685797,0.0032888364804685797,0.7333374241612295,0.0032888364804685797,0.12706369101859868,1
1572,0.14703767,-0.06326469,0.0032888364804685797,0.0032888364804685797,0.7333374241612295,0.0032888364804685797,0.12706369101859868,1
1573,0.14703767,-0.06326469,0.0032888364804685797,0.0032888364804685797,0.7333374241612295,0.0032888364804685797,0.12706369101859868,1
1574,0.14703767,-0.06326469,0.0032888364804685797,0.0032888364804685797,0.7333374241612295,0.0032888364804685797,0.12706369101859868,1
1575,0.14703767,-0.06326469,0.0032888364804685797,0.0032888364804685797,0.7333374241612295,0.0032888364804685797,0.12706369101859868,1
1576,0.14703767,-0.06326469,0.0032888364804685797,0.0032888364804685797,0.7333374241612295,0.0032888364804685797,0.12706369101859868,1
1577,0.14703767,-0.06326469,0.0032888364804685797,0.0032888364804685797,0.7333374241612295,0.0032888364804685797,0.12706369101859868,1
1578,0.14703767,-0.06326469,0.0032888364804685797,0.0032888364804685797,0.7333374241612295,0.0032888364804685797,0.12706369101859868,1
1579,0.14703767,-0.06326469,0.0032888364804685797,0.0032888364804685797,0.7333374241612295,0.0032888364804685797,0.12706369101859868,1
1580,0.14703767,-0.06326469,0.0032888364804685797,0.0032888364804685797,0.7333374241612295,0.0032888364804685797,0.12706369101859868,1
1581,0.14703767,-0.06326469,0.0032888364804685797,0.0032888364804685797,0.7333374241612295,0.0032888364804685797,0.12706369101859868,1
1582,0.14703767,-0.06326469,0.0032888364804685797,0.0032888364804685797,0.7333374241612295,0.0032888364804685797,0.12706369101859868,1
1583,0.14703767,-0.06326469,0.0032888364804685797,0.0032888364804685797,0.7333374241612295,0.0032888364804685797,0.12706369101859868,1
1584,0.14703767,-0.06326469,0.0032888364804685797,0.0032888364804685797,0.7333374241612295,0.0032888364804685797,0.12706369101859868,1
1585,0.14703767,-0.06326469,0.0032888364804685797,0.0032888364804685797,0.7333374241612295,0.0032888364804685797,0.12706369101859868,1
1586,0.14703767,-0.06326469,0.0032888364804685797,0.0032888364804685797,0.7333374241612295,0.0032888364804685797,0.12706369101859868,1
1587,0.14703767,-0.06326469,0.0032888364804685797,0.0032888364804685797,0.7333374241612295,0.0032888364804685797,0.12706369101859868,1
1588,0.14703767,-0.06326469,0.0032888364804685797,0.0032888364804685797,0.7333374241612295,0.0032888364804685797,0.12706369101859868,1
1589,0.14703767,-0.06326469,0.0032888364804685797,0.0032888364804685797,0.7333374241612295,0.0032888364804685797,0.12706369101859868,1
1590,0.14703767,-0.06326469,0.0032888364804685797,0.0032888364804685797,0.7333374241612295,0.0032888364804685797,0.12706369101859868,1
1591,0.14703767,-0.06326469,0.0032888364804685797,0.0032888364804685797,0.7333374241612295,0.0032888364804685797,0.12706369101859868,1
1592,0.14703767,-0.06326469,0.0032888364804685797,0.0032888364804685797,0.7333374241612295,0.0032888364804685797,0.12706369101859868,1
1593,0.14703767,-0.06326469,0.0032888364804685797,0.0032888364804685797,0.7333374241612295,0.0032888364804685797,0.12706369101859868,1
1594,0.14703767,-0.06326469,0.0032888364804685797,0.0032888364804685797,0.7333374241612295,0.0032888364804685797,0.12706369101859868,1
1595,0.14703767,-0.06326469,0.0032888364804685797,0.0032888364804685797,0.7333374241612295,0.0032888364804685797,0.12706369101859868,1
1596,0.14703767,-0.06326469,0.0032888364804685797,0.0032888364804685797,0.7333374241612295,0.0032888364804685797,0.12706369101859868,1
1597,0.14703767,-0.06326469,0.0032888364804685797,0.0032888364804685797,0.7333374241612295,0.0032888364804685797,0.12706369101859868,1
1598,0.14703767,-0.06326469,0.0032888364804685797,0.0032888364804685797,0.7333374241612295,0.0032888364804685797,0.12706369101859868,1
1599,0.14703767,-0.06326469,0.0032888364804685797,0.0032888364804685797,0.7333374241612295,0.0032888364804685797,0.12706369101859868,1
1600,0.14703767,-0.06326469,0.0032888364804685797,0.0032888364804685797,0.7333374241612295,0.0032888364804685797,0.12706369101859868,1
1601,0.14703767,-0.06326469,0.0032888364804685797,0.0032888364804685797,0.7333374241612295,0.0032888364804685797,0.12706369101859868,1
1602,0.14703767,-0.06326469,0.0032888364804685797,0.0032888364804685797,0.7333374241612295,0.0032888364804685797,0.12706369101859868,1
1603,0.14703767,-0.06326469,0.0032888364804685797,0.0032888364804685797,0.7333374241612295,0.0032888364804685797,0.12706369101859868,1
1604,0.14703767,-0.06326469,0.0032888364804685797,0.0032888364804685797,0.7333374241612295,0.0032888364804685797,0.12706369101859868,1
1605,0.14703767,-0.06326469,0.0032888364804685797,0.0032888364804685797,0.7333374241612295,0.0032888364804685797,0.12706369101859868,1
1606,0.14703767,-0.06326469,0.0032888364804685797,0.0032888364804685797,0.7333374241612295,0.0032888364804685797,0.12706369101859868,1
1607,0.14703767,-0.06326469,0.0032888364804685797,0.0032888364804685797,0.7333374241612295,0.0032888364804685797,0.12706369101859868,1
1608,0.14703767,-0.06326469,0.0032888364804685797,0.0032888364804685797,0.7333374241612295,0.0032888364804685797,0.12706369101859868,1
1609,0.14703767,-0.06326469,0.0032888364804685797,0.0032888364804685797,0.7333374241612295,0.0032888364804685797,0.12706369101859868,1
1610,0.14703767,-0.06326469,0.0032888364804685797,0.0032888364804685797,0.7333374241612295,0.0032888364804685797,0.12706369101859868,1
1611,0.14703767,-0.06326469,0.0032888364804685797,0.0032888364804685797,0.7333374241612295,0.0032888364804685797,0.12706369101859868,1
1612,0.14703767,-0.06326469,0.0032888364804685797,0.0032888364804685797,0.7333374241612295,0.0032888364804685797,0.12706369101859868,1
1613,0.14703767,-0.06326469,0.0032888364804685797,0.0032888364804685797,0.7333374241612295,0.0032888364804685797,0.12706369101859868,1
1614,0.14703767,-0.06326469,0.0032888364804685797,0.0032888364804685797,0.7333374241612295,0.0032888364804685797,0.12706369101859868,1
1615,0.14703767,-0.06326469,0.0032888364804685797,0.0032888364804685797,0.7333374241612295,0.0032888364804685797,0.12706369101859868,1
1616,0.14703767,-0.06326469,0.0032888364804685797,0.0032888364804685797,0.7333374241612295,0.0032888364804685797,0.12706369101859868,1
1617,0.14703767,-0.06326469,0.0032888364804685797,0.0032888364804685797,0.7333374241612295,0.0032888364804685797,0.12706369101859868,1
1618,0.14703767,-0.06326469,0.0032888364804685797,0.0032888364804685797,0.7333374241612295,0.0032888364804685797,0.12706369101859868,1
1619,0.14703767,-0.06326469,0.0032888364804685797,0.0032888364804685797,0.7333374241612295,0.0032888364804685797,0.12706369101859868,1
1620,0.14703767,-0.06326469,0.0032888364804685797,0.0032888364804685797,0.7333374241612295,0.0032888364804685797,0.12706369101859868,1
1621,0.14703767,-0.06326469,0.0032888364804685797,0.0032888364804685797,0.7333374241612295,0.0032888364804685797,0.12706369101859868,1
1622,0.14703767,-0.06326469,0.0032888364804685797,0.0032888364804685797,0.7333374241612295,0.0032888364804685797,0.12706369101859868,1
1623,0.14703767,-0.06326469,0.0032888364804685797,0.0032888364804685797,0.7333374241612295,0.0032888364804685797,0.12706369101859868,1
1624,0.14703767,-0.06326469,0.0032888364804685797,0.0032888364804685797,0.7333374241612295,0.0032888364804685797,0.12706369101859868,1
1625,0.14703767,-0.06326469,0.0032888364804685797,0.0032888364804685797,0.7333374241612295,0.0032888364804685797,0.12706369101859868,1
1626,0.14703767,-0.06326469,0.0032888364804685797,0.0032888364804685797,0.7333374241612295,0.0032888364804685797,0.12706369101859868,1
1627,0.14703767,-0.06326469,0.0032888364804685797,0.0032888364804685797,0.7333374241612295,0.0032888364804685797,0.12706369101859868,1
1628,0.14703767,-0.06326469,0.0032888364804685797,0.0032888364804685797,0.7333374241612295,0.0032888364804685797,0.12706369101859868,1
1629,0.14703767,-0.06326469,0.0032888364804685797,0.0032888364804685797,0.7333374241612295,0.0032888364804685797,0.12706369101859868,1
1630,0.14703767,-0.06326469,0.0032888364804685797,0.0032888364804685797,0.7333374241612295,0.0032888364804685797,0.12706369101859868,1
1631,0.14703767,-0.06326469,0.0032888364804685797,0.0032888364804685797,0.7333374241612295,0.0032888364804685797,0.12706369101859868,1
1632,0.14703767,-0.06326469,0.0032888364804685797,0.0032888364804685797,0.7333374241612295,0.0032888364804685797,0.12706369101859868,1
1633,0.14703767,-0.06326469,0.0032888364804685797,0.0032888364804685797,0.7333374241612295,0.0032888364804685797,0.12706369101859868,1
1634,0.14703767,-0.06326469,0.0032888364804685797,0.0032888364804685797,0.7333374241612295,0.0032888364804685797,0.12706369101859868,1
1635,0.14703767,-0.06326469,0.0032888364804685797,0.0032888364804685797,0.7333374241612295,0.0032888364804685797,0.12706369101859868,1
1636,0.14703767,-0.06326469,0.0032888364804685797,0.0032888364804685797,0.7333374241612295,0.0032888364804685797,0.12706369101859868,1
1637,0.14703767,-0.06326469,0.0032888364804685797,0.0032888364804685797,0.7333374241612295,0.0032888364804685797,0.12706369101859868,1
1638,0.14703767,-0.06326469,0.0032888364804685797,0.0032888364804685797,0.7333374241612295,0.0032888364804685797,0.12706369101859868,1
1639,0.14703767,-0.06326469,0.0032888364804685797,0.0032888364804685797,0.7333374241612295,0.0032888364804685797,0.12706369101859868,1
1640,0.14703767,-0.06326469,0.0032888364804685797,0.0032888364804685797,0.7333374241612295,0.0032888364804685797,0.12706369101859868,1
1641,0.14703767,-0.06326469,0.0032888364804685797,0.0032888364804685797,0.7333374241612295,0.0032888364804685797,0.12706369101859868,1
1642,0.14703767,-0.06326469,0.0032888364804685797,0.0032888364804685797,0.7333374241612295,0.0032888364804685797,0.12706369101859868,1
1643,0.14703767,-0.06326469,0.0032888364804685797,0.0032888364804685797,0.7333374241612295,0.0032888364804685797,0.12706369101859868,1
1644,0.14703767,-0.06326469,0.0032888364804685797,0.0032888364804685797,0.7333374241612295,0.0032888364804685797,0.12706369101859868,1
1645,0.14703767,-0.06326469,0.0032888364804685797,0.0032888364804685797,0.7333374241612295,0.0032888364804685797,0.12706369101859868,1
1646,0.14703767,-0.06326469,0.0032888364804685797,0.0032888364804685797,0.7333374241612295,0.0032888364804685797,0.12706369101859868,1
1647,0.14703767,-0.06326469,0.0032888364804685797,0.0032888364804685797,0.7333374241612295,0.0032888364804685797,0.12706369101859868,1
1648,0.14703767,-0.06326469,0.0032888364804685797,0.0032888364804685797,0.7333374241612295,0.0032888364804685797,0.12706369101859868,1
1649,0.14703767,-0.06326469,0.0032888364804685797,0.0032888364804685797,0.7333374241612295,0.0032888364804685797,0.12706369101859868,1
1650,0.14703767,-0.06326469,0.0032888364804685797,0.0032888364804685797,0.7333374241612295,0.0032888364804685797,0.12706369101859868,1
1651,0.14703767,-0.06326469,0.0032888364804685797,0.0032888364804685797,0.7333374241612295,0.0032888364804685797,0.12706369101859868,1
1652,0.14703767,-0.06326469,0.0032888364804685797,0.0032888364804685797,0.7333374241612295,0.0032888364804685797,0.12706369101859868,1
1653,0.14703767,-0.06326469,0.0032888364804685797,0.0032888364804685797,0.7333374241612295,0.0032888364804685797,0.12706369101859868,1
1654,0.14703767,-0.06326469,0.0032888364804685797,0.0032888364804685797,0.7333374241612295,0.0032888364804685797,0.12706369101859868,1
1655,0.14703767,-0.06326469,0.0032888364804685797,0.0032888364804685797,0.7333374241612295,0.0032888364804685797,0.12706369101859868,1
1656,0.14703767,-0.06326469,0.0032888364804685797,0.0032888364804685797,0.7333374241612295,0.0032888364804685797,0.12706369101859868,1
1657,0.14703767,-0.06326469,0.0032888364804685797,0.0032888364804685797,0.7333374241612295,0.0032888364804685797,0.12706369101859868,1
1658,0.14703767,-0.06326469,0.0032888364804685797,0.0032888364804685797,0.7333374241612295,0.0032888364804685797,0.12706369101859868,1
1659,0.14703767,-0.06326469,0.0032888364804685797,0.0032888364804685797,0.7333374241612295,0.0032888364804685797,0.12706369101859868,1
1660,0.14703767,-0.06326469,0.0032888364804685797,0.0032888364804685797,0.7333374241612295,0.0032888364804685797,0.12706369101859868,1
1661,0.14703767,-0.06326469,0.0032888364804685797,0.0032888364804685797,0.7333374241612295,0.0032888364804685797,0.12706369101859868,1
1662,0.14703767,-0.06326469,0.0032888364804685797,0.0032888364804685797,0.7333374241612295,0.0032888364804685797,0.12706369101859868,1
1663,0.14703767,-0.06326469,0.0032888364804685797,0.0032888364804685797,0.7333374241612295,0.0032888364804685797,0.12706369101859868,1
1664,0.14703767,-0.06326469,0.0032888364804685797,0.0032888364804685797,0.7333374241612295,0.0032888364804685797,0.12706369101859868,1
1665,0.14703767,-0.06326469,0.0032888364804685797,0.0032888364804685797,0.7333374241612295,0.0032888364804685797,0.12706369101859868,1
1666,0.14703767,-0.06326469,0.0032888364804685797,0.0032888364804685797,0.7333374241612295,0.0032888364804685797,0.12706369101859868,1
1667,0.14703767,-0.06326469,0.0032888364804685797,0.0032888364804685797,0.7333374241612295,0.0032888364804685797,0.12706369101859868,1
1668,0.14703767,-0.06326469,0.0032888364804685797,0.0032888364804685797,0.7333374241612295,0.0032888364804685797,0.12706369101859868,1
1669,0.14703767,-0.06326469,0.0032888364804685797,0.0032888364804685797,0.7333374241612295,0.0032888364804685797,0.12706369101859868,1
1670,0.14703767,-0.06326469,0.0032888364804685797,0.0032888364804685797,0.7333374241612295,0.0032888364804685797,0.12706369101859868,1
1671,0.14703767,-0.06326469,0.0032888364804685797,0.0032888364804685797,0.7333374241612295,0.0032888364804685797,0.12706369101859868,1
1672,0.14703767,-0.06326469,0.0032888364804685797,0.0032888364804685797,0.7333374241612295,0.0032888364804685797,0.12706369101859868,1
1673,0.14703767,-0.06326469,0.0032888364804685797,0.0032888364804685797,0.7333374241612295,0.0032888364804685797,0.12706369101859868,1
1674,0.14703767,-0.06326469,0.0032888364804685797,0.0032888364804685797,0.7333374241612295,0.0032888364804685797,0.12706369101859868,1
1675,0.14703767,-0.06326469,0.0032888364804685797,0.0032888364804685797,0.7333374241612295,0.0032888364804685797,0.12706369101859868,1
1676,0.14703767,-0.06326469,0.0032888364804685797,0.0032888364804685797,0.7333374241612295,0.0032888364804685797,0.12706369101859868,1
1677,0.14703767,-0.06326469,0.0032888364804685797,0.0032888364804685797,0.7333374241612295,0.0032888364804685797,0.12706369101859868,1
1678,0.14703767,-0.06326469,0.0032888364804685797,0.0032888364804685797,0.7333374241612295,0.0032888364804685797,0.12706369101859868,1
1679,0.14703767,-0.06326469,0.0032888364804685797,0.0032888364804685797,0.7333374241612295,0.0032888364804685797,0.12706369101859868,1
1680,0.14703767,-0.06326469,0.0032888364804685797,0.0032888364804685797,0.7333374241612295,0.0032888364804685797,0.12706369101859868,1
1681,0.14703767,-0.06326469,0.0032888364804685797,0.0032888364804685797,0.7333374241612295,0.0032888364804685797,0.12706369101859868,1
1682,0.14703767,-0.06326469,0.0032888364804685797,0.0032888364804685797,0.7333374241612295,0.0032888364804685797,0.12706369101859868,1
1683,0.14703767,-0.06326469,0.0032888364804685797,0.0032888364804685797,0.7333374241612295,0.0032888364804685797,0.12706369101859868,1
1684,0.14703767,-0.06326469,0.0032888364804685797,0.0032888364804685797,0.7333374241612295,0.0032888364804685797,0.12706369101859868,1
1685,0.14703767,-0.06326469,0.0032888364804685797,0.0032888364804685797,0.7333374241612295,0.0032888364804685797,0.12706369101859868,1
1686,0.14703767,-0.06326469,0.0032888364804685797,0.0032888364804685797,0.7333374241612295,0.0032888364804685797,0.12706369101859868,1
1687,0.14703767,-0.06326469,0.0032888364804685797,0.0032888364804685797,0.7333374241612295,0.0032888364804685797,0.12706369101859868,1
1688,0.14703767,-0.06326469,0.0032888364804685797,0.0032888364804685797,0.7333374241612295,0.0032888364804685797,0.12706369101859868,1
1689,0.14703767,-0.06326469,0.0032888364804685797,0.0032888364804685797,0.7333374241612295,0.0032888364804685797,0.12706369101859868,1
1690,0.14703767,-0.06326469,0.0032888364804685797,0.0032888364804685797,0.7333374241612295,0.0032888364804685797,0.12706369101859868,1
1691,0.14703767,-0.06326469,0.0032888364804685797,0.0032888364804685797,0.7333374241612295,0.0032888364804685797,0.12706369101859868,1
1692,0.14703767,-0.06326469,0.0032888364804685797,0.0032888364804685797,0.7333374241612295,0.0032888364804685797,0.12706369101859868,1
1693,0.14703767,-0.06326469,0.0032888364804685797,0.0032888364804685797,0.7333374241612295,0.0032888364804685797,0.12706369101859868,1
1694,0.14703767,-0.06326469,0.0032888364804685797,0.0032888364804685797,0.7333374241612295,0.0032888364804685797,0.12706369101859868,1
1695,0.14703767,-0.06326469,0.0032888364804685797,0.0032888364804685797,0.7333374241612295,0.0032888364804685797,0.12706369101859868,1
1696,0.14703767,-0.06326469,0.0032888364804685797,0.0032888364804685797,0.7333374241612295,0.0032888364804685797,0.12706369101859868,1
1697,0.14703767,-0.06326469,0.0032888364804685797,0.0032888364804685797,0.7333374241612295,0.0032888364804685797,0.12706369101859868,1
1698,0.14703767,-0.06326469,0.0032888364804685797,0.0032888364804685797,0.7333374241612295,0.0032888364804685797,0.12706369101859868,1
1699,0.14703767,-0.06326469,0.0032888364804685797,0.0032888364804685797,0.7333374241612295,0.0032888364804685797,0.12706369101859868,1
1700,0.14703767,-0.06326469,0.0032888364804685797,0.0032888364804685797,0.7333374241612295,0.0032888364804685797,0.12706369101859868,1
1701,0.14703767,-0.06326469,0.0032888364804685797,0.0032888364804685797,0.7333374241612295,0.0032888364804685797,0.12706369101859868,1
1702,0.14703767,-0.06326469,0.0032888364804685797,0.0032888364804685797,0.7333374241612295,0.0032888364804685797,0.12706369101859868,1
1703,0.14703767,-0.06326469,0.0032888364804685797,0.0032888364804685797,0.7333374241612295,0.0032888364804685797,0.12706369101859868,1
1704,0.14703767,-0.06326469,0.0032888364804685797,0.0032888364804685797,0.7333374241612295,0.0032888364804685797,0.12706369101859868,1
1705,0.14703767,-0.06326469,0.0032888364804685797,0.0032888364804685797,0.7333374241612295,0.0032888364804685797,0.12706369101859868,1
1706,0.14703767,-0.06326469,0.0032888364804685797,0.0032888364804685797,0.7333374241612295,0.0032888364804685797,0.12706369101859868,1
1707,0.14703767,-0.06326469,0.0032888364804685797,0.0032888364804685797,0.7333374241612295,0.0032888364804685797,0.12706369101859868,1
1708,0.14703767,-0.06326469,0.0032888364804685797,0.0032888364804685797,0.7333374241612295,0.0032888364804685797,0.12706369101859868,1
1709,0.14703767,-0.06326469,0.0032888364804685797,0.0032888364804685797,0.7333374241612295,0.0032888364804685797,0.12706369101859868,1
1710,0.14703767,-0.06326469,0.0032888364804685797,0.0032888364804685797,0.7333374241612295,0.0032888364804685797,0.12706369101859868,1
1711,0.14703767,-0.06326469,0.0032888364804685797,0.0032888364804685797,0.7333374241612295,0.0032888364804685797,0.12706369101859868,1
1712,0.14703767,-0.06326469,0.0032888364804685797,0.0032888364804685797,0.7333374241612295,0.0032888364804685797,0.12706369101859868,1
1713,0.14703767,-0.06326469,0.0032888364804685797,0.0032888364804685797,0.7333374241612295,0.0032888364804685797,0.12706369101859868,1
1714,0.14703767,-0.06326469,0.0032888364804685797,0.0032888364804685797,0.7333374241612295,0.0032888364804685797,0.12706369101859868,1
1715,0.14703767,-0.06326469,0.0032888364804685797,0.0032888364804685797,0.7333374241612295,0.0032888364804685797,0.12706369101859868,1
1716,0.14703767,-0.06326469,0.0032888364804685797,0.0032888364804685797,0.7333374241612295,0.0032888364804685797,0.12706369101859868,1
1717,0.14703767,-0.06326469,0.0032888364804685797,0.0032888364804685797,0.7333374241612295,0.0032888364804685797,0.12706369101859868,1
1718,0.14703767,-0.06326469,0.0032888364804685797,0.0032888364804685797,0.7333374241612295,0.0032888364804685797,0.12706369101859868,1
1719,0.14703767,-0.06326469,0.0032888364804685797,0.0032888364804685797,0.7333374241612295,0.0032888364804685797,0.12706369101859868,1
1720,0.14703767,-0.06326469,0.0032888364804685797,0.0032888364804685797,0.7333374241612295,0.0032888364804685797,0.12706369101859868,1
1721,0.14703767,-0.06326469,0.0032888364804685797,0.0032888364804685797,0.7333374241612295,0.0032888364804685797,0.12706369101859868,1
1722,0.14703767,-0.06326469,0.0032888364804685797,0.0032888364804685797,0.7333374241612295,0.0032888364804685797,0.12706369101859868,1
1723,0.14703767,-0.06326469,0.0032888364804685797,0.0032888364804685797,0.7333374241612295,0.0032888364804685797,0.12706369101859868,1
1724,0.14703767,-0.06326469,0.0032888364804685797,0.0032888364804685797,0.7333374241612295,0.0032888364804685797,0.12706369101859868,1
1725,0.14703767,-0.06326469,0.0032888364804685797,0.0032888364804685797,0.7333374241612295,0.0032888364804685797,0.12706369101859868,1
1726,0.14703767,-0.06326469,0.0032888364804685797,0.0032888364804685797,0.7333374241612295,0.0032888364804685797,0.12706369101859868,1
1727,0.14703767,-0.06326469,0.0032888364804685797,0.0032888364804685797,0.7333374241612295,0.0032888364804685797,0.12706369101859868,1
1728,0.14703767,-0.06326469,0.0032888364804685797,0.0032888364804685797,0.7333374241612295,0.0032888364804685797,0.12706369101859868,1
1729,0.14703767,-0.06326469,0.0032888364804685797,0.0032888364804685797,0.7333374241612295,0.0032888364804685797,0.12706369101859868,1
1730,0.14703767,-0.06326469,0.0032888364804685797,0.0032888364804685797,0.7333374241612295,0.0032888364804685797,0.12706369101859868,1
1731,0.14703767,-0.06326469,0.0032888364804685797,0.0032888364804685797,0.7333374241612295,0.0032888364804685797,0.12706369101859868,1
1732,0.14703767,-0.06326469,0.0032888364804685797,0.0032888364804685797,0.7333374241612295,0.0032888364804685797,0.12706369101859868,1
1733,0.14703767,-0.06326469,0.0032888364804685797,0.0032888364804685797,0.7333374241612295,0.0032888364804685797,0.12706369101859868,1
1734,0.14703767,-0.06326469,0.0032888364804685797,0.0032888364804685797,0.7333374241612295,0.0032888364804685797,0.12706369101859868,1
1735,0.14703767,-0.06326469,0.0032888364804685797,0.0032888364804685797,0.7333374241612295,0.0032888364804685797,0.12706369101859868,1
1736,0.14703767,-0.06326469,0.0032888364804685797,0.0032888364804685797,0.7333374241612295,0.0032888364804685797,0.12706369101859868,1
1737,0.14703767,-0.06326469,0.0032888364804685797,0.0032888364804685797,0.7333374241612295,0.0032888364804685797,0.12706369101859868,1
1738,0.14703767,-0.06326469,0.0032888364804685797,0.0032888364804685797,0.7333374241612295,0.0032888364804685797,0.12706369101859868,1
1739,0.14703767,-0.06326469,0.0032888364804685797,0.0032888364804685797,0.7333374241612295,0.0032888364804685797,0.12706369101859868,1
1740,0.14703767,-0.06326469,0.0032888364804685797,0.0032888364804685797,0.7333374241612295,0.0032888364804685797,0.12706369101859868,1
1741,0.14703767,-0.06326469,0.0032888364804685797,0.0032888364804685797,0.7333374241612295,0.0032888364804685797,0.12706369101859868,1
1742,0.14703767,-0.06326469,0.0032888364804685797,0.0032888364804685797,0.7333374241612295,0.0032888364804685797,0.12706369101859868,1
1743,0.14703767,-0.06326469,0.0032888364804685797,0.0032888364804685797,0.7333374241612295,0.0032888364804685797,0.12706369101859868,1
1744,0.14703767,-0.06326469,0.0032888364804685797,0.0032888364804685797,0.7333374241612295,0.0032888364804685797,0.12706369101859868,1
1745,0.14703767,-0.06326469,0.0032888364804685797,0.0032888364804685797,0.7333374241612295,0.0032888364804685797,0.12706369101859868,1
1746,0.14703767,-0.06326469,0.0032888364804685797,0.0032888364804685797,0.7333374241612295,0.0032888364804685797,0.12706369101859868,1
1747,0.14703767,-0.06326469,0.0032888364804685797,0.0032888364804685797,0.7333374241612295,0.0032888364804685797,0.12706369101859868,1
1748,0.14703767,-0.06326469,0.0032888364804685797,0.0032888364804685797,0.7333374241612295,0.0032888364804685797,0.12706369101859868,1
1749,0.14703767,-0.06326469,0.0032888364804685797,0.0032888364804685797,0.7333374241612295,0.0032888364804685797,0.12706369101859868,1
1750,0.14703767,-0.06326469,0.0032888364804685797,0.0032888364804685797,0.7333374241612295,0.0032888364804685797,0.12706369101859868,1
1751,0.14703767,-0.06326469,0.0032888364804685797,0.0032888364804685797,0.7333374241612295,0.0032888364804685797,0.12706369101859868,1
1752,0.14703767,-0.06326469,0.0032888364804685797,0.0032888364804685797,0.7333374241612295,0.0032888364804685797,0.12706369101859868,1
1753,0.14703767,-0.06326469,0.0032888364804685797,0.0032888364804685797,0.7333374241612295,0.0032888364804685797,0.12706369101859868,1
1754,0.14703767,-0.06326469,0.0032888364804685797,0.0032888364804685797,0.7333374241612295,0.0032888364804685797,0.12706369101859868,1
1755,0.14703767,-0.06326469,0.0032888364804685797,0.0032888364804685797,0.7333374241612295,0.0032888364804685797,0.12706369101859868,1
1756,0.14703767,-0.06326469,0.0032888364804685797,0.0032888364804685797,0.7333374241612295,0.0032888364804685797,0.12706369101859868,1
1757,0.14703767,-0.06326469,0.0032888364804685797,0.0032888364804685797,0.7333374241612295,0.0032888364804685797,0.12706369101859868,1
1758,0.14703767,-0.06326469,0.0032888364804685797,0.0032888364804685797,0.7333374241612295,0.0032888364804685797,0.12706369101859868,1
1759,0.14703767,-0.06326469,0.0032888364804685797,0.0032888364804685797,0.7333374241612295,0.0032888364804685797,0.12706369101859868,1
1760,0.14703767,-0.06326469,0.0032888364804685797,0.0032888364804685797,0.7333374241612295,0.0032888364804685797,0.12706369101859868,1
1761,0.14703767,-0.06326469,0.0032888364804685797,0.0032888364804685797,0.7333374241612295,0.0032888364804685797,0.12706369101859868,1
1762,0.14703767,-0.06326469,0.0032888364804685797,0.0032888364804685797,0.7333374241612295,0.0032888364804685797,0.12706369101859868,1
1763,0.14703767,-0.06326469,0.0032888364804685797,0.0032888364804685797,0.7333374241612295,0.0032888364804685797,0.12706369101859868,1
1764,0.14703767,-0.06326469,0.0032888364804685797,0.0032888364804685797,0.7333374241612295,0.0032888364804685797,0.12706369101859868,1
1765,0.14703767,-0.06326469,0.0032888364804685797,0.0032888364804685797,0.7333374241612295,0.0032888364804685797,0.12706369101859868,1
1766,0.14703767,-0.06326469,0.0032888364804685797,0.0032888364804685797,0.7333374241612295,0.0032888364804685797,0.12706369101859868,1
1767,0.14703767,-0.06326469,0.0032888364804685797,0.0032888364804685797,0.7333374241612295,0.0032888364804685797,0.12706369101859868,1
1768,0.14703767,-0.06326469,0.0032888364804685797,0.0032888364804685797,0.7333374241612295,0.0032888364804685797,0.12706369101859868,1
1769,0.14703767,-0.06326469,0.0032888364804685797,0.0032888364804685797,0.7333374241612295,0.0032888364804685797,0.12706369101859868,1
1770,0.14703767,-0.06326469,0.0032888364804685797,0.0032888364804685797,0.7333374241612295,0.0032888364804685797,0.12706369101859868,1
1771,0.14703767,-0.06326469,0.0032888364804685797,0.0032888364804685797,0.7333374241612295,0.0032888364804685797,0.12706369101859868,1
1772,0.14703767,-0.06326469,0.0032888364804685797,0.0032888364804685797,0.7333374241612295,0.0032888364804685797,0.12706369101859868,1
1773,0.14703767,-0.06326469,0.0032888364804685797,0.0032888364804685797,0.7333374241612295,0.0032888364804685797,0.12706369101859868,1
1774,0.14703767,-0.06326469,0.0032888364804685797,0.0032888364804685797,0.7333374241612295,0.0032888364804685797,0.12706369101859868,1
1775,0.14703767,-0.06326469,0.0032888364804685797,0.0032888364804685797,0.7333374241612295,0.0032888364804685797,0.12706369101859868,1
1776,0.14703767,-0.06326469,0.0032888364804685797,0.0032888364804685797,0.7333374241612295,0.0032888364804685797,0.12706369101859868,1
1777,0.14703767,-0.06326469,0.0032888364804685797,0.0032888364804685797,0.7333374241612295,0.0032888364804685797,0.12706369101859868,1
1778,0.14703767,-0.06326469,0.0032888364804685797,0.0032888364804685797,0.7333374241612295,0.0032888364804685797,0.12706369101859868,1
1779,0.14703767,-0.06326469,0.0032888364804685797,0.0032888364804685797,0.7333374241612295,0.0032888364804685797,0.12706369101859868,1
1780,0.14703767,-0.06326469,0.0032888364804685797,0.0032888364804685797,0.7333374241612295,0.0032888364804685797,0.12706369101859868,1
1781,0.14703767,-0.06326469,0.0032888364804685797,0.0032888364804685797,0.7333374241612295,0.0032888364804685797,0.12706369101859868,1
1782,0.14703767,-0.06326469,0.0032888364804685797,0.0032888364804685797,0.7333374241612295,0.0032888364804685797,0.12706369101859868,1
1783,0.14703767,-0.06326469,0.0032888364804685797,0.0032888364804685797,0.7333374241612295,0.0032888364804685797,0.12706369101859868,1
1784,0.14703767,-0.06326469,0.0032888364804685797,0.0032888364804685797,0.7333374241612295,0.0032888364804685797,0.12706369101859868,1
1785,0.14703767,-0.06326469,0.0032888364804685797,0.0032888364804685797,0.7333374241612295,0.0032888364804685797,0.12706369101859868,1
1786,0.14703767,-0.06326469,0.0032888364804685797,0.0032888364804685797,0.7333374241612295,0.0032888364804685797,0.12706369101859868,1
1787,0.14703767,-0.06326469,0.0032888364804685797,0.0032888364804685797,0.7333374241612295,0.0032888364804685797,0.12706369101859868,1
1788,0.14703767,-0.06326469,0.0032888364804685797,0.0032888364804685797,0.7333374241612295,0.0032888364804685797,0.12706369101859868,1
1789,0.14703767,-0.06326469,0.0032888364804685797,0.0032888364804685797,0.7333374241612295,0.0032888364804685797,0.12706369101859868,1
1790,0.14703767,-0.06326469,0.0032888364804685797,0.0032888364804685797,0.7333374241612295,0.0032888364804685797,0.12706369101859868,1
1791,0.14703767,-0.06326469,0.0032888364804685797,0.0032888364804685797,0.7333374241612295,0.0032888364804685797,0.12706369101859868,1
1792,0.14703767,-0.06326469,0.0032888364804685797,0.0032888364804685797,0.7333374241612295,0.0032888364804685797,0.12706369101859868,1
1793,0.14703767,-0.06326469,0.0032888364804685797,0.0032888364804685797,0.7333374241612295,0.0032888364804685797,0.12706369101859868,1
1794,0.14703767,-0.06326469,0.0032888364804685797,0.0032888364804685797,0.7333374241612295,0.0032888364804685797,0.12706369101859868,1
1795,0.14703767,-0.06326469,0.0032888364804685797,0.0032888364804685797,0.7333374241612295,0.0032888364804685797,0.12706369101859868,1
1796,0.14703767,-0.06326469,0.0032888364804685797,0.0032888364804685797,0.7333374241612295,0.0032888364804685797,0.12706369101859868,1
1797,0.14703767,-0.06326469,0.0032888364804685797,0.0032888364804685797,0.7333374241612295,0.0032888364804685797,0.12706369101859868,1
1798,0.14703767,-0.06326469,0.0032888364804685797,0.0032888364804685797,0.7333374241612295,0.0032888364804685797,0.12706369101859868,1
1799,0.14703767,-0.06326469,0.0032888364804685797,0.0032888364804685797,0.7333374241612295,0.0032888364804685797,0.12706369101859868,1
1800,0.14703767,-0.06326469,0.0032888364804685797,0.0032888364804685797,0.7333374241612295,0.0032888364804685797,0.12706369101859868,1
1801,0.14703767,-0.06326469,0.0032888364804685797,0.0032888364804685797,0.7333374241612295,0.0032888364804685797,0.12706369101859868,1
1802,0.14703767,-0.06326469,0.0032888364804685797,0.0032888364804685797,0.7333374241612295,0.0032888364804685797,0.12706369101859868,1
1803,0.14703767,-0.06326469,0.0032888364804685797,0.0032888364804685797,0.7333374241612295,0.0032888364804685797,0.12706369101859868,1
1804,0.14703767,-0.06326469,0.0032888364804685797,0.0032888364804685797,0.7333374241612295,0.0032888364804685797,0.12706369101859868,1
1805,0.14703767,-0.06326469,0.0032888364804685797,0.0032888364804685797,0.7333374241612295,0.0032888364804685797,0.12706369101859868,1
1806,0.14703767,-0.06326469,0.0032888364804685797,0.0032888364804685797,0.7333374241612295,0.0032888364804685797,0.12706369101859868,1
1807,0.14703767,-0.06326469,0.0032888364804685797,0.0032888364804685797,0.7333374241612295,0.0032888364804685797,0.12706369101859868,1
1808,0.14703767,-0.06326469,0.0032888364804685797,0.0032888364804685797,0.7333374241612295,0.0032888364804685797,0.12706369101859868,1
1809,0.14703767,-0.06326469,0.0032888364804685797,0.0032888364804685797,0.7333374241612295,0.0032888364804685797,0.12706369101859868,1
1810,0.14703767,-0.06326469,0.0032888364804685797,0.0032888364804685797,0.7333374241612295,0.0032888364804685797,0.12706369101859868,1
1811,0.14703767,-0.06326469,0.0032888364804685797,0.0032888364804685797,0.7333374241612295,0.0032888364804685797,0.12706369101859868,1
1812,0.14703767,-0.06326469,0.0032888364804685797,0.0032888364804685797,0.7333374241612295,0.0032888364804685797,0.12706369101859868,1
1813,0.14703767,-0.06326469,0.0032888364804685797,0.0032888364804685797,0.7333374241612295,0.0032888364804685797,0.12706369101859868,1
1814,0.14703767,-0.06326469,0.0032888364804685797,0.0032888364804685797,0.7333374241612295,0.0032888364804685797,0.12706369101859868,1
1815,0.14703767,-0.06326469,0.0032888364804685797,0.0032888364804685797,0.7333374241612295,0.0032888364804685797,0.12706369101859868,1
1816,0.14703767,-0.06326469,0.0032888364804685797,0.0032888364804685797,0.7333374241612295,0.0032888364804685797,0.12706369101859868,1
1817,0.14703767,-0.06326469,0.0032888364804685797,0.0032888364804685797,0.7333374241612295,0.0032888364804685797,0.12706369101859868,1
1818,0.14703767,-0.06326469,0.0032888364804685797,0.0032888364804685797,0.7333374241612295,0.0032888364804685797,0.12706369101859868,1
1819,0.14703767,-0.06326469,0.0032888364804685797,0.0032888364804685797,0.7333374241612295,0.0032888364804685797,0.12706369101859868,1
1820,0.14703767,-0.06326469,0.0032888364804685797,0.0032888364804685797,0.7333374241612295,0.0032888364804685797,0.12706369101859868,1
1821,0.14703767,-0.06326469,0.0032888364804685797,0.0032888364804685797,0.7333374241612295,0.0032888364804685797,0.12706369101859868,1
1822,0.14703767,-0.06326469,0.0032888364804685797,0.0032888364804685797,0.7333374241612295,0.0032888364804685797,0.12706369101859868,1
1823,0.14703767,-0.06326469,0.0032888364804685797,0.0032888364804685797,0.7333374241612295,0.0032888364804685797,0.12706369101859868,1
1824,0.14703767,-0.06326469,0.0032888364804685797,0.0032888364804685797,0.7333374241612295,0.0032888364804685797,0.12706369101859868,1
1825,0.14703767,-0.06326469,0.0032888364804685797,0.0032888364804685797,0.7333374241612295,0.0032888364804685797,0.12706369101859868,1
1826,0.14703767,-0.06326469,0.0032888364804685797,0.0032888364804685797,0.7333374241612295,0.0032888364804685797,0.12706369101859868,1
1827,0.14703767,-0.06326469,0.0032888364804685797,0.0032888364804685797,0.7333374241612295,0.0032888364804685797,0.12706369101859868,1
1828,0.14703767,-0.06326469,0.0032888364804685797,0.0032888364804685797,0.7333374241612295,0.0032888364804685797,0.12706369101859868,1
1829,0.14703767,-0.06326469,0.0032888364804685797,0.0032888364804685797,0.7333374241612295,0.0032888364804685797,0.12706369101859868,1
1830,0.14703767,-0.06326469,0.0032888364804685797,0.0032888364804685797,0.7333374241612295,0.0032888364804685797,0.12706369101859868,1
1831,0.14703767,-0.06326469,0.0032888364804685797,0.0032888364804685797,0.7333374241612295,0.0032888364804685797,0.12706369101859868,1
1832,0.14703767,-0.06326469,0.0032888364804685797,0.0032888364804685797,0.7333374241612295,0.0032888364804685797,0.12706369101859868,1
1833,0.14703767,-0.06326469,0.0032888364804685797,0.0032888364804685797,0.7333374241612295,0.0032888364804685797,0.12706369101859868,1
1834,0.14703767,-0.06326469,0.0032888364804685797,0.0032888364804685797,0.7333374241612295,0.0032888364804685797,0.12706369101859868,1
1835,0.14703767,-0.06326469,0.0032888364804685797,0.0032888364804685797,0.7333374241612295,0.0032888364804685797,0.12706369101859868,1
1836,0.14703767,-0.06326469,0.0032888364804685797,0.0032888364804685797,0.7333374241612295,0.0032888364804685797,0.12706369101859868,1
1837,0.14703767,-0.06326469,0.0032888364804685797,0.0032888364804685797,0.7333374241612295,0.0032888364804685797,0.12706369101859868,1
1838,0.14703767,-0.06326469,0.0032888364804685797,0.0032888364804685797,0.7333374241612295,0.0032888364804685797,0.12706369101859868,1
1839,0.14703767,-0.06326469,0.0032888364804685797,0.0032888364804685797,0.7333374241612295,0.0032888364804685797,0.12706369101859868,1
1840,0.14703767,-0.06326469,0.0032888364804685797,0.0032888364804685797,0.7333374241612295,0.0032888364804685797,0.12706369101859868,1
1841,0.14703767,-0.06326469,0.0032888364804685797,0.0032888364804685797,0.7333374241612295,0.0032888364804685797,0.12706369101859868,1
1842,0.14703767,-0.06326469,0.0032888364804685797,0.0032888364804685797,0.7333374241612295,0.0032888364804685797,0.12706369101859868,1
1843,0.14703767,-0.06326469,0.0032888364804685797,0.0032888364804685797,0.7333374241612295,0.0032888364804685797,0.12706369101859868,1
1844,0.14703767,-0.06326469,0.0032888364804685797,0.0032888364804685797,0.7333374241612295,0.0032888364804685797,0.12706369101859868,1
1845,0.14703767,-0.06326469,0.0032888364804685797,0.0032888364804685797,0.7333374241612295,0.0032888364804685797,0.12706369101859868,1
1846,0.14703767,-0.06326469,0.0032888364804685797,0.0032888364804685797,0.7333374241612295,0.0032888364804685797,0.12706369101859868,1
1847,0.14703767,-0.06326469,0.0032888364804685797,0.0032888364804685797,0.7333374241612295,0.0032888364804685797,0.12706369101859868,1
1848,0.14703767,-0.06326469,0.0032888364804685797,0.0032888364804685797,0.7333374241612295,0.0032888364804685797,0.12706369101859868,1
1849,0.14703767,-0.06326469,0.0032888364804685797,0.0032888364804685797,0.7333374241612295,0.0032888364804685797,0.12706369101859868,1
1850,0.14703767,-0.06326469,0.0032888364804685797,0.0032888364804685797,0.7333374241612295,0.0032888364804685797,0.12706369101859868,1
1851,0.14703767,-0.06326469,0.0032888364804685797,0.0032888364804685797,0.7333374241612295,0.0032888364804685797,0.12706369101859868,1
1852,0.14703767,-0.06326469,0.0032888364804685797,0.0032888364804685797,0.7333374241612295,0.0032888364804685797,0.12706369101859868,1
1853,0.14703767,-0.06326469,0.0032888364804685797,0.0032888364804685797,0.7333374241612295,0.0032888364804685797,0.12706369101859868,1
1854,0.14703767,-0.06326469,0.0032888364804685797,0.0032888364804685797,0.7333374241612295,0.0032888364804685797,0.12706369101859868,1
1855,0.14703767,-0.06326469,0.0032888364804685797,0.0032888364804685797,0.7333374241612295,0.0032888364804685797,0.12706369101859868,1
1856,0.14703767,-0.06326469,0.0032888364804685797,0.0032888364804685797,0.7333374241612295,0.0032888364804685797,0.12706369101859868,1
1857,0.14703767,-0.06326469,0.0032888364804685797,0.0032888364804685797,0.7333374241612295,0.0032888364804685797,0.12706369101859868,1
1858,0.14703767,-0.06326469,0.0032888364804685797,0.0032888364804685797,0.7333374241612295,0.0032888364804685797,0.12706369101859868,1
1859,0.14703767,-0.06326469,0.0032888364804685797,0.0032888364804685797,0.7333374241612295,0.0032888364804685797,0.12706369101859868,1
1860,0.14703767,-0.06326469,0.0032888364804685797,0.0032888364804685797,0.7333374241612295,0.0032888364804685797,0.12706369101859868,1
1861,0.14703767,-0.06326469,0.0032888364804685797,0.0032888364804685797,0.7333374241612295,0.0032888364804685797,0.12706369101859868,1
1862,0.14703767,-0.06326469,0.0032888364804685797,0.0032888364804685797,0.7333374241612295,0.0032888364804685797,0.12706369101859868,1
1863,0.14703767,-0.06326469,0.0032888364804685797,0.0032888364804685797,0.7333374241612295,0.0032888364804685797,0.12706369101859868,1
1864,0.14703767,-0.06326469,0.0032888364804685797,0.0032888364804685797,0.7333374241612295,0.0032888364804685797,0.12706369101859868,1
1865,0.14703767,-0.06326469,0.0032888364804685797,0.0032888364804685797,0.7333374241612295,0.0032888364804685797,0.12706369101859868,1
1866,0.14703767,-0.06326469,0.0032888364804685797,0.0032888364804685797,0.7333374241612295,0.0032888364804685797,0.12706369101859868,1
1867,0.14703767,-0.06326469,0.0032888364804685797,0.0032888364804685797,0.7333374241612295,0.0032888364804685797,0.12706369101859868,1
1868,0.14703767,-0.06326469,0.0032888364804685797,0.0032888364804685797,0.7333374241612295,0.0032888364804685797,0.12706369101859868,1
1869,0.14703767,-0.06326469,0.0032888364804685797,0.0032888364804685797,0.7333374241612295,0.0032888364804685797,0.12706369101859868,1
1870,0.14703767,-0.06326469,0.0032888364804685797,0.0032888364804685797,0.7333374241612295,0.0032888364804685797,0.12706369101859868,1
1871,0.14703767,-0.06326469,0.0032888364804685797,0.0032888364804685797,0.7333374241612295,0.0032888364804685797,0.12706369101859868,1
1872,0.14703767,-0.06326469,0.0032888364804685797,0.0032888364804685797,0.7333374241612295,0.0032888364804685797,0.12706369101859868,1
1873,0.14703767,-0.06326469,0.0032888364804685797,0.0032888364804685797,0.7333374241612295,0.0032888364804685797,0.12706369101859868,1
1874,0.14703767,-0.06326469,0.0032888364804685797,0.0032888364804685797,0.7333374241612295,0.0032888364804685797,0.12706369101859868,1
1875,0.14703767,-0.06326469,0.0032888364804685797,0.0032888364804685797,0.7333374241612295,0.0032888364804685797,0.12706369101859868,1
1876,0.14703767,-0.06326469,0.0032888364804685797,0.0032888364804685797,0.7333374241612295,0.0032888364804685797,0.12706369101859868,1
1877,0.14703767,-0.06326469,0.0032888364804685797,0.0032888364804685797,0.7333374241612295,0.0032888364804685797,0.12706369101859868,1
1878,0.14703767,-0.06326469,0.0032888364804685797,0.0032888364804685797,0.7333374241612295,0.0032888364804685797,0.12706369101859868,1
1879,0.14703767,-0.06326469,0.0032888364804685797,0.0032888364804685797,0.7333374241612295,0.0032888364804685797,0.12706369101859868,1
1880,0.14703767,-0.06326469,0.0032888364804685797,0.0032888364804685797,0.7333374241612295,0.0032888364804685797,0.12706369101859868,1
1881,0.14703767,-0.06326469,0.0032888364804685797,0.0032888364804685797,0.7333374241612295,0.0032888364804685797,0.12706369101859868,1
1882,0.14703767,-0.06326469,0.0032888364804685797,0.0032888364804685797,0.7333374241612295,0.0032888364804685797,0.12706369101859868,1
1883,0.14703767,-0.06326469,0.0032888364804685797,0.0032888364804685797,0.7333374241612295,0.0032888364804685797,0.12706369101859868,1
1884,0.14703767,-0.06326469,0.0032888364804685797,0.0032888364804685797,0.7333374241612295,0.0032888364804685797,0.12706369101859868,1
1885,0.14703767,-0.06326469,0.0032888364804685797,0.0032888364804685797,0.7333374241612295,0.0032888364804685797,0.12706369101859868,1
1886,0.14703767,-0.06326469,0.0032888364804685797,0.0032888364804685797,0.7333374241612295,0.0032888364804685797,0.12706369101859868,1
1887,0.14703767,-0.06326469,0.0032888364804685797,0.0032888364804685797,0.7333374241612295,0.0032888364804685797,0.12706369101859868,1
1888,0.14703767,-0.06326469,0.0032888364804685797,0.0032888364804685797,0.7333374241612295,0.0032888364804685797,0.12706369101859868,1
1889,0.14703767,-0.06326469,0.0032888364804685797,0.0032888364804685797,0.7333374241612295,0.0032888364804685797,0.12706369101859868,1
1890,0.14703767,-0.06326469,0.0032888364804685797,0.0032888364804685797,0.7333374241612295,0.0032888364804685797,0.12706369101859868,1
1891,0.14703767,-0.06326469,0.0032888364804685797,0.0032888364804685797,0.7333374241612295,0.0032888364804685797,0.12706369101859868,1
1892,0.14703767,-0.06326469,0.0032888364804685797,0.0032888364804685797,0.7333374241612295,0.0032888364804685797,0.12706369101859868,1
1893,0.14703767,-0.06326469,0.0032888364804685797,0.0032888364804685797,0.7333374241612295,0.0032888364804685797,0.12706369101859868,1
1894,0.14703767,-0.06326469,0.0032888364804685797,0.0032888364804685797,0.7333374241612295,0.0032888364804685797,0.12706369101859868,1
1895,0.14703767,-0.06326469,0.0032888364804685797,0.0032888364804685797,0.7333374241612295,0.0032888364804685797,0.12706369101859868,1
1896,0.14703767,-0.06326469,0.0032888364804685797,0.0032888364804685797,0.7333374241612295,0.0032888364804685797,0.12706369101859868,1
1897,0.14703767,-0.06326469,0.0032888364804685797,0.0032888364804685797,0.7333374241612295,0.0032888364804685797,0.12706369101859868,1
1898,0.14703767,-0.06326469,0.0032888364804685797,0.0032888364804685797,0.7333374241612295,0.0032888364804685797,0.12706369101859868,1
1899,0.14703767,-0.06326469,0.0032888364804685797,0.0032888364804685797,0.7333374241612295,0.0032888364804685797,0.12706369101859868,1
1900,0.14703767,-0.06326469,0.0032888364804685797,0.0032888364804685797,0.7333374241612295,0.0032888364804685797,0.12706369101859868,1
1901,0.14703767,-0.06326469,0.0032888364804685797,0.0032888364804685797,0.7333374241612295,0.0032888364804685797,0.12706369101859868,1
1902,0.14703767,-0.06326469,0.0032888364804685797,0.0032888364804685797,0.7333374241612295,0.0032888364804685797,0.12706369101859868,1
1903,0.14703767,-0.06326469,0.0032888364804685797,0.0032888364804685797,0.7333374241612295,0.0032888364804685797,0.12706369101859868,1
1904,0.14703767,-0.06326469,0.0032888364804685797,0.0032888364804685797,0.7333374241612295,0.0032888364804685797,0.12706369101859868,1
1905,0.14703767,-0.06326469,0.0032888364804685797,0.0032888364804685797,0.7333374241612295,0.0032888364804685797,0.12706369101859868,1
1906,0.14703767,-0.06326469,0.0032888364804685797,0.0032888364804685797,0.7333374241612295,0.0032888364804685797,0.12706369101859868,1
1907,0.14703767,-0.06326469,0.0032888364804685797,0.0032888364804685797,0.7333374241612295,0.0032888364804685797,0.12706369101859868,1
1908,0.14703767,-0.06326469,0.0032888364804685797,0.0032888364804685797,0.7333374241612295,0.0032888364804685797,0.12706369101859868,1
1909,0.14703767,-0.06326469,0.0032888364804685797,0.0032888364804685797,0.7333374241612295,0.0032888364804685797,0.12706369101859868,1
1910,0.14703767,-0.06326469,0.0032888364804685797,0.0032888364804685797,0.7333374241612295,0.0032888364804685797,0.12706369101859868,1
1911,0.14703767,-0.06326469,0.0032888364804685797,0.0032888364804685797,0.7333374241612295,0.0032888364804685797,0.12706369101859868,1
1912,0.14703767,-0.06326469,0.0032888364804685797,0.0032888364804685797,0.7333374241612295,0.0032888364804685797,0.12706369101859868,1
1913,0.14703767,-0.06326469,0.0032888364804685797,0.0032888364804685797,0.7333374241612295,0.0032888364804685797,0.12706369101859868,1
1914,0.14703767,-0.06326469,0.0032888364804685797,0.0032888364804685797,0.7333374241612295,0.0032888364804685797,0.12706369101859868,1
1915,0.14703767,-0.06326469,0.0032888364804685797,0.0032888364804685797,0.7333374241612295,0.0032888364804685797,0.12706369101859868,1
1916,0.14703767,-0.06326469,0.0032888364804685797,0.0032888364804685797,0.7333374241612295,0.0032888364804685797,0.12706369101859868,1
1917,0.14703767,-0.06326469,0.0032888364804685797,0.0032888364804685797,0.7333374241612295,0.0032888364804685797,0.12706369101859868,1
1918,0.14703767,-0.06326469,0.0032888364804685797,0.0032888364804685797,0.7333374241612295,0.0032888364804685797,0.12706369101859868,1
1919,0.14703767,-0.06326469,0.0032888364804685797,0.0032888364804685797,0.7333374241612295,0.0032888364804685797,0.12706369101859868,1
1920,0.14703767,-0.06326469,0.0032888364804685797,0.0032888364804685797,0.7333374241612295,0.0032888364804685797,0.12706369101859868,1
1921,0.14703767,-0.06326469,0.0032888364804685797,0.0032888364804685797,0.7333374241612295,0.0032888364804685797,0.12706369101859868,1
1922,0.14703767,-0.06326469,0.0032888364804685797,0.0032888364804685797,0.7333374241612295,0.0032888364804685797,0.12706369101859868,1
1923,0.14703767,-0.06326469,0.0032888364804685797,0.0032888364804685797,0.7333374241612295,0.0032888364804685797,0.12706369101859868,1
1924,0.14703767,-0.06326469,0.0032888364804685797,0.0032888364804685797,0.7333374241612295,0.0032888364804685797,0.12706369101859868,1
1925,0.14703767,-0.06326469,0.0032888364804685797,0.0032888364804685797,0.7333374241612295,0.0032888364804685797,0.12706369101859868,1
1926,0.14703767,-0.06326469,0.0032888364804685797,0.0032888364804685797,0.7333374241612295,0.0032888364804685797,0.12706369101859868,1
1927,0.14703767,-0.06326469,0.0032888364804685797,0.0032888364804685797,0.7333374241612295,0.0032888364804685797,0.12706369101859868,1
1928,0.14703767,-0.06326469,0.0032888364804685797,0.0032888364804685797,0.7333374241612295,0.0032888364804685797,0.12706369101859868,1
1929,0.14703767,-0.06326469,0.0032888364804685797,0.0032888364804685797,0.7333374241612295,0.0032888364804685797,0.12706369101859868,1
1930,0.14703767,-0.06326469,0.0032888364804685797,0.0032888364804685797,0.7333374241612295,0.0032888364804685797,0.12706369101859868,1
1931,0.14703767,-0.06326469,0.0032888364804685797,0.0032888364804685797,0.7333374241612295,0.0032888364804685797,0.12706369101859868,1
1932,0.14703767,-0.06326469,0.0032888364804685797,0.0032888364804685797,0.7333374241612295,0.0032888364804685797,0.12706369101859868,1
1933,0.14703767,-0.06326469,0.0032888364804685797,0.0032888364804685797,0.7333374241612295,0.0032888364804685797,0.12706369101859868,1
1934,0.14703767,-0.06326469,0.0032888364804685797,0.0032888364804685797,0.7333374241612295,0.0032888364804685797,0.12706369101859868,1
1935,0.14703767,-0.06326469,0.0032888364804685797,0.0032888364804685797,0.7333374241612295,0.0032888364804685797,0.12706369101859868,1
1936,0.14703767,-0.06326469,0.0032888364804685797,0.0032888364804685797,0.7333374241612295,0.0032888364804685797,0.12706369101859868,1
1937,0.14703767,-0.06326469,0.0032888364804685797,0.0032888364804685797,0.7333374241612295,0.0032888364804685797,0.12706369101859868,1
1938,0.14703767,-0.06326469,0.0032888364804685797,0.0032888364804685797,0.7333374241612295,0.0032888364804685797,0.12706369101859868,1
1939,0.14703767,-0.06326469,0.0032888364804685797,0.0032888364804685797,0.7333374241612295,0.0032888364804685797,0.12706369101859868,1
1940,0.14703767,-0.06326469,0.0032888364804685797,0.0032888364804685797,0.7333374241612295,0.0032888364804685797,0.12706369101859868,1
1941,0.14703767,-0.06326469,0.0032888364804685797,0.0032888364804685797,0.7333374241612295,0.0032888364804685797,0.12706369101859868,1
1942,0.14703767,-0.06326469,0.0032888364804685797,0.0032888364804685797,0.7333374241612295,0.0032888364804685797,0.12706369101859868,1
1943,0.14703767,-0.06326469,0.0032888364804685797,0.0032888364804685797,0.7333374241612295,0.0032888364804685797,0.12706369101859868,1
1944,0.14703767,-0.06326469,0.0032888364804685797,0.0032888364804685797,0.7333374241612295,0.0032888364804685797,0.12706369101859868,1
1945,0.14703767,-0.06326469,0.0032888364804685797,0.0032888364804685797,0.7333374241612295,0.0032888364804685797,0.12706369101859868,1
1946,0.14703767,-0.06326469,0.0032888364804685797,0.0032888364804685797,0.7333374241612295,0.0032888364804685797,0.12706369101859868,1
1947,0.14703767,-0.06326469,0.0032888364804685797,0.0032888364804685797,0.7333374241612295,0.0032888364804685797,0.12706369101859868,1
1948,0.14703767,-0.06326469,0.0032888364804685797,0.0032888364804685797,0.7333374241612295,0.0032888364804685797,0.12706369101859868,1
1949,0.14703767,-0.06326469,0.0032888364804685797,0.0032888364804685797,0.7333374241612295,0.0032888364804685797,0.12706369101859868,1
1950,0.14703767,-0.06326469,0.0032888364804685797,0.0032888364804685797,0.7333374241612295,0.0032888364804685797,0.12706369101859868,1
1951,0.14703767,-0.06326469,0.0032888364804685797,0.0032888364804685797,0.7333374241612295,0.0032888364804685797,0.12706369101859868,1
1952,0.14703767,-0.06326469,0.0032888364804685797,0.0032888364804685797,0.7333374241612295,0.0032888364804685797,0.12706369101859868,1
1953,0.14703767,-0.06326469,0.0032888364804685797,0.0032888364804685797,0.7333374241612295,0.0032888364804685797,0.12706369101859868,1
1954,0.14703767,-0.06326469,0.0032888364804685797,0.0032888364804685797,0.7333374241612295,0.0032888364804685797,0.12706369101859868,1
1955,0.14703767,-0.06326469,0.0032888364804685797,0.0032888364804685797,0.7333374241612295,0.0032888364804685797,0.12706369101859868,1
1956,0.14703767,-0.06326469,0.0032888364804685797,0.0032888364804685797,0.7333374241612295,0.0032888364804685797,0.12706369101859868,1
1957,0.14703767,-0.06326469,0.0032888364804685797,0.0032888364804685797,0.7333374241612295,0.0032888364804685797,0.12706369101859868,1
1958,0.14703767,-0.06326469,0.0032888364804685797,0.0032888364804685797,0.7333374241612295,0.0032888364804685797,0.12706369101859868,1
1959,0.14703767,-0.06326469,0.0032888364804685797,0.0032888364804685797,0.7333374241612295,0.0032888364804685797,0.12706369101859868,1
1960,0.14703767,-0.06326469,0.0032888364804685797,0.0032888364804685797,0.7333374241612295,0.0032888364804685797,0.12706369101859868,1
1961,0.14703767,-0.06326469,0.0032888364804685797,0.0032888364804685797,0.7333374241612295,0.0032888364804685797,0.12706369101859868,1
1962,0.14703767,-0.06326469,0.0032888364804685797,0.0032888364804685797,0.7333374241612295,0.0032888364804685797,0.12706369101859868,1
1963,0.14703767,-0.06326469,0.0032888364804685797,0.0032888364804685797,0.7333374241612295,0.0032888364804685797,0.12706369101859868,1
1964,0.14703767,-0.06326469,0.0032888364804685797,0.0032888364804685797,0.7333374241612295,0.0032888364804685797,0.12706369101859868,1
1965,0.14703767,-0.06326469,0.0032888364804685797,0.0032888364804685797,0.7333374241612295,0.0032888364804685797,0.12706369101859868,1
1966,0.14703767,-0.06326469,0.0032888364804685797,0.0032888364804685797,0.7333374241612295,0.0032888364804685797,0.12706369101859868,1
1967,0.14703767,-0.06326469,0.0032888364804685797,0.0032888364804685797,0.7333374241612295,0.0032888364804685797,0.12706369101859868,1
1968,0.14703767,-0.06326469,0.0032888364804685797,0.0032888364804685797,0.7333374241612295,0.0032888364804685797,0.12706369101859868,1
1969,0.14703767,-0.06326469,0.0032888364804685797,0.0032888364804685797,0.7333374241612295,0.0032888364804685797,0.12706369101859868,1
1970,0.14703767,-0.06326469,0.0032888364804685797,0.0032888364804685797,0.7333374241612295,0.0032888364804685797,0.12706369101859868,1
1971,0.14703767,-0.06326469,0.0032888364804685797,0.0032888364804685797,0.7333374241612295,0.0032888364804685797,0.12706369101859868,1
1972,0.14703767,-0.06326469,0.0032888364804685797,0.0032888364804685797,0.7333374241612295,0.0032888364804685797,0.12706369101859868,1
1973,0.14703767,-0.06326469,0.0032888364804685797,0.0032888364804685797,0.7333374241612295,0.0032888364804685797,0.12706369101859868,1
1974,0.14703767,-0.06326469,0.0032888364804685797,0.0032888364804685797,0.7333374241612295,0.0032888364804685797,0.12706369101859868,1
1975,0.14703767,-0.06326469,0.0032888364804685797,0.0032888364804685797,0.7333374241612295,0.0032888364804685797,0.12706369101859868,1
1976,0.14703767,-0.06326469,0.0032888364804685797,0.0032888364804685797,0.7333374241612295,0.0032888364804685797,0.12706369101859868,1
1977,0.14703767,-0.06326469,0.0032888364804685797,0.0032888364804685797,0.7333374241612295,0.0032888364804685797,0.12706369101859868,1
1978,0.14703767,-0.06326469,0.0032888364804685797,0.0032888364804685797,0.7333374241612295,0.0032888364804685797,0.12706369101859868,1
1979,0.14703767,-0.06326469,0.0032888364804685797,0.0032888364804685797,0.7333374241612295,0.0032888364804685797,0.12706369101859868,1
1980,0.14703767,-0.06326469,0.0032888364804685797,0.0032888364804685797,0.7333374241612295,0.0032888364804685797,0.12706369101859868,1
1981,0.14703767,-0.06326469,0.0032888364804685797,0.0032888364804685797,0.7333374241612295,0.0032888364804685797,0.12706369101859868,1
1982,0.14703767,-0.06326469,0.0032888364804685797,0.0032888364804685797,0.7333374241612295,0.0032888364804685797,0.12706369101859868,1
1983,0.14703767,-0.06326469,0.0032888364804685797,0.0032888364804685797,0.7333374241612295,0.0032888364804685797,0.12706369101859868,1
1984,0.14703767,-0.06326469,0.0032888364804685797,0.0032888364804685797,0.7333374241612295,0.0032888364804685797,0.12706369101859868,1
1985,0.14703767,-0.06326469,0.0032888364804685797,0.0032888364804685797,0.7333374241612295,0.0032888364804685797,0.12706369101859868,1
1986,0.14703767,-0.06326469,0.0032888364804685797,0.0032888364804685797,0.7333374241612295,0.0032888364804685797,0.12706369101859868,1
1987,0.14703767,-0.06326469,0.0032888364804685797,0.0032888364804685797,0.7333374241612295,0.0032888364804685797,0.12706369101859868,1
1988,0.14703767,-0.06326469,0.0032888364804685797,0.0032888364804685797,0.7333374241612295,0.0032888364804685797,0.12706369101859868,1
1989,0.14703767,-0.06326469,0.0032888364804685797,0.0032888364804685797,0.7333374241612295,0.0032888364804685797,0.12706369101859868,1
1990,0.14703767,-0.06326469,0.0032888364804685797,0.0032888364804685797,0.7333374241612295,0.0032888364804685797,0.12706369101859868,1
1991,0.14703767,-0.06326469,0.0032888364804685797,0.0032888364804685797,0.7333374241612295,0.0032888364804685797,0.12706369101859868,1
1992,0.14703767,-0.06326469,0.0032888364804685797,0.0032888364804685797,0.7333374241612295,0.0032888364804685797,0.12706369101859868,1
1993,0.14703767,-0.06326469,0.0032888364804685797,0.0032888364804685797,0.7333374241612295,0.0032888364804685797,0.12706369101859868,1
1994,0.14703767,-0.06326469,0.0032888364804685797,0.0032888364804685797,0.7333374241612295,0.0032888364804685797,0.12706369101859868,1
1995,0.14703767,-0.06326469,0.0032888364804685797,0.0032888364804685797,0.7333374241612295,0.0032888364804685797,0.12706369101859868,1
1996,0.14703767,-0.06326469,0.0032888364804685797,0.0032888364804685797,0.7333374241612295,0.0032888364804685797,0.12706369101859868,1
1997,0.14703767,-0.06326469,0.0032888364804685797,0.0032888364804685797,0.7333374241612295,0.0032888364804685797,0.12706369101859868,1
1998,0.14703767,-0.06326469,0.0032888364804685797,0.0032888364804685797,0.7333374241612295,0.0032888364804685797,0.12706369101859868,1
1999,0.14703767,-0.06326469,0.0032888364804685797,0.0032888364804685797,0.7333374241612295,0.0032888364804685797,0.12706369101859868,1
2000,0.14703767,-0.06326469,0.0032888364804685797,0.0032888364804685797,0.7333374241612295,0.0032888364804685797,0.12706369101859868,1
