iter,p1,p2,fitness,best_fitness,cl,cd,t_max,feasible
1,0.2004741712111306,-0.19626469,0.0059492608275825585,0.0059492608275825585,0.7240530299294182,0.0059492608275825585,0.1271658257272277,1
2,0.20771447612960306,-0.19626469,0.00596922946624777,0.0059492608275825585,0.7278401354411842,0.00596922946624777,0.12740496314974914,1
3,0.20507825103862118,-0.18253982357473095,0.0059811329016776745,0.0059492608275825585,0.7277600255582187,0.0059811329016776745,0.12489265736373616,1
4,0.20280269551007982,-0.1858838182562424,0.00599323004420798,0.0059492608275825585,0.72694303680224,0.00599323004420798,0.12429695161737951,1
5,0.19535241825971525,-0.1817599288852441,0.0059850895916492486,0.0059492608275825585,0.7286267347540624,0.0059850895916492486,0.12359393984512602,1
6,0.2027398634689596,-0.1887685561506856,0.00599610528917497,0.0059492608275825585,0.7284879165949578,0.00599610528917497,0.1251017559903613,1
7,0.19874590507066728,-0.1882889930569063,0.006000209454654488,0.0059492608275825585,0.7224307629105309,0.006000209454654488,0.12516071093516895,1
8,0.18562933539570373,-0.1872271952362382,0.6110688461318532,0.0059492608275825585,0.7118210781156067,0.005952589296918372,0.1257733681726989,0
9,0.18562933539570373,-0.1872271952362382,0.6110688461318532,0.0059492608275825585,0.7118210781156067,0.005952589296918372,0.1257733681726989,0
10,0.18127896975216667,-0.18718202216828192,0.3072153439422163,0.0059492608275825585,0.7141113798221254,0.005965829372487729,0.12566824742051594,0
11,0.18434447793901765,-0.18202535075034376,0.014872310085666883,0.0059492608275825585,0.7186549823669955,0.005941726818773083,0.12329635513758326,0
12,0.1772306731874597,-0.18090748669901932,0.0059460635723247056,0.0059460635723247056,0.7295688572234147,0.0059460635723247056,0.12297180662086264,1
13,0.18085910844796713,-0.17881052465338046,0.005984400172736223,0.0059460635723247056,0.7251039707700355,0.005984400172736223,0.12162468942716258,1
14,0.18047822600346144,-0.18011792940957597,0.006004256830614909,0.0059460635723247056,0.7327103086311597,0.006004256830614909,0.12206819394642622,1
15,0.17986501200238605,-0.18469259970848068,0.0059952983797840285,0.0059460635723247056,0.7428429949605295,0.0059952983797840285,0.12264401430009757,1
16,0.181005923393735,-0.18943009970482896,0.005996200993675485,0.0059460635723247056,0.750051992809899,0.005996200993675485,0.1223940460846397,1
17,0.1835502589640869,-0.19098752977335226,0.006028679562241103,0.0059460635723247056,0.7567209252352726,0.006028679562241103,0.12437871244239299,1
18,0.17471508622948323,-0.18327925187615585,0.005995549440228793,0.0059460635723247056,0.763426758197193,0.005995549440228793,0.12285843393532785,1
19,0.18145045755478464,-0.1854750756725986,0.005982252523776973,0.0059460635723247056,0.7638555466698921,0.005982252523776973,0.12484827202487533,1
20,0.18302022669502402,-0.19202962459730993,0.005990165328886476,0.0059460635723247056,0.7754423858834136,0.005990165328886476,0.12472005548574559,1
21,0.1670083660350828,-0.19420344436159304,0.00593840014662654,0.00593840014662654,0.7683351931505505,0.00593840014662654,0.12222396190609748,1
22,0.1621597132989059,-0.19364266867605187,0.005937519536001653,0.005937519536001653,0.7637787303917271,0.005937519536001653,0.12143964609490916,1
23,0.16140989492943014,-0.19626469,0.00594092161115638,0.005937519536001653,0.7640363237438462,0.00594092161115638,0.12187142580742896,1
24,0.1582991726945405,-0.19626469,0.0059193287997632085,0.0059193287997632085,0.7590483660328227,0.0059193287997632085,0.12155130369995698,1
25,0.15835917644936223,-0.19626469,0.005909788645828615,0.005909788645828615,0.7605091620519622,0.005909788645828615,0.12112748730651077,1
26,0.1643114956829484,-0.19626469,0.005896943744573049,0.005896943744573049,0.7689401339143689,0.005896943744573049,0.12078002631422101,1
27,0.16217097685284976,-0.19626469,0.005895797546373931,0.005895797546373931,0.77230459459838,0.005895797546373931,0.12217050674804149,1
28,0.1588002044033162,-0.19626469,0.005875495408939991,0.005875495408939991,0.7774414012517038,0.005875495408939991,0.1228025484857553,1
29,0.16113992369869035,-0.19033465695083782,0.005885605074316668,0.005875495408939991,0.7837121498825119,0.005885605074316668,0.12200684610044606,1
30,0.15653767,-0.18563956319019873,0.005878614321897091,0.005875495408939991,0.7832697593397354,0.005878614321897091,0.12155822370896757,1
31,0.16236410419636316,-0.19351603582464288,0.005894422717389068,0.005875495408939991,0.7827454633471226,0.005894422717389068,0.12186743883381271,1
32,0.15653767,-0.19231890741539232,0.005865220529338841,0.005865220529338841,0.7895127175852573,0.005865220529338841,0.12147733209480124,1
33,0.16160897444196726,-0.19446114002964524,0.0058781573116096445,0.005865220529338841,0.7942426173748668,0.0058781573116096445,0.12228647041034058,1
34,0.16903061827932164,-0.19256385671188506,0.0059057500610746605,0.005865220529338841,0.7883533400660578,0.0059057500610746605,0.12452011186037602,1
35,0.1635904338693769,-0.19477047305709694,0.005918072971407839,0.005865220529338841,0.786271549235315,0.005918072971407839,0.12612079191479358,1
36,0.17329617602598388,-0.19173648955888242,0.005967808734126148,0.005865220529338841,0.7781945295279812,0.005967808734126148,0.12615581973938764,1
37,0.17020114656350246,-0.19626469,0.005966185921366023,0.005865220529338841,0.7699430569506477,0.005966185921366023,0.1246770740961491,1
38,0.16927783525805404,-0.1951866697012964,0.005949071317247884,0.005865220529338841,0.7662024530709987,0.005949071317247884,0.12287937513249002,1
39,0.18100702251130643,-0.18829175393780928,0.005962725218559983,0.005865220529338841,0.7700578737098354,0.005962725218559983,0.1257520166308094,1
40,0.17779284821984462,-0.18695569721845687,0.00595706215203081,0.005865220529338841,0.7647914486336193,0.00595706215203081,0.1249717814796242,1
41,0.18026737912670907,-0.19022905858764935,0.005972417750996456,0.005865220529338841,0.7600545874359622,0.005972417750996456,0.12537037623651245,1
42,0.17273738389284932,-0.1909629025283842,0.005940086916023973,0.005865220529338841,0.7645573709654333,0.005940086916023973,0.12540063216424485,1
43,0.1691640888255402,-0.18855196477625316,0.006003071906413721,0.005865220529338841,0.7647960351358788,0.006003071906413721,0.12462187010206346,1
44,0.171112682408889,-0.18261796800076327,0.005997008392762309,0.005865220529338841,0.7647433955914824,0.005997008392762309,0.1266851770508544,1
45,0.17120366920208538,-0.18145403208370695,0.005980149793100296,0.005865220529338841,0.7616408868171414,0.005980149793100296,0.1274622595236982,1
46,0.17432961162065042,-0.17735217314997836,0.005962679700068554,0.005865220529338841,0.7614696189307973,0.005962679700068554,0.128171875403288,1
47,0.17945505894528443,-0.17361264938375032,0.005927621795447473,0.005865220529338841,0.7689331925611829,0.005927621795447473,0.12714226621556932,1
48,0.17563254030171277,-0.1722296043697304,0.00587352933874366,0.005865220529338841,0.7697098853225922,0.00587352933874366,0.12461919435250271,1
49,0.17800872590649214,-0.16435926243413176,0.0058531623398388345,0.0058531623398388345,0.7771045874161527,0.0058531623398388345,0.1251785076845745,1
50,0.16964795063570093,-0.1602927997493599,0.0058188499593570826,0.0058188499593570826,0.765655188468754,0.0058188499593570826,0.1263003326579556,1
51,0.16836556935996472,-0.16143361632859077,0.0058206637710737355,0.0058188499593570826,0.756419823845091,0.0058206637710737355,0.1230298854930985,1
52,0.16836902300069717,-0.1620009457848369,0.0058868926009310475,0.0058188499593570826,0.750510864320361,0.0058868926009310475,0.1213309165168322,1
53,0.17452468385163547,-0.1674871904614381,0.039919234992684224,0.0058188499593570826,0.7443951297534481,0.005872265749168063,0.11815481791566479,0
54,0.1750124879931639,-0.16346670275530747,0.03871515386514265,0.0058188499593570826,0.7417024264403702,0.005847498249844024,0.11818705610634805,0
55,0.1717657554016635,-0.1569668162043936,0.07448126981133588,0.0058188499593570826,0.7280531059284399,0.005762451014304809,0.11737857254921996,0
56,0.17280818168964443,-0.15640253162000312,0.08139490565730395,0.0058188499593570826,0.7251561386191875,0.00576446433734666,0.11724990106868939,0
57,0.1697312804443241,-0.14649499583454176,0.2662791538692775,0.0058188499593570826,0.7312862035295903,0.005689607340700261,0.11489520278043704,0
58,0.16063736174154575,-0.14557236801802498,0.5359498560525701,0.0058188499593570826,0.714855765595884,0.0055813031221902815,0.11447468596260445,0
59,0.16347275852000204,-0.14257098770822807,0.4027806791843794,0.0058188499593570826,0.7148779958822625,0.00548350397001779,0.11582478807322234,0
60,0.16173302398102005,-0.1502672721575508,0.14063894268021687,0.0058188499593570826,0.7197023487211912,0.0055625426827704775,0.11632472586059969,0
61,0.15653767,-0.1462327814800458,0.3322021456139312,0.0058188499593570826,0.7257040215372352,0.00560306061965211,0.11428511518056331,0
62,0.15865998400251496,-0.14642818394009766,0.39623219108482427,0.0058188499593570826,0.7254719616718353,0.005654696055292756,0.11375038005131886,0
63,0.15653767,-0.1443900861806757,0.26956916782930557,0.0058188499593570826,0.7280903468626438,0.005585842154225364,0.11486206923290046,0
64,0.15653767,-0.14690878261352558,0.09288304987419897,0.0058188499593570826,0.7197224610531997,0.0056152164302563316,0.11704588704610093,0
65,0.15653767,-0.14690878261352558,0.09288304987419897,0.0058188499593570826,0.7197224610531997,0.0056152164302563316,0.11704588704610093,0
66,0.15653767,-0.14548028951262096,0.1881679005254645,0.0058188499593570826,0.7188713300804558,0.005659280298405687,0.11579049858402954,0
67,0.15653767,-0.14378281368031698,0.18236284695819382,0.0058188499593570826,0.7259732644416392,0.005637961063124172,0.11579613408997064,0
68,0.15653767,-0.14798456258610823,0.07191853985042584,0.0058188499593570826,0.7242416439383625,0.005620690888945872,0.11742516313212895,0
69,0.15653767,-0.14798456258610823,0.07191853985042584,0.0058188499593570826,0.7242416439383625,0.005620690888945872,0.11742516313212895,0
70,0.15945550486362,-0.14115669717038284,0.03758362233189586,0.0058188499593570826,0.735339230400408,0.005617678803973719,0.11821209777873838,0
71,0.16127675100945213,-0.14787438650682364,0.07533229818803222,0.0058188499593570826,0.7432754169356445,0.005677600625775719,0.1173607823590644,0
72,0.16393458144214854,-0.1487950661349773,0.02844863885994273,0.0058188499593570826,0.7432605507106601,0.005706519634162601,0.11849195095484993,0
73,0.16156273001573104,-0.14517837551475193,0.0197224252899331,0.0058188499593570826,0.7323141639344372,0.005635158204510322,0.11881310206481674,0
74,0.16476699350925259,-0.1457444515982733,0.0056173312301367176,0.0056173312301367176,0.7386457374421981,0.0056173312301367176,0.12051655346608359,1
75,0.16125528617302104,-0.14324727265385254,0.006736329529496233,0.0056173312301367176,0.7422655135588624,0.005568949259453158,0.11965833052959869,0
76,0.1644303366067667,-0.14658865062602533,0.005683827283474288,0.0056173312301367176,0.7469714150719734,0.005683827283474288,0.12048423501576502,1
77,0.168583115738771,-0.1544131305740448,0.019836398004354137,0.0056173312301367176,0.7342224596326712,0.0057995010854395715,0.11881522588993029,0
78,0.18044912557103815,-0.15574291006455085,0.005819415327468502,0.0056173312301367176,0.7351458453634362,0.005819415327468502,0.12068156461200731,1
79,0.1853342062933447,-0.14679172825132458,0.0061799510168603616,0.0056173312301367176,0.7398111008878738,0.005803374235894268,0.11980594413666006,0
80,0.1918421329775783,-0.15000973318917996,0.005840392161548515,0.0056173312301367176,0.7466247299045704,0.005840392161548515,0.122049435761885,1
81,0.19172182129180904,-0.1469789544038917,0.005834778200262916,0.0056173312301367176,0.7534311854865534,0.005834778200262916,0.12561643343681084,1
82,0.18933488016805014,-0.13866035160808982,0.005792185326327201,0.0056173312301367176,0.7554537236993406,0.005792185326327201,0.12353004902905765,1
83,0.19255735518741243,-0.1362198424878531,0.00568295809335215,0.0056173312301367176,0.7629359692126381,0.00568295809335215,0.12413633356250776,1
84,0.19524273995110894,-0.13801030073838458,0.00566079339369415,0.0056173312301367176,0.7553017656480294,0.00566079339369415,0.12510255380196492,1
85,0.19501095229144577,-0.14569981531776374,0.005812283934973667,0.0056173312301367176,0.7538662030342496,0.005812283934973667,0.1248043855926253,1
86,0.19919552260077183,-0.14719815911972733,0.005875420268680659,0.0056173312301367176,0.7594471737352809,0.005875420268680659,0.12678827581892738,1
87,0.20281476458221678,-0.14226798917702066,0.005877945199946589,0.0056173312301367176,0.7576377502263706,0.005877945199946589,0.1269693405498615,1
88,0.20418101619603574,-0.14242057409674427,0.00590149020086371,0.0056173312301367176,0.7609984163836163,0.00590149020086371,0.12524319142049326,1
89,0.20964231430484817,-0.14092555489846345,0.005918490717721476,0.0056173312301367176,0.7654070215151795,0.005918490717721476,0.12680193240272014,1
90,0.2124304650650409,-0.13736151150596518,0.005975697856743043,0.0056173312301367176,0.7633278688199991,0.005975697856743043,0.12449345962608035,1
91,0.2070148661357786,-0.1405179825395513,0.0058956423017543814,0.0056173312301367176,0.7624205932612242,0.0058956423017543814,0.1237757400041336,1
92,0.2118647876415171,-0.13546648460542368,0.005985575778710845,0.0056173312301367176,0.7664267958739643,0.005923294339082659,0.11992108140926994,0
93,0.21061652034279232,-0.13976711332975675,0.005937812175396451,0.0056173312301367176,0.7607579661786378,0.005937812175396451,0.12079828730240122,1
94,0.21809823710198487,-0.14455495940470675,0.006007022524423891,0.0056173312301367176,0.7581406272818243,0.006007022524423891,0.12014535718805466,1
95,0.21800122637528707,-0.14395080973972726,0.006024008398190636,0.0056173312301367176,0.7583495130047585,0.006024008398190636,0.1204914291419178,1
96,0.22367935983290982,-0.13998447574608758,0.006055567575799405,0.0056173312301367176,0.7606847363681776,0.006055567575799405,0.12002198264070549,1
97,0.21781262364290402,-0.13976804707451077,0.01009625967194598,0.0056173312301367176,0.7598827527089377,0.0060209254558829224,0.11936161655597415,0
98,0.21936567810353497,-0.13494471034440797,0.03387728653747309,0.0056173312301367176,0.7568080618324964,0.006060427203982351,0.11833216129876145,0
99,0.21649217438862867,-0.13378980794016168,0.06533897043258259,0.0056173312301367176,0.7497714886201993,0.006022789968723195,0.11756450866427615,0
100,0.21992546401846644,-0.13868382834003193,0.013340574669930647,0.0056173312301367176,0.7565336614208589,0.0060357168310801726,0.11914531538923118,0
101,0.2264166708232073,-0.13831240412725737,0.059851687277147604,0.0056173312301367176,0.7556039141997322,0.006059853726218446,0.1176806933460422,0
102,0.22991472768604893,-0.14376303516175631,0.008654914048700625,0.0056173312301367176,0.7542194364600087,0.00603824295191587,0.11948846592520294,0
103,0.2303189647172739,-0.14706340200275297,0.007460004735380195,0.0056173312301367176,0.7537640236998139,0.00602921552187973,0.11962174225539977,0
104,0.23045817963467738,-0.14019577671060746,0.008271134178873023,0.0056173312301367176,0.7557426041128104,0.0060794257004744235,0.11953184313757047,0
105,0.2329665025260162,-0.13879627758351307,0.014340238015586194,0.0056173312301367176,0.7446696955368695,0.006113013188620996,0.11909295949225157,0
106,0.23191209474362096,-0.14071387106710673,0.012848605453662551,0.0056173312301367176,0.7477066648129481,0.006087228984987019,0.11917772410538338,0
107,0.23660289217270108,-0.14649422941583995,0.01930505826197431,0.0056173312301367176,0.7281083505546379,0.006059692359972637,0.11884911486663517,0
108,0.240866607289984,-0.15617740997681148,0.030232138346018317,0.0056173312301367176,0.7215610049284931,0.006042372342174323,0.11844469404926734,0
109,0.2340894156439031,-0.15916915074311158,0.17766448055506,0.0056173312301367176,0.7252517239402684,0.005943109735992208,0.11585607226391352,0
110,0.23545554135835287,-0.1587312360579654,0.25229043471519724,0.0056173312301367176,0.7243196083190813,0.0059860234741280095,0.11503709348021676,0
111,0.22880073748807617,-0.1528738575339302,0.45752889666562935,0.0056173312301367176,0.7251959324806211,0.0059315442232076455,0.11327990065220445,0
112,0.23018976452568726,-0.1456831012049295,0.5655665530933033,0.0056173312301367176,0.728601204134176,0.005924376433481242,0.11251907641624496,0
113,0.22502840710722335,-0.14416451211775255,0.7317359153044093,0.0056173312301367176,0.7247748518800343,0.005851610745460261,0.11148011558435826,0
114,0.23102424040958902,-0.14255271524376992,0.5926433226499147,0.0056173312301367176,0.7322183004272539,0.005852488600611596,0.11233977262707363,0
115,0.23117480592990142,-0.15193464660007233,0.5934587301064643,0.0056173312301367176,0.7438620098497599,0.005760627954229025,0.11233385297458863,0
116,0.23049083336902157,-0.1436853183485764,0.8260846665072101,0.0056173312301367176,0.7409723079501214,0.005785350239274648,0.11094296231503956,0
117,0.22332854193554588,-0.1407753770283914,1.1106744698866589,0.0056173312301367176,0.7285582343818855,0.005720443476636349,0.10948832065552785,0
118,0.21579179974156962,-0.1331573538627061,1.438783258734837,0.0056173312301367176,0.7421338778285216,0.00570885851823744,0.10802889144558199,0
119,0.21575700831488143,-0.14685875440549853,0.8188189276230896,0.0056173312301367176,0.7423558709041225,0.005706661705486738,0.11098272621066875,0
120,0.21812850264050965,-0.1485858386081809,1.0064559659553127,0.0056173312301367176,0.740007692665833,0.005655192488703815,0.10999599693389386,0
121,0.21571358649688546,-0.15088805892741,0.9751239850352668,0.0056173312301367176,0.7191898203383916,0.0056273521905270355,0.11016224538171047,0
122,0.21557766286593533,-0.15582008299700018,0.6203778962762616,0.0056173312301367176,0.7241766044875182,0.005626037883955041,0.11215938868204585,0
123,0.21124042888735792,-0.14844620146634013,0.803050802227416,0.0056173312301367176,0.7199497395971997,0.005642005946250065,0.11107022510764596,0
124,0.21246099113372105,-0.14407624392441842,0.5776871389862133,0.0056173312301367176,0.724619501238304,0.005635764621009624,0.11243659220744244,0
125,0.21285615843368322,-0.1409494128719599,0.7182680523379105,0.0056173312301367176,0.7231574267434517,0.0056230079119612775,0.11155816936662462,0
126,0.21285615843368322,-0.1409494128719599,0.7182680523379105,0.0056173312301367176,0.7231574267434517,0.0056230079119612775,0.11155816936662462,0
127,0.20965878968202226,-0.13520945983348678,0.6657600195902732,0.0056173312301367176,0.7184764697994142,0.005633787086491838,0.11195324269418111,0
128,0.20965878968202226,-0.13520945983348678,0.6657600195902732,0.0056173312301367176,0.7184764697994142,0.005633787086491838,0.11195324269418111,0
129,0.20965878968202226,-0.13520945983348678,0.6657600195902732,0.0056173312301367176,0.7184764697994142,0.005633787086491838,0.11195324269418111,0
130,0.20965878968202226,-0.13520945983348678,0.6657600195902732,0.0056173312301367176,0.7184764697994142,0.005633787086491838,0.11195324269418111,0
131,0.2097784337979857,-0.13613395250260926,0.7007330783668465,0.0056173312301367176,0.7251175992887111,0.005674197083603852,0.11166298086074379,0
132,0.20579989697235698,-0.1376340404305468,0.40351929559668914,0.0056173312301367176,0.7203167996776036,0.005666213038491577,0.11369244038824683,0
133,0.2033379867549263,-0.14090784646354967,0.22524011677891312,0.0056173312301367176,0.7175471891017293,0.0056252011576445275,0.11578722668802748,0
134,0.20282905214002403,-0.13500615619056924,0.0813447606867242,0.0056173312301367176,0.7202810483884992,0.005666629606083136,0.11724903414996403,0
135,0.20962583103555277,-0.1314315198896586,0.07365748008878942,0.0056173312301367176,0.7227741832934886,0.005768910520925082,0.11739445649493499,0
136,0.20962583103555277,-0.1314315198896586,0.07365748008878942,0.0056173312301367176,0.7227741832934886,0.005768910520925082,0.11739445649493499,0
137,0.21216057367854263,-0.13407917930852198,0.07702502872734077,0.0056173312301367176,0.7259497831107964,0.005764057293193519,0.11733052493111197,0
138,0.20284768542155832,-0.1319633132739029,0.3188820365470784,0.0056173312301367176,0.7232112606707061,0.005765307805431129,0.11440431658560236,0
139,0.20319374310733743,-0.1310267800879051,0.2673585494663712,0.0056173312301367176,0.7170465272082417,0.005852089484071725,0.11556937671427824,0
140,0.20571908394899083,-0.12292535531281043,0.15518734233248607,0.0056173312301367176,0.7248067740079083,0.005960095163309049,0.11613700573170012,0
141,0.21644354097343002,-0.12600124315977862,0.0558287883381196,0.0056173312301367176,0.7299520075341194,0.00599493922818891,0.11776765036094408,0
142,0.21432278798431476,-0.12559399078028216,0.06482438054996975,0.0056173312301367176,0.7266082114696515,0.005942687384087248,0.11757344496938803,0
143,0.21618690045596511,-0.12508248273540357,0.03297749458934804,0.0056173312301367176,0.7201532988761628,0.005931175885061996,0.1183554234981526,0
144,0.20938105863676787,-0.12053151917194646,0.0888444712699523,0.0056173312301367176,0.7230698247358962,0.005833461349059414,0.11711883686819206,0
145,0.1987510905542011,-0.12164230772207837,0.17725915863831607,0.0056173312301367176,0.7219882125650385,0.005774170995254562,0.11585892540947326,0
146,0.19977230734759135,-0.13002596880391046,0.1294482827023876,0.0056173312301367176,0.7272325912414556,0.00581934115670597,0.11648390925109033,0
147,0.20399827979048363,-0.1346885912887036,0.012417494752936794,0.0056173312301367176,0.737686088122458,0.00581987096070746,0.1191877424181807,0
148,0.1950108986228799,-0.13956331435465696,0.0923955445821374,0.0056173312301367176,0.7347034671956677,0.005824621079729571,0.1170577062773678,0
149,0.20148382382871077,-0.13479694728715552,0.07362379010092285,0.0056173312301367176,0.7319412810402582,0.005912931156530989,0.11739786897054756,0
150,0.19748438244029784,-0.13695269358635678,0.06712472217272417,0.0056173312301367176,0.7363940409291344,0.005915875394579223,0.11752595782618515,0
151,0.20025532451312755,-0.13748276617773766,0.02191689567009851,0.0056173312301367176,0.7377287234288619,0.005914222635190422,0.11873498327936315,0
152,0.20881394861058392,-0.14137441791216437,0.005975343972991476,0.0056173312301367176,0.7406778336224353,0.005975343972991476,0.12222283696725676,1
153,0.20351459806342928,-0.13593567731527142,0.0059150358499730545,0.0056173312301367176,0.7375469074231132,0.0059150358499730545,0.12166419680039525,1
154,0.21657765419769343,-0.13441390765012115,0.005919887860457577,0.0056173312301367176,0.7422750673848919,0.005919887860457577,0.12188848372309813,1
155,0.21596204228451418,-0.14156730612800217,0.005926575185519037,0.0056173312301367176,0.7337132553246921,0.005926575185519037,0.12201873782470994,1
156,0.2211789629213005,-0.13882262006594515,0.005947381538544106,0.0056173312301367176,0.7425246353399526,0.005947381538544106,0.12249383170689014,1
157,0.22051080655385566,-0.13411993587020674,0.005956875122389618,0.0056173312301367176,0.7530856275235549,0.005956875122389618,0.12387488466812979,1
158,0.22521924427801354,-0.13016591281558199,0.0059906722150970294,0.0056173312301367176,0.7664667922848538,0.0059906722150970294,0.12339487152126637,1
159,0.22116725211053695,-0.12963838407981956,0.005986669307523474,0.0056173312301367176,0.7559423266390382,0.005986669307523474,0.1216951991788527,1
160,0.22835505695098698,-0.13456865147548738,0.006023511227668969,0.0056173312301367176,0.7562683888015042,0.006023511227668969,0.12266711263240386,1
161,0.22704835363491258,-0.12784699801204444,0.005851048781729334,0.0056173312301367176,0.7564563039634211,0.005851048781729334,0.1232510545730418,1
162,0.22808407114636922,-0.12260956106899998,0.005865273337977438,0.0056173312301367176,0.7548607357520326,0.005865273337977438,0.12086670073768684,1
163,0.22974015026049477,-0.12685030377445092,0.0061833180919632705,0.0056173312301367176,0.7506729183707922,0.005882886802204747,0.11982667046132914,0
164,0.23103720322576426,-0.12553941376841676,0.005778011157587663,0.0056173312301367176,0.7556461933264099,0.005778011157587663,0.12221794312392928,1
165,0.23580626679964464,-0.12249750428854732,0.005796540247003596,0.0056173312301367176,0.7603261815670429,0.005796540247003596,0.12261189330430619,1
166,0.22868534541529234,-0.1244570153580676,0.005808693408782632,0.0056173312301367176,0.7580529608463873,0.005808693408782632,0.12040663715684044,1
167,0.22100977711117298,-0.13033271010883218,0.005862854440709333,0.0056173312301367176,0.7596415078583616,0.005862854440709333,0.1200612667700814,1
168,0.21239516741500647,-0.12648455033133482,0.006092472564684587,0.0056173312301367176,0.7433940640093405,0.005744624643267277,0.11981349318473114,0
169,0.20656195210738076,-0.12316061582565874,0.0056857241370615146,0.0056173312301367176,0.7533275020671134,0.0056857241370615146,0.12052235004579216,1
170,0.2004407631536505,-0.12426323496355468,0.007903679890512926,0.0056173312301367176,0.7423206028007369,0.005618120840938242,0.11952192479152599,0
171,0.19700724747251078,-0.12753416134016463,0.005630746662688183,0.0056173312301367176,0.7442188192221286,0.005630746662688183,0.12023368238666252,1
172,0.19861624182010798,-0.12437988310882787,0.005542729681301641,0.005542729681301641,0.7444041452500904,0.005542729681301641,0.12027288043825946,1
173,0.19323618604633783,-0.12699777568997256,0.007446249476850507,0.005542729681301641,0.7371577585344313,0.005600459520044492,0.11957037342298153,0
174,0.18620183771323412,-0.1169976861509355,0.012164633607624922,0.005542729681301641,0.7331123249042008,0.005378183072228466,0.11917620084150343,0
175,0.1857824820098325,-0.11585083575920985,0.03296708365164216,0.005542729681301641,0.7393037797903352,0.005336385734909302,0.11833775158545021,0
176,0.1796054678040221,-0.1180082312552504,0.05685380559117254,0.005542729681301641,0.7379189299797768,0.005459527198638741,0.11773296937840412,0
177,0.17296554232042793,-0.11211995450603184,0.11151199870545232,0.005542729681301641,0.7327956865880797,0.005292411245598933,0.11674086533785648,0
178,0.17296554232042793,-0.11211995450603184,0.11151199870545232,0.005542729681301641,0.7327956865880797,0.005292411245598933,0.11674086533785648,0
179,0.1799361337716605,-0.11484051721276767,0.12455870891916607,0.005542729681301641,0.7248197835817303,0.005342418769935501,0.11654722879198127,0
180,0.18209362221722405,-0.12362673987775986,0.043545528791448115,0.005542729681301641,0.7281180433503625,0.005496540279940281,0.11804938500693991,0
181,0.1787556243061657,-0.12033515612326835,0.09782564822953693,0.005542729681301641,0.7176925974241151,0.00538955644062805,0.11763242220985279,0
182,0.1764819231023441,-0.11143246196961701,0.21772775265683436,0.005542729681301641,0.7169837303321801,0.005228283971591696,0.11620459753204357,0
183,0.1764819231023441,-0.11143246196961701,0.21772775265683436,0.005542729681301641,0.7169837303321801,0.005228283971591696,0.11620459753204357,0
184,0.1805133229487097,-0.11408010014793891,0.03901796617937154,0.005542729681301641,0.7251181254395038,0.005218386079166042,0.11816153378871937,0
185,0.1805133229487097,-0.11408010014793891,0.03901796617937154,0.005542729681301641,0.7251181254395038,0.005218386079166042,0.11816153378871937,0
186,0.18298661161233287,-0.11164952703885449,0.008024672252403674,0.005542729681301641,0.7213870749378999,0.005121029555864398,0.11946114540954546,0
187,0.18641239743718802,-0.10566252375104566,0.004987382119393123,0.004987382119393123,0.721184508026244,0.004987382119393123,0.12009698910817951,1
188,0.18641239743718802,-0.10566252375104566,0.004987382119393123,0.004987382119393123,0.721184508026244,0.004987382119393123,0.12009698910817951,1
189,0.19326544904778784,-0.10711619221770584,0.016704220646191505,0.004987382119393123,0.7185173628639375,0.004983188962375556,0.12204616037172515,0
190,0.19326544904778784,-0.10711619221770584,0.016704220646191505,0.004987382119393123,0.7185173628639375,0.004983188962375556,0.12204616037172515,0
191,0.19369808544941858,-0.09971319431196721,0.004921425661330185,0.004921425661330185,0.7232628105867406,0.004921425661330185,0.12021022799678528,1
192,0.19693675650151315,-0.10398414900472201,0.020553754892616807,0.004921425661330185,0.7214806815898641,0.004996791398659658,0.1187527244292476,0
193,0.19693675650151315,-0.10398414900472201,0.020553754892616807,0.004921425661330185,0.7214806815898641,0.004996791398659658,0.1187527244292476,0
194,0.19701484576942563,-0.10220978474171313,0.004937439611735904,0.004921425661330185,0.7271859725174045,0.004937439611735904,0.12031862966492772,1
195,0.2049928312548467,-0.0952097039015839,0.00490454739798373,0.00490454739798373,0.7317373836913892,0.00490454739798373,0.12020137534539208,1
196,0.2057527609202733,-0.08974129795604885,0.03722250680709796,0.00490454739798373,0.7316268388653044,0.004882986912625985,0.11820168078766666,0
197,0.2155957867649238,-0.08961587915856935,0.006684730037240659,0.00490454739798373,0.7344075383229752,0.004807806318839939,0.11956676522318715,0
198,0.20938864270718427,-0.08679705095230486,0.009175662373828053,0.00490454739798373,0.7293207035857704,0.004753694870180164,0.11933502124066644,0
199,0.1987933173565861,-0.09245600974921953,0.004891117171987017,0.004891117171987017,0.7228066474478253,0.004891117171987017,0.12018997122982682,1
200,0.1918739878404604,-0.0943796533717887,0.00490188780741164,0.004891117171987017,0.7246237228163563,0.00490188780741164,0.12019844940153747,1
201,0.18981219578125128,-0.09788497785424961,0.0049400520135118,0.004891117171987017,0.7297553701324796,0.0049400520135118,0.12169187288204077,1
202,0.18909052688288477,-0.10821998756859821,0.005169988605688913,0.004891117171987017,0.7322773982868893,0.005169988605688913,0.12005245987677018,1
203,0.1760699330521414,-0.11279158522133258,0.005172808864279117,0.004891117171987017,0.7276627101021514,0.005172808864279117,0.12072472270173903,1
204,0.17541742324487683,-0.1027701583354394,0.01833774044242291,0.004891117171987017,0.7253716570776987,0.0049626331051887285,0.11884349200879396,0
205,0.17515500721897015,-0.10672234884356377,0.007768196613304833,0.004891117171987017,0.7252614065609047,0.005108001139417292,0.11948422917163845,0
206,0.17934625577706426,-0.11599251921141063,0.0410026536242662,0.004891117171987017,0.71780091664304,0.0051810546204321874,0.11941224241808977,0
207,0.1880489990951777,-0.11466596131827447,0.0067222975892584184,0.004891117171987017,0.7362736107239466,0.005244178060798938,0.11961553679910042,0
208,0.18239634762410264,-0.11392066246468345,0.00522530202606587,0.004891117171987017,0.7474662923930031,0.00522530202606587,0.120195383061182,1
209,0.18626993792297428,-0.11880054602843056,0.0052719239994773945,0.004891117171987017,0.7415225449017637,0.0052719239994773945,0.12222916774229486,1
210,0.18634709249268533,-0.12205024872446012,0.005303942108730398,0.004891117171987017,0.7503899047465173,0.005303942108730398,0.1232994559314497,1
211,0.18230913206196303,-0.11689034963241743,0.005206758632705792,0.004891117171987017,0.7526169551015859,0.005206758632705792,0.12134127812149706,1
212,0.18003635536654355,-0.12299294808911869,0.005331040437935064,0.004891117171987017,0.7525430055220166,0.005331040437935064,0.12108986060920976,1
213,0.18377489144567924,-0.12134367985427012,0.005351825631719176,0.004891117171987017,0.7574721178276045,0.005351825631719176,0.12050025045147865,1
214,0.18906766327700344,-0.11260594724496858,0.0051966431168382135,0.004891117171987017,0.7723889949605077,0.0051966431168382135,0.12372888206747094,1
215,0.18804764721022982,-0.10918840672510996,0.005163733307799984,0.004891117171987017,0.7811376305303369,0.005163733307799984,0.1229597449087742,1
216,0.19080560808352345,-0.11566811951241587,0.005292341437052398,0.004891117171987017,0.7809258197593525,0.005292341437052398,0.12316496077820734,1
217,0.2006216899753187,-0.11361868394062803,0.005238277269974115,0.004891117171987017,0.78275765028526,0.005238277269974115,0.12330283552749485,1
218,0.2018138203338076,-0.11591976345207175,0.005254149515128745,0.004891117171987017,0.7856484785163288,0.005254149515128745,0.12345703739005875,1
219,0.20345361656374192,-0.12034381055419065,0.005398275152093238,0.004891117171987017,0.7897199450294595,0.005398275152093238,0.12388679128233317,1
220,0.2009024541229373,-0.12277011006507264,0.005403507632230613,0.004891117171987017,0.7829241291250765,0.005403507632230613,0.12375331894631039,1
221,0.19787574257230192,-0.11600599136580858,0.005278024819698818,0.004891117171987017,0.7775810450798324,0.005278024819698818,0.12371289169084619,1
222,0.18840033054581318,-0.12176440902183458,0.00530877736479299,0.004891117171987017,0.7727482547772229,0.00530877736479299,0.12512230681971695,1
223,0.19292235850708037,-0.11271157722704732,0.005198779169651242,0.004891117171987017,0.7709203044075056,0.005198779169651242,0.1235390412721685,1
224,0.19154467453997562,-0.10655193215230581,0.005162490611819968,0.004891117171987017,0.7663645506743224,0.005162490611819968,0.12290620375489188,1
225,0.1992653450564061,-0.09559115779907203,0.004993450572868577,0.004891117171987017,0.7717319567620968,0.004993450572868577,0.12288939339062112,1
226,0.2003362163413935,-0.0982996056460019,0.0050187226612886954,0.004891117171987017,0.7652793332337412,0.0050187226612886954,0.12172034259675922,1
227,0.20091011137673168,-0.10167061715777423,0.005018334132333156,0.004891117171987017,0.7665299721502824,0.005018334132333156,0.12227017115714657,1
228,0.207598965940047,-0.09757471581073383,0.004966290257550951,0.004891117171987017,0.7657248127372046,0.004966290257550951,0.12288870644241197,1
229,0.2154586013105761,-0.09178670399053791,0.0049205644546383535,0.004891117171987017,0.7689230937416437,0.0049205644546383535,0.12333348798312942,1
230,0.21556372666987017,-0.0858604918793595,0.004884617384459319,0.004884617384459319,0.7621672895656262,0.004884617384459319,0.12439183380664989,1
231,0.2115396283916082,-0.08425492204625218,0.004857154677518426,0.004857154677518426,0.764191384984193,0.004857154677518426,0.12466026420252338,1
232,0.2083780688167276,-0.08175822493550305,0.004800084014992254,0.004800084014992254,0.7631414389950014,0.004800084014992254,0.12534220382328665,1
233,0.21001489655181754,-0.08713452320142658,0.004832345198227822,0.004800084014992254,0.7550307668736622,0.004832345198227822,0.1261524875762707,1
234,0.2131788667401096,-0.08805779022274678,0.004795532579035975,0.004795532579035975,0.7551413935156083,0.004795532579035975,0.12583558880375612,1
235,0.20849121912723492,-0.09213089018069348,0.004874808506319415,0.004795532579035975,0.7540103626768199,0.004874808506319415,0.12820765769831283,1
236,0.2096240309217021,-0.09810352010182005,0.004979031249743684,0.004795532579035975,0.750329416403677,0.004979031249743684,0.12900006393132646,1
237,0.21230881905233234,-0.10627866403678783,0.005050595010842361,0.004795532579035975,0.760211884442552,0.005050595010842361,0.13097565458990718,1
238,0.2130444348270134,-0.10660457866398844,0.005006979768885469,0.004795532579035975,0.7613260987020032,0.005006979768885469,0.13143590277297934,1
239,0.2055329607192061,-0.10448253744298325,0.004959149651538106,0.004795532579035975,0.7545080089954481,0.004959149651538106,0.131018450740574,1
240,0.20020733369838534,-0.10722705002184602,0.004957992806458589,0.004795532579035975,0.7417552379150392,0.004957992806458589,0.13071035204124642,1
241,0.2022364989148902,-0.11289482054202882,0.005002805834602812,0.004795532579035975,0.7505555566030062,0.005002805834602812,0.1317455316248667,1
242,0.1974806000423842,-0.10936464817628393,0.004963009947996871,0.004795532579035975,0.7548791323156964,0.004963009947996871,0.13218863348512688,1
243,0.19070453197806572,-0.11210904926694905,0.004956463153094347,0.004795532579035975,0.7485424168607335,0.004956463153094347,0.1319283284807129,1
244,0.19024320089509997,-0.11099624452774616,0.004958724254926313,0.004795532579035975,0.7567507909068202,0.004958724254926313,0.1305722250468702,1
245,0.19827752009910302,-0.11214296336137553,0.004975659363570499,0.004795532579035975,0.762741571633629,0.004975659363570499,0.12946839106440888,1
246,0.1886390768907522,-0.11641054518668897,0.005075531736896538,0.004795532579035975,0.7645856582914247,0.005075531736896538,0.1267853822500195,1
247,0.18900184341580334,-0.11994275321475838,0.005015439851278708,0.004795532579035975,0.7618270395979111,0.005015439851278708,0.12959619661554186,1
248,0.1963925884489256,-0.12178864388138338,0.004994575148743064,0.004795532579035975,0.7557758724386822,0.004994575148743064,0.12975604630760257,1
249,0.19462028472461557,-0.12131031268498037,0.004976878494336706,0.004795532579035975,0.7534811013717622,0.004976878494336706,0.12970683990579504,1
250,0.18958392408483768,-0.1153317097924764,0.004960429417280383,0.004795532579035975,0.7536041498147629,0.004960429417280383,0.13007755806050145,1
251,0.17977574664397394,-0.12487661557535508,0.004977189392327395,0.004795532579035975,0.739256670634637,0.004977189392327395,0.1306249299185114,1
252,0.17677961990618818,-0.12680283868575873,0.0049885692065491085,0.004795532579035975,0.7289188454681211,0.0049885692065491085,0.1303862289615579,1
253,0.17936519128968414,-0.12304198920251604,0.004951962831734608,0.004795532579035975,0.732815890194957,0.004951962831734608,0.13015431672152536,1
254,0.1817452028065189,-0.12005218411948586,0.004932771758426743,0.004795532579035975,0.727758430811451,0.004932771758426743,0.12880188231925674,1
255,0.17525332228551013,-0.11546764146871774,0.005027913443927617,0.004795532579035975,0.7285331663239325,0.005027913443927617,0.12661737106109583,1
256,0.17970129131218174,-0.11183366880232375,0.005009407905007797,0.004795532579035975,0.7379131294588648,0.005009407905007797,0.12764236882797111,1
257,0.17451359605854713,-0.11601711257498305,0.005090216877232085,0.004795532579035975,0.7330917357738326,0.005090216877232085,0.12800148830658814,1
258,0.1735966457670326,-0.11871357494968017,0.005124056429092484,0.004795532579035975,0.7431525870102679,0.005124056429092484,0.12814351908311455,1
259,0.16535376542817432,-0.11758233277093103,0.005134556150697871,0.004795532579035975,0.7489194483173042,0.005134556150697871,0.12906903975000256,1
260,0.16478243679954604,-0.11182707417302411,0.005064727348250802,0.004795532579035975,0.7499901137057033,0.005064727348250802,0.13081478430963636,1
261,0.17236607147638333,-0.11170427810449284,0.00507384212536019,0.004795532579035975,0.747968064637065,0.00507384212536019,0.12941354687274892,1
262,0.16465229495752054,-0.10469673325946154,0.005048321699883324,0.004795532579035975,0.7390692476662734,0.005048321699883324,0.13004377593782232,1
263,0.17293367651192906,-0.10362660588096272,0.005060374198689573,0.004795532579035975,0.743281686530309,0.005060374198689573,0.12904758060468427,1
264,0.1766141274927183,-0.10508907361654962,0.005188239210906015,0.004795532579035975,0.7451369746763671,0.005188239210906015,0.1283383691490769,1
265,0.1775830169002964,-0.10510094859068876,0.005200291404057502,0.004795532579035975,0.7389681625385269,0.005200291404057502,0.12773344835353262,1
266,0.1792876892624089,-0.10214317785168264,0.005230065651454996,0.004795532579035975,0.7434852454985227,0.005230065651454996,0.13001535520357813,1
267,0.1742174253765394,-0.0987892572787898,0.005207656936268787,0.004795532579035975,0.7477061706827943,0.005207656936268787,0.1300947324518367,1
268,0.17128399702067998,-0.10448671935062619,0.005267428513837596,0.004795532579035975,0.7397205160310037,0.005267428513837596,0.1321946323362444,1
269,0.17213627932832004,-0.10860358473107563,0.005250078783506863,0.004795532579035975,0.7421176474317484,0.005250078783506863,0.13490356307681206,1
270,0.1725353899791466,-0.10769033738484361,0.00515728851568631,0.004795532579035975,0.7456587902754719,0.00515728851568631,0.13429507268427107,1
271,0.16872794890422435,-0.10175009731143775,0.005111285372735853,0.004795532579035975,0.7440763973502682,0.005111285372735853,0.1329522496741114,1
272,0.1652367038724393,-0.08874041988768162,0.005070024804113885,0.004795532579035975,0.7490668843744583,0.005070024804113885,0.13205701725030167,1
273,0.16232255194098247,-0.08809009572710036,0.005087457607739379,0.004795532579035975,0.7417391387335345,0.005087457607739379,0.13181801772070864,1
274,0.16442621961461382,-0.08589575599028444,0.00512044455950837,0.004795532579035975,0.7492464260763496,0.00512044455950837,0.12961665118837748,1
275,0.1577866391499629,-0.09352498011582547,0.005124949358593261,0.004795532579035975,0.7532012136078432,0.005124949358593261,0.13138152824473667,1
276,0.15653767,-0.08814645802399511,0.005096205320973824,0.004795532579035975,0.7586670128717435,0.005096205320973824,0.1302331304897118,1
277,0.1573117370175378,-0.09039192375458772,0.005130555259721167,0.004795532579035975,0.7527304062201158,0.005130555259721167,0.1309349940336437,1
278,0.15888838885059225,-0.09589270876278201,0.005183951277142716,0.004795532579035975,0.7484155827560118,0.005183951277142716,0.1314350177971344,1
279,0.15653767,-0.09336590086049441,0.005107472898074133,0.004795532579035975,0.7453848982175068,0.005107472898074133,0.12822533187697746,1
280,0.16237003610751358,-0.09177040681262313,0.005077358746239351,0.004795532579035975,0.7409039260760688,0.005077358746239351,0.12782861011331148,1
281,0.17082751511056196,-0.08544958458400795,0.005023755532743487,0.004795532579035975,0.7412412112068838,0.005023755532743487,0.12909972684187976,1
282,0.16795351186560523,-0.07805227206910059,0.004998163616534233,0.004795532579035975,0.7483972664996486,0.004998163616534233,0.12737307080031304,1
283,0.17130750998515065,-0.07370795188588182,0.004972190345769839,0.004795532579035975,0.7613553187040893,0.004972190345769839,0.12638655144925948,1
284,0.1658163035525537,-0.08279793594374024,0.004980249621671019,0.004795532579035975,0.7564488917733039,0.004980249621671019,0.12535173964415894,1
285,0.17002812682083152,-0.0781730634364153,0.0050057833995745225,0.004795532579035975,0.7612611874638295,0.0050057833995745225,0.12506676356602092,1
286,0.16375402504259406,-0.07276468999999999,0.004885456815918907,0.004795532579035975,0.7503957428000739,0.004885456815918907,0.12217601798092469,1
287,0.16031729234924058,-0.07276468999999999,0.0048241603648060665,0.004795532579035975,0.7573609606339526,0.0048241603648060665,0.1220313032336811,1
288,0.16197784846659016,-0.07276468999999999,0.0048584233957792485,0.004795532579035975,0.7534890962907171,0.0048584233957792485,0.12216397558619048,1
289,0.16474276880030259,-0.07323552002198379,0.004875375361312606,0.004795532579035975,0.7674702844756841,0.004875375361312606,0.1227937346349707,1
290,0.15653767,-0.08085695950711944,0.004881059723304262,0.004795532579035975,0.7703506461540596,0.004881059723304262,0.12416388623626341,1
291,0.15653767,-0.07596518154581583,0.004836441926815478,0.004795532579035975,0.7681322577157215,0.004836441926815478,0.1235840458616627,1
292,0.1581752071943875,-0.08113417462026548,0.00486841559084761,0.004795532579035975,0.7738133692050717,0.00486841559084761,0.1234114887250466,1
293,0.16178822564210796,-0.0867806900219097,0.0049399109144004005,0.004795532579035975,0.7795687678691305,0.0049399109144004005,0.12385219446891182,1
294,0.16005571604566787,-0.08633065174087545,0.00497284302338701,0.004795532579035975,0.7855155409737105,0.00497284302338701,0.12308404298010443,1
295,0.1660735979217339,-0.08172099906351057,0.004945360047467292,0.004795532579035975,0.7883275405966771,0.004945360047467292,0.12335044045273225,1
296,0.16538014513074153,-0.0888143921114211,0.0050195310623457005,0.004795532579035975,0.7872910106874158,0.0050195310623457005,0.12521933812311217,1
297,0.15975971943143324,-0.08190193240554705,0.004945048073522014,0.004795532579035975,0.7900436118053424,0.004945048073522014,0.12456726094008524,1
298,0.15653767,-0.08191551859625591,0.004904165177294509,0.004795532579035975,0.7863231972776883,0.004904165177294509,0.12490568345351895,1
299,0.15890303461617258,-0.08174804872267614,0.0049630904199331185,0.004795532579035975,0.7889255520311256,0.0049630904199331185,0.1272122461711343,1
300,0.16509207723024436,-0.08037789792057065,0.004983142716404596,0.004795532579035975,0.7876338859335075,0.004983142716404596,0.12602549265243995,1
301,0.1665168283049017,-0.08563301862411468,0.0050209193692297115,0.004795532579035975,0.7726771096277365,0.0050209193692297115,0.1257620912123631,1
302,0.15653767,-0.0833390314981946,0.004974081051027685,0.004795532579035975,0.7690821949428241,0.004974081051027685,0.12516993528846396,1
303,0.15943332905394034,-0.08415084741526843,0.004956103073630679,0.004795532579035975,0.7576412258566554,0.004956103073630679,0.12582412375749866,1
304,0.15653767,-0.08091526802921328,0.004924952521737939,0.004795532579035975,0.7510989860003702,0.004924952521737939,0.12525779309179128,1
305,0.15653767,-0.0828907693961411,0.0048723038445372055,0.004795532579035975,0.7474304835369374,0.0048723038445372055,0.12377103323020222,1
306,0.15653767,-0.0777724963999726,0.004906782411042948,0.004795532579035975,0.7516959469397414,0.004906782411042948,0.1262107534041839,1
307,0.15653767,-0.08263935674974209,0.00497334622947528,0.004795532579035975,0.7573165407321596,0.00497334622947528,0.12473099051909126,1
308,0.1629402215252001,-0.08621586898855058,0.004981519855914469,0.004795532579035975,0.7518598561952403,0.004981519855914469,0.12484491164625933,1
309,0.16527643192275604,-0.07858229856996214,0.004958919067649629,0.004795532579035975,0.760442851942698,0.004958919067649629,0.1237580440576476,1
310,0.17182672357690298,-0.07976952006288124,0.004963216700895385,0.004795532579035975,0.7656563567519034,0.004963216700895385,0.1246066500951133,1
311,0.17151017942200833,-0.0763468035967483,0.005025735113349211,0.004795532579035975,0.7630697256870678,0.005025735113349211,0.12356802288582443,1
312,0.17229883940288337,-0.076961474572894,0.0050562998315253314,0.004795532579035975,0.7689508487656167,0.0050562998315253314,0.12483443869828528,1
313,0.17519320615663675,-0.0843666134175585,0.005094988794838133,0.004795532579035975,0.7677788565261439,0.005094988794838133,0.1240177778976888,1
314,0.17018500484939583,-0.08346993755991118,0.005105746248578073,0.004795532579035975,0.7684004820795591,0.005105746248578073,0.12263741905745539,1
315,0.17048182966279474,-0.08159692115340413,0.005090462611850323,0.004795532579035975,0.7645686951284664,0.005090462611850323,0.12351455669268807,1
316,0.17313772138336714,-0.07276468999999999,0.005114100970136648,0.004795532579035975,0.7641805565985521,0.005114100970136648,0.12334874436253085,1
317,0.17516574953454883,-0.08111060925127705,0.005201740833580743,0.004795532579035975,0.773167612455213,0.005201740833580743,0.12470358076479991,1
318,0.17320360467278764,-0.07860977876410578,0.005171000888084372,0.004795532579035975,0.7787902872529402,0.005171000888084372,0.12270701271431178,1
319,0.18877476494127735,-0.07276468999999999,0.005219466523522576,0.004795532579035975,0.7748557206903391,0.005219466523522576,0.12436669295800859,1
320,0.18879749431153722,-0.07276468999999999,0.005201307550154586,0.004795532579035975,0.7766907230614102,0.005201307550154586,0.1257399339670827,1
321,0.20060787916548978,-0.07629710230994888,0.005124544103081704,0.004795532579035975,0.7766875048701434,0.005124544103081704,0.1259951745129548,1
322,0.20642495010585155,-0.07276468999999999,0.00517142188812142,0.004795532579035975,0.772112830701003,0.00517142188812142,0.1252976908218949,1
323,0.21432172837960747,-0.07676303125614879,0.005084282979468913,0.004795532579035975,0.766546903840583,0.005084282979468913,0.1259200281516454,1
324,0.2153332372586723,-0.07330157023227311,0.005124363419641021,0.004795532579035975,0.7688257216857696,0.005124363419641021,0.1236582624314925,1
325,0.21594657081807053,-0.07276468999999999,0.005111359242930575,0.004795532579035975,0.770758412965281,0.005111359242930575,0.123225479959551,1
326,0.21971923753435987,-0.07276468999999999,0.005142536135618706,0.004795532579035975,0.7698436015364396,0.005142536135618706,0.12462393939836937,1
327,0.21780080365915216,-0.07276468999999999,0.0051006746042972975,0.004795532579035975,0.771065676947522,0.0051006746042972975,0.12432654155376735,1
328,0.21237361875877378,-0.07276468999999999,0.005084625293722607,0.004795532579035975,0.7646041793246363,0.005084625293722607,0.1255747223857951,1
329,0.2190479188472947,-0.07375443173430317,0.005090584134227348,0.004795532579035975,0.7681698412563922,0.005090584134227348,0.12582591082468442,1
330,0.21489531815559465,-0.07947636455635124,0.005117977285599427,0.004795532579035975,0.7689714830232128,0.005117977285599427,0.1266698692234607,1
331,0.21126342504386422,-0.08002377860412993,0.005164709615971746,0.004795532579035975,0.7742526807735306,0.005164709615971746,0.12655707391025936,1
332,0.21787327053285074,-0.08380687990561997,0.005210284399596769,0.004795532579035975,0.7720293425775371,0.005210284399596769,0.12825733934063205,1
333,0.2146631257184934,-0.0859447828905466,0.005197166931319116,0.004795532579035975,0.7665593736979385,0.005197166931319116,0.12798649884166483,1
334,0.2070416778203735,-0.08599066838469162,0.0051529385679225095,0.004795532579035975,0.7629488517754441,0.0051529385679225095,0.12563929356299725,1
335,0.20286066080413184,-0.088048797394432,0.00517029643288061,0.004795532579035975,0.7570880455219208,0.00517029643288061,0.12475942967196131,1
336,0.20727328926826546,-0.08799505632891298,0.005193378683720705,0.004795532579035975,0.7565752355336891,0.005193378683720705,0.12584757784921058,1
337,0.20781933373658673,-0.08926137928007309,0.005140308313617684,0.004795532579035975,0.7500830995578674,0.005140308313617684,0.12534814777235437,1
338,0.2169911720732028,-0.08928884713069456,0.005186843666846153,0.004795532579035975,0.7560249829472134,0.005186843666846153,0.1253908931745745,1
339,0.22334710357511423,-0.08970785632351369,0.005173771999557032,0.004795532579035975,0.7543412955228838,0.005173771999557032,0.12341538004316083,1
340,0.21959514066776636,-0.08935276450106244,0.005141822497523277,0.004795532579035975,0.7501474607308772,0.005141822497523277,0.1204707580815537,1
341,0.21585493404449507,-0.09305954798205898,0.005195405308013713,0.004795532579035975,0.7404535516528836,0.005195405308013713,0.12104932002074263,1
342,0.21520217929532143,-0.09601582963012935,0.0051668416177571,0.004795532579035975,0.7257505263158722,0.0051668416177571,0.1205157355843326,1
343,0.220929521649226,-0.08856072242391087,0.005163777648312611,0.004795532579035975,0.7245708382159288,0.005163777648312611,0.12010179594851582,1
344,0.220929521649226,-0.08856072242391087,0.005163777648312611,0.004795532579035975,0.7245708382159288,0.005163777648312611,0.12010179594851582,1
345,0.21531185849676135,-0.08167127300614767,0.07839427508979702,0.004795532579035975,0.7168930837673646,0.00512032018474595,0.12079954888951895,0
346,0.21154501345537716,-0.07830534311286566,0.00520118052012524,0.004795532579035975,0.7195310316921844,0.005153614245295678,0.12127781446035406,0
347,0.21154501345537716,-0.07830534311286566,0.00520118052012524,0.004795532579035975,0.7195310316921844,0.005153614245295678,0.12127781446035406,0
348,0.21154501345537716,-0.07830534311286566,0.00520118052012524,0.004795532579035975,0.7195310316921844,0.005153614245295678,0.12127781446035406,0
349,0.21291142123700238,-0.08162742195713696,0.024383498548458556,0.004795532579035975,0.7182147840916433,0.005195267420813273,0.12366851739648708,0
350,0.21043951395180743,-0.07723688275910187,0.016930513195157763,0.004795532579035975,0.7185153960334699,0.0051668555530295975,0.12307381420581726,0
351,0.21328448187025317,-0.08169621910036119,0.0051660899024151856,0.004795532579035975,0.722216690072437,0.0051660899024151856,0.12402345849460444,1
352,0.21705535257586653,-0.08437127356256563,0.005108406110783344,0.004795532579035975,0.7347562936042735,0.005108406110783344,0.12546449292400944,1
353,0.21654011792966055,-0.08806164780682005,0.005027459850677726,0.004795532579035975,0.728506656871565,0.005027459850677726,0.1257154774288274,1
354,0.22209681300663212,-0.08965225057712875,0.005030425367440214,0.004795532579035975,0.7346360058369021,0.005030425367440214,0.12579145246426698,1
355,0.22321663319419544,-0.09133480818926347,0.00507588574185237,0.004795532579035975,0.7386143083652311,0.00507588574185237,0.125913126883439,1
356,0.2221668764526211,-0.09762697214884719,0.005087916075356954,0.004795532579035975,0.7325484983208902,0.005087916075356954,0.12690171694627303,1
357,0.2284290749178897,-0.09175530384279737,0.00508431387571711,0.004795532579035975,0.7277131887574225,0.00508431387571711,0.12375275838697945,1
358,0.2326284668200324,-0.08535807505380161,0.005094884853950249,0.004795532579035975,0.7388003427837628,0.005094884853950249,0.12282764019015467,1
359,0.2336139241992804,-0.08799531840499826,0.005080054335379087,0.004795532579035975,0.7349105651476626,0.005080054335379087,0.12290202978396521,1
360,0.23363309444568162,-0.0807489643516341,0.005089618069066005,0.004795532579035975,0.7304036370065652,0.005089618069066005,0.12240080932228158,1
361,0.22889672887211895,-0.07733802928219383,0.005920701966063176,0.004795532579035975,0.7280477706433325,0.005061924717821811,0.11970695098562845,0
362,0.22606443006639218,-0.07276468999999999,0.01156684951786397,0.004795532579035975,0.7391904275108189,0.0050137463280935,0.11919048760418567,0
363,0.22580208246600944,-0.07276468999999999,0.0065776389799291155,0.004795532579035975,0.7410378476834835,0.004991406236259868,0.11960172462495539,0
364,0.22066352549011892,-0.07326104005962422,0.013272695428970235,0.004795532579035975,0.7467574626896984,0.0050845635492966345,0.11909511703078941,0
365,0.22782580187779927,-0.07276468999999999,0.005398349803521832,0.004795532579035975,0.7384959948120468,0.005078697229774937,0.11982121169676209,0
366,0.22892364592275405,-0.07526730787288252,0.005084990921319214,0.004795532579035975,0.7418973370985102,0.005084990921319214,0.12119774517261661,1
367,0.22766837485981842,-0.07694040843392959,0.005058001314393926,0.004795532579035975,0.7412858481700038,0.005058001314393926,0.12032773909124828,1
368,0.23644224602489594,-0.0779135422361083,0.005137632023398224,0.004795532579035975,0.74338094346304,0.005137632023398224,0.12062042250172693,1
369,0.23852583959169524,-0.08330872170764625,0.00521577427987088,0.004795532579035975,0.7512373686650589,0.00521577427987088,0.12241329877642869,1
370,0.2323337589823631,-0.08909452960412996,0.00519602719465977,0.004795532579035975,0.7537733760147602,0.00519602719465977,0.12099818948765448,1
371,0.2405706277564799,-0.08593340680327131,0.005239477513471124,0.004795532579035975,0.7541650285608694,0.005239477513471124,0.12195662283216374,1
372,0.23721522832970668,-0.08191234135389447,0.014633779838534918,0.004795532579035975,0.7467974105690072,0.005173417937402619,0.11902735608257017,0
373,0.236419441866034,-0.07276468999999999,0.05003470135599403,0.004795532579035975,0.7431195533181149,0.005177158900996894,0.11788204007462376,0
374,0.2437403280621105,-0.07593452409144408,0.08022053692489298,0.004795532579035975,0.738276072601562,0.005241735065769408,0.11726177426315645,0
375,0.2375256860676803,-0.08173445030159242,0.03387649148795471,0.004795532579035975,0.7444333736130466,0.005176709565028522,0.1183058990017438,0
376,0.2343037514274236,-0.0795930945132791,0.12933920838895835,0.004795532579035975,0.7360054731435693,0.005185844943031442,0.11647645968597027,0
377,0.2375951236073186,-0.0748740644814755,0.07471688723907187,0.004795532579035975,0.7433516699145752,0.005248817888277654,0.11736432040356203,0
378,0.23799663901227622,-0.07276468999999999,0.019739909714159974,0.004795532579035975,0.7399242726116314,0.005144482480888712,0.11879188463989272,0
379,0.23903700715840656,-0.07793252816020876,0.014454202187690734,0.004795532579035975,0.7405188892517259,0.0050625065321733545,0.11903089238701177,0
380,0.23229379948899898,-0.07276468999999999,0.005679250164959775,0.004795532579035975,0.7404177763131354,0.004990436956321473,0.1197375474883644,0
381,0.2377472312097064,-0.0801611427671825,0.008042994172260351,0.004795532579035975,0.7400041542810825,0.005016594017010138,0.1194498727278847,0
382,0.23903744463616047,-0.08215811602721682,0.016613297370792424,0.004795532579035975,0.7431562558207011,0.005031912755823258,0.11892383158311678,0
383,0.22757508558090217,-0.0807794417669916,0.005255240984700967,0.004795532579035975,0.7352850310500243,0.005001194183625991,0.1198406115433681,0
384,0.23118602292420068,-0.08134576749439318,0.025669687985793888,0.004795532579035975,0.7201477439459878,0.005037483902631186,0.11856360854628124,0
385,0.23118602292420068,-0.08134576749439318,0.025669687985793888,0.004795532579035975,0.7201477439459878,0.005037483902631186,0.11856360854628124,0
386,0.2349230753945222,-0.07482292228606104,0.12558943167342126,0.004795532579035975,0.7170647702749019,0.005024762204677076,0.11762743236390333,0
387,0.23828333974668214,-0.07669198058610388,0.14093473271226556,0.004795532579035975,0.7186616417301933,0.005096349089423597,0.11643582798959287,0
388,0.24495655026033522,-0.07276468999999999,0.2123339238122019,0.004795532579035975,0.7162790777495044,0.005239130618286778,0.11688857673635447,0
389,0.2565063265971145,-0.07611000977400727,0.5056831739921716,0.004795532579035975,0.7129203003208492,0.005293665661718842,0.11767178973685846,0
390,0.2565063265971145,-0.07611000977400727,0.5056831739921716,0.004795532579035975,0.7129203003208492,0.005293665661718842,0.11767178973685846,0
391,0.2549492241418669,-0.07391119475513369,0.18419502397352824,0.004795532579035975,0.7162711117589448,0.00522322224951492,0.11738931364370107,0
392,0.2549492241418669,-0.07391119475513369,0.18419502397352824,0.004795532579035975,0.7162711117589448,0.00522322224951492,0.11738931364370107,0
393,0.24969197730818918,-0.07584706597614481,0.3774663051563763,0.004795532579035975,0.7141557598415147,0.005310949256601042,0.11724758566223883,0
394,0.24969197730818918,-0.07584706597614481,0.3774663051563763,0.004795532579035975,0.7141557598415147,0.005310949256601042,0.11724758566223883,0
395,0.24969197730818918,-0.07584706597614481,0.3774663051563763,0.004795532579035975,0.7141557598415147,0.005310949256601042,0.11724758566223883,0
396,0.25448154475862134,-0.07392456711364097,0.21273442302098355,0.004795532579035975,0.7155965366473963,0.005358569661789594,0.11782977731090137,0
397,0.2653768608258525,-0.07276468999999999,0.04228343518957382,0.004795532579035975,0.7228136023975184,0.00546141372545024,0.11808109350243104,0
398,0.2706072373528943,-0.07276468999999999,0.028619605680619834,0.004795532579035975,0.7255354173859286,0.00545650551638979,0.11847805715730747,0
399,0.2706072373528943,-0.07276468999999999,0.028619605680619834,0.004795532579035975,0.7255354173859286,0.00545650551638979,0.11847805715730747,0
400,0.27253188370190873,-0.07276468999999999,0.1988617518917951,0.004795532579035975,0.7331295713199552,0.005570056603189002,0.11560350485854236,0
401,0.26922825023683566,-0.08081964257910168,0.2629679419826849,0.004795532579035975,0.7238921234477657,0.005589273671822631,0.11492674987497302,0
402,0.26922825023683566,-0.08081964257910168,0.2629679419826849,0.004795532579035975,0.7238921234477657,0.005589273671822631,0.11492674987497302,0
403,0.2694395977733298,-0.08869382340442877,0.057014299304763,0.004795532579035975,0.7181851835469063,0.0055571396560995774,0.11822686425535954,0
404,0.2694395977733298,-0.08869382340442877,0.057014299304763,0.004795532579035975,0.7181851835469063,0.0055571396560995774,0.11822686425535954,0
405,0.2774615896378169,-0.08460321285885583,0.07486440182549041,0.004795532579035975,0.7171707902209776,0.005672467433952285,0.11899097408920493,0
406,0.2774615896378169,-0.08460321285885583,0.07486440182549041,0.004795532579035975,0.7171707902209776,0.005672467433952285,0.11899097408920493,0
407,0.2776166852135488,-0.08159215419552535,0.005641486803124677,0.004795532579035975,0.7212959910231901,0.005641486803124677,0.12081407336020063,1
408,0.2792688114769005,-0.0768680568851941,0.009876599758494958,0.004795532579035975,0.7212417389060269,0.005639421860445896,0.11934906391265739,0
409,0.28003767,-0.0831731563330892,0.085646073148126,0.004795532579035975,0.716772206581349,0.0056257603629904515,0.11992506229288602,0
410,0.27624936165225755,-0.08119599120678693,0.1065708445384442,0.004795532579035975,0.716422124883137,0.0055819419546694025,0.12081073265103545,0
411,0.27624936165225755,-0.08119599120678693,0.1065708445384442,0.004795532579035975,0.716422124883137,0.0055819419546694025,0.12081073265103545,0
412,0.27624936165225755,-0.08119599120678693,0.1065708445384442,0.004795532579035975,0.716422124883137,0.0055819419546694025,0.12081073265103545,0
413,0.274052696457825,-0.08024932931417403,0.008746725004442278,0.004795532579035975,0.7211144959130015,0.005535985068143613,0.11943336608499855,0
414,0.268015146695979,-0.08601752911782917,0.005623976784743138,0.004795532579035975,0.7201871481498153,0.005515195129574977,0.1198957015555398,0
415,0.2636609076595123,-0.07925649878466935,0.29609526437369554,0.004795532579035975,0.7142176996852333,0.005519275414743501,0.11970260763702259,0
416,0.2647410846348933,-0.08107905961348477,0.5588912009534475,0.004795532579035975,0.7122164017909933,0.005514750630019405,0.11909439383819677,0
417,0.263614626167756,-0.08397343505924978,0.006688412270065294,0.004795532579035975,0.7256103033172164,0.0055538416004754015,0.11966316611370144,0
418,0.25517135820511516,-0.08021892172359107,0.0055387247213765185,0.004795532579035975,0.7317278317493793,0.0055387247213765185,0.12036972679262625,1
419,0.25532325126556743,-0.07369441609212984,0.05654541715959573,0.004795532579035975,0.7291214331397506,0.0055783742955723605,0.11774241184304968,0
420,0.2501064591137321,-0.07280563910657055,0.06994169078251083,0.004795532579035975,0.733158375492942,0.005544105760055697,0.11746233207407952,0
421,0.24862284449545913,-0.07478616016267854,0.03566850823583036,0.004795532579035975,0.7308161646497032,0.0054879760716883726,0.11826274549463407,0
422,0.24459426114822025,-0.07276468999999999,0.09809753335362033,0.004795532579035975,0.7240352017800996,0.005422379967172623,0.11695574059274759,0
423,0.24998926866109344,-0.07869133280954564,0.14991435295274463,0.004795532579035975,0.7253012999081517,0.005422957368583399,0.11619879761675123,0
424,0.25333467875656335,-0.07315434149792546,0.13441151333565496,0.004795532579035975,0.7341758462178635,0.005503017813507779,0.11640961707443137,0
425,0.2514325969525778,-0.07276468999999999,0.10288332503731154,0.004795532579035975,0.7290725267128981,0.00546395721192301,0.11687879241598081,0
426,0.2562433974634413,-0.07365478330698197,0.09253455691463738,0.004795532579035975,0.7295324656132647,0.0054627133487360644,0.11704920614806961,0
427,0.2571087617130278,-0.08262355895683712,0.13458751349311962,0.004795532579035975,0.7186756322446067,0.005309013937571253,0.11652532099204199,0
428,0.2571087617130278,-0.08262355895683712,0.13458751349311962,0.004795532579035975,0.7186756322446067,0.005309013937571253,0.11652532099204199,0
429,0.262722926024361,-0.08671935830916931,0.2909657867281528,0.004795532579035975,0.7143953403232436,0.005385339890321017,0.1187877449389964,0
430,0.2617831362529597,-0.0928560561849025,0.04778290910951251,0.004795532579035975,0.7175408028713754,0.0053799809641558545,0.12009372578481683,0
431,0.27448879312138486,-0.09734537835869389,0.4780125965200131,0.004795532579035975,0.7130111345255066,0.005560464262496126,0.11804243391304917,0
432,0.27448879312138486,-0.09734537835869389,0.4780125965200131,0.004795532579035975,0.7130111345255066,0.005560464262496126,0.11804243391304917,0
433,0.27448879312138486,-0.09734537835869389,0.4780125965200131,0.004795532579035975,0.7130111345255066,0.005560464262496126,0.11804243391304917,0
434,0.27448879312138486,-0.09734537835869389,0.4780125965200131,0.004795532579035975,0.7130111345255066,0.005560464262496126,0.11804243391304917,0
435,0.27448879312138486,-0.09734537835869389,0.4780125965200131,0.004795532579035975,0.7130111345255066,0.005560464262496126,0.11804243391304917,0
436,0.27448879312138486,-0.09734537835869389,0.4780125965200131,0.004795532579035975,0.7130111345255066,0.005560464262496126,0.11804243391304917,0
437,0.27448879312138486,-0.09734537835869389,0.4780125965200131,0.004795532579035975,0.7130111345255066,0.005560464262496126,0.11804243391304917,0
438,0.27448879312138486,-0.09734537835869389,0.4780125965200131,0.004795532579035975,0.7130111345255066,0.005560464262496126,0.11804243391304917,0
439,0.2748976912660849,-0.10086000159746739,0.08691082825333929,0.004795532579035975,0.7187864108027163,0.005625093527762442,0.11726748356077754,0
440,0.2748976912660849,-0.10086000159746739,0.08691082825333929,0.004795532579035975,0.7187864108027163,0.005625093527762442,0.11726748356077754,0
441,0.2688749132769248,-0.10210525686906266,0.15759427093021874,0.004795532579035975,0.7193111678844399,0.005611745375480622,0.11611222061267683,0
442,0.2688749132769248,-0.10210525686906266,0.15759427093021874,0.004795532579035975,0.7193111678844399,0.005611745375480622,0.11611222061267683,0
443,0.27051113651389314,-0.10224630367266893,0.06101295497997753,0.004795532579035975,0.7188534570382653,0.005568825652667286,0.11776682142697557,0
444,0.2639124986011101,-0.09668264754269973,0.07773406691482346,0.004795532579035975,0.7210316030810907,0.0054585897568474795,0.11731159011387816,0
445,0.2635984453175307,-0.10184756320192956,0.08452687798223212,0.004795532579035975,0.7248665596247093,0.005492676844328512,0.11718869779038425,0
446,0.2613905235432723,-0.10420815403834333,0.1247933074026299,0.004795532579035975,0.7180117123626263,0.005420881556733819,0.1169316804329478,0
447,0.27077784955936846,-0.10739119495743193,0.005514525084352283,0.004795532579035975,0.7250051807313037,0.005514525084352283,0.1202191583618616,1
448,0.2670537707177351,-0.10683102666111649,0.005415655307075944,0.004795532579035975,0.7275827216995802,0.005415655307075944,0.12028582491818189,1
449,0.2691224449207649,-0.10357294120134615,0.054973016742325916,0.004795532579035975,0.7196588666559379,0.005512864950241772,0.1177760361560474,0
450,0.2644964014256188,-0.10382077738345753,0.0894464653224377,0.004795532579035975,0.7273094389380986,0.005515607997191951,0.11710291772078793,0
451,0.26083838030033796,-0.09352229555257631,0.05703983632467301,0.004795532579035975,0.7290375567223931,0.005399183517063387,0.11772754201782278,0
452,0.24684321066703283,-0.08637018124539445,0.10709680695031339,0.004795532579035975,0.7355140813271898,0.005226101748188401,0.11680828094591449,0
453,0.24631695688737407,-0.08513829204871984,0.15853019547086805,0.004795532579035975,0.7305057360658161,0.005231448758364963,0.11608466161471957,0
454,0.2497449376593389,-0.08830539649422958,0.2176625418805586,0.004795532579035975,0.742876513981326,0.005393136285772459,0.11539272959774677,0
455,0.24900913802253427,-0.09678482338734715,0.13191147238274242,0.004795532579035975,0.7337061715141256,0.0053305948355910305,0.11644217935321141,0
456,0.24317358119757052,-0.09946958053717965,0.0637144936439649,0.004795532579035975,0.7390215784139065,0.005223885858632828,0.11758151684344645,0
457,0.24025489032968758,-0.0976228250408714,0.2310332979021928,0.004795532579035975,0.737803553845285,0.005265799965296831,0.11524850025847737,0
458,0.24448717319175164,-0.09487647426974094,0.110647525735872,0.004795532579035975,0.7360583519353578,0.00528855355574572,0.11675409531593846,0
459,0.24448717319175164,-0.09487647426974094,0.110647525735872,0.004795532579035975,0.7360583519353578,0.00528855355574572,0.11675409531593846,0
460,0.25087607269824347,-0.09430618764708941,0.06500142599011223,0.004795532579035975,0.7444442611581081,0.005440708244352045,0.11755949354137793,0
461,0.23966475324762626,-0.08953145904951759,0.06711213831470626,0.004795532579035975,0.7320141120947442,0.0053211347184981776,0.11751422037187106,0
462,0.24019436058010452,-0.08020258056782316,0.08887489375000027,0.004795532579035975,0.7253819005987111,0.0052838580751703385,0.11710878856403012,0
463,0.2294029664689486,-0.07276468999999999,0.2531777916886398,0.004795532579035975,0.7165027450738947,0.005086734044425192,0.11609921575998651,0
464,0.2308724290113506,-0.07276468999999999,0.12101534299196742,0.004795532579035975,0.7273017003002366,0.005176247981238385,0.11659648571310874,0
465,0.2308724290113506,-0.07276468999999999,0.12101534299196742,0.004795532579035975,0.7273017003002366,0.005176247981238385,0.11659648571310874,0
466,0.2301728213552786,-0.07276468999999999,0.01701859478345629,0.004795532579035975,0.7298400618816604,0.005173159111553677,0.11891163261387054,0
467,0.23349559261398606,-0.07996023458790125,0.014132865926866696,0.004795532579035975,0.728987840565742,0.005302645570610584,0.11906030747814744,0
468,0.22426370550607067,-0.08441102647892695,0.005308819278889619,0.004795532579035975,0.7218920357346994,0.005308819278889619,0.12070754399409933,1
469,0.21814479363812714,-0.088115276638217,0.021494690114778656,0.004795532579035975,0.7183269139633076,0.005287209546566883,0.12101291809820257,0
470,0.21814479363812714,-0.088115276638217,0.021494690114778656,0.004795532579035975,0.7183269139633076,0.005287209546566883,0.12101291809820257,0
471,0.21814479363812714,-0.088115276638217,0.021494690114778656,0.004795532579035975,0.7183269139633076,0.005287209546566883,0.12101291809820257,0
472,0.2173940747694859,-0.07985881961555587,0.19986068762441112,0.004795532579035975,0.715189881483765,0.005369234352026488,0.12067198792802603,0
473,0.20923171628497692,-0.07735986178094334,0.038686361455780895,0.004795532579035975,0.7179778533825163,0.005278928524948436,0.11915775084181142,0
474,0.2141502718014347,-0.07367339399614976,0.027927699708792525,0.004795532579035975,0.722960921651071,0.005402365309497569,0.11849915575760524,0
475,0.2100032327405471,-0.07540166161041371,0.005420440400451788,0.004795532579035975,0.7375073590599783,0.005420440400451788,0.121139646389442,1
476,0.21480205675273917,-0.07473808079509041,0.005450663812839333,0.004795532579035975,0.7308055645457223,0.005450663812839333,0.12051863765014278,1
477,0.212600544255771,-0.07276468999999999,0.005421218743199753,0.004795532579035975,0.7344808383465896,0.005421218743199753,0.12071298456710244,1
478,0.2174205683414571,-0.07276468999999999,0.005415696994012276,0.004795532579035975,0.7379900396958479,0.005415696994012276,0.12014909222724401,1
479,0.2272579382084366,-0.07276468999999999,0.005357090283627364,0.004795532579035975,0.7402343752963684,0.005357090283627364,0.12163074980382606,1
480,0.2315237677264929,-0.07826825190967145,0.005355021658237194,0.004795532579035975,0.7371126636298864,0.005355021658237194,0.1238517489057782,1
481,0.22993724207528674,-0.0772821764427617,0.005327497636472767,0.004795532579035975,0.7412515318992866,0.005327497636472767,0.1222057087388881,1
482,0.22920938135577648,-0.07885191525920764,0.005254358152052936,0.004795532579035975,0.7399232751681671,0.005254358152052936,0.12315728652516995,1
483,0.2211378019380236,-0.07459095044520869,0.005222543620717089,0.004795532579035975,0.7399023357946006,0.005222543620717089,0.12242871475768831,1
484,0.2320157507258421,-0.0812353219958262,0.005204544540561424,0.004795532579035975,0.7460277139085455,0.005204544540561424,0.12267365419847831,1
485,0.23370135698775274,-0.08099164085679968,0.005302144028642089,0.004795532579035975,0.7611064296659502,0.005302144028642089,0.12333655242825427,1
486,0.2281425484321029,-0.08511371880037685,0.005311989930995421,0.004795532579035975,0.764725770144246,0.005311989930995421,0.12159187489764058,1
487,0.23579282654952166,-0.08664705029778202,0.005338365551153967,0.004795532579035975,0.768962772582233,0.005338365551153967,0.12396242730268339,1
488,0.23776115989435095,-0.0831582692824327,0.005331316782916994,0.004795532579035975,0.7746219772063577,0.005331316782916994,0.12419515822554507,1
489,0.2402804458655182,-0.08745036890932574,0.005340824166341439,0.004795532579035975,0.7681347116956285,0.005340824166341439,0.12314938540289813,1
490,0.24434285719174323,-0.09121378278732045,0.005342047258623811,0.004795532579035975,0.7727544163877803,0.005342047258623811,0.12239498541372582,1
491,0.24027577460961014,-0.09700101456367836,0.0052708455715957244,0.004795532579035975,0.7667699953131882,0.0052708455715957244,0.12376416777529553,1
492,0.22970855083492173,-0.09062570632838465,0.0050874624915612805,0.004795532579035975,0.7645577272430746,0.0050874624915612805,0.12397876768865436,1
493,0.2312699274583858,-0.09890485496273421,0.00507973650239256,0.004795532579035975,0.748395475464391,0.00507973650239256,0.12494630984506443,1
494,0.2294736777766318,-0.08784739034358616,0.005122278272618422,0.004795532579035975,0.7511632923314211,0.005122278272618422,0.12585185228216642,1
495,0.22917185608708282,-0.08249737064731283,0.005106453634198868,0.004795532579035975,0.750102174509338,0.005106453634198868,0.12665952147866807,1
496,0.22210354995105694,-0.07276468999999999,0.005097817666132381,0.004795532579035975,0.7467247158682166,0.005097817666132381,0.12417555465435386,1
497,0.22179097658916616,-0.07717904936777245,0.005060879658795715,0.004795532579035975,0.7432325618776784,0.005060879658795715,0.12598275074216342,1
498,0.2277155164793988,-0.08422357886634749,0.00501271804102271,0.004795532579035975,0.7469737449062801,0.00501271804102271,0.1266092117597683,1
499,0.22680639642735573,-0.08795797535740557,0.004977733536479185,0.004795532579035975,0.7459306264162794,0.004977733536479185,0.12538463666281102,1
500,0.22381815701355054,-0.09077228823425869,0.004848250026890146,0.004795532579035975,0.7411654860623269,0.004848250026890146,0.12464344816425461,1
501,0.23068359183524553,-0.09155200553286957,0.004944708723635766,0.004795532579035975,0.746318206245477,0.004944708723635766,0.12370205485794913,1
502,0.2293067697496005,-0.0919362026721758,0.005033845932391936,0.004795532579035975,0.7493235418771501,0.005033845932391936,0.12418228483881234,1
503,0.22986724258747984,-0.09707478430429584,0.004948432132120911,0.004795532579035975,0.7531945786673148,0.004948432132120911,0.12420420729613689,1
504,0.23236469838236198,-0.0987878358935234,0.004979022161825741,0.004795532579035975,0.7469218607335215,0.004979022161825741,0.1249701506605118,1
505,0.2329874462826988,-0.08854336920047517,0.004938455405201543,0.004795532579035975,0.7480853299931296,0.004938455405201543,0.12601449802687495,1
506,0.2289479877718876,-0.09558837096316211,0.004934756151646651,0.004795532579035975,0.7481279349804126,0.004934756151646651,0.12757247816272207,1
507,0.22629235768334394,-0.09697119820223282,0.005008808867755409,0.004795532579035975,0.7531518227026557,0.005008808867755409,0.12796463186923968,1
508,0.22558267960565218,-0.10274843251049573,0.005014164721411583,0.004795532579035975,0.7527173784645244,0.005014164721411583,0.12732970577441108,1
509,0.22551681534129206,-0.09497485029268676,0.00500048179346567,0.004795532579035975,0.7465305615339961,0.00500048179346567,0.1252959777880614,1
510,0.21658441640399306,-0.09342146323057092,0.005059320316872684,0.004795532579035975,0.7393192581770703,0.005059320316872684,0.12425349320972123,1
511,0.2210627445401163,-0.09125056693970844,0.004978819581794181,0.004795532579035975,0.7445163792606599,0.004978819581794181,0.12474670690134534,1
512,0.21146996276278202,-0.09067342587929786,0.004968971094764189,0.004795532579035975,0.7328475949465263,0.004968971094764189,0.12364364293756096,1
513,0.20966351797508126,-0.09283584825197522,0.0049428109939241025,0.004795532579035975,0.7352146361654441,0.0049428109939241025,0.12443502449974352,1
514,0.21146445167321723,-0.0984527906947238,0.005026424680278731,0.004795532579035975,0.7365651006385112,0.005026424680278731,0.12384868588597854,1
515,0.2044647858153475,-0.10087621061905998,0.005021402990047638,0.004795532579035975,0.7252442348182917,0.005021402990047638,0.12187144390613734,1
516,0.20415046923835753,-0.10304832837668287,0.005115595386692054,0.004795532579035975,0.7231840413542466,0.005115595386692054,0.12322479775568063,1
517,0.20415046923835753,-0.10304832837668287,0.005115595386692054,0.004795532579035975,0.7231840413542466,0.005115595386692054,0.12322479775568063,1
518,0.20415046923835753,-0.10304832837668287,0.005115595386692054,0.004795532579035975,0.7231840413542466,0.005115595386692054,0.12322479775568063,1
519,0.2029449691786321,-0.09957481580233679,0.004994478543759032,0.004795532579035975,0.7243583393258556,0.004994478543759032,0.12173218564135299,1
520,0.20347855893627084,-0.09464832389810196,0.004880777538905239,0.004795532579035975,0.7246045741278222,0.004880777538905239,0.1208267711140188,1
521,0.2056451406334206,-0.1006910318346079,0.015004560479587602,0.004795532579035975,0.7300007569136754,0.004957412061087606,0.11899764535126034,0
522,0.20855976415327668,-0.09626713567976805,0.004979458982057284,0.004795532579035975,0.732083952435567,0.004979458982057284,0.12191865793967555,1
523,0.20634117325725987,-0.09736617765826935,0.005044099670296295,0.004795532579035975,0.7347965438440918,0.005044099670296295,0.121664825826075,1
524,0.20378909911538493,-0.09695891533109323,0.00496206521517552,0.004795532579035975,0.7228150433816826,0.00496206521517552,0.12152664559513456,1
525,0.20370895691446098,-0.09749312194362683,0.005021423269461141,0.004795532579035975,0.7282764993053182,0.005021423269461141,0.12086229106359209,1
526,0.20714786994979065,-0.10389031024348336,0.01368278117080185,0.004795532579035975,0.7272587113784218,0.005177562183684664,0.11907776255838763,0
527,0.2177343247994401,-0.10263684799741568,0.005167927546651767,0.004795532579035975,0.7195912741058236,0.005167166134359982,0.12111545766745199,0
528,0.22560956390308792,-0.10370283640147708,0.005213814635476353,0.004795532579035975,0.7235981455174936,0.005213814635476353,0.12276035065407417,1
529,0.22759279676391087,-0.10591396652262816,0.43738741783992935,0.004795532579035975,0.7130262527505835,0.00524588884781855,0.12112226253630859,0
530,0.2237041568581751,-0.10212261856053076,0.005279290008026958,0.004795532579035975,0.7211222980132523,0.005279290008026958,0.12019398698103817,1
531,0.2237041568581751,-0.10212261856053076,0.005279290008026958,0.004795532579035975,0.7211222980132523,0.005279290008026958,0.12019398698103817,1
532,0.2237041568581751,-0.10212261856053076,0.005279290008026958,0.004795532579035975,0.7211222980132523,0.005279290008026958,0.12019398698103817,1
533,0.21887131558605197,-0.10085178666023994,0.005268282113160635,0.004795532579035975,0.7301579119167875,0.005268282113160635,0.1217651427364625,1
534,0.21260101752615104,-0.09658239963982868,0.00522517868589205,0.004795532579035975,0.7235012497845076,0.00522517868589205,0.12466471119489052,1
535,0.2145066223689686,-0.09195828217022475,0.005140951513140037,0.004795532579035975,0.7228522963545753,0.005140951513140037,0.12469982808174232,1
536,0.2129492066794223,-0.09450685441709851,0.03442579917556588,0.004795532579035975,0.7178883236399722,0.005127439560786354,0.12700042116541876,0
537,0.21677563433821712,-0.10003007293132873,0.005219656446423694,0.004795532579035975,0.7280139802686398,0.005219656446423694,0.12630230208703944,1
538,0.2110471085172105,-0.09664784645244263,0.005146277557210698,0.004795532579035975,0.7292199048025502,0.005146277557210698,0.12494282834716658,1
539,0.21208437326754218,-0.09554473289505475,0.005174593278952164,0.004795532579035975,0.7384600161666198,0.005174593278952164,0.1232882504851611,1
540,0.20961862684727856,-0.08723816015540975,0.005089818448879544,0.004795532579035975,0.7415285546590854,0.005089818448879544,0.12268701889392317,1
541,0.21362845237104808,-0.09498402218727747,0.005118263189578661,0.004795532579035975,0.7374927956392366,0.005118263189578661,0.1269425254616701,1
542,0.21317448798149458,-0.08969535961744078,0.005097891916909658,0.004795532579035975,0.7394987693287847,0.005097891916909658,0.12631286095160066,1
543,0.2131630973918827,-0.08826147123874725,0.005215637515000414,0.004795532579035975,0.7521083312044938,0.005215637515000414,0.12811153162287864,1
544,0.20220819745985036,-0.08419040292828006,0.0051597363590768506,0.004795532579035975,0.7504732250881092,0.0051597363590768506,0.1253074090875022,1
545,0.2055893828193743,-0.08462781134832015,0.005164232734901259,0.004795532579035975,0.7501506513520764,0.005164232734901259,0.12547451555263525,1
546,0.21136013472255755,-0.09487290701288008,0.005348418886133794,0.004795532579035975,0.7366239516146061,0.005348418886133794,0.12709950778188356,1
547,0.2135419477896367,-0.10457771504110852,0.005466547378942798,0.004795532579035975,0.7328067731308471,0.005466547378942798,0.12754784730427857,1
548,0.210806625363842,-0.10312859794398802,0.005347959081313719,0.004795532579035975,0.7268760367616192,0.005347959081313719,0.12562309479316225,1
549,0.20230151344370284,-0.1092950542627399,0.0053848402319087215,0.004795532579035975,0.7219599086616428,0.0053848402319087215,0.12539730427831675,1
550,0.21479935652500748,-0.10918469842050597,0.08159239587378302,0.004795532579035975,0.7168385983212244,0.005339003558336669,0.12381203696111702,0
551,0.21948815338368122,-0.11898564203525193,0.005487863982241208,0.004795532579035975,0.7220113790386908,0.005487863982241208,0.12539166679182095,1
552,0.2161929684932851,-0.12324077551682269,0.3779650933930994,0.004795532579035975,0.7134966598934489,0.005457488830745806,0.12674051932402233,0
553,0.2161929684932851,-0.12324077551682269,0.3779650933930994,0.004795532579035975,0.7134966598934489,0.005457488830745806,0.12674051932402233,0
554,0.2161929684932851,-0.12324077551682269,0.3779650933930994,0.004795532579035975,0.7134966598934489,0.005457488830745806,0.12674051932402233,0
555,0.21194647773472552,-0.11796094144913488,0.07107624205890717,0.004795532579035975,0.7170380912489261,0.005442477570618336,0.1254050166111364,0
556,0.21194647773472552,-0.11796094144913488,0.07107624205890717,0.004795532579035975,0.7170380912489261,0.005442477570618336,0.1254050166111364,0
557,0.210528736336918,-0.1115781965059329,0.057074533103707546,0.004795532579035975,0.7173291767545855,0.0055081509845591485,0.12566193854823818,0
558,0.210528736336918,-0.1115781965059329,0.057074533103707546,0.004795532579035975,0.7173291767545855,0.0055081509845591485,0.12566193854823818,0
559,0.22370324813517883,-0.11061451649434524,0.005491104978591784,0.004795532579035975,0.726480200701013,0.005491104978591784,0.12728775248174717,1
560,0.21843704920733809,-0.10902878852973628,0.0053973777087825536,0.004795532579035975,0.7359197974322517,0.0053973777087825536,0.12691118427147322,1
561,0.2170692157898402,-0.10913962262652031,0.005451391213338557,0.004795532579035975,0.7378497830156263,0.005451391213338557,0.1249912141287563,1
562,0.21566832504646102,-0.112850825259372,0.005474636982581219,0.004795532579035975,0.7331664838305041,0.005474636982581219,0.12452588271359899,1
563,0.22361142544838966,-0.10853910886847103,0.005457108709020024,0.004795532579035975,0.742218390650284,0.005457108709020024,0.12635586405501256,1
564,0.22998630151078883,-0.1029204462461842,0.005363657144680637,0.004795532579035975,0.7425096082587741,0.005363657144680637,0.12703011773835277,1
565,0.22324761790132613,-0.1106832610379754,0.005369115843531006,0.004795532579035975,0.738927848904195,0.005369115843531006,0.1289089445644218,1
566,0.21519673606500994,-0.10906080206450255,0.005318890110795613,0.004795532579035975,0.7338560717309224,0.005318890110795613,0.12721418323401382,1
567,0.21534490760415423,-0.11673402133198583,0.005358200713940629,0.004795532579035975,0.7379478922362537,0.005358200713940629,0.12841753106989726,1
568,0.20856683641904233,-0.11397392557748008,0.005397086621195104,0.004795532579035975,0.7477995241084094,0.005397086621195104,0.12898800877897332,1
569,0.19930567871306898,-0.10410735989619392,0.005256609626525573,0.004795532579035975,0.7462884498086845,0.005256609626525573,0.1285937158457358,1
570,0.19109483202812486,-0.10432435005299222,0.005213815574693594,0.004795532579035975,0.7356324730411911,0.005213815574693594,0.1275683070956351,1
571,0.18185751277451778,-0.10712986239720683,0.005240116590280456,0.004795532579035975,0.7349083725296242,0.005240116590280456,0.12573027112737117,1
572,0.17949698391204105,-0.10617422643674736,0.005204422473708817,0.004795532579035975,0.737420405786217,0.005204422473708817,0.12497615544108627,1
573,0.17756836474493554,-0.12208604723531678,0.005389155786500541,0.004795532579035975,0.7351211240234122,0.005389155786500541,0.12574777498944406,1
574,0.1662362933157937,-0.12506970787515648,0.005338895043656315,0.004795532579035975,0.7374520943448651,0.005338895043656315,0.12825136066762943,1
575,0.1648157562516471,-0.12445694134476269,0.005297806582820617,0.004795532579035975,0.7333642437356258,0.005297806582820617,0.12600996694518135,1
576,0.16166199890341956,-0.1272597185444618,0.005384238900163209,0.004795532579035975,0.7437158163298951,0.005384238900163209,0.1255925113956458,1
577,0.16026322859211298,-0.12356734038561215,0.00529578400675358,0.004795532579035975,0.7427437744818999,0.00529578400675358,0.12352262790890642,1
578,0.1609531078627395,-0.12217806175405224,0.005266168163640921,0.004795532579035975,0.7453911782103081,0.005266168163640921,0.12300182626120548,1
579,0.15653767,-0.12768385139019206,0.005285753225826958,0.004795532579035975,0.7523329920104811,0.005285753225826958,0.12402344936129225,1
580,0.15653767,-0.12144973383717002,0.005220074025826622,0.004795532579035975,0.7618212427707054,0.005220074025826622,0.12437107242714852,1
581,0.15653767,-0.12451615854538664,0.005262953040317961,0.004795532579035975,0.7565552587882272,0.005262953040317961,0.1230265801682351,1
582,0.15819888277288294,-0.12492661982443796,0.0052683256643854355,0.004795532579035975,0.7740398653663223,0.0052683256643854355,0.12275126567867797,1
583,0.16231705151309317,-0.1206143314586152,0.0052676820469969455,0.004795532579035975,0.7739860386563422,0.0052676820469969455,0.12085513793684285,1
584,0.16104110551631648,-0.12101458921210488,0.005278183843734842,0.004795532579035975,0.7768717716202793,0.005278183843734842,0.12224414236580866,1
585,0.16635269992975515,-0.12410661433946682,0.005301440121316815,0.004795532579035975,0.7657705830387641,0.005301440121316815,0.12445624003655775,1
586,0.1606848328391278,-0.11432893949628958,0.005192137644941766,0.004795532579035975,0.7635983190302674,0.005192137644941766,0.12231800591817844,1
587,0.15710212907653714,-0.10708829632227153,0.005099771708602578,0.004795532579035975,0.7589424969880544,0.005099771708602578,0.12224293617980844,1
588,0.15653767,-0.1088859316424456,0.005107414518473699,0.004795532579035975,0.7701784323557085,0.005107414518473699,0.12149140617936628,1
589,0.1577321722334854,-0.11184815321686235,0.005166943824217235,0.004795532579035975,0.7648060349631847,0.005166943824217235,0.12088414612526958,1
590,0.16427511640514028,-0.11617753830962767,0.005209446100446076,0.004795532579035975,0.7603602059256916,0.005209446100446076,0.12008814860885857,1
591,0.16052233169744268,-0.10764139696284175,0.005114756747349401,0.004795532579035975,0.7640993066756666,0.005114756747349401,0.12166711332250865,1
592,0.1585787484898464,-0.10481351715043555,0.005025971249595831,0.004795532579035975,0.767479855878238,0.005025971249595831,0.12026919971221338,1
593,0.15734881863275987,-0.09847651000437098,0.004980715321648284,0.004795532579035975,0.7618475300329938,0.004980715321648284,0.12095426484070887,1
594,0.16420882136206613,-0.09901923877249454,0.005004814097055757,0.004795532579035975,0.7709582585697492,0.005004814097055757,0.122123145635288,1
595,0.167527229224094,-0.09589203734481694,0.004915506504732081,0.004795532579035975,0.7491588067566913,0.004915506504732081,0.12080343116796283,1
596,0.17006458629138785,-0.10283412986785609,0.00501542740111316,0.004795532579035975,0.7440451253454797,0.004922385784887645,0.11990354191779559,0
597,0.16624822825888722,-0.10238375922332388,0.011822199869084761,0.004795532579035975,0.7522248254782347,0.004982741946325139,0.11917298984753755,0
598,0.16822829468773953,-0.09720912446383649,0.00497605860368878,0.004795532579035975,0.7453482362394255,0.00497605860368878,0.12021920856212966,1
599,0.16822829468773953,-0.09720912446383649,0.00497605860368878,0.004795532579035975,0.7453482362394255,0.00497605860368878,0.12021920856212966,1
600,0.16212009195197333,-0.08773120917448803,0.004948388104221449,0.004795532579035975,0.7435293877336192,0.004948388104221449,0.12086722059977863,1
601,0.1604512853866678,-0.08903712699051315,0.004923313878122755,0.004795532579035975,0.7419341556996318,0.004923313878122755,0.12237265057283192,1
602,0.15790166917582293,-0.08531524467181295,0.005040913983904363,0.004795532579035975,0.7349365124642245,0.005040913983904363,0.12278261449963156,1
603,0.15869128162701998,-0.08597782404429602,0.005001187707295159,0.004795532579035975,0.7315699461645657,0.005001187707295159,0.12196685207324155,1
604,0.16170944548759839,-0.08689670205409898,0.005056628468504266,0.004795532579035975,0.7366367726005972,0.005056628468504266,0.12132975408889596,1
605,0.16214403481041648,-0.09053285650223344,0.00505535920798639,0.004795532579035975,0.7346215533029855,0.00505535920798639,0.12027197078736336,1
606,0.16737139507390753,-0.08884285266636038,0.005152554302825673,0.004795532579035975,0.7404918362520494,0.005152554302825673,0.12056829473783284,1
607,0.16559547111727915,-0.09242387858357486,0.00522313634929046,0.004795532579035975,0.7385913199651094,0.00522313634929046,0.12250555390463717,1
608,0.1714075453909907,-0.09605384441739376,0.005237113361222178,0.004795532579035975,0.7291421086867929,0.005237113361222178,0.12331458605653392,1
609,0.16838985856664745,-0.10323560925808034,0.005233314562993743,0.004795532579035975,0.7328169807244652,0.005233314562993743,0.12300416382746189,1
610,0.17047117835015568,-0.10409696801212599,0.005264924149272619,0.004795532579035975,0.7278203274555851,0.005264924149272619,0.12418270653469249,1
611,0.17047117835015568,-0.10409696801212599,0.005264924149272619,0.004795532579035975,0.7278203274555851,0.005264924149272619,0.12418270653469249,1
612,0.16888669119030097,-0.10727553724325556,0.005253775541971539,0.004795532579035975,0.7275252234219644,0.005253775541971539,0.12560079736767535,1
613,0.17208428681668836,-0.11152644306369063,0.005278405679652701,0.004795532579035975,0.733175979997067,0.005278405679652701,0.1265030393986736,1
614,0.16666208856424627,-0.11371283416999496,0.005199775413573105,0.004795532579035975,0.730922913787404,0.005199775413573105,0.1260019922759862,1
615,0.1617357808242987,-0.10835993364063158,0.005155628573717827,0.004795532579035975,0.728012626956422,0.005155628573717827,0.1251855711406775,1
616,0.1685148011283422,-0.1134466330644189,0.005204501962503056,0.004795532579035975,0.7251284628882851,0.005204501962503056,0.12604130303695033,1
617,0.16643205471690525,-0.11725603980255303,0.005261073088353276,0.004795532579035975,0.7245660646927296,0.005261073088353276,0.1255286377199146,1
618,0.16396268491067564,-0.10988060446660361,0.005307227038923039,0.004795532579035975,0.7246655795941154,0.005307227038923039,0.12447963563810995,1
619,0.15837354119660857,-0.10998058868981399,0.00531279902590903,0.004795532579035975,0.7226799715289841,0.00531279902590903,0.12649613882409114,1
620,0.1600171746847594,-0.11350807037264594,0.005260921979794571,0.004795532579035975,0.7287415596534282,0.005260921979794571,0.125699679719722,1
621,0.16083346053208014,-0.11166718833143448,0.005229921834684633,0.004795532579035975,0.7266164504765941,0.005229921834684633,0.12519279475628767,1
622,0.16141493517927727,-0.10816269808733665,0.005164176368005138,0.004795532579035975,0.730780320914305,0.005164176368005138,0.12607616312478948,1
623,0.16842497109943155,-0.10416116352911643,0.005170127238745496,0.004795532579035975,0.7451256685621427,0.005170127238745496,0.12773609951834997,1
624,0.17484820088403663,-0.10476147073942561,0.005087449635180245,0.004795532579035975,0.7545545952246814,0.005087449635180245,0.12613964383102255,1
625,0.1789035599068386,-0.09929690775909364,0.005058821147460989,0.004795532579035975,0.7596075010023119,0.005058821147460989,0.12554386975776607,1
626,0.1842042836211685,-0.09833971074058823,0.005089344656824188,0.004795532579035975,0.7635558479932545,0.005089344656824188,0.124853407719761,1
627,0.1775822697328183,-0.10227180438740968,0.005077228475972451,0.004795532579035975,0.7608886649190568,0.005077228475972451,0.12408277879266533,1
628,0.18568019692552254,-0.1016909165557669,0.005018977256182454,0.004795532579035975,0.7584481203095796,0.005018977256182454,0.1241109792475689,1
629,0.1886392388534428,-0.10198155085517661,0.0050512143369889325,0.004795532579035975,0.7649177587406953,0.0050512143369889325,0.12505383800970665,1
630,0.18369975610973718,-0.09878809097457784,0.005081195700379552,0.004795532579035975,0.7643351167596245,0.005081195700379552,0.12373708238629573,1
631,0.1804855124003364,-0.10373120007464505,0.00503317559781782,0.004795532579035975,0.7592809778600108,0.00503317559781782,0.12658142350939583,1
632,0.19063322997614138,-0.09948189784097297,0.005084522392740727,0.004795532579035975,0.7669009188761745,0.005084522392740727,0.125708253412446,1
633,0.1882100431326354,-0.09992112604003607,0.005113161287751152,0.004795532579035975,0.7733905500890531,0.005113161287751152,0.12973010263427484,1
634,0.19109759194871231,-0.10948215004102227,0.005060374054444581,0.004795532579035975,0.7664125971545673,0.005060374054444581,0.13021113085608724,1
635,0.18374755513346863,-0.10905931220353632,0.00505353748500478,0.004795532579035975,0.7684269962640086,0.00505353748500478,0.12847769086501573,1
636,0.18269983216406172,-0.11246352448428196,0.005090839932338733,0.004795532579035975,0.7727645699733112,0.005090839932338733,0.12734700395271123,1
637,0.18529485102882234,-0.11905572764517736,0.005142438591304968,0.004795532579035975,0.7651688137767347,0.005142438591304968,0.12549270062116397,1
638,0.19268241476032255,-0.11702259299250581,0.005208557565277795,0.004795532579035975,0.7657900876787112,0.005208557565277795,0.12404254241974623,1
639,0.19519701482941834,-0.11672662160127498,0.005312988374264629,0.004795532579035975,0.7672853107288166,0.005312988374264629,0.12274329373590818,1
640,0.19208255006574207,-0.11163718811306532,0.005301935280162362,0.004795532579035975,0.7744135482032679,0.005301935280162362,0.12314349044877733,1
641,0.18884798737415975,-0.1112147522646457,0.005260884844537598,0.004795532579035975,0.7768185591887656,0.005260884844537598,0.12448103494715794,1
642,0.1900245536264895,-0.10524115286735944,0.005243816605837012,0.004795532579035975,0.7851835712233654,0.005243816605837012,0.12252423423743218,1
643,0.1916399065220438,-0.10609268515718052,0.005232272399836871,0.004795532579035975,0.79450866091292,0.005232272399836871,0.12224488000286132,1
644,0.19009449434516928,-0.10795697455344384,0.005240483735596285,0.004795532579035975,0.799054017622316,0.005240483735596285,0.1224984295426646,1
645,0.1938253947601827,-0.10175348964761716,0.005175888417791238,0.004795532579035975,0.7846423605084751,0.005175888417791238,0.12400817287950834,1
646,0.20333798782984472,-0.0944202617290582,0.005112959206432826,0.004795532579035975,0.7852515674177372,0.005112959206432826,0.1242935328798167,1
647,0.2050302926776101,-0.09797057572715367,0.005077533191327801,0.004795532579035975,0.778833985162444,0.005077533191327801,0.12388401154899804,1
648,0.20054290489833493,-0.10181909460442873,0.005132322021336051,0.004795532579035975,0.7839508804919695,0.005132322021336051,0.12336910974386969,1
649,0.19618862239451357,-0.09713838577606543,0.004995799942104701,0.004795532579035975,0.7819660094145306,0.004995799942104701,0.12413978879481505,1
650,0.19578009553412268,-0.09975123268884242,0.00500087137779857,0.004795532579035975,0.7817531308064252,0.00500087137779857,0.1260347507004145,1
651,0.19904257495767275,-0.09852197751981061,0.0050491334365137044,0.004795532579035975,0.7850277970750558,0.0050491334365137044,0.12541515534554826,1
652,0.1966685373564525,-0.09305451139780642,0.004885959999107232,0.004795532579035975,0.7651062848152979,0.004885959999107232,0.12349673591058151,1
653,0.19227757044815627,-0.08742167366761067,0.004843684669342936,0.004795532579035975,0.7651043253069845,0.004843684669342936,0.12282977425774454,1
654,0.19661990037166788,-0.0860325850991339,0.0047717664980135265,0.0047717664980135265,0.766149916554408,0.0047717664980135265,0.12223780948209441,1
655,0.18863107123484288,-0.08067515247949673,0.00474454282884733,0.00474454282884733,0.7606053471793499,0.00474454282884733,0.12013549965986321,1
656,0.19093929717784586,-0.07977558714516637,0.005291776170240735,0.00474454282884733,0.758726863176096,0.00475314718712606,0.11976791618257304,0
657,0.1911304865139482,-0.08104100985468032,0.00477633819730375,0.00474454282884733,0.7663991116637863,0.00477633819730375,0.12153084812654072,1
658,0.19686685241243287,-0.08100470295188446,0.004761792120902751,0.00474454282884733,0.7648667225255623,0.004761792120902751,0.12132614210469493,1
659,0.20359319215983762,-0.0825545228438001,0.004795883483614369,0.00474454282884733,0.7711965235675928,0.004795883483614369,0.1210886120890382,1
660,0.2144931489204679,-0.08452284250224758,0.004760154042414951,0.00474454282884733,0.7613016259964582,0.004760154042414951,0.12024933252402245,1
661,0.21757049243070964,-0.07718458429804118,0.004707016411794997,0.004707016411794997,0.7516905656137981,0.004707016411794997,0.12158291483642049,1
662,0.22026093782873638,-0.07840264530608347,0.004669800595698769,0.004669800595698769,0.7484750149141464,0.004669800595698769,0.1226751144435218,1
663,0.22547807801198613,-0.07735129277665383,0.0047114342552272755,0.004669800595698769,0.7479795320880829,0.0047114342552272755,0.12375579074120255,1
664,0.22901675307437025,-0.07276468999999999,0.004819360643210847,0.004669800595698769,0.7562296232423578,0.004819360643210847,0.12466932442296196,1
665,0.22645468136679645,-0.07276468999999999,0.0048847270629273016,0.004669800595698769,0.7533366739605329,0.0048847270629273016,0.12645770037395893,1
666,0.22799109583422472,-0.07276468999999999,0.004835800643510796,0.004669800595698769,0.7489028833504391,0.004835800643510796,0.1276420924237165,1
667,0.22498760894621359,-0.07276468999999999,0.004828044194920947,0.004669800595698769,0.7518952985480976,0.004828044194920947,0.12533246843334772,1
668,0.22885416640290673,-0.07276468999999999,0.004881072710520779,0.004669800595698769,0.7449751006513755,0.004881072710520779,0.1262323997462941,1
669,0.2300499955141293,-0.07684163228650447,0.004911038839378681,0.004669800595698769,0.7503317423697989,0.004911038839378681,0.12844012401189792,1
670,0.22526239089439704,-0.07315449986644566,0.004894048100772618,0.004669800595698769,0.7563452134669084,0.004894048100772618,0.12667823758990054,1
671,0.22883688738679273,-0.07276468999999999,0.0048175001813953915,0.004669800595698769,0.7607730015699316,0.0048175001813953915,0.12551532477770144,1
672,0.23069608053653548,-0.07276468999999999,0.004757630382852332,0.004669800595698769,0.7590453349221903,0.004757630382852332,0.12438375295971282,1
673,0.23374206174394138,-0.07276468999999999,0.004729581852258684,0.004669800595698769,0.7595086121483574,0.004729581852258684,0.1232856789297148,1
674,0.2279859723258984,-0.07276468999999999,0.0046363018287027095,0.0046363018287027095,0.7514726128942169,0.0046363018287027095,0.12270779479520354,1
675,0.24109537321020819,-0.07309718000964051,0.004729336863200399,0.0046363018287027095,0.747723604033293,0.004729336863200399,0.12274082635672992,1
676,0.24443657702572225,-0.07276468999999999,0.004763567374636882,0.0046363018287027095,0.7481413501208205,0.004763567374636882,0.12421386680623756,1
677,0.25490562453863325,-0.07276468999999999,0.0048069674106284025,0.0046363018287027095,0.7369664456112106,0.0048069674106284025,0.12454282213380576,1
678,0.25900828532052383,-0.07591070535849571,0.00489593386655469,0.0046363018287027095,0.7310249820182091,0.00489593386655469,0.12275639225096303,1
679,0.26771093626728,-0.07276468999999999,0.005029307432531326,0.0046363018287027095,0.7280335197019087,0.005017410235563322,0.11996550768640986,0
680,0.26333551009626954,-0.07703495792435845,0.014583735252977171,0.0046363018287027095,0.7198616050698966,0.004951707833061193,0.11901857107134974,0
681,0.2654901058249192,-0.08465129147240015,0.010494698955040738,0.0046363018287027095,0.7188692674733056,0.005119445296565774,0.11994037332578214,0
682,0.2526432652284443,-0.08486005170350301,0.005400150860750685,0.0046363018287027095,0.7279322223180174,0.004987376664024958,0.11979683154853035,0
683,0.24727648935172925,-0.07680234312207243,0.009416652965695747,0.0046363018287027095,0.7382183886607454,0.004865404443002036,0.11932537058152688,0
684,0.2596534069441923,-0.07276468999999999,0.00490912562518552,0.0046363018287027095,0.7426357825653137,0.00490912562518552,0.1212654400617438,1
685,0.2608282848755385,-0.07589800710107752,0.004946635455879666,0.0046363018287027095,0.7400957957803632,0.004946635455879666,0.12098249483150465,1
686,0.26687348164551183,-0.07276468999999999,0.00779834566148334,0.0046363018287027095,0.7407815407435306,0.005074293922275564,0.11947807550936866,0
687,0.27002788563281377,-0.0761429035684679,0.005210690717144611,0.0046363018287027095,0.7503449170884369,0.005210690717144611,0.12095113263646384,1
688,0.26787860405942676,-0.07276468999999999,0.01429569629029204,0.0046363018287027095,0.7541054252439666,0.00524889516767883,0.1190488532646004,0
689,0.2644232673440933,-0.07276468999999999,0.005240900577473235,0.0046363018287027095,0.7576800420805307,0.005240900577473235,0.12001872324892827,1
690,0.2656577118814226,-0.07704987322360214,0.005324856604691025,0.0046363018287027095,0.7569568893454364,0.005324856604691025,0.12008525765444912,1
691,0.25765899698223427,-0.08050590121859182,0.005536294076129406,0.0046363018287027095,0.7585922290981301,0.005302879079155022,0.11984722074847205,0
692,0.2618428093534249,-0.07975918195703899,0.005431278251539973,0.0046363018287027095,0.7596574446555631,0.005431278251539973,0.12057389585268696,1
693,0.25818442428843985,-0.07276468999999999,0.03234146879068414,0.0046363018287027095,0.7524064329953813,0.0051843514779337995,0.11835205833499027,0
694,0.2542817398301727,-0.07444196897392996,0.04466105182904691,0.0046363018287027095,0.7536236732583588,0.00513580719669926,0.11801190431235446,0
695,0.2545247776429579,-0.076419244190209,0.060411459452575395,0.0046363018287027095,0.7478991356342438,0.0051607713063044555,0.11764945350723983,0
696,0.26017298360217467,-0.07519952823693093,0.015136854142378572,0.0046363018287027095,0.7419323403710995,0.005230818394685806,0.11900470930137508,0
697,0.2640271801048339,-0.07276468999999999,0.023515118662325078,0.0046363018287027095,0.7461082131896974,0.005367407468173507,0.11865286558969969,0
698,0.26968931870589813,-0.07276468999999999,0.005447236709267366,0.0046363018287027095,0.7571419183378353,0.005447236709267366,0.12118793218677774,1
699,0.27099362197279436,-0.07276468999999999,0.00538538180498849,0.0046363018287027095,0.7539451559018564,0.00538538180498849,0.120128884582409,1
700,0.2737119402800698,-0.07276468999999999,0.0052946044626279495,0.0046363018287027095,0.7487414802649969,0.0052946044626279495,0.12214428061933894,1
701,0.2799939665325545,-0.07276468999999999,0.005430369136348148,0.0046363018287027095,0.7583055346150385,0.005430369136348148,0.12268680461634218,1
702,0.28003767,-0.07276468999999999,0.005424188580202846,0.0046363018287027095,0.7521325370220913,0.005424188580202846,0.12104613361119586,1
703,0.2785086911635195,-0.07276468999999999,0.005344139915952591,0.0046363018287027095,0.7518039304427393,0.005344139915952591,0.12049217963803804,1
704,0.2799552656508377,-0.07276468999999999,0.009308265113555203,0.0046363018287027095,0.7473344607990136,0.005554259560981825,0.11938730059959443,0
705,0.28003767,-0.07276468999999999,0.04471199224986153,0.0046363018287027095,0.7443473224581838,0.005612893894015004,0.1180226508058553,0
706,0.28003767,-0.07308251797805307,0.014423434020391859,0.0046363018287027095,0.7501440932123454,0.005594156319875655,0.1190603576371557,0
707,0.2781846315649788,-0.07477859374676417,0.02647043121650094,0.0046363018287027095,0.7523785422635962,0.005606046377808923,0.1185555490718376,0
708,0.28003767,-0.07657818682047268,0.04673596475346519,0.0046363018287027095,0.7546337754146628,0.005661068069987431,0.11797330572893991,0
709,0.2774980713064226,-0.074124811822472,0.01925674562072119,0.0046363018287027095,0.7521906470771019,0.005435325531546947,0.1188243546415192,0
710,0.27990492918789694,-0.07276468999999999,0.006506086528765338,0.0046363018287027095,0.7581587571788431,0.0054533154450327,0.11967553565931945,0
711,0.28003767,-0.07810687210085207,0.005530774202626947,0.0046363018287027095,0.7533477307104846,0.005530774202626947,0.12084882845661525,1
712,0.2776334889649649,-0.07276468999999999,0.005372435344589142,0.0046363018287027095,0.7513821322429663,0.005372435344589142,0.12109809911850712,1
713,0.27978343391471555,-0.07276468999999999,0.005275122953016118,0.0046363018287027095,0.7417160279188382,0.005275122953016118,0.12241250914275016,1
714,0.28003767,-0.07486823091193076,0.005469485555195734,0.0046363018287027095,0.7343439699510507,0.005469485555195734,0.12214346912232368,1
715,0.28003767,-0.0752494249014744,0.005392673032975257,0.0046363018287027095,0.7376141253565833,0.005392673032975257,0.12376608787391302,1
716,0.273648543149306,-0.07667514856968197,0.0053029258106983765,0.0046363018287027095,0.733670129962975,0.0053029258106983765,0.1218908743562762,1
717,0.2779894904828614,-0.08005255600192565,0.005348111456816789,0.0046363018287027095,0.7288504919750991,0.005348111456816789,0.12268073391031975,1
718,0.28003767,-0.08080765966148792,0.005468057908026007,0.0046363018287027095,0.7287663129279157,0.005468057908026007,0.12162165966127139,1
719,0.2799213063229095,-0.07971211199622748,0.005430031042104203,0.0046363018287027095,0.7221040181148757,0.005430031042104203,0.12227561578989625,1
720,0.28003767,-0.08693875864866027,0.01767404747650856,0.0046363018287027095,0.7184977730997654,0.005525006080499742,0.12293988464192047,0
721,0.28003767,-0.08693875864866027,0.01767404747650856,0.0046363018287027095,0.7184977730997654,0.005525006080499742,0.12293988464192047,0
722,0.28003767,-0.07941791043446293,0.005353235864852483,0.0046363018287027095,0.724089313607593,0.005353235864852483,0.1239597003024514,1
723,0.28003767,-0.08702002336443115,0.005418510696409726,0.0046363018287027095,0.7241652678619362,0.005418510696409726,0.12511601344018622,1
724,0.2792737004495895,-0.09040386002940126,0.00556960692079929,0.0046363018287027095,0.7239796538046775,0.00556960692079929,0.12287025594267462,1
725,0.28003767,-0.08942427762285186,0.005435910291687623,0.0046363018287027095,0.7234072775005832,0.005435910291687623,0.12199880093417255,1
726,0.2791346259839126,-0.08022909465053985,0.005312702245242091,0.0046363018287027095,0.7246695781516974,0.005312702245242091,0.12002465468685797,1
727,0.27228399102237444,-0.08958542299918039,0.0446111456903261,0.0046363018287027095,0.7298520532703746,0.0053790813649562145,0.11801929143170001,0
728,0.2785986989028243,-0.0899356954900656,0.005414517809692321,0.0046363018287027095,0.726023396040254,0.005390509784053838,0.11995100201469602,0
729,0.2712764756698584,-0.08768129698279008,0.005195031110238424,0.0046363018287027095,0.7307904734021761,0.005195031110238424,0.12062887220322151,1
730,0.2758359848416521,-0.08934007952135004,0.005318533813484808,0.0046363018287027095,0.7379540312894508,0.005318533813484808,0.12205820715030913,1
731,0.2724770997454367,-0.09684783620990887,0.005412293931395728,0.0046363018287027095,0.7298332294718883,0.005412293931395728,0.12171654067045624,1
732,0.2662385478620195,-0.09322593038184145,0.0052592220848737175,0.0046363018287027095,0.7307846283699413,0.005199034951879619,0.11992241963328644,0
733,0.2738085069520024,-0.09315535155513455,0.005371252797783839,0.0046363018287027095,0.7492518475061964,0.005371252797783839,0.12020970575938482,1
734,0.2738085069520024,-0.09315535155513455,0.005371252797783839,0.0046363018287027095,0.7492518475061964,0.005371252797783839,0.12020970575938482,1
735,0.26628403497898356,-0.09316336283693365,0.006261086967225793,0.0046363018287027095,0.7411356975229499,0.00522155939936517,0.1196775829458821,0
736,0.27092618998919477,-0.0933715864634401,0.011648316608072827,0.0046363018287027095,0.7489808061406944,0.005347322328072503,0.11920621197539895,0
737,0.2682513133370493,-0.09956645836643697,0.005405111972577699,0.0046363018287027095,0.750430129457211,0.005405111972577699,0.12056752815292188,1
738,0.2713695616604899,-0.10463798825188482,0.005527909169703261,0.0046363018287027095,0.7504830557252732,0.005527909169703261,0.12140256471982834,1
739,0.26808051030218716,-0.11520459338633668,0.0056725192189156235,0.0046363018287027095,0.7495585050763116,0.0056725192189156235,0.12202871934099503,1
740,0.2630988511807633,-0.10698348463570422,0.005287057377689436,0.0046363018287027095,0.7368004390047335,0.005287057377689436,0.12216019056268443,1
741,0.26829843489579297,-0.10099037944504977,0.005238198186028388,0.0046363018287027095,0.7375074127674699,0.005238198186028388,0.1208493511813476,1
742,0.2638516433700971,-0.10837204127863699,0.005230009255915851,0.0046363018287027095,0.7279050668320587,0.005230009255915851,0.12141212735719502,1
743,0.2635910331365733,-0.10572227853752997,0.005105990628839651,0.0046363018287027095,0.7248991913918523,0.005105990628839651,0.12364156207363293,1
744,0.2635910331365733,-0.10572227853752997,0.005105990628839651,0.0046363018287027095,0.7248991913918523,0.005105990628839651,0.12364156207363293,1
745,0.25832480362391946,-0.09703433592297295,0.00482774122288597,0.0046363018287027095,0.7267897486523843,0.00482774122288597,0.12273841014876674,1
746,0.25832480362391946,-0.09703433592297295,0.00482774122288597,0.0046363018287027095,0.7267897486523843,0.00482774122288597,0.12273841014876674,1
747,0.2562272886837701,-0.10120022958072061,0.0049044337508711965,0.0046363018287027095,0.7306433982053359,0.0049044337508711965,0.12226701352775672,1
748,0.26581684636460373,-0.10783773393534742,0.005153659994245058,0.0046363018287027095,0.7225391845942462,0.005153659994245058,0.12264940757378619,1
749,0.26789780841533717,-0.10373673675595667,0.005210456541297274,0.0046363018287027095,0.7300704115296608,0.005210456541297274,0.1221449086918481,1
750,0.26727803335192546,-0.10958343112776263,0.009774515689348198,0.0046363018287027095,0.7189246466773311,0.005213494584949217,0.12278027951997118,0
751,0.26727803335192546,-0.10958343112776263,0.009774515689348198,0.0046363018287027095,0.7189246466773311,0.005213494584949217,0.12278027951997118,0
752,0.26247766926531313,-0.10925984498325307,0.017579957579307044,0.0046363018287027095,0.7184861300607452,0.00517289516355269,0.12092740989356587,0
753,0.26247766926531313,-0.10925984498325307,0.017579957579307044,0.0046363018287027095,0.7184861300607452,0.00517289516355269,0.12092740989356587,0
754,0.2639370644526969,-0.10371651131143451,0.011365350882019482,0.0046363018287027095,0.7213819627537644,0.005140891836581088,0.11921104759044424,0
755,0.2639370644526969,-0.10371651131143451,0.011365350882019482,0.0046363018287027095,0.7213819627537644,0.005140891836581088,0.11921104759044424,0
756,0.2603646123648797,-0.10430762628965187,0.023565041842265825,0.0046363018287027095,0.7316486569624566,0.0051337096940643305,0.11864237957631002,0
757,0.2620334723895837,-0.10046834586545404,0.006391985203133498,0.0046363018287027095,0.723743741764399,0.005053032424407957,0.11963408296312886,0
758,0.2620334723895837,-0.10046834586545404,0.006391985203133498,0.0046363018287027095,0.723743741764399,0.005053032424407957,0.11963408296312886,0
759,0.26256580706351923,-0.09617648207422463,0.004931415925364205,0.0046363018287027095,0.7266866832357401,0.004931415925364205,0.12041018263754091,1
760,0.2668278147477655,-0.09561097034365987,0.009186615033172838,0.0046363018287027095,0.7231477966742523,0.0050826409365921765,0.11935937732661256,0
761,0.2668748640879575,-0.09304582419313277,0.1124900985640053,0.0046363018287027095,0.7166256968074824,0.005054876855398227,0.11862266827167871,0
762,0.27071718438449344,-0.091162475596632,0.15028250819555497,0.0046363018287027095,0.7159718846804275,0.005127307530789804,0.11883711595833475,0
763,0.27071718438449344,-0.091162475596632,0.15028250819555497,0.0046363018287027095,0.7159718846804275,0.005127307530789804,0.11883711595833475,0
764,0.27205930129192357,-0.09812274168578468,0.005200013546258293,0.0046363018287027095,0.7257766736555905,0.005200013546258293,0.12103892180928974,1
765,0.26968704198730953,-0.10269798820739173,0.005254621853411067,0.0046363018287027095,0.733926096337231,0.005254621853411067,0.12114419404263385,1
766,0.2646151748224226,-0.09982289163651437,0.005023887009862637,0.0046363018287027095,0.7265293796406519,0.005023887009862637,0.1223866826476508,1
767,0.2591353880052748,-0.10188677151496495,0.005003548553016109,0.0046363018287027095,0.7284330508651361,0.005003548553016109,0.12139261912208998,1
768,0.2634288780391327,-0.10467517147825368,0.005079656359202853,0.0046363018287027095,0.7295747258851841,0.005079656359202853,0.1220763913132523,1
769,0.2674266156620618,-0.10861830949546297,0.005228265136536239,0.0046363018287027095,0.7251829897107345,0.005228265136536239,0.12239974924346468,1
770,0.26717206023742074,-0.09753668431710502,0.005068517343388064,0.0046363018287027095,0.7305446574552398,0.005068517343388064,0.12237017302662279,1
771,0.26253051286376267,-0.09601407103788016,0.0049364290782011174,0.0046363018287027095,0.7248495769643023,0.0049364290782011174,0.12118820013838565,1
772,0.26253051286376267,-0.09601407103788016,0.0049364290782011174,0.0046363018287027095,0.7248495769643023,0.0049364290782011174,0.12118820013838565,1
773,0.2549594775848497,-0.10618632382732023,0.005001291476592038,0.0046363018287027095,0.7333012276152693,0.005001291476592038,0.12065733116888076,1
774,0.25320603314715084,-0.1097699368786462,0.005125260668978939,0.0046363018287027095,0.750547279419316,0.005125260668978939,0.12103468513877215,1
775,0.24615838604574772,-0.11199475574345413,0.005079078986502857,0.0046363018287027095,0.7453925288691454,0.005079078986502857,0.1207105898517467,1
776,0.2479488884608247,-0.11108104056198423,0.015663392029491397,0.0046363018287027095,0.7518142336396769,0.00510447893154554,0.118972434279574,0
777,0.2452389776050725,-0.11059003375955076,0.005056545172929146,0.0046363018287027095,0.7408206141766521,0.005022927138324099,0.11994201893877734,0
778,0.24377828028083226,-0.10716289927125931,0.021774282221627632,0.0046363018287027095,0.7441378813860244,0.005021745067295016,0.11870568407433375,0
779,0.2502241640116297,-0.11008676703899418,0.02047312700879865,0.0046363018287027095,0.7453781316711253,0.005137442471742443,0.11876162669049045,0
780,0.25114847308624766,-0.11515695393360027,0.08992384855211041,0.0046363018287027095,0.7413860553040584,0.00538881356972784,0.11709250907168427,0
781,0.2549025617771292,-0.11434860314107644,0.028117549284031432,0.0046363018287027095,0.7424096822432105,0.005333594292066406,0.11849056450975985,0
782,0.25079590948682623,-0.11065772545486502,0.021977589093499367,0.0046363018287027095,0.7467918969463566,0.005173702518729424,0.11870370194111192,0
783,0.24529400661594217,-0.11097950883336573,0.005151328927630327,0.0046363018287027095,0.7461984379904157,0.005114537938810952,0.119939344424148,0
784,0.24753924932204516,-0.10887733483964337,0.00495529422078577,0.0046363018287027095,0.7456243565276854,0.00495529422078577,0.12110574194534002,1
785,0.2455529926004123,-0.10676139741364643,0.004889343350109656,0.0046363018287027095,0.7415322541435792,0.004889343350109656,0.12198096206943783,1
786,0.25307629606736226,-0.10536828289907149,0.004873381820114296,0.0046363018287027095,0.7268903062243147,0.004873381820114296,0.12312839639407333,1
787,0.255449098479245,-0.1052292934687973,0.004872049462031869,0.0046363018287027095,0.7291252297173569,0.004872049462031869,0.12385036577034568,1
788,0.2582454919723563,-0.1045782550272333,0.004967635716152857,0.0046363018287027095,0.726512374487547,0.004967635716152857,0.12269249642766811,1
789,0.2591988608027146,-0.10368754807362603,0.004988017762640748,0.0046363018287027095,0.7291186265371524,0.004988017762640748,0.12319473660979233,1
790,0.268949919780221,-0.11153661487746297,0.005247395729820179,0.0046363018287027095,0.7276111630059743,0.005247395729820179,0.1237046571013541,1
791,0.2708528702823822,-0.11691796750776078,0.005432464390773523,0.0046363018287027095,0.7284702479207169,0.005432464390773523,0.12385105666671514,1
792,0.25857369110262113,-0.12074719687134912,0.005300209432657951,0.0046363018287027095,0.7256257051753459,0.005300209432657951,0.12254972929193444,1
793,0.25280334155920836,-0.12773831016288897,0.00534626205363834,0.0046363018287027095,0.7203040568175996,0.00534626205363834,0.12417431794561151,1
794,0.24964572550248257,-0.13197551205531777,0.005459152711693846,0.0046363018287027095,0.7259912784152518,0.005459152711693846,0.12363000258345212,1
795,0.243705456031491,-0.13781201539446924,0.005492111025772968,0.0046363018287027095,0.7267884109790049,0.005492111025772968,0.12634609124717486,1
796,0.23822474558758666,-0.13512238363900358,0.00543878362870139,0.0046363018287027095,0.7209709121757637,0.00543878362870139,0.12778798492261442,1
797,0.24440936601288166,-0.13731292496508465,0.005614707665780549,0.0046363018287027095,0.7271917810919905,0.005614707665780549,0.12761541512785413,1
798,0.24237631420826608,-0.13305409961284792,0.0056007011602089065,0.0046363018287027095,0.7371370099089595,0.0056007011602089065,0.1266917926654537,1
799,0.2412343700979498,-0.13334529548843155,0.005597204716855824,0.0046363018287027095,0.7371975591097298,0.005597204716855824,0.1277531305288409,1
800,0.23015779510375428,-0.13745500905866273,0.005647933640347177,0.0046363018287027095,0.7396884389016407,0.005647933640347177,0.12796595437970013,1
801,0.22735460553448622,-0.14902962222082283,0.005818939771349534,0.0046363018287027095,0.7424952856683809,0.005818939771349534,0.13035364342786293,1
802,0.22578130544806604,-0.14222780594311413,0.005724575361797212,0.0046363018287027095,0.734827314616639,0.005724575361797212,0.13023488015924833,1
803,0.22650950829076263,-0.1387602335051593,0.005690293131338043,0.0046363018287027095,0.7497418502856673,0.005690293131338043,0.13164581671201328,1
804,0.2320055749550123,-0.1396992151064093,0.005700973972016736,0.0046363018287027095,0.7414031717117116,0.005700973972016736,0.13195489725650403,1
805,0.23908768255292778,-0.14957103924410375,0.005906806395829337,0.0046363018287027095,0.744342741119226,0.005906806395829337,0.13333950680176046,1
806,0.23994610241059672,-0.14570932175383106,0.005861191742460265,0.0046363018287027095,0.7483574374544145,0.005861191742460265,0.13151540248819468,1
807,0.24047968229544536,-0.13638891725109875,0.005713513715690995,0.0046363018287027095,0.7540069238679762,0.005713513715690995,0.13075050852211673,1
808,0.2352770513985449,-0.13985148493401128,0.005741362916285332,0.0046363018287027095,0.7537374402410136,0.005741362916285332,0.1303661214833749,1
809,0.23377358773553839,-0.1411320406902515,0.005711489785696547,0.0046363018287027095,0.7577572822342522,0.005711489785696547,0.1313192798433239,1
810,0.236033844889522,-0.14658803271985518,0.0057645951095775215,0.0046363018287027095,0.7446812631732304,0.0057645951095775215,0.13141354886112117,1
811,0.23998388758891426,-0.15008367817198695,0.005844080288059625,0.0046363018287027095,0.7492864172477455,0.005844080288059625,0.13295306731548506,1
812,0.24486392380600241,-0.1483106253083081,0.005858925808637768,0.0046363018287027095,0.7542615823426594,0.005858925808637768,0.1338147567044971,1
813,0.24401436363237725,-0.15120966299203886,0.005843494579822299,0.0046363018287027095,0.7488676448378249,0.005843494579822299,0.13700944851495772,1
814,0.25392003355314036,-0.15800344482808593,0.005946467244104829,0.0046363018287027095,0.7459429626159843,0.005946467244104829,0.13813859081702268,1
815,0.25354031844254227,-0.1593925905893756,0.006003650806620764,0.0046363018287027095,0.7446627433217304,0.006003650806620764,0.13872050395112823,1
816,0.2456937743561844,-0.15979507300497509,0.005973260761864175,0.0046363018287027095,0.7393608138644132,0.005973260761864175,0.1382794314008032,1
817,0.24888736968000424,-0.1612940635774318,0.005965388197473134,0.0046363018287027095,0.7332567774893218,0.005965388197473134,0.13997310104221924,1
818,0.2519796103449832,-0.16829782857148862,0.0060544066434678415,0.0046363018287027095,0.7306099275246098,0.0060544066434678415,0.13884120643672768,1
819,0.25214858148660124,-0.17371771928815471,0.006110535901981595,0.0046363018287027095,0.7282134808819078,0.006110535901981595,0.13800590106324592,1
820,0.2522726450616897,-0.1721038733293667,0.006120813681710876,0.0046363018287027095,0.7322533776339408,0.006120813681710876,0.13810377317627806,1
821,0.2518877067474379,-0.16846426240423729,0.0061138099508677105,0.0046363018287027095,0.7373897193505184,0.0061138099508677105,0.13848053828973678,1
822,0.25304166644887005,-0.17011720544561695,0.006150633773295762,0.0046363018287027095,0.7441166867363919,0.006150633773295762,0.13751607882133124,1
823,0.25368904931883823,-0.1647196252736618,0.006118675232816996,0.0046363018287027095,0.7390898364010665,0.006118675232816996,0.13626080475525343,1
824,0.2495340739713991,-0.16402071732673182,0.006077596595875694,0.0046363018287027095,0.749534290395746,0.006077596595875694,0.13433425437165342,1
825,0.24460073956108092,-0.16233644347655818,0.00600650158318333,0.0046363018287027095,0.7417083209203048,0.00600650158318333,0.1332828927182658,1
826,0.24142942570645845,-0.15856602380289644,0.005910620126713196,0.0046363018287027095,0.7334039474469488,0.005910620126713196,0.1309583549601783,1
827,0.2374294419686349,-0.15863651354021355,0.005900959394243956,0.0046363018287027095,0.727585666962248,0.005900959394243956,0.13117671856713944,1
828,0.23821732762926198,-0.15202978720533997,0.005866331302759099,0.0046363018287027095,0.7310460101387949,0.005866331302759099,0.12993782953895094,1
829,0.2385176187848627,-0.15623389774258523,0.005844062875244102,0.0046363018287027095,0.728737414616805,0.005844062875244102,0.13301568465467958,1
830,0.24865239593465457,-0.1575021665620675,0.005872236719651264,0.0046363018287027095,0.7345665874623509,0.005872236719651264,0.13303730496293684,1
831,0.24788822569884988,-0.16073165218931393,0.005956749788235801,0.0046363018287027095,0.7381649439243981,0.005956749788235801,0.13249029303646095,1
832,0.24330922071351782,-0.15504523130279674,0.005950427396075163,0.0046363018287027095,0.7447587205173588,0.005950427396075163,0.1319396753994258,1
833,0.24300175275059724,-0.16023274293596207,0.005967927532484226,0.0046363018287027095,0.7323495428736971,0.005967927532484226,0.13148262817258832,1
834,0.2460518501873782,-0.15953563732223644,0.005921439277802126,0.0046363018287027095,0.738256125779649,0.005921439277802126,0.1331749384625521,1
835,0.24852096906908883,-0.15832389611360997,0.005836433935176762,0.0046363018287027095,0.7299353365830716,0.005836433935176762,0.13300922404989746,1
836,0.2417558180222879,-0.15761547066591772,0.005888694786442795,0.0046363018287027095,0.7307082339125982,0.005888694786442795,0.13208716031237475,1
837,0.24234100819305965,-0.1582556433426475,0.005832250934463596,0.0046363018287027095,0.7324792893566222,0.005832250934463596,0.13314550708351286,1
838,0.23245042398005133,-0.16661265034626677,0.005827368872777995,0.0046363018287027095,0.724264692000565,0.005827368872777995,0.13323460190743425,1
839,0.23027902546592768,-0.17728977414383604,0.005963192117898323,0.0046363018287027095,0.739676342527948,0.005963192117898323,0.13187406740341967,1
840,0.23549709057563353,-0.17748838553244575,0.0059994178093442105,0.0046363018287027095,0.7401549199254004,0.0059994178093442105,0.13228775592593428,1
841,0.23479353214430096,-0.17135074533700884,0.006015036958464987,0.0046363018287027095,0.7405762202606334,0.006015036958464987,0.13115797476986987,1
842,0.23216579049333802,-0.17474257172433894,0.006054591933691944,0.0046363018287027095,0.7382620852812078,0.006054591933691944,0.13402165423503787,1
843,0.23520447764111563,-0.16699823975049854,0.006081257347574883,0.0046363018287027095,0.7406925702653506,0.006081257347574883,0.1340349345079817,1
844,0.22859636716184248,-0.17186776093563028,0.006066633539717846,0.0046363018287027095,0.7369485383486146,0.006066633539717846,0.13543139796852632,1
845,0.22510993468444013,-0.16425363448031174,0.006059193107664574,0.0046363018287027095,0.7426263465893773,0.006059193107664574,0.13235859028414257,1
846,0.2231750818734902,-0.16472355137542588,0.005995490644805366,0.0046363018287027095,0.735862666847319,0.005995490644805366,0.13156048186072414,1
847,0.21546783799734828,-0.16359484941749802,0.006005766274289934,0.0046363018287027095,0.7353755021332247,0.006005766274289934,0.13275282941800817,1
848,0.21858963265179468,-0.1640052569158596,0.0060406841394282235,0.0046363018287027095,0.730214633829787,0.0060406841394282235,0.13146719769780674,1
849,0.21893091350385258,-0.16591946401149243,0.014425629261183535,0.0046363018287027095,0.7186814955261918,0.005989124577125704,0.129921072200601,0
850,0.21353505937353853,-0.16977668812108201,0.006019200608906405,0.0046363018287027095,0.7263157510298754,0.006019200608906405,0.12837846227459976,1
851,0.21353505937353853,-0.16977668812108201,0.006019200608906405,0.0046363018287027095,0.7263157510298754,0.006019200608906405,0.12837846227459976,1
852,0.2081572032488269,-0.16569552877784186,0.08479581956722514,0.0046363018287027095,0.716793990581526,0.006058931001578533,0.12820775555811137,0
853,0.20417175721593445,-0.1685750557715398,0.08494635765527352,0.0046363018287027095,0.7167915376946988,0.006071752452297061,0.1278125390130466,0
854,0.20507535516021852,-0.1695794481015023,0.010015243859699516,0.0046363018287027095,0.718969634940142,0.0060416427728013505,0.1255614313665639,0
855,0.206921202983987,-0.16732075753047254,0.006043677174150074,0.0046363018287027095,0.7210993661152885,0.006043677174150074,0.12398991347585261,1
856,0.21151978665497867,-0.16578669171917637,0.007705400479682345,0.0046363018287027095,0.7191934241892889,0.006052361581128224,0.12744364029855712,0
857,0.20813579554687944,-0.16570973139095718,0.006054965310642701,0.0046363018287027095,0.7228447574656,0.006054965310642701,0.12813881681484782,1
858,0.20555197582457352,-0.16691326386620375,0.006026625970811865,0.0046363018287027095,0.7227051173670501,0.006026625970811865,0.12944007461060184,1
859,0.2059994604065721,-0.17488729496093006,0.006120869152560701,0.0046363018287027095,0.725950677882354,0.006120869152560701,0.1288228717297207,1
860,0.21144675911417954,-0.1757746690021941,0.006157194973179945,0.0046363018287027095,0.7207431732269926,0.006157194973179945,0.12974856968893791,1
861,0.21385607331960102,-0.17176967926603337,0.00996287001709489,0.0046363018287027095,0.7189851487112462,0.006182448944272483,0.12708644719252132,0
862,0.21109841582335598,-0.17161029110082338,0.00615620911021869,0.0046363018287027095,0.7277414397503121,0.00615620911021869,0.12780142614261117,1
863,0.20402834545717136,-0.16422923012832527,0.006093846933635128,0.0046363018287027095,0.7221886630484015,0.006093846933635128,0.12522018472022556,1
864,0.20402834545717136,-0.16422923012832527,0.006093846933635128,0.0046363018287027095,0.7221886630484015,0.006093846933635128,0.12522018472022556,1
865,0.20227536386618472,-0.16584766633868891,0.024530007453857895,0.0046363018287027095,0.7182420683534053,0.006090223885623935,0.12378514667900949,0
866,0.20227536386618472,-0.16584766633868891,0.024530007453857895,0.0046363018287027095,0.7182420683534053,0.006090223885623935,0.12378514667900949,0
867,0.20453381099010046,-0.15507071507870596,0.006052318548352364,0.0046363018287027095,0.7388804582447775,0.006052318548352364,0.12343096454006272,1
868,0.2060427154347707,-0.1554250562488523,0.006107961580079537,0.0046363018287027095,0.7469206198578038,0.006107961580079537,0.1260935537216684,1
869,0.21126640623311455,-0.15515486361390166,0.006138686908596081,0.0046363018287027095,0.7372372756855284,0.006138686908596081,0.1245290154450498,1
870,0.2122422964556823,-0.15538725824849614,0.006156436122466686,0.0046363018287027095,0.7355135865971001,0.006156436122466686,0.12457154225798549,1
871,0.21271658223958773,-0.16316098561775405,0.006194571025361779,0.0046363018287027095,0.7351848867195087,0.006194571025361779,0.12612888092281727,1
872,0.2141094409186241,-0.16715576622354317,0.006183259622778469,0.0046363018287027095,0.7273169874575428,0.006183259622778469,0.1255745646591069,1
873,0.21531701383360152,-0.16907648656371246,0.006179833717147927,0.0046363018287027095,0.7310428037215306,0.006179833717147927,0.12634583331980073,1
874,0.22105823763370527,-0.17805078747509684,0.006222737387515777,0.0046363018287027095,0.7255873320959191,0.006222737387515777,0.12704643148788253,1
875,0.22081083947535432,-0.17163524261758933,0.006226448617619936,0.0046363018287027095,0.7241599736110262,0.006226448617619936,0.12626039620146623,1
876,0.2160105566097263,-0.17693208822716455,0.006188085373667668,0.0046363018287027095,0.72109307959141,0.006188085373667668,0.12570688250252934,1
877,0.2160105566097263,-0.17693208822716455,0.006188085373667668,0.0046363018287027095,0.72109307959141,0.006188085373667668,0.12570688250252934,1
878,0.2160105566097263,-0.17693208822716455,0.006188085373667668,0.0046363018287027095,0.72109307959141,0.006188085373667668,0.12570688250252934,1
879,0.2160105566097263,-0.17693208822716455,0.006188085373667668,0.0046363018287027095,0.72109307959141,0.006188085373667668,0.12570688250252934,1
880,0.2108448234535894,-0.17570772759456954,0.01573357798207607,0.0046363018287027095,0.7186207689552295,0.006144643591653014,0.1257833192276043,0
881,0.20565625681003802,-0.17231818648881522,0.006073199709034418,0.0046363018287027095,0.7197550560708651,0.006073199709034418,0.12498637210444898,1
882,0.20446364282257798,-0.17241909459551547,0.006067406397431724,0.0046363018287027095,0.7203170120039332,0.006067406397431724,0.12376818002777841,1
883,0.20564168540761585,-0.1719668591139345,0.006083569738847744,0.0046363018287027095,0.7275601758345667,0.006083569738847744,0.12387040737828126,1
884,0.2110226903074555,-0.16730243780309054,0.006117418319624831,0.0046363018287027095,0.7312368524986359,0.006117418319624831,0.12274274709522207,1
885,0.20476342822325405,-0.16705129548163794,0.006105906198940183,0.0046363018287027095,0.7298322453372362,0.006105906198940183,0.12204305757355,1
886,0.20476342822325405,-0.16705129548163794,0.006105906198940183,0.0046363018287027095,0.7298322453372362,0.006105906198940183,0.12204305757355,1
887,0.20853335118875976,-0.16524736061645923,0.006125264067965104,0.0046363018287027095,0.7349552239754225,0.006125264067965104,0.12308670309833476,1
888,0.20738764661831846,-0.17147261365889094,0.006098321988356209,0.0046363018287027095,0.733417733152385,0.006098321988356209,0.1225815464268642,1
889,0.19490204673023356,-0.16420431766875682,0.006084974818969008,0.0046363018287027095,0.7403979260687412,0.006084974818969008,0.121269294662592,1
890,0.19386510224216025,-0.1685141618758491,0.006058503632745357,0.0046363018287027095,0.7346392277930751,0.006058503632745357,0.12248559405249483,1
891,0.19298393013929538,-0.17228685301219315,0.006030006342417638,0.0046363018287027095,0.727649708058152,0.006030006342417638,0.12150626285653895,1
892,0.19006032512837126,-0.17242526006652312,0.0060300482719831405,0.0046363018287027095,0.7292999879907788,0.0060300482719831405,0.12126325580754427,1
893,0.19248588462140256,-0.17888232588785483,0.006015459771804567,0.0046363018287027095,0.7270988272159261,0.006015459771804567,0.12178670603082303,1
894,0.1877147003731765,-0.17983478795915345,0.006010147280806984,0.0046363018287027095,0.7205314108857646,0.006010147280806984,0.12274210045015838,1
895,0.1871392479111792,-0.1777927301352493,0.006017160987771308,0.0046363018287027095,0.7341107604576061,0.006017160987771308,0.1226412700947036,1
896,0.19209161991829646,-0.1838547480715848,0.006049075920531983,0.0046363018287027095,0.7218284806520915,0.006049075920531983,0.12350264570659243,1
897,0.18633433877876443,-0.18728195511261875,0.0060729948092912685,0.0046363018287027095,0.7244866176567416,0.0060729948092912685,0.12382321624801637,1
898,0.18633433877876443,-0.18728195511261875,0.0060729948092912685,0.0046363018287027095,0.7244866176567416,0.0060729948092912685,0.12382321624801637,1
899,0.18005812684559022,-0.19313988077303257,0.006027535907791318,0.0046363018287027095,0.7293301544241076,0.006027535907791318,0.12343688273738826,1
900,0.17827124492577293,-0.1954430440881151,0.031214599374908877,0.0046363018287027095,0.7180121491328295,0.0060018956111676704,0.12139015635111927,0
901,0.17827124492577293,-0.1954430440881151,0.031214599374908877,0.0046363018287027095,0.7180121491328295,0.0060018956111676704,0.12139015635111927,0
902,0.18049451500142755,-0.1921061193026237,0.005984303741985038,0.0046363018287027095,0.7299235579088406,0.005984303741985038,0.12064030863515221,1
903,0.18366539756512773,-0.1878560764591051,0.005948713519666075,0.0046363018287027095,0.7242844198648714,0.005948713519666075,0.12062527351697865,1
904,0.1851620786206489,-0.19434490378297384,0.0059353134890189245,0.0046363018287027095,0.7267169294254198,0.0059353134890189245,0.1208036601679639,1
905,0.18341503499953404,-0.18823229700276967,0.005933066501290773,0.0046363018287027095,0.7305541429068965,0.005933066501290773,0.1213628503024859,1
906,0.1819099759007811,-0.19096530755185828,0.0059457730336300064,0.0046363018287027095,0.7242471873816051,0.0059457730336300064,0.12105026190592087,1
907,0.18890376414262205,-0.18910279499668847,0.005979442453610619,0.0046363018287027095,0.7330975927950207,0.005979442453610619,0.12178441722894022,1
908,0.1982368194666183,-0.19062538168180299,0.006033239556363079,0.0046363018287027095,0.7289256244352408,0.006033239556363079,0.12347634631811469,1
909,0.2055129615002043,-0.18953915654716524,0.006058156355454915,0.0046363018287027095,0.7244009351620979,0.006058156355454915,0.12338545712604233,1
910,0.2055129615002043,-0.18953915654716524,0.006058156355454915,0.0046363018287027095,0.7244009351620979,0.006058156355454915,0.12338545712604233,1
911,0.19701800155799654,-0.185619784250394,0.006019776525782113,0.0046363018287027095,0.723991850255297,0.006019776525782113,0.12144798178121875,1
912,0.19906495025383975,-0.18393412468489312,0.00603893418601122,0.0046363018287027095,0.7302428382606503,0.00603893418601122,0.12272956213805883,1
913,0.2007908062080427,-0.18280003583798632,0.00600263838465056,0.0046363018287027095,0.7289983080590117,0.00600263838465056,0.12306094469179475,1
914,0.19841880452906907,-0.1759605813224902,0.006026600416546623,0.0046363018287027095,0.739668180524678,0.006026600416546623,0.1227201500652948,1
915,0.20011328361252356,-0.17221838737479966,0.006017350533097158,0.0046363018287027095,0.742918380095856,0.006017350533097158,0.12315048516325924,1
916,0.20984234379630354,-0.17453115960186782,0.006015430736110976,0.0046363018287027095,0.7435509730323864,0.006015430736110976,0.12114868873010302,1
917,0.20933097300229297,-0.1729157265957883,0.0059662765845615385,0.0046363018287027095,0.7316047660058967,0.0059662765845615385,0.12071120030413231,1
918,0.2102072269447793,-0.16867225951691311,0.006018165134465179,0.0046363018287027095,0.7336293545334354,0.006018165134465179,0.12131869342991315,1
919,0.20705064077768992,-0.17022639066727682,0.006011984508267501,0.0046363018287027095,0.7349975280042534,0.006011984508267501,0.12055757947123931,1
920,0.2072205461265094,-0.16931635755339816,0.0064759041535673665,0.0046363018287027095,0.7307946600252534,0.006021929129265632,0.11978693310339197,0
921,0.2101718480320221,-0.17477057851058064,0.005970278462289001,0.0046363018287027095,0.7203851808344144,0.005970278462289001,0.12161106269483513,1
922,0.2101718480320221,-0.17477057851058064,0.005970278462289001,0.0046363018287027095,0.7203851808344144,0.005970278462289001,0.12161106269483513,1
923,0.2222316519076329,-0.17186370378019353,0.006022742950143137,0.0046363018287027095,0.7314182583575682,0.006022742950143137,0.12413653666443479,1
924,0.2219747186503967,-0.17803460664124918,0.005979473872912405,0.0046363018287027095,0.7364162205913964,0.005979473872912405,0.12431069863169518,1
925,0.2163216138011702,-0.1710505594874341,0.005978883906013248,0.0046363018287027095,0.7282990062107277,0.005978883906013248,0.12345260533556844,1
926,0.2124868079703684,-0.16905839443702442,0.006040002567213748,0.0046363018287027095,0.7387923562542763,0.006040002567213748,0.1237915000182364,1
927,0.2183407424692685,-0.16925617824217865,0.006051842615485912,0.0046363018287027095,0.7406614839603918,0.006051842615485912,0.12374562200881853,1
928,0.20807063281832897,-0.16506440078230922,0.00607389417180972,0.0046363018287027095,0.738397201123138,0.00607389417180972,0.1223764696996982,1
929,0.21576300761344033,-0.16370394338564176,0.006078919041202287,0.0046363018287027095,0.7438469147045261,0.006078919041202287,0.12302027953448423,1
930,0.214609262988173,-0.1668687940172994,0.006093563499262805,0.0046363018287027095,0.742085912282264,0.006093563499262805,0.12429854988526008,1
931,0.2087556003985162,-0.16405360471996056,0.006066784834303878,0.0046363018287027095,0.7421091076422207,0.006066784834303878,0.12434245068173237,1
932,0.20583533505868368,-0.1646986474789987,0.0060647462958746505,0.0046363018287027095,0.7476781185005716,0.0060647462958746505,0.12387136163759604,1
933,0.20284174423102422,-0.15317354637283043,0.0060346689185305355,0.0046363018287027095,0.7501717655276415,0.0060346689185305355,0.1216373665111616,1
934,0.1999260840467538,-0.15586226207147766,0.006016515560089189,0.0046363018287027095,0.736727612380341,0.006016515560089189,0.12171936151587541,1
935,0.2032026545502003,-0.15758842132761805,0.006054261125229267,0.0046363018287027095,0.7440279535226986,0.006054261125229267,0.12178505246268095,1
936,0.19592970317459443,-0.16933950524827604,0.010257534406264111,0.0046363018287027095,0.7399438683329523,0.005937620120043714,0.11934273945149428,0
937,0.20075738422389186,-0.16752553824232563,0.009386706157940005,0.0046363018287027095,0.7434081550656166,0.005960736203549774,0.11941468214153417,0
938,0.2064233807930724,-0.1662066778736755,0.006002444301762546,0.0046363018287027095,0.7533163066799352,0.006002444301762546,0.12144144992021655,1
939,0.20900426013505027,-0.1657056484303316,0.005976602152252704,0.0046363018287027095,0.7453073246113278,0.005976602152252704,0.12085183944964446,1
940,0.20103422104819788,-0.16562314614602988,0.005958642515448469,0.0046363018287027095,0.7319855556523146,0.005958642515448469,0.12123972861617806,1
941,0.21067675075041395,-0.16712716877050213,0.005964230406883566,0.0046363018287027095,0.738885076666744,0.005964230406883566,0.12189149512173056,1
942,0.20497192578384613,-0.16997749574746743,0.0059279177895169765,0.0046363018287027095,0.7377828967511059,0.0059279177895169765,0.12032176873921517,1
943,0.2094981536709176,-0.16592784148425851,0.005994583811800129,0.0046363018287027095,0.739922970970412,0.005994583811800129,0.12060653947764631,1
944,0.20531694604037581,-0.15884445221136895,0.006013995698026521,0.0046363018287027095,0.7383126805917194,0.006013995698026521,0.12049536259837793,1
945,0.193248112948442,-0.16327504742125476,0.006483555466839357,0.0046363018287027095,0.7326068183043172,0.005970888764791383,0.11977357855621695,0
946,0.19756105931612256,-0.16008222581536377,0.0062969829315819795,0.0046363018287027095,0.7303670085072173,0.006040621805093787,0.11983988718774308,0
947,0.1980304970693666,-0.16866639563469576,0.00606331766965649,0.0046363018287027095,0.7311996788278667,0.00606331766965649,0.1213037098979139,1
948,0.1980668094034699,-0.16222992923028345,0.006046248601622221,0.0046363018287027095,0.724728224393032,0.006046248601622221,0.12058395270477534,1
949,0.1980668094034699,-0.16222992923028345,0.006046248601622221,0.0046363018287027095,0.724728224393032,0.006046248601622221,0.12058395270477534,1
950,0.20028540337148043,-0.16677427398247852,0.006041844142507971,0.0046363018287027095,0.7335470320273737,0.006041844142507971,0.12280884323468977,1
951,0.2034975470281612,-0.15973748853763658,0.005995147872120294,0.0046363018287027095,0.7365432983579792,0.005995147872120294,0.12119825803311475,1
952,0.2105550411955931,-0.15974841932483777,0.005959735812917804,0.0046363018287027095,0.7325121299873099,0.005959735812917804,0.12137931703861844,1
953,0.21140749621090807,-0.16424073304763143,0.006054284104756749,0.0046363018287027095,0.7413745822655582,0.006054284104756749,0.12397876086769252,1
954,0.21651038893138339,-0.1581536441148067,0.00606188218882341,0.0046363018287027095,0.7375237395423428,0.00606188218882341,0.12224228868664155,1
955,0.22321687468521098,-0.15274118578467957,0.006083105599191925,0.0046363018287027095,0.7366890633168637,0.006083105599191925,0.12233612873028121,1
956,0.22523479225565454,-0.15126313894020044,0.006061704722548305,0.0046363018287027095,0.7292930424398966,0.006061704722548305,0.12170451618666608,1
957,0.22543497559070058,-0.1530410997424198,0.006125306345833845,0.0046363018287027095,0.7257751223932036,0.006125306345833845,0.12139943453834043,1
958,0.22676290290477988,-0.14537200885565393,0.005986767962882138,0.0046363018287027095,0.7282169009686051,0.005986767962882138,0.12155924946739961,1
959,0.22660044755071806,-0.14327919866029998,0.005905816972593276,0.0046363018287027095,0.7344931562028774,0.005905816972593276,0.12187183712949623,1
960,0.2334660228947415,-0.1391547069640118,0.005959532752642735,0.0046363018287027095,0.7314323476763039,0.005959532752642735,0.12367286779228609,1
961,0.231608937362113,-0.13429081806322657,0.00591832248721215,0.0046363018287027095,0.7425850446844611,0.00591832248721215,0.12232883280929367,1
962,0.23446061345608554,-0.13627822957562502,0.00585903131777821,0.0046363018287027095,0.7312243399821359,0.00585903131777821,0.12362883866288335,1
963,0.23034489433084046,-0.14035421023735592,0.0061144571930842415,0.0046363018287027095,0.7194654216384458,0.005933343839098187,0.1239667592003327,0
964,0.23222877114174575,-0.13463100558809307,0.024809965238343064,0.0046363018287027095,0.7182266347432997,0.005948643955228602,0.12264634298359174,0
965,0.23222877114174575,-0.13463100558809307,0.024809965238343064,0.0046363018287027095,0.7182266347432997,0.005948643955228602,0.12264634298359174,0
966,0.23222877114174575,-0.13463100558809307,0.024809965238343064,0.0046363018287027095,0.7182266347432997,0.005948643955228602,0.12264634298359174,0
967,0.22903492045313179,-0.1314783764268957,0.0058955751929003234,0.0046363018287027095,0.7245520523951086,0.0058955751929003234,0.12235537783340496,1
968,0.23380768669443372,-0.12934783437147737,0.005889613355286874,0.0046363018287027095,0.7269640095785257,0.005889613355286874,0.1232702276012765,1
969,0.2325136783626974,-0.12983195914738707,0.005847868389662586,0.0046363018287027095,0.7304929355024441,0.005847868389662586,0.12069566515426228,1
970,0.2375402835969147,-0.1306635470605188,0.005810209267060507,0.0046363018287027095,0.7378106563872652,0.005810209267060507,0.12188183991409864,1
971,0.23468988166466231,-0.12895073042028357,0.005777619559819907,0.0046363018287027095,0.7435238695370041,0.005769179656073354,0.11997094848756681,0
972,0.23468988166466231,-0.12895073042028357,0.005777619559819907,0.0046363018287027095,0.7435238695370041,0.005769179656073354,0.11997094848756681,0
973,0.23468988166466231,-0.12895073042028357,0.005777619559819907,0.0046363018287027095,0.7435238695370041,0.005769179656073354,0.11997094848756681,0
974,0.23468988166466231,-0.12895073042028357,0.005777619559819907,0.0046363018287027095,0.7435238695370041,0.005769179656073354,0.11997094848756681,0
975,0.23575401399414914,-0.13164628584674803,0.005750201263393232,0.0046363018287027095,0.7428305568222621,0.005750201263393232,0.1202445235489508,1
976,0.2406938957746822,-0.13647455910290715,0.005892238802748404,0.0046363018287027095,0.7488876147823014,0.005892238802748404,0.12259045436019653,1
977,0.24599619624838812,-0.13065480750221,0.005896566012203532,0.0046363018287027095,0.7457548065109256,0.005896566012203532,0.12334287283025176,1
978,0.24995718354198132,-0.13040186018397462,0.005899206333304412,0.0046363018287027095,0.7411744414815934,0.005899206333304412,0.12364846390387238,1
979,0.24013987100713277,-0.13091834404350314,0.00587127397632855,0.0046363018287027095,0.7372876914281292,0.00587127397632855,0.12193910108055364,1
980,0.23308521915717187,-0.12742241351800856,0.005737629312839231,0.0046363018287027095,0.7392365458308524,0.005737629312839231,0.12077834124903467,1
981,0.23471968500064241,-0.12330766303045286,0.005840617495013885,0.0046363018287027095,0.744210679823735,0.005840617495013885,0.12040001787796949,1
982,0.22628039170742106,-0.12242118797527418,0.04836658137303981,0.0046363018287027095,0.7365316344340394,0.005765806354737207,0.11793600448115063,0
983,0.23105696366873388,-0.12319431689650769,0.07432188878051538,0.0046363018287027095,0.7379068654999937,0.005823221022496644,0.11738277498563805,0
984,0.23247553840409158,-0.11988479958227422,0.07043942115113785,0.0046363018287027095,0.7414479026911365,0.0057424724206274645,0.11745644051120264,0
985,0.23481597387167427,-0.11564265789458711,0.10599562928715434,0.0046363018287027095,0.7551615523696139,0.0058529268077337545,0.11683546681990185,0
986,0.24030948527166412,-0.12001617046974433,0.04341891509415892,0.0046363018287027095,0.7440228098211519,0.005925409883564793,0.11806367602889924,0
987,0.24126685091767355,-0.1098566365154488,0.05146019406508719,0.0046363018287027095,0.7483538775481884,0.005876842924065457,0.11786497421230979,0
988,0.24126685091767355,-0.1098566365154488,0.05146019406508719,0.0046363018287027095,0.7483538775481884,0.005876842924065457,0.11786497421230979,0
989,0.2374206309064237,-0.11399960524480049,0.030164462533891784,0.0046363018287027095,0.7621402759538838,0.00592849894216109,0.11844320959690359,0
990,0.2374206309064237,-0.11399960524480049,0.030164462533891784,0.0046363018287027095,0.7621402759538838,0.00592849894216109,0.11844320959690359,0
991,0.2374206309064237,-0.11399960524480049,0.030164462533891784,0.0046363018287027095,0.7621402759538838,0.00592849894216109,0.11844320959690359,0
992,0.2359157950235513,-0.11759755183080389,0.013898805396021629,0.0046363018287027095,0.7638101500790503,0.005911970921766918,0.11910630908730956,0
993,0.2359157950235513,-0.11759755183080389,0.013898805396021629,0.0046363018287027095,0.7638101500790503,0.005911970921766918,0.11910630908730956,0
994,0.2359157950235513,-0.11759755183080389,0.013898805396021629,0.0046363018287027095,0.7638101500790503,0.005911970921766918,0.11910630908730956,0
995,0.2359157950235513,-0.11759755183080389,0.013898805396021629,0.0046363018287027095,0.7638101500790503,0.005911970921766918,0.11910630908730956,0
996,0.2359157950235513,-0.11759755183080389,0.013898805396021629,0.0046363018287027095,0.7638101500790503,0.005911970921766918,0.11910630908730956,0
997,0.2293579080202964,-0.12882702251138525,0.01087294785327908,0.0046363018287027095,0.7559319151467935,0.005912893974922235,0.11929572350043773,0
998,0.23721199225866124,-0.13149180569265065,0.01223973575622841,0.0046363018287027095,0.7545147567119204,0.005987179320034572,0.11920926891826653,0
999,0.2395416174885286,-0.12919178034619835,0.007469959941958919,0.0046363018287027095,0.748024033578429,0.006053440782653524,0.11962363326936279,0
1000,0.23865286885236905,-0.13473521327683446,0.015541608260336192,0.0046363018287027095,0.7446596317378356,0.006050320320195614,0.11902576758726982,0
1001,0.24023331248988222,-0.13683212430973785,0.010296832382121788,0.0046363018287027095,0.741441050345276,0.006065136407846084,0.11934948512897277,0
1002,0.23264040404431025,-0.13826487449298083,0.009145844938637918,0.0046363018287027095,0.7414070332750612,0.006109140727199508,0.11944893700800739,0
1003,0.23420817545259173,-0.13562700935373262,0.006097767434305243,0.0046363018287027095,0.7414130783207746,0.006097767434305243,0.12113255257811395,1
1004,0.2289607082849159,-0.1321660680911836,0.0060579430522209035,0.0046363018287027095,0.7386311112635074,0.0060579430522209035,0.1210742710195869,1
1005,0.23350185807782148,-0.13591287987046208,0.00612014828948509,0.0046363018287027095,0.73441983908105,0.00612014828948509,0.12268937707518085,1
1006,0.23370717827343124,-0.1354553963444032,0.006092213655737389,0.0046363018287027095,0.7219265725984588,0.006092213655737389,0.12363501844401054,1
1007,0.23370717827343124,-0.1354553963444032,0.006092213655737389,0.0046363018287027095,0.7219265725984588,0.006092213655737389,0.12363501844401054,1
1008,0.23370717827343124,-0.1354553963444032,0.006092213655737389,0.0046363018287027095,0.7219265725984588,0.006092213655737389,0.12363501844401054,1
1009,0.2398849310711926,-0.1374506569640734,0.006118640693172581,0.0046363018287027095,0.7240018244285851,0.006118640693172581,0.12411865570981413,1
1010,0.2398849310711926,-0.1374506569640734,0.006118640693172581,0.0046363018287027095,0.7240018244285851,0.006118640693172581,0.12411865570981413,1
1011,0.23941024044849907,-0.13453444343933152,0.006375708412708388,0.0046363018287027095,0.7194560889152268,0.00616860440950244,0.1217938856244852,0
1012,0.23147362293583051,-0.1272856060569928,0.006144017494648604,0.0046363018287027095,0.7293704748246521,0.006144017494648604,0.12047136220305785,1
1013,0.2376592885784431,-0.12584666474848294,0.006168750248843329,0.0046363018287027095,0.7369323858782808,0.006168750248843329,0.12094477326674664,1
1014,0.23975508137013965,-0.12103625608494382,0.006144170516377154,0.0046363018287027095,0.7351930484470535,0.006144170516377154,0.12065678454085677,1
1015,0.2374155995302387,-0.12109261693448835,0.009196176673597666,0.0046363018287027095,0.7314754263046392,0.006163788536889721,0.11944932876081023,0
1016,0.24253302560483295,-0.12225782196928471,0.012172323637246133,0.0046363018287027095,0.7347420060518135,0.0062122817661868,0.11922798692556023,0
1017,0.23817755674454352,-0.1211648731315802,0.01973782268194826,0.0046363018287027095,0.7440471379457213,0.006165573536024924,0.11883500003665565,0
1018,0.2405152490496547,-0.12297604449220473,0.007531959562937888,0.0046363018287027095,0.7350152771883127,0.006196005939616089,0.11963449300645243,0
1019,0.23995527636676464,-0.1197768709383234,0.03901319351280179,0.0046363018287027095,0.7359594920680651,0.006215032181860334,0.11818897373484144,0
1020,0.248121074970877,-0.12277249564382327,0.00622720040531469,0.0046363018287027095,0.7371842336246099,0.00622720040531469,0.12110596755830155,1
1021,0.24648743601238968,-0.12910052416994958,0.006163704729372713,0.0046363018287027095,0.7254615977113021,0.006163704729372713,0.12037509937738239,1
1022,0.24712455822498045,-0.12117335245833727,0.006079160032755628,0.0046363018287027095,0.7226020872931045,0.006044137399433651,0.1199408200766121,0
1023,0.2465193378801471,-0.12027541411514121,0.008582367978982847,0.0046363018287027095,0.7331802945354723,0.005980351471390128,0.11948990035212786,0
1024,0.23932027939948297,-0.1090413918835736,0.01698182971400978,0.0046363018287027095,0.7340312193110259,0.005918062614572197,0.11894815556761289,0
1025,0.23916130740774563,-0.10619837876845559,0.01296740031068308,0.0046363018287027095,0.7356481592658244,0.005977524811349879,0.11916394524704818,0
1026,0.23863318934669736,-0.10488391678838441,0.04351405698291457,0.0046363018287027095,0.7449343165674797,0.006050103133411105,0.1180644392582638,0
1027,0.24504501390276093,-0.11024467475936299,0.006024998062501372,0.0046363018287027095,0.7452451214560535,0.006024998062501372,0.12041122046757413,1
1028,0.24701992669578818,-0.11506821692563708,0.008263100880792164,0.0046363018287027095,0.7434127091787092,0.006030724740748887,0.11952751972104189,0
1029,0.23917582533761295,-0.10909532363096165,0.04323884518520746,0.0046363018287027095,0.736380260048563,0.0059848456357574666,0.11806987048233933,0
1030,0.2372570738071284,-0.10635785757398868,0.019482714811386633,0.0046363018287027095,0.7440455932327833,0.00594093899440438,0.1188363086398455,0
1031,0.24432912299888612,-0.10555137478010537,0.0059457381118353785,0.0046363018287027095,0.7439086270139449,0.0059457381118353785,0.1200774919072449,1
1032,0.24353237295660007,-0.10360183300832344,0.005925930466067624,0.0046363018287027095,0.7410068746994025,0.005925930466067624,0.12123485602919873,1
1033,0.2541890194405919,-0.09772753188794332,0.005889217580442946,0.0046363018287027095,0.7337852128958281,0.005889217580442946,0.12158405606830708,1
1034,0.25773797322760844,-0.09509141734934994,0.005928185579147676,0.0046363018287027095,0.734649845327134,0.005928185579147676,0.12275849161568424,1
1035,0.2642747143496165,-0.09215450380816961,0.005992166418761386,0.0046363018287027095,0.7423543103401378,0.005992166418761386,0.12444177401222582,1
1036,0.2592027645201973,-0.09155789770834588,0.006000988897375509,0.0046363018287027095,0.7365026254019079,0.006000988897375509,0.12407914707708644,1
1037,0.2588108931100988,-0.0909457909749037,0.0059936988355745015,0.0046363018287027095,0.7346730527461872,0.0059936988355745015,0.12502595400887206,1
1038,0.2565454076963209,-0.0856151072644486,0.005925022915740977,0.0046363018287027095,0.7405283925882685,0.005925022915740977,0.1255863444220138,1
1039,0.25496321842031344,-0.08721288581297372,0.005991355235862765,0.0046363018287027095,0.7344936526789053,0.005991355235862765,0.12163805404256799,1
1040,0.25962242487325426,-0.09718296232344383,0.006078195892441945,0.0046363018287027095,0.742347676683164,0.006078195892441945,0.12228619041682344,1
1041,0.2553726978463434,-0.10312365093202978,0.005960137604471136,0.0046363018287027095,0.7472746601483604,0.005960137604471136,0.12136560299505753,1
1042,0.2510390849706485,-0.11071189440932536,0.0058822551568739005,0.0046363018287027095,0.7500371642268919,0.0058822551568739005,0.12328403236389197,1
1043,0.25654842240746045,-0.11235431227673262,0.005911912991987353,0.0046363018287027095,0.746949991833662,0.005911912991987353,0.12358640011573295,1
1044,0.2520812041854016,-0.1146397009031015,0.005884346297545481,0.0046363018287027095,0.7325927088993531,0.005884346297545481,0.12388727018057195,1
1045,0.2581913513393816,-0.11458172323667513,0.005879302191280196,0.0046363018287027095,0.7251098475550286,0.005879302191280196,0.12450888043719884,1
1046,0.254162327989559,-0.12076621920341399,0.0058396472581423,0.0046363018287027095,0.7223229453730354,0.0058396472581423,0.12394333912178296,1
1047,0.2524762836871383,-0.1201054419675861,0.005857139222513939,0.0046363018287027095,0.7315610609159477,0.005857139222513939,0.1224964227810807,1
1048,0.25511675097527947,-0.12356409875515866,0.005839596197720919,0.0046363018287027095,0.7392779308053008,0.005839596197720919,0.1250787131891115,1
1049,0.26098794598461095,-0.11342967160879461,0.005863606537518275,0.0046363018287027095,0.7454858422626303,0.005863606537518275,0.125715996370462,1
1050,0.2591450361663512,-0.11113520230836023,0.005838615894967778,0.0046363018287027095,0.7618087147888716,0.005838615894967778,0.1233612980343353,1
1051,0.2542413006300204,-0.1111006968220559,0.005788154970385199,0.0046363018287027095,0.768226381266959,0.005788154970385199,0.12303097292361134,1
1052,0.25932736123370476,-0.10513181960323432,0.005754513410617726,0.0046363018287027095,0.7636063750756794,0.005754513410617726,0.1230543292577386,1
1053,0.2615568959879372,-0.1046421381884021,0.005712384504286951,0.0046363018287027095,0.7608580789394374,0.005712384504286951,0.12335226284038187,1
1054,0.26332706629964997,-0.09836416082028888,0.005851937984138439,0.0046363018287027095,0.7571749200641209,0.005660893111847691,0.11986178101711749,0
1055,0.26563535132431726,-0.09941509650953295,0.005836947559361885,0.0046363018287027095,0.7616866879142558,0.005836947559361885,0.12072073807175866,1
1056,0.2680501644018352,-0.10408571192792354,0.005857614835842447,0.0046363018287027095,0.7583930488396561,0.005857614835842447,0.12259711838732247,1
1057,0.2650878958152676,-0.10017255317614493,0.00575814261293387,0.0046363018287027095,0.7597517321226476,0.00575814261293387,0.12278327529225685,1
1058,0.2588377483574365,-0.09925669369319419,0.005710890159009903,0.0046363018287027095,0.7527744743841128,0.005710890159009903,0.12314229799283166,1
1059,0.2559516566370676,-0.09602417658164887,0.005738844626576053,0.0046363018287027095,0.7597730899088768,0.005738844626576053,0.12320285074258132,1
1060,0.26375208312046206,-0.09642462217935867,0.005824033260311151,0.0046363018287027095,0.757838824726699,0.005824033260311151,0.1255955525591619,1
1061,0.25879496391701357,-0.0955998021200879,0.005688336263055531,0.0046363018287027095,0.7591690684453852,0.005688336263055531,0.1242481082529914,1
1062,0.27409211306395775,-0.09495696269588356,0.005815180159143902,0.0046363018287027095,0.77031221342849,0.005815180159143902,0.12709421979485666,1
1063,0.28003767,-0.09855805385650798,0.005966388838891636,0.0046363018287027095,0.7711896005524533,0.005966388838891636,0.12669535599960652,1
1064,0.28003767,-0.09507281772937036,0.005851493931949684,0.0046363018287027095,0.7637967848575998,0.005851493931949684,0.12927281798202,1
1065,0.2800232691520109,-0.09769146028423442,0.005798383112593498,0.0046363018287027095,0.7633357047538116,0.005798383112593498,0.1308875384479189,1
1066,0.28003767,-0.09927594735933992,0.0058695729396799285,0.0046363018287027095,0.7728922900288651,0.0058695729396799285,0.13067773135570354,1
1067,0.28003767,-0.09912557592110971,0.005826686244093217,0.0046363018287027095,0.7759166587359523,0.005826686244093217,0.13067175830694405,1
1068,0.28003767,-0.10016093948615212,0.005812156012640064,0.0046363018287027095,0.7830408448382716,0.005812156012640064,0.1305822568496107,1
1069,0.28003767,-0.10001402867322871,0.005805543068513433,0.0046363018287027095,0.7744999311662957,0.005805543068513433,0.13106281699443417,1
1070,0.2703165891919227,-0.09394186156108117,0.005571069181703891,0.0046363018287027095,0.7728894860911668,0.005571069181703891,0.12867429583881382,1
1071,0.2630332959631607,-0.08894693334814606,0.005443592690030254,0.0046363018287027095,0.7720572450847333,0.005443592690030254,0.1254758754659152,1
1072,0.2657968942194766,-0.09159752633017336,0.005484108631942404,0.0046363018287027095,0.7755154272264891,0.005484108631942404,0.12438204376551681,1
1073,0.2556561489996142,-0.09167125767004158,0.0052830067824082855,0.0046363018287027095,0.767465016504951,0.0052830067824082855,0.12462281454810985,1
1074,0.26014802873928106,-0.09911830231805423,0.0054037920835341546,0.0046363018287027095,0.7610620744721164,0.0054037920835341546,0.1261729129774082,1
1075,0.268841504579759,-0.09734787244920104,0.005470787500899196,0.0046363018287027095,0.7552192324297254,0.005470787500899196,0.12663879275944398,1
1076,0.27565931363031093,-0.10514983754982812,0.005704008858050422,0.0046363018287027095,0.7668001410263023,0.005704008858050422,0.12831779643001967,1
1077,0.2694819713609097,-0.10742224774654044,0.005691261953486176,0.0046363018287027095,0.771686615609971,0.005691261953486176,0.12847284110977467,1
1078,0.26833524297206623,-0.10610151682565475,0.005708298250328657,0.0046363018287027095,0.7750763150207609,0.005708298250328657,0.1272697568490898,1
1079,0.2582653171391483,-0.1091832876541698,0.005643250215350458,0.0046363018287027095,0.7675909329986367,0.005643250215350458,0.1256565657490309,1
1080,0.2562341205651149,-0.11543998946915797,0.005603445830639968,0.0046363018287027095,0.7678814678687828,0.005603445830639968,0.126423052526534,1
1081,0.2625222970383172,-0.11197640133763616,0.005656326674068562,0.0046363018287027095,0.780332192002732,0.005656326674068562,0.12754039694258806,1
1082,0.2635871140415049,-0.11120997506534476,0.005644212508947636,0.0046363018287027095,0.788998689033958,0.005644212508947636,0.12590788018826235,1
1083,0.26158872724466203,-0.11396687017083708,0.005672943298578989,0.0046363018287027095,0.7966224327046606,0.005672943298578989,0.12778452406020308,1
1084,0.26870287123780373,-0.1126513711100204,0.005734987817994495,0.0046363018287027095,0.7976762551782266,0.005734987817994495,0.12882077945970535,1
1085,0.27059262289104935,-0.1115081292965576,0.005819633550283782,0.0046363018287027095,0.8089478868492925,0.005819633550283782,0.1284705778898118,1
1086,0.2650454911800298,-0.11077262947302598,0.005811007559396098,0.0046363018287027095,0.8078750410281857,0.005811007559396098,0.1296549148292957,1
1087,0.2628956361189727,-0.1175915729739671,0.005865703796587311,0.0046363018287027095,0.815838474026245,0.005865703796587311,0.128385102307991,1
1088,0.26341366938238103,-0.12071588286008439,0.005907837576780699,0.0046363018287027095,0.8207412909940287,0.005907837576780699,0.1308564551014846,1
1089,0.26023294164750577,-0.11031295251892956,0.00585483028591887,0.0046363018287027095,0.8297068219575598,0.00585483028591887,0.13001350436421683,1
1090,0.25279289207011957,-0.11006143886298432,0.005729711268460844,0.0046363018287027095,0.8180855516447005,0.005729711268460844,0.1291618088891821,1
1091,0.2557548104915195,-0.10967017639525749,0.005738315740322134,0.0046363018287027095,0.8126800905414111,0.005738315740322134,0.12842251399306295,1
1092,0.2517683378543182,-0.10712669272778995,0.00563787467085009,0.0046363018287027095,0.8227736592629032,0.00563787467085009,0.12917552404727578,1
1093,0.24698437904859077,-0.10315528208664067,0.005559507465506935,0.0046363018287027095,0.8189051921667021,0.005559507465506935,0.1282903932022369,1
1094,0.24758867287824515,-0.09936320094103994,0.0055760078267616114,0.0046363018287027095,0.8241236364549286,0.0055760078267616114,0.12899594846880258,1
1095,0.24792955017188623,-0.09757537622941666,0.005486221953174558,0.0046363018287027095,0.8210127453306585,0.005486221953174558,0.129805844486598,1
1096,0.25088660992362155,-0.09539040357810807,0.005452189188325077,0.0046363018287027095,0.8208468830054678,0.005452189188325077,0.1324415378109569,1
1097,0.23987859827026964,-0.09683995470553584,0.005368305097388663,0.0046363018287027095,0.8114515659971094,0.005368305097388663,0.1330271070511669,1
1098,0.23998761271289776,-0.09020575042727759,0.005257461032471562,0.0046363018287027095,0.8172571238117607,0.005257461032471562,0.13065302838480797,1
1099,0.24082585706173504,-0.08792728281547353,0.0052875513204790605,0.0046363018287027095,0.8307599573201023,0.0052875513204790605,0.13065462725490345,1
1100,0.2407720054745767,-0.08790569377265367,0.0053577013352508205,0.0046363018287027095,0.8280235338678974,0.0053577013352508205,0.13211824532294603,1
1101,0.24421118267075834,-0.07818154440321384,0.005320867688969181,0.0046363018287027095,0.8340636648123696,0.005320867688969181,0.13242045768108376,1
1102,0.24774778012643467,-0.0827695018019458,0.005435442133229347,0.0046363018287027095,0.8275405956240666,0.005435442133229347,0.13228166075136738,1
1103,0.2504579210704133,-0.08522260677342099,0.005490403994803551,0.0046363018287027095,0.8242100462939409,0.005490403994803551,0.1305303839502827,1
1104,0.250484882821163,-0.08869857080732058,0.005522140490861915,0.0046363018287027095,0.8315926041098113,0.005522140490861915,0.1292979214253033,1
1105,0.25028775552191307,-0.09468269480903127,0.005564153620323053,0.0046363018287027095,0.8284493441356013,0.005564153620323053,0.1293313765741677,1
1106,0.24792967192120052,-0.09568513915431036,0.005554037166181452,0.0046363018287027095,0.825259170963486,0.005554037166181452,0.12803074417335647,1
1107,0.25624314056260283,-0.0974630725079956,0.0056176384062603755,0.0046363018287027095,0.8197534829079902,0.0056176384062603755,0.12864400667096665,1
1108,0.2569516445940553,-0.10062374694560344,0.005625060053923466,0.0046363018287027095,0.811011756579518,0.005625060053923466,0.1285426575599874,1
1109,0.2683516244390684,-0.11233592068973725,0.005907911208496106,0.0046363018287027095,0.8102200236246228,0.005907911208496106,0.1292749380626778,1
1110,0.2699523002041254,-0.1260337440806338,0.0060973038790613065,0.0046363018287027095,0.8121260862237115,0.0060973038790613065,0.12839659443663573,1
1111,0.27778555531924315,-0.12745193016402195,0.006165197279756557,0.0046363018287027095,0.8185170249673003,0.006165197279756557,0.1316772006919636,1
1112,0.28003767,-0.12933695289434516,0.006193943557061964,0.0046363018287027095,0.8322934801100333,0.006193943557061964,0.13182955322883924,1
1113,0.28003767,-0.12862544023856778,0.006235487711243278,0.0046363018287027095,0.8432091844460694,0.006235487711243278,0.13089678207632605,1
1114,0.26891706199339016,-0.13232778480768076,0.0061815562574291825,0.0046363018287027095,0.8408802619073614,0.0061815562574291825,0.13170877031922557,1
1115,0.27369985218859477,-0.1314959726504323,0.0062998974855139655,0.0046363018287027095,0.8462907503688932,0.0062998974855139655,0.13338172329013495,1
1116,0.27433931860277916,-0.13719987917792287,0.00631908692863392,0.0046363018287027095,0.8388884451601943,0.00631908692863392,0.1323219167533361,1
1117,0.27118723780856124,-0.14062125263428074,0.006296720327923267,0.0046363018287027095,0.8382667691403838,0.006296720327923267,0.13251807485529193,1
1118,0.2677266344749427,-0.13423288529689206,0.006341808933180837,0.0046363018287027095,0.8202284823118973,0.006341808933180837,0.13006625891961088,1
1119,0.2681829988823976,-0.12977365527195778,0.006427980893217328,0.0046363018287027095,0.8187718914130713,0.006427980893217328,0.12719517495711033,1
1120,0.2664964895359176,-0.14030478078616343,0.006412500993975873,0.0046363018287027095,0.807820002233018,0.006412500993975873,0.12791601220297216,1
1121,0.26444073216634967,-0.13813332585931368,0.006425484839315164,0.0046363018287027095,0.8190632537879583,0.006425484839315164,0.12795625696804117,1
1122,0.26132909415274047,-0.14519390424488912,0.006363193857709027,0.0046363018287027095,0.8287438967136128,0.006363193857709027,0.12837229156221658,1
1123,0.26339134176767454,-0.1500504337917812,0.006374452625801896,0.0046363018287027095,0.8287893399680307,0.006374452625801896,0.12986422945215104,1
1124,0.26615025530032393,-0.1521742977281468,0.0063943125661515944,0.0046363018287027095,0.8294075695391016,0.0063943125661515944,0.12940128727783531,1
1125,0.2597704648117583,-0.15011600196903677,0.006330325921925569,0.0046363018287027095,0.8246997772371734,0.006330325921925569,0.12806715565884128,1
1126,0.2708134763394577,-0.15411526197135925,0.006368367138967323,0.0046363018287027095,0.8244322575244062,0.006368367138967323,0.12999625948187177,1
1127,0.2687512784323244,-0.15105775956019876,0.006371370665722687,0.0046363018287027095,0.8193299616657749,0.006371370665722687,0.13121268054478574,1
1128,0.2742723826938479,-0.1450080442279958,0.006397145663965894,0.0046363018287027095,0.8151159584181281,0.006397145663965894,0.1312444675825252,1
1129,0.2782168591254474,-0.14799142184108974,0.006408872288550577,0.0046363018287027095,0.8128780539178287,0.006408872288550577,0.13256756984222937,1
1130,0.28003767,-0.1522937827942476,0.006352294533226515,0.0046363018287027095,0.8116216196633517,0.006352294533226515,0.13406075463012082,1
1131,0.27514875311969433,-0.14111669288107112,0.006331009891678975,0.0046363018287027095,0.8098453860061486,0.006331009891678975,0.13248132151658254,1
1132,0.27159915214820585,-0.1343353095298017,0.006322717971391021,0.0046363018287027095,0.8062381981833947,0.006322717971391021,0.13417636356586038,1
1133,0.26423248666113697,-0.1347225398264649,0.006249438405602132,0.0046363018287027095,0.802292952252329,0.006249438405602132,0.1341713170400684,1
1134,0.2605904139797607,-0.1386130439431707,0.006210688716084496,0.0046363018287027095,0.7981453242762016,0.006210688716084496,0.1360559313945238,1
1135,0.26327606537346687,-0.13416155174472358,0.006252611532491581,0.0046363018287027095,0.7912380041625332,0.006252611532491581,0.13460455121297837,1
1136,0.2707185945133667,-0.1391891524687655,0.006289810671765338,0.0046363018287027095,0.7979313153765516,0.006289810671765338,0.1355495887111852,1
1137,0.2699652461025157,-0.14476623099852334,0.006256469903277773,0.0046363018287027095,0.7940281710588514,0.006256469903277773,0.13376313648568597,1
1138,0.2757311942603096,-0.13861318033398623,0.006319525525886286,0.0046363018287027095,0.8076733197572687,0.006319525525886286,0.13360335537416884,1
1139,0.2788150838827533,-0.13174281026414084,0.006326459858770592,0.0046363018287027095,0.8036974880301191,0.006326459858770592,0.13591833316254007,1
1140,0.2708791769116136,-0.1302045439719205,0.006275843019994703,0.0046363018287027095,0.7972189464422089,0.006275843019994703,0.13465083178332718,1
1141,0.2778953160728349,-0.12952401745036074,0.006321116743061073,0.0046363018287027095,0.7954891463924876,0.006321116743061073,0.1356390458556287,1
1142,0.27665551713932673,-0.12659785404744306,0.006205663595325407,0.0046363018287027095,0.792399408647266,0.006205663595325407,0.13685900578881272,1
1143,0.28003767,-0.12419198929472687,0.006224242727931941,0.0046363018287027095,0.7992548007587288,0.006224242727931941,0.13772532579757193,1
1144,0.28003767,-0.12246648299929709,0.006273160398693588,0.0046363018287027095,0.7988696231084159,0.006273160398693588,0.13651537646101344,1
1145,0.28003767,-0.11963776296253636,0.006253251324943938,0.0046363018287027095,0.8099703893940752,0.006253251324943938,0.13486444938060715,1
1146,0.28003767,-0.11676780922660178,0.006244386892688293,0.0046363018287027095,0.8211477313413136,0.006244386892688293,0.13279297994604314,1
1147,0.28003767,-0.1258676980491892,0.0062720761152795105,0.0046363018287027095,0.8192430264926039,0.0062720761152795105,0.13514467455393936,1
1148,0.28003767,-0.1277349673943562,0.006299152978454634,0.0046363018287027095,0.8214097960735499,0.006299152978454634,0.13599613728973184,1
1149,0.2768258189758944,-0.13036384527095454,0.0062291035049898144,0.0046363018287027095,0.8105020269260581,0.0062291035049898144,0.13503986715628852,1
1150,0.27255523041381663,-0.13849605499482537,0.0062291960739548945,0.0046363018287027095,0.8017172164675819,0.0062291960739548945,0.13493072717690482,1
1151,0.2753785920565063,-0.15240276602296027,0.006337839805695609,0.0046363018287027095,0.7956183630079533,0.006337839805695609,0.13716122251155158,1
1152,0.2739503180303908,-0.1538236950804831,0.006336241239609385,0.0046363018287027095,0.7922814045315134,0.006336241239609385,0.13690399420267557,1
1153,0.28003767,-0.14539377054909386,0.0063707862953486065,0.0046363018287027095,0.8008154042223589,0.0063707862953486065,0.13719108587452344,1
1154,0.2769980194225559,-0.14303592826557532,0.006334894725428142,0.0046363018287027095,0.7984993851687875,0.006334894725428142,0.13788942076240457,1
1155,0.27396854557818456,-0.13504266996861508,0.0062965244503033,0.0046363018287027095,0.8077103480049287,0.0062965244503033,0.13531431247992373,1
1156,0.27529096507471634,-0.12787287519092738,0.006299294953492625,0.0046363018287027095,0.808748133283822,0.006299294953492625,0.13543882395358298,1
1157,0.28003767,-0.1291800565059667,0.006378088582935417,0.0046363018287027095,0.8154702534985521,0.006378088582935417,0.1334455513564539,1
1158,0.28003767,-0.13342092740835956,0.006354644923126065,0.0046363018287027095,0.8100039487604855,0.006354644923126065,0.13349042217546556,1
1159,0.28003767,-0.13553442843400584,0.006347026836479454,0.0046363018287027095,0.8075722013448057,0.006347026836479454,0.1316261099180116,1
1160,0.2718762844814369,-0.13431746954644025,0.0062012064320582354,0.0046363018287027095,0.8161037043523722,0.0062012064320582354,0.13213676028355517,1
1161,0.2774308903822931,-0.13350258258191966,0.006295315249271485,0.0046363018287027095,0.8180793264709065,0.006295315249271485,0.13213298924074232,1
1162,0.28003767,-0.13573065160787975,0.006353433367858547,0.0046363018287027095,0.8288998247774012,0.006353433367858547,0.13236752236344204,1
1163,0.2709699518442579,-0.13996508313490477,0.006243648365368812,0.0046363018287027095,0.8269580547337091,0.006243648365368812,0.1317604290966091,1
1164,0.266727261109461,-0.1399399612780313,0.006173419096798292,0.0046363018287027095,0.8195100696669673,0.006173419096798292,0.1300284614755116,1
1165,0.2632197371805944,-0.13705794099398824,0.006193243165607144,0.0046363018287027095,0.828152889119127,0.006193243165607144,0.12879869866754445,1
1166,0.258718510029985,-0.14309298882906973,0.0061329999034326396,0.0046363018287027095,0.8223164896100732,0.0061329999034326396,0.12897751618853623,1
1167,0.2530585629117079,-0.1344569773662076,0.0059780083256323596,0.0046363018287027095,0.8269895719959982,0.0059780083256323596,0.12745522642118004,1
1168,0.2537959345330508,-0.14253519084299754,0.006117882094522521,0.0046363018287027095,0.8285021082230375,0.006117882094522521,0.12730626713295212,1
1169,0.2596394355311078,-0.14657580105770435,0.006197179314268209,0.0046363018287027095,0.8253471510435971,0.006197179314268209,0.12600108499988083,1
1170,0.2525526973814764,-0.1484775357100181,0.006133531416063912,0.0046363018287027095,0.8254777330435039,0.006133531416063912,0.12412421018545702,1
1171,0.24591176005129986,-0.15122975735969424,0.006111429982191133,0.0046363018287027095,0.8247569507575834,0.006111429982191133,0.12326086964519335,1
1172,0.2482106528945351,-0.1525778008753268,0.006192511988505178,0.0046363018287027095,0.8270369147966908,0.006192511988505178,0.12483058302505544,1
1173,0.24901135621621015,-0.150941560441619,0.006254095389867603,0.0046363018287027095,0.826616006117983,0.006254095389867603,0.12499995844175533,1
1174,0.2540243944109183,-0.14902473272344377,0.006332822435471698,0.0046363018287027095,0.8238692146335043,0.006332822435471698,0.12471151555149941,1
1175,0.2630595297068148,-0.15119676184750092,0.006466731976673124,0.0046363018287027095,0.8195504649978982,0.006466731976673124,0.1260358894021515,1
1176,0.2607447459416362,-0.15077711834036978,0.006404655070426647,0.0046363018287027095,0.808039480321979,0.006404655070426647,0.12553842941006568,1
1177,0.26678692389027364,-0.14646620789835982,0.006500332721844909,0.0046363018287027095,0.8065038233163795,0.006500332721844909,0.1237223705254652,1
1178,0.25493999819973423,-0.144230245190258,0.007709789055902932,0.0046363018287027095,0.7969537814264219,0.0064191529373148586,0.1196407457559627,0
1179,0.2565891560379764,-0.1484309598542507,0.006379387622411708,0.0046363018287027095,0.8058303513251603,0.006379387622411708,0.12158983953486334,1
1180,0.25112960101774223,-0.14586751954259322,0.010593828376069297,0.0046363018287027095,0.805400153544572,0.00637088294214675,0.11935015806276275,0
1181,0.24882702651199398,-0.15115704616170542,0.013675372810160045,0.0046363018287027095,0.8025411120407613,0.006358389564198746,0.11914460633355388,0
1182,0.25410273776862996,-0.14428807754431444,0.007418347088955597,0.0046363018287027095,0.8112215252366791,0.0063378101580404645,0.11967128478421053,0
1183,0.25410273776862996,-0.14428807754431444,0.007418347088955597,0.0046363018287027095,0.8112215252366791,0.0063378101580404645,0.11967128478421053,0
1184,0.25630454092089866,-0.1425122170018316,0.006365087759595489,0.0046363018287027095,0.8151809407238597,0.006307028496141512,0.11992380337051156,0
1185,0.25630454092089866,-0.1425122170018316,0.006365087759595489,0.0046363018287027095,0.8151809407238597,0.006307028496141512,0.11992380337051156,0
1186,0.25564003618945164,-0.14293702892111942,0.007632501694023975,0.0046363018287027095,0.8198535256612833,0.006373085014917898,0.11964511738854854,0
1187,0.2606631807811751,-0.1463678510677448,0.006424950895174671,0.0046363018287027095,0.8217473029975421,0.006424950895174671,0.1216905061573813,1
1188,0.26148714148395824,-0.1420421086333973,0.006514092340177236,0.0046363018287027095,0.8161581140022186,0.006514092340177236,0.12138523733954781,1
1189,0.2537244472472123,-0.14267258195593072,0.006383813740960194,0.0046363018287027095,0.8233243220886365,0.006383813740960194,0.12021390578339913,1
1190,0.2537250135874379,-0.14230578901961144,0.006364294175083127,0.0046363018287027095,0.8197842822319326,0.006364294175083127,0.12229690662427775,1
1191,0.24486783773565396,-0.1392686848724328,0.006181028834078505,0.0046363018287027095,0.8137386676098173,0.006181028834078505,0.12351852082392445,1
1192,0.24756877954423673,-0.13582809113944297,0.006161477608432859,0.0046363018287027095,0.819858544627116,0.006161477608432859,0.1251748441184152,1
1193,0.250744251009121,-0.14044408074357206,0.006266569890358382,0.0046363018287027095,0.829682600999078,0.006266569890358382,0.12527186831463144,1
1194,0.2517363230001129,-0.149416437254234,0.0062980544815944,0.0046363018287027095,0.8303496296438593,0.0062980544815944,0.12668342967384325,1
1195,0.25166823294489843,-0.1515640679864041,0.00629448064731925,0.0046363018287027095,0.8320271787584226,0.00629448064731925,0.12689443159309224,1
1196,0.2556664717006303,-0.14876072353376593,0.006415234841741936,0.0046363018287027095,0.8362370761921405,0.006415234841741936,0.12514384624882355,1
1197,0.25492563822224623,-0.14593858525113432,0.006303660913404777,0.0046363018287027095,0.8302758848382685,0.006303660913404777,0.12605606462255553,1
1198,0.25426292078690377,-0.1531742362583251,0.006338520429682529,0.0046363018287027095,0.8279794577525182,0.006338520429682529,0.12440287861156604,1
1199,0.2528941658999074,-0.14733131604819302,0.006358289541387576,0.0046363018287027095,0.8128772895024885,0.006358289541387576,0.12218076775333503,1
1200,0.2527070055968595,-0.15553124952696862,0.006419688999037517,0.0046363018287027095,0.8224662508002127,0.006419688999037517,0.12229687448062766,1
1201,0.2525975219347831,-0.14912293158062037,0.006385159941746954,0.0046363018287027095,0.8282205010955831,0.006385159941746954,0.12364154402274058,1
1202,0.2525932952729071,-0.13971223236899374,0.006387525702577413,0.0046363018287027095,0.833282526789561,0.006387525702577413,0.12380306266339017,1
1203,0.2530800138359397,-0.13754839575867295,0.006360411862668801,0.0046363018287027095,0.8426185496597965,0.006360411862668801,0.12360734438489582,1
1204,0.24833774959136815,-0.14462114045950517,0.006338777504662496,0.0046363018287027095,0.8446812637855549,0.006338777504662496,0.12232740681667909,1
1205,0.2525433796749034,-0.1461225183387251,0.006343441956406938,0.0046363018287027095,0.8507882712863155,0.006343441956406938,0.12322063627570072,1
1206,0.2584064373999975,-0.145572042615067,0.006471063924798369,0.0046363018287027095,0.8472593400939163,0.006471063924798369,0.1224126864815398,1
1207,0.26245710719319065,-0.1421925639598494,0.006540920803794606,0.0046363018287027095,0.8422827530744021,0.006540920803794606,0.12215493656395508,1
1208,0.26624939446768664,-0.13841285152856747,0.006627809379700984,0.0046363018287027095,0.8536778435099566,0.006627809379700984,0.12190642274293563,1
1209,0.26425135076534156,-0.14088896703861786,0.011314678102412386,0.0046363018287027095,0.8500571645235733,0.006696950088376123,0.11932046133192906,0
1210,0.26425135076534156,-0.14088896703861786,0.011314678102412386,0.0046363018287027095,0.8500571645235733,0.006696950088376123,0.11932046133192906,0
1211,0.26527852344363223,-0.14876419808543984,0.006779873671765349,0.0046363018287027095,0.8539799723815489,0.00666831249425039,0.11989437747516984,0
1212,0.2568948684957823,-0.14858733324126278,0.006655913650585271,0.0046363018287027095,0.8441891830723233,0.006655913650585271,0.12006488048761427,1
1213,0.2568948684957823,-0.14858733324126278,0.006655913650585271,0.0046363018287027095,0.8441891830723233,0.006655913650585271,0.12006488048761427,1
1214,0.24963682002692486,-0.15373217747927442,0.006674245703127395,0.0046363018287027095,0.8461938901160652,0.006674245703127395,0.12032624455440827,1
1215,0.2480551826563145,-0.1569835633335117,0.03099277097772546,0.0046363018287027095,0.8442839793429346,0.006715728035925856,0.11844189079516872,0
1216,0.24485237720664316,-0.1635552075737065,0.010627366941273315,0.0046363018287027095,0.8424866001941735,0.006672182848947503,0.1193710974564906,0
1217,0.2511252580396633,-0.170009851225373,0.006796847234005431,0.0046363018287027095,0.8491357078499835,0.006748352821745121,0.11993036207049293,0
1218,0.25564490456523375,-0.17043695088300362,0.006849773480199169,0.0046363018287027095,0.8515133719297832,0.0068008909256410885,0.11993008393992931,0
1219,0.25023712586773855,-0.1745855500753062,0.006759542424927211,0.0046363018287027095,0.8462076440801852,0.006759542424927211,0.12149727561697525,1
1220,0.24468132676737356,-0.18018724497498717,0.006701113906196541,0.0046363018287027095,0.8473854588963728,0.006701113906196541,0.12007282424867866,1
1221,0.24270105201242562,-0.18157634339524248,0.006695431628730885,0.0046363018287027095,0.8447689052796459,0.006695431628730885,0.12018068636536021,1
1222,0.24270105201242562,-0.18157634339524248,0.006695431628730885,0.0046363018287027095,0.8447689052796459,0.006695431628730885,0.12018068636536021,1
1223,0.24512113383808926,-0.19039458652342603,0.006679968014678868,0.0046363018287027095,0.8455086227105832,0.006679968014678868,0.12066476500098612,1
1224,0.23585026000229223,-0.19595083438589606,0.006543832133123549,0.0046363018287027095,0.8457741720715457,0.006543832133123549,0.12229413039837617,1
1225,0.23194469984990376,-0.1945068920835829,0.006533251714993132,0.0046363018287027095,0.8567296092237391,0.006533251714993132,0.1210172106781891,1
1226,0.23792593092826167,-0.19626469,0.006546976989677934,0.0046363018287027095,0.8648719101921177,0.006546976989677934,0.1210649984720918,1
1227,0.24030279162864168,-0.19626469,0.00661160649273167,0.0046363018287027095,0.8609435002216442,0.00661160649273167,0.12263166988072645,1
1228,0.24777795854918352,-0.190919194066064,0.006731147858698384,0.0046363018287027095,0.8579852919988517,0.006731147858698384,0.12234919966990762,1
1229,0.24864426283802088,-0.19626469,0.0067494960379288595,0.0046363018287027095,0.8624599854058093,0.0067494960379288595,0.12425713963570904,1
1230,0.24519613466078732,-0.19619223317893314,0.006741191471962675,0.0046363018287027095,0.8469858350013131,0.006741191471962675,0.12392618431204529,1
1231,0.24775922364011146,-0.19626469,0.006694079204766124,0.0046363018287027095,0.8468335192409153,0.006694079204766124,0.12565179328241807,1
1232,0.24650936734296197,-0.1960823776275481,0.006778542966007125,0.0046363018287027095,0.8347015994116572,0.006778542966007125,0.12386175745220386,1
1233,0.2467062965279704,-0.19626469,0.006791976431995493,0.0046363018287027095,0.8288049198484154,0.006791976431995493,0.12559526842407154,1
1234,0.25039680908370116,-0.19626469,0.006775276594340122,0.0046363018287027095,0.823757937831239,0.006775276594340122,0.12866425786573504,1
1235,0.24852754918179376,-0.19626469,0.006728041201396643,0.0046363018287027095,0.8228900887540789,0.006728041201396643,0.13021748260268654,1
1236,0.24360112808357573,-0.19434507867217893,0.006620098511232854,0.0046363018287027095,0.8301735413449802,0.006620098511232854,0.12839266325845233,1
1237,0.2471831207433508,-0.19114159079829454,0.0066553415527416315,0.0046363018287027095,0.8401580794554135,0.0066553415527416315,0.12729590432591295,1
1238,0.2513516348893098,-0.19569639096466981,0.006689356790763012,0.0046363018287027095,0.8426337558380944,0.006689356790763012,0.1283917100304717,1
1239,0.2540816997787733,-0.19523631415515172,0.006682706835003687,0.0046363018287027095,0.8386879277548077,0.006682706835003687,0.1305956520185351,1
1240,0.252710009005167,-0.1877856335931407,0.006707972974965693,0.0046363018287027095,0.838626687228682,0.006707972974965693,0.1297262197261546,1
1241,0.252304222360037,-0.1801812123714933,0.0066843092961024,0.0046363018287027095,0.8356375589086666,0.0066843092961024,0.12899518031579033,1
1242,0.25692792976680917,-0.1759830997668179,0.006666840117413822,0.0046363018287027095,0.8458102282752913,0.006666840117413822,0.12869389779328277,1
1243,0.24927951712574883,-0.1716754520476092,0.006600694382368104,0.0046363018287027095,0.8455378390322856,0.006600694382368104,0.1286882698884041,1
1244,0.2546314743150506,-0.1637252957720964,0.006647671232321128,0.0046363018287027095,0.8394269827985444,0.006647671232321128,0.12948371400997052,1
1245,0.25500881328854,-0.16594304183524008,0.0066170174231594886,0.0046363018287027095,0.841729875108196,0.0066170174231594886,0.130311606034608,1
1246,0.25242117902226546,-0.1679919034597818,0.006582708769681833,0.0046363018287027095,0.8490603317079377,0.006582708769681833,0.12878301797751948,1
1247,0.24599153988932984,-0.16456183968141055,0.0064623681125269665,0.0046363018287027095,0.8469737774130277,0.0064623681125269665,0.1310725640455997,1
1248,0.24297616471163883,-0.17002402472998338,0.006424342729741061,0.0046363018287027095,0.8445952957582531,0.006424342729741061,0.13034420673018526,1
1249,0.24415641403511099,-0.17957820170341662,0.006523252913063849,0.0046363018287027095,0.8281690565996508,0.006523252913063849,0.130005508239759,1
1250,0.23004641349320568,-0.19591922746875373,0.0064623726834622,0.0046363018287027095,0.8114535235048735,0.0064623726834622,0.13175647815338018,1
1251,0.2395551150018802,-0.19626469,0.006505433221879557,0.0046363018287027095,0.8159142629879059,0.006505433221879557,0.13106723328479225,1
1252,0.24131784778525053,-0.18554602250117172,0.006499069435980811,0.0046363018287027095,0.8100066519511666,0.006499069435980811,0.1298338556862783,1
1253,0.23473890897273433,-0.19626469,0.006438077030617422,0.0046363018287027095,0.8023367259448098,0.006438077030617422,0.12972738415088444,1
1254,0.22760743329983485,-0.19626469,0.006405429518833751,0.0046363018287027095,0.8046677297296103,0.006405429518833751,0.12920222294885772,1
1255,0.23059988175973206,-0.19626469,0.006419780223923058,0.0046363018287027095,0.8113691228548435,0.006419780223923058,0.1313340581425665,1
1256,0.22964308447911283,-0.19062294031377988,0.006388712207869006,0.0046363018287027095,0.8095369052986932,0.006388712207869006,0.13234666789897312,1
1257,0.2395769454740552,-0.19331847796193105,0.00650273296641533,0.0046363018287027095,0.8049703613425649,0.00650273296641533,0.13181769944425764,1
1258,0.23416301284248342,-0.19626469,0.006413723088769373,0.0046363018287027095,0.8109567058003657,0.006413723088769373,0.1340462758817653,1
1259,0.2300576364718266,-0.19626469,0.0063553192124029675,0.0046363018287027095,0.8157380162282291,0.0063553192124029675,0.1367755571587485,1
1260,0.22950148403702889,-0.1944517803626379,0.0062458939216007234,0.0046363018287027095,0.8178167689242213,0.0062458939216007234,0.13501758149199766,1
1261,0.22523153821504568,-0.19626469,0.00620449161924115,0.0046363018287027095,0.8230017386298538,0.00620449161924115,0.13597455115846974,1
1262,0.2267359151767365,-0.19418274091731286,0.006222013075115966,0.0046363018287027095,0.8161847806768916,0.006222013075115966,0.13544313649699763,1
1263,0.22742896469969717,-0.19626469,0.006208875748217676,0.0046363018287027095,0.8130731540533122,0.006208875748217676,0.13457506919659337,1
1264,0.22820404448121784,-0.19626469,0.0061666294157374174,0.0046363018287027095,0.8157978420809204,0.0061666294157374174,0.134902916946747,1
1265,0.23034329359152134,-0.1932215229987865,0.0061963088141394704,0.0046363018287027095,0.8153317840425155,0.0061963088141394704,0.13473119859387728,1
1266,0.231380635270279,-0.188457300755672,0.006221050230619852,0.0046363018287027095,0.8133278827614743,0.006221050230619852,0.1352172296709303,1
1267,0.2382413077821597,-0.1888933062925391,0.006199513731896585,0.0046363018287027095,0.8151979558858338,0.006199513731896585,0.13727083417854694,1
1268,0.24469433333225704,-0.191098791415119,0.006168342422222347,0.0046363018287027095,0.8162474748297311,0.006168342422222347,0.13831801527429413,1
1269,0.23759727347889156,-0.19626469,0.006192674385926585,0.0046363018287027095,0.8094293393311399,0.006192674385926585,0.13749592094399596,1
1270,0.23423642099366698,-0.19216056801986964,0.006147717456244291,0.0046363018287027095,0.8155200355207629,0.006147717456244291,0.1366364614037638,1
1271,0.23460292241282396,-0.1956018198597793,0.006104253368586022,0.0046363018287027095,0.8179025589181073,0.006104253368586022,0.1342858514874656,1
1272,0.22920074250568584,-0.19072703559069634,0.006118152017542596,0.0046363018287027095,0.8186476592731401,0.006118152017542596,0.13446813342167588,1
1273,0.2295508155911382,-0.19402909476210126,0.006172695575788813,0.0046363018287027095,0.8318001363050835,0.006172695575788813,0.13245160783111115,1
1274,0.2208689008380022,-0.18977493355634928,0.006126620176368358,0.0046363018287027095,0.8326505879408149,0.006126620176368358,0.13297696722141486,1
1275,0.22085574962936788,-0.1937826010997454,0.006097350072024094,0.0046363018287027095,0.8442796865671919,0.006097350072024094,0.1333304285182667,1
1276,0.22371706156500185,-0.19578016580860622,0.006094697898117802,0.0046363018287027095,0.8401927917825652,0.006094697898117802,0.13305998513446327,1
1277,0.22874755542212313,-0.1922437605845589,0.006155886851254982,0.0046363018287027095,0.8408059986024794,0.006155886851254982,0.13278975746118848,1
1278,0.23981617929578408,-0.18687517123804764,0.006226849550967649,0.0046363018287027095,0.8403118145368265,0.006226849550967649,0.132396615063336,1
1279,0.23810963284255152,-0.19029211815391478,0.0061734009857628246,0.0046363018287027095,0.8473743791144702,0.0061734009857628246,0.13234058129810256,1
1280,0.23245769887075124,-0.19168254623865855,0.0061472732968287066,0.0046363018287027095,0.85679027253474,0.0061472732968287066,0.1347887513378784,1
1281,0.22960456716960756,-0.18457778500382852,0.00608772941835668,0.0046363018287027095,0.8651081367314041,0.00608772941835668,0.13387593268772302,1
1282,0.22241199857679547,-0.18834934223090655,0.006055144704249521,0.0046363018287027095,0.8643021639055342,0.006055144704249521,0.13331223247236396,1
1283,0.22321069239715025,-0.18269825111318422,0.006016416397712621,0.0046363018287027095,0.8584917259543733,0.006016416397712621,0.13308464385834845,1
1284,0.22370688821163756,-0.18155703496517758,0.006050934051063381,0.0046363018287027095,0.848846200358563,0.006050934051063381,0.13495154898575115,1
1285,0.22028002753886342,-0.18770078014927047,0.006107661613564644,0.0046363018287027095,0.8457427801144792,0.006107661613564644,0.13438982818885442,1
1286,0.22268421036804537,-0.18530075809267424,0.006126329124101843,0.0046363018287027095,0.8493574745419372,0.006126329124101843,0.13501420917043855,1
1287,0.2301702703094075,-0.1909760282835766,0.006204451816229026,0.0046363018287027095,0.8605357640839972,0.006204451816229026,0.13578348754567365,1
1288,0.2289318584677965,-0.19626469,0.006238873392971928,0.0046363018287027095,0.864109819829829,0.006238873392971928,0.13480049250800158,1
1289,0.23127640184758824,-0.19626469,0.006283151753607549,0.0046363018287027095,0.8589966953399143,0.006283151753607549,0.13474023173517868,1
1290,0.23465685661323227,-0.19626469,0.006297545000076058,0.0046363018287027095,0.858125646268291,0.006297545000076058,0.13625596591821018,1
1291,0.23317987566621537,-0.19170021556514644,0.006310162668058897,0.0046363018287027095,0.8511555541304084,0.006310162668058897,0.13827804422011544,1
1292,0.2335247014776488,-0.19626469,0.006284950430625697,0.0046363018287027095,0.8580301325594634,0.006284950430625697,0.1385848536976203,1
1293,0.2358790036965923,-0.1878710618067785,0.006275720304239776,0.0046363018287027095,0.8675968754383996,0.006275720304239776,0.1383289993327103,1
1294,0.2475438307491643,-0.18594446977265766,0.006307189994295347,0.0046363018287027095,0.8748909080612927,0.006307189994295347,0.1379454811568324,1
1295,0.2466710557911856,-0.18176101228134894,0.006306595234288854,0.0046363018287027095,0.8749866770784424,0.006306595234288854,0.13907246596894313,1
1296,0.25001463380249395,-0.17467178914605852,0.006309640981228291,0.0046363018287027095,0.8666538636390677,0.006309640981228291,0.1372026346175396,1
1297,0.24833892099428836,-0.1762216738104558,0.006288598816524133,0.0046363018287027095,0.8582808684412282,0.006288598816524133,0.13713115051555208,1
1298,0.2501303032773101,-0.1700358025720162,0.006297963052290202,0.0046363018287027095,0.8598907954421213,0.006297963052290202,0.13799520376861588,1
1299,0.25088043017253947,-0.1724005419853758,0.006272685210240957,0.0046363018287027095,0.8499066353443456,0.006272685210240957,0.13962991788887721,1
1300,0.24545807195646113,-0.1795994738568811,0.006321803150219043,0.0046363018287027095,0.8483723091084778,0.006321803150219043,0.13812949425307816,1
1301,0.24304553854739344,-0.1879763281409413,0.00633408616111098,0.0046363018287027095,0.8459178608366665,0.00633408616111098,0.13849322793125962,1
1302,0.24030855928999834,-0.18758817642939335,0.006311550225371851,0.0046363018287027095,0.8485587640825869,0.006311550225371851,0.13893445019549194,1
1303,0.2473729094112699,-0.19454816171725484,0.006306203317960647,0.0046363018287027095,0.8505919914678437,0.006306203317960647,0.1418698869752003,1
1304,0.24809531168964039,-0.19626469,0.006310396930970948,0.0046363018287027095,0.8538581672733637,0.006310396930970948,0.14274242038121773,1
1305,0.2529453534822916,-0.19626469,0.006309817838018373,0.0046363018287027095,0.8550833733047889,0.006309817838018373,0.1434122261673682,1
1306,0.25328267286542844,-0.19626469,0.006325871525345243,0.0046363018287027095,0.8627587756391671,0.006325871525345243,0.14185739950926304,1
1307,0.24757452241731234,-0.19626469,0.006210761758843324,0.0046363018287027095,0.8701331460154574,0.006210761758843324,0.13973900219210214,1
1308,0.24610897885814045,-0.19405460169542127,0.0061524909161645895,0.0046363018287027095,0.8701158429905387,0.0061524909161645895,0.13915367542560453,1
1309,0.23999645162934696,-0.19626469,0.00607902301635443,0.0046363018287027095,0.8640341400070087,0.00607902301635443,0.1385362146919921,1
1310,0.23946003443381692,-0.19626469,0.00611641151797425,0.0046363018287027095,0.8613958557686512,0.00611641151797425,0.13833795074878302,1
1311,0.23678097815053367,-0.19169739493158788,0.006089160207715926,0.0046363018287027095,0.8546460803085999,0.006089160207715926,0.1367398936255923,1
1312,0.24115795344236993,-0.1842683182022168,0.006134752670707334,0.0046363018287027095,0.8430700702907385,0.006134752670707334,0.13728715060485447,1
1313,0.24240218851706097,-0.18647352678636547,0.006164515863911692,0.0046363018287027095,0.84197334531326,0.006164515863911692,0.1365033658277698,1
1314,0.22594810560595147,-0.1844120476865376,0.006092890494305976,0.0046363018287027095,0.8342744004717778,0.006092890494305976,0.13356454159764142,1
1315,0.22406072185841916,-0.18421021548324734,0.006049385716810748,0.0046363018287027095,0.8326787597347252,0.006049385716810748,0.13200794192064969,1
1316,0.22374641896816852,-0.18299885484200773,0.006028605895982696,0.0046363018287027095,0.8402575471346491,0.006028605895982696,0.13083762318280173,1
1317,0.22377737419334898,-0.1773707413731094,0.005998774040046368,0.0046363018287027095,0.8444267731857991,0.005998774040046368,0.12952830705121748,1
1318,0.22532105008444367,-0.18209646211572142,0.005984361824534149,0.0046363018287027095,0.839375327169937,0.005984361824534149,0.1289874247945669,1
1319,0.23708804298932207,-0.18686977855076195,0.006114148925182119,0.0046363018287027095,0.8355585225586422,0.006114148925182119,0.130979380087022,1
1320,0.23429718244764527,-0.18787696288752243,0.0061045414662865265,0.0046363018287027095,0.8337092588819968,0.0061045414662865265,0.13132112836504087,1
1321,0.23225834920842314,-0.18411236735064118,0.006088389054903405,0.0046363018287027095,0.8369060263796719,0.006088389054903405,0.12877804100126056,1
1322,0.23727668041224845,-0.18167636676619411,0.006132978096378315,0.0046363018287027095,0.8321898082568676,0.006132978096378315,0.1284000964034853,1
1323,0.23804918374069198,-0.18001062631900183,0.006098210457241926,0.0046363018287027095,0.8372942176215425,0.006098210457241926,0.1284954533569457,1
1324,0.24029211711431758,-0.1811270038255876,0.0061605195025544015,0.0046363018287027095,0.8467059683953277,0.0061605195025544015,0.12865036630348764,1
1325,0.2353306762185576,-0.1784777309165142,0.006093506418946163,0.0046363018287027095,0.8429884089720759,0.006093506418946163,0.12755906316552554,1
1326,0.23795932992143834,-0.18403992834342306,0.006113504662422499,0.0046363018287027095,0.847348354144503,0.006113504662422499,0.13003936952604275,1
1327,0.2441338186440155,-0.18936846918613143,0.006148748819537546,0.0046363018287027095,0.8501363777956236,0.006148748819537546,0.130953750130414,1
1328,0.2392360937590985,-0.1898022424432076,0.006113094098039703,0.0046363018287027095,0.8511285583849673,0.006113094098039703,0.12959435196051786,1
1329,0.22817152310508984,-0.19571624541109733,0.0059918337089552055,0.0046363018287027095,0.8523867294518312,0.0059918337089552055,0.1282449199739307,1
1330,0.2344653777428278,-0.18841401676904065,0.006116249038856732,0.0046363018287027095,0.8466599305594713,0.006116249038856732,0.1275622237708081,1
1331,0.23464911253921392,-0.18721821259955035,0.006116407954690623,0.0046363018287027095,0.843402375159304,0.006116407954690623,0.1267810947918276,1
1332,0.22762130320129476,-0.18948802123339642,0.005893309374606141,0.0046363018287027095,0.8461345615819044,0.005893309374606141,0.13083445542535663,1
1333,0.23492226127792287,-0.19141594283619862,0.005993084130954751,0.0046363018287027095,0.8436689700410269,0.005993084130954751,0.13229666880484608,1
1334,0.2316486514613664,-0.185323722502719,0.005939918369392693,0.0046363018287027095,0.8501088733629691,0.005939918369392693,0.13223659732026316,1
1335,0.23147969065969612,-0.18873065138701348,0.0059086093299260106,0.0046363018287027095,0.8501175326469799,0.0059086093299260106,0.1332998405283453,1
1336,0.2357511247329278,-0.19492149911074833,0.006045497122505714,0.0046363018287027095,0.8485905732564539,0.006045497122505714,0.13285832785037385,1
1337,0.24123061216690625,-0.19626469,0.006086371077282813,0.0046363018287027095,0.8447362381888851,0.006086371077282813,0.1328485220212449,1
1338,0.23673832598408331,-0.19626469,0.006033378892134716,0.0046363018287027095,0.8525535734367212,0.006033378892134716,0.13184543722228395,1
1339,0.23836056537935515,-0.19321151577357942,0.006078406497461492,0.0046363018287027095,0.8487819187096084,0.006078406497461492,0.13083705263333864,1
1340,0.23956975309444695,-0.1947272645908591,0.006101795228044115,0.0046363018287027095,0.8375079773820115,0.006101795228044115,0.13044813464868443,1
1341,0.24615952237235625,-0.18959968836607952,0.006154245588809394,0.0046363018287027095,0.840022001598923,0.006154245588809394,0.13158274370588788,1
1342,0.25398416839071586,-0.184407146932155,0.006193651164387825,0.0046363018287027095,0.8390282369728089,0.006193651164387825,0.13136568032361104,1
1343,0.24988315762662633,-0.1812748082266212,0.006104496552275301,0.0046363018287027095,0.8368083303794368,0.006104496552275301,0.1323430652993809,1
1344,0.2475907475328855,-0.1825119291277402,0.006049437390930002,0.0046363018287027095,0.830308361110883,0.006049437390930002,0.13290635634111078,1
1345,0.24627028022539868,-0.18009923528966973,0.006052071889241346,0.0046363018287027095,0.8332888917997427,0.006052071889241346,0.13236505173435176,1
1346,0.2432208944532779,-0.17754169471537598,0.005977629469051225,0.0046363018287027095,0.8333450184008924,0.005977629469051225,0.1321632606318448,1
1347,0.24282501733795164,-0.18191834980129543,0.00595110009163303,0.0046363018287027095,0.8237807847343008,0.00595110009163303,0.1343272586475825,1
1348,0.24530118782677923,-0.17500680825373416,0.005912466027715095,0.0046363018287027095,0.8300296234084823,0.005912466027715095,0.13469620831621576,1
1349,0.2433002361192282,-0.1704962384724456,0.005770160144339663,0.0046363018287027095,0.8245764948140673,0.005770160144339663,0.13502621507050996,1
1350,0.2538766293831002,-0.1598016690822844,0.005768389607315663,0.0046363018287027095,0.8302512913774716,0.005768389607315663,0.13383781532115754,1
1351,0.25680657005592744,-0.1692914739880713,0.005959116202879256,0.0046363018287027095,0.8163626099679255,0.005959116202879256,0.1341219146731441,1
1352,0.2603009952304743,-0.1752293704837474,0.006141749141254329,0.0046363018287027095,0.8171336023216751,0.006141749141254329,0.1336448080872539,1
1353,0.2496941626566421,-0.17662778110732275,0.006114931781177896,0.0046363018287027095,0.8217138428345996,0.006114931781177896,0.13209555316407856,1
1354,0.25001056395102955,-0.1780728111034565,0.006163217222918214,0.0046363018287027095,0.8227641645494747,0.006163217222918214,0.13080883491192,1
1355,0.2496566603113484,-0.17665287849007782,0.006178079370765094,0.0046363018287027095,0.8199140422636099,0.006178079370765094,0.12964878149693695,1
1356,0.24383670850831912,-0.18043435571906172,0.006096284543185531,0.0046363018287027095,0.8174885671046361,0.006096284543185531,0.12930421647137652,1
1357,0.24227780410719857,-0.17445070416638622,0.006042723640935131,0.0046363018287027095,0.8319688714235566,0.006042723640935131,0.1284248997306707,1
1358,0.24414334359182457,-0.17298700506079812,0.006103244353140461,0.0046363018287027095,0.8333887055183017,0.006103244353140461,0.12717342854079303,1
1359,0.2422534109688373,-0.17140003043776544,0.006066156383108381,0.0046363018287027095,0.8352693063436492,0.006066156383108381,0.1261610023788734,1
1360,0.24085272397114718,-0.16606338421264552,0.006003994709988077,0.0046363018287027095,0.8387193188291109,0.006003994709988077,0.12589060213784622,1
1361,0.24732440167509065,-0.16517052754892353,0.006140728612244457,0.0046363018287027095,0.8291882539822285,0.006140728612244457,0.12461005013696046,1
1362,0.2445998563185886,-0.16084206995006553,0.006068040884411355,0.0046363018287027095,0.8383532464798595,0.006068040884411355,0.12345735776653916,1
1363,0.23673533454042248,-0.16256539881619006,0.006054505818337086,0.0046363018287027095,0.8290566845047246,0.006054505818337086,0.12187066694317412,1
1364,0.2383351005160801,-0.1648245245745802,0.006173251723012836,0.0046363018287027095,0.8172720493031321,0.006173251723012836,0.1208311437322693,1
1365,0.2326353102714947,-0.1597916526726243,0.006868138323875028,0.0046363018287027095,0.8138113109071395,0.006086976021107123,0.11972050719101059,0
1366,0.23634662213489918,-0.1641690491702817,0.0061819389292230055,0.0046363018287027095,0.8158875710387193,0.0061819389292230055,0.12085291460768172,1
1367,0.2342630444248243,-0.1698129097469867,0.006237803029578867,0.0046363018287027095,0.8182125003050275,0.006237803029578867,0.1203073922114609,1
1368,0.238807912624203,-0.17731441729541994,0.006332161977638311,0.0046363018287027095,0.8217395751736508,0.006332161977638311,0.12125933114816531,1
1369,0.2374562962349242,-0.17497418289122277,0.006287122855714707,0.0046363018287027095,0.8137549900665078,0.006287122855714707,0.12118249963206647,1
1370,0.2494411591673583,-0.1753057378456462,0.006416744186884983,0.0046363018287027095,0.8160959798780365,0.006416744186884983,0.1224266435923673,1
1371,0.24994329575712373,-0.18134067827549732,0.006418430689554959,0.0046363018287027095,0.8188480433183905,0.006418430689554959,0.12340488345310768,1
1372,0.24877341561252164,-0.17586172691604232,0.006310423886481009,0.0046363018287027095,0.827507661471785,0.006310423886481009,0.12415384766121237,1
1373,0.24848480939855352,-0.17325799519457244,0.006299812788507661,0.0046363018287027095,0.8158605642336935,0.006299812788507661,0.1235368712551337,1
1374,0.24825933370308456,-0.16732603914659588,0.006190911933896857,0.0046363018287027095,0.807094796322285,0.006190911933896857,0.12443305864690776,1
1375,0.2457942328768014,-0.17103609470006506,0.006261595434559524,0.0046363018287027095,0.7993258638999986,0.006261595434559524,0.12220753564909688,1
1376,0.24865244429937142,-0.18207010461528317,0.006362371753216109,0.0046363018287027095,0.7915973911221927,0.006362371753216109,0.1218731688213952,1
1377,0.2519070163081374,-0.18531455018554066,0.006395048672634338,0.0046363018287027095,0.7980320799996831,0.006395048672634338,0.12207632372569491,1
1378,0.24945727941603527,-0.1912684711781655,0.006283003426884675,0.0046363018287027095,0.7883344284050444,0.006283003426884675,0.12496180372031233,1
1379,0.24989730383842274,-0.19207679080134057,0.006385155496532071,0.0046363018287027095,0.7882510002067382,0.006385155496532071,0.12480050309612321,1
1380,0.24407627398187692,-0.18609906509145313,0.006325942379758492,0.0046363018287027095,0.7824315649384868,0.006325942379758492,0.12472971178179973,1
1381,0.2529604439789511,-0.18381051341986437,0.00651819894025257,0.0046363018287027095,0.7759619722207305,0.00651819894025257,0.12409008301277455,1
1382,0.25467717202219203,-0.18419709418459973,0.006429579486359176,0.0046363018287027095,0.7887394436771464,0.006429579486359176,0.12685871127140036,1
1383,0.25432166169652226,-0.18034549961360222,0.006399492050763137,0.0046363018287027095,0.7851376894959551,0.006399492050763137,0.12630982388905826,1
1384,0.2580643468451541,-0.17986010007916534,0.0064009270376234415,0.0046363018287027095,0.7903216041714223,0.0064009270376234415,0.1275208215625656,1
1385,0.2525419488118763,-0.18256335917407923,0.006312326024212507,0.0046363018287027095,0.7959613699401163,0.006312326024212507,0.1258791463197584,1
1386,0.254313207843732,-0.19149656892095895,0.006446590399778822,0.0046363018287027095,0.7929492710863048,0.006446590399778822,0.12532386170842957,1
1387,0.25536366170642655,-0.18093303474558492,0.006455028101947845,0.0046363018287027095,0.8067375398395894,0.006455028101947845,0.12353183871507219,1
1388,0.2493895988356012,-0.17768989469469929,0.006305509431238987,0.0046363018287027095,0.8112206949002384,0.006305509431238987,0.1235286464119643,1
1389,0.2523075977771315,-0.1793401169200601,0.006350735031320769,0.0046363018287027095,0.8106298117206046,0.006350735031320769,0.12275945350988075,1
1390,0.24628210388187935,-0.18536087151201466,0.006199195983329613,0.0046363018287027095,0.811573479437801,0.006199195983329613,0.12229178583998947,1
1391,0.25281486452147234,-0.17459949544430758,0.006327160558018282,0.0046363018287027095,0.8251953408179111,0.006327160558018282,0.12190752772833188,1
1392,0.25794581670083183,-0.1676106609766701,0.006426623315082692,0.0046363018287027095,0.8374237938637847,0.006426623315082692,0.12227682369066793,1
1393,0.2663129447844527,-0.1597098676748489,0.00646149700965303,0.0046363018287027095,0.8484053762612945,0.00646149700965303,0.12188085005757784,1
1394,0.2647974877222144,-0.16642811065038993,0.006563634130726318,0.0046363018287027095,0.8420137836286157,0.006563634130726318,0.12138810562851347,1
1395,0.25837970676994126,-0.1688766730951487,0.006410089486613408,0.0046363018287027095,0.8355029041744276,0.006410089486613408,0.12227327345964875,1
1396,0.26415565161541854,-0.1745245082408164,0.006544000479296789,0.0046363018287027095,0.8425729428125226,0.006544000479296789,0.12340388213474375,1
1397,0.2709190765917318,-0.16601800465744343,0.006811335067441781,0.0046363018287027095,0.8405076936097837,0.006811335067441781,0.12150825643801552,1
1398,0.26798160583296005,-0.16651104981054385,0.006599783548943463,0.0046363018287027095,0.8469435802314127,0.006599783548943463,0.12177725052904456,1
1399,0.27146570627344474,-0.16097254202000924,0.006583698511309766,0.0046363018287027095,0.8414356341996346,0.006583698511309766,0.12271567321074142,1
1400,0.2665073344282122,-0.16507203445460852,0.006554340784945254,0.0046363018287027095,0.8392292770238107,0.006554340784945254,0.12328452795036224,1
1401,0.27712613656899854,-0.16919721220696157,0.006766623749642881,0.0046363018287027095,0.8342739034653551,0.006766623749642881,0.12323427154290985,1
1402,0.2748016732197232,-0.1661461661214434,0.006691357977933523,0.0046363018287027095,0.8302428928290588,0.006691357977933523,0.12202889257851231,1
1403,0.274613115460109,-0.173169211218855,0.006660972612624732,0.0046363018287027095,0.8257893467205865,0.006660972612624732,0.1238527504214211,1
1404,0.270857765390709,-0.180358338759807,0.006621770792564841,0.0046363018287027095,0.8124153888864062,0.006621770792564841,0.12297218224771667,1
1405,0.27459283952134234,-0.17616170014405602,0.006721364871124442,0.0046363018287027095,0.8127319757811178,0.006721364871124442,0.1241416471391051,1
1406,0.27668007915438986,-0.17208396651919708,0.006883954757005967,0.0046363018287027095,0.8017607412763649,0.006883954757005967,0.1216771883739351,1
1407,0.28003767,-0.17078046837593652,0.006783134324135989,0.0046363018287027095,0.8200287673711228,0.006783134324135989,0.1229424637510728,1
1408,0.28003767,-0.16763204315205188,0.006846654931780451,0.0046363018287027095,0.8262867958030962,0.006846654931780451,0.12214766306427294,1
1409,0.28003767,-0.16410433635330263,0.006715069699473842,0.0046363018287027095,0.8348510097067079,0.006715069699473842,0.12279704914784519,1
1410,0.28003767,-0.16437992031422333,0.006844775697562788,0.0046363018287027095,0.834857350529473,0.006844775697562788,0.12097715554017623,1
1411,0.28003767,-0.16681363528909754,0.006704791649429047,0.0046363018287027095,0.8367484317185112,0.006704791649429047,0.12106344677838064,1
1412,0.28003767,-0.16878483327095414,0.006775959765946466,0.0046363018287027095,0.8333836887678789,0.006775959765946466,0.12043017958018441,1
1413,0.28003767,-0.16878483327095414,0.006775959765946466,0.0046363018287027095,0.8333836887678789,0.006775959765946466,0.12043017958018441,1
1414,0.28003767,-0.1682166069732207,0.010108229831313383,0.0046363018287027095,0.8400999306850844,0.006813918245894759,0.11942603906183272,0
1415,0.28003767,-0.16547627385812513,0.0067324696018564185,0.0046363018287027095,0.8307506199482686,0.0067324696018564185,0.12172817733507288,1
1416,0.28003767,-0.1692781609074799,0.006861817269537713,0.0046363018287027095,0.8232066670527806,0.006861817269537713,0.12205858950020879,1
1417,0.28003767,-0.16162650621759397,0.006664718328105728,0.0046363018287027095,0.8475506474739494,0.006664718328105728,0.12348363376359509,1
1418,0.28003767,-0.16263009866728284,0.006791765481729935,0.0046363018287027095,0.8370834603590263,0.006791765481729935,0.12278797860119044,1
1419,0.28003767,-0.1622721802060168,0.0069077107846709455,0.0046363018287027095,0.8372371690607358,0.0069077107846709455,0.1214146419389638,1
1420,0.28003767,-0.16507304357757793,0.006884857710733074,0.0046363018287027095,0.8380790550925579,0.006884857710733074,0.12197419673975532,1
1421,0.2753670564004264,-0.17096998013754466,0.006691138341818145,0.0046363018287027095,0.8500897700807526,0.006691138341818145,0.12267885315909664,1
1422,0.27474391714403246,-0.16450357245348285,0.006687971293830204,0.0046363018287027095,0.8457571006899953,0.006687971293830204,0.1220066066915272,1
1423,0.26446732101485476,-0.16101046802255642,0.006406262428768656,0.0046363018287027095,0.8393533815918238,0.006406262428768656,0.12270089896219269,1
1424,0.2635666863933128,-0.15936736099334353,0.0063413494220624315,0.0046363018287027095,0.8510176943129617,0.0063413494220624315,0.12361293326684263,1
1425,0.2696941805602636,-0.15977464403154035,0.006503820729779367,0.0046363018287027095,0.8404445257322889,0.006503820729779367,0.12299909993007345,1
1426,0.2764314769178495,-0.15485046306687006,0.00665132040967573,0.0046363018287027095,0.8382274070569653,0.00665132040967573,0.12175882905002113,1
1427,0.28003767,-0.14569252232880908,0.006702543267210426,0.0046363018287027095,0.8354284132449522,0.006702543267210426,0.12169112223634787,1
1428,0.2740200168443778,-0.14571032864828953,0.006645642397671723,0.0046363018287027095,0.8376049241300002,0.006645642397671723,0.1213883448397077,1
1429,0.28003767,-0.14096256396517418,0.006517443088490802,0.0046363018287027095,0.8460871663281632,0.006517443088490802,0.1228404074015696,1
1430,0.28003767,-0.13499377570586724,0.006611629124520315,0.0046363018287027095,0.8428063721072862,0.006611629124520315,0.1217368129334305,1
1431,0.2764415976546769,-0.13521409314552363,0.006476353132628965,0.0046363018287027095,0.8477633268948164,0.006476353132628965,0.12180646527507277,1
1432,0.27319054013632604,-0.13099997449262868,0.007361495046090143,0.0046363018287027095,0.8477228239897355,0.006435985728245636,0.11969577815366997,0
1433,0.27418441408976424,-0.141960625450557,0.006907572632722908,0.0046363018287027095,0.8435171334371103,0.006644483064750954,0.11983779963995972,0
1434,0.27418441408976424,-0.141960625450557,0.006907572632722908,0.0046363018287027095,0.8435171334371103,0.006644483064750954,0.11983779963995972,0
1435,0.27778983868323226,-0.15205684283609788,0.006803844230545741,0.0046363018287027095,0.8331818296870221,0.006803844230545741,0.12047657901435209,1
1436,0.273758684707818,-0.1620454908384733,0.017141091765610537,0.0046363018287027095,0.8287864411359471,0.006930597962456861,0.11898953011904591,0
1437,0.273758684707818,-0.1620454908384733,0.017141091765610537,0.0046363018287027095,0.8287864411359471,0.006930597962456861,0.11898953011904591,0
1438,0.273758684707818,-0.1620454908384733,0.017141091765610537,0.0046363018287027095,0.8287864411359471,0.006930597962456861,0.11898953011904591,0
1439,0.273758684707818,-0.1620454908384733,0.017141091765610537,0.0046363018287027095,0.8287864411359471,0.006930597962456861,0.11898953011904591,0
1440,0.2776731162025317,-0.16714271399907177,0.007017748650303112,0.0046363018287027095,0.827715496860792,0.007017748650303112,0.12001954699657365,1
1441,0.2776731162025317,-0.16714271399907177,0.007017748650303112,0.0046363018287027095,0.827715496860792,0.007017748650303112,0.12001954699657365,1
1442,0.2776731162025317,-0.16714271399907177,0.007017748650303112,0.0046363018287027095,0.827715496860792,0.007017748650303112,0.12001954699657365,1
1443,0.28003767,-0.159437588779489,0.00691555782688523,0.0046363018287027095,0.8293408008449755,0.00691555782688523,0.12096409630599704,1
1444,0.28003767,-0.15253904821923767,0.006866918578653704,0.0046363018287027095,0.8281909025259571,0.006866918578653704,0.12204472528025463,1
1445,0.274022373394624,-0.15848723775308338,0.006715559428955318,0.0046363018287027095,0.8294586533872013,0.006715559428955318,0.12332452497499462,1
1446,0.2732885096450151,-0.15426691009756488,0.006533575697867003,0.0046363018287027095,0.8417863715989485,0.006533575697867003,0.12312052342358398,1
1447,0.27874876031839196,-0.15638951016531338,0.006683362483419742,0.0046363018287027095,0.8422816057652363,0.006683362483419742,0.1236630497949323,1
1448,0.274564349031699,-0.15570371586503517,0.006539161442806177,0.0046363018287027095,0.8430197210603644,0.006539161442806177,0.12402232713600243,1
1449,0.28003767,-0.1518021742804741,0.006577970135207208,0.0046363018287027095,0.8360976752525496,0.006577970135207208,0.1244303162667236,1
1450,0.27986886090522045,-0.15035730239203915,0.0064894730718059795,0.0046363018287027095,0.835885355946132,0.0064894730718059795,0.12615488735411887,1
1451,0.28003767,-0.14576919076876482,0.006409558480519882,0.0046363018287027095,0.8321630141521931,0.006409558480519882,0.1259193844828454,1
1452,0.2789327437854623,-0.14488526802781032,0.006578173486514776,0.0046363018287027095,0.8296691593988972,0.006578173486514776,0.1229248346939286,1
1453,0.28003767,-0.14099675172132142,0.006569542770749026,0.0046363018287027095,0.8277619423472979,0.006569542770749026,0.12213582683344083,1
1454,0.2790672193942342,-0.1402754074031219,0.0065487762106235595,0.0046363018287027095,0.826938917873653,0.0065487762106235595,0.12332616463625808,1
1455,0.2776828921746663,-0.14276810946334217,0.006549591841692792,0.0046363018287027095,0.8213963002243523,0.006549591841692792,0.12282942360624885,1
1456,0.2747166841646582,-0.138052055392157,0.006468551454166408,0.0046363018287027095,0.8149980287634232,0.006468551454166408,0.1219255271598569,1
1457,0.27531459152446175,-0.14776433455221852,0.0066043354128587275,0.0046363018287027095,0.8174215788731022,0.0066043354128587275,0.12257417818211858,1
1458,0.2777316716452798,-0.15483978533173468,0.006798850823995028,0.0046363018287027095,0.8109932541372192,0.006798850823995028,0.12286248161908159,1
1459,0.2742381595695701,-0.1460272274150937,0.006770983038543909,0.0046363018287027095,0.8249808785477992,0.006770983038543909,0.1205807600001263,1
1460,0.28003767,-0.15150720662563377,0.006941429761234657,0.0046363018287027095,0.8260067443252402,0.006941429761234657,0.12206871964488843,1
1461,0.27971124254053387,-0.14731329336272547,0.006937898615507237,0.0046363018287027095,0.8305103126557416,0.006937898615507237,0.12299051628762085,1
1462,0.28003767,-0.1469703332003224,0.007003390972398021,0.0046363018287027095,0.8359676716117739,0.007003390972398021,0.12229069764284776,1
1463,0.27755831307191153,-0.14939698180853095,0.007059941906506239,0.0046363018287027095,0.8347656306504636,0.007059941906506239,0.12146499458636605,1
1464,0.2758689352344833,-0.15648660103730885,0.007008513963599992,0.0046363018287027095,0.836088382947274,0.007008513963599992,0.121974518641451,1
1465,0.28003767,-0.16693353962578267,0.007133800064206798,0.0046363018287027095,0.8366272987995669,0.007133800064206798,0.12236801621270038,1
1466,0.28003767,-0.162797724761343,0.007068151196105611,0.0046363018287027095,0.8411690302961157,0.007068151196105611,0.12185357932106959,1
1467,0.2787489682418453,-0.16183522099555414,0.007018291757885776,0.0046363018287027095,0.8432573878142353,0.007018291757885776,0.1231456378730793,1
1468,0.27429523469504596,-0.16544948932557912,0.007189890429162528,0.0046363018287027095,0.8388860530265414,0.007189890429162528,0.1211389590042928,1
1469,0.2699677804174397,-0.1627498421669351,0.0069803426535439885,0.0046363018287027095,0.8371839449378443,0.0069803426535439885,0.12291165126007911,1
1470,0.2690346520786688,-0.16615596381935746,0.007052280755268947,0.0046363018287027095,0.8331955326658159,0.007052280755268947,0.12325021073949315,1
1471,0.2575665144888055,-0.15928577772939878,0.006825042667767883,0.0046363018287027095,0.8389112671064199,0.006825042667767883,0.12238774689132832,1
1472,0.2609611712157928,-0.15989226857229163,0.006896328482633285,0.0046363018287027095,0.8338630922826399,0.006896328482633285,0.12187167147015296,1
1473,0.25940014779006926,-0.15941915777895374,0.006911926802839677,0.0046363018287027095,0.8381911166962995,0.006911926802839677,0.12173349359757302,1
1474,0.25549029763605574,-0.15995556353814885,0.0069084966601390815,0.0046363018287027095,0.8386102512119501,0.0069084966601390815,0.12075612996659721,1
1475,0.25549029763605574,-0.15995556353814885,0.0069084966601390815,0.0046363018287027095,0.8386102512119501,0.0069084966601390815,0.12075612996659721,1
1476,0.2548223626411928,-0.1556884809365046,0.006829486271716917,0.0046363018287027095,0.8407654664335202,0.006829486271716917,0.12249901582067668,1
1477,0.25727552885607285,-0.15026811458780068,0.006692821185499569,0.0046363018287027095,0.8458140401259175,0.006692821185499569,0.12230114458708542,1
1478,0.25814732346992153,-0.14694270747144678,0.006587967957266213,0.0046363018287027095,0.8434370657810284,0.006587967957266213,0.12292206255136429,1
1479,0.24897875881646553,-0.1544262813568837,0.006538524953012208,0.0046363018287027095,0.8392774195686633,0.006538524953012208,0.12222876089187695,1
1480,0.24490860682448207,-0.1544656433996981,0.006425979963890193,0.0046363018287027095,0.8415982406202126,0.006425979963890193,0.12196162517703941,1
1481,0.247162793330798,-0.155346763093771,0.0065608568227391775,0.0046363018287027095,0.8417182685497105,0.006550734925535106,0.11996818507079361,0
1482,0.247162793330798,-0.155346763093771,0.0065608568227391775,0.0046363018287027095,0.8417182685497105,0.006550734925535106,0.11996818507079361,0
1483,0.25012414508880637,-0.14732410528437612,0.00674106943468029,0.0046363018287027095,0.8402505561837021,0.006527646752790243,0.11985391006814634,0
1484,0.2510484266826844,-0.14959742930593165,0.007022039065574543,0.0046363018287027095,0.8410367342358125,0.0065624716449224005,0.11978562476340487,0
1485,0.25438720673789544,-0.145209841115685,0.0065383392646605545,0.0046363018287027095,0.8389806456098652,0.0065383392646605545,0.12038072853245374,1
1486,0.25438720673789544,-0.145209841115685,0.0065383392646605545,0.0046363018287027095,0.8389806456098652,0.0065383392646605545,0.12038072853245374,1
1487,0.2583092990078384,-0.1437956266936605,0.006475826382230945,0.0046363018287027095,0.8523175882818117,0.006475826382230945,0.12041530007507421,1
1488,0.248372531860057,-0.1436298818053784,0.0061787803568560526,0.0046363018287027095,0.8488646512428895,0.0061787803568560526,0.12175204549886341,1
1489,0.25405765502949773,-0.13804126449714466,0.006237996972819445,0.0046363018287027095,0.8447722542534912,0.006237996972819445,0.12216347113650994,1
1490,0.25854073992057264,-0.13222368345374927,0.00623130560741472,0.0046363018287027095,0.8397857632070245,0.00623130560741472,0.12331214902004459,1
1491,0.2592693584404786,-0.13344722985674598,0.006196156455131453,0.0046363018287027095,0.8408713219261846,0.006196156455131453,0.12348038411977147,1
1492,0.25412850011815774,-0.13441350750313913,0.006167285392973359,0.0046363018287027095,0.8397583989159606,0.006167285392973359,0.1220931503912873,1
1493,0.26416892000417613,-0.13953219580778278,0.006476155401758324,0.0046363018287027095,0.8306426526480798,0.006476155401758324,0.12137223711876308,1
1494,0.25514896859925984,-0.13887552919153492,0.006228477170901837,0.0046363018287027095,0.8326120734455518,0.006228477170901837,0.12093142983999007,1
1495,0.2593396556646006,-0.1362209439923569,0.006321598726873434,0.0046363018287027095,0.8294719960425662,0.006321598726873434,0.12044672341786683,1
1496,0.2590847719843235,-0.1331310807547612,0.006141009681542357,0.0046363018287027095,0.8332598801120674,0.006141009681542357,0.1216623605941239,1
1497,0.25731054041727663,-0.12742629406436404,0.006055483437681054,0.0046363018287027095,0.8320174943041655,0.006055483437681054,0.1207320334465183,1
1498,0.2564670596809034,-0.12127175020329362,0.0059169185133575225,0.0046363018287027095,0.8347994579365349,0.0059169185133575225,0.12222474478792272,1
1499,0.25673824393756606,-0.12123929669996215,0.005838168216266778,0.0046363018287027095,0.8397501062066498,0.005838168216266778,0.12394097496162841,1
1500,0.2511813451089333,-0.1202107634631381,0.005858309511773109,0.0046363018287027095,0.8399342692640659,0.005858309511773109,0.12254200906517403,1
1501,0.2490517111606764,-0.1056961144113886,0.005658773455871217,0.0046363018287027095,0.8421038836282744,0.005658773455871217,0.12289794356535809,1
1502,0.24368484105109964,-0.10918797021486945,0.005470222572957735,0.0046363018287027095,0.838629934064653,0.005470222572957735,0.12488970605771135,1
1503,0.25001845650474663,-0.11807256266108174,0.0055936742778984905,0.0046363018287027095,0.8350306991505314,0.0055936742778984905,0.12681645625828214,1
1504,0.255704825594688,-0.1184664869796762,0.00571376404750317,0.0046363018287027095,0.831808910271353,0.00571376404750317,0.12748296336959586,1
1505,0.2539624836673702,-0.12408263061695021,0.005722721811467508,0.0046363018287027095,0.8244926683516852,0.005722721811467508,0.1269796444674093,1
1506,0.25709295433326096,-0.13026123739225628,0.005800766957166598,0.0046363018287027095,0.8141545522824707,0.005800766957166598,0.12840789461446242,1
1507,0.25405294102303416,-0.12629285614113142,0.005742839351738123,0.0046363018287027095,0.8050177039057856,0.005742839351738123,0.12796521486760576,1
1508,0.24892453295507766,-0.13268010824240484,0.005822524220452703,0.0046363018287027095,0.8022484075641,0.005822524220452703,0.12675780460405997,1
1509,0.251442371128364,-0.13301320748433804,0.005742333756383173,0.0046363018287027095,0.807492187963007,0.005742333756383173,0.128915025669873,1
1510,0.2561080205497694,-0.13824359768250857,0.005850649366518609,0.0046363018287027095,0.8063482422216293,0.005850649366518609,0.13033847305840818,1
1511,0.2563199827410378,-0.14154425468860124,0.005883941119536522,0.0046363018287027095,0.7990619234065042,0.005883941119536522,0.12982195656769902,1
1512,0.2582003760950869,-0.13696113878965444,0.005798202639749293,0.0046363018287027095,0.8130630382229822,0.005798202639749293,0.12870737202751759,1
1513,0.25657988168928164,-0.12777879311250553,0.0055964532675434565,0.0046363018287027095,0.8104105907097434,0.0055964532675434565,0.12982572071170845,1
1514,0.26109043004829574,-0.11469636780196836,0.005503125503557438,0.0046363018287027095,0.8068320576097714,0.005503125503557438,0.1309188556951182,1
1515,0.2536590838484424,-0.11444111706880022,0.005249052978168596,0.0046363018287027095,0.8076106695803869,0.005249052978168596,0.13221747212799573,1
1516,0.2533899975179797,-0.11017498565055493,0.005222461969692352,0.0046363018287027095,0.8081498637268709,0.005222461969692352,0.13198161639580874,1
1517,0.256821539758969,-0.09803055553618627,0.005251458420570775,0.0046363018287027095,0.809423468860154,0.005251458420570775,0.13248586157528916,1
1518,0.24986991692741828,-0.09793779358264981,0.005101121451582181,0.0046363018287027095,0.8073856738503775,0.005101121451582181,0.131942995349542,1
1519,0.2552835317950038,-0.10057008019449912,0.005173691544096003,0.0046363018287027095,0.8005031129139742,0.005173691544096003,0.13310276136408639,1
1520,0.24891067248230495,-0.09354175216478572,0.005105184349975128,0.0046363018287027095,0.7966360697676431,0.005105184349975128,0.13211167189992393,1
1521,0.23941964310401928,-0.09652762533853032,0.005026214583734482,0.0046363018287027095,0.788711570453138,0.005026214583734482,0.13186790527814155,1
1522,0.24417143592375845,-0.09757414485289181,0.005142798577677122,0.0046363018287027095,0.7870771805728244,0.005142798577677122,0.13228399337071436,1
1523,0.24709548074060672,-0.10451818828294958,0.005256888799322456,0.0046363018287027095,0.7694269085349584,0.005256888799322456,0.13262571382603994,1
1524,0.24754334179819074,-0.10431489183851794,0.005311172435144753,0.0046363018287027095,0.7696162085266317,0.005311172435144753,0.13093671967646614,1
1525,0.24562780283947858,-0.10766106124840348,0.0052645277096029465,0.0046363018287027095,0.7659470835183114,0.0052645277096029465,0.13128210777106433,1
1526,0.24514986077714662,-0.10858470052172085,0.00529321908400192,0.0046363018287027095,0.7664415145632163,0.00529321908400192,0.13227894662574424,1
1527,0.2444443149202271,-0.11646823894275549,0.005213604594480154,0.0046363018287027095,0.772938705737941,0.005213604594480154,0.13091990733182032,1
1528,0.24330865633114568,-0.12420167636458743,0.005375392168202891,0.0046363018287027095,0.7695805486238108,0.005375392168202891,0.12787291735550138,1
1529,0.2416877964466461,-0.12289204731769694,0.0053319162126026515,0.0046363018287027095,0.7787969806676718,0.0053319162126026515,0.12840731676170095,1
1530,0.24443094974531335,-0.1245471345042676,0.005255457208857692,0.0046363018287027095,0.774635368402432,0.005255457208857692,0.13119877023636317,1
1531,0.24074630992351856,-0.12877630630839038,0.005238669573521664,0.0046363018287027095,0.7772412657194769,0.005238669573521664,0.13114618778764944,1
1532,0.25157365536384957,-0.12353475952402349,0.005420053735254011,0.0046363018287027095,0.7766970772228754,0.005420053735254011,0.13122772429595553,1
1533,0.25054924160158454,-0.12642568374133217,0.005415325789514565,0.0046363018287027095,0.7855459864224361,0.005415325789514565,0.12973368602334412,1
1534,0.2495628357304136,-0.1158456956343549,0.005347585073514849,0.0046363018287027095,0.7913656730001961,0.005347585073514849,0.12810656033585566,1
1535,0.2590305845135521,-0.11601883083922565,0.0054358920146917586,0.0046363018287027095,0.7967749580227416,0.0054358920146917586,0.12883978752331962,1
1536,0.25691414804585955,-0.11973995604520714,0.00549222911881718,0.0046363018287027095,0.7807261550583502,0.00549222911881718,0.12703468472333185,1
1537,0.2540650137880433,-0.11679304022403703,0.005328948334032633,0.0046363018287027095,0.8010940175684327,0.005328948334032633,0.1269869140300977,1
1538,0.2548140895983197,-0.1153640772485672,0.005439714049400914,0.0046363018287027095,0.7917270229256675,0.005439714049400914,0.12592166571987662,1
1539,0.2489777697661278,-0.11889426454046123,0.005232895893956595,0.0046363018287027095,0.7884483028241699,0.005232895893956595,0.127530396908284,1
1540,0.24140388726503786,-0.12129577868669446,0.005207122429768633,0.0046363018287027095,0.7794291728708419,0.005207122429768633,0.1246481058442496,1
1541,0.2354904355411954,-0.12861722066757764,0.005079844942703972,0.0046363018287027095,0.7910606604991369,0.005079844942703972,0.127430706570272,1
1542,0.23487207143493877,-0.13270855685353455,0.005134085520611634,0.0046363018287027095,0.7833260862214049,0.005134085520611634,0.12744015560998878,1
1543,0.24155444976854243,-0.13656610608340355,0.0052403005510830375,0.0046363018287027095,0.7916187691875861,0.0052403005510830375,0.12848788785141482,1
1544,0.23995353318056162,-0.1382070643854214,0.005250759491668857,0.0046363018287027095,0.8083475927136837,0.005250759491668857,0.12753201949594836,1
1545,0.23813930560199945,-0.134438688406227,0.005183688882918579,0.0046363018287027095,0.8116767894224987,0.005183688882918579,0.12661340419717187,1
1546,0.2357928367874414,-0.1395596724760352,0.0052867920895766,0.0046363018287027095,0.8200148408382724,0.0052867920895766,0.12623534024702562,1
1547,0.23846825647151848,-0.14046525767563034,0.005289808972438179,0.0046363018287027095,0.8166096426540751,0.005289808972438179,0.12761712582471998,1
1548,0.24307836581848508,-0.13721528535188277,0.0052320382297466,0.0046363018287027095,0.8213394191726171,0.0052320382297466,0.12808371425447565,1
1549,0.2454694417952849,-0.13466280941329892,0.005172367616063189,0.0046363018287027095,0.8173539940853719,0.005172367616063189,0.12999797153225479,1
1550,0.2450997531128588,-0.1359639544710909,0.00523277642316078,0.0046363018287027095,0.8111356773972542,0.00523277642316078,0.1288400288641582,1
1551,0.24352023645437734,-0.1316781118522099,0.005172621314325633,0.0046363018287027095,0.8083756552162328,0.005172621314325633,0.12699527204239797,1
1552,0.23965623393900698,-0.13329649303110494,0.00510908155455838,0.0046363018287027095,0.8190531127213264,0.00510908155455838,0.12788629391185505,1
1553,0.22717798520706625,-0.13100858894002823,0.004934326924432592,0.0046363018287027095,0.8169435140024367,0.004934326924432592,0.12730538494302607,1
1554,0.2286443111232829,-0.12396150033725943,0.004771032333020446,0.0046363018287027095,0.8161031364709642,0.004771032333020446,0.12952852418953748,1
1555,0.23160888641219077,-0.11825958040105462,0.004814412676264826,0.0046363018287027095,0.8214548174083501,0.004814412676264826,0.12823271131155106,1
1556,0.22835937037038548,-0.11576176300786424,0.004850399783186361,0.0046363018287027095,0.8211573165193301,0.004850399783186361,0.12733734546712955,1
1557,0.22676749907043703,-0.11026715764027081,0.004784323281043016,0.0046363018287027095,0.8228157042301526,0.004784323281043016,0.12752057903299477,1
1558,0.22083631903277082,-0.11378828039131912,0.004747670530089013,0.0046363018287027095,0.8185463789007673,0.004747670530089013,0.1265650572104675,1
1559,0.22003877019491166,-0.1131464810035274,0.004683809984809116,0.0046363018287027095,0.8221342778797265,0.004683809984809116,0.1274015306726241,1
1560,0.21466865668101318,-0.11369934942841146,0.004623482271869455,0.004623482271869455,0.8221384852443928,0.004623482271869455,0.12744407734575908,1
1561,0.20819160620138552,-0.11780084445296853,0.004627682088377827,0.004623482271869455,0.8266466926087892,0.004627682088377827,0.12956046163602375,1
1562,0.208067053749218,-0.12451981607728241,0.004739749859906243,0.004623482271869455,0.8208759147528193,0.004739749859906243,0.12882599870696607,1
1563,0.21306975323969962,-0.12813643342424297,0.004823728397142918,0.004623482271869455,0.8160651973722864,0.004823728397142918,0.12859830657451327,1
1564,0.20876071920973077,-0.1285218091880809,0.00481285488269271,0.004623482271869455,0.818121346009187,0.00481285488269271,0.12793579283872836,1
1565,0.2113309125950262,-0.1232884197861638,0.0047522863212254894,0.004623482271869455,0.8028846521165801,0.0047522863212254894,0.12539071241501232,1
1566,0.20893157728755268,-0.13114858208793406,0.004871587211733102,0.004623482271869455,0.7972461154497285,0.004871587211733102,0.12469245084583065,1
1567,0.20725590574741587,-0.12657157237726263,0.004858827780727097,0.004623482271869455,0.8023942559927361,0.004858827780727097,0.1235383162767575,1
1568,0.19909970197581,-0.1278170607815967,0.0046947209218451665,0.004623482271869455,0.792520272744385,0.0046947209218451665,0.12536876363588645,1
1569,0.20332433589957058,-0.11334127857126369,0.004543451520160639,0.004543451520160639,0.7894864430608326,0.004543451520160639,0.1240404004250052,1
1570,0.20511352645076777,-0.12164432991832232,0.004603476507955887,0.004543451520160639,0.7950959576205678,0.004603476507955887,0.12514587460379856,1
1571,0.204385128846332,-0.1226485948934219,0.004636679293458036,0.004543451520160639,0.7922953743577107,0.004636679293458036,0.12419597261848124,1
1572,0.20470179551718612,-0.11637990766778963,0.004567603404840365,0.004543451520160639,0.7932527453408053,0.004567603404840365,0.1241600002472741,1
1573,0.2120920511747904,-0.11747462841529192,0.004740364481260057,0.004543451520160639,0.7935410201084087,0.004740364481260057,0.12189237742637167,1
1574,0.21322504228596234,-0.11302078147613415,0.004774390252940879,0.004543451520160639,0.7860838342124791,0.004774390252940879,0.12051118674807575,1
1575,0.21322504228596234,-0.11302078147613415,0.004774390252940879,0.004543451520160639,0.7860838342124791,0.004774390252940879,0.12051118674807575,1
1576,0.21688508989575134,-0.11457659080546073,0.004886531259896946,0.004543451520160639,0.79188808015343,0.004886531259896946,0.12053832988125963,1
1577,0.23064749475088198,-0.11434186850973997,0.005335444153214979,0.004543451520160639,0.7899880778217665,0.005167931168284946,0.11987057319252564,0
1578,0.22908704258692603,-0.11594801070150218,0.006857054270438961,0.004543451520160639,0.7864965089689779,0.005184327277495479,0.1195910101476878,0
1579,0.22949725129400375,-0.11727741806600187,0.008821612539602,0.004543451520160639,0.800593711312035,0.005228456598849146,0.11940057060960002,0
1580,0.22949725129400375,-0.11727741806600187,0.008821612539602,0.004543451520160639,0.800593711312035,0.005228456598849146,0.11940057060960002,0
1581,0.22949725129400375,-0.11727741806600187,0.008821612539602,0.004543451520160639,0.800593711312035,0.005228456598849146,0.11940057060960002,0
1582,0.22895847416656445,-0.11771413913273834,0.00846000970224042,0.004543451520160639,0.7981842652651385,0.005262369922572907,0.11943452322950739,0
1583,0.22671165570683177,-0.1231117238952127,0.00525191946454155,0.004543451520160639,0.7940678938856052,0.00525191946454155,0.12088206928857773,1
1584,0.22726223450107522,-0.13350579184300848,0.0053768480583047595,0.004543451520160639,0.8068635923004669,0.0053768480583047595,0.12362926535187668,1
1585,0.21997143128139424,-0.13124623217361728,0.00531509847631049,0.004543451520160639,0.8060687829944305,0.00531509847631049,0.12294465151198025,1
1586,0.21644236167645636,-0.13370864474136904,0.0053307395205666845,0.004543451520160639,0.8082805978045462,0.0053307395205666845,0.12231232443690676,1
1587,0.21934270211281523,-0.13221801119356577,0.005387848234797307,0.004543451520160639,0.7940950104475303,0.005387848234797307,0.12004842044909345,1
1588,0.22363089210470044,-0.13286861044763373,0.005436974948885919,0.004543451520160639,0.8032477176689101,0.005436974948885919,0.12051226894912277,1
1589,0.2242827554728379,-0.1365896732758494,0.005381638288485705,0.004543451520160639,0.7944670404823334,0.005381638288485705,0.12224862748245863,1
1590,0.2242827554728379,-0.1365896732758494,0.005381638288485705,0.004543451520160639,0.7944670404823334,0.005381638288485705,0.12224862748245863,1
1591,0.2184826798337796,-0.13154235044817464,0.005302045800330493,0.004543451520160639,0.7929390002835317,0.005302045800330493,0.12065463895979768,1
1592,0.21922705992430808,-0.14323517709825606,0.00549383470652902,0.004543451520160639,0.7961812559429144,0.00549383470652902,0.12084973709297835,1
1593,0.21130505989379744,-0.1469738240591281,0.005466364137728815,0.004543451520160639,0.7927406663232681,0.005466364137728815,0.12039723504124084,1
1594,0.2182889503373259,-0.14098144349817607,0.005474727396517763,0.004543451520160639,0.7962097110295742,0.005474727396517763,0.12026530222605906,1
1595,0.21932775608296834,-0.13692470981840207,0.005352243992364444,0.004543451520160639,0.7927647437214846,0.005352243992364444,0.12129927916618723,1
1596,0.21875739693605376,-0.13752838844454335,0.005401034089358143,0.004543451520160639,0.7933273071310384,0.005401034089358143,0.12070013557359008,1
1597,0.214595790239224,-0.1393171545123456,0.005373055753270703,0.004543451520160639,0.8024119830091818,0.005373055753270703,0.12154116944670681,1
1598,0.2270659654589688,-0.1331370516481742,0.0053788042180780175,0.004543451520160639,0.7975203327090029,0.0053788042180780175,0.12168358445505742,1
1599,0.23328741036574988,-0.13142699249216358,0.005516088759524941,0.004543451520160639,0.8031771691893442,0.005516088759524941,0.1204807922406552,1
1600,0.23049202623979428,-0.1361444618475898,0.005590776366831845,0.004543451520160639,0.80537163866671,0.005590776366831845,0.12016637785093681,1
1601,0.23049202623979428,-0.1361444618475898,0.005590776366831845,0.004543451520160639,0.80537163866671,0.005590776366831845,0.12016637785093681,1
1602,0.22543051189010516,-0.13728998069034984,0.005456912237810439,0.004543451520160639,0.7975577835385008,0.005456912237810439,0.1213992444996895,1
1603,0.22329754671011623,-0.12270768742158071,0.005170796260626992,0.004543451520160639,0.7983890699108802,0.005170796260626992,0.12272141472427793,1
1604,0.2195640132554838,-0.12907513764199055,0.005290195522209322,0.004543451520160639,0.7924769950210667,0.005290195522209322,0.12261740707713832,1
1605,0.21216250111742002,-0.12433243692096503,0.0052934750505639104,0.004543451520160639,0.7978042240086973,0.0052934750505639104,0.12222603641217024,1
1606,0.21286635564233686,-0.12815265424744704,0.0053466686575989845,0.004543451520160639,0.7950164739450284,0.0053466686575989845,0.12299797951018714,1
1607,0.21228954088308372,-0.12497973179904673,0.00770530631903236,0.004543451520160639,0.7923494684926291,0.005423163019000902,0.11952228216486806,0
1608,0.21228954088308372,-0.12497973179904673,0.00770530631903236,0.004543451520160639,0.7923494684926291,0.005423163019000902,0.11952228216486806,0
1609,0.2223502577250438,-0.12027393468976363,0.02158370480457332,0.004543451520160639,0.7988865140727378,0.005544326265650832,0.11873353331907537,0
1610,0.22431407582680726,-0.11120126587766085,0.02963417706780893,0.004543451520160639,0.8017084509857917,0.0054555266484758985,0.1184450514343126,0
1611,0.22431407582680726,-0.11120126587766085,0.02963417706780893,0.004543451520160639,0.8017084509857917,0.0054555266484758985,0.1184450514343126,0
1612,0.22360406759947554,-0.1039238616165274,0.005229864637947794,0.004543451520160639,0.8008900507529403,0.005229864637947794,0.12011550961215474,1
1613,0.2228076575678489,-0.09620495149360123,0.004969088248594317,0.004543451520160639,0.7916029839040752,0.004969088248594317,0.12058040981645017,1
1614,0.21938208104655518,-0.09294434916814133,0.004913826611478446,0.004543451520160639,0.7869812236661092,0.004913826611478446,0.1206097030411968,1
1615,0.22279217751132935,-0.08538615914159987,0.004827845946137708,0.004543451520160639,0.7876608429920096,0.004827845946137708,0.12003829829206876,1
1616,0.21914852024509554,-0.08524685570754191,0.00464944083992857,0.004543451520160639,0.7865829155040234,0.00464944083992857,0.12066219171925416,1
1617,0.21542243552831572,-0.07942266120880682,0.0045107021068391,0.0045107021068391,0.7888117452402611,0.0045107021068391,0.12098998708883055,1
1618,0.220800286999214,-0.08410246410903667,0.0045684329935795475,0.0045107021068391,0.7942658047926517,0.0045684329935795475,0.12142683911556199,1
1619,0.21854057866192253,-0.08169811408922871,0.0044776825434499,0.0044776825434499,0.7947184103976412,0.0044776825434499,0.12175608428349939,1
1620,0.22386190963300542,-0.07677771352288953,0.004484497325293877,0.0044776825434499,0.8082583403957598,0.004484497325293877,0.12436890682993866,1
1621,0.21589858219126293,-0.07276468999999999,0.00436590909584377,0.00436590909584377,0.7998945758914398,0.00436590909584377,0.12492252101059434,1
1622,0.21589858219126293,-0.07276468999999999,0.00436590909584377,0.00436590909584377,0.7998945758914398,0.00436590909584377,0.12492252101059434,1
1623,0.2176085480943878,-0.0736780218165075,0.004349118448665509,0.004349118448665509,0.8062822334804267,0.004349118448665509,0.12538972222979197,1
1624,0.2169542711790719,-0.07276468999999999,0.004375148601930426,0.004349118448665509,0.810091881012808,0.004375148601930426,0.12672089287960905,1
1625,0.22388585613330217,-0.07760731050064507,0.0044238864270377525,0.004349118448665509,0.8089540024213446,0.0044238864270377525,0.1275601430837788,1
1626,0.21230169312186742,-0.07428042365455259,0.004340410507069503,0.004340410507069503,0.79646786751787,0.004340410507069503,0.12663772686957625,1
1627,0.21407893570044756,-0.07276468999999999,0.004353640222039417,0.004340410507069503,0.7998383926118964,0.004353640222039417,0.1257524373522381,1
1628,0.21577392518219565,-0.07707167454851947,0.004496520431183208,0.004340410507069503,0.794988173978791,0.004496520431183208,0.1271625041071626,1
1629,0.2151014140887928,-0.07947578881669853,0.004518280416732969,0.004340410507069503,0.7937863301216007,0.004518280416732969,0.12959449336324796,1
1630,0.22003447392942807,-0.07648350751014042,0.004451333645478399,0.004340410507069503,0.8013143716791132,0.004451333645478399,0.12808105827069072,1
1631,0.20850432217202056,-0.08247006749880982,0.004467277148476941,0.004340410507069503,0.7969749208094461,0.004467277148476941,0.13058038387347895,1
1632,0.21356459240983053,-0.08119327423767363,0.004400482313936319,0.004340410507069503,0.789713194325717,0.004400482313936319,0.1282899271999088,1
1633,0.20931298569817175,-0.08231289867809119,0.004369821943044453,0.004340410507069503,0.7976937431717612,0.004369821943044453,0.1260618670965205,1
1634,0.21100923522616138,-0.0863544817329813,0.004445973978330717,0.004340410507069503,0.789817750898658,0.004445973978330717,0.12701736610352038,1
1635,0.2101019133096346,-0.07913400143320376,0.004387156564453726,0.004340410507069503,0.7944978411258157,0.004387156564453726,0.12817555435334488,1
1636,0.21204093700494991,-0.07281867434121912,0.004358326014282729,0.004340410507069503,0.7908638470599719,0.004358326014282729,0.1274702979070849,1
1637,0.22887670749182912,-0.07276468999999999,0.00444997235831776,0.004340410507069503,0.7925741421483024,0.00444997235831776,0.12774527500310692,1
1638,0.22509324019432525,-0.07276468999999999,0.0043589437872969,0.004340410507069503,0.7842427069812163,0.0043589437872969,0.1268911767644504,1
1639,0.23498960088341256,-0.07777620880562053,0.004535111264335041,0.004340410507069503,0.7925232640642927,0.004535111264335041,0.1254416716484782,1
1640,0.22987976673552768,-0.07276468999999999,0.004408108835874907,0.004340410507069503,0.7998096572815873,0.004408108835874907,0.1269397577200577,1
1641,0.2281597776523321,-0.07276468999999999,0.004416617228358386,0.004340410507069503,0.8009256018309546,0.004416617228358386,0.12565768116723894,1
1642,0.2397510001928595,-0.07276468999999999,0.004502173186181497,0.004340410507069503,0.799794416983743,0.004502173186181497,0.12906092593483756,1
1643,0.24105897774083204,-0.07276468999999999,0.004458768229928595,0.004340410507069503,0.8014117523087334,0.004458768229928595,0.12836384085197294,1
1644,0.24388434044266133,-0.07276468999999999,0.004539622357009216,0.004340410507069503,0.800541175820064,0.004539622357009216,0.12837549722858577,1
1645,0.2401263152395829,-0.07558626988119974,0.004579048365439618,0.004340410507069503,0.7977662954940797,0.004579048365439618,0.1279625670388435,1
1646,0.24368969042039593,-0.07329752504552799,0.004651561803602302,0.004340410507069503,0.8008299604474396,0.004651561803602302,0.1278249428938814,1
1647,0.24121361912362527,-0.07276468999999999,0.004653269303040163,0.004340410507069503,0.7858564491452492,0.004653269303040163,0.12721948289943014,1
1648,0.24068437119472336,-0.07276468999999999,0.004635972192409202,0.004340410507069503,0.782417166752766,0.004635972192409202,0.12729996812412697,1
1649,0.2364886422252814,-0.07276468999999999,0.004619002883151153,0.004340410507069503,0.7657098610303357,0.004619002883151153,0.1267112725565229,1
1650,0.23580563044516578,-0.07276468999999999,0.00466731261831221,0.004340410507069503,0.7664790997745087,0.00466731261831221,0.12695344803578612,1
1651,0.23424109325947576,-0.07712890388246353,0.00460950059740268,0.004340410507069503,0.758766629269071,0.00460950059740268,0.12592722986887694,1
1652,0.23042659970636437,-0.07276468999999999,0.0044698028073376014,0.004340410507069503,0.7514956202231465,0.0044698028073376014,0.12511611455284363,1
1653,0.2241316208244928,-0.07276468999999999,0.004430076576782048,0.004340410507069503,0.7485335361624822,0.004430076576782048,0.12409532559669986,1
1654,0.22848554656832706,-0.07306537978445579,0.004452757519347938,0.004340410507069503,0.7481134924927045,0.004452757519347938,0.12412202349418743,1
1655,0.2300556808985001,-0.07276468999999999,0.004440609456659398,0.004340410507069503,0.7598471123912021,0.004440609456659398,0.12390442389064152,1
1656,0.22937437565566615,-0.07276468999999999,0.004502961083901605,0.004340410507069503,0.759690636200296,0.004502961083901605,0.12447242688186769,1
1657,0.23696545544964165,-0.07921990146790706,0.004681939177472904,0.004340410507069503,0.7588430895076431,0.004681939177472904,0.12408655334580018,1
1658,0.24283758491445065,-0.07276468999999999,0.004751705143785865,0.004340410507069503,0.7590190667561647,0.004751705143785865,0.12341489871726166,1
1659,0.2403297057393547,-0.07313197660315113,0.004717621265198918,0.004340410507069503,0.7476811662375987,0.004717621265198918,0.12318121475641654,1
1660,0.24035877160193553,-0.07901872038531074,0.00482646555755357,0.004340410507069503,0.7396524433206483,0.00482646555755357,0.12306675359536468,1
1661,0.23791165774377793,-0.07767122600874832,0.004854846953952806,0.004340410507069503,0.7511850541493694,0.004854846953952806,0.12235366575910227,1
1662,0.2333576758649357,-0.07276468999999999,0.004811175700853493,0.004340410507069503,0.7543644526784412,0.004811175700853493,0.12098615130263611,1
1663,0.24048401203586275,-0.0744266817534033,0.004933838115528193,0.004340410507069503,0.7617066835684239,0.004933838115528193,0.12092536008068468,1
1664,0.2454118526851164,-0.07450686920415853,0.005112038307923794,0.004340410507069503,0.7482826734842261,0.005112038307923794,0.12038921300970527,1
1665,0.24259655696322058,-0.07318595617821934,0.005802082324648797,0.004340410507069503,0.7450363325724758,0.004973408118047938,0.11971213298094417,0
1666,0.24259655696322058,-0.07318595617821934,0.005802082324648797,0.004340410507069503,0.7450363325724758,0.004973408118047938,0.11971213298094417,0
1667,0.23402254043649678,-0.07717297119332299,0.004904388483834059,0.004340410507069503,0.736729295274009,0.004904388483834059,0.12138586525112414,1
1668,0.23324088356213302,-0.07299639616042962,0.005017264600401711,0.004340410507069503,0.7306581902448904,0.005017264600401711,0.1205535179200282,1
1669,0.23591456546294637,-0.08549659729809053,0.005039810137263129,0.004340410507069503,0.7359585771624356,0.005039810137263129,0.12514774407511928,1
1670,0.22757291999184698,-0.09123365083943373,0.004974830966161991,0.004340410507069503,0.7316361657932713,0.004974830966161991,0.1265214378390298,1
1671,0.22414834730846525,-0.08458504781105808,0.005004223386601822,0.004340410507069503,0.729609436240711,0.005004223386601822,0.12408309598446216,1
1672,0.22082933664082444,-0.09456290365439826,0.005024781251470027,0.004340410507069503,0.7254720936516244,0.005024781251470027,0.12237613239849604,1
1673,0.22149321060370908,-0.09670367953378121,0.00505518638976759,0.004340410507069503,0.7231133325544493,0.00505518638976759,0.12023930384962409,1
1674,0.21914344975625139,-0.10197608429599059,0.005001983253495301,0.004340410507069503,0.7276111368552535,0.005001983253495301,0.12224611630457022,1
1675,0.21914344975625139,-0.10197608429599059,0.005001983253495301,0.004340410507069503,0.7276111368552535,0.005001983253495301,0.12224611630457022,1
1676,0.22601990850492798,-0.10626734825846659,0.00504279095503247,0.004340410507069503,0.7356818566174465,0.00504279095503247,0.12472198530516324,1
1677,0.22177197813503122,-0.11896737143993022,0.005018254480187007,0.004340410507069503,0.7296754824033591,0.005018254480187007,0.12586066193689122,1
1678,0.23395328295847048,-0.12012818984122789,0.005156814896204254,0.004340410507069503,0.7302120624937745,0.005156814896204254,0.12718231524444304,1
1679,0.23395328295847048,-0.12012818984122789,0.005156814896204254,0.004340410507069503,0.7302120624937745,0.005156814896204254,0.12718231524444304,1
1680,0.2274117494784092,-0.12016218165025053,0.005051395434554805,0.004340410507069503,0.7292997382548334,0.005051395434554805,0.1279324507907403,1
1681,0.22231146332491522,-0.11515636378294712,0.004882772279033708,0.004340410507069503,0.7302071972861339,0.004882772279033708,0.126748663332215,1
1682,0.2215732169908755,-0.11485201341424321,0.004849174105719074,0.004340410507069503,0.7317266384342387,0.004849174105719074,0.1285862610608186,1
1683,0.21371823295466094,-0.10943256950721633,0.004752911256618471,0.004340410507069503,0.7371536769603428,0.004752911256618471,0.12651249901388026,1
1684,0.22176777448706642,-0.10383463356169814,0.0048225897465013975,0.004340410507069503,0.7276204891410981,0.0048225897465013975,0.12655878037919663,1
1685,0.22099246714899715,-0.1018770552122293,0.004794291477717476,0.004340410507069503,0.7285025215569466,0.004794291477717476,0.12653651101455218,1
1686,0.22771888703304272,-0.1055956772467034,0.004945439018016706,0.004340410507069503,0.7379896921119256,0.004945439018016706,0.12626556904390612,1
1687,0.22533465841963876,-0.10581381823497227,0.004911582657388576,0.004340410507069503,0.7342605710356533,0.004911582657388576,0.12643505535393273,1
1688,0.22794173309203275,-0.10797452922589997,0.004960928035842606,0.004340410507069503,0.7354973632057819,0.004960928035842606,0.12650678527397746,1
1689,0.22794841840621302,-0.11032645566494763,0.004974935234362612,0.004340410507069503,0.7379515264173924,0.004974935234362612,0.12670870172356652,1
1690,0.2297262531050494,-0.11150020402402154,0.0050001580251257645,0.004340410507069503,0.7417757588233007,0.0050001580251257645,0.12418364260028515,1
1691,0.2297262531050494,-0.11150020402402154,0.0050001580251257645,0.004340410507069503,0.7417757588233007,0.0050001580251257645,0.12418364260028515,1
1692,0.23129971863162596,-0.11172689148869025,0.005087330739572675,0.004340410507069503,0.7377957935027277,0.005087330739572675,0.12209088176142747,1
1693,0.23583198167037894,-0.11417769454882012,0.005144455014713096,0.004340410507069503,0.7345396320457578,0.005144455014713096,0.12284356717704335,1
1694,0.2272948845115423,-0.11403168365670018,0.005055370175582174,0.004340410507069503,0.7292343818706897,0.005055370175582174,0.12181543471494505,1
1695,0.21396668942417427,-0.12797887434139657,0.005072974556779474,0.004340410507069503,0.7340962314923368,0.005072974556779474,0.12045135373095359,1
1696,0.22069872166191776,-0.1205089711980559,0.005025307450187427,0.004340410507069503,0.7474815517737302,0.005025307450187427,0.12134737841264862,1
1697,0.22236649640093423,-0.1266294629653918,0.005118697290701879,0.004340410507069503,0.7422796556002689,0.005118697290701879,0.12147720935689092,1
1698,0.22766793059986817,-0.12188367298577506,0.005112226882703378,0.004340410507069503,0.7414209618375711,0.005112226882703378,0.12244156019733002,1
1699,0.22279871970615103,-0.11272055797991863,0.004897458221621477,0.004340410507069503,0.749029295707572,0.004897458221621477,0.12281504472496371,1
1700,0.22100108037914432,-0.11615468619718207,0.004943233193328081,0.004340410507069503,0.7361908084657836,0.004943233193328081,0.12246772531801206,1
1701,0.2238407232123859,-0.11536361980608668,0.004905888241699831,0.004340410507069503,0.7316279155440135,0.004905888241699831,0.12388126823781076,1
1702,0.22802805401882886,-0.11790682893832971,0.005039501847065493,0.004340410507069503,0.7281411035238405,0.005039501847065493,0.12278284272577328,1
1703,0.2266437800019965,-0.12336643077613227,0.005091358331769075,0.004340410507069503,0.7276275710491061,0.005091358331769075,0.12208736367322545,1
1704,0.2291127511506515,-0.11725901896838263,0.004933383805525836,0.004340410507069503,0.734990582001143,0.004933383805525836,0.12388519626527923,1
1705,0.22970091781717228,-0.11903102779776749,0.004906783409976951,0.004340410507069503,0.7508849530823484,0.004906783409976951,0.12555576435726032,1
1706,0.23236095659020947,-0.10957139954317417,0.004946873477816161,0.004340410507069503,0.7418304527808914,0.004946873477816161,0.12525851482303224,1
1707,0.22317442611443164,-0.10856020199903851,0.004945067960062265,0.004340410507069503,0.7470717316967455,0.004945067960062265,0.1215173989028508,1
1708,0.22364431876122046,-0.10819081064083613,0.0048814944762714235,0.004340410507069503,0.7371454127114544,0.0048814944762714235,0.12347037002653131,1
1709,0.22743778906003623,-0.10873984878730018,0.0049375162244111245,0.004340410507069503,0.7394436037491855,0.0049375162244111245,0.12324251584174623,1
1710,0.22462609035829312,-0.10539769791090961,0.004912316876214558,0.004340410507069503,0.732969057047432,0.004912316876214558,0.12150947253949339,1
1711,0.22493561171427595,-0.1081531082017523,0.004974773994777969,0.004340410507069503,0.7320551724284493,0.004974773994777969,0.1216846630873995,1
1712,0.23006098443570952,-0.1118268039075993,0.005089958786615603,0.004340410507069503,0.7404963945955275,0.005089958786615603,0.12173014276432599,1
1713,0.23220229498622555,-0.11392174227883219,0.005242636861596236,0.004340410507069503,0.7351729630875319,0.005242636861596236,0.12122823072691633,1
1714,0.23326516770542982,-0.11048807124501062,0.005275537475641515,0.004340410507069503,0.736530036521602,0.005275537475641515,0.12001647213293935,1
1715,0.22833102028057356,-0.11764294947972463,0.005229435029057983,0.004340410507069503,0.7376611855972874,0.005229435029057983,0.12086079612792672,1
1716,0.23293247970717026,-0.12045284824052126,0.005298817296347199,0.004340410507069503,0.7322115347454501,0.005298817296347199,0.12192352982915323,1
1717,0.22837009666300367,-0.11441276369743365,0.007127549712407626,0.004340410507069503,0.7294131488957626,0.005358488428979784,0.11957939789783836,0
1718,0.23861198479401716,-0.10437985282772885,0.005510144403943503,0.004340410507069503,0.721643980504088,0.005510144403943503,0.12006206719347463,1
1719,0.24114414556829863,-0.11352703822830833,0.005596705584668658,0.004340410507069503,0.7226398872829877,0.005596705584668658,0.12129835576061929,1
1720,0.24266493827395155,-0.11007304763776295,0.005542277852187776,0.004340410507069503,0.7364097387501245,0.005542277852187776,0.12230766062720336,1
1721,0.24102199748593672,-0.09687393142270602,0.005383804202146486,0.004340410507069503,0.7407710168019895,0.005383804202146486,0.12170538801049041,1
1722,0.2469015317506591,-0.09877193460050711,0.005539728402716567,0.004340410507069503,0.7346108755769103,0.005539728402716567,0.12046354622783718,1
1723,0.25762180101052784,-0.10189620890930316,0.005770869137206287,0.004340410507069503,0.7364910597091813,0.005770869137206287,0.12173631147289042,1
1724,0.256055429096818,-0.11508650280572796,0.005978829157520979,0.004340410507069503,0.729690216281522,0.005978829157520979,0.12127884898009275,1
1725,0.25998288615811604,-0.11295387622623985,0.005987519330519043,0.004340410507069503,0.7243987933030829,0.005987519330519043,0.12169501057373272,1
1726,0.2617261247931595,-0.11674884198048448,0.006031176680148593,0.004340410507069503,0.7212441598733018,0.006031176680148593,0.12086648035077768,1
1727,0.2694612785279844,-0.1231232617904279,0.006167747851676187,0.004340410507069503,0.7219555801735666,0.006167747851676187,0.12167953713045111,1
1728,0.2694612785279844,-0.1231232617904279,0.006167747851676187,0.004340410507069503,0.7219555801735666,0.006167747851676187,0.12167953713045111,1
1729,0.26071365288038456,-0.1284581272629983,0.00613203426484222,0.004340410507069503,0.7250438105453529,0.00613203426484222,0.12069215917521384,1
1730,0.26071365288038456,-0.1284581272629983,0.00613203426484222,0.004340410507069503,0.7250438105453529,0.00613203426484222,0.12069215917521384,1
1731,0.25599933064910857,-0.12632795205223354,0.0058997443341391115,0.004340410507069503,0.7409300635198285,0.0058997443341391115,0.12160623772016992,1
1732,0.24978598163381363,-0.1263248158789865,0.0057046775319861565,0.004340410507069503,0.7414760406738948,0.0057046775319861565,0.12314720374100388,1
1733,0.25197321396093436,-0.12660608323304592,0.005822584663726913,0.004340410507069503,0.744140872186219,0.005822584663726913,0.12318209726301699,1
1734,0.25309077179117195,-0.12411246331012547,0.00592555402446836,0.004340410507069503,0.7348660672506027,0.00592555402446836,0.1223083449367051,1
1735,0.2541451954065586,-0.1294324134184624,0.005881463927853729,0.004340410507069503,0.7408349776755486,0.005881463927853729,0.12396519030484034,1
1736,0.25960722984677115,-0.12874107330532258,0.005970334603617002,0.004340410507069503,0.739318134524606,0.005970334603617002,0.12481530303609932,1
1737,0.25510976653637274,-0.13497028861433108,0.006151647362560178,0.004340410507069503,0.729900815007874,0.006151647362560178,0.12226028464060229,1
1738,0.2591682243918831,-0.14625428260220524,0.006470394175672054,0.004340410507069503,0.73276627750181,0.006470394175672054,0.12249143502807949,1
1739,0.26506649682138655,-0.14425482992594665,0.006446381879709191,0.004340410507069503,0.734554326305102,0.006446381879709191,0.12427107479442262,1
1740,0.2694684254877297,-0.14568655015575654,0.0064853628818201635,0.004340410507069503,0.7440147018509755,0.0064853628818201635,0.12535828935328924,1
1741,0.26957534171676006,-0.14706971591566717,0.0065661433548844135,0.004340410507069503,0.7446444063102268,0.0065661433548844135,0.12455665498514042,1
1742,0.2641847960393888,-0.14344947738909886,0.006315370014857594,0.004340410507069503,0.7494908004764352,0.006315370014857594,0.12405071382291281,1
1743,0.27076883658794076,-0.14730749533574963,0.00632776646098758,0.004340410507069503,0.7509665218399435,0.00632776646098758,0.12719978893752695,1
1744,0.27179651465253674,-0.1539441800685774,0.0065283937445293145,0.004340410507069503,0.7296468268502818,0.0065283937445293145,0.1278318273304013,1
1745,0.27479944349814833,-0.15158466617698857,0.006476108633324572,0.004340410507069503,0.7299120745359722,0.006476108633324572,0.12918596966326684,1
1746,0.271374393769415,-0.1478755555568153,0.0064894171516156505,0.004340410507069503,0.7297807604008709,0.0064894171516156505,0.1283206333276314,1
1747,0.2728105937892959,-0.1496553762445653,0.006749580574530159,0.004340410507069503,0.7213480579398504,0.006749580574530159,0.12641665461024157,1
1748,0.2728105937892959,-0.1496553762445653,0.006749580574530159,0.004340410507069503,0.7213480579398504,0.006749580574530159,0.12641665461024157,1
1749,0.27444485805227115,-0.15355373683440163,0.00685671490620485,0.004340410507069503,0.7210961211617928,0.00685671490620485,0.12724784758800417,1
1750,0.27444485805227115,-0.15355373683440163,0.00685671490620485,0.004340410507069503,0.7210961211617928,0.00685671490620485,0.12724784758800417,1
1751,0.27444485805227115,-0.15355373683440163,0.00685671490620485,0.004340410507069503,0.7210961211617928,0.00685671490620485,0.12724784758800417,1
1752,0.27444485805227115,-0.15355373683440163,0.00685671490620485,0.004340410507069503,0.7210961211617928,0.00685671490620485,0.12724784758800417,1
1753,0.27444485805227115,-0.15355373683440163,0.00685671490620485,0.004340410507069503,0.7210961211617928,0.00685671490620485,0.12724784758800417,1
1754,0.27444485805227115,-0.15355373683440163,0.00685671490620485,0.004340410507069503,0.7210961211617928,0.00685671490620485,0.12724784758800417,1
1755,0.27444485805227115,-0.15355373683440163,0.00685671490620485,0.004340410507069503,0.7210961211617928,0.00685671490620485,0.12724784758800417,1
1756,0.2766455251752275,-0.15065687632515032,0.006918424918721215,0.004340410507069503,0.730544485285735,0.006918424918721215,0.12782915908934603,1
1757,0.2766455251752275,-0.15065687632515032,0.006918424918721215,0.004340410507069503,0.730544485285735,0.006918424918721215,0.12782915908934603,1
1758,0.2747293296800525,-0.155879960987555,0.0068414209988356435,0.004340410507069503,0.7320580613705358,0.0068414209988356435,0.12858923152177623,1
1759,0.27590404865395945,-0.15604587288710492,0.006890007811199439,0.004340410507069503,0.7290474160128751,0.006890007811199439,0.12794154418740206,1
1760,0.270994723033952,-0.15596938926522885,0.006616427367923111,0.004340410507069503,0.7339573697658904,0.006616427367923111,0.128206466364821,1
1761,0.2722715626765188,-0.1482471903881391,0.006592441043765899,0.004340410507069503,0.7404979902797987,0.006592441043765899,0.12628673994465825,1
1762,0.27386516189177856,-0.15156869257970476,0.00651834855721071,0.004340410507069503,0.7352897013766833,0.00651834855721071,0.12796850180390154,1
1763,0.2712565256711748,-0.15316874843060768,0.006571970762177356,0.004340410507069503,0.7341198141971811,0.006571970762177356,0.12674777183583671,1
1764,0.2736009697404629,-0.15680226992019114,0.006587788693293832,0.004340410507069503,0.7421641399716914,0.006587788693293832,0.1275276583184771,1
1765,0.27995704613476924,-0.16065703718840713,0.006860901809638498,0.004340410507069503,0.7458297511065068,0.006860901809638498,0.1269841870622618,1
1766,0.28003767,-0.15876407668464312,0.0067371574680309045,0.004340410507069503,0.7518852830453816,0.0067371574680309045,0.12760511136244546,1
1767,0.2759839786384815,-0.1596804641180819,0.006742017308272795,0.004340410507069503,0.7440854464780444,0.006742017308272795,0.12603287142175398,1
1768,0.27877149817908775,-0.16219836467442758,0.006871815219982653,0.004340410507069503,0.737719203999039,0.006871815219982653,0.12519275235726815,1
1769,0.27185428674905693,-0.1639842400163355,0.0067432824033394016,0.004340410507069503,0.7385860521800495,0.0067432824033394016,0.1256060162673658,1
1770,0.2693353091099759,-0.1548135473582734,0.00636942531769453,0.004340410507069503,0.750923733002564,0.00636942531769453,0.12682684528169128,1
1771,0.2679277508658786,-0.161520251636321,0.006507386894313932,0.004340410507069503,0.7467141698749067,0.006507386894313932,0.1254778277737939,1
1772,0.26824033934423464,-0.1638030141211252,0.006617525119033781,0.004340410507069503,0.7405854621418022,0.006617525119033781,0.12481501341782938,1
1773,0.2696956268916949,-0.17173725127261372,0.006985481197506199,0.004340410507069503,0.7319250138959478,0.006985481197506199,0.12367612331920888,1
1774,0.269552717432293,-0.1715411449054167,0.0069975298670291435,0.004340410507069503,0.724386434478407,0.0069975298670291435,0.12229658284827068,1
1775,0.26263413682060127,-0.16535490404641545,0.006718311909736457,0.004340410507069503,0.7252765799152652,0.006718311909736457,0.12147675719830818,1
1776,0.26263413682060127,-0.16535490404641545,0.006718311909736457,0.004340410507069503,0.7252765799152652,0.006718311909736457,0.12147675719830818,1
1777,0.26263413682060127,-0.16535490404641545,0.006718311909736457,0.004340410507069503,0.7252765799152652,0.006718311909736457,0.12147675719830818,1
1778,0.26263413682060127,-0.16535490404641545,0.006718311909736457,0.004340410507069503,0.7252765799152652,0.006718311909736457,0.12147675719830818,1
1779,0.2592333503102512,-0.169853348063076,0.006461906218563735,0.004340410507069503,0.7371202140850215,0.006461906218563735,0.12393909457512435,1
1780,0.26418638465979444,-0.16675900105956057,0.00674108271511204,0.004340410507069503,0.7343942209487688,0.00674108271511204,0.12123748335128887,1
1781,0.2641798140743444,-0.16362579184979173,0.00663062686075858,0.004340410507069503,0.7326350472009762,0.00663062686075858,0.12215553039281506,1
1782,0.2665341397604423,-0.17298712590416473,0.006652638982889792,0.004340410507069503,0.7283516025183061,0.006652638982889792,0.12251139206311078,1
1783,0.2612865196898779,-0.17253749469461488,0.006500537670514506,0.004340410507069503,0.7283823828564182,0.006500537670514506,0.12327169163904908,1
1784,0.2572243670154155,-0.17310445882630876,0.006249465850542645,0.004340410507069503,0.7287491790994877,0.006249465850542645,0.12505230905601913,1
1785,0.2572243670154155,-0.17310445882630876,0.006249465850542645,0.004340410507069503,0.7287491790994877,0.006249465850542645,0.12505230905601913,1
1786,0.2548305588905005,-0.17161124249231344,0.006234948737349614,0.004340410507069503,0.7239282922391865,0.006234948737349614,0.12458405426429392,1
1787,0.2500488224635592,-0.17577009684584385,0.006225354293749433,0.004340410507069503,0.7220014254464109,0.006225354293749433,0.12409330985160039,1
1788,0.254372712711137,-0.16309823579636137,0.00809650309247807,0.004340410507069503,0.7191766656569143,0.006304383432119856,0.12318295140827414,0
1789,0.26325402881417276,-0.16646205661777147,0.006423736524787641,0.004340410507069503,0.7248354713935669,0.006423736524787641,0.12456065408261623,1
1790,0.2558868967286025,-0.16718776941746252,0.006312064871147364,0.004340410507069503,0.7254388527042627,0.006312064871147364,0.12476248352166397,1
1791,0.2507179527509068,-0.16176207569671128,0.006201952741694362,0.004340410507069503,0.723782755952365,0.006201952741694362,0.12384484862743385,1
1792,0.24975576602337923,-0.16188627024858784,0.00613617029289176,0.004340410507069503,0.7207219731183785,0.00613617029289176,0.12460690174071923,1
1793,0.24975576602337923,-0.16188627024858784,0.00613617029289176,0.004340410507069503,0.7207219731183785,0.00613617029289176,0.12460690174071923,1
1794,0.24975576602337923,-0.16188627024858784,0.00613617029289176,0.004340410507069503,0.7207219731183785,0.00613617029289176,0.12460690174071923,1
1795,0.24975576602337923,-0.16188627024858784,0.00613617029289176,0.004340410507069503,0.7207219731183785,0.00613617029289176,0.12460690174071923,1
1796,0.24975576602337923,-0.16188627024858784,0.00613617029289176,0.004340410507069503,0.7207219731183785,0.00613617029289176,0.12460690174071923,1
1797,0.24975576602337923,-0.16188627024858784,0.00613617029289176,0.004340410507069503,0.7207219731183785,0.00613617029289176,0.12460690174071923,1
1798,0.24300308657998362,-0.16592097012723503,0.006032098100298841,0.004340410507069503,0.7214469172533736,0.006032098100298841,0.12546389445760694,1
1799,0.2371061157955761,-0.17297952179986859,0.0058750311268567805,0.004340410507069503,0.7225851745091264,0.0058750311268567805,0.12686485205879064,1
1800,0.2371061157955761,-0.17297952179986859,0.0058750311268567805,0.004340410507069503,0.7225851745091264,0.0058750311268567805,0.12686485205879064,1
1801,0.2371061157955761,-0.17297952179986859,0.0058750311268567805,0.004340410507069503,0.7225851745091264,0.0058750311268567805,0.12686485205879064,1
1802,0.2371061157955761,-0.17297952179986859,0.0058750311268567805,0.004340410507069503,0.7225851745091264,0.0058750311268567805,0.12686485205879064,1
1803,0.2371061157955761,-0.17297952179986859,0.0058750311268567805,0.004340410507069503,0.7225851745091264,0.0058750311268567805,0.12686485205879064,1
1804,0.2371061157955761,-0.17297952179986859,0.0058750311268567805,0.004340410507069503,0.7225851745091264,0.0058750311268567805,0.12686485205879064,1
1805,0.24322131314971338,-0.16746578519598976,0.005896233144011033,0.004340410507069503,0.7328399756571371,0.005896233144011033,0.12777544538245933,1
1806,0.2367763619165579,-0.17624070206612472,0.005761360490638312,0.004340410507069503,0.7325272548177884,0.005761360490638312,0.12961844319906388,1
1807,0.2454709781163241,-0.16575149873051648,0.005744215849327871,0.004340410507069503,0.7309336813395908,0.005744215849327871,0.13105770157144989,1
1808,0.24308355814849403,-0.16685477051552094,0.005711438838314789,0.004340410507069503,0.7325643869473561,0.005711438838314789,0.13132984934357314,1
1809,0.24534897684144003,-0.16937435909762177,0.0056378017032711,0.004340410507069503,0.7313013101582103,0.0056378017032711,0.133852046162383,1
1810,0.24276464673401887,-0.16383751497239765,0.005549697121003875,0.004340410507069503,0.7197951139830497,0.005549697121003875,0.13238663161699304,1
1811,0.24276464673401887,-0.16383751497239765,0.005549697121003875,0.004340410507069503,0.7197951139830497,0.005549697121003875,0.13238663161699304,1
1812,0.24062292370396643,-0.1614466070170762,0.00760684365567223,0.004340410507069503,0.7191367090276609,0.005460458405163114,0.13270462710811995,0
1813,0.2402429104704174,-0.15967538131051282,0.005396163830227113,0.004340410507069503,0.7228625308431372,0.005396163830227113,0.13409511023184228,1
1814,0.24742895206985954,-0.15571041499572513,0.005396744508289773,0.004340410507069503,0.7332452856899215,0.005396744508289773,0.13537427585970965,1
1815,0.2580377657457927,-0.1559532149461656,0.005619503086400708,0.004340410507069503,0.7430635247969518,0.005619503086400708,0.13446001047816133,1
1816,0.2567177383487411,-0.14916411554013365,0.005510316671867402,0.004340410507069503,0.7422829972632504,0.005510316671867402,0.13347263651591157,1
1817,0.25816667115466524,-0.15078131687339577,0.0056198565087406775,0.004340410507069503,0.7527190128352369,0.0056198565087406775,0.1320642542080696,1
1818,0.24833925317139402,-0.14975062530547295,0.0054762830967848035,0.004340410507069503,0.7557021078326636,0.0054762830967848035,0.1311619432268437,1
1819,0.25612096646883337,-0.14722156163029046,0.005580698586678932,0.004340410507069503,0.7626256292063593,0.005580698586678932,0.131619947347562,1
1820,0.25797733020923613,-0.145452800366339,0.00565394959422418,0.004340410507069503,0.7596565231820603,0.00565394959422418,0.13168376173840163,1
1821,0.2587271311571652,-0.14545997620430162,0.005860311728304662,0.004340410507069503,0.7500861613895733,0.005860311728304662,0.13011298798969073,1
1822,0.25722516812734786,-0.1435018504951055,0.005918298157857209,0.004340410507069503,0.7465513610652023,0.005918298157857209,0.12847128278891592,1
1823,0.2639715961286649,-0.14408699377404482,0.006143391769516369,0.004340410507069503,0.7348719433177233,0.006143391769516369,0.12612888480073509,1
1824,0.26212178885004006,-0.14273793481290717,0.006200223094716605,0.004340410507069503,0.728538038715746,0.006200223094716605,0.12604854841317936,1
1825,0.26212178885004006,-0.14273793481290717,0.006200223094716605,0.004340410507069503,0.728538038715746,0.006200223094716605,0.12604854841317936,1
1826,0.2590756616352658,-0.14733177226566083,0.0060903178782850224,0.004340410507069503,0.7224148652887337,0.0060903178782850224,0.12772763885061758,1
1827,0.2625085408011681,-0.14424012929743443,0.006288716474574755,0.004340410507069503,0.7196172855582909,0.006288716474574755,0.12587255197035463,1
1828,0.26359915062017125,-0.13849908912600814,0.007931912557080964,0.004340410507069503,0.7191834444129296,0.006196726985885034,0.12605678344536045,0
1829,0.26709722459268315,-0.14206741722782815,0.00630840467234718,0.004340410507069503,0.7223120912339689,0.00630840467234718,0.12627784894994873,1
1830,0.26709722459268315,-0.14206741722782815,0.00630840467234718,0.004340410507069503,0.7223120912339689,0.00630840467234718,0.12627784894994873,1
1831,0.2618050081735648,-0.14782018962865606,0.006199084008733604,0.004340410507069503,0.7342745984391944,0.006199084008733604,0.12638908763067694,1
1832,0.25497243068885794,-0.15559527254419553,0.006065512036356682,0.004340410507069503,0.727532790300419,0.006065512036356682,0.12672313775004293,1
1833,0.2480948243048767,-0.15816664667902813,0.006043715293205949,0.004340410507069503,0.7252518038834664,0.006043715293205949,0.1234198088616518,1
1834,0.24895864427680142,-0.15496915681643197,0.005914091808093681,0.004340410507069503,0.7329247608036491,0.005914091808093681,0.12428847317445167,1
1835,0.2476197514857225,-0.16348611052763923,0.0059462601035986185,0.004340410507069503,0.7310689561331805,0.0059462601035986185,0.12479878260368141,1
1836,0.25851337674850844,-0.15859154441839235,0.006089696891826717,0.004340410507069503,0.7203749581976009,0.006089696891826717,0.12660207830237658,1
1837,0.25368544564543566,-0.15861319121855721,0.005899283300604883,0.004340410507069503,0.7336628908234242,0.005899283300604883,0.12697477452205852,1
1838,0.2500687876379768,-0.16145030363288543,0.005857034086225413,0.004340410507069503,0.7411316264975898,0.005857034086225413,0.1252443425822415,1
1839,0.25114899581358074,-0.1653034525385255,0.005869205868937909,0.004340410507069503,0.7543491253108143,0.005869205868937909,0.12663208831455086,1
1840,0.25507346365847994,-0.16317008640082512,0.0059465123457108,0.004340410507069503,0.7511095812816382,0.0059465123457108,0.1251327329344579,1
1841,0.25471788935611606,-0.16134898928700336,0.005886570517911203,0.004340410507069503,0.7481072220334394,0.005886570517911203,0.12636965251150006,1
1842,0.25355019772616777,-0.1672744034864374,0.005975989055558326,0.004340410507069503,0.7490787795068488,0.005975989055558326,0.12394320959489627,1
1843,0.2514076559671141,-0.17173126203608374,0.005962800887004345,0.004340410507069503,0.7474553384895382,0.005962800887004345,0.12266862785408397,1
1844,0.24708532878471406,-0.17861284160652535,0.005843855300432603,0.004340410507069503,0.7568043269058691,0.005843855300432603,0.12440975898482558,1
1845,0.2490557373179219,-0.18067081619204703,0.00588087091711419,0.004340410507069503,0.7525190347347668,0.00588087091711419,0.1248102772497483,1
1846,0.2503644339038177,-0.1828694674217762,0.005881249442803605,0.004340410507069503,0.7475083595931188,0.005881249442803605,0.12659226058756987,1
1847,0.2539983402411765,-0.18358921257640068,0.005939182909651399,0.004340410507069503,0.747949742123488,0.005939182909651399,0.128317059105479,1
1848,0.25666597039939304,-0.1841584837940878,0.0060282360101263,0.004340410507069503,0.7480149982017497,0.0060282360101263,0.12810906518488313,1
1849,0.25768127377058236,-0.18785327588616482,0.0060214075527405386,0.004340410507069503,0.7533997513372501,0.0060214075527405386,0.1293070562084091,1
1850,0.2534071334048349,-0.1922508370778832,0.005925170053550313,0.004340410507069503,0.7558017986407399,0.005925170053550313,0.1299505019787929,1
1851,0.26122099894326767,-0.18138858210887246,0.00603650312126135,0.004340410507069503,0.7552661157269533,0.00603650312126135,0.12895113653484924,1
1852,0.2519931529359684,-0.18929884665371116,0.005886469723917289,0.004340410507069503,0.7584787571678464,0.005886469723917289,0.12936211304331702,1
1853,0.2462014002963692,-0.19420648887335273,0.005749933208251197,0.004340410507069503,0.7644761319366383,0.005749933208251197,0.13148860048631478,1
1854,0.24581452365150613,-0.19626469,0.00563367198722435,0.004340410507069503,0.7598231999793068,0.00563367198722435,0.1335600487636601,1
1855,0.25086757266935694,-0.19626469,0.005717511399504955,0.004340410507069503,0.7571550255174277,0.005717511399504955,0.13431594637134647,1
1856,0.24883151928670938,-0.18817418020842172,0.0057037776704288775,0.004340410507069503,0.747892938183304,0.0057037776704288775,0.13268006782628997,1
1857,0.25143454623005224,-0.19513640308119415,0.005776743915692483,0.004340410507069503,0.7455574128429133,0.005776743915692483,0.13326615598013417,1
1858,0.2527202136543531,-0.19626469,0.0058293942384224084,0.004340410507069503,0.747079012502877,0.0058293942384224084,0.13273504618371607,1
1859,0.2495932083148094,-0.1961045049779572,0.005756011004737335,0.004340410507069503,0.7423884051554984,0.005756011004737335,0.1339331555537594,1
1860,0.2557032409291389,-0.19626469,0.005851879231677858,0.004340410507069503,0.7426229345683568,0.005851879231677858,0.13298035249416681,1
1861,0.25101845130049183,-0.19626469,0.005830437996348027,0.004340410507069503,0.7385553584956729,0.005830437996348027,0.13430320382312785,1
1862,0.2512357504971635,-0.19626469,0.005731771804292084,0.004340410507069503,0.7465551408926059,0.005731771804292084,0.1345969295886347,1
1863,0.24904069537904128,-0.1858821433669661,0.0057637897749171505,0.004340410507069503,0.7412006971013356,0.0057637897749171505,0.13397137455757727,1
1864,0.24661507566448823,-0.18462474391984357,0.005693816007763131,0.004340410507069503,0.750874573004781,0.005693816007763131,0.1325162172506593,1
1865,0.24918255819610355,-0.18190586439728765,0.005676165946412254,0.004340410507069503,0.7523129057130814,0.005676165946412254,0.13347021890091526,1
1866,0.2478193860622026,-0.17866500917530503,0.005659509217131186,0.004340410507069503,0.759234701715065,0.005659509217131186,0.13301888355211666,1
1867,0.2539603177367732,-0.17375023610095644,0.005684593898180588,0.004340410507069503,0.7528347406120962,0.005684593898180588,0.13359721061252872,1
1868,0.25027813271101856,-0.18280381898126702,0.005639884880021158,0.004340410507069503,0.7512917637612677,0.005639884880021158,0.13430896589857896,1
1869,0.2522672060182931,-0.1836901169782321,0.005697552331021695,0.004340410507069503,0.7523952055987163,0.005697552331021695,0.1329010155959598,1
1870,0.24834674051000544,-0.17468995411755756,0.0056440766186875374,0.004340410507069503,0.7406889964846816,0.0056440766186875374,0.13182008149033064,1
1871,0.24362327029236713,-0.17819258262850934,0.005577957274682549,0.004340410507069503,0.7386292528387592,0.005577957274682549,0.1321555291022539,1
1872,0.24552502694008643,-0.1757044490076062,0.0056336400724069065,0.004340410507069503,0.7352750442614823,0.0056336400724069065,0.13023994642652317,1
1873,0.2437393328742852,-0.17294139894597724,0.005621600902074726,0.004340410507069503,0.7338967406655731,0.005621600902074726,0.13005469275733858,1
1874,0.24475589317688098,-0.17344656723410018,0.005659672081307149,0.004340410507069503,0.7298493878734279,0.005659672081307149,0.12852453328878444,1
1875,0.24475589317688098,-0.17344656723410018,0.005659672081307149,0.004340410507069503,0.7298493878734279,0.005659672081307149,0.12852453328878444,1
1876,0.24821027776936017,-0.17795294309700505,0.005710866344211751,0.004340410507069503,0.7310258764891453,0.005710866344211751,0.12748253757169675,1
1877,0.24399701083255962,-0.17682204172765345,0.005658972037471061,0.004340410507069503,0.7233414678386733,0.005658972037471061,0.12662724829040156,1
1878,0.2504099368006925,-0.18386187159686643,0.005710648291088655,0.004340410507069503,0.7305630111306678,0.005710648291088655,0.12703649919058718,1
1879,0.2470707144358021,-0.185740945363847,0.005665120351660027,0.004340410507069503,0.7315547336356447,0.005665120351660027,0.12774334689298011,1
1880,0.24275829239394744,-0.18854577549241888,0.005578160129012184,0.004340410507069503,0.7340531885098481,0.005578160129012184,0.12809361838932595,1
1881,0.2434385087956449,-0.194490993035565,0.005519190519826622,0.004340410507069503,0.7363319373471745,0.005519190519826622,0.1321327567805871,1
1882,0.2523771538636787,-0.1885442770716401,0.005681550539760651,0.004340410507069503,0.7363263748431713,0.005681550539760651,0.13098012260950734,1
1883,0.2578398419425379,-0.18069577686888477,0.0057709756347652606,0.004340410507069503,0.7313061248855581,0.0057709756347652606,0.13118266847973778,1
1884,0.2545930070661679,-0.1834754027188708,0.005782667098481213,0.004340410507069503,0.7335821170701112,0.005782667098481213,0.13141440787788428,1
1885,0.2582076963369268,-0.1829842261352194,0.005880421528895107,0.004340410507069503,0.7343825775942933,0.005880421528895107,0.12985813407008817,1
1886,0.2588005000079147,-0.17615551553851574,0.005883899009714065,0.004340410507069503,0.742085892315042,0.005883899009714065,0.12905585421960475,1
1887,0.2600374695724745,-0.17153488743129858,0.005854087546278047,0.004340410507069503,0.7509249444450213,0.005854087546278047,0.1290615559334219,1
1888,0.26163774690922276,-0.17451808451856066,0.005828915202581293,0.004340410507069503,0.7572693215383948,0.005828915202581293,0.13075886106186502,1
1889,0.2572823211764959,-0.1749190821535256,0.0057619035448139445,0.004340410507069503,0.7701344049417399,0.0057619035448139445,0.1290442450951833,1
1890,0.25158716214085314,-0.1774231056618697,0.005727833150396722,0.004340410507069503,0.7772672379661085,0.005727833150396722,0.12734721387958983,1
1891,0.253369654478358,-0.17760727487888647,0.005704360931847739,0.004340410507069503,0.7761418005378798,0.005704360931847739,0.12983050314073766,1
1892,0.24593144874620423,-0.1782935255355426,0.005626328107243168,0.004340410507069503,0.7792641350811846,0.005626328107243168,0.12902788858585804,1
1893,0.24460304482570208,-0.1789844851078798,0.005621759733494278,0.004340410507069503,0.7888692599809108,0.005621759733494278,0.12823958989055032,1
1894,0.24891559389393436,-0.17227034495236782,0.00568720201423016,0.004340410507069503,0.7805316851577947,0.00568720201423016,0.1282380990229796,1
1895,0.2431414858014137,-0.18070733901496494,0.0056466495096947995,0.004340410507069503,0.765184922427867,0.0056466495096947995,0.12949713901414472,1
1896,0.23938261124811577,-0.17796232673084883,0.005580164800932342,0.004340410507069503,0.7575797082180117,0.005580164800932342,0.13130046603200546,1
1897,0.23560802870885308,-0.17894029577344595,0.005528366018583723,0.004340410507069503,0.7406280769976108,0.005528366018583723,0.12992835062875818,1
1898,0.23398745838560175,-0.1797489281432048,0.005490561608359147,0.004340410507069503,0.7438846173357728,0.005490561608359147,0.1287454915538697,1
1899,0.22973514489906674,-0.18865444215549446,0.005446345872388447,0.004340410507069503,0.7488241043383318,0.005446345872388447,0.12800710524856546,1
1900,0.2332256812643237,-0.1850268150622618,0.005436026838229423,0.004340410507069503,0.747070045067526,0.005436026838229423,0.12850726157667625,1
1901,0.22950103342511133,-0.179150716013584,0.005420142724784454,0.004340410507069503,0.7436620718799685,0.005420142724784454,0.12802013890566133,1
1902,0.23474878002175315,-0.17974454222347483,0.005442203605915432,0.004340410507069503,0.7445082039128256,0.005442203605915432,0.12756286799652683,1
1903,0.23278309190808005,-0.17995289218956823,0.005419847230811779,0.004340410507069503,0.7474513221374453,0.005419847230811779,0.12680717610751044,1
1904,0.2371770783835517,-0.18240312851092466,0.0054765518277504425,0.004340410507069503,0.7453574502403664,0.0054765518277504425,0.12723209712060957,1
1905,0.23479148891824345,-0.18869289275392737,0.005499142313763825,0.004340410507069503,0.7434938370311824,0.005499142313763825,0.12637642421806486,1
1906,0.23110741602233675,-0.1960463032707452,0.005483921194574045,0.004340410507069503,0.7479785286372055,0.005483921194574045,0.12602180674795452,1
1907,0.22941262092447426,-0.1904187228827924,0.005463257528918875,0.004340410507069503,0.753753415598781,0.005463257528918875,0.12680297426364093,1
1908,0.22941262092447426,-0.1904187228827924,0.005463257528918875,0.004340410507069503,0.753753415598781,0.005463257528918875,0.12680297426364093,1
1909,0.23000661064603467,-0.19626469,0.005458622111383216,0.004340410507069503,0.7530671486871271,0.005458622111383216,0.12843069310351893,1
1910,0.2288779735028623,-0.19572899645074626,0.005442552467064512,0.004340410507069503,0.7587277358975706,0.005442552467064512,0.1289141438572628,1
1911,0.23293569099897146,-0.19256305104269927,0.005509886388884382,0.004340410507069503,0.7523273730440131,0.005509886388884382,0.12952618809598365,1
1912,0.23114575877509363,-0.1887207449691955,0.005566955910815039,0.004340410507069503,0.7621363146455568,0.005566955910815039,0.12863097661631337,1
1913,0.23038472342536429,-0.18818693721026925,0.005601925183052569,0.004340410507069503,0.7481712963747131,0.005601925183052569,0.12856185986097685,1
1914,0.22382794027824623,-0.1919340421195065,0.005543792279267829,0.004340410507069503,0.7476916193668836,0.005543792279267829,0.12683108163995352,1
1915,0.22276915963149035,-0.19626469,0.005506998307898333,0.004340410507069503,0.7423923764367121,0.005506998307898333,0.12683795744527604,1
1916,0.21771646516977122,-0.19626469,0.0054681081027822855,0.004340410507069503,0.7398956891714141,0.0054681081027822855,0.12623260934261127,1
1917,0.2202434019900336,-0.19626469,0.005505495298501528,0.004340410507069503,0.739490888283316,0.005505495298501528,0.12695742672614158,1
1918,0.217640724420131,-0.1901872402699119,0.005443451519042801,0.004340410507069503,0.7339422572871166,0.005443451519042801,0.1276282986888039,1
1919,0.21915405804662091,-0.1891800529554192,0.0054423208091526135,0.004340410507069503,0.745210677554227,0.0054423208091526135,0.12802919407580302,1
1920,0.21967553628650707,-0.1927095446669658,0.005453357429864468,0.004340410507069503,0.7484984118913391,0.005453357429864468,0.12817100247200747,1
1921,0.22202164046304848,-0.19113305559220475,0.005582982020038391,0.004340410507069503,0.7523415795487329,0.005582982020038391,0.12669539591810766,1
1922,0.22635239290726736,-0.1896882387636227,0.005710959906241876,0.004340410507069503,0.7647840277008141,0.005710959906241876,0.12595388316779413,1
1923,0.22934448279024558,-0.1945739206887556,0.0058162660071612695,0.004340410507069503,0.7637600921214375,0.0058162660071612695,0.12756098010403244,1
1924,0.2251397934245354,-0.19626469,0.005780681118984118,0.004340410507069503,0.7615620859720597,0.005780681118984118,0.12595945833397473,1
1925,0.22501388746148068,-0.19626469,0.005760229722998139,0.004340410507069503,0.7655811484179534,0.005760229722998139,0.12652088321403215,1
1926,0.2224426337196951,-0.1929698298102875,0.005653599168237996,0.004340410507069503,0.7550447010335252,0.005653599168237996,0.12720853481838462,1
1927,0.2208392645165935,-0.19169472878739363,0.005616755419708437,0.004340410507069503,0.7474754104883787,0.005616755419708437,0.12610501451729317,1
1928,0.23082772791535353,-0.19626469,0.005856573686053981,0.004340410507069503,0.7545834982101569,0.005856573686053981,0.12447977355984136,1
1929,0.23248537383727313,-0.19285303944060064,0.005809124241523287,0.004340410507069503,0.7545519175442814,0.005809124241523287,0.12302764557755581,1
1930,0.22995594803683228,-0.18980978011935734,0.00577834594502964,0.004340410507069503,0.7574201033487228,0.00577834594502964,0.1226735969694305,1
1931,0.23034020268619923,-0.19491188330232784,0.005672666826099186,0.004340410507069503,0.7582078516199755,0.005672666826099186,0.12589314128581905,1
1932,0.2338501422765812,-0.19337359940700216,0.005642641650803523,0.004340410507069503,0.7732583823142591,0.005642641650803523,0.12620133998807298,1
1933,0.23053355709044937,-0.1877295366786517,0.005518308742720302,0.004340410507069503,0.7796793131690054,0.005518308742720302,0.1252443940208707,1
1934,0.23177938631489794,-0.18670839463355807,0.005542867979505074,0.004340410507069503,0.7833192952609092,0.005542867979505074,0.12472965286886466,1
1935,0.22642531632105034,-0.18957650824974337,0.005535553356434028,0.004340410507069503,0.7801588593975667,0.005535553356434028,0.12313255992933475,1
1936,0.23004311807805178,-0.18083932172622216,0.005544263194029678,0.004340410507069503,0.7796189066140384,0.005544263194029678,0.12344752430222923,1
1937,0.2205044315674822,-0.18083075114300523,0.005471763604403219,0.004340410507069503,0.7794378362638126,0.005471763604403219,0.12227958793429382,1
1938,0.2218482444368286,-0.178396398311823,0.005476024296287897,0.004340410507069503,0.789350383938008,0.005476024296287897,0.12378718706288631,1
1939,0.21163607745037313,-0.18563898951640082,0.00537274055696607,0.004340410507069503,0.7801090016036408,0.00537274055696607,0.1235785223872511,1
1940,0.2144907118480088,-0.19235689776523396,0.005414387749335915,0.004340410507069503,0.7808729476366281,0.005414387749335915,0.1237239770337952,1
1941,0.21453409269090737,-0.1913976440915975,0.005477919571670482,0.004340410507069503,0.7771176144641699,0.005477919571670482,0.12150052624591758,1
1942,0.21421902658658457,-0.19402756975794924,0.0054569513256430505,0.004340410507069503,0.773965165691286,0.0054569513256430505,0.1235502716422057,1
1943,0.21121432872639037,-0.18983182569189755,0.005429399294086622,0.004340410507069503,0.7766333007701942,0.005429399294086622,0.12248382371676958,1
1944,0.2103878448825305,-0.1847392785033644,0.005417174970358417,0.004340410507069503,0.7758487074467582,0.005417174970358417,0.12224020171398965,1
1945,0.21274374780491984,-0.1848630571189314,0.005422450263737897,0.004340410507069503,0.780987518805778,0.005422450263737897,0.12376819075120772,1
1946,0.2077658428648683,-0.19223724792790714,0.005370045323432913,0.004340410507069503,0.7795175353007983,0.005370045323432913,0.12375754020327114,1
1947,0.21592293868510018,-0.18750836833158208,0.005475517990818863,0.004340410507069503,0.790572214790636,0.005475517990818863,0.12427328240031005,1
1948,0.22389757010455785,-0.19626469,0.005572757870832235,0.004340410507069503,0.7792554954882618,0.005572757870832235,0.1253522121301889,1
1949,0.22037411941182303,-0.19626469,0.005533851942902598,0.004340410507069503,0.776336045984146,0.005533851942902598,0.12647546989094727,1
1950,0.223333831992615,-0.19626469,0.005538453236650777,0.004340410507069503,0.7626139148353496,0.005538453236650777,0.1251491092746358,1
1951,0.2316243206009084,-0.18710818752076025,0.00566485816685684,0.004340410507069503,0.7696305026187684,0.00566485816685684,0.12392529367354622,1
1952,0.23908714368665898,-0.17994036448538733,0.005792948816147561,0.004340410507069503,0.7643202351168982,0.005792948816147561,0.12353287123192772,1
1953,0.23167595121174664,-0.17385911555497596,0.00573995569042769,0.004340410507069503,0.7646456157560619,0.00573995569042769,0.12366086708203759,1
1954,0.23216060361995636,-0.17240985370280396,0.005784930052627864,0.004340410507069503,0.7639850903615739,0.005784930052627864,0.12276591233490092,1
1955,0.22527951639026858,-0.1795813552353909,0.0057325755350108665,0.004340410507069503,0.7527660806797759,0.0057325755350108665,0.1218195791132204,1
1956,0.2235498832229718,-0.17685261190192475,0.005752162218073868,0.004340410507069503,0.7497828925374012,0.005752162218073868,0.12211848575944259,1
1957,0.22150208555590614,-0.17093554936846536,0.005725457338406092,0.004340410507069503,0.7579363068799884,0.005725457338406092,0.12336982982819947,1
1958,0.22610102370165167,-0.171420445728066,0.005839527846535098,0.004340410507069503,0.7578056900364597,0.005839527846535098,0.12350660725427758,1
1959,0.22682790428898725,-0.17450359962902867,0.0057993900590506955,0.004340410507069503,0.7588586306744094,0.0057993900590506955,0.12526469210074564,1
1960,0.22568003661731711,-0.17531946099678886,0.00581326397360593,0.004340410507069503,0.7624440072914359,0.00581326397360593,0.1247340462811127,1
1961,0.22909479684111617,-0.1689532227544601,0.005803732827425492,0.004340410507069503,0.7506102096567293,0.005803732827425492,0.12274148148668476,1
1962,0.23107113612693694,-0.17222375447511568,0.0057829839700992165,0.004340410507069503,0.760700018266519,0.0057829839700992165,0.12274683041772629,1
1963,0.23912430831980663,-0.17088336549251792,0.005825948116453129,0.004340410507069503,0.7637320576358464,0.005825948116453129,0.12209897238881455,1
1964,0.23929749690408994,-0.1642807829440619,0.005825915745483623,0.004340410507069503,0.7665797276416076,0.005825915745483623,0.12209152713456267,1
1965,0.24731450426737772,-0.16430915630591053,0.005882624933080559,0.004340410507069503,0.7700050653585149,0.005882624933080559,0.12328999149281908,1
1966,0.24701534107528791,-0.1606212405401534,0.005889427059040811,0.004340410507069503,0.7723882794719656,0.005889427059040811,0.12304059125885164,1
1967,0.23468100091865654,-0.15791525784661664,0.005777065789728048,0.004340410507069503,0.7676521676277789,0.005777065789728048,0.12106952837090007,1
1968,0.23290655248508926,-0.15957933809210664,0.005735886751881612,0.004340410507069503,0.7597431631034554,0.005735886751881612,0.12163872039341932,1
1969,0.23866827066020185,-0.16094215543384036,0.005776853424499177,0.004340410507069503,0.7559532110041152,0.005776853424499177,0.1238583733381049,1
1970,0.24248307748119485,-0.1545865830164964,0.0058754847322247845,0.004340410507069503,0.75358498151643,0.0058754847322247845,0.12347699641888549,1
1971,0.24804909224688132,-0.1552294700068842,0.005915036167202154,0.004340410507069503,0.7513850908226668,0.005915036167202154,0.12222589429512565,1
1972,0.24712018692357368,-0.14943769090224465,0.005861182578469038,0.004340410507069503,0.755524231458483,0.005861182578469038,0.12162297999818651,1
1973,0.24365802257502453,-0.14714517321448592,0.005838329808397298,0.004340410507069503,0.7505974825219294,0.005838329808397298,0.1221494684671123,1
1974,0.23299092701534263,-0.1490719173965757,0.005777045631782678,0.004340410507069503,0.7496434979487294,0.005777045631782678,0.12244964352690867,1
1975,0.2400616113230754,-0.15431837852797659,0.005907012534927866,0.004340410507069503,0.7418548604326731,0.005907012534927866,0.12505619765036785,1
1976,0.24455433963521336,-0.1545709201643178,0.005925746444409706,0.004340410507069503,0.7409111663494148,0.005925746444409706,0.12472192342379926,1
1977,0.24535043046673868,-0.15325415603100148,0.005961582093610025,0.004340410507069503,0.74728669428515,0.005961582093610025,0.12566263979069775,1
1978,0.2365430278863583,-0.15068767569437266,0.005878163466812635,0.004340410507069503,0.7567795820334733,0.005878163466812635,0.12604180228694797,1
1979,0.24054555337793232,-0.15116721048590653,0.005863702508412657,0.004340410507069503,0.7561007679321603,0.005863702508412657,0.12698241363649343,1
1980,0.2318377808471268,-0.14781602711966207,0.005795279755587444,0.004340410507069503,0.7643787601295711,0.005795279755587444,0.1268814087824958,1
1981,0.23135686693533125,-0.15520673884715064,0.005779686588233235,0.004340410507069503,0.7598651061463548,0.005779686588233235,0.1287628054331431,1
1982,0.2310660498504342,-0.14930814674785753,0.005758508293272401,0.004340410507069503,0.7664129839832305,0.005758508293272401,0.12704180847983004,1
1983,0.23409645958768593,-0.1520171223088513,0.005745202849335914,0.004340410507069503,0.7617491270475478,0.005745202849335914,0.12811273882362187,1
1984,0.23032343825181714,-0.1560488365697037,0.005726950937777886,0.004340410507069503,0.7503559646665283,0.005726950937777886,0.12931045222283577,1
1985,0.2262421586771346,-0.15176388283474673,0.0057638143345563955,0.004340410507069503,0.7409218598331132,0.0057638143345563955,0.12722725451605882,1
1986,0.21868559368761084,-0.14929835151960047,0.005748839910186402,0.004340410507069503,0.7351036800828705,0.005748839910186402,0.1291141246114652,1
1987,0.22484533861313213,-0.15719043608826996,0.005809416441095706,0.004340410507069503,0.7377115000757846,0.005809416441095706,0.13190022791124648,1
1988,0.22931434657376676,-0.1520966517409482,0.005819949737089906,0.004340410507069503,0.7357423772060261,0.005819949737089906,0.13147948237141718,1
1989,0.22811858579053504,-0.154692246494987,0.005786338577060695,0.004340410507069503,0.7365109664491672,0.005786338577060695,0.13086790018213476,1
1990,0.23429989429384449,-0.15591269982219902,0.005803054917665393,0.004340410507069503,0.7429028024105994,0.005803054917665393,0.13194646263451212,1
1991,0.2312362267136816,-0.16169342397488426,0.005799895362339855,0.004340410507069503,0.7433555652417065,0.005799895362339855,0.1315320974330238,1
1992,0.2301504013479794,-0.16364348709934068,0.005817516048728605,0.004340410507069503,0.7386896506586897,0.005817516048728605,0.13202221734101488,1
1993,0.2355422915471096,-0.16268625195570585,0.005821271871778219,0.004340410507069503,0.7421859516897208,0.005821271871778219,0.13418599244716928,1
1994,0.23392302036036597,-0.15935070254946315,0.0057642990593453555,0.004340410507069503,0.7429604932688068,0.0057642990593453555,0.1345710550695891,1
1995,0.23484022798204574,-0.16480379164911113,0.005786782829079,0.004340410507069503,0.7476356385293206,0.005786782829079,0.1347611284751327,1
1996,0.23481405225870966,-0.16756202093006645,0.0058060445950070564,0.004340410507069503,0.741809463176078,0.0058060445950070564,0.136387758213233,1
1997,0.24005454597241993,-0.1676888567162176,0.005812075856193431,0.004340410507069503,0.7300457288293957,0.005812075856193431,0.13765560996241177,1
1998,0.2483126284092185,-0.16807869455602767,0.005841523031124184,0.004340410507069503,0.7342248207985528,0.005841523031124184,0.13864305547068487,1
1999,0.24857699079296205,-0.1599534732237187,0.005860126268659959,0.004340410507069503,0.7326566844999873,0.005860126268659959,0.13767322844862276,1
2000,0.24673300080629043,-0.15963973690644212,0.005764208220356346,0.004340410507069503,0.7407103400683636,0.005764208220356346,0.13814702969532386,1
2001,0.24637711331464976,-0.160243640601491,0.0058181381316358225,0.004340410507069503,0.7380042262136228,0.0058181381316358225,0.13841732945775634,1
2002,0.25260872968635445,-0.16066630618260547,0.005995417580104241,0.004340410507069503,0.7487140923640024,0.005995417580104241,0.1398904324455674,1
2003,0.2544091240308429,-0.16752369235899464,0.006002390398344002,0.004340410507069503,0.7423626189893345,0.006002390398344002,0.13895563173498626,1
2004,0.24805327495136822,-0.1686274043143384,0.005981287428165867,0.004340410507069503,0.7305348547651767,0.005981287428165867,0.13818612144168269,1
2005,0.245828205651724,-0.16896092351152814,0.0059983372679303084,0.004340410507069503,0.7273327064357444,0.0059983372679303084,0.1370949141485315,1
2006,0.2546117122485917,-0.1688505366741359,0.0059701492567831894,0.004340410507069503,0.7336494503931797,0.0059701492567831894,0.13615411329528704,1
2007,0.2587506333690051,-0.17022415408255273,0.006048488735690532,0.004340410507069503,0.7359989104543282,0.006048488735690532,0.13701041939182287,1
2008,0.25020949390399344,-0.17735461461386448,0.005948451345235635,0.004340410507069503,0.7343911152940521,0.005948451345235635,0.13677600360629183,1
2009,0.24917309099184207,-0.17910397351811058,0.005970528968086241,0.004340410507069503,0.7344856199377248,0.005970528968086241,0.1370627622244228,1
2010,0.24751785372851928,-0.17880125998525268,0.005877468167466936,0.004340410507069503,0.7414741070804605,0.005877468167466936,0.13691113239855682,1
2011,0.24352710880468983,-0.17756285841056227,0.005840684194219532,0.004340410507069503,0.7410200694085846,0.005840684194219532,0.13704205301150715,1
2012,0.24303464467228572,-0.18462438933016811,0.005853215793989752,0.004340410507069503,0.7399909081599485,0.005853215793989752,0.13811873888883558,1
2013,0.24783592301975774,-0.1852886348484386,0.005873722050884491,0.004340410507069503,0.7356744712314833,0.005873722050884491,0.13723218066555584,1
2014,0.24157799336367478,-0.18815131689958403,0.005775887246108975,0.004340410507069503,0.7240456618212499,0.005775887246108975,0.1364241292844644,1
2015,0.23727022014584476,-0.19626469,0.00576717268432108,0.004340410507069503,0.7261138158548446,0.00576717268432108,0.1373513438088369,1
2016,0.23727022014584476,-0.19626469,0.00576717268432108,0.004340410507069503,0.7261138158548446,0.00576717268432108,0.1373513438088369,1
2017,0.23566816883236297,-0.19626469,0.005727947437308931,0.004340410507069503,0.7385261783597108,0.005727947437308931,0.13761435581998951,1
2018,0.23121574827671862,-0.19626469,0.005728833130999369,0.004340410507069503,0.7387513182608314,0.005728833130999369,0.13689182460760005,1
2019,0.22651225699050737,-0.194140866197303,0.005618335721380004,0.004340410507069503,0.7344443913472231,0.005618335721380004,0.13791383571509597,1
2020,0.21805626404656822,-0.19188457886290178,0.005572669290137455,0.004340410507069503,0.7282244688124722,0.005572669290137455,0.1381956165270215,1
2021,0.2156544107417268,-0.19101566372822606,0.005562902831231297,0.004340410507069503,0.7299080135817783,0.005562902831231297,0.1411356769994236,1
2022,0.215194549704774,-0.19550849302121795,0.005665947031480547,0.004340410507069503,0.7284361628552317,0.005665947031480547,0.1434840770873437,1
2023,0.21991782501713455,-0.1916957861998635,0.005632432536464024,0.004340410507069503,0.7200505135385833,0.005632432536464024,0.1435034010395315,1
2024,0.21991782501713455,-0.1916957861998635,0.005632432536464024,0.004340410507069503,0.7200505135385833,0.005632432536464024,0.1435034010395315,1
2025,0.21991782501713455,-0.1916957861998635,0.005632432536464024,0.004340410507069503,0.7200505135385833,0.005632432536464024,0.1435034010395315,1
2026,0.21991782501713455,-0.1916957861998635,0.005632432536464024,0.004340410507069503,0.7200505135385833,0.005632432536464024,0.1435034010395315,1
2027,0.21991782501713455,-0.1916957861998635,0.005632432536464024,0.004340410507069503,0.7200505135385833,0.005632432536464024,0.1435034010395315,1
2028,0.21991782501713455,-0.1916957861998635,0.005632432536464024,0.004340410507069503,0.7200505135385833,0.005632432536464024,0.1435034010395315,1
2029,0.22794642537885718,-0.19328831795371787,0.005781689548424698,0.004340410507069503,0.7246764536961428,0.005781689548424698,0.14706062983956064,1
2030,0.22728614629654081,-0.19273013862188257,0.005831425489373343,0.004340410507069503,0.7269819793830159,0.005831425489373343,0.14961337551394643,1
2031,0.2294646860233843,-0.18561422798924027,0.0058275060353591,0.004340410507069503,0.7302848842677966,0.0058275060353591,0.1497001801120084,1
2032,0.2354147797283158,-0.1849908831924075,0.005833030839494412,0.004340410507069503,0.7325565596675537,0.005833030839494412,0.14891246280134962,1
2033,0.23378679345101822,-0.1880881830348394,0.005823992817872415,0.004340410507069503,0.7303727944866003,0.005823992817872415,0.14791510532993624,1
2034,0.22951049952080133,-0.18788899625378583,0.005827537685847208,0.004340410507069503,0.7357661107252731,0.005827537685847208,0.14729499341835905,1
2035,0.23465920381606042,-0.18835231484442427,0.005818631424690485,0.004340410507069503,0.7368303024746441,0.005818631424690485,0.1493282752414624,1
2036,0.2222538132337432,-0.1826476209844326,0.005727486490118869,0.004340410507069503,0.7310381503155274,0.005727486490118869,0.14887815632851548,1
2037,0.22689398156706178,-0.18134193056190948,0.005738110599973587,0.004340410507069503,0.7301064507051979,0.005738110599973587,0.14850827196631577,1
2038,0.22689398156706178,-0.18134193056190948,0.005738110599973587,0.004340410507069503,0.7301064507051979,0.005738110599973587,0.14850827196631577,1
2039,0.21983476238374872,-0.17498753510856452,0.005733127585731152,0.004340410507069503,0.726110466190095,0.005733127585731152,0.14657214467135055,1
2040,0.2166828044271934,-0.1753618630853788,0.005743169777509533,0.004340410507069503,0.7340597061574476,0.005743169777509533,0.14714452639406111,1
2041,0.22039146888295277,-0.17022875640081372,0.005648244013277224,0.004340410507069503,0.7358141006468611,0.005648244013277224,0.1459298677077778,1
2042,0.22062867689971366,-0.1753708116113098,0.005685773455358898,0.004340410507069503,0.7422579450749087,0.005685773455358898,0.14734077082746536,1
2043,0.21283425954125842,-0.16953125224087265,0.0057591118150919045,0.004340410507069503,0.7381050577270724,0.0057591118150919045,0.14678556545775304,1
2044,0.2120126532652058,-0.16494833560224723,0.005769226141844721,0.004340410507069503,0.7378003087173194,0.005769226141844721,0.14649728246892754,1
2045,0.21470054507357914,-0.16838236756218092,0.005716255836984625,0.004340410507069503,0.7346642918914615,0.005716255836984625,0.14573361098030213,1
2046,0.21703816679725857,-0.165287233934901,0.0056432134375393,0.004340410507069503,0.7443124047055192,0.0056432134375393,0.14517457458327215,1
2047,0.2198800249680682,-0.16791035837172055,0.005713068184116023,0.004340410507069503,0.7576108170832463,0.005713068184116023,0.14520562665805592,1
2048,0.22956584066062535,-0.17050866034517623,0.005740220704674738,0.004340410507069503,0.7641222604056112,0.005740220704674738,0.14797902914725625,1
2049,0.2364947980500629,-0.17693125752838898,0.005788512884404834,0.004340410507069503,0.7756771282301845,0.005788512884404834,0.14916223304696435,1
2050,0.24390843578039315,-0.18529503742631614,0.005750322785675002,0.004340410507069503,0.7736019157773439,0.005750322785675002,0.15056735995185194,1
2051,0.2506640130047354,-0.1810113009688556,0.005756487493619846,0.004340410507069503,0.7736946342365426,0.005756487493619846,0.1491445112806332,1
2052,0.24590862264254723,-0.1789210764741376,0.005789416975104458,0.004340410507069503,0.7728955301015991,0.005789416975104458,0.14988300249138925,1
2053,0.24687187468551874,-0.17926259628468458,0.0057696326681717786,0.004340410507069503,0.7684803585699465,0.0057696326681717786,0.1488597423596331,1
2054,0.26005615551114164,-0.17875635258344139,0.005803745216403808,0.004340410507069503,0.7782743349388707,0.005803745216403808,0.15149941891930044,1
2055,0.26215519921586156,-0.1757296258613424,0.00584012160851736,0.004340410507069503,0.7795331101144034,0.00584012160851736,0.1513621072244609,1
2056,0.27015855054459337,-0.17044304270134444,0.005923253133723292,0.004340410507069503,0.7853005555686946,0.005923253133723292,0.15166488648695706,1
2057,0.26596646127148654,-0.16602916869102022,0.005876038903140993,0.004340410507069503,0.7868560801412838,0.005876038903140993,0.1492136995109643,1
2058,0.26965282345320524,-0.1699091218930124,0.005881413138762343,0.004340410507069503,0.7818224574734891,0.005881413138762343,0.148664867925105,1
2059,0.2620080201872899,-0.16325883082841608,0.005820295218117562,0.004340410507069503,0.776609453617867,0.005820295218117562,0.14873364963845176,1
2060,0.26015318548300986,-0.16748010764840196,0.005802254443685129,0.004340410507069503,0.7927132033576639,0.005802254443685129,0.14757260980928358,1
2061,0.2617935575404984,-0.16815579525167376,0.005853328253860101,0.004340410507069503,0.7905090870554609,0.005853328253860101,0.14646981958648977,1
2062,0.2589575496821167,-0.16124017994419032,0.005812926025497828,0.004340410507069503,0.793479303263297,0.005812926025497828,0.14471723624855604,1
2063,0.24990957611594153,-0.15996810518535745,0.005710838106152404,0.004340410507069503,0.7895020611286606,0.005710838106152404,0.14242114957364754,1
2064,0.24948385849143084,-0.1604804470051791,0.00565531327011705,0.004340410507069503,0.7900219513018536,0.00565531327011705,0.14314246077363157,1
2065,0.24773583853523568,-0.16478422125993356,0.005650835018959972,0.004340410507069503,0.7861947810019255,0.005650835018959972,0.1434316112627161,1
2066,0.2467974641748889,-0.18013243579477753,0.0056227353154861305,0.004340410507069503,0.7816792093717042,0.0056227353154861305,0.14416540112737053,1
2067,0.24384976629424354,-0.18322791542159786,0.005606776328217653,0.004340410507069503,0.78077912275127,0.005606776328217653,0.14583656977767342,1
2068,0.23863833481500468,-0.1803932354979511,0.00558853874948233,0.004340410507069503,0.783153221832055,0.00558853874948233,0.14602338466509823,1
2069,0.24087894630534928,-0.18322185596580606,0.005651775324386861,0.004340410507069503,0.7822899986742605,0.005651775324386861,0.14637358410151402,1
2070,0.23484918177564873,-0.17948902656135665,0.005643213729192126,0.004340410507069503,0.789992101403644,0.005643213729192126,0.14567685577081718,1
2071,0.24449199474819042,-0.18238345316277826,0.005739369711953127,0.004340410507069503,0.794012282488411,0.005739369711953127,0.14585690712426166,1
2072,0.24565987487974852,-0.17668095170975526,0.005759932453739025,0.004340410507069503,0.7899369253292028,0.005759932453739025,0.14355985501871246,1
2073,0.23879850871557703,-0.17664529900808104,0.005700899059403679,0.004340410507069503,0.7864470313582548,0.005700899059403679,0.14278433602633808,1
2074,0.24272780681338724,-0.17296039381893355,0.005759041969626453,0.004340410507069503,0.7836605021059088,0.005759041969626453,0.14383931618270784,1
2075,0.2493609501013788,-0.16985598345672798,0.005726742323313129,0.004340410507069503,0.7839659727066406,0.005726742323313129,0.14444414903753128,1
2076,0.24759856439980854,-0.173749838357623,0.005716509657898304,0.004340410507069503,0.7754295022698605,0.005716509657898304,0.14370470466402774,1
2077,0.242871297869005,-0.1754303631440294,0.005783110010519126,0.004340410507069503,0.7780641892482715,0.005783110010519126,0.14448376010313452,1
2078,0.23542678117695204,-0.17630281412423487,0.0057012176567741305,0.004340410507069503,0.7704336810625426,0.0057012176567741305,0.14211009320799006,1
2079,0.24082244401994174,-0.17436900420444323,0.005724241323825278,0.004340410507069503,0.7724076029787094,0.005724241323825278,0.14155078493670278,1
2080,0.24413053948894514,-0.18393988557112018,0.005788289599617537,0.004340410507069503,0.7779764692578864,0.005788289599617537,0.14152747638605342,1
2081,0.24814980517901533,-0.1820717952492218,0.005887945791808396,0.004340410507069503,0.7816736474530688,0.005887945791808396,0.14196603834550436,1
2082,0.2389320802262508,-0.18479120233334145,0.005826615470870139,0.004340410507069503,0.780746673697221,0.005826615470870139,0.1406615265997529,1
2083,0.24005768867118019,-0.18500913541124012,0.005860138393828868,0.004340410507069503,0.7856801960195319,0.005860138393828868,0.14108047235706622,1
2084,0.24280861815631538,-0.18426854195813433,0.005839001404964848,0.004340410507069503,0.7938559560548532,0.005839001404964848,0.14033183642491698,1
2085,0.24304650659415974,-0.18793890219733445,0.005817423697817968,0.004340410507069503,0.7932021477138316,0.005817423697817968,0.14269287095911917,1
2086,0.24258896959773527,-0.18394905741220488,0.005842854979972372,0.004340410507069503,0.7852404322344037,0.005842854979972372,0.14166363247127273,1
2087,0.2383491744727669,-0.18206716001949724,0.00581220745582511,0.004340410507069503,0.774213619939282,0.00581220745582511,0.14029393687413122,1
2088,0.24075688528853886,-0.18753439267487232,0.005805333967667519,0.004340410507069503,0.7672883301327126,0.005805333967667519,0.14135941911319003,1
2089,0.246738820442275,-0.1892652284066883,0.005824033021190279,0.004340410507069503,0.778445010807378,0.005824033021190279,0.14043563393189346,1
2090,0.2494507740554413,-0.18985657472790934,0.005907081270139801,0.004340410507069503,0.7791692990593773,0.005907081270139801,0.1402603257282754,1
2091,0.2511180191809903,-0.18331784169524798,0.005927095979871275,0.004340410507069503,0.7981728579168716,0.005927095979871275,0.14011597033295703,1
2092,0.25753375496169173,-0.17962735417980003,0.005942754531072011,0.004340410507069503,0.810885461955102,0.005942754531072011,0.14038600760902842,1
2093,0.25883926966521237,-0.18711246129252962,0.006023615545472022,0.004340410507069503,0.8029082718330343,0.006023615545472022,0.14089912721742706,1
2094,0.2571066776500871,-0.18995174102957424,0.006001503122177031,0.004340410507069503,0.8140338580422366,0.006001503122177031,0.14232454886794038,1
2095,0.2583696314013276,-0.19626469,0.006049356426448054,0.004340410507069503,0.8062894603301797,0.006049356426448054,0.14171201854477022,1
2096,0.2597425403731674,-0.18737156102163635,0.006035700304371633,0.004340410507069503,0.8129617721824041,0.006035700304371633,0.14198577820021854,1
2097,0.265980415182528,-0.19626469,0.006133910960848831,0.004340410507069503,0.8136345570237103,0.006133910960848831,0.14169622029764245,1
2098,0.26104635862,-0.19535161553150607,0.0061040834176178645,0.004340410507069503,0.815820268695921,0.0061040834176178645,0.13949536031820836,1
2099,0.2609804270840363,-0.196139769214136,0.006026596088173693,0.004340410507069503,0.8144575149945775,0.006026596088173693,0.1410848814791769,1
2100,0.26775021198166254,-0.19626469,0.006144580978488037,0.004340410507069503,0.803912411673499,0.006144580978488037,0.142968825202839,1
2101,0.2743704708400322,-0.19626469,0.006098058032109215,0.004340410507069503,0.8107506238005451,0.006098058032109215,0.1459888352311965,1
2102,0.2792969365393525,-0.19584265420789085,0.006136477519495736,0.004340410507069503,0.8055061377343,0.006136477519495736,0.1449779683332712,1
2103,0.28003767,-0.19504881790112566,0.0061430407624742025,0.004340410507069503,0.8006444771552687,0.0061430407624742025,0.14354719080513426,1
2104,0.2730857568943736,-0.19136294839793727,0.00608691771370555,0.004340410507069503,0.8131660577464679,0.00608691771370555,0.14122588249769952,1
2105,0.2721917034533332,-0.18733969307103832,0.006132601706625761,0.004340410507069503,0.8052671995645567,0.006132601706625761,0.1411114684129506,1
2106,0.27127774971849034,-0.185637969573254,0.00605280281949736,0.004340410507069503,0.8052370882189408,0.00605280281949736,0.1391786970085545,1
2107,0.2674073074306156,-0.18787870459523778,0.006066016706531055,0.004340410507069503,0.8051951133038499,0.006066016706531055,0.13908745135069717,1
2108,0.2680806740171858,-0.18630971300058513,0.0060799736193179335,0.004340410507069503,0.8122972204698559,0.0060799736193179335,0.13771629018411424,1
2109,0.26605251162507454,-0.17752600828943202,0.006003249878403864,0.004340410507069503,0.8104263187892004,0.006003249878403864,0.13668342966853533,1
2110,0.2673501679073319,-0.18188574136161897,0.005982374973331879,0.004340410507069503,0.8122827128470209,0.005982374973331879,0.13630630445278474,1
2111,0.26462193192464406,-0.185200489983456,0.006019130456344086,0.004340410507069503,0.801487260314522,0.006019130456344086,0.13508950887472868,1
2112,0.27100599339206405,-0.18874120736791583,0.006149451756908153,0.004340410507069503,0.795169729376576,0.006149451756908153,0.1365339649244373,1
2113,0.2731722138012658,-0.1850195403817893,0.006143678352024756,0.004340410507069503,0.80185622437594,0.006143678352024756,0.1370621458671625,1
2114,0.27265743164800754,-0.18204540091713128,0.006116938844687264,0.004340410507069503,0.8097550244547156,0.006116938844687264,0.136504866276652,1
2115,0.27028287042272353,-0.18505956483479188,0.006021274814138799,0.004340410507069503,0.8170791439539056,0.006021274814138799,0.13694031403286938,1
2116,0.26855432574018095,-0.18094795399669655,0.005901808010709495,0.004340410507069503,0.8279575923042546,0.005901808010709495,0.1387192398628412,1
2117,0.2677987491371119,-0.17305531932644963,0.005881612596660734,0.004340410507069503,0.8230887749222865,0.005881612596660734,0.13859953722735713,1
2118,0.2690602128718171,-0.17209023896646075,0.00590383117568349,0.004340410507069503,0.8221174154257281,0.00590383117568349,0.1383464020253994,1
2119,0.2705016071637185,-0.16739307158571998,0.0058863653947271105,0.004340410507069503,0.8223607273902157,0.0058863653947271105,0.13811190310757854,1
2120,0.2738046681895452,-0.1699351411521388,0.005899164568248344,0.004340410507069503,0.820589827788426,0.005899164568248344,0.13915317628755014,1
2121,0.2791642706740313,-0.16878489944549982,0.005949525910273651,0.004340410507069503,0.8150545132673215,0.005949525910273651,0.13814655585278326,1
2122,0.27042407646747535,-0.1720088608368878,0.005860338721728508,0.004340410507069503,0.8252119986006047,0.005860338721728508,0.13666554380359175,1
2123,0.2792857344362485,-0.17432458659951408,0.006015777201365932,0.004340410507069503,0.8277816163893348,0.006015777201365932,0.13589412740457102,1
2124,0.27707364586342303,-0.18047819081405372,0.006021428588098924,0.004340410507069503,0.8210748283625522,0.006021428588098924,0.13607244888954634,1
2125,0.27414321254138124,-0.18351903169252054,0.006076868493760628,0.004340410507069503,0.8084454198484128,0.006076868493760628,0.13617620415322382,1
2126,0.27203486304811253,-0.18031326603645317,0.006064532057965881,0.004340410507069503,0.8107285951062331,0.006064532057965881,0.13391217436916955,1
2127,0.28003767,-0.1705074802369268,0.006183067150345065,0.004340410507069503,0.8085205238539062,0.006183067150345065,0.1340783676501564,1
2128,0.28003767,-0.16495587483854962,0.0062166508087791,0.004340410507069503,0.81799302503968,0.0062166508087791,0.13249493086106298,1
2129,0.28003767,-0.16590024736967177,0.006342670996757408,0.004340410507069503,0.8205594194496529,0.006342670996757408,0.13129321041560996,1
2130,0.27884439274375933,-0.16548931172847106,0.006283910696544801,0.004340410507069503,0.8159466101199195,0.006283910696544801,0.13311180936296618,1
2131,0.28003767,-0.16370502348246604,0.0062239300123072975,0.004340410507069503,0.8236706376682448,0.0062239300123072975,0.13559422686861428,1
2132,0.27118490212257257,-0.17112625290307013,0.006064933864119832,0.004340410507069503,0.8242495546672225,0.006064933864119832,0.13571462635864845,1
2133,0.28003767,-0.17357457419831285,0.006157922602237663,0.004340410507069503,0.8234316874751587,0.006157922602237663,0.13822290997144196,1
2134,0.27635806022107207,-0.18097059862129533,0.0062058748453697075,0.004340410507069503,0.8149935270549779,0.0062058748453697075,0.14002134153553852,1
2135,0.26669895091607976,-0.18052606560904433,0.006140342206321153,0.004340410507069503,0.815490780382491,0.006140342206321153,0.13873947914145598,1
2136,0.2718242456351214,-0.18256641980771426,0.0061345658325464725,0.004340410507069503,0.8284885664571136,0.0061345658325464725,0.1425801780818125,1
2137,0.26680754949407176,-0.1754065864875979,0.006127472908949814,0.004340410507069503,0.824971475650663,0.006127472908949814,0.14141845864167188,1
2138,0.27246892640275944,-0.1776310035122777,0.006116028252843255,0.004340410507069503,0.8270486330109206,0.006116028252843255,0.14164828144279917,1
2139,0.2748593247180846,-0.16808121043188273,0.006098226177534764,0.004340410507069503,0.8301040572171764,0.006098226177534764,0.1399464038067318,1
2140,0.274848283076534,-0.1682328072716402,0.006111702168742036,0.004340410507069503,0.8240276644703585,0.006111702168742036,0.13978115414734413,1
2141,0.2772345677204921,-0.16377056395341513,0.006061750993668074,0.004340410507069503,0.8280471426706841,0.006061750993668074,0.1394505327147586,1
2142,0.27650894048721625,-0.16654832192679583,0.006073354787023185,0.004340410507069503,0.8233671003469734,0.006073354787023185,0.13986695363712454,1
2143,0.2744050278711686,-0.16287326631218904,0.006028968894242474,0.004340410507069503,0.8098587504952058,0.006028968894242474,0.13898713599242876,1
2144,0.2706771152812658,-0.16198055320181695,0.006001560313790263,0.004340410507069503,0.8024774769111991,0.006001560313790263,0.13829146558831235,1
2145,0.2667974566847066,-0.16882836354324082,0.0060004454361596024,0.004340410507069503,0.8016845578041223,0.0060004454361596024,0.13915391871971372,1
2146,0.2595163314228455,-0.16271827856864957,0.005900707848826526,0.004340410507069503,0.8120008255468595,0.005900707848826526,0.13907128894005638,1
2147,0.24989612053126878,-0.16620889080225212,0.005850934836418957,0.004340410507069503,0.8198061042825784,0.005850934836418957,0.13947928569251655,1
2148,0.24882501618532532,-0.16540067760874025,0.005767769837408208,0.004340410507069503,0.8175749030899664,0.005767769837408208,0.14018984647733493,1
2149,0.250272302223404,-0.1636379193896661,0.005778931095731013,0.004340410507069503,0.8161400714359922,0.005778931095731013,0.14066709224887056,1
2150,0.25513963103497245,-0.16710040581557703,0.005789514329090914,0.004340410507069503,0.812633311151472,0.005789514329090914,0.1392117318997314,1
2151,0.2546571366038209,-0.1720854033931227,0.005758286517375812,0.004340410507069503,0.8111863897010444,0.005758286517375812,0.14009540314176427,1
2152,0.26191266872352614,-0.16778176664188568,0.005822560042285692,0.004340410507069503,0.8194210391061609,0.005822560042285692,0.1396235285750421,1
2153,0.26722292487872357,-0.16534139840540876,0.0058483491322992845,0.004340410507069503,0.8218824826915576,0.0058483491322992845,0.13966951127401642,1
2154,0.26822466730852457,-0.15836630609601743,0.005863255104005649,0.004340410507069503,0.8150809333537719,0.005863255104005649,0.13941214911618632,1
2155,0.2716708828136207,-0.16908047373378804,0.005884294092819177,0.004340410507069503,0.8027654805818868,0.005884294092819177,0.1409585917955856,1
2156,0.2791210734125551,-0.172049268732075,0.006004404983598765,0.004340410507069503,0.8014402047460707,0.006004404983598765,0.14005509704441058,1
2157,0.28003767,-0.1769040867947087,0.006087765491916769,0.004340410507069503,0.7953653565110759,0.006087765491916769,0.13715659906556746,1
2158,0.2770790944379166,-0.17330339770658237,0.005998566496869818,0.004340410507069503,0.806767198590895,0.005998566496869818,0.1375309774528979,1
2159,0.28003767,-0.16947108205255376,0.006036965488965095,0.004340410507069503,0.8131379988019333,0.006036965488965095,0.13806955729253617,1
2160,0.28003767,-0.17278655864644735,0.006042397883931696,0.004340410507069503,0.8120474436064483,0.006042397883931696,0.13817509740757233,1
2161,0.27234808993276355,-0.17248819575764715,0.005994329200017072,0.004340410507069503,0.807889763276752,0.005994329200017072,0.13648590190793575,1
2162,0.27286535709179066,-0.17309575873788363,0.005986522098656762,0.004340410507069503,0.8137574516322199,0.005986522098656762,0.13737220431796315,1
2163,0.27511013468833834,-0.18357605434457536,0.006051540152258681,0.004340410507069503,0.8089757046927739,0.006051540152258681,0.13935671032373656,1
2164,0.28003767,-0.1778241777190765,0.006073646701735198,0.004340410507069503,0.8091239450895571,0.006073646701735198,0.13981197685700647,1
2165,0.28003767,-0.17120013368535017,0.0060100993452287844,0.004340410507069503,0.8115451444669517,0.0060100993452287844,0.13982436293000708,1
2166,0.28003767,-0.17590689828020356,0.006017538868522769,0.004340410507069503,0.8193029418736038,0.006017538868522769,0.1412148282546143,1
2167,0.2738321406679944,-0.18311036915272946,0.0060080437951636175,0.004340410507069503,0.8044770357873199,0.0060080437951636175,0.13959019367314968,1
2168,0.27332733303619183,-0.1836438854552662,0.006035623361508981,0.004340410507069503,0.8034730632275378,0.006035623361508981,0.13838938041003188,1
2169,0.2745339659135205,-0.17498913690636947,0.006029640427951102,0.004340410507069503,0.7973272562510925,0.006029640427951102,0.13853152253711665,1
2170,0.2711822558378898,-0.16762212657666745,0.005919227365323926,0.004340410507069503,0.8029667125012957,0.005919227365323926,0.13894834892989716,1
2171,0.27591241515224785,-0.16892200214765532,0.00601916692395041,0.004340410507069503,0.8069030921208334,0.00601916692395041,0.13990404640007528,1
2172,0.27508142429805776,-0.16445246847311398,0.0059725993419293116,0.004340410507069503,0.8173573525314228,0.0059725993419293116,0.1396643130474862,1
2173,0.28003767,-0.1656324585655414,0.006084985415269074,0.004340410507069503,0.8246549689052962,0.006084985415269074,0.13953239661135333,1
2174,0.28003767,-0.17207902929011448,0.006118182337888905,0.004340410507069503,0.806684837775348,0.006118182337888905,0.14020479194971752,1
2175,0.28003767,-0.18020806828740757,0.006148279937392669,0.004340410507069503,0.7877574070046346,0.006148279937392669,0.14059325460850852,1
2176,0.28003767,-0.18721498563847097,0.006172107481981384,0.004340410507069503,0.7829353538498093,0.006172107481981384,0.1396915396958847,1
2177,0.27886199284310836,-0.19127971281016146,0.006152488527577572,0.004340410507069503,0.7888457321369448,0.006152488527577572,0.13982345467936624,1
2178,0.28003767,-0.19626469,0.00613929088912446,0.004340410507069503,0.799130934990877,0.00613929088912446,0.14187215140060094,1
2179,0.28003767,-0.19589697996128522,0.00613889210455399,0.004340410507069503,0.7885959439667657,0.00613889210455399,0.14088875819217528,1
2180,0.28003767,-0.19592031535274165,0.006247373193367725,0.004340410507069503,0.7821052497160168,0.006247373193367725,0.14134491135727031,1
2181,0.28003767,-0.19626469,0.006270145161022066,0.004340410507069503,0.7845511243045264,0.006270145161022066,0.1420003526405319,1
2182,0.28003767,-0.19626469,0.006209096239433212,0.004340410507069503,0.7816872061782636,0.006209096239433212,0.14380012815320514,1
2183,0.28003767,-0.19626469,0.006253401803283255,0.004340410507069503,0.7753073481532844,0.006253401803283255,0.14316970764273934,1
2184,0.2765424524506009,-0.19626469,0.006251432018537727,0.004340410507069503,0.7624299445163263,0.006251432018537727,0.142929113755953,1
2185,0.27397797001198165,-0.19626469,0.006218119136233595,0.004340410507069503,0.7509504575796794,0.006218119136233595,0.14315523539480052,1
2186,0.26683571849488474,-0.19626469,0.006158429314089832,0.004340410507069503,0.7563354039052448,0.006158429314089832,0.14175952681192774,1
2187,0.26524391132134456,-0.1939269186100317,0.0061515292948392435,0.004340410507069503,0.7709087926521968,0.0061515292948392435,0.14173185954985285,1
2188,0.2657660907546038,-0.1938770021278154,0.006129983991853298,0.004340410507069503,0.779579769693599,0.006129983991853298,0.14070590907121816,1
2189,0.26244096113506904,-0.1841718176133512,0.006043624437978966,0.004340410507069503,0.7812453063740845,0.006043624437978966,0.1402460660069726,1
2190,0.2580620716690023,-0.18723762529348337,0.006013568307528554,0.004340410507069503,0.7773194763797379,0.006013568307528554,0.14206443037501218,1
2191,0.253276844330687,-0.18898466263219418,0.005989124202211998,0.004340410507069503,0.7804710514388451,0.005989124202211998,0.14217005205569747,1
2192,0.25549509939071374,-0.18020477246533878,0.00598602433238883,0.004340410507069503,0.7840571777747155,0.00598602433238883,0.14100124854227342,1
2193,0.2614512943067574,-0.17387305817974016,0.005998567848986769,0.004340410507069503,0.7867134656611572,0.005998567848986769,0.14270511956963822,1
2194,0.26105010697858677,-0.18247981748897146,0.006013294866851333,0.004340410507069503,0.7897145954276948,0.006013294866851333,0.14126781496203558,1
2195,0.25490746001707987,-0.18053530944959365,0.005969117561035775,0.004340410507069503,0.7949021802146735,0.005969117561035775,0.13836780656300685,1
2196,0.24876204279126282,-0.1787122779869781,0.005889069021692838,0.004340410507069503,0.7939135024827166,0.005889069021692838,0.13638320241957747,1
2197,0.2531143544742384,-0.18019970962303755,0.005945267784572925,0.004340410507069503,0.7881742655645624,0.005945267784572925,0.1380536816803291,1
2198,0.25868735000502074,-0.1837786845982706,0.00600309028310382,0.004340410507069503,0.7898652198302343,0.00600309028310382,0.13900747403321953,1
2199,0.26122429785752344,-0.17825465645954,0.005950104292635135,0.004340410507069503,0.7948069952622341,0.005950104292635135,0.14110120445016375,1
2200,0.26062053585402983,-0.1796334822433219,0.005901037643832634,0.004340410507069503,0.8007798394333568,0.005901037643832634,0.1436232493711547,1
2201,0.2582188403099342,-0.17643726939276005,0.005920099869931603,0.004340410507069503,0.8035617049037124,0.005920099869931603,0.1436317534516393,1
2202,0.2642824981057951,-0.17822098861309826,0.005968760687826498,0.004340410507069503,0.8006429133968415,0.005968760687826498,0.14543775234948872,1
2203,0.2675318384532818,-0.1848332898720303,0.006034799272187212,0.004340410507069503,0.7923993258761703,0.006034799272187212,0.14812930323411022,1
2204,0.263948623635002,-0.1869005738346475,0.006043678541134686,0.004340410507069503,0.7907966927322183,0.006043678541134686,0.14865583604998084,1
2205,0.2697162656707124,-0.18700217016591109,0.006101080223633267,0.004340410507069503,0.7938883314192017,0.006101080223633267,0.14958312068589613,1
2206,0.27913143417008784,-0.19197543149475194,0.006187823979121082,0.004340410507069503,0.7874048577738956,0.006187823979121082,0.14807019817525635,1
2207,0.2792154219900437,-0.1908632520344294,0.0061508066243549,0.004340410507069503,0.7838975478862804,0.0061508066243549,0.14897669056122026,1
2208,0.28003767,-0.1835698918090518,0.006188912859458081,0.004340410507069503,0.7928936041464955,0.006188912859458081,0.14975636552146132,1
2209,0.28003767,-0.18497534208602978,0.0061514223402022,0.004340410507069503,0.7929793432119745,0.0061514223402022,0.15066889506835004,1
2210,0.2714849692770936,-0.1809035764555487,0.006061463561487048,0.004340410507069503,0.7946490149715025,0.006061463561487048,0.1471720894374766,1
2211,0.28003767,-0.17845036055174954,0.006106233352817933,0.004340410507069503,0.782339285674437,0.006106233352817933,0.14634372458187073,1
2212,0.2795283428416813,-0.1731033586036329,0.0061379328548389145,0.004340410507069503,0.7697361145248413,0.0061379328548389145,0.14493794169837212,1
2213,0.28003767,-0.17470445747364846,0.006139137880748234,0.004340410507069503,0.7821623674957181,0.006139137880748234,0.1457757114657741,1
2214,0.28003767,-0.17739416622042695,0.006181182247872957,0.004340410507069503,0.7811982245985365,0.006181182247872957,0.14469991025336748,1
2215,0.2782851960110335,-0.1842011906926276,0.006150615410451861,0.004340410507069503,0.7845278015225542,0.006150615410451861,0.14620512420821213,1
2216,0.2782851960110335,-0.1842011906926276,0.006150615410451861,0.004340410507069503,0.7845278015225542,0.006150615410451861,0.14620512420821213,1
2217,0.27285034183116313,-0.17639946560440162,0.006089547446034792,0.004340410507069503,0.7872599761246768,0.006089547446034792,0.1446839801081391,1
2218,0.2741567632517396,-0.17717255928554693,0.006054800056893087,0.004340410507069503,0.7925267708027608,0.006054800056893087,0.14613530297046895,1
2219,0.27922416303512065,-0.1674212665325205,0.0061231313616159815,0.004340410507069503,0.8009846027416145,0.0061231313616159815,0.14693412803656042,1
2220,0.28003767,-0.1719322846207742,0.0061660940745689235,0.004340410507069503,0.8100659313575559,0.0061660940745689235,0.1472037472118331,1
2221,0.28003767,-0.17560066241105615,0.006218298572637598,0.004340410507069503,0.8111562464172615,0.006218298572637598,0.14824172326051496,1
2222,0.27829096102364065,-0.17468480079447618,0.006189337498446287,0.004340410507069503,0.8122829021605389,0.006189337498446287,0.1469033957749151,1
2223,0.2779290857017041,-0.17531211377981895,0.006262324823663559,0.004340410507069503,0.8078250401869058,0.006262324823663559,0.14611965632657387,1
2224,0.2737769131458516,-0.17899180736388168,0.006268597903096436,0.004340410507069503,0.7869538892563516,0.006268597903096436,0.14502271437218714,1
2225,0.2715508545459064,-0.18451905981358396,0.00628472996417282,0.004340410507069503,0.784310885791402,0.00628472996417282,0.14723862872415572,1
2226,0.26785460160253016,-0.18846626665033603,0.006280913999364655,0.004340410507069503,0.7838353697150751,0.006280913999364655,0.14871934723439012,1
2227,0.26841078266647106,-0.1839071149177802,0.006208696965024094,0.004340410507069503,0.7799375596898883,0.006208696965024094,0.14798205610999343,1
2228,0.2713470315780941,-0.1900995261887041,0.006249305811316537,0.004340410507069503,0.777389467455769,0.006249305811316537,0.14910254265038053,1
2229,0.2710988969362198,-0.192225279940974,0.006333211285397435,0.004340410507069503,0.7816927532685787,0.006333211285397435,0.14730447669404187,1
2230,0.267974537583538,-0.1943943206249307,0.006278966384530976,0.004340410507069503,0.7874850451051835,0.006278966384530976,0.14573193600275353,1
2231,0.27682860950644933,-0.1942913235996839,0.00632270247722318,0.004340410507069503,0.7882165935706523,0.00632270247722318,0.14689133978085395,1
2232,0.2739114181314426,-0.19626469,0.006236487956196581,0.004340410507069503,0.7985605196652219,0.006236487956196581,0.1473977069884695,1
2233,0.2674016341113842,-0.19626469,0.006193909163390597,0.004340410507069503,0.8074393523028318,0.006193909163390597,0.14732927959249068,1
2234,0.2699380088719433,-0.19493357542254158,0.006189901959750575,0.004340410507069503,0.8032583683967673,0.006189901959750575,0.14719196879790306,1
2235,0.2743202960224523,-0.18127719737348177,0.006207751386674961,0.004340410507069503,0.815777885965364,0.006207751386674961,0.14661473737020092,1
2236,0.27227384246018305,-0.1871907611286814,0.006230118183844665,0.004340410507069503,0.8107941973162036,0.006230118183844665,0.1471953788283238,1
2237,0.26610193250687697,-0.18551685647225985,0.006223234068362174,0.004340410507069503,0.8112181198110477,0.006223234068362174,0.1468495313990023,1
2238,0.2640954909252682,-0.17664966200970547,0.006207044690351505,0.004340410507069503,0.811179249853692,0.006207044690351505,0.14474100176785934,1
2239,0.2619435203262301,-0.17689170209478977,0.006218824326599971,0.004340410507069503,0.8057566762914473,0.006218824326599971,0.1455124635621889,1
2240,0.26375179606232196,-0.1692081491635826,0.006242078773685454,0.004340410507069503,0.8072362853124171,0.006242078773685454,0.14548696858940827,1
2241,0.2582021049041265,-0.16892083030776395,0.006172402112475215,0.004340410507069503,0.8075165080451803,0.006172402112475215,0.14494621255310158,1
2242,0.25866865493208985,-0.16256845999967742,0.006101502023219774,0.004340410507069503,0.799327508539396,0.006101502023219774,0.1435844022131037,1
2243,0.2626334562723156,-0.16193960845407132,0.006118592179525021,0.004340410507069503,0.8025751968862681,0.006118592179525021,0.1443519546001253,1
2244,0.2578179469923122,-0.168030445173261,0.006124074089318036,0.004340410507069503,0.8019460975500442,0.006124074089318036,0.14435399875054603,1
2245,0.25499750141881844,-0.16320788336843792,0.006014424784571707,0.004340410507069503,0.809627537543009,0.006014424784571707,0.14238547903018794,1
2246,0.25755162252098135,-0.16934080981298402,0.006075705962824836,0.004340410507069503,0.8091916689274268,0.006075705962824836,0.14147836853293203,1
2247,0.2575849109347984,-0.16788309726248402,0.006089770948385145,0.004340410507069503,0.8109838359758084,0.006089770948385145,0.13959288810691187,1
2248,0.2440423106543023,-0.16788439747674222,0.006103138638953998,0.004340410507069503,0.8144918795391257,0.006103138638953998,0.13919639549269358,1
2249,0.2422347104636583,-0.16950327909651294,0.0061321186954613515,0.004340410507069503,0.8071469008726391,0.0061321186954613515,0.1414754918278618,1
2250,0.25313241202431314,-0.1756254417520048,0.006189289179081542,0.004340410507069503,0.8130261443426833,0.006189289179081542,0.14140656192042173,1
2251,0.24856520996216067,-0.17186927049890746,0.006175767854357718,0.004340410507069503,0.8142071447525745,0.006175767854357718,0.1417293939762041,1
2252,0.24867575794443839,-0.16869733917067764,0.006179135578034336,0.004340410507069503,0.8099245445033404,0.006179135578034336,0.1410645261998131,1
2253,0.24242820893109235,-0.17580420603088223,0.006187637910443816,0.004340410507069503,0.8094611552086507,0.006187637910443816,0.13977768351107867,1
2254,0.2446023372202165,-0.17263093191490864,0.00618996215562447,0.004340410507069503,0.8057468929125503,0.00618996215562447,0.14010019433885468,1
2255,0.24835955527792763,-0.17050148499569015,0.0062302449954380655,0.004340410507069503,0.8011757222371354,0.0062302449954380655,0.13953695763702717,1
2256,0.24931628790301932,-0.16481543444737684,0.006229231022541709,0.004340410507069503,0.8085714791026928,0.006229231022541709,0.14046703517843348,1
2257,0.24322710707933629,-0.15835903123203407,0.006207353175479149,0.004340410507069503,0.8075096849147495,0.006207353175479149,0.14227916410463967,1
2258,0.24082206420792468,-0.15457994509403014,0.00611550782034879,0.004340410507069503,0.7991021437025647,0.00611550782034879,0.14231145784827862,1
2259,0.2333694197689949,-0.1554515766347475,0.006105629193140656,0.004340410507069503,0.8046605812086624,0.006105629193140656,0.14187031093556116,1
2260,0.22799198694343617,-0.14787316402239373,0.005981665005188162,0.004340410507069503,0.8005346045499773,0.005981665005188162,0.14282360281085335,1
2261,0.23124913131032765,-0.1533330209538569,0.005986276053271555,0.004340410507069503,0.7996893149333484,0.005986276053271555,0.1462055274310125,1
2262,0.23538219896724666,-0.16053510163061338,0.0060389601184843685,0.004340410507069503,0.799348120214953,0.0060389601184843685,0.14812688427493875,1
2263,0.23296067871656428,-0.16044801100282205,0.006031117075324786,0.004340410507069503,0.8047737706476032,0.006031117075324786,0.1461664114669975,1
2264,0.2355436763746465,-0.1511350048044391,0.005977962632236373,0.004340410507069503,0.8070001912812111,0.005977962632236373,0.14334347368684866,1
2265,0.23185376392047155,-0.1571389068079148,0.0059616762149841155,0.004340410507069503,0.8028390948639141,0.0059616762149841155,0.13974103575458782,1
2266,0.23114641737394284,-0.16114326868134482,0.005924740914012607,0.004340410507069503,0.7976495030436326,0.005924740914012607,0.1411595766187629,1
2267,0.2279125350661681,-0.1661253266127878,0.006012213323549952,0.004340410507069503,0.7979338045287082,0.006012213323549952,0.14424391655977634,1
2268,0.22401564941808158,-0.17557430274969366,0.006119370321259966,0.004340410507069503,0.7964684651375182,0.006119370321259966,0.14522827155262746,1
2269,0.2255440755289394,-0.17809421265573866,0.006137209705986898,0.004340410507069503,0.7879672253551867,0.006137209705986898,0.14581818397274335,1
2270,0.22132705417866524,-0.18385109154896517,0.006145737477523668,0.004340410507069503,0.7808037521442086,0.006145737477523668,0.14639257687358231,1
2271,0.21888069608549518,-0.1784922930603736,0.0061235827576078886,0.004340410507069503,0.7845954424957229,0.0061235827576078886,0.1466919834041565,1
2272,0.2220251269337872,-0.18566609564755424,0.006164209106989959,0.004340410507069503,0.7841652909745218,0.006164209106989959,0.1469820574346439,1
2273,0.2260381011090169,-0.19270101944232965,0.0061346265876913095,0.004340410507069503,0.780704569280029,0.0061346265876913095,0.1476253423777038,1
2274,0.22453022404409004,-0.1951885965818684,0.006130826208326921,0.004340410507069503,0.7819905180930083,0.006130826208326921,0.14675168260386673,1
2275,0.22571001621421902,-0.18988932505317757,0.0061310397757026016,0.004340410507069503,0.7750786026633127,0.0061310397757026016,0.1470380931558381,1
2276,0.23058213141688944,-0.18929689198875402,0.00615775397386205,0.004340410507069503,0.7733712085619976,0.00615775397386205,0.1469621516353609,1
2277,0.23562540648150238,-0.1936692976408327,0.006190966049047421,0.004340410507069503,0.7697383772752078,0.006190966049047421,0.14592132200923286,1
2278,0.23708190527527048,-0.19366306310715964,0.00620727328139711,0.004340410507069503,0.7618814926731015,0.00620727328139711,0.1441316661737029,1
2279,0.24036002485371402,-0.19119660537938019,0.006230455230819947,0.004340410507069503,0.750410611179345,0.006230455230819947,0.1428046803168626,1
2280,0.23973664894149038,-0.19224307327470902,0.006278111421400548,0.004340410507069503,0.7505602532868016,0.006278111421400548,0.14150510906166433,1
2281,0.23512478719809046,-0.19626469,0.006269631498039693,0.004340410507069503,0.7428447267870214,0.006269631498039693,0.14150395469308608,1
2282,0.24069931370031386,-0.19626469,0.006311646827525347,0.004340410507069503,0.7375269350515177,0.006311646827525347,0.14236001220495748,1
2283,0.24596425551930406,-0.19626469,0.0063565374472249955,0.004340410507069503,0.737413122330783,0.0063565374472249955,0.14214378652453535,1
2284,0.24221028038947456,-0.19626469,0.006339863365051812,0.004340410507069503,0.7303622598698775,0.006339863365051812,0.14178581750453498,1
2285,0.23723065140484118,-0.19626469,0.006329381143170797,0.004340410507069503,0.7344451418080651,0.006329381143170797,0.14043119839250573,1
2286,0.23677709328917748,-0.19616331789229977,0.006289451902854581,0.004340410507069503,0.7245529837090562,0.006289451902854581,0.14180762598187044,1
2287,0.23743771812437175,-0.18601556083436002,0.006227105843311007,0.004340410507069503,0.7241939222524898,0.006227105843311007,0.14102546362600166,1
2288,0.23743771812437175,-0.18601556083436002,0.006227105843311007,0.004340410507069503,0.7241939222524898,0.006227105843311007,0.14102546362600166,1
2289,0.23743771812437175,-0.18601556083436002,0.006227105843311007,0.004340410507069503,0.7241939222524898,0.006227105843311007,0.14102546362600166,1
2290,0.23330054358133823,-0.18208514432288536,0.006187123715301813,0.004340410507069503,0.7344046224067647,0.006187123715301813,0.14016179020539904,1
2291,0.23614989847169246,-0.18793584476947667,0.006227812395442605,0.004340410507069503,0.723792217978519,0.006227812395442605,0.13906378643332698,1
2292,0.23604926346965205,-0.19453505069353189,0.006230882828862465,0.004340410507069503,0.7201678861976628,0.006230882828862465,0.1381002192638641,1
2293,0.2434544796007331,-0.19380095645514644,0.006287737119877567,0.004340410507069503,0.7206491513870293,0.006287737119877567,0.13614100319238148,1
2294,0.2446360844742944,-0.19626469,0.006340638064257902,0.004340410507069503,0.7300384327112487,0.006340638064257902,0.13617460044437776,1
2295,0.2399216843301397,-0.19626469,0.0063029229033607385,0.004340410507069503,0.7261697747392099,0.0063029229033607385,0.13687491754775302,1
2296,0.24582330428615654,-0.19626469,0.0063394028812763705,0.004340410507069503,0.7206186579219578,0.0063394028812763705,0.1370837614330222,1
2297,0.24144318011727,-0.19626469,0.006286903903177733,0.004340410507069503,0.7238055779528001,0.006286903903177733,0.1378857919784628,1
2298,0.23437621357620825,-0.18945358375409138,0.0062253868955776896,0.004340410507069503,0.7348415267496039,0.0062253868955776896,0.13770977839257578,1
2299,0.23199949743670645,-0.19271185727616294,0.006213660767246176,0.004340410507069503,0.7433538951708263,0.006213660767246176,0.13891194548483432,1
2300,0.23194766522835364,-0.19428451189642493,0.006213578518689182,0.004340410507069503,0.7400430795273404,0.006213578518689182,0.13720885993771997,1
2301,0.2333353861960866,-0.19240026294636156,0.00622714567793444,0.004340410507069503,0.7474055726887725,0.00622714567793444,0.137360543497538,1
2302,0.22289100478240653,-0.18701003809837094,0.006161982424214624,0.004340410507069503,0.7441170814923,0.006161982424214624,0.13635836775146964,1
2303,0.22694734874487255,-0.18261690538906125,0.006156378595235007,0.004340410507069503,0.7526756543637161,0.006156378595235007,0.1371254232120292,1
2304,0.22982841491232497,-0.18098776143133538,0.00611556464919583,0.004340410507069503,0.7587794766050132,0.00611556464919583,0.1389598344314083,1
2305,0.21806483048243053,-0.17556175272411265,0.00599322004447601,0.004340410507069503,0.7568157966562116,0.00599322004447601,0.1372709543278197,1
2306,0.21260822193631831,-0.1823267646455225,0.005991107607209044,0.004340410507069503,0.7579502609170486,0.005991107607209044,0.13784554684467568,1
2307,0.21524242688994613,-0.18253879926802577,0.00599907898756388,0.004340410507069503,0.755915359361911,0.00599907898756388,0.13785581391451215,1
2308,0.21517920146078298,-0.18946553151000053,0.0060539283836496755,0.004340410507069503,0.7493422795109552,0.0060539283836496755,0.1384414657864533,1
2309,0.2138026470926485,-0.1929262327802131,0.006053619205505367,0.004340410507069503,0.7546516443208693,0.006053619205505367,0.13733349703700465,1
2310,0.22097574245293247,-0.19626469,0.00611988030817293,0.004340410507069503,0.7545955474547454,0.00611988030817293,0.13717465856945515,1
2311,0.22198034004254033,-0.19626469,0.006117924430826485,0.004340410507069503,0.760535393057818,0.006117924430826485,0.1382282006375938,1
2312,0.2233711625055769,-0.18789396480813822,0.006063910037159136,0.004340410507069503,0.749983693044925,0.006063910037159136,0.13602341472691526,1
2313,0.2212429713533488,-0.18836533690058516,0.006121224347356753,0.004340410507069503,0.7425787345813567,0.006121224347356753,0.136279574326078,1
2314,0.22095432837134138,-0.18341610499093294,0.006112775642055748,0.004340410507069503,0.7439623124851737,0.006112775642055748,0.13436062338820579,1
2315,0.21478883316554767,-0.18426681124212008,0.00607998965600317,0.004340410507069503,0.7471615729870824,0.00607998965600317,0.13481912756276465,1
2316,0.2167319649547183,-0.189137224135945,0.006101431077406986,0.004340410507069503,0.7340078224118051,0.006101431077406986,0.1369618709841623,1
2317,0.21405896413114167,-0.19378005972629367,0.006102965985934296,0.004340410507069503,0.7275207927446671,0.006102965985934296,0.13698132190686932,1
2318,0.21405896413114167,-0.19378005972629367,0.006102965985934296,0.004340410507069503,0.7275207927446671,0.006102965985934296,0.13698132190686932,1
2319,0.21405896413114167,-0.19378005972629367,0.006102965985934296,0.004340410507069503,0.7275207927446671,0.006102965985934296,0.13698132190686932,1
2320,0.2136440524279295,-0.19626469,0.006101450910962141,0.004340410507069503,0.7300801494526548,0.006101450910962141,0.13752886400387906,1
2321,0.22110910908333442,-0.19415186455929004,0.006109175738379386,0.004340410507069503,0.7329459591318153,0.006109175738379386,0.13788254066698144,1
2322,0.21585739432601267,-0.19612163371081845,0.006105333491580147,0.004340410507069503,0.7248456432395899,0.006105333491580147,0.13774505468628162,1
2323,0.21463934862443082,-0.19626469,0.006077843996543246,0.004340410507069503,0.7285178646899054,0.006077843996543246,0.13885357374173565,1
2324,0.21355961777267235,-0.1951743199159279,0.0060761597996450405,0.004340410507069503,0.7206084210320896,0.0060761597996450405,0.13732363339008236,1
2325,0.2198174838903094,-0.19382829689321127,0.006063522263992334,0.004340410507069503,0.7222290643730969,0.006063522263992334,0.1379975341402577,1
2326,0.22144041562496608,-0.19505936001352686,0.00611970860040211,0.004340410507069503,0.7221350707348241,0.00611970860040211,0.1374615935768029,1
2327,0.22253320455388553,-0.19599889761761954,0.006108772153939887,0.004340410507069503,0.7220920629277308,0.006108772153939887,0.13648198277353746,1
2328,0.22719500830471673,-0.19626469,0.006112777655807068,0.004340410507069503,0.7221397964267113,0.006112777655807068,0.13699233078315243,1
2329,0.22719500830471673,-0.19626469,0.006112777655807068,0.004340410507069503,0.7221397964267113,0.006112777655807068,0.13699233078315243,1
2330,0.22719500830471673,-0.19626469,0.006112777655807068,0.004340410507069503,0.7221397964267113,0.006112777655807068,0.13699233078315243,1
2331,0.22719500830471673,-0.19626469,0.006112777655807068,0.004340410507069503,0.7221397964267113,0.006112777655807068,0.13699233078315243,1
2332,0.22029337023633022,-0.19626469,0.006100627408051537,0.004340410507069503,0.7255372311825354,0.006100627408051537,0.13721639207583827,1
2333,0.23686496277881214,-0.19153458324768355,0.006150087391583001,0.004340410507069503,0.7276886566650244,0.006150087391583001,0.13788913996343694,1
2334,0.23686496277881214,-0.19153458324768355,0.006150087391583001,0.004340410507069503,0.7276886566650244,0.006150087391583001,0.13788913996343694,1
2335,0.2356618640619811,-0.18867950144290394,0.006184091080548455,0.004340410507069503,0.723113638261646,0.006184091080548455,0.13583963883893624,1
2336,0.2339734553589345,-0.18998029118575144,0.006159017203242484,0.004340410507069503,0.7221857239753082,0.006159017203242484,0.13555222483411758,1
2337,0.23306052199095062,-0.19425810447080535,0.006154296180308296,0.004340410507069503,0.7214750755812538,0.006154296180308296,0.1359164187842527,1
2338,0.23306052199095062,-0.19425810447080535,0.006154296180308296,0.004340410507069503,0.7214750755812538,0.006154296180308296,0.1359164187842527,1
2339,0.2409057326928111,-0.19376299183673168,0.006209195435943232,0.004340410507069503,0.723252182513804,0.006209195435943232,0.13544733510033674,1
2340,0.2409057326928111,-0.19376299183673168,0.006209195435943232,0.004340410507069503,0.723252182513804,0.006209195435943232,0.13544733510033674,1
2341,0.2409057326928111,-0.19376299183673168,0.006209195435943232,0.004340410507069503,0.723252182513804,0.006209195435943232,0.13544733510033674,1
2342,0.24231291521957665,-0.19465518210366184,0.006208437609149555,0.004340410507069503,0.73133164820727,0.006208437609149555,0.1369968399175548,1
2343,0.24465662501959093,-0.19626469,0.00623197933412956,0.004340410507069503,0.7374886490766478,0.00623197933412956,0.13597854224054917,1
2344,0.23998631622196678,-0.1919807658387391,0.006225334811510731,0.004340410507069503,0.7390663514550282,0.006225334811510731,0.13654420875709328,1
2345,0.24322989937812223,-0.19626469,0.006252951172967442,0.004340410507069503,0.745433717203203,0.006252951172967442,0.13707204485559155,1
2346,0.23865930118354378,-0.19593548937783314,0.006250033630384668,0.004340410507069503,0.7433644911157187,0.006250033630384668,0.13473703106941917,1
2347,0.24070831581040447,-0.19429528784355826,0.006325826798241585,0.004340410507069503,0.7486000517357041,0.006325826798241585,0.13420471418555902,1
2348,0.25256123921153417,-0.1936337829704762,0.006390322423652332,0.004340410507069503,0.7521409330905181,0.006390322423652332,0.13705817049991537,1
2349,0.25985156803513165,-0.1940818198254129,0.006404880972746714,0.004340410507069503,0.754045194742071,0.006404880972746714,0.13750186935011904,1
2350,0.2660158026544938,-0.19626469,0.006467343041838699,0.004340410507069503,0.7538395603016924,0.006467343041838699,0.1398015307156878,1
2351,0.2729292206802662,-0.19626469,0.006525880023204288,0.004340410507069503,0.7584645818917332,0.006525880023204288,0.1407083441067632,1
2352,0.27791800749679274,-0.19626469,0.0065130562571511785,0.004340410507069503,0.7593685828547624,0.0065130562571511785,0.14209002614469973,1
2353,0.2796539633424167,-0.18828841861813034,0.006506206225542347,0.004340410507069503,0.7669464011889808,0.006506206225542347,0.14193511658965138,1
2354,0.28003767,-0.18705248535342747,0.0065066585934501694,0.004340410507069503,0.7675515386262098,0.0065066585934501694,0.1423340615559623,1
2355,0.28003767,-0.17652827356497308,0.006444822654977055,0.004340410507069503,0.770319310456098,0.006444822654977055,0.1413590607804711,1
2356,0.27883522783054027,-0.1770843317362552,0.006440571427278739,0.004340410507069503,0.772559695808261,0.006440571427278739,0.14122557585946544,1
2357,0.2676254665019625,-0.16605875756627503,0.006345008314381684,0.004340410507069503,0.7892326201655328,0.006345008314381684,0.13873470145513933,1
2358,0.2646734956780032,-0.16687561528480235,0.006331622242981952,0.004340410507069503,0.7922211312013412,0.006331622242981952,0.1387902379962517,1
2359,0.25573268834570395,-0.16028549383243798,0.0062372977378429085,0.004340410507069503,0.7955411565448819,0.0062372977378429085,0.13811840981402082,1
2360,0.25578056519903397,-0.1552585177984059,0.006228951754389287,0.004340410507069503,0.7985926978578239,0.006228951754389287,0.1380089905930032,1
2361,0.2611462186327179,-0.1568958929145427,0.006275591741016194,0.004340410507069503,0.7851627180668578,0.006275591741016194,0.13902560074722983,1
2362,0.26944788843599365,-0.15194723095164878,0.006316894810996261,0.004340410507069503,0.7864012789820006,0.006316894810996261,0.13775482720219756,1
2363,0.2649459843158537,-0.1421950938748787,0.006278285894265827,0.004340410507069503,0.7890570801456143,0.006278285894265827,0.13661196724950708,1
2364,0.2668902506144216,-0.14006065098015305,0.0062822450045766165,0.004340410507069503,0.7821022477137778,0.0062822450045766165,0.13658730490352933,1
2365,0.26734196373628016,-0.13939107689070998,0.006300905340011935,0.004340410507069503,0.7827465345206682,0.006300905340011935,0.13797657831242974,1
2366,0.26037175644797145,-0.14234510927971084,0.006242509849840929,0.004340410507069503,0.7804364128462276,0.006242509849840929,0.13766152550444338,1
2367,0.2606972338544454,-0.13301453714791187,0.006230417342504051,0.004340410507069503,0.7848686654144938,0.006230417342504051,0.13679029477760915,1
2368,0.26494154241145385,-0.12286625999485688,0.006256994867305159,0.004340410507069503,0.7868323038489193,0.006256994867305159,0.13719287390621665,1
2369,0.25689332806917164,-0.11770455900614626,0.006149208209119958,0.004340410507069503,0.7881478531116364,0.006149208209119958,0.13642625137906225,1
2370,0.259600589412886,-0.1138517435118931,0.006155829014690089,0.004340410507069503,0.794290716827403,0.006155829014690089,0.13531315407351438,1
2371,0.26510462791084694,-0.11046710946596418,0.006132558858519044,0.004340410507069503,0.8055622831171192,0.006132558858519044,0.13618690136200481,1
2372,0.2550737862783957,-0.11335858939075327,0.00604263998229706,0.004340410507069503,0.8106011346301482,0.00604263998229706,0.13526226539882993,1
2373,0.2504480168710644,-0.11614169937263907,0.005977319945124049,0.004340410507069503,0.8106196731937921,0.005977319945124049,0.13589932849064335,1
2374,0.24794001629377588,-0.11680903429538667,0.005878672431344776,0.004340410507069503,0.8096192693576786,0.005878672431344776,0.13517942939034064,1
2375,0.2351139409300536,-0.11424180632763511,0.005764901676994863,0.004340410507069503,0.8029127864636996,0.005764901676994863,0.1335654402179765,1
2376,0.23686655941551532,-0.11819897891637897,0.005814010870713263,0.004340410507069503,0.803132854764597,0.005814010870713263,0.1353121595439215,1
2377,0.23456833667048546,-0.11459031469487604,0.005716167218123297,0.004340410507069503,0.7986848834447264,0.005716167218123297,0.13424857919376418,1
2378,0.2220002128455678,-0.11036744487428189,0.005631635323799473,0.004340410507069503,0.8022726726883395,0.005631635323799473,0.13269511862037386,1
2379,0.21562178100676152,-0.1083731146414167,0.005560034154881466,0.004340410507069503,0.7982007192779781,0.005560034154881466,0.1310986606368673,1
2380,0.22802485375126702,-0.10232233212028581,0.0056165732784854,0.004340410507069503,0.8177963586509865,0.0056165732784854,0.13125485151864735,1
2381,0.22875377146602885,-0.10565083995606375,0.005664575942529499,0.004340410507069503,0.8095507431029146,0.005664575942529499,0.13246532359934549,1
2382,0.22464173419686254,-0.10010623364149401,0.005528559424100769,0.004340410507069503,0.8025967364975445,0.005528559424100769,0.1317957858354957,1
2383,0.23466773485166292,-0.09822940820073298,0.005617574863618691,0.004340410507069503,0.7959383832464672,0.005617574863618691,0.132721719391829,1
2384,0.2321308704430763,-0.09149498650502018,0.005562095461688069,0.004340410507069503,0.800855701613821,0.005562095461688069,0.13228242528279568,1
2385,0.23742760283317607,-0.09722476917618109,0.005678869506375537,0.004340410507069503,0.7982790758276227,0.005678869506375537,0.13209430858391052,1
2386,0.23787872819300324,-0.10600946299638112,0.005760420487140055,0.004340410507069503,0.8040981032196153,0.005760420487140055,0.13336507240015152,1
2387,0.24371758143490782,-0.10788786225351933,0.0058292399311701305,0.004340410507069503,0.7959058184585543,0.0058292399311701305,0.13524769350349347,1
2388,0.24185312929444655,-0.10735544063210055,0.005859386234684977,0.004340410507069503,0.7978107314460068,0.005859386234684977,0.1349009478433296,1
2389,0.24593389039635144,-0.10518515812785349,0.005950289684472245,0.004340410507069503,0.8058504963522994,0.005950289684472245,0.1346507653149012,1
2390,0.24734380043667234,-0.10117526923540252,0.005948804695508597,0.004340410507069503,0.7946206787229497,0.005948804695508597,0.13445201378503027,1
2391,0.24545154984884665,-0.10088294871410702,0.005937224492631816,0.004340410507069503,0.7917024901398514,0.005937224492631816,0.133456322840383,1
2392,0.24348581017545798,-0.09854747248027734,0.005885023469743088,0.004340410507069503,0.7947680398369842,0.005885023469743088,0.13355908886276907,1
2393,0.24348581017545798,-0.09854747248027734,0.005885023469743088,0.004340410507069503,0.7947680398369842,0.005885023469743088,0.13355908886276907,1
2394,0.24105756251825655,-0.09658554471049645,0.005778967896560923,0.004340410507069503,0.8025203108352313,0.005778967896560923,0.13226624599442555,1
2395,0.24441272631549535,-0.09111205777249091,0.005744294530335022,0.004340410507069503,0.8066433393899469,0.005744294530335022,0.13408621749873093,1
2396,0.2312245053041746,-0.09165194239193389,0.005686592069304159,0.004340410507069503,0.7992911670591047,0.005686592069304159,0.13308785927387748,1
2397,0.22559695232743382,-0.09640250644716179,0.005641099536733882,0.004340410507069503,0.7996233208741026,0.005641099536733882,0.1314876035152655,1
2398,0.22161041824019095,-0.0971367431918813,0.005646016863704476,0.004340410507069503,0.7891776959742627,0.005646016863704476,0.13386108030651422,1
2399,0.22040034754037185,-0.10543544544483553,0.005686025163782461,0.004340410507069503,0.7811869706022169,0.005686025163782461,0.13416359864656022,1
2400,0.22040034754037185,-0.10543544544483553,0.005686025163782461,0.004340410507069503,0.7811869706022169,0.005686025163782461,0.13416359864656022,1
2401,0.2181102976802865,-0.10553464572749786,0.005669416367986697,0.004340410507069503,0.7798462840107964,0.005669416367986697,0.1321772713277447,1
2402,0.21759998192910782,-0.10564711308332086,0.00571136880440499,0.004340410507069503,0.7890233753179803,0.00571136880440499,0.13071331842381542,1
2403,0.21759998192910782,-0.10564711308332086,0.00571136880440499,0.004340410507069503,0.7890233753179803,0.00571136880440499,0.13071331842381542,1
2404,0.21984034528364885,-0.10813439849335918,0.005824949966429615,0.004340410507069503,0.7994623993307259,0.005824949966429615,0.12953022971769562,1
2405,0.21418821039948083,-0.10474374396109314,0.005753967932013564,0.004340410507069503,0.7989885491316324,0.005753967932013564,0.12713493486825492,1
2406,0.22242965841915793,-0.10635367024442685,0.005705985566477036,0.004340410507069503,0.7882588876826294,0.005705985566477036,0.1261988111967642,1
2407,0.2207694283402249,-0.10557391558230554,0.005657060272794289,0.004340410507069503,0.788934839664998,0.005657060272794289,0.12617030896709241,1
2408,0.21794025084104357,-0.10507049919592358,0.005658551618319944,0.004340410507069503,0.7862756855942615,0.005658551618319944,0.1253641321867481,1
2409,0.21812579955009745,-0.10342487623462909,0.005672997530103927,0.004340410507069503,0.7895986863833042,0.005672997530103927,0.1243045258794574,1
2410,0.21366669723885443,-0.11080300937186302,0.005599056896972486,0.004340410507069503,0.7860657689527258,0.005599056896972486,0.12446891013057065,1
2411,0.21345700240910548,-0.10825591374343656,0.00556087029153805,0.004340410507069503,0.7931033501481141,0.00556087029153805,0.12270300816315002,1
2412,0.21352558278814515,-0.10613238164126679,0.00558911231868574,0.004340410507069503,0.7941558850184031,0.00558911231868574,0.12305753880348387,1
2413,0.20815954095140443,-0.10474996559502571,0.005576682221034563,0.004340410507069503,0.7938436401748705,0.005576682221034563,0.121674491034462,1
2414,0.20707996197663348,-0.09761362191722867,0.005574887820288017,0.004340410507069503,0.7809158351339041,0.005574887820288017,0.12407851507858443,1
2415,0.2041800416495481,-0.09723632650903799,0.005500264602761809,0.004340410507069503,0.7734214110064088,0.005500264602761809,0.12542039352936157,1
2416,0.18889950681531897,-0.09229361778007239,0.0054354933308822,0.004340410507069503,0.7731147029267106,0.0054354933308822,0.12362847258142627,1
2417,0.1940603108270576,-0.08370226546007183,0.005359348473492001,0.004340410507069503,0.7707066885450812,0.005359348473492001,0.12245553454923867,1
2418,0.19371404377295143,-0.08793180137606797,0.0053687175661723836,0.004340410507069503,0.7656883181053932,0.0053687175661723836,0.12280500058726762,1
2419,0.19272758316857572,-0.07889108741590115,0.005326658489265709,0.004340410507069503,0.7649121077648404,0.005326658489265709,0.12039678596678896,1
2420,0.19404867269478723,-0.07825599313355001,0.00528255067471663,0.004340410507069503,0.7708603785573436,0.00528255067471663,0.12077592456791361,1
2421,0.19774896563793634,-0.08043007585633312,0.005324149377332303,0.004340410507069503,0.7648360290877033,0.005324149377332303,0.12261242921372822,1
2422,0.19641926914528665,-0.08033586313660977,0.005214102294542751,0.004340410507069503,0.7642382008142888,0.005214102294542751,0.12531664495543535,1
2423,0.19895015491306017,-0.07506554713366032,0.00521160552275704,0.004340410507069503,0.7649305887111303,0.00521160552275704,0.12420559530667545,1
2424,0.19712844323925258,-0.08346344737838458,0.005271214947936462,0.004340410507069503,0.7745231126931885,0.005271214947936462,0.1255344122278502,1
2425,0.19372494471398877,-0.08264784296083699,0.005363921629399114,0.004340410507069503,0.767745137253453,0.005363921629399114,0.1246665435615477,1
2426,0.19617315788237566,-0.07885632428396548,0.00527895522417654,0.004340410507069503,0.761355926935531,0.00527895522417654,0.12357383246775,1
2427,0.18889943847458537,-0.08205883131667537,0.005345412762322511,0.004340410507069503,0.7749028154627586,0.005345412762322511,0.1249483438714383,1
2428,0.19743394264972844,-0.09102318942582131,0.005377796614129362,0.004340410507069503,0.7758446136972079,0.005377796614129362,0.1272451398090254,1
2429,0.19413346739554127,-0.08710357954607942,0.005293891371565408,0.004340410507069503,0.7802523174606362,0.005293891371565408,0.12790162874351907,1
2430,0.19183119017669328,-0.08411534774368938,0.005236955304834738,0.004340410507069503,0.7746939525312991,0.005236955304834738,0.1296107146472019,1
2431,0.19555711245280086,-0.0837458739635515,0.005252429357059238,0.004340410507069503,0.7752936038459549,0.005252429357059238,0.13081032758987787,1
2432,0.20117264776173205,-0.08431284596824357,0.005370354301719383,0.004340410507069503,0.777158778449941,0.005370354301719383,0.13311335153475443,1
2433,0.1989301765184577,-0.07759142661627329,0.005392301612051608,0.004340410507069503,0.7708767323349947,0.005392301612051608,0.13219045142458952,1
2434,0.19281016720254293,-0.07926661061546111,0.005312805995813387,0.004340410507069503,0.771719666860161,0.005312805995813387,0.13157041788865823,1
2435,0.18876782130329806,-0.07762373775598308,0.005113618189498997,0.004340410507069503,0.7622693163144141,0.005113618189498997,0.12896679714755935,1
2436,0.18718259785485597,-0.07294014611268472,0.005013477671063568,0.004340410507069503,0.756566018243681,0.005013477671063568,0.12843572383320026,1
2437,0.1952737282660998,-0.07550143704845791,0.005025293508443616,0.004340410507069503,0.7633004993072627,0.005025293508443616,0.1305950853497547,1
2438,0.19851473859559815,-0.07428754920372647,0.004947362673662273,0.004340410507069503,0.7671422523568712,0.004947362673662273,0.13060021286116463,1
2439,0.20914335145025148,-0.07537563855840267,0.0049054724742448865,0.004340410507069503,0.7713963171988897,0.0049054724742448865,0.13063194151756585,1
2440,0.21055369281448602,-0.07531513866999436,0.004800375666918788,0.004340410507069503,0.7761071724757679,0.004800375666918788,0.12962219717658374,1
2441,0.214139091782758,-0.08028789122962039,0.0048267089400617896,0.004340410507069503,0.7741303270455785,0.0048267089400617896,0.1281437291841644,1
2442,0.2086932413943437,-0.07752929962247594,0.0048898404534853885,0.004340410507069503,0.7764944597871843,0.0048898404534853885,0.12806260753643461,1
2443,0.20566649346250016,-0.07355145713401941,0.004742955888575527,0.004340410507069503,0.781247007622579,0.004742955888575527,0.1279117095403689,1
2444,0.20104136722265434,-0.07276468999999999,0.004750590164896793,0.004340410507069503,0.7845127240921606,0.004750590164896793,0.12731400900159864,1
2445,0.20381301041750396,-0.07817433506709398,0.0048417660645816455,0.004340410507069503,0.7879317951717268,0.0048417660645816455,0.129637876420103,1
2446,0.19757102429116571,-0.08586473374571307,0.004906742255175983,0.004340410507069503,0.7848775069033276,0.004906742255175983,0.12905923133524583,1
2447,0.19492619876318956,-0.08940536603407791,0.004988181740927231,0.004340410507069503,0.784548900083352,0.004988181740927231,0.12784714297874245,1
2448,0.19203068562020006,-0.08223417896457534,0.00487958262691752,0.004340410507069503,0.7832141416665755,0.00487958262691752,0.1285620680116679,1
2449,0.19069557462155362,-0.08581446910045577,0.00494218183301073,0.004340410507069503,0.7871596511019355,0.00494218183301073,0.12875125970157256,1
2450,0.1981504996634591,-0.08632413739510952,0.0049916451817589745,0.004340410507069503,0.7837940180569445,0.0049916451817589745,0.12761777954170608,1
2451,0.19434057505516705,-0.09089741175098397,0.005161168951555143,0.004340410507069503,0.7903764919200004,0.005161168951555143,0.12665684964541052,1
2452,0.20281322397167542,-0.08568309858915954,0.005140571542178154,0.004340410507069503,0.7981400264164564,0.005140571542178154,0.12706145054636003,1
2453,0.20233970378467883,-0.08558817723285586,0.005195428656225082,0.004340410507069503,0.8033736050906309,0.005195428656225082,0.12530527464384242,1
2454,0.20414413363297074,-0.08181814562677958,0.005001785289710814,0.004340410507069503,0.7972154519148961,0.005001785289710814,0.125842085389516,1
2455,0.20265863424637198,-0.0842782535528943,0.0051317354889049765,0.004340410507069503,0.8085763142012156,0.0051317354889049765,0.12530209793836228,1
2456,0.20641111204810936,-0.08476900768300911,0.005114632342302583,0.004340410507069503,0.7971014181572514,0.005114632342302583,0.12465042623078958,1
2457,0.21073137234696498,-0.08786502706321336,0.005247070021506742,0.004340410507069503,0.7941443773084158,0.005247070021506742,0.1264874108058715,1
2458,0.21458617088306103,-0.08868671222268022,0.005264037235718984,0.004340410507069503,0.7922074352961735,0.005264037235718984,0.12563335462160172,1
2459,0.22154956248689484,-0.08808552208784277,0.005285082339821788,0.004340410507069503,0.793749355793888,0.005285082339821788,0.12714826177088365,1
2460,0.2278093755541108,-0.08918512154882223,0.005326890193981147,0.004340410507069503,0.7986433496304071,0.005326890193981147,0.12725924900922986,1
2461,0.2384850331426884,-0.09281685711654059,0.005407681689290466,0.004340410507069503,0.8034066813342873,0.005407681689290466,0.12515238564775616,1
2462,0.24083266727533115,-0.09272962933735146,0.005453606468155071,0.004340410507069503,0.7993642182074263,0.005453606468155071,0.1276307824802391,1
2463,0.22623837215884277,-0.09834607505235288,0.005401264996632101,0.004340410507069503,0.7853100801960802,0.005401264996632101,0.12365671774879633,1
2464,0.23189931784649925,-0.09583581127767113,0.005353882303435049,0.004340410507069503,0.7956254804862755,0.005353882303435049,0.12302342783882185,1
2465,0.23289980614512706,-0.08595384276272143,0.005223701707149077,0.004340410507069503,0.7984797271251088,0.005223701707149077,0.12241854642571386,1
2466,0.2307493218941927,-0.08256832489196553,0.00506126448935559,0.004340410507069503,0.8098740180391886,0.00506126448935559,0.12275324607443826,1
2467,0.22098370477645282,-0.08325314824227976,0.005102585027121614,0.004340410507069503,0.8073492431509086,0.005102585027121614,0.12464805847726847,1
2468,0.21884037402216858,-0.09028131708643783,0.005223711190450922,0.004340410507069503,0.8134501941183028,0.005223711190450922,0.1240598304591069,1
2469,0.21995782100162548,-0.08971692520908248,0.0051788906599919676,0.004340410507069503,0.8076473912069375,0.0051788906599919676,0.12403816764126813,1
2470,0.21577300949325287,-0.08773958564927206,0.005209718620929887,0.004340410507069503,0.8151483647219055,0.005209718620929887,0.12229813454628653,1
2471,0.22356757927144605,-0.09108016551382311,0.005218688411979644,0.004340410507069503,0.8179585406586312,0.005218688411979644,0.12289384504984473,1
2472,0.22108123615687233,-0.08833953985851312,0.005150418952415996,0.004340410507069503,0.813342823366177,0.005150418952415996,0.12041879178799161,1
2473,0.22108123615687233,-0.08833953985851312,0.005150418952415996,0.004340410507069503,0.813342823366177,0.005150418952415996,0.12041879178799161,1
2474,0.22290006115008826,-0.08799007328286548,0.00519465627002389,0.004340410507069503,0.8133642582569309,0.00519465627002389,0.12453354783698958,1
2475,0.2210009234157567,-0.08642085813354891,0.005200757487603416,0.004340410507069503,0.8033295610302117,0.005200757487603416,0.1248996494926323,1
2476,0.22002619347402952,-0.0855455461812154,0.005245990898025273,0.004340410507069503,0.8085063541670026,0.005245990898025273,0.12407092834471277,1
2477,0.21249966758611608,-0.08494329515340454,0.005243813358428059,0.004340410507069503,0.816386504419308,0.005243813358428059,0.12343548685909177,1
2478,0.20778769101492037,-0.07623241042290155,0.0051504616233064605,0.004340410507069503,0.8170957811640503,0.0051504616233064605,0.12171756702078125,1
2479,0.20826051919795835,-0.07640040760036299,0.005073092567091376,0.004340410507069503,0.8137443159558466,0.005073092567091376,0.12257162506456781,1
2480,0.2040637083668089,-0.07417252522925036,0.005022337724598795,0.004340410507069503,0.8175258096685233,0.005022337724598795,0.12161660722781892,1
2481,0.20371082940241525,-0.07276468999999999,0.005002230131163253,0.004340410507069503,0.8043107424605631,0.005001695350030155,0.11999268712687722,0
2482,0.20547335788919197,-0.07276468999999999,0.006036731342513136,0.004340410507069503,0.8038530711643881,0.004936786089108929,0.119668345774427,0
2483,0.20934013336106744,-0.08186298294360511,0.004997135131434654,0.004340410507069503,0.8067391252951719,0.004997135131434654,0.12090824379657969,1
2484,0.20934013336106744,-0.08186298294360511,0.004997135131434654,0.004340410507069503,0.8067391252951719,0.004997135131434654,0.12090824379657969,1
2485,0.2124740297378713,-0.07407308617534022,0.004745574792018048,0.004340410507069503,0.8092104721651197,0.004745574792018048,0.1217829701949349,1
2486,0.20535624578441805,-0.07276468999999999,0.004732782365323272,0.004340410507069503,0.8003042411922604,0.004732782365323272,0.12075032004949286,1
2487,0.20535624578441805,-0.07276468999999999,0.004732782365323272,0.004340410507069503,0.8003042411922604,0.004732782365323272,0.12075032004949286,1
2488,0.20701217450005882,-0.0738075926448314,0.004769816641302371,0.004340410507069503,0.7993195570404343,0.004769816641302371,0.12158588009823885,1
2489,0.20489859385934917,-0.07623571170686105,0.004739187366901791,0.004340410507069503,0.7901872532933685,0.004739187366901791,0.12135232205314908,1
2490,0.21143543155059688,-0.07471886130981197,0.004688698001435452,0.004340410507069503,0.780256934705438,0.004688698001435452,0.12163799165467948,1
2491,0.22025155631519902,-0.07276468999999999,0.004599583583698234,0.004340410507069503,0.7806950987286503,0.004599583583698234,0.12103348088163522,1
2492,0.22417569551527336,-0.0763787680032165,0.004579053042479277,0.004340410507069503,0.777055518029121,0.004579053042479277,0.12037139830589101,1
2493,0.22624266137100113,-0.07657636240338248,0.004703004942132904,0.004340410507069503,0.7857027745179979,0.004703004942132904,0.12116474303715537,1
2494,0.21606382189984955,-0.07710385441113306,0.004774840512411294,0.004340410507069503,0.781915873960167,0.004774840512411294,0.12199917448737367,1
2495,0.21771885531867774,-0.09206573179157618,0.004919251875479536,0.004340410507069503,0.7775175117864106,0.004919251875479536,0.12171892529070114,1
2496,0.2234392763884439,-0.0940919725313177,0.0048897842515678485,0.004340410507069503,0.7699677595779628,0.0048897842515678485,0.12389651904233899,1
2497,0.22326774907758193,-0.08508446074468183,0.004765281573704965,0.004340410507069503,0.7789021751378866,0.004765281573704965,0.12184348825864037,1
2498,0.22736712751430038,-0.07843774530102854,0.004679603842726254,0.004340410507069503,0.7759873320825614,0.004679603842726254,0.12226400771338151,1
2499,0.2317255563468887,-0.07276468999999999,0.004562331763632234,0.004340410507069503,0.7780911944637148,0.004562331763632234,0.12370831187111583,1
2500,0.2257421384472864,-0.07317169308050758,0.004549486093395593,0.004340410507069503,0.7690529250523508,0.004549486093395593,0.12455367262193721,1
2501,0.23397519586629356,-0.07276468999999999,0.00464798093694461,0.004340410507069503,0.7632764184489753,0.00464798093694461,0.12239549265737933,1
2502,0.22634338965429537,-0.07748253097757873,0.004736354804808362,0.004340410507069503,0.7718500019098646,0.004736354804808362,0.12057600119393452,1
2503,0.22908750420310564,-0.07276468999999999,0.004766112801386065,0.004340410507069503,0.7583603182163862,0.004766112801386065,0.12179434778678615,1
2504,0.2247669427171255,-0.07276468999999999,0.004731824540927066,0.004340410507069503,0.7450352929641835,0.004731824540927066,0.12120936093071852,1
2505,0.2247669427171255,-0.07276468999999999,0.004731824540927066,0.004340410507069503,0.7450352929641835,0.004731824540927066,0.12120936093071852,1
2506,0.23560020945887047,-0.07276468999999999,0.00488725359524511,0.004340410507069503,0.7390050346652289,0.00488725359524511,0.1222911534864114,1
2507,0.23240138959545373,-0.07541253723005878,0.004860656822049667,0.004340410507069503,0.7368703716704099,0.004860656822049667,0.12250633404947248,1
2508,0.2320606690877535,-0.07667966204642919,0.004899981210010487,0.004340410507069503,0.7376310602710687,0.004899981210010487,0.12396625221961596,1
2509,0.23217204270702022,-0.07276468999999999,0.004809852778536328,0.004340410507069503,0.7522268429061465,0.004809852778536328,0.12429535285915494,1
2510,0.2363194722960566,-0.07276468999999999,0.004806979580441555,0.004340410507069503,0.7616487959803429,0.004806979580441555,0.12472531044164926,1
2511,0.22768749834162194,-0.07664272338099799,0.00474989135544822,0.004340410507069503,0.7625331480592078,0.00474989135544822,0.12670905205025207,1
2512,0.22838955221927687,-0.08192370483511871,0.004781008683328168,0.004340410507069503,0.7536414493066043,0.004781008683328168,0.12648105578362293,1
2513,0.23001702041883013,-0.07933904250796474,0.0047216076052448135,0.004340410507069503,0.7542231362628478,0.0047216076052448135,0.12674615953342036,1
2514,0.2272266053331412,-0.07735558192267478,0.004656665982049875,0.004340410507069503,0.7570059281122768,0.004656665982049875,0.1270662781630831,1
2515,0.23050460982106816,-0.07276468999999999,0.004666715760527598,0.004340410507069503,0.7649850085385602,0.004666715760527598,0.12863148801039218,1
2516,0.23052097990183895,-0.07276468999999999,0.004589167087942807,0.004340410507069503,0.7706753225371444,0.004589167087942807,0.12928238579632115,1
2517,0.22452264981542516,-0.07580187448620627,0.004628170776460426,0.004340410507069503,0.7697313552087278,0.004628170776460426,0.13050717284504665,1
2518,0.22122177469631474,-0.07797431999150127,0.004574863924774583,0.004340410507069503,0.7722785466832133,0.004574863924774583,0.12874889025254263,1
2519,0.22170493856351858,-0.07503625642482033,0.004561061835228534,0.004340410507069503,0.767179715809446,0.004561061835228534,0.1292247101751054,1
2520,0.22089476414882261,-0.07901245477672751,0.004576308393696247,0.004340410507069503,0.7672527987349288,0.004576308393696247,0.12862017706050355,1
2521,0.2206481398512873,-0.07442179568120429,0.004503563030524152,0.004340410507069503,0.7683841267253664,0.004503563030524152,0.12717403427778287,1
2522,0.2178214397670698,-0.0746159206019927,0.004543613135109934,0.004340410507069503,0.7697624350011025,0.004543613135109934,0.12805184459239183,1
2523,0.21832235788622045,-0.07628968664768279,0.004493044005317052,0.004340410507069503,0.7702563378339841,0.004493044005317052,0.12683682595268464,1
2524,0.22299227026102594,-0.08725679046452334,0.004659926877708805,0.004340410507069503,0.7766629675974446,0.004659926877708805,0.12888500316612667,1
2525,0.22084647448927025,-0.08739025527268496,0.004681323126007841,0.004340410507069503,0.7799677739455363,0.004681323126007841,0.12913538487055923,1
2526,0.2160003869806254,-0.08942141884689558,0.004717937906947772,0.004340410507069503,0.7641765611883282,0.004717937906947772,0.13009550022466798,1
2527,0.20919198658523674,-0.09870865640259573,0.004781155625322436,0.004340410507069503,0.7654985531654829,0.004781155625322436,0.1309802745976433,1
2528,0.20919198658523674,-0.09870865640259573,0.004781155625322436,0.004340410507069503,0.7654985531654829,0.004781155625322436,0.1309802745976433,1
2529,0.20596171684518969,-0.09934411785643366,0.004760041239702053,0.004340410507069503,0.7588335235784099,0.004760041239702053,0.1318692082484532,1
2530,0.20596171684518969,-0.09934411785643366,0.004760041239702053,0.004340410507069503,0.7588335235784099,0.004760041239702053,0.1318692082484532,1
2531,0.2016162695071444,-0.10365403866598341,0.004691220800053425,0.004340410507069503,0.7584614981773847,0.004691220800053425,0.1297209178485883,1
2532,0.19526751841778628,-0.09915392589089936,0.004637025827219825,0.004340410507069503,0.7509885923588907,0.004637025827219825,0.1279039426192784,1
2533,0.18877595769610486,-0.11001865697308745,0.004640755681357077,0.004340410507069503,0.7403940404239804,0.004640755681357077,0.12901784210603798,1
2534,0.1896824304688559,-0.10902321858660574,0.004725687080409949,0.004340410507069503,0.7512627543163795,0.004725687080409949,0.1285836968786962,1
2535,0.19122907340172,-0.10136727017103836,0.0046770326560266326,0.004340410507069503,0.7454100542904445,0.0046770326560266326,0.1264868387585566,1
2536,0.18705575814732314,-0.10599990014835264,0.004736094096004308,0.004340410507069503,0.7419620758989768,0.004736094096004308,0.12800229465229415,1
2537,0.18719083253902136,-0.10814176962365056,0.004713105895041161,0.004340410507069503,0.7348509575824116,0.004713105895041161,0.12712662125563615,1
2538,0.18421800224524992,-0.10919876029639006,0.004716359056150306,0.004340410507069503,0.736975108318469,0.004716359056150306,0.12804811104522137,1
2539,0.18818514452238366,-0.11169328467218505,0.00475444951749545,0.004340410507069503,0.7203528076565228,0.00475444951749545,0.12909090410622842,1
2540,0.18818514452238366,-0.11169328467218505,0.00475444951749545,0.004340410507069503,0.7203528076565228,0.00475444951749545,0.12909090410622842,1
2541,0.18379828081881336,-0.11195836925914023,0.0046191590804498545,0.004340410507069503,0.7279106126519328,0.0046191590804498545,0.12973559826483827,1
2542,0.18379828081881336,-0.11195836925914023,0.0046191590804498545,0.004340410507069503,0.7279106126519328,0.0046191590804498545,0.12973559826483827,1
2543,0.1764657082255377,-0.11050339933359463,0.0046174936231064695,0.004340410507069503,0.7327153530686886,0.0046174936231064695,0.13095103827552212,1
2544,0.17535637210523564,-0.11223521213280839,0.004659208821760322,0.004340410507069503,0.7326440200415595,0.004659208821760322,0.13232977091820108,1
2545,0.18779290587644787,-0.12099301597218341,0.004719896273047444,0.004340410507069503,0.7448672685892326,0.004719896273047444,0.1333216799071293,1
2546,0.1911812536453843,-0.1126876501652196,0.004615880313473887,0.004340410507069503,0.7361652356091055,0.004615880313473887,0.1334862510404763,1
2547,0.19239049197993915,-0.11297294750164116,0.004671020808859809,0.004340410507069503,0.7388400816589218,0.004671020808859809,0.13456969671909547,1
2548,0.19239049197993915,-0.11297294750164116,0.004671020808859809,0.004340410507069503,0.7388400816589218,0.004671020808859809,0.13456969671909547,1
2549,0.18612477194958296,-0.11413762530254644,0.00469347511294386,0.004340410507069503,0.729894193189003,0.00469347511294386,0.13606232389606393,1
2550,0.1799253730843968,-0.11587775678848863,0.004650998368165225,0.004340410507069503,0.7304679386613967,0.004650998368165225,0.13503771035685047,1
2551,0.17733171224783306,-0.11268704060432944,0.004566003230790999,0.004340410507069503,0.7344357850188638,0.004566003230790999,0.13167227455382682,1
2552,0.17865760597884894,-0.11616222275652117,0.004603156638183847,0.004340410507069503,0.731091635354132,0.004603156638183847,0.12971713575273663,1
2553,0.17313252965018952,-0.11611888524709174,0.004585953942379702,0.004340410507069503,0.7256792215367942,0.004585953942379702,0.1290593720277212,1
2554,0.17224897199174646,-0.12276729184866059,0.004727141098811137,0.004340410507069503,0.7286025809405425,0.004727141098811137,0.12964555533806266,1
2555,0.16745238749878016,-0.12113211117007765,0.004760081378604974,0.004340410507069503,0.7358204191625128,0.004760081378604974,0.13318687005159818,1
2556,0.17239238762760176,-0.12323515680842015,0.00477949470941807,0.004340410507069503,0.7403256303289135,0.00477949470941807,0.13532872233296986,1
2557,0.16745932941958577,-0.126808699467903,0.004706063851398764,0.004340410507069503,0.7405836164868248,0.004706063851398764,0.13296032010670142,1
2558,0.16195681101957865,-0.1265006450553965,0.004690486074875432,0.004340410507069503,0.7506174116814373,0.004690486074875432,0.13425394145344274,1
2559,0.1668594974707217,-0.12438469778874024,0.0046636438599708336,0.004340410507069503,0.7517093105989021,0.0046636438599708336,0.1327837698836435,1
2560,0.16572630038722255,-0.12072657492448133,0.004644118556054868,0.004340410507069503,0.7459405532188288,0.004644118556054868,0.13187545516264298,1
2561,0.16664829261674788,-0.11729376716223211,0.004620451967064132,0.004340410507069503,0.7441154510413152,0.004620451967064132,0.13028088767045964,1
2562,0.1650991425153696,-0.11729118463765915,0.004561516642971934,0.004340410507069503,0.7452394780031789,0.004561516642971934,0.13151688871409548,1
2563,0.16009413161830463,-0.1290194174845572,0.004616679960751788,0.004340410507069503,0.7527420082668251,0.004616679960751788,0.13213342986591659,1
2564,0.15653767,-0.12471191837862702,0.004645111145887504,0.004340410507069503,0.7564663065868561,0.004645111145887504,0.13317753219836181,1
2565,0.16250272372495067,-0.12407468722211391,0.0046103241138605935,0.004340410507069503,0.7602684028378306,0.0046103241138605935,0.1326698037003911,1
2566,0.1697991794620953,-0.12804899594367405,0.004665180193318777,0.004340410507069503,0.7574031216063366,0.004665180193318777,0.1302247662382284,1
2567,0.18070634979799857,-0.1311072170598027,0.004701238467908566,0.004340410507069503,0.756223076146408,0.004701238467908566,0.13025663165458387,1
2568,0.18101515975488416,-0.12725902789948634,0.004642209683546105,0.004340410507069503,0.7571814495426651,0.004642209683546105,0.1318988179730503,1
2569,0.18978782059019447,-0.12717311508623935,0.0047109247579486015,0.004340410507069503,0.7644443574739571,0.0047109247579486015,0.13175847779246783,1
2570,0.1918532668888872,-0.12767853925884143,0.0046350547970970294,0.004340410507069503,0.7557232882497277,0.0046350547970970294,0.13304108155327815,1
2571,0.19068316432680013,-0.12775628686675475,0.004722613668453935,0.004340410507069503,0.7506970415357512,0.004722613668453935,0.1315131428571747,1
2572,0.19035090813035727,-0.12941083592633953,0.004735943273943884,0.004340410507069503,0.735598886989161,0.004735943273943884,0.13021083556002322,1
2573,0.19035090813035727,-0.12941083592633953,0.004735943273943884,0.004340410507069503,0.735598886989161,0.004735943273943884,0.13021083556002322,1
2574,0.19243438546822839,-0.13646363902674194,0.004841434753425636,0.004340410507069503,0.7308174624283073,0.004841434753425636,0.1278894979211498,1
2575,0.1946464530081679,-0.14314614935918532,0.005004608171924235,0.004340410507069503,0.7348674798496784,0.005004608171924235,0.1268080038772893,1
2576,0.19146678859354338,-0.14968596255304276,0.005121436609203746,0.004340410507069503,0.7257340754776394,0.005121436609203746,0.12615316883204047,1
2577,0.19146678859354338,-0.14968596255304276,0.005121436609203746,0.004340410507069503,0.7257340754776394,0.005121436609203746,0.12615316883204047,1
2578,0.19237805517207993,-0.15292994462859574,0.005122119487895295,0.004340410507069503,0.7257466014627475,0.005122119487895295,0.12745153485906147,1
2579,0.19821711765594263,-0.1477337610095251,0.00498030497244114,0.004340410507069503,0.7250453424005117,0.00498030497244114,0.1272140330470723,1
2580,0.1947182325445588,-0.14524834928663252,0.004795112008864245,0.004340410507069503,0.7215119024428454,0.004795112008864245,0.12772913610820866,1
2581,0.1947182325445588,-0.14524834928663252,0.004795112008864245,0.004340410507069503,0.7215119024428454,0.004795112008864245,0.12772913610820866,1
2582,0.19344616754062963,-0.1455972683804627,0.004754873664779172,0.004340410507069503,0.7271159072015654,0.004754873664779172,0.12898045586053217,1
2583,0.19019625309934085,-0.14546192752053042,0.004677345704648448,0.004340410507069503,0.7226848578934214,0.004677345704648448,0.1289138632860477,1
2584,0.19215272354309262,-0.14007587960489332,0.004574626346270505,0.004340410507069503,0.7292680309904516,0.004574626346270505,0.13213525088630665,1
2585,0.1888770077476327,-0.14594392460955435,0.004637011822528984,0.004340410507069503,0.7200495073934626,0.004637011822528984,0.1307778251963845,1
2586,0.18935447809606865,-0.14667329179844354,0.004717702847762473,0.004340410507069503,0.7264350688226192,0.004717702847762473,0.13255437601913306,1
2587,0.19014274509207796,-0.14730869811448896,0.004719467062518391,0.004340410507069503,0.7403142955950198,0.004719467062518391,0.13242003218963974,1
2588,0.188164544686931,-0.15060038289648855,0.004791654173409476,0.004340410507069503,0.7357935855757712,0.004791654173409476,0.13098806707430294,1
2589,0.180385116168481,-0.14998449759639365,0.004721802725036526,0.004340410507069503,0.7302403672741881,0.004721802725036526,0.12945218832126668,1
2590,0.17702760617061913,-0.15013426492251353,0.004793438507664918,0.004340410507069503,0.7310461136366285,0.004793438507664918,0.12680336581040838,1
2591,0.17702760617061913,-0.15013426492251353,0.004793438507664918,0.004340410507069503,0.7310461136366285,0.004793438507664918,0.12680336581040838,1
2592,0.1739652049715128,-0.15386089221852822,0.004801176591257287,0.004340410507069503,0.7252296551083268,0.004801176591257287,0.12718633589151632,1
2593,0.1701283004205801,-0.14791719663686534,0.004680774550790054,0.004340410507069503,0.7291135262282047,0.004680774550790054,0.1288189779352505,1
2594,0.16933536693124765,-0.15452117465089693,0.004896976627400466,0.004340410507069503,0.7278824751812648,0.004896976627400466,0.12877363818260024,1
2595,0.16933536693124765,-0.15452117465089693,0.004896976627400466,0.004340410507069503,0.7278824751812648,0.004896976627400466,0.12877363818260024,1
2596,0.16096947547585252,-0.15416238245513061,0.004908703443130739,0.004340410507069503,0.7233838322967352,0.004908703443130739,0.1276411280887775,1
2597,0.16236188881875804,-0.15030357503998368,0.004984015669492969,0.004340410507069503,0.7239593366138264,0.004984015669492969,0.127207236954051,1
2598,0.15874446360924216,-0.13976831354984612,0.004805977150484399,0.004340410507069503,0.7220952839688243,0.004805977150484399,0.1251256151372649,1
2599,0.15653767,-0.13689514655862625,0.0047463423492233115,0.004340410507069503,0.7204883752262637,0.0047463423492233115,0.12447900231213128,1
2600,0.15653767,-0.13689514655862625,0.0047463423492233115,0.004340410507069503,0.7204883752262637,0.0047463423492233115,0.12447900231213128,1
2601,0.1574686072874301,-0.13418290694449836,0.00473239481709021,0.004340410507069503,0.7288279287422004,0.00473239481709021,0.12340807387903437,1
2602,0.16268179993281162,-0.13335009226398717,0.004721933042117937,0.004340410507069503,0.734102945222358,0.004721933042117937,0.12559337941741772,1
2603,0.1597542164133439,-0.13659527025311408,0.0047203984890998385,0.004340410507069503,0.7305083229193374,0.0047203984890998385,0.12466439241964711,1
2604,0.1629842185941769,-0.13540200991482446,0.004687564998864378,0.004340410507069503,0.7351673336918364,0.004687564998864378,0.12631637543590182,1
2605,0.15653767,-0.12520424841016614,0.004473590544773882,0.004340410507069503,0.7285808705081399,0.004473590544773882,0.12499985660082175,1
2606,0.15752012737877957,-0.11732435354228207,0.004433486512823322,0.004340410507069503,0.7332472647038613,0.004433486512823322,0.1270562938573537,1
2607,0.16878479771380256,-0.11925198237340058,0.004393395063638112,0.004340410507069503,0.7309808787415686,0.004393395063638112,0.12764072987061387,1
2608,0.16674436774413645,-0.12848633943254711,0.004407471632911198,0.004340410507069503,0.7253029181189413,0.004407471632911198,0.12484180858146332,1
2609,0.16882664516108936,-0.1221132661178912,0.004333669697512508,0.004333669697512508,0.7228559332284902,0.004333669697512508,0.12474447675096573,1
2610,0.16934724637249532,-0.11583017082416774,0.004335605114344528,0.004333669697512508,0.7266630941374511,0.004335605114344528,0.12150351791292717,1
2611,0.17565871759809262,-0.11979098653905298,0.004429493270712105,0.004333669697512508,0.7220274814531928,0.004429493270712105,0.12283949466003075,1
2612,0.17345985177715706,-0.11004742086130412,0.004390302866712419,0.004333669697512508,0.7248445511935291,0.004390302866712419,0.12228355068354833,1
2613,0.17345985177715706,-0.11004742086130412,0.004390302866712419,0.004333669697512508,0.7248445511935291,0.004390302866712419,0.12228355068354833,1
2614,0.17765897872603179,-0.10910930485757277,0.004354597438867304,0.004333669697512508,0.7238462156691096,0.004354597438867304,0.1231683409693419,1
2615,0.1727896956065313,-0.11532912467553347,0.00437576679175608,0.004333669697512508,0.7402725506489763,0.00437576679175608,0.12489842380130355,1
2616,0.17130570005144855,-0.11903251972868682,0.004347263467981557,0.004333669697512508,0.736209124804367,0.004347263467981557,0.1241983622741864,1
2617,0.17381062852530496,-0.11430864892669566,0.004377938635752608,0.004333669697512508,0.7339689506627166,0.004377938635752608,0.1249133563278129,1
2618,0.1714473659822372,-0.11128575314467036,0.004435681861440302,0.004333669697512508,0.7340715796811861,0.004435681861440302,0.12412657941507549,1
2619,0.17227708292924232,-0.11307557852812289,0.004461691550470104,0.004333669697512508,0.7325018976251556,0.004461691550470104,0.1248527450615457,1
2620,0.17339851495959827,-0.11190483280634575,0.004464710746572504,0.004333669697512508,0.7330353095664346,0.004464710746572504,0.12375769324948643,1
2621,0.16603679765183682,-0.11557786686612556,0.004401430083622572,0.004333669697512508,0.729930299327375,0.004401430083622572,0.12372129767641155,1
2622,0.1700327253439653,-0.12324087199375783,0.004406606184729214,0.004333669697512508,0.7314663810849054,0.004406606184729214,0.12447393060124516,1
2623,0.16631272822791546,-0.12701911208303132,0.004440140597741758,0.004333669697512508,0.7274134903007676,0.004440140597741758,0.12452312366951367,1
2624,0.16631272822791546,-0.12701911208303132,0.004440140597741758,0.004333669697512508,0.7274134903007676,0.004440140597741758,0.12452312366951367,1
2625,0.16617147933679843,-0.12896983986476526,0.004433701663262599,0.004333669697512508,0.7312232370718099,0.004433701663262599,0.12515886670894222,1
2626,0.17106958351152707,-0.1317412433291826,0.00443999363976804,0.004333669697512508,0.7347655899278996,0.00443999363976804,0.12640535423370097,1
2627,0.17283001408859427,-0.12866706810278772,0.0043341442472126495,0.004333669697512508,0.736806827080126,0.0043341442472126495,0.12685874205393413,1
2628,0.16887089135624725,-0.12753351283019418,0.004337913779366898,0.004333669697512508,0.7383180209440596,0.004337913779366898,0.12444037767317694,1
2629,0.16760588635270612,-0.12363194595674663,0.004338261684819865,0.004333669697512508,0.748343468199283,0.004338261684819865,0.12467646534702775,1
2630,0.17941394120716256,-0.12591778615255736,0.004367430387970366,0.004333669697512508,0.7571036296555611,0.004367430387970366,0.12378108055058236,1
2631,0.1795975474993732,-0.11295250864053408,0.004406510829583649,0.004333669697512508,0.7547652366375923,0.004406510829583649,0.12208967408035423,1
2632,0.17895469012503323,-0.11879331354481017,0.004397190225630981,0.004333669697512508,0.7414578396536714,0.004397190225630981,0.1218680652994386,1
2633,0.17895469012503323,-0.11879331354481017,0.004397190225630981,0.004333669697512508,0.7414578396536714,0.004397190225630981,0.1218680652994386,1
2634,0.17740920462672666,-0.12482116043424432,0.004414536289524663,0.004333669697512508,0.7402638216457805,0.004414536289524663,0.12288801531684339,1
2635,0.18070332523804902,-0.12773097297604066,0.0044286294547993465,0.004333669697512508,0.7391963786272449,0.0044286294547993465,0.12262195598811265,1
2636,0.17604812569973552,-0.13011444198268704,0.004443940550833505,0.004333669697512508,0.7464638570526563,0.004443940550833505,0.12307424715755413,1
2637,0.18294450179754357,-0.1330885833104854,0.004453832270272472,0.004333669697512508,0.7459625168938773,0.004453832270272472,0.1252476724394733,1
2638,0.18646441876663042,-0.1341835416432947,0.0044615031524298425,0.004333669697512508,0.7471396208688078,0.0044615031524298425,0.1249470689349043,1
2639,0.19134054083334998,-0.13617638517258424,0.004633099807856722,0.004333669697512508,0.7580903145737156,0.004633099807856722,0.12386752766659279,1
2640,0.1896862334591429,-0.14047886666502035,0.004599238537626391,0.004333669697512508,0.7477388177742015,0.004599238537626391,0.1251797183923336,1
2641,0.19762028875330423,-0.14183145266860375,0.004680065761322541,0.004333669697512508,0.7461097468882932,0.004680065761322541,0.12363255244430131,1
2642,0.2019353134830179,-0.13240957093313455,0.00458750797171463,0.004333669697512508,0.7489200094082209,0.00458750797171463,0.1226078196625229,1
2643,0.20345591964998622,-0.1388059067477994,0.004766695706092176,0.004333669697512508,0.7549353772161476,0.004766695706092176,0.12273266178089705,1
2644,0.2033736750892206,-0.1443055658314894,0.00484747060285098,0.004333669697512508,0.7603190992426804,0.00484747060285098,0.12597321739737413,1
2645,0.20459496891136295,-0.14706470266163302,0.004831717600586788,0.004333669697512508,0.7639792753005428,0.004831717600586788,0.12639462619618475,1
2646,0.20414456486052865,-0.1480321318278434,0.004788420613108967,0.004333669697512508,0.7517213450487563,0.004788420613108967,0.12674343684504816,1
2647,0.2092184184567678,-0.1498675460364406,0.004819600786024172,0.004333669697512508,0.7411518413245026,0.004819600786024172,0.1269495092407774,1
2648,0.20746002190237495,-0.14875385452689419,0.004764279667296846,0.004333669697512508,0.7329461859016515,0.004764279667296846,0.12727136008364176,1
2649,0.20717573184249005,-0.15241242665900287,0.004812306856285291,0.004333669697512508,0.7323545257962593,0.004812306856285291,0.12756194939587148,1
2650,0.20093890374470363,-0.15405976179513134,0.004782127673601581,0.004333669697512508,0.7279131435067555,0.004782127673601581,0.12837607147107918,1
2651,0.2119734906122417,-0.1495132525039928,0.004727917597677137,0.004333669697512508,0.7294407414734612,0.004727917597677137,0.12817729258143953,1
2652,0.21035517683763205,-0.15397330264962958,0.004821510906024781,0.004333669697512508,0.7284020784143383,0.004821510906024781,0.1288201304410549,1
2653,0.2112137370199016,-0.148765079688026,0.004773311866471234,0.004333669697512508,0.7422066034319734,0.004773311866471234,0.12849354411421168,1
2654,0.2045767812644822,-0.14809274631642905,0.004797187375492102,0.004333669697512508,0.7495847527398259,0.004797187375492102,0.1272369427579241,1
2655,0.2045767812644822,-0.14809274631642905,0.004797187375492102,0.004333669697512508,0.7495847527398259,0.004797187375492102,0.1272369427579241,1
2656,0.20172140003237993,-0.15037743224969408,0.004884201744112701,0.004333669697512508,0.7638249655647971,0.004884201744112701,0.1264104141742194,1
2657,0.20633322303089155,-0.14750695542345793,0.004811963591529849,0.004333669697512508,0.7724963641069329,0.004811963591529849,0.12694670911801437,1
2658,0.20633322303089155,-0.14750695542345793,0.004811963591529849,0.004333669697512508,0.7724963641069329,0.004811963591529849,0.12694670911801437,1
2659,0.20633322303089155,-0.14750695542345793,0.004811963591529849,0.004333669697512508,0.7724963641069329,0.004811963591529849,0.12694670911801437,1
2660,0.21104291202457184,-0.14373196650232356,0.004780080753887354,0.004333669697512508,0.7844629315959059,0.004780080753887354,0.12602802237288296,1
2661,0.2111884726746832,-0.1388815184071849,0.004700455457037598,0.004333669697512508,0.783544348858531,0.004700455457037598,0.12524391755292644,1
2662,0.21016795744490338,-0.132796610622654,0.004575433193697206,0.004333669697512508,0.7737065205906961,0.004575433193697206,0.12464941285603909,1
2663,0.21016795744490338,-0.132796610622654,0.004575433193697206,0.004333669697512508,0.7737065205906961,0.004575433193697206,0.12464941285603909,1
2664,0.20896623994448457,-0.1352257965396009,0.004639758656910731,0.004333669697512508,0.7659620551627015,0.004639758656910731,0.12386484944545903,1
2665,0.20414507785038338,-0.1399261012232658,0.004645932078046249,0.004333669697512508,0.7671339510731294,0.004645932078046249,0.12480441562370516,1
2666,0.20494195330218581,-0.13908853924739298,0.004687642404330868,0.004333669697512508,0.7683761143144222,0.004687642404330868,0.12441561033115965,1
2667,0.20047719720856916,-0.14632806752807054,0.004839515584666374,0.004333669697512508,0.7682940228341724,0.004839515584666374,0.12390186089532416,1
2668,0.19906419354355576,-0.14256677791970024,0.004785332710346595,0.004333669697512508,0.7665764245076064,0.004785332710346595,0.1233346351232481,1
2669,0.20042247473949154,-0.13564931897390714,0.004708469628564688,0.004333669697512508,0.77431706243357,0.004708469628564688,0.12276011082813823,1
2670,0.1990629612223733,-0.142362226099179,0.004807524753134663,0.004333669697512508,0.7740307965007356,0.004807524753134663,0.12360623503836089,1
2671,0.19511614224421717,-0.1366056348796781,0.004662124001099796,0.004333669697512508,0.7761472011810908,0.004662124001099796,0.12425983256545517,1
2672,0.1898805934553028,-0.13333714068118305,0.004561455366241772,0.004333669697512508,0.772928163327473,0.004561455366241772,0.12483377172934647,1
2673,0.18637085767450512,-0.1285896761319348,0.004500728486200233,0.004333669697512508,0.7745699644048112,0.004500728486200233,0.1247022852727815,1
2674,0.18497898139341074,-0.13729629112548258,0.004715481571728655,0.004333669697512508,0.7697858599720557,0.004715481571728655,0.12426351114436276,1
2675,0.18301895740124685,-0.1343445948906722,0.00470670528360523,0.004333669697512508,0.7761260482657142,0.00470670528360523,0.12416656962334238,1
2676,0.18107428651865967,-0.12799427605116434,0.004552005532355778,0.004333669697512508,0.7752412900970611,0.004552005532355778,0.12535843288258625,1
2677,0.17632486084292517,-0.12718458233600166,0.0044478828359118885,0.004333669697512508,0.7672691121232522,0.0044478828359118885,0.1265743785826557,1
2678,0.17016992058997887,-0.12788695317693366,0.0045255710940395825,0.004333669697512508,0.7690004310586693,0.0045255710940395825,0.12747415366712037,1
2679,0.1750473166097605,-0.12333208594399607,0.004549284990508442,0.004333669697512508,0.7899951164215937,0.004549284990508442,0.12821921136765746,1
2680,0.17397742266309552,-0.12700644685406948,0.00466436076898274,0.004333669697512508,0.7939512731748598,0.00466436076898274,0.12725345141278577,1
2681,0.17251555833837182,-0.12045891041114236,0.004694563422999128,0.004333669697512508,0.8102106429705925,0.004694563422999128,0.1259741761970222,1
2682,0.1811326676799705,-0.11292838261397464,0.004645640671358296,0.004333669697512508,0.8152034152530344,0.004645640671358296,0.12780297091599072,1
2683,0.17490845624527362,-0.11292047718088712,0.004595086048355543,0.004333669697512508,0.8083710333022239,0.004595086048355543,0.12826600898503787,1
2684,0.18050257692898475,-0.11503975470779984,0.00454625375608236,0.004333669697512508,0.8023972711300424,0.00454625375608236,0.12693789735892977,1
2685,0.17372390102528978,-0.10884474114273197,0.004578160004071297,0.004333669697512508,0.8044348601816205,0.004578160004071297,0.1261286047997728,1
2686,0.16998652795029667,-0.11495450790178234,0.004624318847413242,0.004333669697512508,0.79893402076922,0.004624318847413242,0.12482004463495693,1
2687,0.1711415246521335,-0.10651661967238495,0.004550829375990293,0.004333669697512508,0.7971723442032526,0.004550829375990293,0.12458467024582957,1
2688,0.168043337686216,-0.10839526432800137,0.00451109975315174,0.004333669697512508,0.7994994005224062,0.00451109975315174,0.12408547455554672,1
2689,0.16496350647237015,-0.09971149103273022,0.004454944194122804,0.004333669697512508,0.7845872863371015,0.004454944194122804,0.12285484104740838,1
2690,0.17294640639618547,-0.1053087598653604,0.004487433517717141,0.004333669697512508,0.7806872827160394,0.004487433517717141,0.12230055028945161,1
2691,0.17129001523838733,-0.10978752275599157,0.004575302784526689,0.004333669697512508,0.7817780560139822,0.004575302784526689,0.1259248476009683,1
2692,0.16101355161564884,-0.10225521672569109,0.0044494316247384435,0.004333669697512508,0.7768519422636074,0.0044494316247384435,0.12373251170476324,1
2693,0.16811786217539884,-0.10408208541907656,0.004455307731328123,0.004333669697512508,0.7750724521811434,0.004455307731328123,0.1258837525296287,1
2694,0.16609852857027863,-0.09947462838754387,0.004491326242611703,0.004333669697512508,0.7630324292693156,0.004491326242611703,0.12531760532200642,1
2695,0.15694601958856966,-0.0996309315022526,0.0044609862632391355,0.004333669697512508,0.764179653737544,0.0044609862632391355,0.12534532650543842,1
2696,0.15653767,-0.09049578045286966,0.004407627349579503,0.004333669697512508,0.765708630478612,0.004407627349579503,0.12464373361850854,1
2697,0.15653767,-0.08729033002189236,0.004308934495471566,0.004308934495471566,0.758009959952176,0.004308934495471566,0.12419905889757286,1
2698,0.15816744234326538,-0.09240774952148875,0.0043585424631441844,0.004308934495471566,0.7628463950986385,0.0043585424631441844,0.12438624645585629,1
2699,0.16426383086318122,-0.09142476149660027,0.004438975643702386,0.004308934495471566,0.769036842028454,0.004438975643702386,0.12523717160937772,1
2700,0.15653767,-0.08607136275988926,0.004362970781870212,0.004308934495471566,0.766711715267294,0.004362970781870212,0.12532379507004604,1
2701,0.15653767,-0.08463217646841092,0.004330565831946007,0.004308934495471566,0.7653843876330606,0.004330565831946007,0.12644261196347464,1
2702,0.15653767,-0.08656974962646004,0.004460599666979392,0.004308934495471566,0.7767991525394696,0.004460599666979392,0.12695350162510258,1
2703,0.15653767,-0.07836565935675607,0.004336916846065365,0.004308934495471566,0.7796462502496987,0.004336916846065365,0.12396837327325998,1
2704,0.15653767,-0.07408056656150208,0.004359729042201521,0.004308934495471566,0.7750699064122053,0.004359729042201521,0.12496903854393056,1
2705,0.15653767,-0.07276468999999999,0.004388624399282458,0.004308934495471566,0.7582327518048443,0.004388624399282458,0.12457151581680977,1
2706,0.15653767,-0.07276468999999999,0.00440375665966337,0.004308934495471566,0.7630382581587735,0.00440375665966337,0.12350636455620274,1
2707,0.16347517339329787,-0.07276468999999999,0.004413586388397611,0.004308934495471566,0.7758613777965442,0.004413586388397611,0.12142616583062735,1
2708,0.1622471170191706,-0.07276468999999999,0.004418770536276522,0.004308934495471566,0.7758171076874255,0.004418770536276522,0.12101443872880206,1
2709,0.15653767,-0.07276468999999999,0.004404662835167037,0.004308934495471566,0.7756108279694214,0.004404662835167037,0.12174592980752642,1
2710,0.15973873769298672,-0.07276468999999999,0.004470443156490911,0.004308934495471566,0.7728411127751706,0.004470443156490911,0.1223896755043306,1
2711,0.15653767,-0.07934236075761435,0.004420341543682767,0.004308934495471566,0.7749186036082764,0.004420341543682767,0.12169025352452183,1
2712,0.16252916746959398,-0.07283593910075742,0.004467692705416042,0.004308934495471566,0.7664970608421051,0.004467692705416042,0.12503197895549426,1
2713,0.1727991608266726,-0.07957286972398477,0.004400637317509831,0.004308934495471566,0.7633209636103823,0.004400637317509831,0.12471117915684875,1
2714,0.16753880263751017,-0.07803965206211234,0.004434691525745578,0.004308934495471566,0.7665140524583547,0.004434691525745578,0.12539072153103106,1
2715,0.16287137260291,-0.07778760530435226,0.004417416206979925,0.004308934495471566,0.769294198494484,0.004417416206979925,0.12382301128634392,1
2716,0.1638290381453085,-0.07276468999999999,0.004351938353607488,0.004308934495471566,0.7617572728456952,0.004351938353607488,0.12467546435000923,1
2717,0.16445306523371503,-0.07276468999999999,0.004325764782583692,0.004308934495471566,0.7612124333895196,0.004325764782583692,0.12241590481444094,1
2718,0.16918277664836037,-0.07276468999999999,0.004466839103238464,0.004308934495471566,0.7542347022923727,0.004466839103238464,0.12345995141026558,1
2719,0.16423378506031072,-0.07373649586447723,0.004429184116973674,0.004308934495471566,0.750934324233357,0.004429184116973674,0.12464695636259489,1
2720,0.162569807011759,-0.07276468999999999,0.004399600267360124,0.004308934495471566,0.7514021117752686,0.004399600267360124,0.12357494486470615,1
2721,0.16134283402636435,-0.08011126888291796,0.004311044320706688,0.004308934495471566,0.7464327930008287,0.004311044320706688,0.12385543889179036,1
2722,0.15851582898576685,-0.0734400693350043,0.004281472239545494,0.004281472239545494,0.7439014849345642,0.004281472239545494,0.12350418987500159,1
2723,0.15653767,-0.07907706065439464,0.004282537124683411,0.004281472239545494,0.7418968356765635,0.004282537124683411,0.12364904198432339,1
2724,0.15653767,-0.08154355661013074,0.004326649773576584,0.004281472239545494,0.7500187439941535,0.004326649773576584,0.1239521575320678,1
2725,0.15813550220994504,-0.08512815700150281,0.004262921105342574,0.004262921105342574,0.738033641284856,0.004262921105342574,0.12219436965238495,1
2726,0.15653767,-0.08568711793691347,0.004237966823943752,0.004237966823943752,0.7423172900413089,0.004237966823943752,0.12027444153558774,1
2727,0.16549952051502484,-0.086663278496736,0.004268482850828264,0.004237966823943752,0.7426680809951333,0.004268482850828264,0.12268043303816462,1
2728,0.1679719465176182,-0.0963993946390065,0.004280909484028387,0.004237966823943752,0.7397014420317548,0.004280909484028387,0.12298015323291785,1
2729,0.1574473667047159,-0.08768379181949257,0.0042394866987144056,0.004237966823943752,0.7384855206255502,0.0042394866987144056,0.12014458711847725,1
2730,0.1574473667047159,-0.08768379181949257,0.0042394866987144056,0.004237966823943752,0.7384855206255502,0.0042394866987144056,0.12014458711847725,1
2731,0.15653767,-0.08746301441314089,0.004208770303798744,0.004208770303798744,0.7367094872274368,0.004208770303798744,0.1211202902777129,1
2732,0.15653767,-0.08746301441314089,0.004208770303798744,0.004208770303798744,0.7367094872274368,0.004208770303798744,0.1211202902777129,1
2733,0.1574429145587102,-0.09035185421574383,0.004224884349559238,0.004208770303798744,0.7315225909063804,0.004224884349559238,0.12269098583993043,1
2734,0.15653767,-0.08470847013647902,0.004204601813177222,0.004204601813177222,0.7285800162133566,0.004204601813177222,0.12208062448064574,1
2735,0.15653767,-0.07815213620446708,0.004146845139241935,0.004146845139241935,0.7222731878320047,0.004146845139241935,0.12063912639594797,1
2736,0.15697586570055222,-0.0773941900950847,0.004215467160816033,0.004146845139241935,0.7231225831524345,0.004215467160816033,0.12183312349177906,1
2737,0.15653767,-0.08231794674071052,0.004209560225766004,0.004146845139241935,0.721967757644037,0.004209560225766004,0.12266770584627014,1
2738,0.15653767,-0.08231794674071052,0.004209560225766004,0.004146845139241935,0.721967757644037,0.004209560225766004,0.12266770584627014,1
2739,0.16164371741797356,-0.07967438664056313,0.004206365874181517,0.004146845139241935,0.7200766813386159,0.004206365874181517,0.12228300592717592,1
2740,0.16164371741797356,-0.07967438664056313,0.004206365874181517,0.004146845139241935,0.7200766813386159,0.004206365874181517,0.12228300592717592,1
2741,0.1597692764509667,-0.0835801090599713,0.004277155759112045,0.004146845139241935,0.7288105337767323,0.004277155759112045,0.12302003273227656,1
2742,0.16030053345751757,-0.0783385941599336,0.00423481014019623,0.004146845139241935,0.7257819835183765,0.00423481014019623,0.1211826973740194,1
2743,0.16030053345751757,-0.0783385941599336,0.00423481014019623,0.004146845139241935,0.7257819835183765,0.00423481014019623,0.1211826973740194,1
2744,0.16068728188068016,-0.07662431150004681,0.004254913188741997,0.004146845139241935,0.7210472070132015,0.004254913188741997,0.12017439728777558,1
2745,0.15824036578416606,-0.07449882893978943,0.004261388598439107,0.004146845139241935,0.7296628215370435,0.004261388598439107,0.12124787419142909,1
2746,0.15653767,-0.07276468999999999,0.004290117798813709,0.004146845139241935,0.7279816411522887,0.004290117798813709,0.1203318306762084,1
2747,0.15653767,-0.07276468999999999,0.004290117798813709,0.004146845139241935,0.7279816411522887,0.004290117798813709,0.1203318306762084,1
2748,0.16255475290088128,-0.07276468999999999,0.004365484312826448,0.004146845139241935,0.7281933075765794,0.004365484312826448,0.1218787331808126,1
2749,0.16255475290088128,-0.07276468999999999,0.004365484312826448,0.004146845139241935,0.7281933075765794,0.004365484312826448,0.1218787331808126,1
2750,0.15653767,-0.07276468999999999,0.004314902114086142,0.004146845139241935,0.725027212760729,0.004314902114086142,0.12046330819756143,1
2751,0.15653767,-0.07276468999999999,0.004314902114086142,0.004146845139241935,0.725027212760729,0.004314902114086142,0.12046330819756143,1
2752,0.16084735438898523,-0.07531017348731467,0.004213768882394562,0.004146845139241935,0.7282192336535508,0.004213768882394562,0.12055366437623533,1
2753,0.16869412872915063,-0.07554819714658792,0.004210060034661887,0.004146845139241935,0.7295205775052483,0.004210060034661887,0.12128847077363465,1
2754,0.16869412872915063,-0.07554819714658792,0.004210060034661887,0.004146845139241935,0.7295205775052483,0.004210060034661887,0.12128847077363465,1
2755,0.16612536729247013,-0.07317057467376475,0.004273229539304331,0.004146845139241935,0.7298798623272811,0.004273229539304331,0.12111859065421943,1
2756,0.16366640282252296,-0.07414237357499719,0.004284048672771336,0.004146845139241935,0.733757886400971,0.004284048672771336,0.12078167304998272,1
2757,0.16207545906598514,-0.07276468999999999,0.004307204780598698,0.004146845139241935,0.7335559451059653,0.004225009119146089,0.11990933817702439,0
2758,0.15964325411289834,-0.07276468999999999,0.004244937170740452,0.004146845139241935,0.7358089464747412,0.004244937170740452,0.12092370997683344,1
2759,0.16110090358958848,-0.07276468999999999,0.004273588795607168,0.004146845139241935,0.7293290352287194,0.004226268627973532,0.11993121034406712,0
2760,0.15950826325665324,-0.07276468999999999,0.00416341098149014,0.004146845139241935,0.7265697243843281,0.00416341098149014,0.12016411668204177,1
2761,0.15950826325665324,-0.07276468999999999,0.00416341098149014,0.004146845139241935,0.7265697243843281,0.00416341098149014,0.12016411668204177,1
2762,0.16116723634578017,-0.07485467434101546,0.004206302893215389,0.004146845139241935,0.7231988061330347,0.004206302893215389,0.12104268261403132,1
2763,0.16169862081987588,-0.07276468999999999,0.004145143750895947,0.004145143750895947,0.7274150221989382,0.004145143750895947,0.12055245369484108,1
2764,0.15653767,-0.07276468999999999,0.004243387072057715,0.004145143750895947,0.7309830891638226,0.004243387072057715,0.12209152293350055,1
2765,0.15653767,-0.07276468999999999,0.004243387072057715,0.004145143750895947,0.7309830891638226,0.004243387072057715,0.12209152293350055,1
2766,0.15653767,-0.07276468999999999,0.004243387072057715,0.004145143750895947,0.7309830891638226,0.004243387072057715,0.12209152293350055,1
2767,0.15653767,-0.07291571955465191,0.0043201600099803256,0.004145143750895947,0.7279492794757889,0.0043201600099803256,0.12291863227600429,1
2768,0.158769671458212,-0.07276468999999999,0.004367347582755339,0.004145143750895947,0.7325204466270541,0.004367347582755339,0.12300188578700173,1
2769,0.15985836258773767,-0.07276468999999999,0.004369433953089283,0.004145143750895947,0.7336417280227905,0.004369433953089283,0.12164736615220026,1
2770,0.16418711195520522,-0.07403237963521028,0.004358999649159552,0.004145143750895947,0.7291483443596356,0.004358999649159552,0.12136464623983942,1
2771,0.1661068175911882,-0.07276468999999999,0.004286907819149723,0.004145143750895947,0.7254405318898078,0.004286907819149723,0.12109164713280152,1
2772,0.15661980944617077,-0.07276468999999999,0.004189620122935582,0.004145143750895947,0.7292665276282372,0.004189620122935582,0.12169497326987701,1
2773,0.15653767,-0.07774280486141372,0.004249600780295902,0.004145143750895947,0.7287784821865819,0.004249600780295902,0.12445385298754655,1
2774,0.15653767,-0.07934953010588491,0.004300180977919361,0.004145143750895947,0.7223982862100339,0.004300180977919361,0.12551067624100698,1
2775,0.15653767,-0.07934953010588491,0.004300180977919361,0.004145143750895947,0.7223982862100339,0.004300180977919361,0.12551067624100698,1
2776,0.15653767,-0.08102908619321252,0.004301684382244689,0.004145143750895947,0.7335058099437708,0.004301684382244689,0.1248051545768696,1
2777,0.15653767,-0.08102908619321252,0.004301684382244689,0.004145143750895947,0.7335058099437708,0.004301684382244689,0.1248051545768696,1
2778,0.15653767,-0.08102908619321252,0.004301684382244689,0.004145143750895947,0.7335058099437708,0.004301684382244689,0.1248051545768696,1
2779,0.15653767,-0.08102908619321252,0.004301684382244689,0.004145143750895947,0.7335058099437708,0.004301684382244689,0.1248051545768696,1
2780,0.15653767,-0.08210221705251368,0.004330777271610733,0.004145143750895947,0.7321813834696499,0.004330777271610733,0.12483959141016031,1
2781,0.15653767,-0.0904938998023811,0.004394403488880905,0.004145143750895947,0.7363900118769792,0.004394403488880905,0.12522632625467175,1
2782,0.15878686140317905,-0.09411549722011266,0.004458455599631374,0.004145143750895947,0.7343524337340752,0.004458455599631374,0.1268921997844599,1
2783,0.16080836250694616,-0.10682695801583142,0.004473457348281601,0.004145143750895947,0.7360813764411145,0.004473457348281601,0.1291623734660012,1
2784,0.1632836149515751,-0.10489783207292111,0.004404496376083291,0.004145143750895947,0.7318144520331137,0.004404496376083291,0.1279131992990648,1
2785,0.1765082939757406,-0.10435263079400384,0.004422349695010812,0.004145143750895947,0.7334986816918917,0.004422349695010812,0.12929974892092583,1
2786,0.1891733443150549,-0.10376255082291644,0.004409793659222363,0.004145143750895947,0.742360080650398,0.004409793659222363,0.12823614112928045,1
2787,0.18347975563483396,-0.10733196813831891,0.004382617990714596,0.004145143750895947,0.74349602993228,0.004382617990714596,0.12838028513562424,1
2788,0.18321208205911624,-0.10230464086299319,0.004424128610020906,0.004145143750895947,0.740500522876852,0.004424128610020906,0.12922143028408722,1
2789,0.17991719829470337,-0.10698806711576496,0.004356567330176092,0.004145143750895947,0.7277487274195747,0.004356567330176092,0.12975855236207948,1
2790,0.17644207233994894,-0.1115331419464503,0.004284007242882203,0.004145143750895947,0.7260636957521536,0.004284007242882203,0.12911240497922877,1
2791,0.18263932140756206,-0.11000203969691982,0.0043180817780091516,0.004145143750895947,0.7340305727584264,0.0043180817780091516,0.13024525583408117,1
2792,0.18263932140756206,-0.11000203969691982,0.0043180817780091516,0.004145143750895947,0.7340305727584264,0.0043180817780091516,0.13024525583408117,1
2793,0.19219477410927036,-0.1098109036788044,0.004294935811896073,0.004145143750895947,0.7321048720536351,0.004294935811896073,0.12921276580184454,1
2794,0.1884644002046797,-0.11678250694469725,0.004221521630052202,0.004145143750895947,0.7286939150852739,0.004221521630052202,0.12741650632170215,1
2795,0.19664460182337012,-0.11693053877297928,0.004240713132295357,0.004145143750895947,0.7295276935018279,0.004240713132295357,0.12801872112159937,1
2796,0.18952376372992255,-0.11604252604960377,0.004289552040487885,0.004145143750895947,0.733904331853459,0.004289552040487885,0.12716197583750094,1
2797,0.18154085815352572,-0.11607102844875448,0.0043124307509840925,0.004145143750895947,0.7361761604396476,0.0043124307509840925,0.1273060619660819,1
2798,0.1761101831656452,-0.11780249501523302,0.0043121695677499055,0.004145143750895947,0.7322835656240271,0.0043121695677499055,0.12763835036465543,1
2799,0.18897085614582723,-0.12308426526784219,0.004335242372530546,0.004145143750895947,0.7349105915978165,0.004335242372530546,0.12687057830220203,1
2800,0.1963062464880546,-0.12373438724082643,0.004356574921341993,0.004145143750895947,0.748203365100017,0.004356574921341993,0.12803424235832156,1
2801,0.19731225647819695,-0.11975145395344942,0.004397026116505292,0.004145143750895947,0.7570164096038459,0.004397026116505292,0.12788608574765492,1
2802,0.19199191982083555,-0.11896602511864811,0.0044072232308466795,0.004145143750895947,0.7497983937940362,0.0044072232308466795,0.1257522582593654,1
2803,0.19404619833468978,-0.1260926066528582,0.0043716521967617165,0.004145143750895947,0.7527236341469004,0.0043716521967617165,0.12689220823629468,1
2804,0.18867109573954488,-0.1270871427480867,0.004407518858023331,0.004145143750895947,0.7515894505521045,0.004407518858023331,0.1245139935219952,1
2805,0.19034937934133683,-0.14141843165556364,0.004539657902893337,0.004145143750895947,0.7465665165896286,0.004539657902893337,0.12452830928438814,1
2806,0.1806764805023715,-0.14210050163310844,0.004549213709756425,0.004145143750895947,0.7468741072825846,0.004549213709756425,0.12431441213657866,1
2807,0.18317570251909426,-0.14162822355581742,0.004496787029724729,0.004145143750895947,0.7494866092357824,0.004496787029724729,0.1257760170504108,1
2808,0.1808890697293294,-0.13957344097981067,0.00445362302969857,0.004145143750895947,0.7462095318309959,0.00445362302969857,0.12588729580859678,1
2809,0.17568731836383963,-0.13960444063006067,0.0044775660249776325,0.004145143750895947,0.7506563445130371,0.0044775660249776325,0.12609430119553114,1
2810,0.17333947494807408,-0.13564230968425572,0.00441369968493251,0.004145143750895947,0.7493769933931985,0.00441369968493251,0.12713042933166382,1
2811,0.17504628567759328,-0.14531254831823678,0.004514713562211761,0.004145143750895947,0.7498472482921663,0.004514713562211761,0.1273730687148986,1
2812,0.1700135096287134,-0.1415024295791905,0.004429683569518621,0.004145143750895947,0.7422853924644478,0.004429683569518621,0.12700377165488463,1
2813,0.1700135096287134,-0.1415024295791905,0.004429683569518621,0.004145143750895947,0.7422853924644478,0.004429683569518621,0.12700377165488463,1
2814,0.1700135096287134,-0.1415024295791905,0.004429683569518621,0.004145143750895947,0.7422853924644478,0.004429683569518621,0.12700377165488463,1
2815,0.16361102638505792,-0.13464411788852632,0.004319570350123455,0.004145143750895947,0.7315032711542876,0.004319570350123455,0.12560358057888737,1
2816,0.16361102638505792,-0.13464411788852632,0.004319570350123455,0.004145143750895947,0.7315032711542876,0.004319570350123455,0.12560358057888737,1
2817,0.16091161428512923,-0.13319699855149844,0.004324961303972755,0.004145143750895947,0.7394702414876385,0.004324961303972755,0.1275137967516307,1
2818,0.16283298791934256,-0.13163122039486574,0.004292573997076339,0.004145143750895947,0.7350572129275376,0.004292573997076339,0.12753870084520752,1
2819,0.15653767,-0.13049996550935072,0.0043527952697512895,0.004145143750895947,0.7435278685469946,0.0043527952697512895,0.1281651733932461,1
2820,0.16121945114719172,-0.1306884971223494,0.004360116137575272,0.004145143750895947,0.7496331673232617,0.004360116137575272,0.12650476484019,1
2821,0.1570226230000385,-0.12898164180221205,0.004305640367767888,0.004145143750895947,0.7436217817290224,0.004305640367767888,0.12573548827357586,1
2822,0.16157469926686202,-0.13068404131414038,0.004298533296702569,0.004145143750895947,0.7465092075962731,0.004298533296702569,0.12604108013484255,1
2823,0.16835676858368184,-0.1281836048591629,0.004335753248786273,0.004145143750895947,0.7472059770852675,0.004335753248786273,0.1252279675277998,1
2824,0.16940454770494187,-0.13297309174143518,0.004298590412530531,0.004145143750895947,0.7347724481897187,0.004298590412530531,0.12755963124618508,1
2825,0.1732618169717551,-0.1302047855866869,0.0042635151231758955,0.004145143750895947,0.7317357357830063,0.0042635151231758955,0.12728664267781262,1
2826,0.1684666874015959,-0.13131720453499895,0.0043204024315763685,0.004145143750895947,0.7462309779786659,0.0043204024315763685,0.12785647734047384,1
2827,0.1684666874015959,-0.13131720453499895,0.0043204024315763685,0.004145143750895947,0.7462309779786659,0.0043204024315763685,0.12785647734047384,1
2828,0.16830999250330372,-0.1292272773785885,0.004349622680800578,0.004145143750895947,0.7534452654199366,0.004349622680800578,0.12773251502696908,1
2829,0.16251889190675883,-0.12790014237800354,0.004295064234073541,0.004145143750895947,0.7405356519444704,0.004295064234073541,0.1270380040175562,1
2830,0.1659865208151517,-0.12451383057862571,0.004215833919542618,0.004145143750895947,0.7278651399174304,0.004215833919542618,0.1273995051556257,1
2831,0.16443844208571104,-0.12059375466467728,0.004212525419418673,0.004145143750895947,0.7370264281278078,0.004212525419418673,0.12566049768849086,1
2832,0.15844575642373743,-0.11552194521678738,0.004238810043899396,0.004145143750895947,0.7399912111821435,0.004238810043899396,0.12402053626756453,1
2833,0.1648555736423844,-0.12424038347016259,0.004186420154309965,0.004145143750895947,0.7335588398752395,0.004186420154309965,0.1245662724536868,1
2834,0.164436994666519,-0.12681315719105118,0.00418574233105293,0.004145143750895947,0.7329984813491047,0.00418574233105293,0.12640991617408076,1
2835,0.164436994666519,-0.12681315719105118,0.00418574233105293,0.004145143750895947,0.7329984813491047,0.00418574233105293,0.12640991617408076,1
2836,0.162070183092867,-0.12724574661985388,0.004162914463644559,0.004145143750895947,0.7280381856327592,0.004162914463644559,0.12696172605401967,1
2837,0.162070183092867,-0.12724574661985388,0.004162914463644559,0.004145143750895947,0.7280381856327592,0.004162914463644559,0.12696172605401967,1
2838,0.15712858585277661,-0.12566167340354015,0.004191858311610798,0.004145143750895947,0.7331600294106699,0.004191858311610798,0.12643549969160997,1
2839,0.15786341128346634,-0.11544304833896417,0.004159855669942399,0.004145143750895947,0.7328919542857814,0.004159855669942399,0.1268506328812673,1
2840,0.16320082601800254,-0.11945379249906111,0.0041576902805406345,0.004145143750895947,0.7381532020982146,0.0041576902805406345,0.12825803918161613,1
2841,0.16281789665225216,-0.11430310878093136,0.0041817738209376015,0.004145143750895947,0.7385151179267786,0.0041817738209376015,0.1276152741526194,1
2842,0.1584903179892402,-0.11067000705375545,0.004243003116492651,0.004145143750895947,0.7272123255352433,0.004243003116492651,0.12905498886819675,1
2843,0.15746814223810363,-0.10148725842262747,0.004327800172804848,0.004145143750895947,0.7301317371744064,0.004327800172804848,0.12988174784717416,1
2844,0.16403283429832766,-0.10993783461970044,0.004241992277739085,0.004145143750895947,0.7208710675493314,0.004241992277739085,0.13126455421196284,1
2845,0.16403283429832766,-0.10993783461970044,0.004241992277739085,0.004145143750895947,0.7208710675493314,0.004241992277739085,0.13126455421196284,1
2846,0.16403283429832766,-0.10993783461970044,0.004241992277739085,0.004145143750895947,0.7208710675493314,0.004241992277739085,0.13126455421196284,1
2847,0.16861405113499583,-0.1082540691534608,0.004307028556425542,0.004145143750895947,0.7297871122174859,0.004307028556425542,0.13310445782170865,1
2848,0.1683053982998436,-0.1080708835581645,0.004310285755115454,0.004145143750895947,0.720528113298526,0.004310285755115454,0.1331337502789165,1
2849,0.167710973084264,-0.1086584438469837,0.0042594059630268735,0.004145143750895947,0.7204764017932892,0.0042594059630268735,0.13140021167404936,1
2850,0.167710973084264,-0.1086584438469837,0.0042594059630268735,0.004145143750895947,0.7204764017932892,0.0042594059630268735,0.13140021167404936,1
2851,0.167710973084264,-0.1086584438469837,0.0042594059630268735,0.004145143750895947,0.7204764017932892,0.0042594059630268735,0.13140021167404936,1
2852,0.167710973084264,-0.1086584438469837,0.0042594059630268735,0.004145143750895947,0.7204764017932892,0.0042594059630268735,0.13140021167404936,1
2853,0.17138741912152383,-0.10494628603899572,0.004310831042266488,0.004145143750895947,0.7299431605702306,0.004310831042266488,0.13220744021190275,1
2854,0.16414342619360248,-0.10895960281827663,0.0042677977118583,0.004145143750895947,0.7213633124228098,0.0042677977118583,0.1312441536604747,1
2855,0.16414342619360248,-0.10895960281827663,0.0042677977118583,0.004145143750895947,0.7213633124228098,0.0042677977118583,0.1312441536604747,1
2856,0.17269581260149786,-0.1092295143094865,0.004268344983090548,0.004145143750895947,0.7196467982923911,0.004268344983090548,0.13182835844150684,1
2857,0.17269581260149786,-0.1092295143094865,0.004268344983090548,0.004145143750895947,0.7196467982923911,0.004268344983090548,0.13182835844150684,1
2858,0.17573315610500548,-0.11823659984151619,0.004184958146589483,0.004145143750895947,0.7215896035280492,0.004184958146589483,0.13295415174479494,1
2859,0.17573315610500548,-0.11823659984151619,0.004184958146589483,0.004145143750895947,0.7215896035280492,0.004184958146589483,0.13295415174479494,1
2860,0.16528419362729882,-0.1216406458199018,0.004247983310102774,0.004145143750895947,0.7204291870091127,0.004247983310102774,0.13373937191310434,1
2861,0.16590182136539572,-0.11704594064602063,0.004301717378620283,0.004145143750895947,0.7279496071018222,0.004301717378620283,0.13303275082457322,1
2862,0.1733901417325857,-0.11488264776177867,0.0042689192058029445,0.004145143750895947,0.7277150954092421,0.0042689192058029445,0.1323114207363542,1
2863,0.16145085543756868,-0.11340475852965999,0.004314820516353982,0.004145143750895947,0.7214646679775317,0.004314820516353982,0.13228802120455346,1
2864,0.16145085543756868,-0.11340475852965999,0.004314820516353982,0.004145143750895947,0.7214646679775317,0.004314820516353982,0.13228802120455346,1
2865,0.16145085543756868,-0.11340475852965999,0.004314820516353982,0.004145143750895947,0.7214646679775317,0.004314820516353982,0.13228802120455346,1
2866,0.16145085543756868,-0.11340475852965999,0.004314820516353982,0.004145143750895947,0.7214646679775317,0.004314820516353982,0.13228802120455346,1
2867,0.16145085543756868,-0.11340475852965999,0.004314820516353982,0.004145143750895947,0.7214646679775317,0.004314820516353982,0.13228802120455346,1
2868,0.15776751458221022,-0.11471860649374473,0.004315264911768474,0.004145143750895947,0.7239964015481649,0.004315264911768474,0.13264464728263572,1
2869,0.16643129666147913,-0.11376103350631167,0.004279314477423478,0.004145143750895947,0.726745053113846,0.004279314477423478,0.13169286095162983,1
2870,0.16875510462399265,-0.11763116966932399,0.004270065830610571,0.004145143750895947,0.7332824750304212,0.004270065830610571,0.13263187652198852,1
2871,0.16632751672003315,-0.11932254652810517,0.004363306670963426,0.004145143750895947,0.7374350335297699,0.004363306670963426,0.13469756748600958,1
2872,0.16193869080260365,-0.11900345532863135,0.004372167926786701,0.004145143750895947,0.7339099122984751,0.004372167926786701,0.1357986177065814,1
2873,0.17045102865423253,-0.12024644812905133,0.004308856750195141,0.004145143750895947,0.7395904061437643,0.004308856750195141,0.13489788177945028,1
2874,0.1722557281117837,-0.123361716492235,0.004269035809942496,0.004145143750895947,0.7374873265717172,0.004269035809942496,0.13432260992904063,1
2875,0.17124910476745045,-0.12413589275207161,0.004236808419181421,0.004145143750895947,0.7380914260287899,0.004236808419181421,0.13323099457124235,1
2876,0.16669762918549905,-0.12215734454542315,0.004171318169555322,0.004145143750895947,0.7382278882983666,0.004171318169555322,0.13402351541891208,1
2877,0.16669762918549905,-0.12215734454542315,0.004171318169555322,0.004145143750895947,0.7382278882983666,0.004171318169555322,0.13402351541891208,1
2878,0.16394391046893783,-0.11765864278250722,0.004190003902349645,0.004145143750895947,0.7340807920735265,0.004190003902349645,0.13467218012766335,1
2879,0.1632060723527525,-0.11437139794759603,0.004188459082007499,0.004145143750895947,0.7401621403553065,0.004188459082007499,0.13312670489865913,1
2880,0.1646062406792785,-0.11329971364646202,0.00418365481983758,0.004145143750895947,0.7449479892040765,0.00418365481983758,0.13135970346157655,1
2881,0.1650214543369821,-0.11098906824570325,0.004231810796163477,0.004145143750895947,0.7484061164425201,0.004231810796163477,0.13240392222943834,1
2882,0.16385891110168313,-0.11391951980051813,0.0042431329688525825,0.004145143750895947,0.748603225019012,0.0042431329688525825,0.1321590249607296,1
2883,0.1611835916678581,-0.12077992534388367,0.00424324223688879,0.004145143750895947,0.7446065623138385,0.00424324223688879,0.1306837481737169,1
2884,0.1638915793494861,-0.12137133777016065,0.004251194590618731,0.004145143750895947,0.7418002017221109,0.004251194590618731,0.12969443153908317,1
2885,0.1648534878737702,-0.12261185805552637,0.004291720211246783,0.004145143750895947,0.7472407767554975,0.004291720211246783,0.13049589706146925,1
2886,0.15653767,-0.12082857325982181,0.004344930133625486,0.004145143750895947,0.7433664876940427,0.004344930133625486,0.12951791050295194,1
2887,0.16032519078691998,-0.12220248731548483,0.004362205604810552,0.004145143750895947,0.7448169744675369,0.004362205604810552,0.1315492006182905,1
2888,0.16105928018602902,-0.12015739830857561,0.004305674207421905,0.004145143750895947,0.7418683697593087,0.004305674207421905,0.13279139996677478,1
2889,0.16272664048717825,-0.12435834465471858,0.0042978773850021485,0.004145143750895947,0.7464681480872639,0.0042978773850021485,0.13294852453290557,1
2890,0.1617797853175353,-0.12422023380880869,0.004340278094765611,0.004145143750895947,0.7517517260651305,0.004340278094765611,0.1346999160158673,1
2891,0.16343864513419726,-0.12186545551577044,0.004325522933768827,0.004145143750895947,0.7627030705148259,0.004325522933768827,0.13557301076163125,1
2892,0.16343864513419726,-0.12186545551577044,0.004325522933768827,0.004145143750895947,0.7627030705148259,0.004325522933768827,0.13557301076163125,1
2893,0.15653767,-0.11917189410810361,0.0043005129681121905,0.004145143750895947,0.7532684174600102,0.0043005129681121905,0.1343370763646547,1
2894,0.16739212455739724,-0.12147089377983512,0.004306179812498323,0.004145143750895947,0.7479904782076062,0.004306179812498323,0.1359171935172055,1
2895,0.16992802422621706,-0.12030859539399887,0.0042949157037123886,0.004145143750895947,0.7466019928448149,0.0042949157037123886,0.13620088689673726,1
2896,0.17682859405893336,-0.12014771515128503,0.004233119647263489,0.004145143750895947,0.7369592495213504,0.004233119647263489,0.135558707029526,1
2897,0.17682859405893336,-0.12014771515128503,0.004233119647263489,0.004145143750895947,0.7369592495213504,0.004233119647263489,0.135558707029526,1
2898,0.18291368697777902,-0.1256657045822973,0.004259999298654147,0.004145143750895947,0.7373400054642462,0.004259999298654147,0.13595377655090035,1
2899,0.17574643483522473,-0.13486188767772764,0.0043045883034073095,0.004145143750895947,0.7368424098060729,0.0043045883034073095,0.1361354658456922,1
2900,0.17627186886974439,-0.13216730390187864,0.004312935516033062,0.004145143750895947,0.7276657058731897,0.004312935516033062,0.13409187544619902,1
2901,0.178521353558713,-0.12558134784355623,0.004264804829653636,0.004145143750895947,0.7316567120687436,0.004264804829653636,0.1337177085999939,1
2902,0.1791194769101313,-0.13486239512775014,0.004245504121852273,0.004145143750895947,0.7277680959374,0.004245504121852273,0.1336078751966786,1
2903,0.1821818523417121,-0.14075028556287655,0.004231348609984769,0.004145143750895947,0.7281731548422338,0.004231348609984769,0.1343367995355832,1
2904,0.1821818523417121,-0.14075028556287655,0.004231348609984769,0.004145143750895947,0.7281731548422338,0.004231348609984769,0.1343367995355832,1
2905,0.18460094047542924,-0.14770165681391018,0.004314281607738728,0.004145143750895947,0.7311317139213859,0.004314281607738728,0.13500344459309396,1
2906,0.18604135815983633,-0.15239986982048945,0.0044381946712252285,0.004145143750895947,0.7323215395155818,0.0044381946712252285,0.13466754336554565,1
2907,0.1888558989639982,-0.14682065908728922,0.0043496724160167035,0.004145143750895947,0.7364970467539196,0.0043496724160167035,0.1357760801046695,1
2908,0.1888558989639982,-0.14682065908728922,0.0043496724160167035,0.004145143750895947,0.7364970467539196,0.0043496724160167035,0.1357760801046695,1
2909,0.19387362904902417,-0.14367715615320964,0.004382051211594257,0.004145143750895947,0.7384526177057046,0.004382051211594257,0.13669756684439816,1
2910,0.19446979336912631,-0.1445493638920786,0.004366364411586464,0.004145143750895947,0.7391943947445605,0.004366364411586464,0.1360655406305722,1
2911,0.1971681853365607,-0.13426551092639444,0.004299374631974657,0.004145143750895947,0.7393801860215036,0.004299374631974657,0.13492373144836586,1
2912,0.19809310685627524,-0.1280682179643062,0.004268414684168231,0.004145143750895947,0.733767631466293,0.004268414684168231,0.13601545134805182,1
2913,0.20560489780264624,-0.12460376985044462,0.004348550809532192,0.004145143750895947,0.7453693120180015,0.004348550809532192,0.13616072618005223,1
2914,0.20560489780264624,-0.12460376985044462,0.004348550809532192,0.004145143750895947,0.7453693120180015,0.004348550809532192,0.13616072618005223,1
2915,0.2049815883554155,-0.12326781170301704,0.004396704094872584,0.004145143750895947,0.7511085221437113,0.004396704094872584,0.13543132188263637,1
2916,0.2053284013428561,-0.12901954957690875,0.004389829222852172,0.004145143750895947,0.7460910257921822,0.004389829222852172,0.13544070902069055,1
2917,0.21358335535627426,-0.1374683751312983,0.004530771767898323,0.004145143750895947,0.7380691172453508,0.004530771767898323,0.13439380909173784,1
2918,0.21214633679934033,-0.13367617768530715,0.004426022467940115,0.004145143750895947,0.7332846219650484,0.004426022467940115,0.13643228117411535,1
2919,0.2157763982153164,-0.137173359985562,0.00440707001646268,0.004145143750895947,0.7368795404692654,0.00440707001646268,0.1383357166026184,1
2920,0.2150727874115535,-0.1321748550713512,0.00434470372693806,0.004145143750895947,0.7289159413658851,0.00434470372693806,0.13771447718579105,1
2921,0.2064636724519862,-0.12624755227234832,0.0043243217035877565,0.004145143750895947,0.7234178478342823,0.0043243217035877565,0.13709103301727077,1
2922,0.21259748540856388,-0.12506986203904202,0.004349517252761957,0.004145143750895947,0.7216982694145715,0.004349517252761957,0.13591008827649106,1
2923,0.21259748540856388,-0.12506986203904202,0.004349517252761957,0.004145143750895947,0.7216982694145715,0.004349517252761957,0.13591008827649106,1
2924,0.21259748540856388,-0.12506986203904202,0.004349517252761957,0.004145143750895947,0.7216982694145715,0.004349517252761957,0.13591008827649106,1
2925,0.2142946891362312,-0.12552421283293194,0.0043002406142590936,0.004145143750895947,0.7273306039871578,0.0043002406142590936,0.13698061661982408,1
2926,0.21096010644014077,-0.12627517082593623,0.004237703620316415,0.004145143750895947,0.7224037242656706,0.004237703620316415,0.1368482294983821,1
2927,0.21518365709603954,-0.13069575136442133,0.004254500317803873,0.004145143750895947,0.7215382859226496,0.004254500317803873,0.13780631626506196,1
2928,0.22742915661729088,-0.1265613086205529,0.004369693477845506,0.004145143750895947,0.7236928507936171,0.004369693477845506,0.13736181685708135,1
2929,0.22500186708953057,-0.12674117303392257,0.0044585319835981985,0.004145143750895947,0.7301458902570961,0.0044585319835981985,0.135484291399464,1
2930,0.22500186708953057,-0.12674117303392257,0.0044585319835981985,0.004145143750895947,0.7301458902570961,0.0044585319835981985,0.135484291399464,1
2931,0.2215319191851915,-0.12748994300275288,0.004378632054472505,0.004145143750895947,0.7318603626998453,0.004378632054472505,0.13382901798099409,1
2932,0.22000037301191316,-0.13283954201499504,0.0045358778963103,0.004145143750895947,0.7286184203740069,0.0045358778963103,0.13280279465632913,1
2933,0.22004829739257312,-0.12031029135334023,0.004391663287007585,0.004145143750895947,0.7283878566376608,0.004391663287007585,0.13332543761004056,1
2934,0.21793040043203504,-0.12211194188334948,0.0044050161524407105,0.004145143750895947,0.724670562834335,0.0044050161524407105,0.1326591342362005,1
2935,0.2152428549851788,-0.12221288203648759,0.004384458255269591,0.004145143750895947,0.7274543522607697,0.004384458255269591,0.13367589675463537,1
2936,0.2152428549851788,-0.12221288203648759,0.004384458255269591,0.004145143750895947,0.7274543522607697,0.004384458255269591,0.13367589675463537,1
2937,0.2152428549851788,-0.12221288203648759,0.004384458255269591,0.004145143750895947,0.7274543522607697,0.004384458255269591,0.13367589675463537,1
2938,0.21188802599990614,-0.12217696905976665,0.004440845849721116,0.004145143750895947,0.7252093556148337,0.004440845849721116,0.13394306042238516,1
2939,0.21202239090836972,-0.12500437429375638,0.004541582715085131,0.004145143750895947,0.7274468403410652,0.004541582715085131,0.1325399931934067,1
2940,0.21202239090836972,-0.12500437429375638,0.004541582715085131,0.004145143750895947,0.7274468403410652,0.004541582715085131,0.1325399931934067,1
2941,0.21202239090836972,-0.12500437429375638,0.004541582715085131,0.004145143750895947,0.7274468403410652,0.004541582715085131,0.1325399931934067,1
2942,0.21202239090836972,-0.12500437429375638,0.004541582715085131,0.004145143750895947,0.7274468403410652,0.004541582715085131,0.1325399931934067,1
2943,0.21473642114668595,-0.12950192999984594,0.004703098181914518,0.004145143750895947,0.7335921747072967,0.004703098181914518,0.1310387062485484,1
2944,0.21190240415490358,-0.12965829635973947,0.004704797424938566,0.004145143750895947,0.723448826307842,0.004704797424938566,0.13081569567913734,1
2945,0.21190240415490358,-0.12965829635973947,0.004704797424938566,0.004145143750895947,0.723448826307842,0.004704797424938566,0.13081569567913734,1
2946,0.20683401895373862,-0.1299036921110656,0.004804089972619876,0.004145143750895947,0.7225469627207157,0.004804089972619876,0.12889468128524464,1
2947,0.20683401895373862,-0.1299036921110656,0.004804089972619876,0.004145143750895947,0.7225469627207157,0.004804089972619876,0.12889468128524464,1
2948,0.20683401895373862,-0.1299036921110656,0.004804089972619876,0.004145143750895947,0.7225469627207157,0.004804089972619876,0.12889468128524464,1
2949,0.2022044041801461,-0.12249840743471974,0.004757473683829104,0.004145143750895947,0.7220209069577489,0.004757473683829104,0.1273506998168156,1
2950,0.20721997927314764,-0.11743468192655479,0.0047408510636476175,0.004145143750895947,0.7321681249738897,0.0047408510636476175,0.126865425287654,1
2951,0.1997144294300954,-0.11297838974480832,0.00463281037370047,0.004145143750895947,0.7236566961000923,0.00463281037370047,0.12611923647706996,1
2952,0.1997144294300954,-0.11297838974480832,0.00463281037370047,0.004145143750895947,0.7236566961000923,0.00463281037370047,0.12611923647706996,1
2953,0.19768240558470598,-0.1065143349207287,0.004634659772825018,0.004145143750895947,0.7311181407190112,0.004634659772825018,0.1276345549357617,1
2954,0.19194786994835206,-0.10331923141805664,0.004519003169398576,0.004145143750895947,0.725032418675322,0.004519003169398576,0.12704848200725274,1
2955,0.19194786994835206,-0.10331923141805664,0.004519003169398576,0.004145143750895947,0.725032418675322,0.004519003169398576,0.12704848200725274,1
2956,0.1897072899023767,-0.10153418971270967,0.0045287673639863284,0.004145143750895947,0.7242824934494728,0.0045287673639863284,0.1268882151907207,1
2957,0.19072829793198254,-0.10185335183851099,0.004428703465447506,0.004145143750895947,0.7285920225107638,0.004428703465447506,0.12870624001332467,1
2958,0.1909670320563384,-0.10254234754980837,0.004436365956912543,0.004145143750895947,0.7255747269869937,0.004436365956912543,0.12787243883455277,1
2959,0.19358368423733208,-0.10449971546466498,0.004478604588946171,0.004145143750895947,0.7262516636342646,0.004478604588946171,0.12875165250660545,1
2960,0.18657973563619443,-0.10345230301295785,0.004460371527869733,0.004145143750895947,0.7230073196452695,0.004460371527869733,0.1272594945982443,1
2961,0.18121683702776964,-0.0971880342450294,0.004438988610069832,0.004145143750895947,0.7256190936911004,0.004438988610069832,0.12704168361620677,1
2962,0.18121683702776964,-0.0971880342450294,0.004438988610069832,0.004145143750895947,0.7256190936911004,0.004438988610069832,0.12704168361620677,1
2963,0.17048600375009576,-0.09317535344612995,0.0044170922041268336,0.004145143750895947,0.732906672666207,0.0044170922041268336,0.12613477269761378,1
2964,0.16703394940996952,-0.09607999506395831,0.004367873653569263,0.004145143750895947,0.7271985178943376,0.004367873653569263,0.1278054398401602,1
2965,0.16803173567585686,-0.08961467175743221,0.0043297178943013746,0.004145143750895947,0.7345336185158383,0.0043297178943013746,0.12782079938287388,1
2966,0.1669237227039746,-0.0862070487170374,0.004330096592873785,0.004145143750895947,0.7345537098667336,0.004330096592873785,0.12729433317840835,1
2967,0.1669237227039746,-0.0862070487170374,0.004330096592873785,0.004145143750895947,0.7345537098667336,0.004330096592873785,0.12729433317840835,1
2968,0.17184507466095078,-0.08295874955898655,0.004275717476726894,0.004145143750895947,0.7333202166272219,0.004275717476726894,0.12566791120334028,1
2969,0.17184507466095078,-0.08295874955898655,0.004275717476726894,0.004145143750895947,0.7333202166272219,0.004275717476726894,0.12566791120334028,1
2970,0.17500954902927127,-0.07403517465864207,0.004356475759061158,0.004145143750895947,0.7295821416412733,0.004356475759061158,0.125798383608542,1
2971,0.17532712375314938,-0.08139256366602628,0.00438332811918584,0.004145143750895947,0.7244796094124039,0.00438332811918584,0.12605609092477923,1
2972,0.17606029815854854,-0.08699379124661126,0.004391825170876453,0.004145143750895947,0.7261124051912312,0.004391825170876453,0.1262442512189383,1
2973,0.17713991392314282,-0.08824718688206282,0.004408759230501215,0.004145143750895947,0.7210819308566089,0.004408759230501215,0.12369006819894891,1
2974,0.1775746901510129,-0.08834829250311735,0.004341698917861726,0.004145143750895947,0.7210784872779393,0.004341698917861726,0.12270237550108001,1
2975,0.17854062434593904,-0.09750772670026131,0.0043220822246210645,0.004145143750895947,0.7304973002990989,0.0043220822246210645,0.12444560816345027,1
2976,0.1714591003143775,-0.09688096548072558,0.004317822383575017,0.004145143750895947,0.7365248519055092,0.004317822383575017,0.1250757384481466,1
2977,0.17631179106707326,-0.11203096109107238,0.004425439299183786,0.004145143750895947,0.7222008658052694,0.004425439299183786,0.12571148396707393,1
2978,0.17631179106707326,-0.11203096109107238,0.004425439299183786,0.004145143750895947,0.7222008658052694,0.004425439299183786,0.12571148396707393,1
2979,0.17631179106707326,-0.11203096109107238,0.004425439299183786,0.004145143750895947,0.7222008658052694,0.004425439299183786,0.12571148396707393,1
2980,0.17286696132375318,-0.11143711435967196,0.004490673545742481,0.004145143750895947,0.7299416310373295,0.004490673545742481,0.1258017627727451,1
2981,0.1754796882786502,-0.11753135987718337,0.004608310087816633,0.004145143750895947,0.725816640021697,0.004608310087816633,0.1252337762338901,1
2982,0.17568605847944063,-0.1197474163656775,0.004565887563689779,0.004145143750895947,0.7247966228630293,0.004565887563689779,0.12597161883780514,1
2983,0.17568605847944063,-0.1197474163656775,0.004565887563689779,0.004145143750895947,0.7247966228630293,0.004565887563689779,0.12597161883780514,1
2984,0.17568605847944063,-0.1197474163656775,0.004565887563689779,0.004145143750895947,0.7247966228630293,0.004565887563689779,0.12597161883780514,1
2985,0.16838955064682143,-0.1172177955242809,0.0044033613235919325,0.004145143750895947,0.7264108911985644,0.0044033613235919325,0.1261866940793119,1
2986,0.16479452606132056,-0.1089024731535357,0.004377028211037769,0.004145143750895947,0.7397780360957023,0.004377028211037769,0.12812888155616975,1
2987,0.15653767,-0.1050627341862852,0.004331160028129799,0.004145143750895947,0.7403609527986335,0.004331160028129799,0.1280970284741539,1
2988,0.15653767,-0.10244114144025798,0.0042959173722621705,0.004145143750895947,0.744601471324317,0.0042959173722621705,0.1291213036850541,1
2989,0.15653767,-0.11059221446451414,0.004264048433622124,0.004145143750895947,0.7516396350313986,0.004264048433622124,0.12997788762830922,1
2990,0.15662594682010358,-0.11897562994417621,0.004335573242069885,0.004145143750895947,0.7575469537399252,0.004335573242069885,0.13210036164299427,1
2991,0.15653767,-0.11787064667429456,0.004382170128364642,0.004145143750895947,0.7598727329772819,0.004382170128364642,0.1327147396266308,1
2992,0.16255362004261945,-0.12043924549144877,0.004421060819234981,0.004145143750895947,0.7675033868891064,0.004421060819234981,0.1312059057262787,1
2993,0.1648470841609455,-0.11685899484404362,0.004305845445039208,0.004145143750895947,0.7619056266956922,0.004305845445039208,0.13292293759321558,1
2994,0.1640606823017561,-0.11550308832270534,0.0042775583612087,0.004145143750895947,0.760639982266305,0.0042775583612087,0.13261840623428778,1
2995,0.15944812135626563,-0.11554584919519922,0.004277000672857551,0.004145143750895947,0.7614477474441113,0.004277000672857551,0.13377995864067205,1
2996,0.16675693498905356,-0.11352575741083552,0.004255066584072383,0.004145143750895947,0.7618696488698049,0.004255066584072383,0.13279711986399442,1
2997,0.16188749113440995,-0.1112567037715176,0.004275732250955672,0.004145143750895947,0.7582144037966008,0.004275732250955672,0.13316594365828147,1
2998,0.16188749113440995,-0.1112567037715176,0.004275732250955672,0.004145143750895947,0.7582144037966008,0.004275732250955672,0.13316594365828147,1
2999,0.15653767,-0.11495754688793372,0.004300570251791395,0.004145143750895947,0.7532019800476624,0.004300570251791395,0.13007853012961496,1
3000,0.15653767,-0.11495754688793372,0.004300570251791395,0.004145143750895947,0.7532019800476624,0.004300570251791395,0.13007853012961496,1
3001,0.15653767,-0.1141711886912884,0.0043479216506490575,0.004145143750895947,0.7526397469734322,0.0043479216506490575,0.13218889046776716,1
3002,0.15653767,-0.1141711886912884,0.0043479216506490575,0.004145143750895947,0.7526397469734322,0.0043479216506490575,0.13218889046776716,1
3003,0.15832710306260042,-0.12130489535477021,0.004332353386137213,0.004145143750895947,0.7535196414314674,0.004332353386137213,0.1325748519330203,1
3004,0.1569134557173139,-0.12100476735554057,0.004322893748043748,0.004145143750895947,0.7394975988980192,0.004322893748043748,0.13149966839022,1
3005,0.16125994800277418,-0.12401030608367614,0.004343426265994796,0.004145143750895947,0.7351947442383969,0.004343426265994796,0.13137105150705033,1
3006,0.16448111032043233,-0.12025653928982807,0.004258230954806684,0.004145143750895947,0.7360391318718622,0.004258230954806684,0.12985334892018424,1
3007,0.1652678578453358,-0.11826180524999864,0.004249164564306763,0.004145143750895947,0.7382241890570473,0.004249164564306763,0.1297834750863721,1
3008,0.16378294043362943,-0.11039788560342266,0.0042230519999837905,0.004145143750895947,0.747328216637755,0.0042230519999837905,0.1302033342137877,1
3009,0.16378294043362943,-0.11039788560342266,0.0042230519999837905,0.004145143750895947,0.747328216637755,0.0042230519999837905,0.1302033342137877,1
3010,0.17062090371496474,-0.11649515751639078,0.004247626657413012,0.004145143750895947,0.7446475502022195,0.004247626657413012,0.13088021373263775,1
3011,0.18000226390425036,-0.11749312795889465,0.004300167022637449,0.004145143750895947,0.7445901503409925,0.004300167022637449,0.13014556297446597,1
3012,0.18190899965959575,-0.119301963770066,0.004334458095585916,0.004145143750895947,0.7598727475186493,0.004334458095585916,0.1301988691006544,1
3013,0.18190899965959575,-0.119301963770066,0.004334458095585916,0.004145143750895947,0.7598727475186493,0.004334458095585916,0.1301988691006544,1
3014,0.1735938570503789,-0.12273124789242648,0.004376035539553467,0.004145143750895947,0.7630370072476932,0.004376035539553467,0.12855542106694878,1
3015,0.17551010865025315,-0.1247522410422204,0.00444226214614552,0.004145143750895947,0.7651235839169056,0.00444226214614552,0.1288337444339061,1
3016,0.16684264903737173,-0.12877987108589334,0.004451425509444771,0.004145143750895947,0.7685799126411754,0.004451425509444771,0.1286541015715168,1
3017,0.16025172997738407,-0.1325013865564949,0.004485616065956661,0.004145143750895947,0.7631312673515204,0.004485616065956661,0.12735746899658587,1
3018,0.1577250530151404,-0.13226106972483778,0.00448030242903427,0.004145143750895947,0.762722732433277,0.00448030242903427,0.1277676203222301,1
3019,0.15653767,-0.13023019099298833,0.004442209040343207,0.004145143750895947,0.7618746370689541,0.004442209040343207,0.1272490006276149,1
3020,0.15653767,-0.12469856731292721,0.004293098242305381,0.004145143750895947,0.7601870620271519,0.004293098242305381,0.12810993160370315,1
3021,0.15653767,-0.12454462012005037,0.004280439387063121,0.004145143750895947,0.7687046315528864,0.004280439387063121,0.1280187264427145,1
3022,0.15653767,-0.12454462012005037,0.004280439387063121,0.004145143750895947,0.7687046315528864,0.004280439387063121,0.1280187264427145,1
3023,0.15653767,-0.12454462012005037,0.004280439387063121,0.004145143750895947,0.7687046315528864,0.004280439387063121,0.1280187264427145,1
3024,0.15653767,-0.12634853562224269,0.004264307458946105,0.004145143750895947,0.7600783372175299,0.004264307458946105,0.12885765811426972,1
3025,0.15653767,-0.1261008537779668,0.00426085182461339,0.004145143750895947,0.7526823101186464,0.00426085182461339,0.12929985087757773,1
3026,0.15653767,-0.12236389772437119,0.004235672172958163,0.004145143750895947,0.7620657615531182,0.004235672172958163,0.1288244625671707,1
3027,0.15657678659897264,-0.1214877706550619,0.004224772395350098,0.004145143750895947,0.7613962380531379,0.004224772395350098,0.1284182836949106,1
3028,0.15657678659897264,-0.1214877706550619,0.004224772395350098,0.004145143750895947,0.7613962380531379,0.004224772395350098,0.1284182836949106,1
3029,0.15653767,-0.13014958411762695,0.004312808125433495,0.004145143750895947,0.7622503787168886,0.004312808125433495,0.12838175928911424,1
3030,0.15653767,-0.13014958411762695,0.004312808125433495,0.004145143750895947,0.7622503787168886,0.004312808125433495,0.12838175928911424,1
3031,0.15653767,-0.12970808265249673,0.004318357028651999,0.004145143750895947,0.764470311286203,0.004318357028651999,0.12972737582755142,1
3032,0.1654867503131065,-0.12953553633868817,0.004324396077344158,0.004145143750895947,0.7585783339091746,0.004324396077344158,0.12993926050711227,1
3033,0.16238453741115544,-0.13904764997708485,0.0044031736878160825,0.004145143750895947,0.747374112219921,0.0044031736878160825,0.12986924215598195,1
3034,0.15653767,-0.13632939617592893,0.004369470220842732,0.004145143750895947,0.7550867107676205,0.004369470220842732,0.13102306949075632,1
3035,0.16023126546651445,-0.1350239949025824,0.0043388174766312735,0.004145143750895947,0.7561714286551805,0.0043388174766312735,0.13312960648844166,1
3036,0.16142829789832427,-0.13571188395209038,0.004366578862497521,0.004145143750895947,0.7508241775005746,0.004366578862497521,0.1331756727246534,1
3037,0.17003319999255118,-0.13945827070749997,0.0044071789584728014,0.004145143750895947,0.7466790299190533,0.0044071789584728014,0.13392718146273483,1
3038,0.17388908480023582,-0.13600716275496494,0.004315216544904898,0.004145143750895947,0.7422786584930624,0.004315216544904898,0.133203052335483,1
3039,0.16736540583087492,-0.1344775578763195,0.004279203308064664,0.004145143750895947,0.7367350480112325,0.004279203308064664,0.1299468240640996,1
3040,0.16736540583087492,-0.1344775578763195,0.004279203308064664,0.004145143750895947,0.7367350480112325,0.004279203308064664,0.1299468240640996,1
3041,0.17296153654538454,-0.12638090794233425,0.004228936839527583,0.004145143750895947,0.7415763415099187,0.004228936839527583,0.1320328176170597,1
3042,0.17073017480338626,-0.13245066469324346,0.004222968776594178,0.004145143750895947,0.7271936248556656,0.004222968776594178,0.13031406660005962,1
3043,0.17073017480338626,-0.13245066469324346,0.004222968776594178,0.004145143750895947,0.7271936248556656,0.004222968776594178,0.13031406660005962,1
3044,0.1626780109313868,-0.12079359646899511,0.00409993856914173,0.00409993856914173,0.7337129515891275,0.00409993856914173,0.1272914425444367,1
3045,0.1626780109313868,-0.12079359646899511,0.00409993856914173,0.00409993856914173,0.7337129515891275,0.00409993856914173,0.1272914425444367,1
3046,0.16169070125257717,-0.12512174798841227,0.004163550172399269,0.00409993856914173,0.7264967354030596,0.004163550172399269,0.12544502827067158,1
3047,0.16169070125257717,-0.12512174798841227,0.004163550172399269,0.00409993856914173,0.7264967354030596,0.004163550172399269,0.12544502827067158,1
3048,0.16169070125257717,-0.12512174798841227,0.004163550172399269,0.00409993856914173,0.7264967354030596,0.004163550172399269,0.12544502827067158,1
3049,0.16270272646412193,-0.12152367175257682,0.0041617748883347235,0.00409993856914173,0.7334235105354593,0.0041617748883347235,0.12385194764044197,1
3050,0.1622291421634877,-0.12577899193437667,0.004207944518715361,0.00409993856914173,0.7409348799827576,0.004207944518715361,0.12491313650134091,1
3051,0.1622291421634877,-0.12577899193437667,0.004207944518715361,0.00409993856914173,0.7409348799827576,0.004207944518715361,0.12491313650134091,1
3052,0.1597089172555808,-0.12278292092020772,0.004146460553421216,0.00409993856914173,0.7349069058093807,0.004146460553421216,0.1251832069932667,1
3053,0.1597089172555808,-0.12278292092020772,0.004146460553421216,0.00409993856914173,0.7349069058093807,0.004146460553421216,0.1251832069932667,1
3054,0.15810661985014476,-0.10964096330222808,0.004107939798893239,0.00409993856914173,0.7417399822891917,0.004107939798893239,0.12592688183831924,1
3055,0.15653767,-0.11302397503863952,0.004117669360465126,0.00409993856914173,0.731653915613795,0.004117669360465126,0.1256100763488958,1
3056,0.15653767,-0.11898978385215961,0.004121210137437962,0.00409993856914173,0.7253150396101872,0.004121210137437962,0.12439628931188057,1
3057,0.16087019088239074,-0.11836456880297994,0.004127823490789337,0.00409993856914173,0.721523509812268,0.004127823490789337,0.12309804945133519,1
3058,0.16087019088239074,-0.11836456880297994,0.004127823490789337,0.00409993856914173,0.721523509812268,0.004127823490789337,0.12309804945133519,1
3059,0.16087019088239074,-0.11836456880297994,0.004127823490789337,0.00409993856914173,0.721523509812268,0.004127823490789337,0.12309804945133519,1
3060,0.16087019088239074,-0.11836456880297994,0.004127823490789337,0.00409993856914173,0.721523509812268,0.004127823490789337,0.12309804945133519,1
3061,0.16087019088239074,-0.11836456880297994,0.004127823490789337,0.00409993856914173,0.721523509812268,0.004127823490789337,0.12309804945133519,1
3062,0.16087019088239074,-0.11836456880297994,0.004127823490789337,0.00409993856914173,0.721523509812268,0.004127823490789337,0.12309804945133519,1
3063,0.16087019088239074,-0.11836456880297994,0.004127823490789337,0.00409993856914173,0.721523509812268,0.004127823490789337,0.12309804945133519,1
3064,0.16087019088239074,-0.11836456880297994,0.004127823490789337,0.00409993856914173,0.721523509812268,0.004127823490789337,0.12309804945133519,1
3065,0.16087019088239074,-0.11836456880297994,0.004127823490789337,0.00409993856914173,0.721523509812268,0.004127823490789337,0.12309804945133519,1
3066,0.16087019088239074,-0.11836456880297994,0.004127823490789337,0.00409993856914173,0.721523509812268,0.004127823490789337,0.12309804945133519,1
3067,0.16087019088239074,-0.11836456880297994,0.004127823490789337,0.00409993856914173,0.721523509812268,0.004127823490789337,0.12309804945133519,1
3068,0.16087019088239074,-0.11836456880297994,0.004127823490789337,0.00409993856914173,0.721523509812268,0.004127823490789337,0.12309804945133519,1
3069,0.16963077273772406,-0.12008014341443209,0.0042188323451545955,0.00409993856914173,0.722561557021316,0.0042188323451545955,0.12344972516442948,1
3070,0.16963077273772406,-0.12008014341443209,0.0042188323451545955,0.00409993856914173,0.722561557021316,0.0042188323451545955,0.12344972516442948,1
3071,0.16963077273772406,-0.12008014341443209,0.0042188323451545955,0.00409993856914173,0.722561557021316,0.0042188323451545955,0.12344972516442948,1
3072,0.16456122575597718,-0.1201514573471044,0.004203981923377416,0.00409993856914173,0.7221327206973004,0.004203981923377416,0.12318277387159889,1
3073,0.16456122575597718,-0.1201514573471044,0.004203981923377416,0.00409993856914173,0.7221327206973004,0.004203981923377416,0.12318277387159889,1
3074,0.16578228911089526,-0.11980809369956945,0.004210497070221489,0.00409993856914173,0.7286446257878262,0.004210497070221489,0.12192044781306476,1
3075,0.16488971068347444,-0.1131812525228819,0.004099748891688359,0.004099748891688359,0.7258901917187023,0.004099748891688359,0.12140560786844415,1
3076,0.16485497461350904,-0.10991323745850172,0.004074184736295606,0.004074184736295606,0.7269408984316411,0.004074184736295606,0.12240777182433617,1
3077,0.16745531794269078,-0.10882006265105852,0.004152313120041617,0.004074184736295606,0.7371569017716347,0.004152313120041617,0.12258516602566237,1
3078,0.16731327756959857,-0.11107319796953899,0.004190300145337293,0.004074184736295606,0.741550761187274,0.004190300145337293,0.12408062799232239,1
3079,0.16142791426596226,-0.11383901761143628,0.004216156947056444,0.004074184736295606,0.7366622965315037,0.004216156947056444,0.12342361875651739,1
3080,0.15817326341713353,-0.11905675928861287,0.004257053346539345,0.004074184736295606,0.7417599327627831,0.004257053346539345,0.12234248698620295,1
3081,0.15653767,-0.12079339287959938,0.004262358108251889,0.004074184736295606,0.7447850217738398,0.004262358108251889,0.12228515050255172,1
3082,0.15809830788507617,-0.11935142961851716,0.004178077538988793,0.004074184736295606,0.737795959584232,0.004178077538988793,0.12240506916094812,1
3083,0.15809830788507617,-0.11935142961851716,0.004178077538988793,0.004074184736295606,0.737795959584232,0.004178077538988793,0.12240506916094812,1
3084,0.15809830788507617,-0.11935142961851716,0.004178077538988793,0.004074184736295606,0.737795959584232,0.004178077538988793,0.12240506916094812,1
3085,0.15653767,-0.11871005754304051,0.004102082313964991,0.004074184736295606,0.7341751903845758,0.004102082313964991,0.12257013711427588,1
3086,0.15653767,-0.11184439913870481,0.004027177070135727,0.004027177070135727,0.7313605804633486,0.004027177070135727,0.12253828092763691,1
3087,0.15653767,-0.10752165794347116,0.004039487018819375,0.004027177070135727,0.7267273058536096,0.004039487018819375,0.12124978443699527,1
3088,0.15653767,-0.11136022905134092,0.004008775005598344,0.004008775005598344,0.7211348644744657,0.004008775005598344,0.12187592400569376,1
3089,0.15653767,-0.11136022905134092,0.004008775005598344,0.004008775005598344,0.7211348644744657,0.004008775005598344,0.12187592400569376,1
3090,0.15653767,-0.11136022905134092,0.004008775005598344,0.004008775005598344,0.7211348644744657,0.004008775005598344,0.12187592400569376,1
3091,0.15734449379442103,-0.11175392644526881,0.003975930340254954,0.003975930340254954,0.7245691493579082,0.003975930340254954,0.12257633358116372,1
3092,0.16305204490522723,-0.11003584662775229,0.0040582844613645305,0.003975930340254954,0.7295292423151177,0.0040582844613645305,0.12488724628313026,1
3093,0.16024418079583003,-0.11786558922433041,0.004079767082427983,0.003975930340254954,0.7369850930100653,0.004079767082427983,0.12698092092632846,1
3094,0.16191489465702624,-0.11309088256670204,0.004075622952038393,0.003975930340254954,0.736507547953983,0.004075622952038393,0.1248830853718586,1
3095,0.15838886950057257,-0.11848024230642905,0.004075887762749984,0.003975930340254954,0.7363582295190331,0.004075887762749984,0.1265244841969418,1
3096,0.16464668086837672,-0.11700158412531689,0.004075959973334472,0.003975930340254954,0.7352077913802094,0.004075959973334472,0.12540807626900144,1
3097,0.16768432958624394,-0.10902385203019974,0.004104795414030178,0.003975930340254954,0.7335961783044541,0.004104795414030178,0.1234777788357703,1
3098,0.1679642956790161,-0.10673282080932422,0.004090381585801312,0.003975930340254954,0.7327258617990078,0.004090381585801312,0.12285881687240047,1
3099,0.16287763105351163,-0.0978640395504514,0.004063050913430935,0.003975930340254954,0.7356609746892552,0.004063050913430935,0.12089205979472463,1
3100,0.16287763105351163,-0.0978640395504514,0.004063050913430935,0.003975930340254954,0.7356609746892552,0.004063050913430935,0.12089205979472463,1
3101,0.16287763105351163,-0.0978640395504514,0.004063050913430935,0.003975930340254954,0.7356609746892552,0.004063050913430935,0.12089205979472463,1
3102,0.16028212776632003,-0.09700936044914063,0.0040704382390087,0.003975930340254954,0.737409752133963,0.0040704382390087,0.1201903522457986,1
3103,0.16028212776632003,-0.09700936044914063,0.0040704382390087,0.003975930340254954,0.737409752133963,0.0040704382390087,0.1201903522457986,1
3104,0.1687368775222913,-0.08885986604582821,0.0041255169107434295,0.003975930340254954,0.7387914453915345,0.0041255169107434295,0.12188417999756722,1
3105,0.17056748012222953,-0.09545100249563981,0.0040970210133806605,0.003975930340254954,0.7336750944126067,0.0040970210133806605,0.12152162672187532,1
3106,0.17056748012222953,-0.09545100249563981,0.0040970210133806605,0.003975930340254954,0.7336750944126067,0.0040970210133806605,0.12152162672187532,1
3107,0.16261431363216539,-0.08955045284435917,0.004082551144033389,0.003975930340254954,0.7407336224597856,0.004082551144033389,0.12136605693350257,1
3108,0.16261431363216539,-0.08955045284435917,0.004082551144033389,0.003975930340254954,0.7407336224597856,0.004082551144033389,0.12136605693350257,1
3109,0.16261431363216539,-0.08955045284435917,0.004082551144033389,0.003975930340254954,0.7407336224597856,0.004082551144033389,0.12136605693350257,1
3110,0.1722485402285347,-0.08587767846549664,0.004067208797502714,0.003975930340254954,0.7419457528570171,0.004067208797502714,0.1213063505598823,1
3111,0.17371781814696458,-0.08522536735815585,0.0040523349259249325,0.003975930340254954,0.74058206445653,0.0040523349259249325,0.12147561900679849,1
3112,0.17371781814696458,-0.08522536735815585,0.0040523349259249325,0.003975930340254954,0.74058206445653,0.0040523349259249325,0.12147561900679849,1
3113,0.17149613813680673,-0.07780076181710421,0.004024676126862465,0.003975930340254954,0.7417511313304954,0.004024676126862465,0.1217752364782173,1
3114,0.17149613813680673,-0.07780076181710421,0.004024676126862465,0.003975930340254954,0.7417511313304954,0.004024676126862465,0.1217752364782173,1
3115,0.17724588697206634,-0.08586982406809783,0.0040152204827287085,0.003975930340254954,0.7383762980733801,0.0040152204827287085,0.12211422684498731,1
3116,0.17724588697206634,-0.08586982406809783,0.0040152204827287085,0.003975930340254954,0.7383762980733801,0.0040152204827287085,0.12211422684498731,1
3117,0.17724588697206634,-0.08586982406809783,0.0040152204827287085,0.003975930340254954,0.7383762980733801,0.0040152204827287085,0.12211422684498731,1
3118,0.17412334570799445,-0.09271626236454483,0.004042822785698146,0.003975930340254954,0.7276147044230618,0.004042822785698146,0.12401446320178634,1
3119,0.18342792004859132,-0.0955576464022332,0.004104625128892309,0.003975930340254954,0.7307865987135612,0.004104625128892309,0.12404187789491199,1
3120,0.18342792004859132,-0.0955576464022332,0.004104625128892309,0.003975930340254954,0.7307865987135612,0.004104625128892309,0.12404187789491199,1
3121,0.1844072196044026,-0.09313259393519487,0.004103458100247526,0.003975930340254954,0.7334842375143766,0.004103458100247526,0.12302304627108064,1
3122,0.1787951296507782,-0.09576569739261118,0.004055318645444516,0.003975930340254954,0.7393791498440032,0.004055318645444516,0.12240346225075731,1
3123,0.18073156165929347,-0.09726036487020753,0.004120651919875085,0.003975930340254954,0.7414984684158169,0.004120651919875085,0.12212159056613552,1
3124,0.18155839763625345,-0.10177821056103256,0.004109453186722582,0.003975930340254954,0.7512730269946527,0.004109453186722582,0.12291462218082785,1
3125,0.17427722082077962,-0.10159901020280486,0.0040613747907367066,0.003975930340254954,0.7513757429674561,0.0040613747907367066,0.12181748439610003,1
3126,0.1747388889359492,-0.09931927009064712,0.004043643811828382,0.003975930340254954,0.7456909086163905,0.004043643811828382,0.1224432108842875,1
3127,0.17435777062453764,-0.10558751775226824,0.004019584265998691,0.003975930340254954,0.7383530244888864,0.004019584265998691,0.12126154049800753,1
3128,0.16805217652106436,-0.1017578584855144,0.004000920531172449,0.003975930340254954,0.7334222651514946,0.004000920531172449,0.12230779648906857,1
3129,0.161380344696151,-0.10095144932974945,0.0040510006429412505,0.003975930340254954,0.746245063628999,0.0040510006429412505,0.12170355328298088,1
3130,0.161380344696151,-0.10095144932974945,0.0040510006429412505,0.003975930340254954,0.746245063628999,0.0040510006429412505,0.12170355328298088,1
3131,0.1612714575600336,-0.09578281640941229,0.004041850037018558,0.003975930340254954,0.7479287247076359,0.004041850037018558,0.12202260993322513,1
3132,0.15902063231738234,-0.09113684955230088,0.004051185041310688,0.003975930340254954,0.7545144967596537,0.004051185041310688,0.12190598402801761,1
3133,0.16228773598858076,-0.08422780704988293,0.004100556187513529,0.003975930340254954,0.7633228589058979,0.004100556187513529,0.12292395862386264,1
3134,0.16228773598858076,-0.08422780704988293,0.004100556187513529,0.003975930340254954,0.7633228589058979,0.004100556187513529,0.12292395862386264,1
3135,0.16228773598858076,-0.08422780704988293,0.004100556187513529,0.003975930340254954,0.7633228589058979,0.004100556187513529,0.12292395862386264,1
3136,0.16152978679913482,-0.08808978347576664,0.004042608696456023,0.003975930340254954,0.7556256439897449,0.004042608696456023,0.12305085314984511,1
3137,0.1652282702637112,-0.07738782403756023,0.00405198082029921,0.003975930340254954,0.7540949897529242,0.00405198082029921,0.12369313910222975,1
3138,0.1652282702637112,-0.07738782403756023,0.00405198082029921,0.003975930340254954,0.7540949897529242,0.00405198082029921,0.12369313910222975,1
3139,0.15981274944885518,-0.07617265091436719,0.004067627253739773,0.003975930340254954,0.7462951531281858,0.004067627253739773,0.12226661599826368,1
3140,0.1579270462436356,-0.07421379816164086,0.004159969826776642,0.003975930340254954,0.7518138193469859,0.004159969826776642,0.1233897410647079,1
3141,0.15653767,-0.07827238330978874,0.004100793636205222,0.003975930340254954,0.7666201241370226,0.004100793636205222,0.12226325151395862,1
3142,0.15653767,-0.07827238330978874,0.004100793636205222,0.003975930340254954,0.7666201241370226,0.004100793636205222,0.12226325151395862,1
3143,0.15653767,-0.07276468999999999,0.004107331843789646,0.003975930340254954,0.7579222787363867,0.004107331843789646,0.12260904060378493,1
3144,0.15653767,-0.07276468999999999,0.004091429373408032,0.003975930340254954,0.7485006555095177,0.004091429373408032,0.12086580576077417,1
3145,0.15931279747950355,-0.0781199872067162,0.004155798159792877,0.003975930340254954,0.7568197391509748,0.004155798159792877,0.12249102716317757,1
3146,0.15653767,-0.08262536689015958,0.004132736531171631,0.003975930340254954,0.7564597619989816,0.004132736531171631,0.12188429202671687,1
3147,0.15653767,-0.08262536689015958,0.004132736531171631,0.003975930340254954,0.7564597619989816,0.004132736531171631,0.12188429202671687,1
3148,0.15653767,-0.08600690468308246,0.004101477389814916,0.003975930340254954,0.7473486593679476,0.004101477389814916,0.12150710890715591,1
3149,0.15653767,-0.08600690468308246,0.004101477389814916,0.003975930340254954,0.7473486593679476,0.004101477389814916,0.12150710890715591,1
3150,0.15653767,-0.08383416398200955,0.004100193164171588,0.003975930340254954,0.7648689981996688,0.004100193164171588,0.12205944412770452,1
3151,0.15728419726384538,-0.09536578292964701,0.004099673784087749,0.003975930340254954,0.7683090250134263,0.004099673784087749,0.12176172591532015,1
3152,0.15653767,-0.09450937657645926,0.0041103784355762465,0.003975930340254954,0.7696531148740582,0.0041103784355762465,0.12272031999225858,1
3153,0.15653767,-0.09719084702897515,0.004115116446545724,0.003975930340254954,0.7675134803317414,0.004115116446545724,0.12285856422113926,1
3154,0.15653767,-0.09719084702897515,0.004115116446545724,0.003975930340254954,0.7675134803317414,0.004115116446545724,0.12285856422113926,1
3155,0.15977038773721372,-0.10255175078065651,0.004163290828527374,0.003975930340254954,0.7617867155333223,0.004163290828527374,0.1261862149856513,1
3156,0.16121505907771713,-0.09806081463827089,0.004196632494589245,0.003975930340254954,0.7639040653425321,0.004196632494589245,0.1261938856354808,1
3157,0.16311292200735297,-0.10796135412836516,0.004174312599051372,0.003975930340254954,0.7622496188704596,0.004174312599051372,0.12672689524320907,1
3158,0.16103378339612065,-0.11231119221390715,0.004159043625767317,0.003975930340254954,0.7632480121691437,0.004159043625767317,0.1262021954807134,1
3159,0.16387476423202074,-0.11526263472435119,0.004199321648620684,0.003975930340254954,0.7618868687935432,0.004199321648620684,0.12656738518588143,1
3160,0.16387476423202074,-0.11526263472435119,0.004199321648620684,0.003975930340254954,0.7618868687935432,0.004199321648620684,0.12656738518588143,1
3161,0.15653767,-0.11817277445720921,0.004134854513107634,0.003975930340254954,0.7507148985034633,0.004134854513107634,0.12717563382672162,1
3162,0.15653767,-0.11803066935450075,0.004190574541550861,0.003975930340254954,0.7581952305331583,0.004190574541550861,0.12753492416606335,1
3163,0.1610426228194106,-0.11641856130760823,0.0041832410183238605,0.003975930340254954,0.7564544124501195,0.0041832410183238605,0.12530928171679867,1
3164,0.16605423686480567,-0.1143044639925348,0.0041052300868234136,0.003975930340254954,0.7546533943173038,0.0041052300868234136,0.12612743302222768,1
3165,0.17560638241526624,-0.11439863717793136,0.004157668666543343,0.003975930340254954,0.756901029576403,0.004157668666543343,0.12576786674191057,1
3166,0.17560638241526624,-0.11439863717793136,0.004157668666543343,0.003975930340254954,0.756901029576403,0.004157668666543343,0.12576786674191057,1
3167,0.17560638241526624,-0.11439863717793136,0.004157668666543343,0.003975930340254954,0.756901029576403,0.004157668666543343,0.12576786674191057,1
3168,0.1735430847113288,-0.114585577091008,0.004110833440338566,0.003975930340254954,0.7588923750980491,0.004110833440338566,0.12548835803987526,1
3169,0.1708656647712129,-0.11521540948183889,0.004075603533109333,0.003975930340254954,0.7495344200549877,0.004075603533109333,0.12670600435561005,1
3170,0.17420656189373998,-0.11056707511827202,0.004085348416828665,0.003975930340254954,0.7490714276744024,0.004085348416828665,0.1258482656441487,1
3171,0.17420656189373998,-0.11056707511827202,0.004085348416828665,0.003975930340254954,0.7490714276744024,0.004085348416828665,0.1258482656441487,1
3172,0.17436354762986062,-0.10731471935185476,0.004041851963042012,0.003975930340254954,0.7282758799736808,0.004041851963042012,0.12454850667813977,1
3173,0.1658511436706714,-0.11021265458047061,0.003965244989790719,0.003965244989790719,0.7293806382999001,0.003965244989790719,0.12700986827596894,1
3174,0.15653767,-0.1181062109665284,0.004015122840806153,0.003965244989790719,0.7199603183101518,0.004015122840806153,0.12694291401175628,1
3175,0.15653767,-0.11560081644096568,0.0039680545747636815,0.003965244989790719,0.7207768412031142,0.0039680545747636815,0.12784864289105816,1
3176,0.15653767,-0.11086536632765968,0.003962566650996521,0.003962566650996521,0.7314303820065998,0.003962566650996521,0.12800528697957264,1
3177,0.15653767,-0.11119607960536769,0.0039223954044950455,0.0039223954044950455,0.7283280774839846,0.0039223954044950455,0.12820753236711963,1
3178,0.15653767,-0.10905185592337571,0.0039245344192556,0.0039223954044950455,0.7321454813896762,0.0039245344192556,0.12801995264537416,1
3179,0.15653767,-0.10905185592337571,0.0039245344192556,0.0039223954044950455,0.7321454813896762,0.0039245344192556,0.12801995264537416,1
3180,0.15653767,-0.10905185592337571,0.0039245344192556,0.0039223954044950455,0.7321454813896762,0.0039245344192556,0.12801995264537416,1
3181,0.15653767,-0.11768454834936161,0.003939661432745302,0.0039223954044950455,0.728098451011784,0.003939661432745302,0.1266271192293326,1
3182,0.15653767,-0.12419069479630988,0.003961841123029769,0.0039223954044950455,0.7199119291018858,0.003961841123029769,0.12758996104966633,1
3183,0.15812801392124,-0.12469634760176568,0.00396692103008612,0.0039223954044950455,0.7243885364836395,0.00396692103008612,0.12898578861226995,1
3184,0.15812801392124,-0.12469634760176568,0.00396692103008612,0.0039223954044950455,0.7243885364836395,0.00396692103008612,0.12898578861226995,1
3185,0.1566667187488674,-0.11538640029156276,0.00388825679457638,0.00388825679457638,0.7201758231858703,0.00388825679457638,0.1284521994886115,1
3186,0.1566667187488674,-0.11538640029156276,0.00388825679457638,0.00388825679457638,0.7201758231858703,0.00388825679457638,0.1284521994886115,1
3187,0.16467669413913844,-0.10873886885831426,0.003952270301745153,0.00388825679457638,0.7215960562288933,0.003952270301745153,0.126521664812655,1
3188,0.15653767,-0.10707744721654908,0.003926867057916853,0.00388825679457638,0.7206676840152423,0.003926867057916853,0.12646379814504016,1
3189,0.15653767,-0.10689651286386241,0.003926494569072488,0.00388825679457638,0.7203836119890414,0.003926494569072488,0.12763583864288372,1
3190,0.15653767,-0.1074860119101651,0.003921915909397132,0.00388825679457638,0.7233430073296027,0.003921915909397132,0.1291747292991941,1
3191,0.15653767,-0.1074860119101651,0.003921915909397132,0.00388825679457638,0.7233430073296027,0.003921915909397132,0.1291747292991941,1
3192,0.15653767,-0.1074860119101651,0.003921915909397132,0.00388825679457638,0.7233430073296027,0.003921915909397132,0.1291747292991941,1
3193,0.15653767,-0.10715641361960157,0.003979523862714125,0.00388825679457638,0.7245289482540721,0.003979523862714125,0.12874314645316992,1
3194,0.16232647085023866,-0.09438461610607407,0.00404542922432658,0.00388825679457638,0.7377259608615014,0.00404542922432658,0.12798507811164475,1
3195,0.16742363539998412,-0.09751689600586219,0.004008138702506072,0.00388825679457638,0.7360340407752156,0.004008138702506072,0.1277991366148903,1
3196,0.16744752400160148,-0.08909766775230346,0.004036320585006314,0.00388825679457638,0.7353579246324943,0.004036320585006314,0.12646304669893876,1
3197,0.16744752400160148,-0.08909766775230346,0.004036320585006314,0.00388825679457638,0.7353579246324943,0.004036320585006314,0.12646304669893876,1
3198,0.16653749359688025,-0.09852372056472714,0.003979910067601055,0.00388825679457638,0.732655978421411,0.003979910067601055,0.12604264140185073,1
3199,0.15820898434804398,-0.09178131025868028,0.003952936959893503,0.00388825679457638,0.7325776463293672,0.003952936959893503,0.12646110441446556,1
3200,0.16713511031154066,-0.09339227978977156,0.004012950776705954,0.00388825679457638,0.7388156289662376,0.004012950776705954,0.12644300234440525,1
3201,0.1692564552895172,-0.08916046102517926,0.003965980892963356,0.00388825679457638,0.7339796441727255,0.003965980892963356,0.12403896186488314,1
3202,0.16341831245141758,-0.08634245474097652,0.0039060468678594647,0.00388825679457638,0.73099630456817,0.0039060468678594647,0.12451536789572908,1
3203,0.16359332352377068,-0.08434153072050099,0.003923751178225323,0.00388825679457638,0.7332725944728571,0.003923751178225323,0.12466446043282167,1
3204,0.15788402533118692,-0.08127741411641687,0.003887843288570855,0.003887843288570855,0.7291355943327705,0.003887843288570855,0.1253710209001558,1
3205,0.15788402533118692,-0.08127741411641687,0.003887843288570855,0.003887843288570855,0.7291355943327705,0.003887843288570855,0.1253710209001558,1
3206,0.15653767,-0.08628976430268706,0.0038602943976704116,0.0038602943976704116,0.7330105516362841,0.0038602943976704116,0.12414061881497993,1
3207,0.15653767,-0.09216064695051292,0.0038577039136038745,0.0038577039136038745,0.725550790523907,0.0038577039136038745,0.12293868778997388,1
3208,0.15653767,-0.08772412832917709,0.0038248574904704838,0.0038248574904704838,0.7441576968326643,0.0038248574904704838,0.12098997129904511,1
3209,0.15697327328612234,-0.088135560226848,0.0038600886930230823,0.0038248574904704838,0.7592464100247438,0.0038600886930230823,0.1211063424683446,1
3210,0.15697327328612234,-0.088135560226848,0.0038600886930230823,0.0038248574904704838,0.7592464100247438,0.0038600886930230823,0.1211063424683446,1
3211,0.15766079328409974,-0.08827652392305237,0.0039786362261361626,0.0038248574904704838,0.7660338020780397,0.0039786362261361626,0.12056693783687104,1
3212,0.15766079328409974,-0.08827652392305237,0.0039786362261361626,0.0038248574904704838,0.7660338020780397,0.0039786362261361626,0.12056693783687104,1
3213,0.15653767,-0.08705688474183329,0.003888315192848024,0.0038248574904704838,0.7629325451822235,0.003888315192848024,0.12123720469146862,1
3214,0.16184798192085126,-0.08723545577145853,0.0038926500003027397,0.0038248574904704838,0.7499887734980655,0.0038926500003027397,0.12048886879874925,1
3215,0.16207229975268234,-0.08014615976417558,0.0038931322252335285,0.0038248574904704838,0.7622469007500257,0.0038931322252335285,0.12150969450896483,1
3216,0.16207229975268234,-0.08014615976417558,0.0038931322252335285,0.0038248574904704838,0.7622469007500257,0.0038931322252335285,0.12150969450896483,1
3217,0.16206487406863454,-0.08642227994025203,0.0038613158432471177,0.0038248574904704838,0.7598278988891036,0.0038613158432471177,0.12006596719292605,1
3218,0.16206487406863454,-0.08642227994025203,0.0038613158432471177,0.0038248574904704838,0.7598278988891036,0.0038613158432471177,0.12006596719292605,1
3219,0.16935052324747266,-0.0883906154646367,0.003956919113860114,0.0038248574904704838,0.7562066840365874,0.003956919113860114,0.12077593594355071,1
3220,0.16935052324747266,-0.0883906154646367,0.003956919113860114,0.0038248574904704838,0.7562066840365874,0.003956919113860114,0.12077593594355071,1
3221,0.1701335930664463,-0.08436637535018994,0.003890917672185242,0.0038248574904704838,0.7571141920500954,0.003890917672185242,0.12010495959562185,1
3222,0.1701335930664463,-0.08436637535018994,0.003890917672185242,0.0038248574904704838,0.7571141920500954,0.003890917672185242,0.12010495959562185,1
3223,0.17288281274811781,-0.08063252156168824,0.003912349559035215,0.0038248574904704838,0.7623024011926081,0.003912349559035215,0.12110747266185407,1
3224,0.18213209589977203,-0.08031163797809743,0.0039775892319970085,0.0038248574904704838,0.7562058676330531,0.0039775892319970085,0.12343900009195903,1
3225,0.17274361192882476,-0.07276468999999999,0.0038212642566114387,0.0038212642566114387,0.7310534487769655,0.0038212642566114387,0.12228825156504786,1
3226,0.18029561466888538,-0.07293557698786163,0.0038196884637416717,0.0038196884637416717,0.7314031938989869,0.0038196884637416717,0.12186230692114286,1
3227,0.17574121825274713,-0.07276468999999999,0.003835862777759002,0.0038196884637416717,0.7392186536446171,0.003835862777759002,0.12183287021690775,1
3228,0.17858400070346836,-0.07795031759837545,0.003940699045739126,0.0038196884637416717,0.7455567969397957,0.003940699045739126,0.12318504195988528,1
3229,0.1722919928314276,-0.07518362788059398,0.003947330527819906,0.0038196884637416717,0.749424035792978,0.003947330527819906,0.12416727374578733,1
3230,0.1722919928314276,-0.07518362788059398,0.003947330527819906,0.0038196884637416717,0.749424035792978,0.003947330527819906,0.12416727374578733,1
3231,0.17333693755971882,-0.07674345292247584,0.003951536981899724,0.0038196884637416717,0.7353448723846452,0.003951536981899724,0.12578650238081115,1
3232,0.17333693755971882,-0.07674345292247584,0.003951536981899724,0.0038196884637416717,0.7353448723846452,0.003951536981899724,0.12578650238081115,1
3233,0.1759933627580004,-0.07831378254638913,0.003964849838819895,0.0038196884637416717,0.7333401485879651,0.003964849838819895,0.12440405420119158,1
3234,0.1759933627580004,-0.07831378254638913,0.003964849838819895,0.0038196884637416717,0.7333401485879651,0.003964849838819895,0.12440405420119158,1
3235,0.17746504446874423,-0.07526797433178438,0.00393588361260428,0.0038196884637416717,0.7339336556411524,0.00393588361260428,0.12582273228618068,1
3236,0.18131037894269258,-0.07276468999999999,0.003799781568627995,0.003799781568627995,0.7280963813710453,0.003799781568627995,0.12465618153186765,1
3237,0.18131037894269258,-0.07276468999999999,0.003799781568627995,0.003799781568627995,0.7280963813710453,0.003799781568627995,0.12465618153186765,1
3238,0.18131037894269258,-0.07276468999999999,0.003799781568627995,0.003799781568627995,0.7280963813710453,0.003799781568627995,0.12465618153186765,1
3239,0.18027947296320698,-0.07276468999999999,0.003786054619892899,0.003786054619892899,0.7340035333317091,0.003786054619892899,0.1244585737934099,1
3240,0.17898223426582888,-0.07276468999999999,0.0038122095971858845,0.003786054619892899,0.7240977520949826,0.0038122095971858845,0.1264665241265931,1
3241,0.1799238116178235,-0.07682482514427891,0.003931660339691445,0.003786054619892899,0.7253943130641043,0.003931660339691445,0.12657883905698425,1
3242,0.17976010209166232,-0.07332833173665133,0.0038929589962540707,0.003786054619892899,0.7222670220923584,0.0038929589962540707,0.12572419056877107,1
3243,0.17976010209166232,-0.07332833173665133,0.0038929589962540707,0.003786054619892899,0.7222670220923584,0.0038929589962540707,0.12572419056877107,1
3244,0.16955580693315775,-0.07616701891475845,0.003891368073741239,0.003786054619892899,0.7263885499877911,0.003891368073741239,0.125390364546715,1
3245,0.16799814816674474,-0.07276468999999999,0.003875148750080224,0.003786054619892899,0.731079692346148,0.003875148750080224,0.12404880994645712,1
3246,0.16938409971434104,-0.07290643039694042,0.0037908887411145253,0.003786054619892899,0.7307564130950347,0.0037908887411145253,0.12614430560431508,1
3247,0.16770819501929818,-0.07276468999999999,0.0038510859382870502,0.003786054619892899,0.7356151239331066,0.0038510859382870502,0.12680557001525958,1
3248,0.17683939257974357,-0.07500941559680271,0.0038655584590640392,0.003786054619892899,0.7379860513503532,0.0038655584590640392,0.12545860900576464,1
3249,0.17696847951078246,-0.07677968685142966,0.0038220761046559,0.003786054619892899,0.7316374370425612,0.0038220761046559,0.1248838860463571,1
3250,0.17696847951078246,-0.07677968685142966,0.0038220761046559,0.003786054619892899,0.7316374370425612,0.0038220761046559,0.1248838860463571,1
3251,0.17696847951078246,-0.07677968685142966,0.0038220761046559,0.003786054619892899,0.7316374370425612,0.0038220761046559,0.1248838860463571,1
3252,0.17805793966444908,-0.07639058645181206,0.003806064460416279,0.003786054619892899,0.7252585819806819,0.003806064460416279,0.12339024379339673,1
3253,0.17805793966444908,-0.07639058645181206,0.003806064460416279,0.003786054619892899,0.7252585819806819,0.003806064460416279,0.12339024379339673,1
3254,0.1784146396504775,-0.07276468999999999,0.0037426766433701604,0.0037426766433701604,0.7276891977399532,0.0037426766433701604,0.1234404654134123,1
3255,0.1784146396504775,-0.07276468999999999,0.0037426766433701604,0.0037426766433701604,0.7276891977399532,0.0037426766433701604,0.1234404654134123,1
3256,0.1784146396504775,-0.07276468999999999,0.0037426766433701604,0.0037426766433701604,0.7276891977399532,0.0037426766433701604,0.1234404654134123,1
3257,0.18050980690190602,-0.07777916815081094,0.0037857390890172924,0.0037426766433701604,0.7233605329761881,0.0037857390890172924,0.12083416867193206,1
3258,0.1821631480511119,-0.07276468999999999,0.003842143968061809,0.0037426766433701604,0.7420371825741732,0.003842143968061809,0.12086309647036686,1
3259,0.1821631480511119,-0.07276468999999999,0.003842143968061809,0.0037426766433701604,0.7420371825741732,0.003842143968061809,0.12086309647036686,1
3260,0.1814991115998782,-0.07276468999999999,0.003866941691644552,0.0037426766433701604,0.7453583191209319,0.003866941691644552,0.12113174438386407,1
3261,0.1814991115998782,-0.07276468999999999,0.003866941691644552,0.0037426766433701604,0.7453583191209319,0.003866941691644552,0.12113174438386407,1
3262,0.1814991115998782,-0.07276468999999999,0.003866941691644552,0.0037426766433701604,0.7453583191209319,0.003866941691644552,0.12113174438386407,1
3263,0.1861355189170951,-0.07380273762278128,0.0039839226447907945,0.0037426766433701604,0.7539186713933315,0.0039839226447907945,0.12150852792756317,1
3264,0.185838200808828,-0.07276468999999999,0.0039057928303874766,0.0037426766433701604,0.755728602512283,0.0039057928303874766,0.12112719096135716,1
3265,0.17898409137208934,-0.07324376036789985,0.0038644200929389546,0.0037426766433701604,0.7462018732610836,0.0038644200929389546,0.12097493957299973,1
3266,0.17791773432676,-0.074136553234036,0.0038575036266284553,0.0037426766433701604,0.7407922073264598,0.0038575036266284553,0.12012792306067299,1
3267,0.17791773432676,-0.074136553234036,0.0038575036266284553,0.0037426766433701604,0.7407922073264598,0.0038575036266284553,0.12012792306067299,1
3268,0.18499711425134566,-0.07276468999999999,0.0038843998723444833,0.0037426766433701604,0.7404730334770832,0.0038843998723444833,0.12168414448985872,1
3269,0.18499711425134566,-0.07276468999999999,0.0038843998723444833,0.0037426766433701604,0.7404730334770832,0.0038843998723444833,0.12168414448985872,1
3270,0.1841494160840389,-0.07276468999999999,0.0039002256518104756,0.0037426766433701604,0.7458367212128634,0.0039002256518104756,0.12058375377976677,1
3271,0.19327118955851963,-0.07389449840911222,0.003906213226886666,0.0037426766433701604,0.7464073779273266,0.003906213226886666,0.12102164528593909,1
3272,0.19327118955851963,-0.07389449840911222,0.003906213226886666,0.0037426766433701604,0.7464073779273266,0.003906213226886666,0.12102164528593909,1
3273,0.1843743962134395,-0.07276468999999999,0.0036868760947538584,0.0036868760947538584,0.735695514005908,0.003684253777285876,0.11998380642884357,0
3274,0.1843743962134395,-0.07276468999999999,0.0036868760947538584,0.0036868760947538584,0.735695514005908,0.003684253777285876,0.11998380642884357,0
3275,0.1809634267147804,-0.07276468999999999,0.0037078822095590333,0.0036868760947538584,0.7411895696660672,0.0037078822095590333,0.12064304573160098,1
3276,0.17603531921250432,-0.07276468999999999,0.003666546278310939,0.003666546278310939,0.7372150517517121,0.003666546278310939,0.12054076442702062,1
3277,0.17157895806952136,-0.07276468999999999,0.003633006245268214,0.003633006245268214,0.7270945014939866,0.003633006245268214,0.12049201370231427,1
3278,0.17157895806952136,-0.07276468999999999,0.003633006245268214,0.003633006245268214,0.7270945014939866,0.003633006245268214,0.12049201370231427,1
3279,0.17157895806952136,-0.07276468999999999,0.003633006245268214,0.003633006245268214,0.7270945014939866,0.003633006245268214,0.12049201370231427,1
3280,0.17157895806952136,-0.07276468999999999,0.003633006245268214,0.003633006245268214,0.7270945014939866,0.003633006245268214,0.12049201370231427,1
3281,0.17157895806952136,-0.07276468999999999,0.003633006245268214,0.003633006245268214,0.7270945014939866,0.003633006245268214,0.12049201370231427,1
3282,0.17157895806952136,-0.07276468999999999,0.003633006245268214,0.003633006245268214,0.7270945014939866,0.003633006245268214,0.12049201370231427,1
3283,0.1657925045967231,-0.07276468999999999,0.0036065362894700187,0.0036065362894700187,0.7252940393199896,0.0036065362894700187,0.12004687389793281,1
3284,0.17011718643310228,-0.07509412276086852,0.0036903260478549594,0.0036065362894700187,0.7291231182712741,0.0036903260478549594,0.12147877605416468,1
3285,0.17011718643310228,-0.07509412276086852,0.0036903260478549594,0.0036065362894700187,0.7291231182712741,0.0036903260478549594,0.12147877605416468,1
3286,0.17011718643310228,-0.07509412276086852,0.0036903260478549594,0.0036065362894700187,0.7291231182712741,0.0036903260478549594,0.12147877605416468,1
3287,0.17011718643310228,-0.07509412276086852,0.0036903260478549594,0.0036065362894700187,0.7291231182712741,0.0036903260478549594,0.12147877605416468,1
3288,0.17011718643310228,-0.07509412276086852,0.0036903260478549594,0.0036065362894700187,0.7291231182712741,0.0036903260478549594,0.12147877605416468,1
3289,0.1725796693072263,-0.07276468999999999,0.0036402024691524777,0.0036065362894700187,0.7258752657090776,0.0036402024691524777,0.12181707307724088,1
3290,0.1725796693072263,-0.07276468999999999,0.0036402024691524777,0.0036065362894700187,0.7258752657090776,0.0036402024691524777,0.12181707307724088,1
3291,0.1725796693072263,-0.07276468999999999,0.0036402024691524777,0.0036065362894700187,0.7258752657090776,0.0036402024691524777,0.12181707307724088,1
3292,0.1744120020499348,-0.07276468999999999,0.003671617183582365,0.0036065362894700187,0.7230740787316196,0.003671617183582365,0.12058280131597918,1
3293,0.1744120020499348,-0.07276468999999999,0.003671617183582365,0.0036065362894700187,0.7230740787316196,0.003671617183582365,0.12058280131597918,1
3294,0.1744120020499348,-0.07276468999999999,0.003671617183582365,0.0036065362894700187,0.7230740787316196,0.003671617183582365,0.12058280131597918,1
3295,0.16845849829691203,-0.08457665098697263,0.003783943738888584,0.0036065362894700187,0.7288102711303968,0.003783943738888584,0.12053836068509527,1
3296,0.16845849829691203,-0.08457665098697263,0.003783943738888584,0.0036065362894700187,0.7288102711303968,0.003783943738888584,0.12053836068509527,1
3297,0.16845849829691203,-0.08457665098697263,0.003783943738888584,0.0036065362894700187,0.7288102711303968,0.003783943738888584,0.12053836068509527,1
3298,0.16422785105318563,-0.08523097367858459,0.003748731981392819,0.0036065362894700187,0.7208383521395197,0.003748731981392819,0.12164404403722978,1
3299,0.16168096599430795,-0.078986386881735,0.0036427874912749562,0.0036065362894700187,0.7207130717309445,0.0036427874912749562,0.12270418434874458,1
3300,0.16168096599430795,-0.078986386881735,0.0036427874912749562,0.0036065362894700187,0.7207130717309445,0.0036427874912749562,0.12270418434874458,1
3301,0.15653767,-0.07820721049358234,0.0037137625833593823,0.0036065362894700187,0.7235596539387558,0.0037137625833593823,0.12375094296491797,1
3302,0.15653767,-0.07820721049358234,0.0037137625833593823,0.0036065362894700187,0.7235596539387558,0.0037137625833593823,0.12375094296491797,1
3303,0.15653767,-0.07820721049358234,0.0037137625833593823,0.0036065362894700187,0.7235596539387558,0.0037137625833593823,0.12375094296491797,1
3304,0.15653767,-0.07815987098894096,0.0037150324236594,0.0036065362894700187,0.7243685859939458,0.0037150324236594,0.12440916403489531,1
3305,0.15653767,-0.07815987098894096,0.0037150324236594,0.0036065362894700187,0.7243685859939458,0.0037150324236594,0.12440916403489531,1
3306,0.1626799481264259,-0.07276468999999999,0.0035904076537700254,0.0035904076537700254,0.7246552003951247,0.0035904076537700254,0.12281470959676559,1
3307,0.1626799481264259,-0.07276468999999999,0.0035904076537700254,0.0035904076537700254,0.7246552003951247,0.0035904076537700254,0.12281470959676559,1
3308,0.1626799481264259,-0.07276468999999999,0.0035904076537700254,0.0035904076537700254,0.7246552003951247,0.0035904076537700254,0.12281470959676559,1
3309,0.1626799481264259,-0.07276468999999999,0.0035904076537700254,0.0035904076537700254,0.7246552003951247,0.0035904076537700254,0.12281470959676559,1
3310,0.1626799481264259,-0.07276468999999999,0.0035904076537700254,0.0035904076537700254,0.7246552003951247,0.0035904076537700254,0.12281470959676559,1
3311,0.1626799481264259,-0.07276468999999999,0.0035904076537700254,0.0035904076537700254,0.7246552003951247,0.0035904076537700254,0.12281470959676559,1
3312,0.1626799481264259,-0.07276468999999999,0.0035904076537700254,0.0035904076537700254,0.7246552003951247,0.0035904076537700254,0.12281470959676559,1
3313,0.1680307981512769,-0.07460628844910297,0.0036096454899409926,0.0035904076537700254,0.7205180164225095,0.0036096454899409926,0.12171184430401007,1
3314,0.1680307981512769,-0.07460628844910297,0.0036096454899409926,0.0035904076537700254,0.7205180164225095,0.0036096454899409926,0.12171184430401007,1
3315,0.1680307981512769,-0.07460628844910297,0.0036096454899409926,0.0035904076537700254,0.7205180164225095,0.0036096454899409926,0.12171184430401007,1
3316,0.1680307981512769,-0.07460628844910297,0.0036096454899409926,0.0035904076537700254,0.7205180164225095,0.0036096454899409926,0.12171184430401007,1
3317,0.1680307981512769,-0.07460628844910297,0.0036096454899409926,0.0035904076537700254,0.7205180164225095,0.0036096454899409926,0.12171184430401007,1
3318,0.1680307981512769,-0.07460628844910297,0.0036096454899409926,0.0035904076537700254,0.7205180164225095,0.0036096454899409926,0.12171184430401007,1
3319,0.1680307981512769,-0.07460628844910297,0.0036096454899409926,0.0035904076537700254,0.7205180164225095,0.0036096454899409926,0.12171184430401007,1
3320,0.16629724405672505,-0.07530796425004749,0.0036473495938933423,0.0035904076537700254,0.7257289800735431,0.0036463957973271897,0.11999023374910135,0
3321,0.1684540776535693,-0.07276468999999999,0.0036146409657765335,0.0035904076537700254,0.7209057874559566,0.0036146409657765335,0.1203234804278096,1
3322,0.1684540776535693,-0.07276468999999999,0.0036146409657765335,0.0035904076537700254,0.7209057874559566,0.0036146409657765335,0.1203234804278096,1
3323,0.1684540776535693,-0.07276468999999999,0.0036146409657765335,0.0035904076537700254,0.7209057874559566,0.0036146409657765335,0.1203234804278096,1
3324,0.1684540776535693,-0.07276468999999999,0.0036146409657765335,0.0035904076537700254,0.7209057874559566,0.0036146409657765335,0.1203234804278096,1
3325,0.1684540776535693,-0.07276468999999999,0.0036146409657765335,0.0035904076537700254,0.7209057874559566,0.0036146409657765335,0.1203234804278096,1
3326,0.1684540776535693,-0.07276468999999999,0.0036146409657765335,0.0035904076537700254,0.7209057874559566,0.0036146409657765335,0.1203234804278096,1
3327,0.1728455308735904,-0.07635926540073425,0.0036560625379143115,0.0035904076537700254,0.7237665516362382,0.0036560625379143115,0.12125060105009822,1
3328,0.16745873667146896,-0.07808194127960252,0.0037040930391016406,0.0035904076537700254,0.7287793762826155,0.0037040930391016406,0.1214024521061912,1
3329,0.16745873667146896,-0.07808194127960252,0.0037040930391016406,0.0035904076537700254,0.7287793762826155,0.0037040930391016406,0.1214024521061912,1
3330,0.16745873667146896,-0.07808194127960252,0.0037040930391016406,0.0035904076537700254,0.7287793762826155,0.0037040930391016406,0.1214024521061912,1
3331,0.16745873667146896,-0.07808194127960252,0.0037040930391016406,0.0035904076537700254,0.7287793762826155,0.0037040930391016406,0.1214024521061912,1
3332,0.16745873667146896,-0.07808194127960252,0.0037040930391016406,0.0035904076537700254,0.7287793762826155,0.0037040930391016406,0.1214024521061912,1
3333,0.16745873667146896,-0.07808194127960252,0.0037040930391016406,0.0035904076537700254,0.7287793762826155,0.0037040930391016406,0.1214024521061912,1
3334,0.16745873667146896,-0.07808194127960252,0.0037040930391016406,0.0035904076537700254,0.7287793762826155,0.0037040930391016406,0.1214024521061912,1
3335,0.16854444995417944,-0.0763003569915993,0.0036840044131082475,0.0035904076537700254,0.729932109714966,0.0036840044131082475,0.12233560564259369,1
3336,0.16854444995417944,-0.0763003569915993,0.0036840044131082475,0.0035904076537700254,0.729932109714966,0.0036840044131082475,0.12233560564259369,1
3337,0.17604797558856036,-0.07276468999999999,0.0037129286548630348,0.0035904076537700254,0.7285816924227217,0.0037129286548630348,0.12130450698006075,1
3338,0.17493018404171348,-0.07276468999999999,0.0037354993564675753,0.0035904076537700254,0.7217367875448644,0.0037354993564675753,0.12314030494156834,1
3339,0.17493018404171348,-0.07276468999999999,0.0037354993564675753,0.0035904076537700254,0.7217367875448644,0.0037354993564675753,0.12314030494156834,1
3340,0.17414435762288805,-0.07497065665128697,0.00374898450171012,0.0035904076537700254,0.7312438964767958,0.00374898450171012,0.12322300564419189,1
3341,0.17414435762288805,-0.07497065665128697,0.00374898450171012,0.0035904076537700254,0.7312438964767958,0.00374898450171012,0.12322300564419189,1
3342,0.17414435762288805,-0.07497065665128697,0.00374898450171012,0.0035904076537700254,0.7312438964767958,0.00374898450171012,0.12322300564419189,1
3343,0.17414435762288805,-0.07497065665128697,0.00374898450171012,0.0035904076537700254,0.7312438964767958,0.00374898450171012,0.12322300564419189,1
3344,0.18411373115590574,-0.07276468999999999,0.0037993315183269425,0.0035904076537700254,0.7261152357592944,0.0037993315183269425,0.12416256707219865,1
3345,0.18411373115590574,-0.07276468999999999,0.0037993315183269425,0.0035904076537700254,0.7261152357592944,0.0037993315183269425,0.12416256707219865,1
3346,0.19061651943378102,-0.07778633703212816,0.003926992841922151,0.0035904076537700254,0.7309911721263936,0.003926992841922151,0.12488940417859436,1
3347,0.19061651943378102,-0.07778633703212816,0.003926992841922151,0.0035904076537700254,0.7309911721263936,0.003926992841922151,0.12488940417859436,1
3348,0.19631071837677844,-0.07828192165465932,0.003992302632161992,0.0035904076537700254,0.7308527045756552,0.003992302632161992,0.12687780134791404,1
3349,0.19657862641227436,-0.07814943717696796,0.004001363678889586,0.0035904076537700254,0.731960333774816,0.004001363678889586,0.12445588885532011,1
3350,0.19580736081664366,-0.07276468999999999,0.0039045023768833707,0.0035904076537700254,0.7432091895389237,0.0039045023768833707,0.12375049688839093,1
3351,0.18685136971248734,-0.07276468999999999,0.003847572565608831,0.0035904076537700254,0.743950248588944,0.003847572565608831,0.12351127506128254,1
3352,0.18305100626407403,-0.07276468999999999,0.0037953438292089156,0.0035904076537700254,0.7454790048583952,0.0037953438292089156,0.12235569068272382,1
3353,0.18305100626407403,-0.07276468999999999,0.0037953438292089156,0.0035904076537700254,0.7454790048583952,0.0037953438292089156,0.12235569068272382,1
3354,0.18305100626407403,-0.07276468999999999,0.0037953438292089156,0.0035904076537700254,0.7454790048583952,0.0037953438292089156,0.12235569068272382,1
3355,0.18305100626407403,-0.07276468999999999,0.0037953438292089156,0.0035904076537700254,0.7454790048583952,0.0037953438292089156,0.12235569068272382,1
3356,0.17998766878862493,-0.07276468999999999,0.0037851818390753794,0.0035904076537700254,0.7503768725947715,0.0037851818390753794,0.120995377850104,1
3357,0.17998766878862493,-0.07276468999999999,0.0037851818390753794,0.0035904076537700254,0.7503768725947715,0.0037851818390753794,0.120995377850104,1
3358,0.17998766878862493,-0.07276468999999999,0.0037851818390753794,0.0035904076537700254,0.7503768725947715,0.0037851818390753794,0.120995377850104,1
3359,0.17998766878862493,-0.07276468999999999,0.0037851818390753794,0.0035904076537700254,0.7503768725947715,0.0037851818390753794,0.120995377850104,1
3360,0.17912100981032436,-0.07276468999999999,0.003830785877310833,0.0035904076537700254,0.7458653833626153,0.003830785877310833,0.1208510064787898,1
3361,0.1777256015273351,-0.07276468999999999,0.0038809645353340763,0.0035904076537700254,0.7485024028011205,0.0038809645353340763,0.12093064361262308,1
3362,0.17791232454618058,-0.07276468999999999,0.003869305921958521,0.0035904076537700254,0.7549455479589111,0.003869305921958521,0.1210090980598478,1
3363,0.17791232454618058,-0.07276468999999999,0.003869305921958521,0.0035904076537700254,0.7549455479589111,0.003869305921958521,0.1210090980598478,1
3364,0.17791232454618058,-0.07276468999999999,0.003869305921958521,0.0035904076537700254,0.7549455479589111,0.003869305921958521,0.1210090980598478,1
3365,0.17791232454618058,-0.07276468999999999,0.003869305921958521,0.0035904076537700254,0.7549455479589111,0.003869305921958521,0.1210090980598478,1
3366,0.17369014906997274,-0.07449328241713427,0.003964291732269292,0.0035904076537700254,0.7486321399366002,0.003964291732269292,0.12159834712008434,1
3367,0.17350108851142482,-0.07276468999999999,0.003881852243627331,0.0035904076537700254,0.736335871138491,0.003881852243627331,0.12029192509456474,1
3368,0.17350108851142482,-0.07276468999999999,0.003881852243627331,0.0035904076537700254,0.736335871138491,0.003881852243627331,0.12029192509456474,1
3369,0.17350108851142482,-0.07276468999999999,0.003881852243627331,0.0035904076537700254,0.736335871138491,0.003881852243627331,0.12029192509456474,1
3370,0.17350108851142482,-0.07276468999999999,0.003881852243627331,0.0035904076537700254,0.736335871138491,0.003881852243627331,0.12029192509456474,1
3371,0.17350108851142482,-0.07276468999999999,0.003881852243627331,0.0035904076537700254,0.736335871138491,0.003881852243627331,0.12029192509456474,1
3372,0.17350108851142482,-0.07276468999999999,0.003881852243627331,0.0035904076537700254,0.736335871138491,0.003881852243627331,0.12029192509456474,1
3373,0.17350108851142482,-0.07276468999999999,0.003881852243627331,0.0035904076537700254,0.736335871138491,0.003881852243627331,0.12029192509456474,1
3374,0.17350108851142482,-0.07276468999999999,0.003881852243627331,0.0035904076537700254,0.736335871138491,0.003881852243627331,0.12029192509456474,1
3375,0.17350108851142482,-0.07276468999999999,0.003881852243627331,0.0035904076537700254,0.736335871138491,0.003881852243627331,0.12029192509456474,1
3376,0.17350108851142482,-0.07276468999999999,0.003881852243627331,0.0035904076537700254,0.736335871138491,0.003881852243627331,0.12029192509456474,1
3377,0.17187974657345878,-0.07276468999999999,0.003887578626656042,0.0035904076537700254,0.7371729842496937,0.003887578626656042,0.12012217079159108,1
3378,0.17187974657345878,-0.07276468999999999,0.003887578626656042,0.0035904076537700254,0.7371729842496937,0.003887578626656042,0.12012217079159108,1
3379,0.16790068888468263,-0.07572035546938641,0.0038887044684768695,0.0035904076537700254,0.7498421539772906,0.0038640215056365253,0.11995031804870947,0
3380,0.15942900740942542,-0.07327643379253021,0.003858502286183241,0.0035904076537700254,0.7513062330257941,0.003858502286183241,0.12153648148818745,1
3381,0.15653767,-0.07276468999999999,0.0038242102364150097,0.0035904076537700254,0.7505401209656406,0.0038242102364150097,0.12044356797243293,1
3382,0.15653767,-0.07276468999999999,0.0038242102364150097,0.0035904076537700254,0.7505401209656406,0.0038242102364150097,0.12044356797243293,1
3383,0.15653767,-0.07276468999999999,0.0038242102364150097,0.0035904076537700254,0.7505401209656406,0.0038242102364150097,0.12044356797243293,1
3384,0.15653767,-0.07276468999999999,0.0038242102364150097,0.0035904076537700254,0.7505401209656406,0.0038242102364150097,0.12044356797243293,1
3385,0.1616958955636934,-0.07276468999999999,0.0038223759161499075,0.0035904076537700254,0.7514733410893587,0.0038223759161499075,0.1220729448459801,1
3386,0.16084294834225363,-0.07276468999999999,0.003840936248546905,0.0035904076537700254,0.7599719436971735,0.003840936248546905,0.12109039022865549,1
3387,0.15797845927393936,-0.07276468999999999,0.0037409462837215525,0.0035904076537700254,0.7457283449034527,0.0037409462837215525,0.12029357213594392,1
3388,0.15830618232028593,-0.07276468999999999,0.0036623640154090863,0.0035904076537700254,0.7484119182356532,0.0036623640154090863,0.12047291681803284,1
3389,0.15830618232028593,-0.07276468999999999,0.0036623640154090863,0.0035904076537700254,0.7484119182356532,0.0036623640154090863,0.12047291681803284,1
3390,0.15653767,-0.07473508039031557,0.0037411291403919187,0.0035904076537700254,0.7598498458375174,0.0037411291403919187,0.12073725938299597,1
3391,0.15653767,-0.07473508039031557,0.0037411291403919187,0.0035904076537700254,0.7598498458375174,0.0037411291403919187,0.12073725938299597,1
3392,0.1618347056804949,-0.07276468999999999,0.0036892605859636394,0.0035904076537700254,0.7560902664316584,0.0036892605859636394,0.1211978999130038,1
3393,0.1618347056804949,-0.07276468999999999,0.0036892605859636394,0.0035904076537700254,0.7560902664316584,0.0036892605859636394,0.1211978999130038,1
3394,0.1618347056804949,-0.07276468999999999,0.0036892605859636394,0.0035904076537700254,0.7560902664316584,0.0036892605859636394,0.1211978999130038,1
3395,0.17265612214375306,-0.07371587075037143,0.003711368757639959,0.0035904076537700254,0.7526424264448043,0.003711368757639959,0.12106913250778384,1
3396,0.17265612214375306,-0.07371587075037143,0.003711368757639959,0.0035904076537700254,0.7526424264448043,0.003711368757639959,0.12106913250778384,1
3397,0.17265612214375306,-0.07371587075037143,0.003711368757639959,0.0035904076537700254,0.7526424264448043,0.003711368757639959,0.12106913250778384,1
3398,0.17265612214375306,-0.07371587075037143,0.003711368757639959,0.0035904076537700254,0.7526424264448043,0.003711368757639959,0.12106913250778384,1
3399,0.17265612214375306,-0.07371587075037143,0.003711368757639959,0.0035904076537700254,0.7526424264448043,0.003711368757639959,0.12106913250778384,1
3400,0.17265612214375306,-0.07371587075037143,0.003711368757639959,0.0035904076537700254,0.7526424264448043,0.003711368757639959,0.12106913250778384,1
3401,0.17228605028483762,-0.07539563718980767,0.003732267594086256,0.0035904076537700254,0.7452199004694444,0.003732267594086256,0.12283184000856756,1
3402,0.17228605028483762,-0.07539563718980767,0.003732267594086256,0.0035904076537700254,0.7452199004694444,0.003732267594086256,0.12283184000856756,1
3403,0.17228605028483762,-0.07539563718980767,0.003732267594086256,0.0035904076537700254,0.7452199004694444,0.003732267594086256,0.12283184000856756,1
3404,0.17404244366126323,-0.07387212792962668,0.0037262303506518193,0.0035904076537700254,0.7345479541679855,0.0037262303506518193,0.12301595222488854,1
3405,0.16906120502634633,-0.07276468999999999,0.003669004227473399,0.0035904076537700254,0.7452539580711549,0.003669004227473399,0.1226580734509715,1
3406,0.16906120502634633,-0.07276468999999999,0.003669004227473399,0.0035904076537700254,0.7452539580711549,0.003669004227473399,0.1226580734509715,1
3407,0.16743299249727328,-0.07957255961144434,0.003682966564040115,0.0035904076537700254,0.7394805302492241,0.003682966564040115,0.12219212770085607,1
3408,0.16743299249727328,-0.07957255961144434,0.003682966564040115,0.0035904076537700254,0.7394805302492241,0.003682966564040115,0.12219212770085607,1
3409,0.17337079811408776,-0.07704737722113439,0.0036964221846141447,0.0035904076537700254,0.7383016138006313,0.0036964221846141447,0.12246255948905566,1
3410,0.1722713077490183,-0.07322792707687184,0.0036443903595174063,0.0035904076537700254,0.738556937790199,0.0036443903595174063,0.12363266549117342,1
3411,0.17367206488811943,-0.07276468999999999,0.003635170217443958,0.0035904076537700254,0.7419908016534371,0.003635170217443958,0.12212580540616742,1
3412,0.17367206488811943,-0.07276468999999999,0.003635170217443958,0.0035904076537700254,0.7419908016534371,0.003635170217443958,0.12212580540616742,1
3413,0.17812979424019343,-0.07276468999999999,0.00372952426568144,0.0035904076537700254,0.7600259586105671,0.00372952426568144,0.12172846843439582,1
3414,0.17812979424019343,-0.07276468999999999,0.00372952426568144,0.0035904076537700254,0.7600259586105671,0.00372952426568144,0.12172846843439582,1
3415,0.17812979424019343,-0.07276468999999999,0.00372952426568144,0.0035904076537700254,0.7600259586105671,0.00372952426568144,0.12172846843439582,1
3416,0.17812979424019343,-0.07276468999999999,0.00372952426568144,0.0035904076537700254,0.7600259586105671,0.00372952426568144,0.12172846843439582,1
3417,0.17739557111264606,-0.07276468999999999,0.003721837091632158,0.0035904076537700254,0.7574467254233037,0.003721837091632158,0.12094096748752575,1
3418,0.17739557111264606,-0.07276468999999999,0.003721837091632158,0.0035904076537700254,0.7574467254233037,0.003721837091632158,0.12094096748752575,1
3419,0.17739557111264606,-0.07276468999999999,0.003721837091632158,0.0035904076537700254,0.7574467254233037,0.003721837091632158,0.12094096748752575,1
3420,0.17739557111264606,-0.07276468999999999,0.003721837091632158,0.0035904076537700254,0.7574467254233037,0.003721837091632158,0.12094096748752575,1
3421,0.17739557111264606,-0.07276468999999999,0.003721837091632158,0.0035904076537700254,0.7574467254233037,0.003721837091632158,0.12094096748752575,1
3422,0.17739557111264606,-0.07276468999999999,0.003721837091632158,0.0035904076537700254,0.7574467254233037,0.003721837091632158,0.12094096748752575,1
3423,0.17739557111264606,-0.07276468999999999,0.003721837091632158,0.0035904076537700254,0.7574467254233037,0.003721837091632158,0.12094096748752575,1
3424,0.17739557111264606,-0.07276468999999999,0.003721837091632158,0.0035904076537700254,0.7574467254233037,0.003721837091632158,0.12094096748752575,1
3425,0.17739557111264606,-0.07276468999999999,0.003721837091632158,0.0035904076537700254,0.7574467254233037,0.003721837091632158,0.12094096748752575,1
3426,0.17739557111264606,-0.07276468999999999,0.003721837091632158,0.0035904076537700254,0.7574467254233037,0.003721837091632158,0.12094096748752575,1
3427,0.17331195022635956,-0.07528430874482606,0.0037692325596445056,0.0035904076537700254,0.7611284876443151,0.003768572818263026,0.11999187755343828,0
3428,0.18085101857562358,-0.07374900359234403,0.003775726108466813,0.0035904076537700254,0.764519582262819,0.0037670885925700135,0.11997061034893572,0
3429,0.18085101857562358,-0.07374900359234403,0.003775726108466813,0.0035904076537700254,0.764519582262819,0.0037670885925700135,0.11997061034893572,0
3430,0.18085101857562358,-0.07374900359234403,0.003775726108466813,0.0035904076537700254,0.764519582262819,0.0037670885925700135,0.11997061034893572,0
3431,0.18085101857562358,-0.07374900359234403,0.003775726108466813,0.0035904076537700254,0.764519582262819,0.0037670885925700135,0.11997061034893572,0
3432,0.18085101857562358,-0.07374900359234403,0.003775726108466813,0.0035904076537700254,0.764519582262819,0.0037670885925700135,0.11997061034893572,0
3433,0.17756142788283244,-0.07879775901399952,0.0037580400099851727,0.0035904076537700254,0.7531550664581086,0.0037580400099851727,0.12088441032408297,1
3434,0.17756142788283244,-0.07879775901399952,0.0037580400099851727,0.0035904076537700254,0.7531550664581086,0.0037580400099851727,0.12088441032408297,1
3435,0.17676523502112337,-0.07467762210520615,0.0037124551263351705,0.0035904076537700254,0.7521670977412923,0.0037124551263351705,0.12060986116078173,1
3436,0.17676523502112337,-0.07467762210520615,0.0037124551263351705,0.0035904076537700254,0.7521670977412923,0.0037124551263351705,0.12060986116078173,1
3437,0.17676523502112337,-0.07467762210520615,0.0037124551263351705,0.0035904076537700254,0.7521670977412923,0.0037124551263351705,0.12060986116078173,1
3438,0.17676523502112337,-0.07467762210520615,0.0037124551263351705,0.0035904076537700254,0.7521670977412923,0.0037124551263351705,0.12060986116078173,1
3439,0.17676523502112337,-0.07467762210520615,0.0037124551263351705,0.0035904076537700254,0.7521670977412923,0.0037124551263351705,0.12060986116078173,1
3440,0.16831291862149414,-0.07597651791905752,0.0037347937975820158,0.0035904076537700254,0.7537487457727586,0.0037347937975820158,0.12037951317519928,1
3441,0.16831291862149414,-0.07597651791905752,0.0037347937975820158,0.0035904076537700254,0.7537487457727586,0.0037347937975820158,0.12037951317519928,1
3442,0.16831291862149414,-0.07597651791905752,0.0037347937975820158,0.0035904076537700254,0.7537487457727586,0.0037347937975820158,0.12037951317519928,1
3443,0.16831291862149414,-0.07597651791905752,0.0037347937975820158,0.0035904076537700254,0.7537487457727586,0.0037347937975820158,0.12037951317519928,1
3444,0.16831291862149414,-0.07597651791905752,0.0037347937975820158,0.0035904076537700254,0.7537487457727586,0.0037347937975820158,0.12037951317519928,1
3445,0.16672161152608903,-0.07325966885274635,0.0036999785210239666,0.0035904076537700254,0.7581035323435069,0.0036999785210239666,0.12018930984594785,1
3446,0.16672161152608903,-0.07325966885274635,0.0036999785210239666,0.0035904076537700254,0.7581035323435069,0.0036999785210239666,0.12018930984594785,1
3447,0.16672161152608903,-0.07325966885274635,0.0036999785210239666,0.0035904076537700254,0.7581035323435069,0.0036999785210239666,0.12018930984594785,1
3448,0.16366439111692968,-0.07335583766020623,0.0037296944453800106,0.0035904076537700254,0.7491154144547133,0.0037296944453800106,0.12252482940531101,1
3449,0.16366439111692968,-0.07335583766020623,0.0037296944453800106,0.0035904076537700254,0.7491154144547133,0.0037296944453800106,0.12252482940531101,1
3450,0.16366439111692968,-0.07335583766020623,0.0037296944453800106,0.0035904076537700254,0.7491154144547133,0.0037296944453800106,0.12252482940531101,1
3451,0.16366439111692968,-0.07335583766020623,0.0037296944453800106,0.0035904076537700254,0.7491154144547133,0.0037296944453800106,0.12252482940531101,1
3452,0.16101371387485588,-0.07421867075967127,0.0037971739434021195,0.0035904076537700254,0.7623864852693559,0.0037971739434021195,0.12152654216199568,1
3453,0.16101371387485588,-0.07421867075967127,0.0037971739434021195,0.0035904076537700254,0.7623864852693559,0.0037971739434021195,0.12152654216199568,1
3454,0.16101371387485588,-0.07421867075967127,0.0037971739434021195,0.0035904076537700254,0.7623864852693559,0.0037971739434021195,0.12152654216199568,1
3455,0.16101371387485588,-0.07421867075967127,0.0037971739434021195,0.0035904076537700254,0.7623864852693559,0.0037971739434021195,0.12152654216199568,1
3456,0.16101371387485588,-0.07421867075967127,0.0037971739434021195,0.0035904076537700254,0.7623864852693559,0.0037971739434021195,0.12152654216199568,1
3457,0.16101371387485588,-0.07421867075967127,0.0037971739434021195,0.0035904076537700254,0.7623864852693559,0.0037971739434021195,0.12152654216199568,1
3458,0.15669076815450875,-0.07276468999999999,0.003795909423460684,0.0035904076537700254,0.7523913175535729,0.003795909423460684,0.12181925356499451,1
3459,0.15669076815450875,-0.07276468999999999,0.003795909423460684,0.0035904076537700254,0.7523913175535729,0.003795909423460684,0.12181925356499451,1
3460,0.15669076815450875,-0.07276468999999999,0.003795909423460684,0.0035904076537700254,0.7523913175535729,0.003795909423460684,0.12181925356499451,1
3461,0.15669076815450875,-0.07276468999999999,0.003795909423460684,0.0035904076537700254,0.7523913175535729,0.003795909423460684,0.12181925356499451,1
3462,0.15653767,-0.07366036446708578,0.003774921643174033,0.0035904076537700254,0.7556060584947475,0.003774921643174033,0.12142399329098374,1
3463,0.1595598250882723,-0.07415009200369195,0.003718286569785701,0.0035904076537700254,0.7608924504145214,0.003718286569785701,0.12052205084930687,1
3464,0.15653767,-0.07276468999999999,0.0036444840477657314,0.0035904076537700254,0.756151403236895,0.0036444840477657314,0.1217334903338696,1
3465,0.15653767,-0.07276468999999999,0.0036694274110807027,0.0035904076537700254,0.7636930272910647,0.0036694274110807027,0.12140026685503444,1
3466,0.15653767,-0.07276468999999999,0.0036419901852044615,0.0035904076537700254,0.7529341559957914,0.0036419901852044615,0.12173245813215089,1
3467,0.15653767,-0.07276468999999999,0.0036419901852044615,0.0035904076537700254,0.7529341559957914,0.0036419901852044615,0.12173245813215089,1
3468,0.15653767,-0.07276468999999999,0.0036419901852044615,0.0035904076537700254,0.7529341559957914,0.0036419901852044615,0.12173245813215089,1
3469,0.15653767,-0.07276468999999999,0.0036419901852044615,0.0035904076537700254,0.7529341559957914,0.0036419901852044615,0.12173245813215089,1
3470,0.15653767,-0.07276468999999999,0.0036419901852044615,0.0035904076537700254,0.7529341559957914,0.0036419901852044615,0.12173245813215089,1
3471,0.15653767,-0.07276468999999999,0.0036419901852044615,0.0035904076537700254,0.7529341559957914,0.0036419901852044615,0.12173245813215089,1
3472,0.15653767,-0.07276468999999999,0.0036419901852044615,0.0035904076537700254,0.7529341559957914,0.0036419901852044615,0.12173245813215089,1
3473,0.15653767,-0.07317154940865987,0.0036248651442620148,0.0035904076537700254,0.7535364281443366,0.0036248651442620148,0.12134331750307603,1
3474,0.15653767,-0.07317154940865987,0.0036248651442620148,0.0035904076537700254,0.7535364281443366,0.0036248651442620148,0.12134331750307603,1
3475,0.15943826496595065,-0.07276468999999999,0.003607402269939088,0.0035904076537700254,0.7569989470102128,0.003607402269939088,0.12009490384677599,1
3476,0.15943826496595065,-0.07276468999999999,0.003607402269939088,0.0035904076537700254,0.7569989470102128,0.003607402269939088,0.12009490384677599,1
3477,0.15943826496595065,-0.07276468999999999,0.003607402269939088,0.0035904076537700254,0.7569989470102128,0.003607402269939088,0.12009490384677599,1
3478,0.1588230552100683,-0.07276468999999999,0.0035722965403150006,0.0035722965403150006,0.7437192201808623,0.0035722965403150006,0.1204635139781841,1
3479,0.1588230552100683,-0.07276468999999999,0.0035722965403150006,0.0035722965403150006,0.7437192201808623,0.0035722965403150006,0.1204635139781841,1
3480,0.1588230552100683,-0.07276468999999999,0.0035722965403150006,0.0035722965403150006,0.7437192201808623,0.0035722965403150006,0.1204635139781841,1
3481,0.1588230552100683,-0.07276468999999999,0.0035722965403150006,0.0035722965403150006,0.7437192201808623,0.0035722965403150006,0.1204635139781841,1
3482,0.1588230552100683,-0.07276468999999999,0.0035722965403150006,0.0035722965403150006,0.7437192201808623,0.0035722965403150006,0.1204635139781841,1
3483,0.15653767,-0.07276468999999999,0.003538775211922136,0.003538775211922136,0.7350935046114024,0.003538775211922136,0.12109092334926085,1
3484,0.1628677727510095,-0.07276468999999999,0.0035641008566492096,0.003538775211922136,0.7339769576374822,0.0035641008566492096,0.12012035767748662,1
3485,0.1628677727510095,-0.07276468999999999,0.0035641008566492096,0.003538775211922136,0.7339769576374822,0.0035641008566492096,0.12012035767748662,1
3486,0.1628677727510095,-0.07276468999999999,0.0035641008566492096,0.003538775211922136,0.7339769576374822,0.0035641008566492096,0.12012035767748662,1
3487,0.1628677727510095,-0.07276468999999999,0.0035641008566492096,0.003538775211922136,0.7339769576374822,0.0035641008566492096,0.12012035767748662,1
3488,0.1628677727510095,-0.07276468999999999,0.0035641008566492096,0.003538775211922136,0.7339769576374822,0.0035641008566492096,0.12012035767748662,1
3489,0.15896906992008802,-0.07276468999999999,0.003559681675808339,0.003538775211922136,0.7258206971407987,0.003559681675808339,0.12172979679186594,1
3490,0.15766244648311883,-0.07276468999999999,0.003518487616749778,0.003518487616749778,0.7308291469505014,0.003518487616749778,0.12134881598094176,1
3491,0.15766244648311883,-0.07276468999999999,0.003518487616749778,0.003518487616749778,0.7308291469505014,0.003518487616749778,0.12134881598094176,1
3492,0.15766244648311883,-0.07276468999999999,0.003518487616749778,0.003518487616749778,0.7308291469505014,0.003518487616749778,0.12134881598094176,1
3493,0.15766244648311883,-0.07276468999999999,0.003518487616749778,0.003518487616749778,0.7308291469505014,0.003518487616749778,0.12134881598094176,1
3494,0.15653767,-0.07305473790935904,0.0034967254072767826,0.0034967254072767826,0.7272882314467205,0.0034967254072767826,0.12141667227695035,1
3495,0.15653767,-0.07305473790935904,0.0034967254072767826,0.0034967254072767826,0.7272882314467205,0.0034967254072767826,0.12141667227695035,1
3496,0.15653767,-0.07305473790935904,0.0034967254072767826,0.0034967254072767826,0.7272882314467205,0.0034967254072767826,0.12141667227695035,1
3497,0.15903378397586418,-0.07302197716392435,0.003496940748064942,0.0034967254072767826,0.7268929131155244,0.003496940748064942,0.12088155379091906,1
3498,0.15903378397586418,-0.07302197716392435,0.003496940748064942,0.0034967254072767826,0.7268929131155244,0.003496940748064942,0.12088155379091906,1
3499,0.15903378397586418,-0.07302197716392435,0.003496940748064942,0.0034967254072767826,0.7268929131155244,0.003496940748064942,0.12088155379091906,1
3500,0.15903378397586418,-0.07302197716392435,0.003496940748064942,0.0034967254072767826,0.7268929131155244,0.003496940748064942,0.12088155379091906,1
3501,0.15903378397586418,-0.07302197716392435,0.003496940748064942,0.0034967254072767826,0.7268929131155244,0.003496940748064942,0.12088155379091906,1
3502,0.15903378397586418,-0.07302197716392435,0.003496940748064942,0.0034967254072767826,0.7268929131155244,0.003496940748064942,0.12088155379091906,1
3503,0.15903378397586418,-0.07302197716392435,0.003496940748064942,0.0034967254072767826,0.7268929131155244,0.003496940748064942,0.12088155379091906,1
3504,0.15903378397586418,-0.07302197716392435,0.003496940748064942,0.0034967254072767826,0.7268929131155244,0.003496940748064942,0.12088155379091906,1
3505,0.158290146974024,-0.07364114980200685,0.003496317752225766,0.003496317752225766,0.7239294560676464,0.003496317752225766,0.12036222486540768,1
3506,0.158290146974024,-0.07364114980200685,0.003496317752225766,0.003496317752225766,0.7239294560676464,0.003496317752225766,0.12036222486540768,1
3507,0.158290146974024,-0.07364114980200685,0.003496317752225766,0.003496317752225766,0.7239294560676464,0.003496317752225766,0.12036222486540768,1
3508,0.158290146974024,-0.07364114980200685,0.003496317752225766,0.003496317752225766,0.7239294560676464,0.003496317752225766,0.12036222486540768,1
3509,0.158290146974024,-0.07364114980200685,0.003496317752225766,0.003496317752225766,0.7239294560676464,0.003496317752225766,0.12036222486540768,1
3510,0.158290146974024,-0.07364114980200685,0.003496317752225766,0.003496317752225766,0.7239294560676464,0.003496317752225766,0.12036222486540768,1
3511,0.158290146974024,-0.07364114980200685,0.003496317752225766,0.003496317752225766,0.7239294560676464,0.003496317752225766,0.12036222486540768,1
3512,0.158290146974024,-0.07364114980200685,0.003496317752225766,0.003496317752225766,0.7239294560676464,0.003496317752225766,0.12036222486540768,1
3513,0.158290146974024,-0.07364114980200685,0.003496317752225766,0.003496317752225766,0.7239294560676464,0.003496317752225766,0.12036222486540768,1
3514,0.158290146974024,-0.07364114980200685,0.003496317752225766,0.003496317752225766,0.7239294560676464,0.003496317752225766,0.12036222486540768,1
3515,0.158290146974024,-0.07364114980200685,0.003496317752225766,0.003496317752225766,0.7239294560676464,0.003496317752225766,0.12036222486540768,1
3516,0.158290146974024,-0.07364114980200685,0.003496317752225766,0.003496317752225766,0.7239294560676464,0.003496317752225766,0.12036222486540768,1
3517,0.158290146974024,-0.07364114980200685,0.003496317752225766,0.003496317752225766,0.7239294560676464,0.003496317752225766,0.12036222486540768,1
3518,0.15957381458937867,-0.0753283293967816,0.003516080085419263,0.003496317752225766,0.7203754798501288,0.003516080085419263,0.12065482128901271,1
3519,0.15957381458937867,-0.0753283293967816,0.003516080085419263,0.003496317752225766,0.7203754798501288,0.003516080085419263,0.12065482128901271,1
3520,0.15957381458937867,-0.0753283293967816,0.003516080085419263,0.003496317752225766,0.7203754798501288,0.003516080085419263,0.12065482128901271,1
3521,0.15957381458937867,-0.0753283293967816,0.003516080085419263,0.003496317752225766,0.7203754798501288,0.003516080085419263,0.12065482128901271,1
3522,0.15957381458937867,-0.0753283293967816,0.003516080085419263,0.003496317752225766,0.7203754798501288,0.003516080085419263,0.12065482128901271,1
3523,0.15957381458937867,-0.0753283293967816,0.003516080085419263,0.003496317752225766,0.7203754798501288,0.003516080085419263,0.12065482128901271,1
3524,0.15957381458937867,-0.0753283293967816,0.003516080085419263,0.003496317752225766,0.7203754798501288,0.003516080085419263,0.12065482128901271,1
3525,0.15957381458937867,-0.0753283293967816,0.003516080085419263,0.003496317752225766,0.7203754798501288,0.003516080085419263,0.12065482128901271,1
3526,0.15957381458937867,-0.0753283293967816,0.003516080085419263,0.003496317752225766,0.7203754798501288,0.003516080085419263,0.12065482128901271,1
3527,0.15957381458937867,-0.0753283293967816,0.003516080085419263,0.003496317752225766,0.7203754798501288,0.003516080085419263,0.12065482128901271,1
3528,0.15957381458937867,-0.0753283293967816,0.003516080085419263,0.003496317752225766,0.7203754798501288,0.003516080085419263,0.12065482128901271,1
3529,0.15957381458937867,-0.0753283293967816,0.003516080085419263,0.003496317752225766,0.7203754798501288,0.003516080085419263,0.12065482128901271,1
3530,0.15957381458937867,-0.0753283293967816,0.003516080085419263,0.003496317752225766,0.7203754798501288,0.003516080085419263,0.12065482128901271,1
3531,0.15957381458937867,-0.0753283293967816,0.003516080085419263,0.003496317752225766,0.7203754798501288,0.003516080085419263,0.12065482128901271,1
3532,0.15957381458937867,-0.0753283293967816,0.003516080085419263,0.003496317752225766,0.7203754798501288,0.003516080085419263,0.12065482128901271,1
3533,0.15957381458937867,-0.0753283293967816,0.003516080085419263,0.003496317752225766,0.7203754798501288,0.003516080085419263,0.12065482128901271,1
3534,0.15957381458937867,-0.0753283293967816,0.003516080085419263,0.003496317752225766,0.7203754798501288,0.003516080085419263,0.12065482128901271,1
3535,0.15957381458937867,-0.0753283293967816,0.003516080085419263,0.003496317752225766,0.7203754798501288,0.003516080085419263,0.12065482128901271,1
3536,0.15957381458937867,-0.0753283293967816,0.003516080085419263,0.003496317752225766,0.7203754798501288,0.003516080085419263,0.12065482128901271,1
3537,0.15957381458937867,-0.0753283293967816,0.003516080085419263,0.003496317752225766,0.7203754798501288,0.003516080085419263,0.12065482128901271,1
3538,0.15957381458937867,-0.0753283293967816,0.003516080085419263,0.003496317752225766,0.7203754798501288,0.003516080085419263,0.12065482128901271,1
3539,0.15957381458937867,-0.0753283293967816,0.003516080085419263,0.003496317752225766,0.7203754798501288,0.003516080085419263,0.12065482128901271,1
3540,0.15957381458937867,-0.0753283293967816,0.003516080085419263,0.003496317752225766,0.7203754798501288,0.003516080085419263,0.12065482128901271,1
3541,0.15957381458937867,-0.0753283293967816,0.003516080085419263,0.003496317752225766,0.7203754798501288,0.003516080085419263,0.12065482128901271,1
3542,0.15957381458937867,-0.0753283293967816,0.003516080085419263,0.003496317752225766,0.7203754798501288,0.003516080085419263,0.12065482128901271,1
3543,0.15957381458937867,-0.0753283293967816,0.003516080085419263,0.003496317752225766,0.7203754798501288,0.003516080085419263,0.12065482128901271,1
3544,0.15957381458937867,-0.0753283293967816,0.003516080085419263,0.003496317752225766,0.7203754798501288,0.003516080085419263,0.12065482128901271,1
3545,0.15957381458937867,-0.0753283293967816,0.003516080085419263,0.003496317752225766,0.7203754798501288,0.003516080085419263,0.12065482128901271,1
3546,0.15957381458937867,-0.0753283293967816,0.003516080085419263,0.003496317752225766,0.7203754798501288,0.003516080085419263,0.12065482128901271,1
3547,0.15957381458937867,-0.0753283293967816,0.003516080085419263,0.003496317752225766,0.7203754798501288,0.003516080085419263,0.12065482128901271,1
3548,0.15957381458937867,-0.0753283293967816,0.003516080085419263,0.003496317752225766,0.7203754798501288,0.003516080085419263,0.12065482128901271,1
3549,0.15957381458937867,-0.0753283293967816,0.003516080085419263,0.003496317752225766,0.7203754798501288,0.003516080085419263,0.12065482128901271,1
3550,0.15957381458937867,-0.0753283293967816,0.003516080085419263,0.003496317752225766,0.7203754798501288,0.003516080085419263,0.12065482128901271,1
3551,0.15957381458937867,-0.0753283293967816,0.003516080085419263,0.003496317752225766,0.7203754798501288,0.003516080085419263,0.12065482128901271,1
3552,0.15957381458937867,-0.0753283293967816,0.003516080085419263,0.003496317752225766,0.7203754798501288,0.003516080085419263,0.12065482128901271,1
3553,0.15957381458937867,-0.0753283293967816,0.003516080085419263,0.003496317752225766,0.7203754798501288,0.003516080085419263,0.12065482128901271,1
3554,0.15778989924700124,-0.07518673446320016,0.0035086937588851377,0.003496317752225766,0.7213634779812664,0.0035086937588851377,0.12086114389917574,1
3555,0.15778989924700124,-0.07518673446320016,0.0035086937588851377,0.003496317752225766,0.7213634779812664,0.0035086937588851377,0.12086114389917574,1
3556,0.15778989924700124,-0.07518673446320016,0.0035086937588851377,0.003496317752225766,0.7213634779812664,0.0035086937588851377,0.12086114389917574,1
3557,0.15778989924700124,-0.07518673446320016,0.0035086937588851377,0.003496317752225766,0.7213634779812664,0.0035086937588851377,0.12086114389917574,1
3558,0.15778989924700124,-0.07518673446320016,0.0035086937588851377,0.003496317752225766,0.7213634779812664,0.0035086937588851377,0.12086114389917574,1
3559,0.15778989924700124,-0.07518673446320016,0.0035086937588851377,0.003496317752225766,0.7213634779812664,0.0035086937588851377,0.12086114389917574,1
3560,0.15778989924700124,-0.07518673446320016,0.0035086937588851377,0.003496317752225766,0.7213634779812664,0.0035086937588851377,0.12086114389917574,1
3561,0.15778989924700124,-0.07518673446320016,0.0035086937588851377,0.003496317752225766,0.7213634779812664,0.0035086937588851377,0.12086114389917574,1
3562,0.15778989924700124,-0.07518673446320016,0.0035086937588851377,0.003496317752225766,0.7213634779812664,0.0035086937588851377,0.12086114389917574,1
3563,0.15778989924700124,-0.07518673446320016,0.0035086937588851377,0.003496317752225766,0.7213634779812664,0.0035086937588851377,0.12086114389917574,1
3564,0.16159998254535413,-0.07276468999999999,0.003528779084225667,0.003496317752225766,0.7207631437156953,0.003528779084225667,0.12094394825753672,1
3565,0.16159998254535413,-0.07276468999999999,0.003528779084225667,0.003496317752225766,0.7207631437156953,0.003528779084225667,0.12094394825753672,1
3566,0.16159998254535413,-0.07276468999999999,0.003528779084225667,0.003496317752225766,0.7207631437156953,0.003528779084225667,0.12094394825753672,1
3567,0.16159998254535413,-0.07276468999999999,0.003528779084225667,0.003496317752225766,0.7207631437156953,0.003528779084225667,0.12094394825753672,1
3568,0.16159998254535413,-0.07276468999999999,0.003528779084225667,0.003496317752225766,0.7207631437156953,0.003528779084225667,0.12094394825753672,1
3569,0.16159998254535413,-0.07276468999999999,0.003528779084225667,0.003496317752225766,0.7207631437156953,0.003528779084225667,0.12094394825753672,1
3570,0.16159998254535413,-0.07276468999999999,0.003528779084225667,0.003496317752225766,0.7207631437156953,0.003528779084225667,0.12094394825753672,1
3571,0.16159998254535413,-0.07276468999999999,0.003528779084225667,0.003496317752225766,0.7207631437156953,0.003528779084225667,0.12094394825753672,1
3572,0.16159998254535413,-0.07276468999999999,0.003528779084225667,0.003496317752225766,0.7207631437156953,0.003528779084225667,0.12094394825753672,1
3573,0.16159998254535413,-0.07276468999999999,0.003528779084225667,0.003496317752225766,0.7207631437156953,0.003528779084225667,0.12094394825753672,1
3574,0.16159998254535413,-0.07276468999999999,0.003528779084225667,0.003496317752225766,0.7207631437156953,0.003528779084225667,0.12094394825753672,1
3575,0.16159998254535413,-0.07276468999999999,0.003528779084225667,0.003496317752225766,0.7207631437156953,0.003528779084225667,0.12094394825753672,1
3576,0.16159998254535413,-0.07276468999999999,0.003528779084225667,0.003496317752225766,0.7207631437156953,0.003528779084225667,0.12094394825753672,1
3577,0.16159998254535413,-0.07276468999999999,0.003528779084225667,0.003496317752225766,0.7207631437156953,0.003528779084225667,0.12094394825753672,1
3578,0.16159998254535413,-0.07276468999999999,0.003528779084225667,0.003496317752225766,0.7207631437156953,0.003528779084225667,0.12094394825753672,1
3579,0.16159998254535413,-0.07276468999999999,0.003528779084225667,0.003496317752225766,0.7207631437156953,0.003528779084225667,0.12094394825753672,1
3580,0.16159998254535413,-0.07276468999999999,0.003528779084225667,0.003496317752225766,0.7207631437156953,0.003528779084225667,0.12094394825753672,1
3581,0.16159998254535413,-0.07276468999999999,0.003528779084225667,0.003496317752225766,0.7207631437156953,0.003528779084225667,0.12094394825753672,1
3582,0.16159998254535413,-0.07276468999999999,0.003528779084225667,0.003496317752225766,0.7207631437156953,0.003528779084225667,0.12094394825753672,1
3583,0.16159998254535413,-0.07276468999999999,0.003528779084225667,0.003496317752225766,0.7207631437156953,0.003528779084225667,0.12094394825753672,1
3584,0.16159998254535413,-0.07276468999999999,0.003528779084225667,0.003496317752225766,0.7207631437156953,0.003528779084225667,0.12094394825753672,1
3585,0.16159998254535413,-0.07276468999999999,0.003528779084225667,0.003496317752225766,0.7207631437156953,0.003528779084225667,0.12094394825753672,1
3586,0.16159998254535413,-0.07276468999999999,0.003528779084225667,0.003496317752225766,0.7207631437156953,0.003528779084225667,0.12094394825753672,1
3587,0.16159998254535413,-0.07276468999999999,0.003528779084225667,0.003496317752225766,0.7207631437156953,0.003528779084225667,0.12094394825753672,1
3588,0.16159998254535413,-0.07276468999999999,0.003528779084225667,0.003496317752225766,0.7207631437156953,0.003528779084225667,0.12094394825753672,1
3589,0.16159998254535413,-0.07276468999999999,0.003528779084225667,0.003496317752225766,0.7207631437156953,0.003528779084225667,0.12094394825753672,1
3590,0.16159998254535413,-0.07276468999999999,0.003528779084225667,0.003496317752225766,0.7207631437156953,0.003528779084225667,0.12094394825753672,1
3591,0.16159998254535413,-0.07276468999999999,0.003528779084225667,0.003496317752225766,0.7207631437156953,0.003528779084225667,0.12094394825753672,1
3592,0.16159998254535413,-0.07276468999999999,0.003528779084225667,0.003496317752225766,0.7207631437156953,0.003528779084225667,0.12094394825753672,1
3593,0.15830173406123807,-0.07276468999999999,0.003481079702505524,0.003481079702505524,0.7199773656534502,0.003481079702505524,0.1209347298241887,1
3594,0.15830173406123807,-0.07276468999999999,0.003481079702505524,0.003481079702505524,0.7199773656534502,0.003481079702505524,0.1209347298241887,1
3595,0.15830173406123807,-0.07276468999999999,0.003481079702505524,0.003481079702505524,0.7199773656534502,0.003481079702505524,0.1209347298241887,1
3596,0.15830173406123807,-0.07276468999999999,0.003481079702505524,0.003481079702505524,0.7199773656534502,0.003481079702505524,0.1209347298241887,1
3597,0.15830173406123807,-0.07276468999999999,0.003481079702505524,0.003481079702505524,0.7199773656534502,0.003481079702505524,0.1209347298241887,1
3598,0.15830173406123807,-0.07276468999999999,0.003481079702505524,0.003481079702505524,0.7199773656534502,0.003481079702505524,0.1209347298241887,1
3599,0.15830173406123807,-0.07276468999999999,0.003481079702505524,0.003481079702505524,0.7199773656534502,0.003481079702505524,0.1209347298241887,1
3600,0.15830173406123807,-0.07276468999999999,0.003481079702505524,0.003481079702505524,0.7199773656534502,0.003481079702505524,0.1209347298241887,1
3601,0.15830173406123807,-0.07276468999999999,0.003481079702505524,0.003481079702505524,0.7199773656534502,0.003481079702505524,0.1209347298241887,1
3602,0.15830173406123807,-0.07276468999999999,0.003481079702505524,0.003481079702505524,0.7199773656534502,0.003481079702505524,0.1209347298241887,1
3603,0.15830173406123807,-0.07276468999999999,0.003481079702505524,0.003481079702505524,0.7199773656534502,0.003481079702505524,0.1209347298241887,1
3604,0.15653767,-0.07276468999999999,0.0034259050868912315,0.0034259050868912315,0.7209031768559463,0.0034259050868912315,0.12015992753792393,1
3605,0.15653767,-0.07276468999999999,0.0034259050868912315,0.0034259050868912315,0.7209031768559463,0.0034259050868912315,0.12015992753792393,1
3606,0.15653767,-0.07276468999999999,0.0034259050868912315,0.0034259050868912315,0.7209031768559463,0.0034259050868912315,0.12015992753792393,1
3607,0.15653767,-0.07276468999999999,0.0034259050868912315,0.0034259050868912315,0.7209031768559463,0.0034259050868912315,0.12015992753792393,1
3608,0.15653767,-0.07276468999999999,0.0034259050868912315,0.0034259050868912315,0.7209031768559463,0.0034259050868912315,0.12015992753792393,1
3609,0.15653767,-0.07276468999999999,0.0034259050868912315,0.0034259050868912315,0.7209031768559463,0.0034259050868912315,0.12015992753792393,1
3610,0.15653767,-0.07276468999999999,0.0034259050868912315,0.0034259050868912315,0.7209031768559463,0.0034259050868912315,0.12015992753792393,1
3611,0.15653767,-0.07276468999999999,0.0034259050868912315,0.0034259050868912315,0.7209031768559463,0.0034259050868912315,0.12015992753792393,1
3612,0.15653767,-0.07276468999999999,0.0034259050868912315,0.0034259050868912315,0.7209031768559463,0.0034259050868912315,0.12015992753792393,1
3613,0.15653767,-0.07276468999999999,0.0034259050868912315,0.0034259050868912315,0.7209031768559463,0.0034259050868912315,0.12015992753792393,1
3614,0.15653767,-0.07276468999999999,0.0034259050868912315,0.0034259050868912315,0.7209031768559463,0.0034259050868912315,0.12015992753792393,1
3615,0.15653767,-0.07276468999999999,0.0034259050868912315,0.0034259050868912315,0.7209031768559463,0.0034259050868912315,0.12015992753792393,1
3616,0.15653767,-0.07276468999999999,0.0034259050868912315,0.0034259050868912315,0.7209031768559463,0.0034259050868912315,0.12015992753792393,1
3617,0.15653767,-0.07276468999999999,0.0034259050868912315,0.0034259050868912315,0.7209031768559463,0.0034259050868912315,0.12015992753792393,1
3618,0.15653767,-0.07276468999999999,0.0034259050868912315,0.0034259050868912315,0.7209031768559463,0.0034259050868912315,0.12015992753792393,1
3619,0.15653767,-0.07276468999999999,0.0034259050868912315,0.0034259050868912315,0.7209031768559463,0.0034259050868912315,0.12015992753792393,1
3620,0.15653767,-0.07276468999999999,0.0034259050868912315,0.0034259050868912315,0.7209031768559463,0.0034259050868912315,0.12015992753792393,1
3621,0.15653767,-0.07276468999999999,0.0034259050868912315,0.0034259050868912315,0.7209031768559463,0.0034259050868912315,0.12015992753792393,1
3622,0.15653767,-0.07276468999999999,0.0034259050868912315,0.0034259050868912315,0.7209031768559463,0.0034259050868912315,0.12015992753792393,1
3623,0.15653767,-0.07276468999999999,0.0034259050868912315,0.0034259050868912315,0.7209031768559463,0.0034259050868912315,0.12015992753792393,1
3624,0.15653767,-0.07276468999999999,0.0034259050868912315,0.0034259050868912315,0.7209031768559463,0.0034259050868912315,0.12015992753792393,1
3625,0.15653767,-0.07276468999999999,0.0034259050868912315,0.0034259050868912315,0.7209031768559463,0.0034259050868912315,0.12015992753792393,1
3626,0.15653767,-0.07276468999999999,0.0034259050868912315,0.0034259050868912315,0.7209031768559463,0.0034259050868912315,0.12015992753792393,1
3627,0.15653767,-0.07276468999999999,0.0034259050868912315,0.0034259050868912315,0.7209031768559463,0.0034259050868912315,0.12015992753792393,1
3628,0.15653767,-0.07276468999999999,0.0034259050868912315,0.0034259050868912315,0.7209031768559463,0.0034259050868912315,0.12015992753792393,1
3629,0.15653767,-0.07276468999999999,0.0034259050868912315,0.0034259050868912315,0.7209031768559463,0.0034259050868912315,0.12015992753792393,1
3630,0.15653767,-0.07276468999999999,0.0034259050868912315,0.0034259050868912315,0.7209031768559463,0.0034259050868912315,0.12015992753792393,1
3631,0.1567712896076893,-0.07276468999999999,0.0034740845384082725,0.0034259050868912315,0.7265611568084595,0.003459164736586341,0.11996137384070098,0
3632,0.15653767,-0.07276468999999999,0.0034458720767826445,0.0034259050868912315,0.7285191557360113,0.0034458720767826445,0.12041783039949835,1
3633,0.15653767,-0.07276468999999999,0.0034458720767826445,0.0034259050868912315,0.7285191557360113,0.0034458720767826445,0.12041783039949835,1
3634,0.15653767,-0.07276468999999999,0.0034458720767826445,0.0034259050868912315,0.7285191557360113,0.0034458720767826445,0.12041783039949835,1
3635,0.15653767,-0.07276468999999999,0.0034458720767826445,0.0034259050868912315,0.7285191557360113,0.0034458720767826445,0.12041783039949835,1
3636,0.15653767,-0.07276468999999999,0.0034458720767826445,0.0034259050868912315,0.7285191557360113,0.0034458720767826445,0.12041783039949835,1
3637,0.15653767,-0.07276468999999999,0.0034458720767826445,0.0034259050868912315,0.7285191557360113,0.0034458720767826445,0.12041783039949835,1
3638,0.15653767,-0.07276468999999999,0.0034458720767826445,0.0034259050868912315,0.7285191557360113,0.0034458720767826445,0.12041783039949835,1
3639,0.15653767,-0.07276468999999999,0.0034458720767826445,0.0034259050868912315,0.7285191557360113,0.0034458720767826445,0.12041783039949835,1
3640,0.15653767,-0.07276468999999999,0.0034458720767826445,0.0034259050868912315,0.7285191557360113,0.0034458720767826445,0.12041783039949835,1
3641,0.15653767,-0.07276468999999999,0.0034458720767826445,0.0034259050868912315,0.7285191557360113,0.0034458720767826445,0.12041783039949835,1
3642,0.15653767,-0.07276468999999999,0.0034458720767826445,0.0034259050868912315,0.7285191557360113,0.0034458720767826445,0.12041783039949835,1
3643,0.15653767,-0.07276468999999999,0.0034458720767826445,0.0034259050868912315,0.7285191557360113,0.0034458720767826445,0.12041783039949835,1
3644,0.15702264474661734,-0.07276468999999999,0.0034196186709231327,0.0034196186709231327,0.722173530551146,0.0034196186709231327,0.12018781594340852,1
3645,0.15702264474661734,-0.07276468999999999,0.0034196186709231327,0.0034196186709231327,0.722173530551146,0.0034196186709231327,0.12018781594340852,1
3646,0.15702264474661734,-0.07276468999999999,0.0034196186709231327,0.0034196186709231327,0.722173530551146,0.0034196186709231327,0.12018781594340852,1
3647,0.15702264474661734,-0.07276468999999999,0.0034196186709231327,0.0034196186709231327,0.722173530551146,0.0034196186709231327,0.12018781594340852,1
3648,0.15702264474661734,-0.07276468999999999,0.0034196186709231327,0.0034196186709231327,0.722173530551146,0.0034196186709231327,0.12018781594340852,1
3649,0.15702264474661734,-0.07276468999999999,0.0034196186709231327,0.0034196186709231327,0.722173530551146,0.0034196186709231327,0.12018781594340852,1
3650,0.15702264474661734,-0.07276468999999999,0.0034196186709231327,0.0034196186709231327,0.722173530551146,0.0034196186709231327,0.12018781594340852,1
3651,0.15702264474661734,-0.07276468999999999,0.0034196186709231327,0.0034196186709231327,0.722173530551146,0.0034196186709231327,0.12018781594340852,1
3652,0.15702264474661734,-0.07276468999999999,0.0034196186709231327,0.0034196186709231327,0.722173530551146,0.0034196186709231327,0.12018781594340852,1
3653,0.15702264474661734,-0.07276468999999999,0.0034196186709231327,0.0034196186709231327,0.722173530551146,0.0034196186709231327,0.12018781594340852,1
3654,0.15702264474661734,-0.07276468999999999,0.0034196186709231327,0.0034196186709231327,0.722173530551146,0.0034196186709231327,0.12018781594340852,1
3655,0.15702264474661734,-0.07276468999999999,0.0034196186709231327,0.0034196186709231327,0.722173530551146,0.0034196186709231327,0.12018781594340852,1
3656,0.15702264474661734,-0.07276468999999999,0.0034196186709231327,0.0034196186709231327,0.722173530551146,0.0034196186709231327,0.12018781594340852,1
3657,0.15702264474661734,-0.07276468999999999,0.0034196186709231327,0.0034196186709231327,0.722173530551146,0.0034196186709231327,0.12018781594340852,1
3658,0.15702264474661734,-0.07276468999999999,0.0034196186709231327,0.0034196186709231327,0.722173530551146,0.0034196186709231327,0.12018781594340852,1
3659,0.15702264474661734,-0.07276468999999999,0.0034196186709231327,0.0034196186709231327,0.722173530551146,0.0034196186709231327,0.12018781594340852,1
3660,0.15702264474661734,-0.07276468999999999,0.0034196186709231327,0.0034196186709231327,0.722173530551146,0.0034196186709231327,0.12018781594340852,1
3661,0.15702264474661734,-0.07276468999999999,0.0034196186709231327,0.0034196186709231327,0.722173530551146,0.0034196186709231327,0.12018781594340852,1
3662,0.15653767,-0.07387041815397213,0.0034498128850799243,0.0034196186709231327,0.7249083491236346,0.0034498128850799243,0.12127650550584224,1
3663,0.15653767,-0.07387041815397213,0.0034498128850799243,0.0034196186709231327,0.7249083491236346,0.0034498128850799243,0.12127650550584224,1
3664,0.15653767,-0.07387041815397213,0.0034498128850799243,0.0034196186709231327,0.7249083491236346,0.0034498128850799243,0.12127650550584224,1
3665,0.15653767,-0.07387041815397213,0.0034498128850799243,0.0034196186709231327,0.7249083491236346,0.0034498128850799243,0.12127650550584224,1
3666,0.15653767,-0.07465918972229169,0.0034120009638276137,0.0034120009638276137,0.7209673580603169,0.0034120009638276137,0.12051981693463486,1
3667,0.15653767,-0.07465918972229169,0.0034120009638276137,0.0034120009638276137,0.7209673580603169,0.0034120009638276137,0.12051981693463486,1
3668,0.15653767,-0.07465918972229169,0.0034120009638276137,0.0034120009638276137,0.7209673580603169,0.0034120009638276137,0.12051981693463486,1
3669,0.15653767,-0.07465918972229169,0.0034120009638276137,0.0034120009638276137,0.7209673580603169,0.0034120009638276137,0.12051981693463486,1
3670,0.15653767,-0.07465918972229169,0.0034120009638276137,0.0034120009638276137,0.7209673580603169,0.0034120009638276137,0.12051981693463486,1
3671,0.15653767,-0.07465918972229169,0.0034120009638276137,0.0034120009638276137,0.7209673580603169,0.0034120009638276137,0.12051981693463486,1
3672,0.15653767,-0.07276468999999999,0.0034442337783791594,0.0034120009638276137,0.7195591301628903,0.003427530342525414,0.12158399164038665,0
3673,0.15653767,-0.07276468999999999,0.0034442337783791594,0.0034120009638276137,0.7195591301628903,0.003427530342525414,0.12158399164038665,0
3674,0.15653767,-0.07276468999999999,0.0034442337783791594,0.0034120009638276137,0.7195591301628903,0.003427530342525414,0.12158399164038665,0
3675,0.15653767,-0.07276468999999999,0.0034442337783791594,0.0034120009638276137,0.7195591301628903,0.003427530342525414,0.12158399164038665,0
3676,0.15653767,-0.07276468999999999,0.0034517442183555637,0.0034120009638276137,0.7241904789071067,0.0034517442183555637,0.1218642070781404,1
3677,0.15653767,-0.07276468999999999,0.0034514955536945704,0.0034120009638276137,0.7234721587895511,0.0034514955536945704,0.1207089287001973,1
3678,0.15653767,-0.07276468999999999,0.0034514955536945704,0.0034120009638276137,0.7234721587895511,0.0034514955536945704,0.1207089287001973,1
3679,0.15653767,-0.07276468999999999,0.0034514955536945704,0.0034120009638276137,0.7234721587895511,0.0034514955536945704,0.1207089287001973,1
3680,0.15653767,-0.07276468999999999,0.0034514955536945704,0.0034120009638276137,0.7234721587895511,0.0034514955536945704,0.1207089287001973,1
3681,0.15653767,-0.07276468999999999,0.0034514955536945704,0.0034120009638276137,0.7234721587895511,0.0034514955536945704,0.1207089287001973,1
3682,0.15653767,-0.07276468999999999,0.0034514955536945704,0.0034120009638276137,0.7234721587895511,0.0034514955536945704,0.1207089287001973,1
3683,0.15653767,-0.07276468999999999,0.0034514955536945704,0.0034120009638276137,0.7234721587895511,0.0034514955536945704,0.1207089287001973,1
3684,0.15653767,-0.07276468999999999,0.0034514955536945704,0.0034120009638276137,0.7234721587895511,0.0034514955536945704,0.1207089287001973,1
3685,0.15653767,-0.07276468999999999,0.003439641748183266,0.0034120009638276137,0.7249324207421193,0.003439641748183266,0.12141297164949887,1
3686,0.15653767,-0.07276468999999999,0.003439641748183266,0.0034120009638276137,0.7249324207421193,0.003439641748183266,0.12141297164949887,1
3687,0.15653767,-0.07276468999999999,0.003439641748183266,0.0034120009638276137,0.7249324207421193,0.003439641748183266,0.12141297164949887,1
3688,0.15653767,-0.07276468999999999,0.003439641748183266,0.0034120009638276137,0.7249324207421193,0.003439641748183266,0.12141297164949887,1
3689,0.15653767,-0.07276468999999999,0.003439641748183266,0.0034120009638276137,0.7249324207421193,0.003439641748183266,0.12141297164949887,1
3690,0.15653767,-0.07276468999999999,0.003439641748183266,0.0034120009638276137,0.7249324207421193,0.003439641748183266,0.12141297164949887,1
3691,0.15653767,-0.07276468999999999,0.003439641748183266,0.0034120009638276137,0.7249324207421193,0.003439641748183266,0.12141297164949887,1
3692,0.15653767,-0.07433920347140853,0.0034770727705940242,0.0034120009638276137,0.7208389041497522,0.0034770727705940242,0.12228139896908743,1
3693,0.15653767,-0.07433920347140853,0.0034770727705940242,0.0034120009638276137,0.7208389041497522,0.0034770727705940242,0.12228139896908743,1
3694,0.15653767,-0.07433920347140853,0.0034770727705940242,0.0034120009638276137,0.7208389041497522,0.0034770727705940242,0.12228139896908743,1
3695,0.15653767,-0.07433920347140853,0.0034770727705940242,0.0034120009638276137,0.7208389041497522,0.0034770727705940242,0.12228139896908743,1
3696,0.15653767,-0.07433920347140853,0.0034770727705940242,0.0034120009638276137,0.7208389041497522,0.0034770727705940242,0.12228139896908743,1
3697,0.15653767,-0.07276468999999999,0.0034626486571357365,0.0034120009638276137,0.7237296788700917,0.0034626486571357365,0.12185565111129328,1
3698,0.16080198179086153,-0.07425734733591113,0.0034504071692610452,0.0034120009638276137,0.7207626894605225,0.0034504071692610452,0.12113556058889723,1
3699,0.16080198179086153,-0.07425734733591113,0.0034504071692610452,0.0034120009638276137,0.7207626894605225,0.0034504071692610452,0.12113556058889723,1
3700,0.16080198179086153,-0.07425734733591113,0.0034504071692610452,0.0034120009638276137,0.7207626894605225,0.0034504071692610452,0.12113556058889723,1
3701,0.16764717833912343,-0.07276468999999999,0.003448354081554287,0.0034120009638276137,0.7197145990732475,0.003448354081554287,0.1215944627192406,1
3702,0.16764717833912343,-0.07276468999999999,0.003448354081554287,0.0034120009638276137,0.7197145990732475,0.003448354081554287,0.1215944627192406,1
3703,0.1654393141490436,-0.07276468999999999,0.0034339010295498236,0.0034120009638276137,0.7214652433638031,0.0034339010295498236,0.12086318344784013,1
3704,0.1654393141490436,-0.07276468999999999,0.0034339010295498236,0.0034120009638276137,0.7214652433638031,0.0034339010295498236,0.12086318344784013,1
3705,0.1654393141490436,-0.07276468999999999,0.0034339010295498236,0.0034120009638276137,0.7214652433638031,0.0034339010295498236,0.12086318344784013,1
3706,0.1654393141490436,-0.07276468999999999,0.0034339010295498236,0.0034120009638276137,0.7214652433638031,0.0034339010295498236,0.12086318344784013,1
3707,0.1654393141490436,-0.07276468999999999,0.0034339010295498236,0.0034120009638276137,0.7214652433638031,0.0034339010295498236,0.12086318344784013,1
3708,0.1654393141490436,-0.07276468999999999,0.0034339010295498236,0.0034120009638276137,0.7214652433638031,0.0034339010295498236,0.12086318344784013,1
3709,0.1654393141490436,-0.07276468999999999,0.0034339010295498236,0.0034120009638276137,0.7214652433638031,0.0034339010295498236,0.12086318344784013,1
3710,0.1654393141490436,-0.07276468999999999,0.0034339010295498236,0.0034120009638276137,0.7214652433638031,0.0034339010295498236,0.12086318344784013,1
3711,0.1654393141490436,-0.07276468999999999,0.0034339010295498236,0.0034120009638276137,0.7214652433638031,0.0034339010295498236,0.12086318344784013,1
3712,0.1654393141490436,-0.07276468999999999,0.0034339010295498236,0.0034120009638276137,0.7214652433638031,0.0034339010295498236,0.12086318344784013,1
3713,0.1654393141490436,-0.07276468999999999,0.0034339010295498236,0.0034120009638276137,0.7214652433638031,0.0034339010295498236,0.12086318344784013,1
3714,0.1654393141490436,-0.07276468999999999,0.0034339010295498236,0.0034120009638276137,0.7214652433638031,0.0034339010295498236,0.12086318344784013,1
3715,0.1654393141490436,-0.07276468999999999,0.0034339010295498236,0.0034120009638276137,0.7214652433638031,0.0034339010295498236,0.12086318344784013,1
3716,0.1654393141490436,-0.07276468999999999,0.0034339010295498236,0.0034120009638276137,0.7214652433638031,0.0034339010295498236,0.12086318344784013,1
3717,0.1654393141490436,-0.07276468999999999,0.0034339010295498236,0.0034120009638276137,0.7214652433638031,0.0034339010295498236,0.12086318344784013,1
3718,0.1654393141490436,-0.07276468999999999,0.0034339010295498236,0.0034120009638276137,0.7214652433638031,0.0034339010295498236,0.12086318344784013,1
3719,0.1654393141490436,-0.07276468999999999,0.0034339010295498236,0.0034120009638276137,0.7214652433638031,0.0034339010295498236,0.12086318344784013,1
3720,0.1654393141490436,-0.07276468999999999,0.0034339010295498236,0.0034120009638276137,0.7214652433638031,0.0034339010295498236,0.12086318344784013,1
3721,0.1654393141490436,-0.07276468999999999,0.0034339010295498236,0.0034120009638276137,0.7214652433638031,0.0034339010295498236,0.12086318344784013,1
3722,0.1654393141490436,-0.07276468999999999,0.0034339010295498236,0.0034120009638276137,0.7214652433638031,0.0034339010295498236,0.12086318344784013,1
3723,0.1654393141490436,-0.07276468999999999,0.0034339010295498236,0.0034120009638276137,0.7214652433638031,0.0034339010295498236,0.12086318344784013,1
3724,0.1654393141490436,-0.07276468999999999,0.0034339010295498236,0.0034120009638276137,0.7214652433638031,0.0034339010295498236,0.12086318344784013,1
3725,0.1654393141490436,-0.07276468999999999,0.0034339010295498236,0.0034120009638276137,0.7214652433638031,0.0034339010295498236,0.12086318344784013,1
3726,0.1621363172079779,-0.07276468999999999,0.0034533704867460865,0.0034120009638276137,0.7279403248235541,0.0034533704867460865,0.12033621957091827,1
3727,0.1621363172079779,-0.07276468999999999,0.0034533704867460865,0.0034120009638276137,0.7279403248235541,0.0034533704867460865,0.12033621957091827,1
3728,0.1621363172079779,-0.07276468999999999,0.0034533704867460865,0.0034120009638276137,0.7279403248235541,0.0034533704867460865,0.12033621957091827,1
3729,0.1621363172079779,-0.07276468999999999,0.0034533704867460865,0.0034120009638276137,0.7279403248235541,0.0034533704867460865,0.12033621957091827,1
3730,0.1621363172079779,-0.07276468999999999,0.0034533704867460865,0.0034120009638276137,0.7279403248235541,0.0034533704867460865,0.12033621957091827,1
3731,0.1621363172079779,-0.07276468999999999,0.0034533704867460865,0.0034120009638276137,0.7279403248235541,0.0034533704867460865,0.12033621957091827,1
3732,0.1621363172079779,-0.07276468999999999,0.0034533704867460865,0.0034120009638276137,0.7279403248235541,0.0034533704867460865,0.12033621957091827,1
3733,0.1621363172079779,-0.07276468999999999,0.0034533704867460865,0.0034120009638276137,0.7279403248235541,0.0034533704867460865,0.12033621957091827,1
3734,0.1621363172079779,-0.07276468999999999,0.0034533704867460865,0.0034120009638276137,0.7279403248235541,0.0034533704867460865,0.12033621957091827,1
3735,0.1621363172079779,-0.07276468999999999,0.0034533704867460865,0.0034120009638276137,0.7279403248235541,0.0034533704867460865,0.12033621957091827,1
3736,0.1621363172079779,-0.07276468999999999,0.0034533704867460865,0.0034120009638276137,0.7279403248235541,0.0034533704867460865,0.12033621957091827,1
3737,0.1621363172079779,-0.07276468999999999,0.0034533704867460865,0.0034120009638276137,0.7279403248235541,0.0034533704867460865,0.12033621957091827,1
3738,0.1621363172079779,-0.07276468999999999,0.0034533704867460865,0.0034120009638276137,0.7279403248235541,0.0034533704867460865,0.12033621957091827,1
3739,0.1621363172079779,-0.07276468999999999,0.0034533704867460865,0.0034120009638276137,0.7279403248235541,0.0034533704867460865,0.12033621957091827,1
3740,0.1621363172079779,-0.07276468999999999,0.0034533704867460865,0.0034120009638276137,0.7279403248235541,0.0034533704867460865,0.12033621957091827,1
3741,0.1621363172079779,-0.07276468999999999,0.0034533704867460865,0.0034120009638276137,0.7279403248235541,0.0034533704867460865,0.12033621957091827,1
3742,0.1621363172079779,-0.07276468999999999,0.0034533704867460865,0.0034120009638276137,0.7279403248235541,0.0034533704867460865,0.12033621957091827,1
3743,0.1621363172079779,-0.07276468999999999,0.0034533704867460865,0.0034120009638276137,0.7279403248235541,0.0034533704867460865,0.12033621957091827,1
3744,0.1621363172079779,-0.07276468999999999,0.0034533704867460865,0.0034120009638276137,0.7279403248235541,0.0034533704867460865,0.12033621957091827,1
3745,0.1621363172079779,-0.07276468999999999,0.0034533704867460865,0.0034120009638276137,0.7279403248235541,0.0034533704867460865,0.12033621957091827,1
3746,0.1621363172079779,-0.07276468999999999,0.0034533704867460865,0.0034120009638276137,0.7279403248235541,0.0034533704867460865,0.12033621957091827,1
3747,0.1621363172079779,-0.07276468999999999,0.0034533704867460865,0.0034120009638276137,0.7279403248235541,0.0034533704867460865,0.12033621957091827,1
3748,0.1621363172079779,-0.07276468999999999,0.0034533704867460865,0.0034120009638276137,0.7279403248235541,0.0034533704867460865,0.12033621957091827,1
3749,0.1621363172079779,-0.07276468999999999,0.0034533704867460865,0.0034120009638276137,0.7279403248235541,0.0034533704867460865,0.12033621957091827,1
3750,0.1621363172079779,-0.07276468999999999,0.0034533704867460865,0.0034120009638276137,0.7279403248235541,0.0034533704867460865,0.12033621957091827,1
3751,0.1621363172079779,-0.07276468999999999,0.0034533704867460865,0.0034120009638276137,0.7279403248235541,0.0034533704867460865,0.12033621957091827,1
3752,0.1621363172079779,-0.07276468999999999,0.0034533704867460865,0.0034120009638276137,0.7279403248235541,0.0034533704867460865,0.12033621957091827,1
3753,0.1621363172079779,-0.07276468999999999,0.0034533704867460865,0.0034120009638276137,0.7279403248235541,0.0034533704867460865,0.12033621957091827,1
3754,0.1621363172079779,-0.07276468999999999,0.0034533704867460865,0.0034120009638276137,0.7279403248235541,0.0034533704867460865,0.12033621957091827,1
3755,0.1621363172079779,-0.07276468999999999,0.0034533704867460865,0.0034120009638276137,0.7279403248235541,0.0034533704867460865,0.12033621957091827,1
3756,0.1621363172079779,-0.07276468999999999,0.0034533704867460865,0.0034120009638276137,0.7279403248235541,0.0034533704867460865,0.12033621957091827,1
3757,0.16351628291998346,-0.07387438191327808,0.003482637225589618,0.0034120009638276137,0.729147108892276,0.003482637225589618,0.12108310854931936,1
3758,0.16351628291998346,-0.07387438191327808,0.003482637225589618,0.0034120009638276137,0.729147108892276,0.003482637225589618,0.12108310854931936,1
3759,0.16351628291998346,-0.07387438191327808,0.003482637225589618,0.0034120009638276137,0.729147108892276,0.003482637225589618,0.12108310854931936,1
3760,0.1610764343989636,-0.07317515994926918,0.0034831224462822954,0.0034120009638276137,0.7304267100489915,0.0034831224462822954,0.12065837109883608,1
3761,0.1610764343989636,-0.07317515994926918,0.0034831224462822954,0.0034120009638276137,0.7304267100489915,0.0034831224462822954,0.12065837109883608,1
3762,0.16347987075275716,-0.07276468999999999,0.003461347753082159,0.0034120009638276137,0.7259226191485091,0.003461347753082159,0.1205216426580199,1
3763,0.16347987075275716,-0.07276468999999999,0.003461347753082159,0.0034120009638276137,0.7259226191485091,0.003461347753082159,0.1205216426580199,1
3764,0.16347987075275716,-0.07276468999999999,0.003461347753082159,0.0034120009638276137,0.7259226191485091,0.003461347753082159,0.1205216426580199,1
3765,0.16347987075275716,-0.07276468999999999,0.003461347753082159,0.0034120009638276137,0.7259226191485091,0.003461347753082159,0.1205216426580199,1
3766,0.16347987075275716,-0.07276468999999999,0.003461347753082159,0.0034120009638276137,0.7259226191485091,0.003461347753082159,0.1205216426580199,1
3767,0.16347987075275716,-0.07276468999999999,0.003461347753082159,0.0034120009638276137,0.7259226191485091,0.003461347753082159,0.1205216426580199,1
3768,0.16347987075275716,-0.07276468999999999,0.003461347753082159,0.0034120009638276137,0.7259226191485091,0.003461347753082159,0.1205216426580199,1
3769,0.16347987075275716,-0.07276468999999999,0.003461347753082159,0.0034120009638276137,0.7259226191485091,0.003461347753082159,0.1205216426580199,1
3770,0.16347987075275716,-0.07276468999999999,0.003461347753082159,0.0034120009638276137,0.7259226191485091,0.003461347753082159,0.1205216426580199,1
3771,0.16347987075275716,-0.07276468999999999,0.003461347753082159,0.0034120009638276137,0.7259226191485091,0.003461347753082159,0.1205216426580199,1
3772,0.16347987075275716,-0.07276468999999999,0.003461347753082159,0.0034120009638276137,0.7259226191485091,0.003461347753082159,0.1205216426580199,1
3773,0.1581930097012372,-0.0745436948552334,0.0034433547511753346,0.0034120009638276137,0.7303238585248775,0.0034433547511753346,0.12062011919980689,1
3774,0.15654828061239306,-0.07296845329208117,0.0034429551181642,0.0034120009638276137,0.7315989811139911,0.0034429551181642,0.12008738897487176,1
3775,0.15654828061239306,-0.07296845329208117,0.0034429551181642,0.0034120009638276137,0.7315989811139911,0.0034429551181642,0.12008738897487176,1
3776,0.15654828061239306,-0.07296845329208117,0.0034429551181642,0.0034120009638276137,0.7315989811139911,0.0034429551181642,0.12008738897487176,1
3777,0.15654828061239306,-0.07296845329208117,0.0034429551181642,0.0034120009638276137,0.7315989811139911,0.0034429551181642,0.12008738897487176,1
3778,0.15654828061239306,-0.07296845329208117,0.0034429551181642,0.0034120009638276137,0.7315989811139911,0.0034429551181642,0.12008738897487176,1
3779,0.15654828061239306,-0.07296845329208117,0.0034429551181642,0.0034120009638276137,0.7315989811139911,0.0034429551181642,0.12008738897487176,1
3780,0.15654828061239306,-0.07296845329208117,0.0034429551181642,0.0034120009638276137,0.7315989811139911,0.0034429551181642,0.12008738897487176,1
3781,0.15779419731428124,-0.07276468999999999,0.0034436494204830074,0.0034120009638276137,0.7331913698305981,0.0034436494204830074,0.12032003169930214,1
3782,0.15779419731428124,-0.07276468999999999,0.0034436494204830074,0.0034120009638276137,0.7331913698305981,0.0034436494204830074,0.12032003169930214,1
3783,0.15779419731428124,-0.07276468999999999,0.0034436494204830074,0.0034120009638276137,0.7331913698305981,0.0034436494204830074,0.12032003169930214,1
3784,0.15779419731428124,-0.07276468999999999,0.0034436494204830074,0.0034120009638276137,0.7331913698305981,0.0034436494204830074,0.12032003169930214,1
3785,0.15779419731428124,-0.07276468999999999,0.0034436494204830074,0.0034120009638276137,0.7331913698305981,0.0034436494204830074,0.12032003169930214,1
3786,0.15779419731428124,-0.07276468999999999,0.0034436494204830074,0.0034120009638276137,0.7331913698305981,0.0034436494204830074,0.12032003169930214,1
3787,0.15779419731428124,-0.07276468999999999,0.0034436494204830074,0.0034120009638276137,0.7331913698305981,0.0034436494204830074,0.12032003169930214,1
3788,0.15779419731428124,-0.07276468999999999,0.0034436494204830074,0.0034120009638276137,0.7331913698305981,0.0034436494204830074,0.12032003169930214,1
3789,0.15779419731428124,-0.07276468999999999,0.0034436494204830074,0.0034120009638276137,0.7331913698305981,0.0034436494204830074,0.12032003169930214,1
3790,0.15779419731428124,-0.07276468999999999,0.0034436494204830074,0.0034120009638276137,0.7331913698305981,0.0034436494204830074,0.12032003169930214,1
3791,0.15779419731428124,-0.07276468999999999,0.0034436494204830074,0.0034120009638276137,0.7331913698305981,0.0034436494204830074,0.12032003169930214,1
3792,0.15779419731428124,-0.07276468999999999,0.0034436494204830074,0.0034120009638276137,0.7331913698305981,0.0034436494204830074,0.12032003169930214,1
3793,0.15779419731428124,-0.07276468999999999,0.0034436494204830074,0.0034120009638276137,0.7331913698305981,0.0034436494204830074,0.12032003169930214,1
3794,0.15779419731428124,-0.07276468999999999,0.0034436494204830074,0.0034120009638276137,0.7331913698305981,0.0034436494204830074,0.12032003169930214,1
3795,0.15779419731428124,-0.07276468999999999,0.0034436494204830074,0.0034120009638276137,0.7331913698305981,0.0034436494204830074,0.12032003169930214,1
3796,0.15779419731428124,-0.07276468999999999,0.0034436494204830074,0.0034120009638276137,0.7331913698305981,0.0034436494204830074,0.12032003169930214,1
3797,0.15779419731428124,-0.07276468999999999,0.0034436494204830074,0.0034120009638276137,0.7331913698305981,0.0034436494204830074,0.12032003169930214,1
3798,0.15779419731428124,-0.07276468999999999,0.0034436494204830074,0.0034120009638276137,0.7331913698305981,0.0034436494204830074,0.12032003169930214,1
3799,0.15779419731428124,-0.07276468999999999,0.0034436494204830074,0.0034120009638276137,0.7331913698305981,0.0034436494204830074,0.12032003169930214,1
3800,0.15653767,-0.07779850346691806,0.0034354161305736666,0.0034120009638276137,0.7243246021891413,0.0034354161305736666,0.12011643687851505,1
3801,0.15653767,-0.07779850346691806,0.0034354161305736666,0.0034120009638276137,0.7243246021891413,0.0034354161305736666,0.12011643687851505,1
3802,0.15653767,-0.07779850346691806,0.0034354161305736666,0.0034120009638276137,0.7243246021891413,0.0034354161305736666,0.12011643687851505,1
3803,0.15653767,-0.07779850346691806,0.0034354161305736666,0.0034120009638276137,0.7243246021891413,0.0034354161305736666,0.12011643687851505,1
3804,0.15653767,-0.07779850346691806,0.0034354161305736666,0.0034120009638276137,0.7243246021891413,0.0034354161305736666,0.12011643687851505,1
3805,0.15653767,-0.07779850346691806,0.0034354161305736666,0.0034120009638276137,0.7243246021891413,0.0034354161305736666,0.12011643687851505,1
3806,0.15653767,-0.07276468999999999,0.0034304740872288368,0.0034120009638276137,0.7251298042553881,0.0034304740872288368,0.12098943441760046,1
3807,0.15653767,-0.07276468999999999,0.0034304740872288368,0.0034120009638276137,0.7251298042553881,0.0034304740872288368,0.12098943441760046,1
3808,0.15653767,-0.07276468999999999,0.0034304740872288368,0.0034120009638276137,0.7251298042553881,0.0034304740872288368,0.12098943441760046,1
3809,0.15653767,-0.07276468999999999,0.0034304740872288368,0.0034120009638276137,0.7251298042553881,0.0034304740872288368,0.12098943441760046,1
3810,0.15653767,-0.07276468999999999,0.0034304740872288368,0.0034120009638276137,0.7251298042553881,0.0034304740872288368,0.12098943441760046,1
3811,0.15653767,-0.07276468999999999,0.0034304740872288368,0.0034120009638276137,0.7251298042553881,0.0034304740872288368,0.12098943441760046,1
3812,0.15653767,-0.07276468999999999,0.0034304740872288368,0.0034120009638276137,0.7251298042553881,0.0034304740872288368,0.12098943441760046,1
3813,0.15653767,-0.07276468999999999,0.0034304740872288368,0.0034120009638276137,0.7251298042553881,0.0034304740872288368,0.12098943441760046,1
3814,0.15755337037276915,-0.07276468999999999,0.0034294345727067196,0.0034120009638276137,0.72105785907118,0.0034294345727067196,0.12058442386960956,1
3815,0.15755337037276915,-0.07276468999999999,0.0034294345727067196,0.0034120009638276137,0.72105785907118,0.0034294345727067196,0.12058442386960956,1
3816,0.15755337037276915,-0.07276468999999999,0.0034294345727067196,0.0034120009638276137,0.72105785907118,0.0034294345727067196,0.12058442386960956,1
3817,0.15755337037276915,-0.07276468999999999,0.0034294345727067196,0.0034120009638276137,0.72105785907118,0.0034294345727067196,0.12058442386960956,1
3818,0.15755337037276915,-0.07276468999999999,0.0034294345727067196,0.0034120009638276137,0.72105785907118,0.0034294345727067196,0.12058442386960956,1
3819,0.15755337037276915,-0.07276468999999999,0.0034294345727067196,0.0034120009638276137,0.72105785907118,0.0034294345727067196,0.12058442386960956,1
3820,0.15755337037276915,-0.07276468999999999,0.0034294345727067196,0.0034120009638276137,0.72105785907118,0.0034294345727067196,0.12058442386960956,1
3821,0.15755337037276915,-0.07276468999999999,0.0034294345727067196,0.0034120009638276137,0.72105785907118,0.0034294345727067196,0.12058442386960956,1
3822,0.15755337037276915,-0.07276468999999999,0.0034294345727067196,0.0034120009638276137,0.72105785907118,0.0034294345727067196,0.12058442386960956,1
3823,0.15755337037276915,-0.07276468999999999,0.0034294345727067196,0.0034120009638276137,0.72105785907118,0.0034294345727067196,0.12058442386960956,1
3824,0.15755337037276915,-0.07276468999999999,0.0034294345727067196,0.0034120009638276137,0.72105785907118,0.0034294345727067196,0.12058442386960956,1
3825,0.15755337037276915,-0.07276468999999999,0.0034294345727067196,0.0034120009638276137,0.72105785907118,0.0034294345727067196,0.12058442386960956,1
3826,0.15755337037276915,-0.07276468999999999,0.0034294345727067196,0.0034120009638276137,0.72105785907118,0.0034294345727067196,0.12058442386960956,1
3827,0.15755337037276915,-0.07276468999999999,0.0034294345727067196,0.0034120009638276137,0.72105785907118,0.0034294345727067196,0.12058442386960956,1
3828,0.15755337037276915,-0.07276468999999999,0.0034294345727067196,0.0034120009638276137,0.72105785907118,0.0034294345727067196,0.12058442386960956,1
3829,0.15755337037276915,-0.07276468999999999,0.0034294345727067196,0.0034120009638276137,0.72105785907118,0.0034294345727067196,0.12058442386960956,1
3830,0.15755337037276915,-0.07276468999999999,0.0034294345727067196,0.0034120009638276137,0.72105785907118,0.0034294345727067196,0.12058442386960956,1
3831,0.15755337037276915,-0.07276468999999999,0.0034294345727067196,0.0034120009638276137,0.72105785907118,0.0034294345727067196,0.12058442386960956,1
3832,0.15755337037276915,-0.07276468999999999,0.0034294345727067196,0.0034120009638276137,0.72105785907118,0.0034294345727067196,0.12058442386960956,1
3833,0.15755337037276915,-0.07276468999999999,0.0034294345727067196,0.0034120009638276137,0.72105785907118,0.0034294345727067196,0.12058442386960956,1
3834,0.15755337037276915,-0.07276468999999999,0.0034294345727067196,0.0034120009638276137,0.72105785907118,0.0034294345727067196,0.12058442386960956,1
3835,0.15755337037276915,-0.07276468999999999,0.0034294345727067196,0.0034120009638276137,0.72105785907118,0.0034294345727067196,0.12058442386960956,1
3836,0.15755337037276915,-0.07276468999999999,0.0034294345727067196,0.0034120009638276137,0.72105785907118,0.0034294345727067196,0.12058442386960956,1
3837,0.15755337037276915,-0.07276468999999999,0.0034294345727067196,0.0034120009638276137,0.72105785907118,0.0034294345727067196,0.12058442386960956,1
3838,0.15755337037276915,-0.07276468999999999,0.0034294345727067196,0.0034120009638276137,0.72105785907118,0.0034294345727067196,0.12058442386960956,1
3839,0.15755337037276915,-0.07276468999999999,0.0034294345727067196,0.0034120009638276137,0.72105785907118,0.0034294345727067196,0.12058442386960956,1
3840,0.15755337037276915,-0.07276468999999999,0.0034294345727067196,0.0034120009638276137,0.72105785907118,0.0034294345727067196,0.12058442386960956,1
3841,0.15755337037276915,-0.07276468999999999,0.0034294345727067196,0.0034120009638276137,0.72105785907118,0.0034294345727067196,0.12058442386960956,1
3842,0.15755337037276915,-0.07276468999999999,0.0034294345727067196,0.0034120009638276137,0.72105785907118,0.0034294345727067196,0.12058442386960956,1
3843,0.15755337037276915,-0.07276468999999999,0.0034294345727067196,0.0034120009638276137,0.72105785907118,0.0034294345727067196,0.12058442386960956,1
3844,0.15755337037276915,-0.07276468999999999,0.0034294345727067196,0.0034120009638276137,0.72105785907118,0.0034294345727067196,0.12058442386960956,1
3845,0.15755337037276915,-0.07276468999999999,0.0034294345727067196,0.0034120009638276137,0.72105785907118,0.0034294345727067196,0.12058442386960956,1
3846,0.15755337037276915,-0.07276468999999999,0.0034294345727067196,0.0034120009638276137,0.72105785907118,0.0034294345727067196,0.12058442386960956,1
3847,0.15755337037276915,-0.07276468999999999,0.0034294345727067196,0.0034120009638276137,0.72105785907118,0.0034294345727067196,0.12058442386960956,1
3848,0.15755337037276915,-0.07276468999999999,0.0034294345727067196,0.0034120009638276137,0.72105785907118,0.0034294345727067196,0.12058442386960956,1
3849,0.15755337037276915,-0.07276468999999999,0.0034294345727067196,0.0034120009638276137,0.72105785907118,0.0034294345727067196,0.12058442386960956,1
3850,0.15755337037276915,-0.07276468999999999,0.0034294345727067196,0.0034120009638276137,0.72105785907118,0.0034294345727067196,0.12058442386960956,1
3851,0.15755337037276915,-0.07276468999999999,0.0034294345727067196,0.0034120009638276137,0.72105785907118,0.0034294345727067196,0.12058442386960956,1
3852,0.15755337037276915,-0.07276468999999999,0.0034294345727067196,0.0034120009638276137,0.72105785907118,0.0034294345727067196,0.12058442386960956,1
3853,0.15755337037276915,-0.07276468999999999,0.0034294345727067196,0.0034120009638276137,0.72105785907118,0.0034294345727067196,0.12058442386960956,1
3854,0.15755337037276915,-0.07276468999999999,0.0034294345727067196,0.0034120009638276137,0.72105785907118,0.0034294345727067196,0.12058442386960956,1
3855,0.15755337037276915,-0.07276468999999999,0.0034294345727067196,0.0034120009638276137,0.72105785907118,0.0034294345727067196,0.12058442386960956,1
3856,0.15755337037276915,-0.07276468999999999,0.0034294345727067196,0.0034120009638276137,0.72105785907118,0.0034294345727067196,0.12058442386960956,1
3857,0.15755337037276915,-0.07276468999999999,0.0034294345727067196,0.0034120009638276137,0.72105785907118,0.0034294345727067196,0.12058442386960956,1
3858,0.15755337037276915,-0.07276468999999999,0.0034294345727067196,0.0034120009638276137,0.72105785907118,0.0034294345727067196,0.12058442386960956,1
3859,0.15755337037276915,-0.07276468999999999,0.0034294345727067196,0.0034120009638276137,0.72105785907118,0.0034294345727067196,0.12058442386960956,1
3860,0.15755337037276915,-0.07276468999999999,0.0034294345727067196,0.0034120009638276137,0.72105785907118,0.0034294345727067196,0.12058442386960956,1
3861,0.15755337037276915,-0.07276468999999999,0.0034294345727067196,0.0034120009638276137,0.72105785907118,0.0034294345727067196,0.12058442386960956,1
3862,0.15755337037276915,-0.07276468999999999,0.0034294345727067196,0.0034120009638276137,0.72105785907118,0.0034294345727067196,0.12058442386960956,1
3863,0.15653767,-0.07276468999999999,0.0034198499920512354,0.0034120009638276137,0.7205819680590142,0.0034198499920512354,0.12122131751063853,1
3864,0.15653767,-0.07276468999999999,0.0034198499920512354,0.0034120009638276137,0.7205819680590142,0.0034198499920512354,0.12122131751063853,1
3865,0.15653767,-0.07276468999999999,0.0034198499920512354,0.0034120009638276137,0.7205819680590142,0.0034198499920512354,0.12122131751063853,1
3866,0.15653767,-0.07276468999999999,0.0034198499920512354,0.0034120009638276137,0.7205819680590142,0.0034198499920512354,0.12122131751063853,1
3867,0.15653767,-0.07276468999999999,0.0034198499920512354,0.0034120009638276137,0.7205819680590142,0.0034198499920512354,0.12122131751063853,1
3868,0.15653767,-0.07276468999999999,0.0034198499920512354,0.0034120009638276137,0.7205819680590142,0.0034198499920512354,0.12122131751063853,1
3869,0.15653767,-0.07276468999999999,0.0034198499920512354,0.0034120009638276137,0.7205819680590142,0.0034198499920512354,0.12122131751063853,1
3870,0.15653767,-0.07276468999999999,0.0034198499920512354,0.0034120009638276137,0.7205819680590142,0.0034198499920512354,0.12122131751063853,1
3871,0.15653767,-0.07276468999999999,0.0034198499920512354,0.0034120009638276137,0.7205819680590142,0.0034198499920512354,0.12122131751063853,1
3872,0.15653767,-0.07276468999999999,0.0034198499920512354,0.0034120009638276137,0.7205819680590142,0.0034198499920512354,0.12122131751063853,1
3873,0.15653767,-0.07276468999999999,0.0034198499920512354,0.0034120009638276137,0.7205819680590142,0.0034198499920512354,0.12122131751063853,1
3874,0.15653767,-0.07276468999999999,0.0034198499920512354,0.0034120009638276137,0.7205819680590142,0.0034198499920512354,0.12122131751063853,1
3875,0.15653767,-0.07276468999999999,0.0034198499920512354,0.0034120009638276137,0.7205819680590142,0.0034198499920512354,0.12122131751063853,1
3876,0.15653767,-0.07276468999999999,0.0034198499920512354,0.0034120009638276137,0.7205819680590142,0.0034198499920512354,0.12122131751063853,1
3877,0.15653767,-0.07276468999999999,0.0034198499920512354,0.0034120009638276137,0.7205819680590142,0.0034198499920512354,0.12122131751063853,1
3878,0.15653767,-0.07276468999999999,0.0034198499920512354,0.0034120009638276137,0.7205819680590142,0.0034198499920512354,0.12122131751063853,1
3879,0.15653767,-0.07276468999999999,0.0034198499920512354,0.0034120009638276137,0.7205819680590142,0.0034198499920512354,0.12122131751063853,1
3880,0.15653767,-0.07276468999999999,0.0034198499920512354,0.0034120009638276137,0.7205819680590142,0.0034198499920512354,0.12122131751063853,1
3881,0.15653767,-0.07276468999999999,0.0034198499920512354,0.0034120009638276137,0.7205819680590142,0.0034198499920512354,0.12122131751063853,1
3882,0.1578865125014902,-0.07684713773154282,0.003423130667861213,0.0034120009638276137,0.7208512037171911,0.003423130667861213,0.12008680009481106,1
3883,0.1578865125014902,-0.07684713773154282,0.003423130667861213,0.0034120009638276137,0.7208512037171911,0.003423130667861213,0.12008680009481106,1
3884,0.1578865125014902,-0.07684713773154282,0.003423130667861213,0.0034120009638276137,0.7208512037171911,0.003423130667861213,0.12008680009481106,1
3885,0.1578865125014902,-0.07684713773154282,0.003423130667861213,0.0034120009638276137,0.7208512037171911,0.003423130667861213,0.12008680009481106,1
3886,0.1578865125014902,-0.07684713773154282,0.003423130667861213,0.0034120009638276137,0.7208512037171911,0.003423130667861213,0.12008680009481106,1
3887,0.1578865125014902,-0.07684713773154282,0.003423130667861213,0.0034120009638276137,0.7208512037171911,0.003423130667861213,0.12008680009481106,1
3888,0.1578865125014902,-0.07684713773154282,0.003423130667861213,0.0034120009638276137,0.7208512037171911,0.003423130667861213,0.12008680009481106,1
3889,0.1578865125014902,-0.07684713773154282,0.003423130667861213,0.0034120009638276137,0.7208512037171911,0.003423130667861213,0.12008680009481106,1
3890,0.1578865125014902,-0.07684713773154282,0.003423130667861213,0.0034120009638276137,0.7208512037171911,0.003423130667861213,0.12008680009481106,1
3891,0.1578865125014902,-0.07684713773154282,0.003423130667861213,0.0034120009638276137,0.7208512037171911,0.003423130667861213,0.12008680009481106,1
3892,0.1578865125014902,-0.07684713773154282,0.003423130667861213,0.0034120009638276137,0.7208512037171911,0.003423130667861213,0.12008680009481106,1
3893,0.1578865125014902,-0.07684713773154282,0.003423130667861213,0.0034120009638276137,0.7208512037171911,0.003423130667861213,0.12008680009481106,1
3894,0.1578865125014902,-0.07684713773154282,0.003423130667861213,0.0034120009638276137,0.7208512037171911,0.003423130667861213,0.12008680009481106,1
3895,0.1578865125014902,-0.07684713773154282,0.003423130667861213,0.0034120009638276137,0.7208512037171911,0.003423130667861213,0.12008680009481106,1
3896,0.1578865125014902,-0.07684713773154282,0.003423130667861213,0.0034120009638276137,0.7208512037171911,0.003423130667861213,0.12008680009481106,1
3897,0.1578865125014902,-0.07684713773154282,0.003423130667861213,0.0034120009638276137,0.7208512037171911,0.003423130667861213,0.12008680009481106,1
3898,0.1578865125014902,-0.07684713773154282,0.003423130667861213,0.0034120009638276137,0.7208512037171911,0.003423130667861213,0.12008680009481106,1
3899,0.1578865125014902,-0.07684713773154282,0.003423130667861213,0.0034120009638276137,0.7208512037171911,0.003423130667861213,0.12008680009481106,1
3900,0.1578865125014902,-0.07684713773154282,0.003423130667861213,0.0034120009638276137,0.7208512037171911,0.003423130667861213,0.12008680009481106,1
3901,0.1578865125014902,-0.07684713773154282,0.003423130667861213,0.0034120009638276137,0.7208512037171911,0.003423130667861213,0.12008680009481106,1
3902,0.1578865125014902,-0.07684713773154282,0.003423130667861213,0.0034120009638276137,0.7208512037171911,0.003423130667861213,0.12008680009481106,1
3903,0.1578865125014902,-0.07684713773154282,0.003423130667861213,0.0034120009638276137,0.7208512037171911,0.003423130667861213,0.12008680009481106,1
3904,0.1578865125014902,-0.07684713773154282,0.003423130667861213,0.0034120009638276137,0.7208512037171911,0.003423130667861213,0.12008680009481106,1
3905,0.1578865125014902,-0.07684713773154282,0.003423130667861213,0.0034120009638276137,0.7208512037171911,0.003423130667861213,0.12008680009481106,1
3906,0.1578865125014902,-0.07684713773154282,0.003423130667861213,0.0034120009638276137,0.7208512037171911,0.003423130667861213,0.12008680009481106,1
3907,0.1578865125014902,-0.07684713773154282,0.003423130667861213,0.0034120009638276137,0.7208512037171911,0.003423130667861213,0.12008680009481106,1
3908,0.1578865125014902,-0.07684713773154282,0.003423130667861213,0.0034120009638276137,0.7208512037171911,0.003423130667861213,0.12008680009481106,1
3909,0.1578865125014902,-0.07684713773154282,0.003423130667861213,0.0034120009638276137,0.7208512037171911,0.003423130667861213,0.12008680009481106,1
3910,0.1578865125014902,-0.07684713773154282,0.003423130667861213,0.0034120009638276137,0.7208512037171911,0.003423130667861213,0.12008680009481106,1
3911,0.15775641169645122,-0.07276468999999999,0.0034017735123750624,0.0034017735123750624,0.7202118909204324,0.0034017735123750624,0.12116064223666441,1
3912,0.15775641169645122,-0.07276468999999999,0.0034017735123750624,0.0034017735123750624,0.7202118909204324,0.0034017735123750624,0.12116064223666441,1
3913,0.15775641169645122,-0.07276468999999999,0.0034017735123750624,0.0034017735123750624,0.7202118909204324,0.0034017735123750624,0.12116064223666441,1
3914,0.15775641169645122,-0.07276468999999999,0.0034017735123750624,0.0034017735123750624,0.7202118909204324,0.0034017735123750624,0.12116064223666441,1
3915,0.15775641169645122,-0.07276468999999999,0.0034017735123750624,0.0034017735123750624,0.7202118909204324,0.0034017735123750624,0.12116064223666441,1
3916,0.1569405513981032,-0.07286996386583494,0.0033818430553874354,0.0033818430553874354,0.7215317317612169,0.0033818430553874354,0.12038339759215357,1
3917,0.1569405513981032,-0.07286996386583494,0.0033818430553874354,0.0033818430553874354,0.7215317317612169,0.0033818430553874354,0.12038339759215357,1
3918,0.1569405513981032,-0.07286996386583494,0.0033818430553874354,0.0033818430553874354,0.7215317317612169,0.0033818430553874354,0.12038339759215357,1
3919,0.1569405513981032,-0.07286996386583494,0.0033818430553874354,0.0033818430553874354,0.7215317317612169,0.0033818430553874354,0.12038339759215357,1
3920,0.1569405513981032,-0.07286996386583494,0.0033818430553874354,0.0033818430553874354,0.7215317317612169,0.0033818430553874354,0.12038339759215357,1
3921,0.1569405513981032,-0.07286996386583494,0.0033818430553874354,0.0033818430553874354,0.7215317317612169,0.0033818430553874354,0.12038339759215357,1
3922,0.1569405513981032,-0.07286996386583494,0.0033818430553874354,0.0033818430553874354,0.7215317317612169,0.0033818430553874354,0.12038339759215357,1
3923,0.1569405513981032,-0.07286996386583494,0.0033818430553874354,0.0033818430553874354,0.7215317317612169,0.0033818430553874354,0.12038339759215357,1
3924,0.1569405513981032,-0.07286996386583494,0.0033818430553874354,0.0033818430553874354,0.7215317317612169,0.0033818430553874354,0.12038339759215357,1
3925,0.1569405513981032,-0.07286996386583494,0.0033818430553874354,0.0033818430553874354,0.7215317317612169,0.0033818430553874354,0.12038339759215357,1
3926,0.1569405513981032,-0.07286996386583494,0.0033818430553874354,0.0033818430553874354,0.7215317317612169,0.0033818430553874354,0.12038339759215357,1
3927,0.1569405513981032,-0.07286996386583494,0.0033818430553874354,0.0033818430553874354,0.7215317317612169,0.0033818430553874354,0.12038339759215357,1
3928,0.1569405513981032,-0.07286996386583494,0.0033818430553874354,0.0033818430553874354,0.7215317317612169,0.0033818430553874354,0.12038339759215357,1
3929,0.1569405513981032,-0.07286996386583494,0.0033818430553874354,0.0033818430553874354,0.7215317317612169,0.0033818430553874354,0.12038339759215357,1
3930,0.1569405513981032,-0.07286996386583494,0.0033818430553874354,0.0033818430553874354,0.7215317317612169,0.0033818430553874354,0.12038339759215357,1
3931,0.1569405513981032,-0.07286996386583494,0.0033818430553874354,0.0033818430553874354,0.7215317317612169,0.0033818430553874354,0.12038339759215357,1
3932,0.1569405513981032,-0.07286996386583494,0.0033818430553874354,0.0033818430553874354,0.7215317317612169,0.0033818430553874354,0.12038339759215357,1
3933,0.1569405513981032,-0.07286996386583494,0.0033818430553874354,0.0033818430553874354,0.7215317317612169,0.0033818430553874354,0.12038339759215357,1
3934,0.1569405513981032,-0.07286996386583494,0.0033818430553874354,0.0033818430553874354,0.7215317317612169,0.0033818430553874354,0.12038339759215357,1
3935,0.1569405513981032,-0.07286996386583494,0.0033818430553874354,0.0033818430553874354,0.7215317317612169,0.0033818430553874354,0.12038339759215357,1
3936,0.1569405513981032,-0.07286996386583494,0.0033818430553874354,0.0033818430553874354,0.7215317317612169,0.0033818430553874354,0.12038339759215357,1
3937,0.1569405513981032,-0.07286996386583494,0.0033818430553874354,0.0033818430553874354,0.7215317317612169,0.0033818430553874354,0.12038339759215357,1
3938,0.1569405513981032,-0.07286996386583494,0.0033818430553874354,0.0033818430553874354,0.7215317317612169,0.0033818430553874354,0.12038339759215357,1
3939,0.1569405513981032,-0.07286996386583494,0.0033818430553874354,0.0033818430553874354,0.7215317317612169,0.0033818430553874354,0.12038339759215357,1
3940,0.1569405513981032,-0.07286996386583494,0.0033818430553874354,0.0033818430553874354,0.7215317317612169,0.0033818430553874354,0.12038339759215357,1
3941,0.1569405513981032,-0.07286996386583494,0.0033818430553874354,0.0033818430553874354,0.7215317317612169,0.0033818430553874354,0.12038339759215357,1
3942,0.1569405513981032,-0.07286996386583494,0.0033818430553874354,0.0033818430553874354,0.7215317317612169,0.0033818430553874354,0.12038339759215357,1
3943,0.1569405513981032,-0.07286996386583494,0.0033818430553874354,0.0033818430553874354,0.7215317317612169,0.0033818430553874354,0.12038339759215357,1
3944,0.1569405513981032,-0.07286996386583494,0.0033818430553874354,0.0033818430553874354,0.7215317317612169,0.0033818430553874354,0.12038339759215357,1
3945,0.1569405513981032,-0.07286996386583494,0.0033818430553874354,0.0033818430553874354,0.7215317317612169,0.0033818430553874354,0.12038339759215357,1
3946,0.1569405513981032,-0.07286996386583494,0.0033818430553874354,0.0033818430553874354,0.7215317317612169,0.0033818430553874354,0.12038339759215357,1
3947,0.1569405513981032,-0.07286996386583494,0.0033818430553874354,0.0033818430553874354,0.7215317317612169,0.0033818430553874354,0.12038339759215357,1
3948,0.1569405513981032,-0.07286996386583494,0.0033818430553874354,0.0033818430553874354,0.7215317317612169,0.0033818430553874354,0.12038339759215357,1
3949,0.1569405513981032,-0.07286996386583494,0.0033818430553874354,0.0033818430553874354,0.7215317317612169,0.0033818430553874354,0.12038339759215357,1
3950,0.1569405513981032,-0.07286996386583494,0.0033818430553874354,0.0033818430553874354,0.7215317317612169,0.0033818430553874354,0.12038339759215357,1
3951,0.1569405513981032,-0.07286996386583494,0.0033818430553874354,0.0033818430553874354,0.7215317317612169,0.0033818430553874354,0.12038339759215357,1
3952,0.1569405513981032,-0.07286996386583494,0.0033818430553874354,0.0033818430553874354,0.7215317317612169,0.0033818430553874354,0.12038339759215357,1
3953,0.1569405513981032,-0.07286996386583494,0.0033818430553874354,0.0033818430553874354,0.7215317317612169,0.0033818430553874354,0.12038339759215357,1
3954,0.1569405513981032,-0.07286996386583494,0.0033818430553874354,0.0033818430553874354,0.7215317317612169,0.0033818430553874354,0.12038339759215357,1
3955,0.1569405513981032,-0.07286996386583494,0.0033818430553874354,0.0033818430553874354,0.7215317317612169,0.0033818430553874354,0.12038339759215357,1
3956,0.1569405513981032,-0.07286996386583494,0.0033818430553874354,0.0033818430553874354,0.7215317317612169,0.0033818430553874354,0.12038339759215357,1
3957,0.1569405513981032,-0.07286996386583494,0.0033818430553874354,0.0033818430553874354,0.7215317317612169,0.0033818430553874354,0.12038339759215357,1
3958,0.1569405513981032,-0.07286996386583494,0.0033818430553874354,0.0033818430553874354,0.7215317317612169,0.0033818430553874354,0.12038339759215357,1
3959,0.1569405513981032,-0.07286996386583494,0.0033818430553874354,0.0033818430553874354,0.7215317317612169,0.0033818430553874354,0.12038339759215357,1
3960,0.1569405513981032,-0.07286996386583494,0.0033818430553874354,0.0033818430553874354,0.7215317317612169,0.0033818430553874354,0.12038339759215357,1
3961,0.1569405513981032,-0.07286996386583494,0.0033818430553874354,0.0033818430553874354,0.7215317317612169,0.0033818430553874354,0.12038339759215357,1
3962,0.1569405513981032,-0.07286996386583494,0.0033818430553874354,0.0033818430553874354,0.7215317317612169,0.0033818430553874354,0.12038339759215357,1
3963,0.1569405513981032,-0.07286996386583494,0.0033818430553874354,0.0033818430553874354,0.7215317317612169,0.0033818430553874354,0.12038339759215357,1
3964,0.1569405513981032,-0.07286996386583494,0.0033818430553874354,0.0033818430553874354,0.7215317317612169,0.0033818430553874354,0.12038339759215357,1
3965,0.1569405513981032,-0.07286996386583494,0.0033818430553874354,0.0033818430553874354,0.7215317317612169,0.0033818430553874354,0.12038339759215357,1
3966,0.1569405513981032,-0.07286996386583494,0.0033818430553874354,0.0033818430553874354,0.7215317317612169,0.0033818430553874354,0.12038339759215357,1
3967,0.1569405513981032,-0.07286996386583494,0.0033818430553874354,0.0033818430553874354,0.7215317317612169,0.0033818430553874354,0.12038339759215357,1
3968,0.15653767,-0.07276468999999999,0.003367179404580127,0.003367179404580127,0.7237886486022507,0.003364359148351521,0.119983206381484,0
3969,0.15653767,-0.07276468999999999,0.003367179404580127,0.003367179404580127,0.7237886486022507,0.003364359148351521,0.119983206381484,0
3970,0.15653767,-0.07276468999999999,0.003367179404580127,0.003367179404580127,0.7237886486022507,0.003364359148351521,0.119983206381484,0
3971,0.15653767,-0.07276468999999999,0.003367179404580127,0.003367179404580127,0.7237886486022507,0.003364359148351521,0.119983206381484,0
3972,0.15653767,-0.07276468999999999,0.003367179404580127,0.003367179404580127,0.7237886486022507,0.003364359148351521,0.119983206381484,0
3973,0.15653767,-0.07276468999999999,0.003367179404580127,0.003367179404580127,0.7237886486022507,0.003364359148351521,0.119983206381484,0
3974,0.15653767,-0.07276468999999999,0.003367179404580127,0.003367179404580127,0.7237886486022507,0.003364359148351521,0.119983206381484,0
3975,0.15653767,-0.07276468999999999,0.003367179404580127,0.003367179404580127,0.7237886486022507,0.003364359148351521,0.119983206381484,0
3976,0.15653767,-0.07276468999999999,0.003367179404580127,0.003367179404580127,0.7237886486022507,0.003364359148351521,0.119983206381484,0
3977,0.15653767,-0.07276468999999999,0.003367179404580127,0.003367179404580127,0.7237886486022507,0.003364359148351521,0.119983206381484,0
3978,0.15653767,-0.07276468999999999,0.003367179404580127,0.003367179404580127,0.7237886486022507,0.003364359148351521,0.119983206381484,0
3979,0.15653767,-0.07276468999999999,0.003367179404580127,0.003367179404580127,0.7237886486022507,0.003364359148351521,0.119983206381484,0
3980,0.15653767,-0.07276468999999999,0.003367179404580127,0.003367179404580127,0.7237886486022507,0.003364359148351521,0.119983206381484,0
3981,0.15653767,-0.07276468999999999,0.003367179404580127,0.003367179404580127,0.7237886486022507,0.003364359148351521,0.119983206381484,0
3982,0.15653767,-0.07276468999999999,0.003367179404580127,0.003367179404580127,0.7237886486022507,0.003364359148351521,0.119983206381484,0
3983,0.15653767,-0.07276468999999999,0.003367179404580127,0.003367179404580127,0.7237886486022507,0.003364359148351521,0.119983206381484,0
3984,0.15653767,-0.07276468999999999,0.003367179404580127,0.003367179404580127,0.7237886486022507,0.003364359148351521,0.119983206381484,0
3985,0.15653767,-0.07276468999999999,0.003367179404580127,0.003367179404580127,0.7237886486022507,0.003364359148351521,0.119983206381484,0
3986,0.15653767,-0.07276468999999999,0.003367179404580127,0.003367179404580127,0.7237886486022507,0.003364359148351521,0.119983206381484,0
3987,0.15653767,-0.07276468999999999,0.003367179404580127,0.003367179404580127,0.7237886486022507,0.003364359148351521,0.119983206381484,0
3988,0.15653767,-0.07276468999999999,0.003367179404580127,0.003367179404580127,0.7237886486022507,0.003364359148351521,0.119983206381484,0
3989,0.15653767,-0.07276468999999999,0.003367179404580127,0.003367179404580127,0.7237886486022507,0.003364359148351521,0.119983206381484,0
3990,0.15653767,-0.07276468999999999,0.003367179404580127,0.003367179404580127,0.7237886486022507,0.003364359148351521,0.119983206381484,0
3991,0.15653767,-0.07276468999999999,0.003367179404580127,0.003367179404580127,0.7237886486022507,0.003364359148351521,0.119983206381484,0
3992,0.15653767,-0.07276468999999999,0.003367179404580127,0.003367179404580127,0.7237886486022507,0.003364359148351521,0.119983206381484,0
3993,0.15653767,-0.07276468999999999,0.003367179404580127,0.003367179404580127,0.7237886486022507,0.003364359148351521,0.119983206381484,0
3994,0.15653767,-0.07276468999999999,0.003367179404580127,0.003367179404580127,0.7237886486022507,0.003364359148351521,0.119983206381484,0
3995,0.15653767,-0.07276468999999999,0.003367179404580127,0.003367179404580127,0.7237886486022507,0.003364359148351521,0.119983206381484,0
3996,0.15653767,-0.07276468999999999,0.003367179404580127,0.003367179404580127,0.7237886486022507,0.003364359148351521,0.119983206381484,0
3997,0.15653767,-0.07276468999999999,0.003367179404580127,0.003367179404580127,0.7237886486022507,0.003364359148351521,0.119983206381484,0
3998,0.15653767,-0.07276468999999999,0.003367179404580127,0.003367179404580127,0.7237886486022507,0.003364359148351521,0.119983206381484,0
3999,0.15653767,-0.07276468999999999,0.003367179404580127,0.003367179404580127,0.7237886486022507,0.003364359148351521,0.119983206381484,0
4000,0.15653767,-0.07276468999999999,0.003367179404580127,0.003367179404580127,0.7237886486022507,0.003364359148351521,0.119983206381484,0
4001,0.15653767,-0.07276468999999999,0.003367179404580127,0.003367179404580127,0.7237886486022507,0.003364359148351521,0.119983206381484,0
4002,0.15653767,-0.07276468999999999,0.003367179404580127,0.003367179404580127,0.7237886486022507,0.003364359148351521,0.119983206381484,0
4003,0.15653767,-0.07276468999999999,0.003367179404580127,0.003367179404580127,0.7237886486022507,0.003364359148351521,0.119983206381484,0
4004,0.15653767,-0.07276468999999999,0.003367179404580127,0.003367179404580127,0.7237886486022507,0.003364359148351521,0.119983206381484,0
4005,0.15653767,-0.07276468999999999,0.003367179404580127,0.003367179404580127,0.7237886486022507,0.003364359148351521,0.119983206381484,0
4006,0.15653767,-0.07276468999999999,0.003367179404580127,0.003367179404580127,0.7237886486022507,0.003364359148351521,0.119983206381484,0
4007,0.15653767,-0.07276468999999999,0.003367179404580127,0.003367179404580127,0.7237886486022507,0.003364359148351521,0.119983206381484,0
4008,0.15653767,-0.07276468999999999,0.003367179404580127,0.003367179404580127,0.7237886486022507,0.003364359148351521,0.119983206381484,0
4009,0.15653767,-0.07276468999999999,0.003367179404580127,0.003367179404580127,0.7237886486022507,0.003364359148351521,0.119983206381484,0
4010,0.15653767,-0.07276468999999999,0.003367179404580127,0.003367179404580127,0.7237886486022507,0.003364359148351521,0.119983206381484,0
4011,0.15653767,-0.07276468999999999,0.003367179404580127,0.003367179404580127,0.7237886486022507,0.003364359148351521,0.119983206381484,0
4012,0.15653767,-0.07276468999999999,0.003367179404580127,0.003367179404580127,0.7237886486022507,0.003364359148351521,0.119983206381484,0
4013,0.15653767,-0.07276468999999999,0.003367179404580127,0.003367179404580127,0.7237886486022507,0.003364359148351521,0.119983206381484,0
4014,0.15653767,-0.07276468999999999,0.003367179404580127,0.003367179404580127,0.7237886486022507,0.003364359148351521,0.119983206381484,0
4015,0.15653767,-0.07276468999999999,0.003367179404580127,0.003367179404580127,0.7237886486022507,0.003364359148351521,0.119983206381484,0
4016,0.15653767,-0.07276468999999999,0.003367179404580127,0.003367179404580127,0.7237886486022507,0.003364359148351521,0.119983206381484,0
4017,0.15653767,-0.07276468999999999,0.003367179404580127,0.003367179404580127,0.7237886486022507,0.003364359148351521,0.119983206381484,0
4018,0.15653767,-0.07276468999999999,0.003367179404580127,0.003367179404580127,0.7237886486022507,0.003364359148351521,0.119983206381484,0
4019,0.15653767,-0.07276468999999999,0.003367179404580127,0.003367179404580127,0.7237886486022507,0.003364359148351521,0.119983206381484,0
4020,0.15653767,-0.07276468999999999,0.003367179404580127,0.003367179404580127,0.7237886486022507,0.003364359148351521,0.119983206381484,0
4021,0.15653767,-0.07276468999999999,0.003367179404580127,0.003367179404580127,0.7237886486022507,0.003364359148351521,0.119983206381484,0
4022,0.15653767,-0.07276468999999999,0.003367179404580127,0.003367179404580127,0.7237886486022507,0.003364359148351521,0.119983206381484,0
4023,0.15653767,-0.07276468999999999,0.003367179404580127,0.003367179404580127,0.7237886486022507,0.003364359148351521,0.119983206381484,0
4024,0.15653767,-0.07276468999999999,0.003367179404580127,0.003367179404580127,0.7237886486022507,0.003364359148351521,0.119983206381484,0
4025,0.15653767,-0.07276468999999999,0.003367179404580127,0.003367179404580127,0.7237886486022507,0.003364359148351521,0.119983206381484,0
4026,0.15653767,-0.07276468999999999,0.003367179404580127,0.003367179404580127,0.7237886486022507,0.003364359148351521,0.119983206381484,0
4027,0.15653767,-0.07276468999999999,0.003367179404580127,0.003367179404580127,0.7237886486022507,0.003364359148351521,0.119983206381484,0
4028,0.15653767,-0.07276468999999999,0.003367179404580127,0.003367179404580127,0.7237886486022507,0.003364359148351521,0.119983206381484,0
4029,0.15653767,-0.07276468999999999,0.003367179404580127,0.003367179404580127,0.7237886486022507,0.003364359148351521,0.119983206381484,0
4030,0.15653767,-0.07276468999999999,0.003367179404580127,0.003367179404580127,0.7237886486022507,0.003364359148351521,0.119983206381484,0
4031,0.15653767,-0.07276468999999999,0.003367179404580127,0.003367179404580127,0.7237886486022507,0.003364359148351521,0.119983206381484,0
4032,0.15653767,-0.07276468999999999,0.003367179404580127,0.003367179404580127,0.7237886486022507,0.003364359148351521,0.119983206381484,0
4033,0.15653767,-0.07276468999999999,0.003367179404580127,0.003367179404580127,0.7237886486022507,0.003364359148351521,0.119983206381484,0
4034,0.15653767,-0.07276468999999999,0.003367179404580127,0.003367179404580127,0.7237886486022507,0.003364359148351521,0.119983206381484,0
4035,0.15653767,-0.07276468999999999,0.003367179404580127,0.003367179404580127,0.7237886486022507,0.003364359148351521,0.119983206381484,0
4036,0.15653767,-0.07276468999999999,0.003367179404580127,0.003367179404580127,0.7237886486022507,0.003364359148351521,0.119983206381484,0
4037,0.15653767,-0.07276468999999999,0.003367179404580127,0.003367179404580127,0.7237886486022507,0.003364359148351521,0.119983206381484,0
4038,0.15653767,-0.07276468999999999,0.003367179404580127,0.003367179404580127,0.7237886486022507,0.003364359148351521,0.119983206381484,0
4039,0.15653767,-0.07276468999999999,0.003367179404580127,0.003367179404580127,0.7237886486022507,0.003364359148351521,0.119983206381484,0
4040,0.15653767,-0.07276468999999999,0.003367179404580127,0.003367179404580127,0.7237886486022507,0.003364359148351521,0.119983206381484,0
4041,0.15653767,-0.07276468999999999,0.003367179404580127,0.003367179404580127,0.7237886486022507,0.003364359148351521,0.119983206381484,0
4042,0.15653767,-0.07276468999999999,0.003367179404580127,0.003367179404580127,0.7237886486022507,0.003364359148351521,0.119983206381484,0
4043,0.15653767,-0.07276468999999999,0.003367179404580127,0.003367179404580127,0.7237886486022507,0.003364359148351521,0.119983206381484,0
4044,0.15653767,-0.07276468999999999,0.003367179404580127,0.003367179404580127,0.7237886486022507,0.003364359148351521,0.119983206381484,0
4045,0.15653767,-0.07276468999999999,0.003367179404580127,0.003367179404580127,0.7237886486022507,0.003364359148351521,0.119983206381484,0
4046,0.15653767,-0.07276468999999999,0.003367179404580127,0.003367179404580127,0.7237886486022507,0.003364359148351521,0.119983206381484,0
4047,0.15653767,-0.07276468999999999,0.003367179404580127,0.003367179404580127,0.7237886486022507,0.003364359148351521,0.119983206381484,0
4048,0.15653767,-0.07276468999999999,0.003367179404580127,0.003367179404580127,0.7237886486022507,0.003364359148351521,0.119983206381484,0
4049,0.15653767,-0.07276468999999999,0.003367179404580127,0.003367179404580127,0.7237886486022507,0.003364359148351521,0.119983206381484,0
4050,0.15653767,-0.07276468999999999,0.003367179404580127,0.003367179404580127,0.7237886486022507,0.003364359148351521,0.119983206381484,0
4051,0.15653767,-0.07276468999999999,0.003367179404580127,0.003367179404580127,0.7237886486022507,0.003364359148351521,0.119983206381484,0
4052,0.15653767,-0.07276468999999999,0.003367179404580127,0.003367179404580127,0.7237886486022507,0.003364359148351521,0.119983206381484,0
4053,0.15653767,-0.07276468999999999,0.003367179404580127,0.003367179404580127,0.7237886486022507,0.003364359148351521,0.119983206381484,0
4054,0.15653767,-0.07276468999999999,0.003367179404580127,0.003367179404580127,0.7237886486022507,0.003364359148351521,0.119983206381484,0
4055,0.15653767,-0.07276468999999999,0.003367179404580127,0.003367179404580127,0.7237886486022507,0.003364359148351521,0.119983206381484,0
4056,0.15653767,-0.07276468999999999,0.003367179404580127,0.003367179404580127,0.7237886486022507,0.003364359148351521,0.119983206381484,0
4057,0.15653767,-0.07276468999999999,0.003367179404580127,0.003367179404580127,0.7237886486022507,0.003364359148351521,0.119983206381484,0
4058,0.15653767,-0.07276468999999999,0.003367179404580127,0.003367179404580127,0.7237886486022507,0.003364359148351521,0.119983206381484,0
4059,0.15653767,-0.07276468999999999,0.003367179404580127,0.003367179404580127,0.7237886486022507,0.003364359148351521,0.119983206381484,0
4060,0.15653767,-0.07276468999999999,0.003367179404580127,0.003367179404580127,0.7237886486022507,0.003364359148351521,0.119983206381484,0
4061,0.15653767,-0.07276468999999999,0.003367179404580127,0.003367179404580127,0.7237886486022507,0.003364359148351521,0.119983206381484,0
4062,0.15653767,-0.07276468999999999,0.003367179404580127,0.003367179404580127,0.7237886486022507,0.003364359148351521,0.119983206381484,0
4063,0.15653767,-0.07276468999999999,0.003367179404580127,0.003367179404580127,0.7237886486022507,0.003364359148351521,0.119983206381484,0
4064,0.15653767,-0.07276468999999999,0.003367179404580127,0.003367179404580127,0.7237886486022507,0.003364359148351521,0.119983206381484,0
4065,0.15653767,-0.07276468999999999,0.003367179404580127,0.003367179404580127,0.7237886486022507,0.003364359148351521,0.119983206381484,0
4066,0.15653767,-0.07276468999999999,0.003367179404580127,0.003367179404580127,0.7237886486022507,0.003364359148351521,0.119983206381484,0
4067,0.15653767,-0.07276468999999999,0.003367179404580127,0.003367179404580127,0.7237886486022507,0.003364359148351521,0.119983206381484,0
4068,0.15653767,-0.07276468999999999,0.003367179404580127,0.003367179404580127,0.7237886486022507,0.003364359148351521,0.119983206381484,0
4069,0.15653767,-0.07276468999999999,0.003367179404580127,0.003367179404580127,0.7237886486022507,0.003364359148351521,0.119983206381484,0
4070,0.15653767,-0.07276468999999999,0.003367179404580127,0.003367179404580127,0.7237886486022507,0.003364359148351521,0.119983206381484,0
4071,0.15653767,-0.07276468999999999,0.003367179404580127,0.003367179404580127,0.7237886486022507,0.003364359148351521,0.119983206381484,0
4072,0.15653767,-0.07276468999999999,0.003367179404580127,0.003367179404580127,0.7237886486022507,0.003364359148351521,0.119983206381484,0
4073,0.15653767,-0.07276468999999999,0.003367179404580127,0.003367179404580127,0.7237886486022507,0.003364359148351521,0.119983206381484,0
4074,0.15653767,-0.07276468999999999,0.003367179404580127,0.003367179404580127,0.7237886486022507,0.003364359148351521,0.119983206381484,0
4075,0.15653767,-0.07276468999999999,0.003367179404580127,0.003367179404580127,0.7237886486022507,0.003364359148351521,0.119983206381484,0
4076,0.15653767,-0.07276468999999999,0.003367179404580127,0.003367179404580127,0.7237886486022507,0.003364359148351521,0.119983206381484,0
4077,0.15653767,-0.07276468999999999,0.003367179404580127,0.003367179404580127,0.7237886486022507,0.003364359148351521,0.119983206381484,0
4078,0.15653767,-0.07276468999999999,0.003367179404580127,0.003367179404580127,0.7237886486022507,0.003364359148351521,0.119983206381484,0
4079,0.15653767,-0.07276468999999999,0.003367179404580127,0.003367179404580127,0.7237886486022507,0.003364359148351521,0.119983206381484,0
4080,0.15653767,-0.07276468999999999,0.003367179404580127,0.003367179404580127,0.7237886486022507,0.003364359148351521,0.119983206381484,0
4081,0.15653767,-0.07276468999999999,0.003367179404580127,0.003367179404580127,0.7237886486022507,0.003364359148351521,0.119983206381484,0
4082,0.15653767,-0.07276468999999999,0.003367179404580127,0.003367179404580127,0.7237886486022507,0.003364359148351521,0.119983206381484,0
4083,0.15653767,-0.07276468999999999,0.003367179404580127,0.003367179404580127,0.7237886486022507,0.003364359148351521,0.119983206381484,0
4084,0.15653767,-0.07276468999999999,0.003367179404580127,0.003367179404580127,0.7237886486022507,0.003364359148351521,0.119983206381484,0
4085,0.15653767,-0.07276468999999999,0.003367179404580127,0.003367179404580127,0.7237886486022507,0.003364359148351521,0.119983206381484,0
4086,0.15653767,-0.07276468999999999,0.003367179404580127,0.003367179404580127,0.7237886486022507,0.003364359148351521,0.119983206381484,0
4087,0.15653767,-0.07276468999999999,0.003367179404580127,0.003367179404580127,0.7237886486022507,0.003364359148351521,0.119983206381484,0
4088,0.15653767,-0.07276468999999999,0.003367179404580127,0.003367179404580127,0.7237886486022507,0.003364359148351521,0.119983206381484,0
4089,0.15653767,-0.07276468999999999,0.003367179404580127,0.003367179404580127,0.7237886486022507,0.003364359148351521,0.119983206381484,0
4090,0.15653767,-0.07276468999999999,0.003367179404580127,0.003367179404580127,0.7237886486022507,0.003364359148351521,0.119983206381484,0
4091,0.15653767,-0.07276468999999999,0.003367179404580127,0.003367179404580127,0.7237886486022507,0.003364359148351521,0.119983206381484,0
4092,0.15653767,-0.07276468999999999,0.003367179404580127,0.003367179404580127,0.7237886486022507,0.003364359148351521,0.119983206381484,0
4093,0.15653767,-0.07276468999999999,0.003367179404580127,0.003367179404580127,0.7237886486022507,0.003364359148351521,0.119983206381484,0
4094,0.15653767,-0.07276468999999999,0.003367179404580127,0.003367179404580127,0.7237886486022507,0.003364359148351521,0.119983206381484,0
4095,0.15653767,-0.07276468999999999,0.003367179404580127,0.003367179404580127,0.7237886486022507,0.003364359148351521,0.119983206381484,0
4096,0.15653767,-0.07276468999999999,0.003367179404580127,0.003367179404580127,0.7237886486022507,0.003364359148351521,0.119983206381484,0
4097,0.15653767,-0.07276468999999999,0.003367179404580127,0.003367179404580127,0.7237886486022507,0.003364359148351521,0.119983206381484,0
4098,0.15653767,-0.07276468999999999,0.003367179404580127,0.003367179404580127,0.7237886486022507,0.003364359148351521,0.119983206381484,0
4099,0.15653767,-0.07276468999999999,0.003367179404580127,0.003367179404580127,0.7237886486022507,0.003364359148351521,0.119983206381484,0
4100,0.15653767,-0.07276468999999999,0.003367179404580127,0.003367179404580127,0.7237886486022507,0.003364359148351521,0.119983206381484,0
4101,0.15653767,-0.07276468999999999,0.003367179404580127,0.003367179404580127,0.7237886486022507,0.003364359148351521,0.119983206381484,0
4102,0.15653767,-0.07276468999999999,0.003367179404580127,0.003367179404580127,0.7237886486022507,0.003364359148351521,0.119983206381484,0
4103,0.15653767,-0.07276468999999999,0.003367179404580127,0.003367179404580127,0.7237886486022507,0.003364359148351521,0.119983206381484,0
4104,0.15653767,-0.07276468999999999,0.003367179404580127,0.003367179404580127,0.7237886486022507,0.003364359148351521,0.119983206381484,0
4105,0.15653767,-0.07276468999999999,0.003367179404580127,0.003367179404580127,0.7237886486022507,0.003364359148351521,0.119983206381484,0
4106,0.15653767,-0.07276468999999999,0.003367179404580127,0.003367179404580127,0.7237886486022507,0.003364359148351521,0.119983206381484,0
4107,0.15653767,-0.07276468999999999,0.003367179404580127,0.003367179404580127,0.7237886486022507,0.003364359148351521,0.119983206381484,0
4108,0.15653767,-0.07276468999999999,0.003367179404580127,0.003367179404580127,0.7237886486022507,0.003364359148351521,0.119983206381484,0
4109,0.15653767,-0.07276468999999999,0.003367179404580127,0.003367179404580127,0.7237886486022507,0.003364359148351521,0.119983206381484,0
4110,0.15653767,-0.07276468999999999,0.003367179404580127,0.003367179404580127,0.7237886486022507,0.003364359148351521,0.119983206381484,0
4111,0.15653767,-0.07276468999999999,0.003367179404580127,0.003367179404580127,0.7237886486022507,0.003364359148351521,0.119983206381484,0
4112,0.15653767,-0.07276468999999999,0.003367179404580127,0.003367179404580127,0.7237886486022507,0.003364359148351521,0.119983206381484,0
4113,0.15653767,-0.07276468999999999,0.003367179404580127,0.003367179404580127,0.7237886486022507,0.003364359148351521,0.119983206381484,0
4114,0.15653767,-0.07276468999999999,0.003367179404580127,0.003367179404580127,0.7237886486022507,0.003364359148351521,0.119983206381484,0
4115,0.15653767,-0.07276468999999999,0.003367179404580127,0.003367179404580127,0.7237886486022507,0.003364359148351521,0.119983206381484,0
4116,0.15653767,-0.07276468999999999,0.003367179404580127,0.003367179404580127,0.7237886486022507,0.003364359148351521,0.119983206381484,0
4117,0.15653767,-0.07276468999999999,0.003367179404580127,0.003367179404580127,0.7237886486022507,0.003364359148351521,0.119983206381484,0
4118,0.15653767,-0.07276468999999999,0.003367179404580127,0.003367179404580127,0.7237886486022507,0.003364359148351521,0.119983206381484,0
4119,0.15653767,-0.07276468999999999,0.003367179404580127,0.003367179404580127,0.7237886486022507,0.003364359148351521,0.119983206381484,0
4120,0.15653767,-0.07276468999999999,0.003367179404580127,0.003367179404580127,0.7237886486022507,0.003364359148351521,0.119983206381484,0
4121,0.15653767,-0.07276468999999999,0.003367179404580127,0.003367179404580127,0.7237886486022507,0.003364359148351521,0.119983206381484,0
4122,0.15653767,-0.07276468999999999,0.003367179404580127,0.003367179404580127,0.7237886486022507,0.003364359148351521,0.119983206381484,0
4123,0.15653767,-0.07276468999999999,0.003367179404580127,0.003367179404580127,0.7237886486022507,0.003364359148351521,0.119983206381484,0
4124,0.15653767,-0.07276468999999999,0.003367179404580127,0.003367179404580127,0.7237886486022507,0.003364359148351521,0.119983206381484,0
4125,0.15653767,-0.07276468999999999,0.003367179404580127,0.003367179404580127,0.7237886486022507,0.003364359148351521,0.119983206381484,0
4126,0.15653767,-0.07276468999999999,0.003367179404580127,0.003367179404580127,0.7237886486022507,0.003364359148351521,0.119983206381484,0
4127,0.15653767,-0.07276468999999999,0.003367179404580127,0.003367179404580127,0.7237886486022507,0.003364359148351521,0.119983206381484,0
4128,0.15653767,-0.07276468999999999,0.003367179404580127,0.003367179404580127,0.7237886486022507,0.003364359148351521,0.119983206381484,0
4129,0.15653767,-0.07276468999999999,0.003367179404580127,0.003367179404580127,0.7237886486022507,0.003364359148351521,0.119983206381484,0
4130,0.15653767,-0.07276468999999999,0.003367179404580127,0.003367179404580127,0.7237886486022507,0.003364359148351521,0.119983206381484,0
4131,0.15653767,-0.07276468999999999,0.003367179404580127,0.003367179404580127,0.7237886486022507,0.003364359148351521,0.119983206381484,0
4132,0.15653767,-0.07276468999999999,0.003367179404580127,0.003367179404580127,0.7237886486022507,0.003364359148351521,0.119983206381484,0
4133,0.15653767,-0.07276468999999999,0.003367179404580127,0.003367179404580127,0.7237886486022507,0.003364359148351521,0.119983206381484,0
4134,0.15653767,-0.07276468999999999,0.003367179404580127,0.003367179404580127,0.7237886486022507,0.003364359148351521,0.119983206381484,0
4135,0.15653767,-0.07276468999999999,0.003367179404580127,0.003367179404580127,0.7237886486022507,0.003364359148351521,0.119983206381484,0
4136,0.15653767,-0.07276468999999999,0.003367179404580127,0.003367179404580127,0.7237886486022507,0.003364359148351521,0.119983206381484,0
4137,0.15653767,-0.07276468999999999,0.003367179404580127,0.003367179404580127,0.7237886486022507,0.003364359148351521,0.119983206381484,0
4138,0.15653767,-0.07276468999999999,0.003367179404580127,0.003367179404580127,0.7237886486022507,0.003364359148351521,0.119983206381484,0
4139,0.15653767,-0.07276468999999999,0.003367179404580127,0.003367179404580127,0.7237886486022507,0.003364359148351521,0.119983206381484,0
4140,0.15653767,-0.07276468999999999,0.003367179404580127,0.003367179404580127,0.7237886486022507,0.003364359148351521,0.119983206381484,0
4141,0.15653767,-0.07276468999999999,0.003367179404580127,0.003367179404580127,0.7237886486022507,0.003364359148351521,0.119983206381484,0
4142,0.15653767,-0.07276468999999999,0.003367179404580127,0.003367179404580127,0.7237886486022507,0.003364359148351521,0.119983206381484,0
4143,0.15653767,-0.07276468999999999,0.003367179404580127,0.003367179404580127,0.7237886486022507,0.003364359148351521,0.119983206381484,0
4144,0.15653767,-0.07276468999999999,0.003367179404580127,0.003367179404580127,0.7237886486022507,0.003364359148351521,0.119983206381484,0
4145,0.15653767,-0.07276468999999999,0.003367179404580127,0.003367179404580127,0.7237886486022507,0.003364359148351521,0.119983206381484,0
4146,0.15653767,-0.07276468999999999,0.003367179404580127,0.003367179404580127,0.7237886486022507,0.003364359148351521,0.119983206381484,0
4147,0.15653767,-0.07276468999999999,0.003367179404580127,0.003367179404580127,0.7237886486022507,0.003364359148351521,0.119983206381484,0
4148,0.15653767,-0.07276468999999999,0.003367179404580127,0.003367179404580127,0.7237886486022507,0.003364359148351521,0.119983206381484,0
4149,0.15653767,-0.07276468999999999,0.003367179404580127,0.003367179404580127,0.7237886486022507,0.003364359148351521,0.119983206381484,0
4150,0.15653767,-0.07276468999999999,0.003367179404580127,0.003367179404580127,0.7237886486022507,0.003364359148351521,0.119983206381484,0
4151,0.15653767,-0.07276468999999999,0.003367179404580127,0.003367179404580127,0.7237886486022507,0.003364359148351521,0.119983206381484,0
4152,0.15653767,-0.07276468999999999,0.003367179404580127,0.003367179404580127,0.7237886486022507,0.003364359148351521,0.119983206381484,0
4153,0.15653767,-0.07276468999999999,0.0033659621985754513,0.0033659621985754513,0.719762725957913,0.0033659621985754513,0.12068080524704218,1
4154,0.15653767,-0.07276468999999999,0.0033659621985754513,0.0033659621985754513,0.719762725957913,0.0033659621985754513,0.12068080524704218,1
4155,0.15653767,-0.07276468999999999,0.0033659621985754513,0.0033659621985754513,0.719762725957913,0.0033659621985754513,0.12068080524704218,1
4156,0.15653767,-0.07276468999999999,0.0033659621985754513,0.0033659621985754513,0.719762725957913,0.0033659621985754513,0.12068080524704218,1
4157,0.15653767,-0.07276468999999999,0.0033659621985754513,0.0033659621985754513,0.719762725957913,0.0033659621985754513,0.12068080524704218,1
4158,0.15653767,-0.07276468999999999,0.0033659621985754513,0.0033659621985754513,0.719762725957913,0.0033659621985754513,0.12068080524704218,1
4159,0.15653767,-0.07276468999999999,0.0033659621985754513,0.0033659621985754513,0.719762725957913,0.0033659621985754513,0.12068080524704218,1
4160,0.15653767,-0.07276468999999999,0.0033659621985754513,0.0033659621985754513,0.719762725957913,0.0033659621985754513,0.12068080524704218,1
4161,0.15653767,-0.07276468999999999,0.0033659621985754513,0.0033659621985754513,0.719762725957913,0.0033659621985754513,0.12068080524704218,1
4162,0.15653767,-0.07276468999999999,0.0033659621985754513,0.0033659621985754513,0.719762725957913,0.0033659621985754513,0.12068080524704218,1
4163,0.15653767,-0.07276468999999999,0.0033659621985754513,0.0033659621985754513,0.719762725957913,0.0033659621985754513,0.12068080524704218,1
4164,0.15653767,-0.07276468999999999,0.0033659621985754513,0.0033659621985754513,0.719762725957913,0.0033659621985754513,0.12068080524704218,1
4165,0.15653767,-0.07276468999999999,0.0033659621985754513,0.0033659621985754513,0.719762725957913,0.0033659621985754513,0.12068080524704218,1
4166,0.15653767,-0.07276468999999999,0.0033659621985754513,0.0033659621985754513,0.719762725957913,0.0033659621985754513,0.12068080524704218,1
4167,0.15653767,-0.07276468999999999,0.0033659621985754513,0.0033659621985754513,0.719762725957913,0.0033659621985754513,0.12068080524704218,1
4168,0.15653767,-0.07276468999999999,0.0033659621985754513,0.0033659621985754513,0.719762725957913,0.0033659621985754513,0.12068080524704218,1
4169,0.15653767,-0.07276468999999999,0.0033659621985754513,0.0033659621985754513,0.719762725957913,0.0033659621985754513,0.12068080524704218,1
4170,0.15653767,-0.07276468999999999,0.0033659621985754513,0.0033659621985754513,0.719762725957913,0.0033659621985754513,0.12068080524704218,1
4171,0.15653767,-0.07276468999999999,0.0033659621985754513,0.0033659621985754513,0.719762725957913,0.0033659621985754513,0.12068080524704218,1
4172,0.15653767,-0.07276468999999999,0.0033659621985754513,0.0033659621985754513,0.719762725957913,0.0033659621985754513,0.12068080524704218,1
4173,0.15653767,-0.07276468999999999,0.0033659621985754513,0.0033659621985754513,0.719762725957913,0.0033659621985754513,0.12068080524704218,1
4174,0.15653767,-0.07276468999999999,0.0033659621985754513,0.0033659621985754513,0.719762725957913,0.0033659621985754513,0.12068080524704218,1
4175,0.15653767,-0.07276468999999999,0.0033659621985754513,0.0033659621985754513,0.719762725957913,0.0033659621985754513,0.12068080524704218,1
4176,0.15653767,-0.07276468999999999,0.0033659621985754513,0.0033659621985754513,0.719762725957913,0.0033659621985754513,0.12068080524704218,1
4177,0.15653767,-0.07276468999999999,0.0033659621985754513,0.0033659621985754513,0.719762725957913,0.0033659621985754513,0.12068080524704218,1
4178,0.15653767,-0.07276468999999999,0.0033659621985754513,0.0033659621985754513,0.719762725957913,0.0033659621985754513,0.12068080524704218,1
4179,0.15653767,-0.07276468999999999,0.0033659621985754513,0.0033659621985754513,0.719762725957913,0.0033659621985754513,0.12068080524704218,1
4180,0.15653767,-0.07276468999999999,0.0033659621985754513,0.0033659621985754513,0.719762725957913,0.0033659621985754513,0.12068080524704218,1
4181,0.15653767,-0.07276468999999999,0.0033659621985754513,0.0033659621985754513,0.719762725957913,0.0033659621985754513,0.12068080524704218,1
4182,0.15653767,-0.07276468999999999,0.0033659621985754513,0.0033659621985754513,0.719762725957913,0.0033659621985754513,0.12068080524704218,1
4183,0.15653767,-0.07276468999999999,0.0033659621985754513,0.0033659621985754513,0.719762725957913,0.0033659621985754513,0.12068080524704218,1
4184,0.15653767,-0.07276468999999999,0.0033659621985754513,0.0033659621985754513,0.719762725957913,0.0033659621985754513,0.12068080524704218,1
4185,0.15653767,-0.07276468999999999,0.0033659621985754513,0.0033659621985754513,0.719762725957913,0.0033659621985754513,0.12068080524704218,1
4186,0.15653767,-0.07276468999999999,0.0033659621985754513,0.0033659621985754513,0.719762725957913,0.0033659621985754513,0.12068080524704218,1
4187,0.15653767,-0.07276468999999999,0.0033659621985754513,0.0033659621985754513,0.719762725957913,0.0033659621985754513,0.12068080524704218,1
4188,0.15653767,-0.07276468999999999,0.0033659621985754513,0.0033659621985754513,0.719762725957913,0.0033659621985754513,0.12068080524704218,1
4189,0.15653767,-0.07276468999999999,0.0033659621985754513,0.0033659621985754513,0.719762725957913,0.0033659621985754513,0.12068080524704218,1
4190,0.15653767,-0.07276468999999999,0.0033659621985754513,0.0033659621985754513,0.719762725957913,0.0033659621985754513,0.12068080524704218,1
4191,0.15653767,-0.07276468999999999,0.0033659621985754513,0.0033659621985754513,0.719762725957913,0.0033659621985754513,0.12068080524704218,1
4192,0.15653767,-0.07276468999999999,0.0033659621985754513,0.0033659621985754513,0.719762725957913,0.0033659621985754513,0.12068080524704218,1
4193,0.15653767,-0.07276468999999999,0.0033659621985754513,0.0033659621985754513,0.719762725957913,0.0033659621985754513,0.12068080524704218,1
4194,0.15653767,-0.07276468999999999,0.0033659621985754513,0.0033659621985754513,0.719762725957913,0.0033659621985754513,0.12068080524704218,1
4195,0.15653767,-0.07276468999999999,0.0033659621985754513,0.0033659621985754513,0.719762725957913,0.0033659621985754513,0.12068080524704218,1
4196,0.15653767,-0.07276468999999999,0.0033659621985754513,0.0033659621985754513,0.719762725957913,0.0033659621985754513,0.12068080524704218,1
4197,0.15653767,-0.07276468999999999,0.0033659621985754513,0.0033659621985754513,0.719762725957913,0.0033659621985754513,0.12068080524704218,1
4198,0.15653767,-0.07276468999999999,0.0033659621985754513,0.0033659621985754513,0.719762725957913,0.0033659621985754513,0.12068080524704218,1
4199,0.15653767,-0.07276468999999999,0.0033659621985754513,0.0033659621985754513,0.719762725957913,0.0033659621985754513,0.12068080524704218,1
4200,0.15653767,-0.07276468999999999,0.0033659621985754513,0.0033659621985754513,0.719762725957913,0.0033659621985754513,0.12068080524704218,1
4201,0.15653767,-0.07276468999999999,0.0033659621985754513,0.0033659621985754513,0.719762725957913,0.0033659621985754513,0.12068080524704218,1
4202,0.15653767,-0.07276468999999999,0.0033659621985754513,0.0033659621985754513,0.719762725957913,0.0033659621985754513,0.12068080524704218,1
4203,0.15653767,-0.07276468999999999,0.0033659621985754513,0.0033659621985754513,0.719762725957913,0.0033659621985754513,0.12068080524704218,1
4204,0.15653767,-0.07276468999999999,0.0033659621985754513,0.0033659621985754513,0.719762725957913,0.0033659621985754513,0.12068080524704218,1
4205,0.15653767,-0.07276468999999999,0.0033659621985754513,0.0033659621985754513,0.719762725957913,0.0033659621985754513,0.12068080524704218,1
4206,0.15653767,-0.07276468999999999,0.0033659621985754513,0.0033659621985754513,0.719762725957913,0.0033659621985754513,0.12068080524704218,1
4207,0.15653767,-0.07276468999999999,0.0033659621985754513,0.0033659621985754513,0.719762725957913,0.0033659621985754513,0.12068080524704218,1
4208,0.15653767,-0.07276468999999999,0.0033659621985754513,0.0033659621985754513,0.719762725957913,0.0033659621985754513,0.12068080524704218,1
4209,0.15653767,-0.07276468999999999,0.0033659621985754513,0.0033659621985754513,0.719762725957913,0.0033659621985754513,0.12068080524704218,1
4210,0.15653767,-0.07276468999999999,0.0033659621985754513,0.0033659621985754513,0.719762725957913,0.0033659621985754513,0.12068080524704218,1
4211,0.15653767,-0.07276468999999999,0.0033659621985754513,0.0033659621985754513,0.719762725957913,0.0033659621985754513,0.12068080524704218,1
4212,0.15653767,-0.07276468999999999,0.0033659621985754513,0.0033659621985754513,0.719762725957913,0.0033659621985754513,0.12068080524704218,1
4213,0.15653767,-0.07276468999999999,0.0033659621985754513,0.0033659621985754513,0.719762725957913,0.0033659621985754513,0.12068080524704218,1
4214,0.15653767,-0.07276468999999999,0.0033659621985754513,0.0033659621985754513,0.719762725957913,0.0033659621985754513,0.12068080524704218,1
4215,0.15653767,-0.07276468999999999,0.0033659621985754513,0.0033659621985754513,0.719762725957913,0.0033659621985754513,0.12068080524704218,1
4216,0.15653767,-0.07276468999999999,0.0033659621985754513,0.0033659621985754513,0.719762725957913,0.0033659621985754513,0.12068080524704218,1
4217,0.15653767,-0.07276468999999999,0.0033659621985754513,0.0033659621985754513,0.719762725957913,0.0033659621985754513,0.12068080524704218,1
4218,0.15653767,-0.07276468999999999,0.0033659621985754513,0.0033659621985754513,0.719762725957913,0.0033659621985754513,0.12068080524704218,1
4219,0.15653767,-0.07276468999999999,0.0033659621985754513,0.0033659621985754513,0.719762725957913,0.0033659621985754513,0.12068080524704218,1
4220,0.15653767,-0.07276468999999999,0.0033659621985754513,0.0033659621985754513,0.719762725957913,0.0033659621985754513,0.12068080524704218,1
4221,0.15653767,-0.07276468999999999,0.0033659621985754513,0.0033659621985754513,0.719762725957913,0.0033659621985754513,0.12068080524704218,1
4222,0.15653767,-0.07276468999999999,0.0033659621985754513,0.0033659621985754513,0.719762725957913,0.0033659621985754513,0.12068080524704218,1
4223,0.15653767,-0.07276468999999999,0.0033659621985754513,0.0033659621985754513,0.719762725957913,0.0033659621985754513,0.12068080524704218,1
4224,0.15653767,-0.07276468999999999,0.0033659621985754513,0.0033659621985754513,0.719762725957913,0.0033659621985754513,0.12068080524704218,1
4225,0.15653767,-0.07276468999999999,0.0033659621985754513,0.0033659621985754513,0.719762725957913,0.0033659621985754513,0.12068080524704218,1
4226,0.15653767,-0.07276468999999999,0.0033659621985754513,0.0033659621985754513,0.719762725957913,0.0033659621985754513,0.12068080524704218,1
4227,0.15653767,-0.07276468999999999,0.0033659621985754513,0.0033659621985754513,0.719762725957913,0.0033659621985754513,0.12068080524704218,1
4228,0.15653767,-0.07276468999999999,0.0033659621985754513,0.0033659621985754513,0.719762725957913,0.0033659621985754513,0.12068080524704218,1
4229,0.15653767,-0.07276468999999999,0.0033659621985754513,0.0033659621985754513,0.719762725957913,0.0033659621985754513,0.12068080524704218,1
4230,0.15653767,-0.07276468999999999,0.0033659621985754513,0.0033659621985754513,0.719762725957913,0.0033659621985754513,0.12068080524704218,1
4231,0.15653767,-0.07276468999999999,0.0033659621985754513,0.0033659621985754513,0.719762725957913,0.0033659621985754513,0.12068080524704218,1
4232,0.15653767,-0.07276468999999999,0.0033659621985754513,0.0033659621985754513,0.719762725957913,0.0033659621985754513,0.12068080524704218,1
4233,0.15653767,-0.07276468999999999,0.0033659621985754513,0.0033659621985754513,0.719762725957913,0.0033659621985754513,0.12068080524704218,1
4234,0.15653767,-0.07276468999999999,0.0033659621985754513,0.0033659621985754513,0.719762725957913,0.0033659621985754513,0.12068080524704218,1
4235,0.15653767,-0.07276468999999999,0.0033659621985754513,0.0033659621985754513,0.719762725957913,0.0033659621985754513,0.12068080524704218,1
4236,0.15653767,-0.07276468999999999,0.0033659621985754513,0.0033659621985754513,0.719762725957913,0.0033659621985754513,0.12068080524704218,1
4237,0.15653767,-0.07276468999999999,0.0033659621985754513,0.0033659621985754513,0.719762725957913,0.0033659621985754513,0.12068080524704218,1
4238,0.15653767,-0.07276468999999999,0.0033659621985754513,0.0033659621985754513,0.719762725957913,0.0033659621985754513,0.12068080524704218,1
4239,0.15653767,-0.07276468999999999,0.0033659621985754513,0.0033659621985754513,0.719762725957913,0.0033659621985754513,0.12068080524704218,1
4240,0.15653767,-0.07276468999999999,0.0033659621985754513,0.0033659621985754513,0.719762725957913,0.0033659621985754513,0.12068080524704218,1
4241,0.15653767,-0.07276468999999999,0.0033659621985754513,0.0033659621985754513,0.719762725957913,0.0033659621985754513,0.12068080524704218,1
4242,0.15653767,-0.07276468999999999,0.0033659621985754513,0.0033659621985754513,0.719762725957913,0.0033659621985754513,0.12068080524704218,1
4243,0.15653767,-0.07276468999999999,0.0033659621985754513,0.0033659621985754513,0.719762725957913,0.0033659621985754513,0.12068080524704218,1
4244,0.15653767,-0.07276468999999999,0.0033659621985754513,0.0033659621985754513,0.719762725957913,0.0033659621985754513,0.12068080524704218,1
4245,0.15653767,-0.07276468999999999,0.0033659621985754513,0.0033659621985754513,0.719762725957913,0.0033659621985754513,0.12068080524704218,1
4246,0.15653767,-0.07276468999999999,0.0033659621985754513,0.0033659621985754513,0.719762725957913,0.0033659621985754513,0.12068080524704218,1
4247,0.15653767,-0.07276468999999999,0.0033659621985754513,0.0033659621985754513,0.719762725957913,0.0033659621985754513,0.12068080524704218,1
4248,0.15653767,-0.07276468999999999,0.0033659621985754513,0.0033659621985754513,0.719762725957913,0.0033659621985754513,0.12068080524704218,1
4249,0.15653767,-0.07276468999999999,0.0033659621985754513,0.0033659621985754513,0.719762725957913,0.0033659621985754513,0.12068080524704218,1
4250,0.15653767,-0.07276468999999999,0.0033659621985754513,0.0033659621985754513,0.719762725957913,0.0033659621985754513,0.12068080524704218,1
4251,0.15653767,-0.07276468999999999,0.0033659621985754513,0.0033659621985754513,0.719762725957913,0.0033659621985754513,0.12068080524704218,1
4252,0.15653767,-0.07276468999999999,0.0033659621985754513,0.0033659621985754513,0.719762725957913,0.0033659621985754513,0.12068080524704218,1
4253,0.15653767,-0.07276468999999999,0.0033659621985754513,0.0033659621985754513,0.719762725957913,0.0033659621985754513,0.12068080524704218,1
4254,0.15653767,-0.07276468999999999,0.0033659621985754513,0.0033659621985754513,0.719762725957913,0.0033659621985754513,0.12068080524704218,1
4255,0.15653767,-0.07276468999999999,0.0033659621985754513,0.0033659621985754513,0.719762725957913,0.0033659621985754513,0.12068080524704218,1
4256,0.15653767,-0.07276468999999999,0.0033659621985754513,0.0033659621985754513,0.719762725957913,0.0033659621985754513,0.12068080524704218,1
4257,0.15653767,-0.07276468999999999,0.0033659621985754513,0.0033659621985754513,0.719762725957913,0.0033659621985754513,0.12068080524704218,1
4258,0.15653767,-0.07276468999999999,0.0033659621985754513,0.0033659621985754513,0.719762725957913,0.0033659621985754513,0.12068080524704218,1
4259,0.15653767,-0.07276468999999999,0.0033659621985754513,0.0033659621985754513,0.719762725957913,0.0033659621985754513,0.12068080524704218,1
4260,0.15653767,-0.07276468999999999,0.0033659621985754513,0.0033659621985754513,0.719762725957913,0.0033659621985754513,0.12068080524704218,1
4261,0.15653767,-0.07276468999999999,0.0033659621985754513,0.0033659621985754513,0.719762725957913,0.0033659621985754513,0.12068080524704218,1
4262,0.15653767,-0.07276468999999999,0.0033659621985754513,0.0033659621985754513,0.719762725957913,0.0033659621985754513,0.12068080524704218,1
4263,0.15653767,-0.07276468999999999,0.0033659621985754513,0.0033659621985754513,0.719762725957913,0.0033659621985754513,0.12068080524704218,1
4264,0.15653767,-0.07276468999999999,0.0033659621985754513,0.0033659621985754513,0.719762725957913,0.0033659621985754513,0.12068080524704218,1
4265,0.15653767,-0.07276468999999999,0.0033659621985754513,0.0033659621985754513,0.719762725957913,0.0033659621985754513,0.12068080524704218,1
4266,0.15653767,-0.07276468999999999,0.0033659621985754513,0.0033659621985754513,0.719762725957913,0.0033659621985754513,0.12068080524704218,1
4267,0.15653767,-0.07276468999999999,0.0033659621985754513,0.0033659621985754513,0.719762725957913,0.0033659621985754513,0.12068080524704218,1
4268,0.15653767,-0.07276468999999999,0.0033659621985754513,0.0033659621985754513,0.719762725957913,0.0033659621985754513,0.12068080524704218,1
4269,0.15653767,-0.07276468999999999,0.0033659621985754513,0.0033659621985754513,0.719762725957913,0.0033659621985754513,0.12068080524704218,1
4270,0.15653767,-0.07276468999999999,0.0033659621985754513,0.0033659621985754513,0.719762725957913,0.0033659621985754513,0.12068080524704218,1
4271,0.15653767,-0.07276468999999999,0.0033659621985754513,0.0033659621985754513,0.719762725957913,0.0033659621985754513,0.12068080524704218,1
4272,0.15653767,-0.07276468999999999,0.0033659621985754513,0.0033659621985754513,0.719762725957913,0.0033659621985754513,0.12068080524704218,1
4273,0.15653767,-0.07276468999999999,0.0033659621985754513,0.0033659621985754513,0.719762725957913,0.0033659621985754513,0.12068080524704218,1
4274,0.15653767,-0.07276468999999999,0.0033659621985754513,0.0033659621985754513,0.719762725957913,0.0033659621985754513,0.12068080524704218,1
4275,0.15653767,-0.07276468999999999,0.0033659621985754513,0.0033659621985754513,0.719762725957913,0.0033659621985754513,0.12068080524704218,1
4276,0.15653767,-0.07276468999999999,0.0033659621985754513,0.0033659621985754513,0.719762725957913,0.0033659621985754513,0.12068080524704218,1
4277,0.15653767,-0.07276468999999999,0.0033659621985754513,0.0033659621985754513,0.719762725957913,0.0033659621985754513,0.12068080524704218,1
4278,0.15653767,-0.07276468999999999,0.0033659621985754513,0.0033659621985754513,0.719762725957913,0.0033659621985754513,0.12068080524704218,1
4279,0.15653767,-0.07276468999999999,0.0033659621985754513,0.0033659621985754513,0.719762725957913,0.0033659621985754513,0.12068080524704218,1
4280,0.15653767,-0.07276468999999999,0.0033659621985754513,0.0033659621985754513,0.719762725957913,0.0033659621985754513,0.12068080524704218,1
4281,0.15653767,-0.07276468999999999,0.0033659621985754513,0.0033659621985754513,0.719762725957913,0.0033659621985754513,0.12068080524704218,1
4282,0.15653767,-0.07276468999999999,0.0033659621985754513,0.0033659621985754513,0.719762725957913,0.0033659621985754513,0.12068080524704218,1
4283,0.15653767,-0.07276468999999999,0.0033659621985754513,0.0033659621985754513,0.719762725957913,0.0033659621985754513,0.12068080524704218,1
4284,0.15653767,-0.07276468999999999,0.0033659621985754513,0.0033659621985754513,0.719762725957913,0.0033659621985754513,0.12068080524704218,1
4285,0.15653767,-0.07276468999999999,0.0033659621985754513,0.0033659621985754513,0.719762725957913,0.0033659621985754513,0.12068080524704218,1
4286,0.15653767,-0.07276468999999999,0.0033659621985754513,0.0033659621985754513,0.719762725957913,0.0033659621985754513,0.12068080524704218,1
4287,0.15653767,-0.07276468999999999,0.0033659621985754513,0.0033659621985754513,0.719762725957913,0.0033659621985754513,0.12068080524704218,1
4288,0.15653767,-0.07276468999999999,0.0033659621985754513,0.0033659621985754513,0.719762725957913,0.0033659621985754513,0.12068080524704218,1
4289,0.15653767,-0.07276468999999999,0.0033659621985754513,0.0033659621985754513,0.719762725957913,0.0033659621985754513,0.12068080524704218,1
4290,0.15653767,-0.07276468999999999,0.0033659621985754513,0.0033659621985754513,0.719762725957913,0.0033659621985754513,0.12068080524704218,1
4291,0.15653767,-0.07276468999999999,0.0033659621985754513,0.0033659621985754513,0.719762725957913,0.0033659621985754513,0.12068080524704218,1
4292,0.15653767,-0.07276468999999999,0.0033659621985754513,0.0033659621985754513,0.719762725957913,0.0033659621985754513,0.12068080524704218,1
4293,0.15653767,-0.07276468999999999,0.0033659621985754513,0.0033659621985754513,0.719762725957913,0.0033659621985754513,0.12068080524704218,1
4294,0.15653767,-0.07276468999999999,0.0033659621985754513,0.0033659621985754513,0.719762725957913,0.0033659621985754513,0.12068080524704218,1
4295,0.15653767,-0.07276468999999999,0.0033659621985754513,0.0033659621985754513,0.719762725957913,0.0033659621985754513,0.12068080524704218,1
4296,0.15653767,-0.07276468999999999,0.0033659621985754513,0.0033659621985754513,0.719762725957913,0.0033659621985754513,0.12068080524704218,1
4297,0.15653767,-0.07276468999999999,0.0033659621985754513,0.0033659621985754513,0.719762725957913,0.0033659621985754513,0.12068080524704218,1
4298,0.15653767,-0.07276468999999999,0.0033659621985754513,0.0033659621985754513,0.719762725957913,0.0033659621985754513,0.12068080524704218,1
4299,0.15653767,-0.07276468999999999,0.0033659621985754513,0.0033659621985754513,0.719762725957913,0.0033659621985754513,0.12068080524704218,1
4300,0.15653767,-0.07276468999999999,0.0033659621985754513,0.0033659621985754513,0.719762725957913,0.0033659621985754513,0.12068080524704218,1
4301,0.15653767,-0.07276468999999999,0.0033659621985754513,0.0033659621985754513,0.719762725957913,0.0033659621985754513,0.12068080524704218,1
4302,0.15653767,-0.07276468999999999,0.0033659621985754513,0.0033659621985754513,0.719762725957913,0.0033659621985754513,0.12068080524704218,1
4303,0.15653767,-0.07276468999999999,0.0033659621985754513,0.0033659621985754513,0.719762725957913,0.0033659621985754513,0.12068080524704218,1
4304,0.15653767,-0.07276468999999999,0.0033659621985754513,0.0033659621985754513,0.719762725957913,0.0033659621985754513,0.12068080524704218,1
4305,0.15653767,-0.07276468999999999,0.0033659621985754513,0.0033659621985754513,0.719762725957913,0.0033659621985754513,0.12068080524704218,1
4306,0.15653767,-0.07276468999999999,0.0033659621985754513,0.0033659621985754513,0.719762725957913,0.0033659621985754513,0.12068080524704218,1
4307,0.15653767,-0.07276468999999999,0.0033659621985754513,0.0033659621985754513,0.719762725957913,0.0033659621985754513,0.12068080524704218,1
4308,0.15653767,-0.07276468999999999,0.0033659621985754513,0.0033659621985754513,0.719762725957913,0.0033659621985754513,0.12068080524704218,1
4309,0.15653767,-0.07276468999999999,0.0033659621985754513,0.0033659621985754513,0.719762725957913,0.0033659621985754513,0.12068080524704218,1
4310,0.15653767,-0.07276468999999999,0.0033659621985754513,0.0033659621985754513,0.719762725957913,0.0033659621985754513,0.12068080524704218,1
4311,0.15653767,-0.07276468999999999,0.0033659621985754513,0.0033659621985754513,0.719762725957913,0.0033659621985754513,0.12068080524704218,1
4312,0.15653767,-0.07276468999999999,0.0033659621985754513,0.0033659621985754513,0.719762725957913,0.0033659621985754513,0.12068080524704218,1
4313,0.15653767,-0.07276468999999999,0.0033659621985754513,0.0033659621985754513,0.719762725957913,0.0033659621985754513,0.12068080524704218,1
4314,0.15653767,-0.07276468999999999,0.0033659621985754513,0.0033659621985754513,0.719762725957913,0.0033659621985754513,0.12068080524704218,1
4315,0.15653767,-0.07276468999999999,0.0033659621985754513,0.0033659621985754513,0.719762725957913,0.0033659621985754513,0.12068080524704218,1
4316,0.15653767,-0.07276468999999999,0.0033659621985754513,0.0033659621985754513,0.719762725957913,0.0033659621985754513,0.12068080524704218,1
4317,0.15653767,-0.07276468999999999,0.0033659621985754513,0.0033659621985754513,0.719762725957913,0.0033659621985754513,0.12068080524704218,1
4318,0.15653767,-0.07276468999999999,0.0033659621985754513,0.0033659621985754513,0.719762725957913,0.0033659621985754513,0.12068080524704218,1
4319,0.15653767,-0.07276468999999999,0.0033659621985754513,0.0033659621985754513,0.719762725957913,0.0033659621985754513,0.12068080524704218,1
4320,0.15653767,-0.07276468999999999,0.0033659621985754513,0.0033659621985754513,0.719762725957913,0.0033659621985754513,0.12068080524704218,1
4321,0.15653767,-0.07276468999999999,0.0033659621985754513,0.0033659621985754513,0.719762725957913,0.0033659621985754513,0.12068080524704218,1
4322,0.15653767,-0.07276468999999999,0.0033659621985754513,0.0033659621985754513,0.719762725957913,0.0033659621985754513,0.12068080524704218,1
4323,0.15653767,-0.07276468999999999,0.0033659621985754513,0.0033659621985754513,0.719762725957913,0.0033659621985754513,0.12068080524704218,1
4324,0.15653767,-0.07276468999999999,0.0033659621985754513,0.0033659621985754513,0.719762725957913,0.0033659621985754513,0.12068080524704218,1
4325,0.15653767,-0.07276468999999999,0.0033659621985754513,0.0033659621985754513,0.719762725957913,0.0033659621985754513,0.12068080524704218,1
4326,0.15653767,-0.07276468999999999,0.0033659621985754513,0.0033659621985754513,0.719762725957913,0.0033659621985754513,0.12068080524704218,1
4327,0.15653767,-0.07276468999999999,0.0033659621985754513,0.0033659621985754513,0.719762725957913,0.0033659621985754513,0.12068080524704218,1
4328,0.15653767,-0.07276468999999999,0.0033659621985754513,0.0033659621985754513,0.719762725957913,0.0033659621985754513,0.12068080524704218,1
4329,0.15653767,-0.07276468999999999,0.0033659621985754513,0.0033659621985754513,0.719762725957913,0.0033659621985754513,0.12068080524704218,1
4330,0.15653767,-0.07276468999999999,0.0033659621985754513,0.0033659621985754513,0.719762725957913,0.0033659621985754513,0.12068080524704218,1
4331,0.15653767,-0.07276468999999999,0.0033659621985754513,0.0033659621985754513,0.719762725957913,0.0033659621985754513,0.12068080524704218,1
4332,0.15653767,-0.07276468999999999,0.0033659621985754513,0.0033659621985754513,0.719762725957913,0.0033659621985754513,0.12068080524704218,1
4333,0.15653767,-0.07276468999999999,0.0033659621985754513,0.0033659621985754513,0.719762725957913,0.0033659621985754513,0.12068080524704218,1
4334,0.15653767,-0.07276468999999999,0.0033659621985754513,0.0033659621985754513,0.719762725957913,0.0033659621985754513,0.12068080524704218,1
4335,0.15653767,-0.07276468999999999,0.0033659621985754513,0.0033659621985754513,0.719762725957913,0.0033659621985754513,0.12068080524704218,1
4336,0.15653767,-0.07276468999999999,0.0033659621985754513,0.0033659621985754513,0.719762725957913,0.0033659621985754513,0.12068080524704218,1
4337,0.15653767,-0.07276468999999999,0.0033659621985754513,0.0033659621985754513,0.719762725957913,0.0033659621985754513,0.12068080524704218,1
4338,0.15653767,-0.07276468999999999,0.0033659621985754513,0.0033659621985754513,0.719762725957913,0.0033659621985754513,0.12068080524704218,1
4339,0.15653767,-0.07276468999999999,0.0033659621985754513,0.0033659621985754513,0.719762725957913,0.0033659621985754513,0.12068080524704218,1
4340,0.15653767,-0.07276468999999999,0.0033659621985754513,0.0033659621985754513,0.719762725957913,0.0033659621985754513,0.12068080524704218,1
4341,0.15653767,-0.07276468999999999,0.0033659621985754513,0.0033659621985754513,0.719762725957913,0.0033659621985754513,0.12068080524704218,1
4342,0.15653767,-0.07276468999999999,0.0033659621985754513,0.0033659621985754513,0.719762725957913,0.0033659621985754513,0.12068080524704218,1
4343,0.15653767,-0.07276468999999999,0.0033659621985754513,0.0033659621985754513,0.719762725957913,0.0033659621985754513,0.12068080524704218,1
4344,0.15653767,-0.07276468999999999,0.0033659621985754513,0.0033659621985754513,0.719762725957913,0.0033659621985754513,0.12068080524704218,1
4345,0.15653767,-0.07276468999999999,0.0033659621985754513,0.0033659621985754513,0.719762725957913,0.0033659621985754513,0.12068080524704218,1
4346,0.15653767,-0.07276468999999999,0.0033659621985754513,0.0033659621985754513,0.719762725957913,0.0033659621985754513,0.12068080524704218,1
4347,0.15653767,-0.07276468999999999,0.0033659621985754513,0.0033659621985754513,0.719762725957913,0.0033659621985754513,0.12068080524704218,1
4348,0.15653767,-0.07276468999999999,0.0033659621985754513,0.0033659621985754513,0.719762725957913,0.0033659621985754513,0.12068080524704218,1
4349,0.15653767,-0.07276468999999999,0.0033659621985754513,0.0033659621985754513,0.719762725957913,0.0033659621985754513,0.12068080524704218,1
4350,0.15653767,-0.07276468999999999,0.0033659621985754513,0.0033659621985754513,0.719762725957913,0.0033659621985754513,0.12068080524704218,1
4351,0.15653767,-0.07276468999999999,0.0033659621985754513,0.0033659621985754513,0.719762725957913,0.0033659621985754513,0.12068080524704218,1
4352,0.15653767,-0.07276468999999999,0.0033659621985754513,0.0033659621985754513,0.719762725957913,0.0033659621985754513,0.12068080524704218,1
4353,0.15653767,-0.07276468999999999,0.0033659621985754513,0.0033659621985754513,0.719762725957913,0.0033659621985754513,0.12068080524704218,1
4354,0.15653767,-0.07276468999999999,0.0033659621985754513,0.0033659621985754513,0.719762725957913,0.0033659621985754513,0.12068080524704218,1
4355,0.15653767,-0.07276468999999999,0.0033659621985754513,0.0033659621985754513,0.719762725957913,0.0033659621985754513,0.12068080524704218,1
4356,0.15653767,-0.07276468999999999,0.0033659621985754513,0.0033659621985754513,0.719762725957913,0.0033659621985754513,0.12068080524704218,1
4357,0.15653767,-0.07276468999999999,0.0033659621985754513,0.0033659621985754513,0.719762725957913,0.0033659621985754513,0.12068080524704218,1
4358,0.15653767,-0.07276468999999999,0.0033659621985754513,0.0033659621985754513,0.719762725957913,0.0033659621985754513,0.12068080524704218,1
4359,0.15653767,-0.07276468999999999,0.0033659621985754513,0.0033659621985754513,0.719762725957913,0.0033659621985754513,0.12068080524704218,1
4360,0.15653767,-0.07276468999999999,0.0033659621985754513,0.0033659621985754513,0.719762725957913,0.0033659621985754513,0.12068080524704218,1
4361,0.15653767,-0.07276468999999999,0.0033659621985754513,0.0033659621985754513,0.719762725957913,0.0033659621985754513,0.12068080524704218,1
4362,0.15653767,-0.07276468999999999,0.0033659621985754513,0.0033659621985754513,0.719762725957913,0.0033659621985754513,0.12068080524704218,1
4363,0.15653767,-0.07276468999999999,0.0033659621985754513,0.0033659621985754513,0.719762725957913,0.0033659621985754513,0.12068080524704218,1
4364,0.15653767,-0.07276468999999999,0.0033659621985754513,0.0033659621985754513,0.719762725957913,0.0033659621985754513,0.12068080524704218,1
4365,0.15653767,-0.07276468999999999,0.0033659621985754513,0.0033659621985754513,0.719762725957913,0.0033659621985754513,0.12068080524704218,1
4366,0.15653767,-0.07276468999999999,0.0033659621985754513,0.0033659621985754513,0.719762725957913,0.0033659621985754513,0.12068080524704218,1
4367,0.15653767,-0.07276468999999999,0.0033659621985754513,0.0033659621985754513,0.719762725957913,0.0033659621985754513,0.12068080524704218,1
4368,0.15653767,-0.07276468999999999,0.0033659621985754513,0.0033659621985754513,0.719762725957913,0.0033659621985754513,0.12068080524704218,1
4369,0.15653767,-0.07276468999999999,0.0033659621985754513,0.0033659621985754513,0.719762725957913,0.0033659621985754513,0.12068080524704218,1
4370,0.15653767,-0.07276468999999999,0.0033659621985754513,0.0033659621985754513,0.719762725957913,0.0033659621985754513,0.12068080524704218,1
4371,0.15653767,-0.07276468999999999,0.0033659621985754513,0.0033659621985754513,0.719762725957913,0.0033659621985754513,0.12068080524704218,1
4372,0.15653767,-0.07276468999999999,0.0033659621985754513,0.0033659621985754513,0.719762725957913,0.0033659621985754513,0.12068080524704218,1
4373,0.15653767,-0.07276468999999999,0.0033659621985754513,0.0033659621985754513,0.719762725957913,0.0033659621985754513,0.12068080524704218,1
4374,0.15653767,-0.07276468999999999,0.0033659621985754513,0.0033659621985754513,0.719762725957913,0.0033659621985754513,0.12068080524704218,1
4375,0.15653767,-0.07276468999999999,0.0033659621985754513,0.0033659621985754513,0.719762725957913,0.0033659621985754513,0.12068080524704218,1
4376,0.15653767,-0.07276468999999999,0.0033659621985754513,0.0033659621985754513,0.719762725957913,0.0033659621985754513,0.12068080524704218,1
4377,0.15653767,-0.07276468999999999,0.0033659621985754513,0.0033659621985754513,0.719762725957913,0.0033659621985754513,0.12068080524704218,1
4378,0.15653767,-0.07276468999999999,0.0033659621985754513,0.0033659621985754513,0.719762725957913,0.0033659621985754513,0.12068080524704218,1
4379,0.15653767,-0.07276468999999999,0.0033659621985754513,0.0033659621985754513,0.719762725957913,0.0033659621985754513,0.12068080524704218,1
4380,0.15653767,-0.07276468999999999,0.0033659621985754513,0.0033659621985754513,0.719762725957913,0.0033659621985754513,0.12068080524704218,1
4381,0.15653767,-0.07276468999999999,0.0033659621985754513,0.0033659621985754513,0.719762725957913,0.0033659621985754513,0.12068080524704218,1
4382,0.15653767,-0.07276468999999999,0.0033659621985754513,0.0033659621985754513,0.719762725957913,0.0033659621985754513,0.12068080524704218,1
4383,0.15653767,-0.07276468999999999,0.0033659621985754513,0.0033659621985754513,0.719762725957913,0.0033659621985754513,0.12068080524704218,1
4384,0.15653767,-0.07276468999999999,0.0033659621985754513,0.0033659621985754513,0.719762725957913,0.0033659621985754513,0.12068080524704218,1
4385,0.15653767,-0.07276468999999999,0.0033659621985754513,0.0033659621985754513,0.719762725957913,0.0033659621985754513,0.12068080524704218,1
4386,0.15653767,-0.07276468999999999,0.0033659621985754513,0.0033659621985754513,0.719762725957913,0.0033659621985754513,0.12068080524704218,1
4387,0.15653767,-0.07276468999999999,0.0033659621985754513,0.0033659621985754513,0.719762725957913,0.0033659621985754513,0.12068080524704218,1
4388,0.15653767,-0.07276468999999999,0.0033659621985754513,0.0033659621985754513,0.719762725957913,0.0033659621985754513,0.12068080524704218,1
4389,0.15653767,-0.07276468999999999,0.0033659621985754513,0.0033659621985754513,0.719762725957913,0.0033659621985754513,0.12068080524704218,1
4390,0.15653767,-0.07276468999999999,0.0033659621985754513,0.0033659621985754513,0.719762725957913,0.0033659621985754513,0.12068080524704218,1
4391,0.15653767,-0.07276468999999999,0.0033659621985754513,0.0033659621985754513,0.719762725957913,0.0033659621985754513,0.12068080524704218,1
4392,0.15653767,-0.07276468999999999,0.0033659621985754513,0.0033659621985754513,0.719762725957913,0.0033659621985754513,0.12068080524704218,1
4393,0.15653767,-0.07276468999999999,0.0033659621985754513,0.0033659621985754513,0.719762725957913,0.0033659621985754513,0.12068080524704218,1
4394,0.15653767,-0.07276468999999999,0.0033659621985754513,0.0033659621985754513,0.719762725957913,0.0033659621985754513,0.12068080524704218,1
4395,0.15653767,-0.07276468999999999,0.0033659621985754513,0.0033659621985754513,0.719762725957913,0.0033659621985754513,0.12068080524704218,1
4396,0.15653767,-0.07276468999999999,0.0033659621985754513,0.0033659621985754513,0.719762725957913,0.0033659621985754513,0.12068080524704218,1
4397,0.15653767,-0.07276468999999999,0.0033659621985754513,0.0033659621985754513,0.719762725957913,0.0033659621985754513,0.12068080524704218,1
4398,0.15653767,-0.07276468999999999,0.0033659621985754513,0.0033659621985754513,0.719762725957913,0.0033659621985754513,0.12068080524704218,1
4399,0.15653767,-0.07276468999999999,0.0033659621985754513,0.0033659621985754513,0.719762725957913,0.0033659621985754513,0.12068080524704218,1
4400,0.15653767,-0.07276468999999999,0.0033659621985754513,0.0033659621985754513,0.719762725957913,0.0033659621985754513,0.12068080524704218,1
4401,0.15653767,-0.07276468999999999,0.0033659621985754513,0.0033659621985754513,0.719762725957913,0.0033659621985754513,0.12068080524704218,1
4402,0.15653767,-0.07276468999999999,0.0033659621985754513,0.0033659621985754513,0.719762725957913,0.0033659621985754513,0.12068080524704218,1
4403,0.15653767,-0.07276468999999999,0.0033659621985754513,0.0033659621985754513,0.719762725957913,0.0033659621985754513,0.12068080524704218,1
4404,0.15653767,-0.07276468999999999,0.0033659621985754513,0.0033659621985754513,0.719762725957913,0.0033659621985754513,0.12068080524704218,1
4405,0.15653767,-0.07276468999999999,0.0033659621985754513,0.0033659621985754513,0.719762725957913,0.0033659621985754513,0.12068080524704218,1
4406,0.15653767,-0.07276468999999999,0.0033659621985754513,0.0033659621985754513,0.719762725957913,0.0033659621985754513,0.12068080524704218,1
4407,0.15653767,-0.07276468999999999,0.0033659621985754513,0.0033659621985754513,0.719762725957913,0.0033659621985754513,0.12068080524704218,1
4408,0.15653767,-0.07276468999999999,0.0033659621985754513,0.0033659621985754513,0.719762725957913,0.0033659621985754513,0.12068080524704218,1
4409,0.15653767,-0.07276468999999999,0.0033659621985754513,0.0033659621985754513,0.719762725957913,0.0033659621985754513,0.12068080524704218,1
4410,0.15653767,-0.07276468999999999,0.0033659621985754513,0.0033659621985754513,0.719762725957913,0.0033659621985754513,0.12068080524704218,1
4411,0.15653767,-0.07276468999999999,0.0033659621985754513,0.0033659621985754513,0.719762725957913,0.0033659621985754513,0.12068080524704218,1
4412,0.15653767,-0.07276468999999999,0.0033659621985754513,0.0033659621985754513,0.719762725957913,0.0033659621985754513,0.12068080524704218,1
4413,0.15653767,-0.07276468999999999,0.0033659621985754513,0.0033659621985754513,0.719762725957913,0.0033659621985754513,0.12068080524704218,1
4414,0.15653767,-0.07276468999999999,0.0033659621985754513,0.0033659621985754513,0.719762725957913,0.0033659621985754513,0.12068080524704218,1
4415,0.15653767,-0.07276468999999999,0.0033659621985754513,0.0033659621985754513,0.719762725957913,0.0033659621985754513,0.12068080524704218,1
4416,0.15653767,-0.07276468999999999,0.0033659621985754513,0.0033659621985754513,0.719762725957913,0.0033659621985754513,0.12068080524704218,1
4417,0.15653767,-0.07276468999999999,0.0033659621985754513,0.0033659621985754513,0.719762725957913,0.0033659621985754513,0.12068080524704218,1
4418,0.15653767,-0.07276468999999999,0.0033659621985754513,0.0033659621985754513,0.719762725957913,0.0033659621985754513,0.12068080524704218,1
4419,0.15653767,-0.07276468999999999,0.0033659621985754513,0.0033659621985754513,0.719762725957913,0.0033659621985754513,0.12068080524704218,1
4420,0.15653767,-0.07276468999999999,0.0033659621985754513,0.0033659621985754513,0.719762725957913,0.0033659621985754513,0.12068080524704218,1
4421,0.15653767,-0.07276468999999999,0.0033659621985754513,0.0033659621985754513,0.719762725957913,0.0033659621985754513,0.12068080524704218,1
4422,0.15653767,-0.07276468999999999,0.0033659621985754513,0.0033659621985754513,0.719762725957913,0.0033659621985754513,0.12068080524704218,1
4423,0.15653767,-0.07276468999999999,0.0033659621985754513,0.0033659621985754513,0.719762725957913,0.0033659621985754513,0.12068080524704218,1
4424,0.15653767,-0.07276468999999999,0.0033659621985754513,0.0033659621985754513,0.719762725957913,0.0033659621985754513,0.12068080524704218,1
4425,0.15653767,-0.07276468999999999,0.0033659621985754513,0.0033659621985754513,0.719762725957913,0.0033659621985754513,0.12068080524704218,1
4426,0.15653767,-0.07276468999999999,0.0033659621985754513,0.0033659621985754513,0.719762725957913,0.0033659621985754513,0.12068080524704218,1
4427,0.15653767,-0.07276468999999999,0.0033659621985754513,0.0033659621985754513,0.719762725957913,0.0033659621985754513,0.12068080524704218,1
4428,0.15653767,-0.07276468999999999,0.0033659621985754513,0.0033659621985754513,0.719762725957913,0.0033659621985754513,0.12068080524704218,1
4429,0.15653767,-0.07276468999999999,0.0033659621985754513,0.0033659621985754513,0.719762725957913,0.0033659621985754513,0.12068080524704218,1
4430,0.15653767,-0.07276468999999999,0.0033659621985754513,0.0033659621985754513,0.719762725957913,0.0033659621985754513,0.12068080524704218,1
4431,0.15653767,-0.07276468999999999,0.0033659621985754513,0.0033659621985754513,0.719762725957913,0.0033659621985754513,0.12068080524704218,1
4432,0.15653767,-0.07276468999999999,0.0033659621985754513,0.0033659621985754513,0.719762725957913,0.0033659621985754513,0.12068080524704218,1
4433,0.15653767,-0.07276468999999999,0.0033659621985754513,0.0033659621985754513,0.719762725957913,0.0033659621985754513,0.12068080524704218,1
4434,0.15653767,-0.07276468999999999,0.0033659621985754513,0.0033659621985754513,0.719762725957913,0.0033659621985754513,0.12068080524704218,1
4435,0.15653767,-0.07276468999999999,0.0033659621985754513,0.0033659621985754513,0.719762725957913,0.0033659621985754513,0.12068080524704218,1
4436,0.15653767,-0.07276468999999999,0.0033659621985754513,0.0033659621985754513,0.719762725957913,0.0033659621985754513,0.12068080524704218,1
4437,0.15653767,-0.07276468999999999,0.0033659621985754513,0.0033659621985754513,0.719762725957913,0.0033659621985754513,0.12068080524704218,1
4438,0.15653767,-0.07276468999999999,0.0033659621985754513,0.0033659621985754513,0.719762725957913,0.0033659621985754513,0.12068080524704218,1
4439,0.15653767,-0.07276468999999999,0.0033659621985754513,0.0033659621985754513,0.719762725957913,0.0033659621985754513,0.12068080524704218,1
4440,0.15653767,-0.07276468999999999,0.0033659621985754513,0.0033659621985754513,0.719762725957913,0.0033659621985754513,0.12068080524704218,1
4441,0.15653767,-0.07276468999999999,0.0033659621985754513,0.0033659621985754513,0.719762725957913,0.0033659621985754513,0.12068080524704218,1
4442,0.15653767,-0.07276468999999999,0.0033659621985754513,0.0033659621985754513,0.719762725957913,0.0033659621985754513,0.12068080524704218,1
4443,0.15653767,-0.07276468999999999,0.0033659621985754513,0.0033659621985754513,0.719762725957913,0.0033659621985754513,0.12068080524704218,1
4444,0.15653767,-0.07276468999999999,0.0033659621985754513,0.0033659621985754513,0.719762725957913,0.0033659621985754513,0.12068080524704218,1
4445,0.15653767,-0.07276468999999999,0.0033659621985754513,0.0033659621985754513,0.719762725957913,0.0033659621985754513,0.12068080524704218,1
4446,0.15653767,-0.07276468999999999,0.0033659621985754513,0.0033659621985754513,0.719762725957913,0.0033659621985754513,0.12068080524704218,1
4447,0.15653767,-0.07276468999999999,0.0033659621985754513,0.0033659621985754513,0.719762725957913,0.0033659621985754513,0.12068080524704218,1
4448,0.15653767,-0.07276468999999999,0.0033659621985754513,0.0033659621985754513,0.719762725957913,0.0033659621985754513,0.12068080524704218,1
4449,0.15653767,-0.07276468999999999,0.0033659621985754513,0.0033659621985754513,0.719762725957913,0.0033659621985754513,0.12068080524704218,1
4450,0.15653767,-0.07276468999999999,0.0033659621985754513,0.0033659621985754513,0.719762725957913,0.0033659621985754513,0.12068080524704218,1
4451,0.15653767,-0.07276468999999999,0.0033659621985754513,0.0033659621985754513,0.719762725957913,0.0033659621985754513,0.12068080524704218,1
4452,0.15653767,-0.07276468999999999,0.0033659621985754513,0.0033659621985754513,0.719762725957913,0.0033659621985754513,0.12068080524704218,1
4453,0.15653767,-0.07276468999999999,0.0033659621985754513,0.0033659621985754513,0.719762725957913,0.0033659621985754513,0.12068080524704218,1
4454,0.15653767,-0.07276468999999999,0.0033659621985754513,0.0033659621985754513,0.719762725957913,0.0033659621985754513,0.12068080524704218,1
4455,0.15653767,-0.07276468999999999,0.0033659621985754513,0.0033659621985754513,0.719762725957913,0.0033659621985754513,0.12068080524704218,1
4456,0.15653767,-0.07276468999999999,0.0033659621985754513,0.0033659621985754513,0.719762725957913,0.0033659621985754513,0.12068080524704218,1
4457,0.15653767,-0.07276468999999999,0.0033659621985754513,0.0033659621985754513,0.719762725957913,0.0033659621985754513,0.12068080524704218,1
4458,0.15653767,-0.07276468999999999,0.0033659621985754513,0.0033659621985754513,0.719762725957913,0.0033659621985754513,0.12068080524704218,1
4459,0.15653767,-0.07276468999999999,0.0033659621985754513,0.0033659621985754513,0.719762725957913,0.0033659621985754513,0.12068080524704218,1
4460,0.15653767,-0.07276468999999999,0.0033659621985754513,0.0033659621985754513,0.719762725957913,0.0033659621985754513,0.12068080524704218,1
4461,0.15653767,-0.07276468999999999,0.0033659621985754513,0.0033659621985754513,0.719762725957913,0.0033659621985754513,0.12068080524704218,1
4462,0.15653767,-0.07276468999999999,0.0033659621985754513,0.0033659621985754513,0.719762725957913,0.0033659621985754513,0.12068080524704218,1
4463,0.15653767,-0.07276468999999999,0.0033659621985754513,0.0033659621985754513,0.719762725957913,0.0033659621985754513,0.12068080524704218,1
4464,0.15653767,-0.07276468999999999,0.0033659621985754513,0.0033659621985754513,0.719762725957913,0.0033659621985754513,0.12068080524704218,1
4465,0.15653767,-0.07276468999999999,0.0033659621985754513,0.0033659621985754513,0.719762725957913,0.0033659621985754513,0.12068080524704218,1
4466,0.15653767,-0.07276468999999999,0.0033659621985754513,0.0033659621985754513,0.719762725957913,0.0033659621985754513,0.12068080524704218,1
4467,0.15653767,-0.07276468999999999,0.0033659621985754513,0.0033659621985754513,0.719762725957913,0.0033659621985754513,0.12068080524704218,1
4468,0.15653767,-0.07276468999999999,0.0033659621985754513,0.0033659621985754513,0.719762725957913,0.0033659621985754513,0.12068080524704218,1
4469,0.15653767,-0.07276468999999999,0.0033659621985754513,0.0033659621985754513,0.719762725957913,0.0033659621985754513,0.12068080524704218,1
4470,0.15653767,-0.07276468999999999,0.0033659621985754513,0.0033659621985754513,0.719762725957913,0.0033659621985754513,0.12068080524704218,1
4471,0.15653767,-0.07276468999999999,0.0033659621985754513,0.0033659621985754513,0.719762725957913,0.0033659621985754513,0.12068080524704218,1
4472,0.15653767,-0.07276468999999999,0.0033659621985754513,0.0033659621985754513,0.719762725957913,0.0033659621985754513,0.12068080524704218,1
4473,0.15653767,-0.07276468999999999,0.0033659621985754513,0.0033659621985754513,0.719762725957913,0.0033659621985754513,0.12068080524704218,1
4474,0.15653767,-0.07276468999999999,0.0033659621985754513,0.0033659621985754513,0.719762725957913,0.0033659621985754513,0.12068080524704218,1
4475,0.15653767,-0.07276468999999999,0.0033659621985754513,0.0033659621985754513,0.719762725957913,0.0033659621985754513,0.12068080524704218,1
4476,0.15653767,-0.07276468999999999,0.0033659621985754513,0.0033659621985754513,0.719762725957913,0.0033659621985754513,0.12068080524704218,1
4477,0.15653767,-0.07276468999999999,0.0033659621985754513,0.0033659621985754513,0.719762725957913,0.0033659621985754513,0.12068080524704218,1
4478,0.15653767,-0.07276468999999999,0.0033659621985754513,0.0033659621985754513,0.719762725957913,0.0033659621985754513,0.12068080524704218,1
4479,0.15653767,-0.07276468999999999,0.0033659621985754513,0.0033659621985754513,0.719762725957913,0.0033659621985754513,0.12068080524704218,1
4480,0.15653767,-0.07276468999999999,0.0033659621985754513,0.0033659621985754513,0.719762725957913,0.0033659621985754513,0.12068080524704218,1
4481,0.15653767,-0.07276468999999999,0.0033659621985754513,0.0033659621985754513,0.719762725957913,0.0033659621985754513,0.12068080524704218,1
4482,0.15653767,-0.07276468999999999,0.0033659621985754513,0.0033659621985754513,0.719762725957913,0.0033659621985754513,0.12068080524704218,1
4483,0.15653767,-0.07276468999999999,0.0033659621985754513,0.0033659621985754513,0.719762725957913,0.0033659621985754513,0.12068080524704218,1
4484,0.15653767,-0.07276468999999999,0.0033659621985754513,0.0033659621985754513,0.719762725957913,0.0033659621985754513,0.12068080524704218,1
4485,0.15653767,-0.07276468999999999,0.0033659621985754513,0.0033659621985754513,0.719762725957913,0.0033659621985754513,0.12068080524704218,1
4486,0.15653767,-0.07276468999999999,0.0033659621985754513,0.0033659621985754513,0.719762725957913,0.0033659621985754513,0.12068080524704218,1
4487,0.15653767,-0.07276468999999999,0.0033659621985754513,0.0033659621985754513,0.719762725957913,0.0033659621985754513,0.12068080524704218,1
4488,0.15653767,-0.07276468999999999,0.0033659621985754513,0.0033659621985754513,0.719762725957913,0.0033659621985754513,0.12068080524704218,1
4489,0.15653767,-0.07276468999999999,0.0033659621985754513,0.0033659621985754513,0.719762725957913,0.0033659621985754513,0.12068080524704218,1
4490,0.15653767,-0.07276468999999999,0.0033659621985754513,0.0033659621985754513,0.719762725957913,0.0033659621985754513,0.12068080524704218,1
4491,0.15653767,-0.07276468999999999,0.0033659621985754513,0.0033659621985754513,0.719762725957913,0.0033659621985754513,0.12068080524704218,1
4492,0.15653767,-0.07276468999999999,0.0033659621985754513,0.0033659621985754513,0.719762725957913,0.0033659621985754513,0.12068080524704218,1
4493,0.15653767,-0.07276468999999999,0.0033659621985754513,0.0033659621985754513,0.719762725957913,0.0033659621985754513,0.12068080524704218,1
4494,0.15653767,-0.07276468999999999,0.0033659621985754513,0.0033659621985754513,0.719762725957913,0.0033659621985754513,0.12068080524704218,1
4495,0.15653767,-0.07276468999999999,0.0033659621985754513,0.0033659621985754513,0.719762725957913,0.0033659621985754513,0.12068080524704218,1
4496,0.15653767,-0.07276468999999999,0.0033659621985754513,0.0033659621985754513,0.719762725957913,0.0033659621985754513,0.12068080524704218,1
4497,0.15653767,-0.07276468999999999,0.0033659621985754513,0.0033659621985754513,0.719762725957913,0.0033659621985754513,0.12068080524704218,1
4498,0.15653767,-0.07276468999999999,0.0033659621985754513,0.0033659621985754513,0.719762725957913,0.0033659621985754513,0.12068080524704218,1
4499,0.15653767,-0.07276468999999999,0.0033659621985754513,0.0033659621985754513,0.719762725957913,0.0033659621985754513,0.12068080524704218,1
4500,0.15653767,-0.07276468999999999,0.0033659621985754513,0.0033659621985754513,0.719762725957913,0.0033659621985754513,0.12068080524704218,1
4501,0.15653767,-0.07276468999999999,0.0033659621985754513,0.0033659621985754513,0.719762725957913,0.0033659621985754513,0.12068080524704218,1
4502,0.15653767,-0.07276468999999999,0.0033659621985754513,0.0033659621985754513,0.719762725957913,0.0033659621985754513,0.12068080524704218,1
4503,0.15653767,-0.07276468999999999,0.0033659621985754513,0.0033659621985754513,0.719762725957913,0.0033659621985754513,0.12068080524704218,1
4504,0.15653767,-0.07276468999999999,0.0033659621985754513,0.0033659621985754513,0.719762725957913,0.0033659621985754513,0.12068080524704218,1
4505,0.15653767,-0.07276468999999999,0.0033659621985754513,0.0033659621985754513,0.719762725957913,0.0033659621985754513,0.12068080524704218,1
4506,0.15653767,-0.07276468999999999,0.0033659621985754513,0.0033659621985754513,0.719762725957913,0.0033659621985754513,0.12068080524704218,1
4507,0.15653767,-0.07276468999999999,0.0033659621985754513,0.0033659621985754513,0.719762725957913,0.0033659621985754513,0.12068080524704218,1
4508,0.15653767,-0.07276468999999999,0.0033659621985754513,0.0033659621985754513,0.719762725957913,0.0033659621985754513,0.12068080524704218,1
4509,0.15653767,-0.07276468999999999,0.0033659621985754513,0.0033659621985754513,0.719762725957913,0.0033659621985754513,0.12068080524704218,1
4510,0.15653767,-0.07276468999999999,0.0033659621985754513,0.0033659621985754513,0.719762725957913,0.0033659621985754513,0.12068080524704218,1
4511,0.15653767,-0.07276468999999999,0.0033659621985754513,0.0033659621985754513,0.719762725957913,0.0033659621985754513,0.12068080524704218,1
4512,0.15653767,-0.07276468999999999,0.0033659621985754513,0.0033659621985754513,0.719762725957913,0.0033659621985754513,0.12068080524704218,1
4513,0.15653767,-0.07276468999999999,0.0033659621985754513,0.0033659621985754513,0.719762725957913,0.0033659621985754513,0.12068080524704218,1
4514,0.15653767,-0.07276468999999999,0.0033659621985754513,0.0033659621985754513,0.719762725957913,0.0033659621985754513,0.12068080524704218,1
4515,0.15653767,-0.07276468999999999,0.0033659621985754513,0.0033659621985754513,0.719762725957913,0.0033659621985754513,0.12068080524704218,1
4516,0.15653767,-0.07276468999999999,0.0033659621985754513,0.0033659621985754513,0.719762725957913,0.0033659621985754513,0.12068080524704218,1
4517,0.15653767,-0.07276468999999999,0.0033659621985754513,0.0033659621985754513,0.719762725957913,0.0033659621985754513,0.12068080524704218,1
4518,0.15653767,-0.07276468999999999,0.0033659621985754513,0.0033659621985754513,0.719762725957913,0.0033659621985754513,0.12068080524704218,1
4519,0.15653767,-0.07276468999999999,0.0033659621985754513,0.0033659621985754513,0.719762725957913,0.0033659621985754513,0.12068080524704218,1
4520,0.15653767,-0.07276468999999999,0.0033659621985754513,0.0033659621985754513,0.719762725957913,0.0033659621985754513,0.12068080524704218,1
4521,0.15653767,-0.07276468999999999,0.0033659621985754513,0.0033659621985754513,0.719762725957913,0.0033659621985754513,0.12068080524704218,1
4522,0.15653767,-0.07276468999999999,0.0033659621985754513,0.0033659621985754513,0.719762725957913,0.0033659621985754513,0.12068080524704218,1
4523,0.15653767,-0.07276468999999999,0.0033659621985754513,0.0033659621985754513,0.719762725957913,0.0033659621985754513,0.12068080524704218,1
4524,0.15653767,-0.07276468999999999,0.0033659621985754513,0.0033659621985754513,0.719762725957913,0.0033659621985754513,0.12068080524704218,1
4525,0.15653767,-0.07276468999999999,0.0033659621985754513,0.0033659621985754513,0.719762725957913,0.0033659621985754513,0.12068080524704218,1
4526,0.15653767,-0.07276468999999999,0.0033659621985754513,0.0033659621985754513,0.719762725957913,0.0033659621985754513,0.12068080524704218,1
4527,0.15653767,-0.07276468999999999,0.0033659621985754513,0.0033659621985754513,0.719762725957913,0.0033659621985754513,0.12068080524704218,1
4528,0.15653767,-0.07276468999999999,0.0033659621985754513,0.0033659621985754513,0.719762725957913,0.0033659621985754513,0.12068080524704218,1
4529,0.15653767,-0.07276468999999999,0.0033659621985754513,0.0033659621985754513,0.719762725957913,0.0033659621985754513,0.12068080524704218,1
4530,0.15653767,-0.07276468999999999,0.0033659621985754513,0.0033659621985754513,0.719762725957913,0.0033659621985754513,0.12068080524704218,1
4531,0.15653767,-0.07276468999999999,0.0033659621985754513,0.0033659621985754513,0.719762725957913,0.0033659621985754513,0.12068080524704218,1
4532,0.15653767,-0.07276468999999999,0.0033659621985754513,0.0033659621985754513,0.719762725957913,0.0033659621985754513,0.12068080524704218,1
4533,0.15653767,-0.07276468999999999,0.0033659621985754513,0.0033659621985754513,0.719762725957913,0.0033659621985754513,0.12068080524704218,1
4534,0.15653767,-0.07276468999999999,0.0033659621985754513,0.0033659621985754513,0.719762725957913,0.0033659621985754513,0.12068080524704218,1
4535,0.15653767,-0.07276468999999999,0.0033659621985754513,0.0033659621985754513,0.719762725957913,0.0033659621985754513,0.12068080524704218,1
4536,0.15653767,-0.07276468999999999,0.0033659621985754513,0.0033659621985754513,0.719762725957913,0.0033659621985754513,0.12068080524704218,1
4537,0.15653767,-0.07276468999999999,0.0033659621985754513,0.0033659621985754513,0.719762725957913,0.0033659621985754513,0.12068080524704218,1
4538,0.15653767,-0.07276468999999999,0.0033659621985754513,0.0033659621985754513,0.719762725957913,0.0033659621985754513,0.12068080524704218,1
4539,0.15653767,-0.07276468999999999,0.0033659621985754513,0.0033659621985754513,0.719762725957913,0.0033659621985754513,0.12068080524704218,1
4540,0.15653767,-0.07276468999999999,0.0033659621985754513,0.0033659621985754513,0.719762725957913,0.0033659621985754513,0.12068080524704218,1
4541,0.15653767,-0.07276468999999999,0.0033659621985754513,0.0033659621985754513,0.719762725957913,0.0033659621985754513,0.12068080524704218,1
4542,0.15653767,-0.07276468999999999,0.0033659621985754513,0.0033659621985754513,0.719762725957913,0.0033659621985754513,0.12068080524704218,1
4543,0.15653767,-0.07276468999999999,0.0033659621985754513,0.0033659621985754513,0.719762725957913,0.0033659621985754513,0.12068080524704218,1
4544,0.15653767,-0.07276468999999999,0.0033659621985754513,0.0033659621985754513,0.719762725957913,0.0033659621985754513,0.12068080524704218,1
4545,0.15653767,-0.07276468999999999,0.0033659621985754513,0.0033659621985754513,0.719762725957913,0.0033659621985754513,0.12068080524704218,1
4546,0.15653767,-0.07276468999999999,0.0033659621985754513,0.0033659621985754513,0.719762725957913,0.0033659621985754513,0.12068080524704218,1
4547,0.15653767,-0.07276468999999999,0.0033659621985754513,0.0033659621985754513,0.719762725957913,0.0033659621985754513,0.12068080524704218,1
4548,0.15653767,-0.07276468999999999,0.0033659621985754513,0.0033659621985754513,0.719762725957913,0.0033659621985754513,0.12068080524704218,1
4549,0.15653767,-0.07276468999999999,0.0033659621985754513,0.0033659621985754513,0.719762725957913,0.0033659621985754513,0.12068080524704218,1
4550,0.15653767,-0.07276468999999999,0.0033659621985754513,0.0033659621985754513,0.719762725957913,0.0033659621985754513,0.12068080524704218,1
4551,0.15653767,-0.07276468999999999,0.0033659621985754513,0.0033659621985754513,0.719762725957913,0.0033659621985754513,0.12068080524704218,1
4552,0.15653767,-0.07276468999999999,0.0033659621985754513,0.0033659621985754513,0.719762725957913,0.0033659621985754513,0.12068080524704218,1
4553,0.15653767,-0.07276468999999999,0.0033659621985754513,0.0033659621985754513,0.719762725957913,0.0033659621985754513,0.12068080524704218,1
4554,0.15653767,-0.07276468999999999,0.0033659621985754513,0.0033659621985754513,0.719762725957913,0.0033659621985754513,0.12068080524704218,1
4555,0.15653767,-0.07276468999999999,0.0033659621985754513,0.0033659621985754513,0.719762725957913,0.0033659621985754513,0.12068080524704218,1
4556,0.15653767,-0.07276468999999999,0.0033659621985754513,0.0033659621985754513,0.719762725957913,0.0033659621985754513,0.12068080524704218,1
4557,0.15653767,-0.07276468999999999,0.0033659621985754513,0.0033659621985754513,0.719762725957913,0.0033659621985754513,0.12068080524704218,1
4558,0.15653767,-0.07276468999999999,0.0033659621985754513,0.0033659621985754513,0.719762725957913,0.0033659621985754513,0.12068080524704218,1
4559,0.15653767,-0.07276468999999999,0.0033659621985754513,0.0033659621985754513,0.719762725957913,0.0033659621985754513,0.12068080524704218,1
4560,0.15653767,-0.07276468999999999,0.0033659621985754513,0.0033659621985754513,0.719762725957913,0.0033659621985754513,0.12068080524704218,1
4561,0.15653767,-0.07276468999999999,0.0033659621985754513,0.0033659621985754513,0.719762725957913,0.0033659621985754513,0.12068080524704218,1
4562,0.15653767,-0.07276468999999999,0.0033659621985754513,0.0033659621985754513,0.719762725957913,0.0033659621985754513,0.12068080524704218,1
4563,0.15653767,-0.07276468999999999,0.0033659621985754513,0.0033659621985754513,0.719762725957913,0.0033659621985754513,0.12068080524704218,1
4564,0.15653767,-0.07276468999999999,0.0033659621985754513,0.0033659621985754513,0.719762725957913,0.0033659621985754513,0.12068080524704218,1
4565,0.15653767,-0.07276468999999999,0.0033659621985754513,0.0033659621985754513,0.719762725957913,0.0033659621985754513,0.12068080524704218,1
4566,0.15653767,-0.07276468999999999,0.0033659621985754513,0.0033659621985754513,0.719762725957913,0.0033659621985754513,0.12068080524704218,1
4567,0.15653767,-0.07276468999999999,0.0033659621985754513,0.0033659621985754513,0.719762725957913,0.0033659621985754513,0.12068080524704218,1
4568,0.15653767,-0.07276468999999999,0.0033659621985754513,0.0033659621985754513,0.719762725957913,0.0033659621985754513,0.12068080524704218,1
4569,0.15653767,-0.07276468999999999,0.0033659621985754513,0.0033659621985754513,0.719762725957913,0.0033659621985754513,0.12068080524704218,1
4570,0.15653767,-0.07276468999999999,0.0033659621985754513,0.0033659621985754513,0.719762725957913,0.0033659621985754513,0.12068080524704218,1
4571,0.15653767,-0.07276468999999999,0.0033659621985754513,0.0033659621985754513,0.719762725957913,0.0033659621985754513,0.12068080524704218,1
4572,0.15653767,-0.07276468999999999,0.0033659621985754513,0.0033659621985754513,0.719762725957913,0.0033659621985754513,0.12068080524704218,1
4573,0.15653767,-0.07276468999999999,0.0033659621985754513,0.0033659621985754513,0.719762725957913,0.0033659621985754513,0.12068080524704218,1
4574,0.15653767,-0.07276468999999999,0.0033659621985754513,0.0033659621985754513,0.719762725957913,0.0033659621985754513,0.12068080524704218,1
4575,0.15653767,-0.07276468999999999,0.0033659621985754513,0.0033659621985754513,0.719762725957913,0.0033659621985754513,0.12068080524704218,1
4576,0.15653767,-0.07276468999999999,0.0033659621985754513,0.0033659621985754513,0.719762725957913,0.0033659621985754513,0.12068080524704218,1
4577,0.15653767,-0.07276468999999999,0.0033659621985754513,0.0033659621985754513,0.719762725957913,0.0033659621985754513,0.12068080524704218,1
4578,0.15653767,-0.07276468999999999,0.0033659621985754513,0.0033659621985754513,0.719762725957913,0.0033659621985754513,0.12068080524704218,1
4579,0.15653767,-0.07276468999999999,0.0033659621985754513,0.0033659621985754513,0.719762725957913,0.0033659621985754513,0.12068080524704218,1
4580,0.15653767,-0.07276468999999999,0.0033659621985754513,0.0033659621985754513,0.719762725957913,0.0033659621985754513,0.12068080524704218,1
4581,0.15653767,-0.07276468999999999,0.0033659621985754513,0.0033659621985754513,0.719762725957913,0.0033659621985754513,0.12068080524704218,1
4582,0.15653767,-0.07276468999999999,0.0033659621985754513,0.0033659621985754513,0.719762725957913,0.0033659621985754513,0.12068080524704218,1
4583,0.15653767,-0.07276468999999999,0.0033659621985754513,0.0033659621985754513,0.719762725957913,0.0033659621985754513,0.12068080524704218,1
4584,0.15653767,-0.07276468999999999,0.0033659621985754513,0.0033659621985754513,0.719762725957913,0.0033659621985754513,0.12068080524704218,1
4585,0.15653767,-0.07276468999999999,0.0033659621985754513,0.0033659621985754513,0.719762725957913,0.0033659621985754513,0.12068080524704218,1
4586,0.15653767,-0.07276468999999999,0.0033659621985754513,0.0033659621985754513,0.719762725957913,0.0033659621985754513,0.12068080524704218,1
4587,0.15653767,-0.07276468999999999,0.0033659621985754513,0.0033659621985754513,0.719762725957913,0.0033659621985754513,0.12068080524704218,1
4588,0.15653767,-0.07276468999999999,0.0033659621985754513,0.0033659621985754513,0.719762725957913,0.0033659621985754513,0.12068080524704218,1
4589,0.15653767,-0.07276468999999999,0.0033659621985754513,0.0033659621985754513,0.719762725957913,0.0033659621985754513,0.12068080524704218,1
4590,0.15653767,-0.07276468999999999,0.0033659621985754513,0.0033659621985754513,0.719762725957913,0.0033659621985754513,0.12068080524704218,1
4591,0.15653767,-0.07276468999999999,0.0033659621985754513,0.0033659621985754513,0.719762725957913,0.0033659621985754513,0.12068080524704218,1
4592,0.15653767,-0.07276468999999999,0.0033659621985754513,0.0033659621985754513,0.719762725957913,0.0033659621985754513,0.12068080524704218,1
4593,0.15653767,-0.07276468999999999,0.0033659621985754513,0.0033659621985754513,0.719762725957913,0.0033659621985754513,0.12068080524704218,1
4594,0.15653767,-0.07276468999999999,0.0033659621985754513,0.0033659621985754513,0.719762725957913,0.0033659621985754513,0.12068080524704218,1
4595,0.15653767,-0.07276468999999999,0.0033659621985754513,0.0033659621985754513,0.719762725957913,0.0033659621985754513,0.12068080524704218,1
4596,0.15653767,-0.07276468999999999,0.0033659621985754513,0.0033659621985754513,0.719762725957913,0.0033659621985754513,0.12068080524704218,1
4597,0.15653767,-0.07276468999999999,0.0033659621985754513,0.0033659621985754513,0.719762725957913,0.0033659621985754513,0.12068080524704218,1
4598,0.15653767,-0.07276468999999999,0.0033659621985754513,0.0033659621985754513,0.719762725957913,0.0033659621985754513,0.12068080524704218,1
4599,0.15653767,-0.07276468999999999,0.0033659621985754513,0.0033659621985754513,0.719762725957913,0.0033659621985754513,0.12068080524704218,1
4600,0.15653767,-0.07276468999999999,0.0033659621985754513,0.0033659621985754513,0.719762725957913,0.0033659621985754513,0.12068080524704218,1
4601,0.15653767,-0.07276468999999999,0.0033659621985754513,0.0033659621985754513,0.719762725957913,0.0033659621985754513,0.12068080524704218,1
4602,0.15653767,-0.07276468999999999,0.0033659621985754513,0.0033659621985754513,0.719762725957913,0.0033659621985754513,0.12068080524704218,1
4603,0.15653767,-0.07276468999999999,0.0033659621985754513,0.0033659621985754513,0.719762725957913,0.0033659621985754513,0.12068080524704218,1
4604,0.15653767,-0.07276468999999999,0.0033659621985754513,0.0033659621985754513,0.719762725957913,0.0033659621985754513,0.12068080524704218,1
4605,0.15653767,-0.07276468999999999,0.0033659621985754513,0.0033659621985754513,0.719762725957913,0.0033659621985754513,0.12068080524704218,1
4606,0.15653767,-0.07276468999999999,0.0033659621985754513,0.0033659621985754513,0.719762725957913,0.0033659621985754513,0.12068080524704218,1
4607,0.15653767,-0.07276468999999999,0.0033659621985754513,0.0033659621985754513,0.719762725957913,0.0033659621985754513,0.12068080524704218,1
4608,0.15653767,-0.07276468999999999,0.0033659621985754513,0.0033659621985754513,0.719762725957913,0.0033659621985754513,0.12068080524704218,1
4609,0.15653767,-0.07276468999999999,0.0033659621985754513,0.0033659621985754513,0.719762725957913,0.0033659621985754513,0.12068080524704218,1
4610,0.15653767,-0.07276468999999999,0.0033659621985754513,0.0033659621985754513,0.719762725957913,0.0033659621985754513,0.12068080524704218,1
4611,0.15653767,-0.07276468999999999,0.003364500308193893,0.003364500308193893,0.7224356001433015,0.003364500308193893,0.12011446731080581,1
4612,0.15653767,-0.07276468999999999,0.003364500308193893,0.003364500308193893,0.7224356001433015,0.003364500308193893,0.12011446731080581,1
4613,0.15653767,-0.07276468999999999,0.003364500308193893,0.003364500308193893,0.7224356001433015,0.003364500308193893,0.12011446731080581,1
4614,0.15653767,-0.07276468999999999,0.003364500308193893,0.003364500308193893,0.7224356001433015,0.003364500308193893,0.12011446731080581,1
4615,0.15653767,-0.07276468999999999,0.003364500308193893,0.003364500308193893,0.7224356001433015,0.003364500308193893,0.12011446731080581,1
4616,0.15653767,-0.07276468999999999,0.003364500308193893,0.003364500308193893,0.7224356001433015,0.003364500308193893,0.12011446731080581,1
4617,0.15653767,-0.07276468999999999,0.003364500308193893,0.003364500308193893,0.7224356001433015,0.003364500308193893,0.12011446731080581,1
4618,0.15653767,-0.07276468999999999,0.003364500308193893,0.003364500308193893,0.7224356001433015,0.003364500308193893,0.12011446731080581,1
4619,0.15653767,-0.07276468999999999,0.003364500308193893,0.003364500308193893,0.7224356001433015,0.003364500308193893,0.12011446731080581,1
4620,0.15653767,-0.07276468999999999,0.003364500308193893,0.003364500308193893,0.7224356001433015,0.003364500308193893,0.12011446731080581,1
4621,0.15653767,-0.07276468999999999,0.003364500308193893,0.003364500308193893,0.7224356001433015,0.003364500308193893,0.12011446731080581,1
4622,0.15653767,-0.07276468999999999,0.003364500308193893,0.003364500308193893,0.7224356001433015,0.003364500308193893,0.12011446731080581,1
4623,0.15653767,-0.07276468999999999,0.003364500308193893,0.003364500308193893,0.7224356001433015,0.003364500308193893,0.12011446731080581,1
4624,0.15653767,-0.07276468999999999,0.003364500308193893,0.003364500308193893,0.7224356001433015,0.003364500308193893,0.12011446731080581,1
4625,0.15653767,-0.07276468999999999,0.003364500308193893,0.003364500308193893,0.7224356001433015,0.003364500308193893,0.12011446731080581,1
4626,0.15653767,-0.07276468999999999,0.003364500308193893,0.003364500308193893,0.7224356001433015,0.003364500308193893,0.12011446731080581,1
4627,0.15653767,-0.07276468999999999,0.003364500308193893,0.003364500308193893,0.7224356001433015,0.003364500308193893,0.12011446731080581,1
4628,0.15653767,-0.07276468999999999,0.003364500308193893,0.003364500308193893,0.7224356001433015,0.003364500308193893,0.12011446731080581,1
4629,0.15653767,-0.07276468999999999,0.003364500308193893,0.003364500308193893,0.7224356001433015,0.003364500308193893,0.12011446731080581,1
4630,0.15653767,-0.07276468999999999,0.003364500308193893,0.003364500308193893,0.7224356001433015,0.003364500308193893,0.12011446731080581,1
4631,0.15653767,-0.07276468999999999,0.003364500308193893,0.003364500308193893,0.7224356001433015,0.003364500308193893,0.12011446731080581,1
4632,0.15653767,-0.07276468999999999,0.003364500308193893,0.003364500308193893,0.7224356001433015,0.003364500308193893,0.12011446731080581,1
4633,0.15653767,-0.07276468999999999,0.003364500308193893,0.003364500308193893,0.7224356001433015,0.003364500308193893,0.12011446731080581,1
4634,0.15653767,-0.07276468999999999,0.003364500308193893,0.003364500308193893,0.7224356001433015,0.003364500308193893,0.12011446731080581,1
4635,0.15653767,-0.07276468999999999,0.003364500308193893,0.003364500308193893,0.7224356001433015,0.003364500308193893,0.12011446731080581,1
4636,0.15653767,-0.07276468999999999,0.003364500308193893,0.003364500308193893,0.7224356001433015,0.003364500308193893,0.12011446731080581,1
4637,0.15653767,-0.07276468999999999,0.003364500308193893,0.003364500308193893,0.7224356001433015,0.003364500308193893,0.12011446731080581,1
4638,0.15653767,-0.07276468999999999,0.003364500308193893,0.003364500308193893,0.7224356001433015,0.003364500308193893,0.12011446731080581,1
4639,0.15653767,-0.07276468999999999,0.003364500308193893,0.003364500308193893,0.7224356001433015,0.003364500308193893,0.12011446731080581,1
4640,0.15653767,-0.07276468999999999,0.003364500308193893,0.003364500308193893,0.7224356001433015,0.003364500308193893,0.12011446731080581,1
4641,0.15653767,-0.07276468999999999,0.003364500308193893,0.003364500308193893,0.7224356001433015,0.003364500308193893,0.12011446731080581,1
4642,0.15653767,-0.07276468999999999,0.003364500308193893,0.003364500308193893,0.7224356001433015,0.003364500308193893,0.12011446731080581,1
4643,0.15653767,-0.07276468999999999,0.003364500308193893,0.003364500308193893,0.7224356001433015,0.003364500308193893,0.12011446731080581,1
4644,0.15653767,-0.07276468999999999,0.003364500308193893,0.003364500308193893,0.7224356001433015,0.003364500308193893,0.12011446731080581,1
4645,0.15653767,-0.07276468999999999,0.003364500308193893,0.003364500308193893,0.7224356001433015,0.003364500308193893,0.12011446731080581,1
4646,0.15653767,-0.07276468999999999,0.003364500308193893,0.003364500308193893,0.7224356001433015,0.003364500308193893,0.12011446731080581,1
4647,0.15653767,-0.07276468999999999,0.003364500308193893,0.003364500308193893,0.7224356001433015,0.003364500308193893,0.12011446731080581,1
4648,0.15653767,-0.07276468999999999,0.003364500308193893,0.003364500308193893,0.7224356001433015,0.003364500308193893,0.12011446731080581,1
4649,0.15653767,-0.07276468999999999,0.003364500308193893,0.003364500308193893,0.7224356001433015,0.003364500308193893,0.12011446731080581,1
4650,0.15653767,-0.07276468999999999,0.003364500308193893,0.003364500308193893,0.7224356001433015,0.003364500308193893,0.12011446731080581,1
4651,0.15653767,-0.07276468999999999,0.003364500308193893,0.003364500308193893,0.7224356001433015,0.003364500308193893,0.12011446731080581,1
4652,0.15653767,-0.07276468999999999,0.003364500308193893,0.003364500308193893,0.7224356001433015,0.003364500308193893,0.12011446731080581,1
4653,0.15653767,-0.07276468999999999,0.003364500308193893,0.003364500308193893,0.7224356001433015,0.003364500308193893,0.12011446731080581,1
4654,0.15653767,-0.07276468999999999,0.003364500308193893,0.003364500308193893,0.7224356001433015,0.003364500308193893,0.12011446731080581,1
4655,0.15653767,-0.07276468999999999,0.003364500308193893,0.003364500308193893,0.7224356001433015,0.003364500308193893,0.12011446731080581,1
4656,0.15653767,-0.07276468999999999,0.003364500308193893,0.003364500308193893,0.7224356001433015,0.003364500308193893,0.12011446731080581,1
4657,0.15653767,-0.07276468999999999,0.003364500308193893,0.003364500308193893,0.7224356001433015,0.003364500308193893,0.12011446731080581,1
4658,0.15653767,-0.07276468999999999,0.003364500308193893,0.003364500308193893,0.7224356001433015,0.003364500308193893,0.12011446731080581,1
4659,0.15653767,-0.07276468999999999,0.003364500308193893,0.003364500308193893,0.7224356001433015,0.003364500308193893,0.12011446731080581,1
4660,0.15653767,-0.07276468999999999,0.003364500308193893,0.003364500308193893,0.7224356001433015,0.003364500308193893,0.12011446731080581,1
4661,0.15653767,-0.07276468999999999,0.003364500308193893,0.003364500308193893,0.7224356001433015,0.003364500308193893,0.12011446731080581,1
4662,0.15653767,-0.07276468999999999,0.003364500308193893,0.003364500308193893,0.7224356001433015,0.003364500308193893,0.12011446731080581,1
4663,0.15653767,-0.07276468999999999,0.003364500308193893,0.003364500308193893,0.7224356001433015,0.003364500308193893,0.12011446731080581,1
4664,0.15653767,-0.07276468999999999,0.003364500308193893,0.003364500308193893,0.7224356001433015,0.003364500308193893,0.12011446731080581,1
4665,0.15653767,-0.07276468999999999,0.003364500308193893,0.003364500308193893,0.7224356001433015,0.003364500308193893,0.12011446731080581,1
4666,0.15653767,-0.07276468999999999,0.003364500308193893,0.003364500308193893,0.7224356001433015,0.003364500308193893,0.12011446731080581,1
4667,0.15653767,-0.07276468999999999,0.003364500308193893,0.003364500308193893,0.7224356001433015,0.003364500308193893,0.12011446731080581,1
4668,0.15653767,-0.07276468999999999,0.003364500308193893,0.003364500308193893,0.7224356001433015,0.003364500308193893,0.12011446731080581,1
4669,0.15653767,-0.07276468999999999,0.003364500308193893,0.003364500308193893,0.7224356001433015,0.003364500308193893,0.12011446731080581,1
4670,0.15653767,-0.07276468999999999,0.003364500308193893,0.003364500308193893,0.7224356001433015,0.003364500308193893,0.12011446731080581,1
4671,0.15653767,-0.07276468999999999,0.003364500308193893,0.003364500308193893,0.7224356001433015,0.003364500308193893,0.12011446731080581,1
4672,0.15653767,-0.07276468999999999,0.003364500308193893,0.003364500308193893,0.7224356001433015,0.003364500308193893,0.12011446731080581,1
4673,0.15653767,-0.07276468999999999,0.003364500308193893,0.003364500308193893,0.7224356001433015,0.003364500308193893,0.12011446731080581,1
4674,0.15653767,-0.07276468999999999,0.003364500308193893,0.003364500308193893,0.7224356001433015,0.003364500308193893,0.12011446731080581,1
4675,0.15653767,-0.07276468999999999,0.003364500308193893,0.003364500308193893,0.7224356001433015,0.003364500308193893,0.12011446731080581,1
4676,0.15653767,-0.07276468999999999,0.003364500308193893,0.003364500308193893,0.7224356001433015,0.003364500308193893,0.12011446731080581,1
4677,0.15653767,-0.07276468999999999,0.003364500308193893,0.003364500308193893,0.7224356001433015,0.003364500308193893,0.12011446731080581,1
4678,0.15653767,-0.07276468999999999,0.003364500308193893,0.003364500308193893,0.7224356001433015,0.003364500308193893,0.12011446731080581,1
4679,0.15653767,-0.07276468999999999,0.003364500308193893,0.003364500308193893,0.7224356001433015,0.003364500308193893,0.12011446731080581,1
4680,0.15653767,-0.07276468999999999,0.003364500308193893,0.003364500308193893,0.7224356001433015,0.003364500308193893,0.12011446731080581,1
4681,0.15653767,-0.07276468999999999,0.003364500308193893,0.003364500308193893,0.7224356001433015,0.003364500308193893,0.12011446731080581,1
4682,0.15653767,-0.07276468999999999,0.003364500308193893,0.003364500308193893,0.7224356001433015,0.003364500308193893,0.12011446731080581,1
4683,0.15653767,-0.07276468999999999,0.003364500308193893,0.003364500308193893,0.7224356001433015,0.003364500308193893,0.12011446731080581,1
4684,0.15653767,-0.07276468999999999,0.003364500308193893,0.003364500308193893,0.7224356001433015,0.003364500308193893,0.12011446731080581,1
4685,0.15653767,-0.07276468999999999,0.003364500308193893,0.003364500308193893,0.7224356001433015,0.003364500308193893,0.12011446731080581,1
4686,0.15653767,-0.07276468999999999,0.003364500308193893,0.003364500308193893,0.7224356001433015,0.003364500308193893,0.12011446731080581,1
4687,0.15653767,-0.07276468999999999,0.003364500308193893,0.003364500308193893,0.7224356001433015,0.003364500308193893,0.12011446731080581,1
4688,0.15653767,-0.07276468999999999,0.003364500308193893,0.003364500308193893,0.7224356001433015,0.003364500308193893,0.12011446731080581,1
4689,0.15653767,-0.07276468999999999,0.003364500308193893,0.003364500308193893,0.7224356001433015,0.003364500308193893,0.12011446731080581,1
4690,0.15653767,-0.07276468999999999,0.003364500308193893,0.003364500308193893,0.7224356001433015,0.003364500308193893,0.12011446731080581,1
4691,0.15653767,-0.07276468999999999,0.003364500308193893,0.003364500308193893,0.7224356001433015,0.003364500308193893,0.12011446731080581,1
4692,0.15653767,-0.07276468999999999,0.003364500308193893,0.003364500308193893,0.7224356001433015,0.003364500308193893,0.12011446731080581,1
4693,0.15653767,-0.07276468999999999,0.003364500308193893,0.003364500308193893,0.7224356001433015,0.003364500308193893,0.12011446731080581,1
4694,0.15653767,-0.07276468999999999,0.003364500308193893,0.003364500308193893,0.7224356001433015,0.003364500308193893,0.12011446731080581,1
4695,0.15653767,-0.07276468999999999,0.003364500308193893,0.003364500308193893,0.7224356001433015,0.003364500308193893,0.12011446731080581,1
4696,0.15653767,-0.07276468999999999,0.003364500308193893,0.003364500308193893,0.7224356001433015,0.003364500308193893,0.12011446731080581,1
4697,0.15653767,-0.07276468999999999,0.003364500308193893,0.003364500308193893,0.7224356001433015,0.003364500308193893,0.12011446731080581,1
4698,0.15653767,-0.07276468999999999,0.003364500308193893,0.003364500308193893,0.7224356001433015,0.003364500308193893,0.12011446731080581,1
4699,0.15653767,-0.07276468999999999,0.003364500308193893,0.003364500308193893,0.7224356001433015,0.003364500308193893,0.12011446731080581,1
4700,0.15653767,-0.07276468999999999,0.003364500308193893,0.003364500308193893,0.7224356001433015,0.003364500308193893,0.12011446731080581,1
4701,0.15653767,-0.07276468999999999,0.003364500308193893,0.003364500308193893,0.7224356001433015,0.003364500308193893,0.12011446731080581,1
4702,0.15653767,-0.07276468999999999,0.003364500308193893,0.003364500308193893,0.7224356001433015,0.003364500308193893,0.12011446731080581,1
4703,0.15653767,-0.07276468999999999,0.003364500308193893,0.003364500308193893,0.7224356001433015,0.003364500308193893,0.12011446731080581,1
4704,0.15653767,-0.07276468999999999,0.003364500308193893,0.003364500308193893,0.7224356001433015,0.003364500308193893,0.12011446731080581,1
4705,0.15653767,-0.07276468999999999,0.003364500308193893,0.003364500308193893,0.7224356001433015,0.003364500308193893,0.12011446731080581,1
4706,0.15653767,-0.07276468999999999,0.003364500308193893,0.003364500308193893,0.7224356001433015,0.003364500308193893,0.12011446731080581,1
4707,0.15653767,-0.07276468999999999,0.003364500308193893,0.003364500308193893,0.7224356001433015,0.003364500308193893,0.12011446731080581,1
4708,0.15653767,-0.07276468999999999,0.003364500308193893,0.003364500308193893,0.7224356001433015,0.003364500308193893,0.12011446731080581,1
4709,0.15653767,-0.07276468999999999,0.003364500308193893,0.003364500308193893,0.7224356001433015,0.003364500308193893,0.12011446731080581,1
4710,0.15653767,-0.07276468999999999,0.003364500308193893,0.003364500308193893,0.7224356001433015,0.003364500308193893,0.12011446731080581,1
4711,0.15653767,-0.07276468999999999,0.003364500308193893,0.003364500308193893,0.7224356001433015,0.003364500308193893,0.12011446731080581,1
4712,0.15653767,-0.07276468999999999,0.003364500308193893,0.003364500308193893,0.7224356001433015,0.003364500308193893,0.12011446731080581,1
4713,0.15653767,-0.07276468999999999,0.003364500308193893,0.003364500308193893,0.7224356001433015,0.003364500308193893,0.12011446731080581,1
4714,0.15653767,-0.07276468999999999,0.003364500308193893,0.003364500308193893,0.7224356001433015,0.003364500308193893,0.12011446731080581,1
4715,0.15653767,-0.07276468999999999,0.003364500308193893,0.003364500308193893,0.7224356001433015,0.003364500308193893,0.12011446731080581,1
4716,0.15653767,-0.07276468999999999,0.003364500308193893,0.003364500308193893,0.7224356001433015,0.003364500308193893,0.12011446731080581,1
4717,0.15653767,-0.07276468999999999,0.003364500308193893,0.003364500308193893,0.7224356001433015,0.003364500308193893,0.12011446731080581,1
4718,0.15653767,-0.07276468999999999,0.003364500308193893,0.003364500308193893,0.7224356001433015,0.003364500308193893,0.12011446731080581,1
4719,0.15653767,-0.07276468999999999,0.003364500308193893,0.003364500308193893,0.7224356001433015,0.003364500308193893,0.12011446731080581,1
4720,0.15653767,-0.07276468999999999,0.003364500308193893,0.003364500308193893,0.7224356001433015,0.003364500308193893,0.12011446731080581,1
4721,0.15653767,-0.07276468999999999,0.003364500308193893,0.003364500308193893,0.7224356001433015,0.003364500308193893,0.12011446731080581,1
4722,0.15653767,-0.07276468999999999,0.003364500308193893,0.003364500308193893,0.7224356001433015,0.003364500308193893,0.12011446731080581,1
4723,0.15653767,-0.07276468999999999,0.003364500308193893,0.003364500308193893,0.7224356001433015,0.003364500308193893,0.12011446731080581,1
4724,0.15653767,-0.07276468999999999,0.003364500308193893,0.003364500308193893,0.7224356001433015,0.003364500308193893,0.12011446731080581,1
4725,0.15653767,-0.07276468999999999,0.003364500308193893,0.003364500308193893,0.7224356001433015,0.003364500308193893,0.12011446731080581,1
4726,0.15653767,-0.07276468999999999,0.003364500308193893,0.003364500308193893,0.7224356001433015,0.003364500308193893,0.12011446731080581,1
4727,0.15653767,-0.07276468999999999,0.003364500308193893,0.003364500308193893,0.7224356001433015,0.003364500308193893,0.12011446731080581,1
4728,0.15653767,-0.07276468999999999,0.003364500308193893,0.003364500308193893,0.7224356001433015,0.003364500308193893,0.12011446731080581,1
4729,0.15653767,-0.07276468999999999,0.003364500308193893,0.003364500308193893,0.7224356001433015,0.003364500308193893,0.12011446731080581,1
4730,0.15653767,-0.07276468999999999,0.003364500308193893,0.003364500308193893,0.7224356001433015,0.003364500308193893,0.12011446731080581,1
4731,0.15653767,-0.07276468999999999,0.003364500308193893,0.003364500308193893,0.7224356001433015,0.003364500308193893,0.12011446731080581,1
4732,0.15653767,-0.07276468999999999,0.003364500308193893,0.003364500308193893,0.7224356001433015,0.003364500308193893,0.12011446731080581,1
4733,0.15653767,-0.07276468999999999,0.003364500308193893,0.003364500308193893,0.7224356001433015,0.003364500308193893,0.12011446731080581,1
4734,0.15653767,-0.07276468999999999,0.003364500308193893,0.003364500308193893,0.7224356001433015,0.003364500308193893,0.12011446731080581,1
4735,0.15653767,-0.07276468999999999,0.003364500308193893,0.003364500308193893,0.7224356001433015,0.003364500308193893,0.12011446731080581,1
4736,0.15653767,-0.07276468999999999,0.003364500308193893,0.003364500308193893,0.7224356001433015,0.003364500308193893,0.12011446731080581,1
4737,0.15653767,-0.07276468999999999,0.003364500308193893,0.003364500308193893,0.7224356001433015,0.003364500308193893,0.12011446731080581,1
4738,0.15653767,-0.07276468999999999,0.003364500308193893,0.003364500308193893,0.7224356001433015,0.003364500308193893,0.12011446731080581,1
4739,0.15653767,-0.07276468999999999,0.003364500308193893,0.003364500308193893,0.7224356001433015,0.003364500308193893,0.12011446731080581,1
4740,0.15653767,-0.07276468999999999,0.003364500308193893,0.003364500308193893,0.7224356001433015,0.003364500308193893,0.12011446731080581,1
4741,0.15653767,-0.07276468999999999,0.003364500308193893,0.003364500308193893,0.7224356001433015,0.003364500308193893,0.12011446731080581,1
4742,0.15653767,-0.07276468999999999,0.003364500308193893,0.003364500308193893,0.7224356001433015,0.003364500308193893,0.12011446731080581,1
4743,0.15653767,-0.07276468999999999,0.003364500308193893,0.003364500308193893,0.7224356001433015,0.003364500308193893,0.12011446731080581,1
4744,0.15653767,-0.07276468999999999,0.003364500308193893,0.003364500308193893,0.7224356001433015,0.003364500308193893,0.12011446731080581,1
4745,0.15653767,-0.07276468999999999,0.003364500308193893,0.003364500308193893,0.7224356001433015,0.003364500308193893,0.12011446731080581,1
4746,0.15653767,-0.07276468999999999,0.003364500308193893,0.003364500308193893,0.7224356001433015,0.003364500308193893,0.12011446731080581,1
4747,0.15653767,-0.07276468999999999,0.003364500308193893,0.003364500308193893,0.7224356001433015,0.003364500308193893,0.12011446731080581,1
4748,0.15653767,-0.07276468999999999,0.003364500308193893,0.003364500308193893,0.7224356001433015,0.003364500308193893,0.12011446731080581,1
4749,0.15653767,-0.07276468999999999,0.003364500308193893,0.003364500308193893,0.7224356001433015,0.003364500308193893,0.12011446731080581,1
4750,0.15653767,-0.07276468999999999,0.003364500308193893,0.003364500308193893,0.7224356001433015,0.003364500308193893,0.12011446731080581,1
4751,0.15653767,-0.07276468999999999,0.003364500308193893,0.003364500308193893,0.7224356001433015,0.003364500308193893,0.12011446731080581,1
4752,0.15653767,-0.07276468999999999,0.003364500308193893,0.003364500308193893,0.7224356001433015,0.003364500308193893,0.12011446731080581,1
4753,0.15653767,-0.07276468999999999,0.003364500308193893,0.003364500308193893,0.7224356001433015,0.003364500308193893,0.12011446731080581,1
4754,0.15653767,-0.07276468999999999,0.003364500308193893,0.003364500308193893,0.7224356001433015,0.003364500308193893,0.12011446731080581,1
4755,0.15653767,-0.07276468999999999,0.003364500308193893,0.003364500308193893,0.7224356001433015,0.003364500308193893,0.12011446731080581,1
4756,0.15653767,-0.07276468999999999,0.003364500308193893,0.003364500308193893,0.7224356001433015,0.003364500308193893,0.12011446731080581,1
4757,0.15653767,-0.07276468999999999,0.003364500308193893,0.003364500308193893,0.7224356001433015,0.003364500308193893,0.12011446731080581,1
4758,0.15653767,-0.07276468999999999,0.003364500308193893,0.003364500308193893,0.7224356001433015,0.003364500308193893,0.12011446731080581,1
4759,0.15653767,-0.07276468999999999,0.003364500308193893,0.003364500308193893,0.7224356001433015,0.003364500308193893,0.12011446731080581,1
4760,0.15653767,-0.07276468999999999,0.003364500308193893,0.003364500308193893,0.7224356001433015,0.003364500308193893,0.12011446731080581,1
4761,0.15653767,-0.07276468999999999,0.003364500308193893,0.003364500308193893,0.7224356001433015,0.003364500308193893,0.12011446731080581,1
4762,0.15653767,-0.07276468999999999,0.003364500308193893,0.003364500308193893,0.7224356001433015,0.003364500308193893,0.12011446731080581,1
4763,0.15653767,-0.07276468999999999,0.003364500308193893,0.003364500308193893,0.7224356001433015,0.003364500308193893,0.12011446731080581,1
4764,0.15653767,-0.07276468999999999,0.003364500308193893,0.003364500308193893,0.7224356001433015,0.003364500308193893,0.12011446731080581,1
4765,0.15653767,-0.07276468999999999,0.003364500308193893,0.003364500308193893,0.7224356001433015,0.003364500308193893,0.12011446731080581,1
4766,0.15653767,-0.07276468999999999,0.003364500308193893,0.003364500308193893,0.7224356001433015,0.003364500308193893,0.12011446731080581,1
4767,0.15653767,-0.07276468999999999,0.003364500308193893,0.003364500308193893,0.7224356001433015,0.003364500308193893,0.12011446731080581,1
4768,0.15653767,-0.07276468999999999,0.003364500308193893,0.003364500308193893,0.7224356001433015,0.003364500308193893,0.12011446731080581,1
4769,0.15653767,-0.07276468999999999,0.003364500308193893,0.003364500308193893,0.7224356001433015,0.003364500308193893,0.12011446731080581,1
4770,0.15653767,-0.07276468999999999,0.003364500308193893,0.003364500308193893,0.7224356001433015,0.003364500308193893,0.12011446731080581,1
4771,0.15653767,-0.07276468999999999,0.003364500308193893,0.003364500308193893,0.7224356001433015,0.003364500308193893,0.12011446731080581,1
4772,0.15653767,-0.07276468999999999,0.003364500308193893,0.003364500308193893,0.7224356001433015,0.003364500308193893,0.12011446731080581,1
4773,0.15653767,-0.07276468999999999,0.003364500308193893,0.003364500308193893,0.7224356001433015,0.003364500308193893,0.12011446731080581,1
4774,0.15653767,-0.07276468999999999,0.003364500308193893,0.003364500308193893,0.7224356001433015,0.003364500308193893,0.12011446731080581,1
4775,0.15653767,-0.07276468999999999,0.003364500308193893,0.003364500308193893,0.7224356001433015,0.003364500308193893,0.12011446731080581,1
4776,0.15653767,-0.07276468999999999,0.003364500308193893,0.003364500308193893,0.7224356001433015,0.003364500308193893,0.12011446731080581,1
4777,0.15653767,-0.07276468999999999,0.003364500308193893,0.003364500308193893,0.7224356001433015,0.003364500308193893,0.12011446731080581,1
4778,0.15653767,-0.07276468999999999,0.003364500308193893,0.003364500308193893,0.7224356001433015,0.003364500308193893,0.12011446731080581,1
4779,0.15653767,-0.07276468999999999,0.003364500308193893,0.003364500308193893,0.7224356001433015,0.003364500308193893,0.12011446731080581,1
4780,0.15653767,-0.07276468999999999,0.003364500308193893,0.003364500308193893,0.7224356001433015,0.003364500308193893,0.12011446731080581,1
4781,0.15653767,-0.07276468999999999,0.003364500308193893,0.003364500308193893,0.7224356001433015,0.003364500308193893,0.12011446731080581,1
4782,0.15653767,-0.07276468999999999,0.003364500308193893,0.003364500308193893,0.7224356001433015,0.003364500308193893,0.12011446731080581,1
4783,0.15653767,-0.07276468999999999,0.003364500308193893,0.003364500308193893,0.7224356001433015,0.003364500308193893,0.12011446731080581,1
4784,0.15653767,-0.07276468999999999,0.003364500308193893,0.003364500308193893,0.7224356001433015,0.003364500308193893,0.12011446731080581,1
4785,0.15653767,-0.07276468999999999,0.003364500308193893,0.003364500308193893,0.7224356001433015,0.003364500308193893,0.12011446731080581,1
4786,0.15653767,-0.07276468999999999,0.003364500308193893,0.003364500308193893,0.7224356001433015,0.003364500308193893,0.12011446731080581,1
4787,0.15653767,-0.07276468999999999,0.003364500308193893,0.003364500308193893,0.7224356001433015,0.003364500308193893,0.12011446731080581,1
4788,0.15653767,-0.07276468999999999,0.003364500308193893,0.003364500308193893,0.7224356001433015,0.003364500308193893,0.12011446731080581,1
4789,0.15653767,-0.07276468999999999,0.003364500308193893,0.003364500308193893,0.7224356001433015,0.003364500308193893,0.12011446731080581,1
4790,0.15653767,-0.07276468999999999,0.003364500308193893,0.003364500308193893,0.7224356001433015,0.003364500308193893,0.12011446731080581,1
4791,0.15653767,-0.07276468999999999,0.003364500308193893,0.003364500308193893,0.7224356001433015,0.003364500308193893,0.12011446731080581,1
4792,0.15653767,-0.07276468999999999,0.003364500308193893,0.003364500308193893,0.7224356001433015,0.003364500308193893,0.12011446731080581,1
4793,0.15653767,-0.07276468999999999,0.003364500308193893,0.003364500308193893,0.7224356001433015,0.003364500308193893,0.12011446731080581,1
4794,0.15653767,-0.07276468999999999,0.003364500308193893,0.003364500308193893,0.7224356001433015,0.003364500308193893,0.12011446731080581,1
4795,0.15653767,-0.07276468999999999,0.003364500308193893,0.003364500308193893,0.7224356001433015,0.003364500308193893,0.12011446731080581,1
4796,0.15653767,-0.07276468999999999,0.003364500308193893,0.003364500308193893,0.7224356001433015,0.003364500308193893,0.12011446731080581,1
4797,0.15653767,-0.07276468999999999,0.003364500308193893,0.003364500308193893,0.7224356001433015,0.003364500308193893,0.12011446731080581,1
4798,0.15653767,-0.07276468999999999,0.003364500308193893,0.003364500308193893,0.7224356001433015,0.003364500308193893,0.12011446731080581,1
4799,0.15653767,-0.07276468999999999,0.003364500308193893,0.003364500308193893,0.7224356001433015,0.003364500308193893,0.12011446731080581,1
4800,0.15653767,-0.07276468999999999,0.003364500308193893,0.003364500308193893,0.7224356001433015,0.003364500308193893,0.12011446731080581,1
4801,0.15653767,-0.07276468999999999,0.003364500308193893,0.003364500308193893,0.7224356001433015,0.003364500308193893,0.12011446731080581,1
4802,0.15653767,-0.07276468999999999,0.003364500308193893,0.003364500308193893,0.7224356001433015,0.003364500308193893,0.12011446731080581,1
4803,0.15653767,-0.07276468999999999,0.003364500308193893,0.003364500308193893,0.7224356001433015,0.003364500308193893,0.12011446731080581,1
4804,0.15653767,-0.07276468999999999,0.003364500308193893,0.003364500308193893,0.7224356001433015,0.003364500308193893,0.12011446731080581,1
4805,0.15653767,-0.07276468999999999,0.003364500308193893,0.003364500308193893,0.7224356001433015,0.003364500308193893,0.12011446731080581,1
4806,0.15653767,-0.07276468999999999,0.003364500308193893,0.003364500308193893,0.7224356001433015,0.003364500308193893,0.12011446731080581,1
4807,0.15653767,-0.07276468999999999,0.003364500308193893,0.003364500308193893,0.7224356001433015,0.003364500308193893,0.12011446731080581,1
4808,0.15653767,-0.07276468999999999,0.003364500308193893,0.003364500308193893,0.7224356001433015,0.003364500308193893,0.12011446731080581,1
4809,0.15653767,-0.07276468999999999,0.003364500308193893,0.003364500308193893,0.7224356001433015,0.003364500308193893,0.12011446731080581,1
4810,0.15653767,-0.07276468999999999,0.003364500308193893,0.003364500308193893,0.7224356001433015,0.003364500308193893,0.12011446731080581,1
4811,0.15653767,-0.07276468999999999,0.003364500308193893,0.003364500308193893,0.7224356001433015,0.003364500308193893,0.12011446731080581,1
4812,0.15653767,-0.07276468999999999,0.003364500308193893,0.003364500308193893,0.7224356001433015,0.003364500308193893,0.12011446731080581,1
4813,0.15653767,-0.07276468999999999,0.003364500308193893,0.003364500308193893,0.7224356001433015,0.003364500308193893,0.12011446731080581,1
4814,0.15653767,-0.07276468999999999,0.003364500308193893,0.003364500308193893,0.7224356001433015,0.003364500308193893,0.12011446731080581,1
4815,0.15653767,-0.07276468999999999,0.003364500308193893,0.003364500308193893,0.7224356001433015,0.003364500308193893,0.12011446731080581,1
4816,0.15653767,-0.07276468999999999,0.003364500308193893,0.003364500308193893,0.7224356001433015,0.003364500308193893,0.12011446731080581,1
4817,0.15653767,-0.07276468999999999,0.003364500308193893,0.003364500308193893,0.7224356001433015,0.003364500308193893,0.12011446731080581,1
4818,0.15653767,-0.07276468999999999,0.003364500308193893,0.003364500308193893,0.7224356001433015,0.003364500308193893,0.12011446731080581,1
4819,0.15653767,-0.07276468999999999,0.003364500308193893,0.003364500308193893,0.7224356001433015,0.003364500308193893,0.12011446731080581,1
4820,0.15653767,-0.07276468999999999,0.003364500308193893,0.003364500308193893,0.7224356001433015,0.003364500308193893,0.12011446731080581,1
4821,0.15653767,-0.07276468999999999,0.003364500308193893,0.003364500308193893,0.7224356001433015,0.003364500308193893,0.12011446731080581,1
4822,0.15653767,-0.07276468999999999,0.003364500308193893,0.003364500308193893,0.7224356001433015,0.003364500308193893,0.12011446731080581,1
4823,0.15653767,-0.07276468999999999,0.003364500308193893,0.003364500308193893,0.7224356001433015,0.003364500308193893,0.12011446731080581,1
4824,0.15653767,-0.07276468999999999,0.003364500308193893,0.003364500308193893,0.7224356001433015,0.003364500308193893,0.12011446731080581,1
4825,0.15653767,-0.07276468999999999,0.003364500308193893,0.003364500308193893,0.7224356001433015,0.003364500308193893,0.12011446731080581,1
4826,0.15653767,-0.07276468999999999,0.003364500308193893,0.003364500308193893,0.7224356001433015,0.003364500308193893,0.12011446731080581,1
4827,0.15653767,-0.07276468999999999,0.003364500308193893,0.003364500308193893,0.7224356001433015,0.003364500308193893,0.12011446731080581,1
4828,0.15653767,-0.07276468999999999,0.003364500308193893,0.003364500308193893,0.7224356001433015,0.003364500308193893,0.12011446731080581,1
4829,0.15653767,-0.07276468999999999,0.003364500308193893,0.003364500308193893,0.7224356001433015,0.003364500308193893,0.12011446731080581,1
4830,0.15653767,-0.07276468999999999,0.003364500308193893,0.003364500308193893,0.7224356001433015,0.003364500308193893,0.12011446731080581,1
4831,0.15653767,-0.07276468999999999,0.003364500308193893,0.003364500308193893,0.7224356001433015,0.003364500308193893,0.12011446731080581,1
4832,0.15653767,-0.07276468999999999,0.003364500308193893,0.003364500308193893,0.7224356001433015,0.003364500308193893,0.12011446731080581,1
4833,0.15653767,-0.07276468999999999,0.003364500308193893,0.003364500308193893,0.7224356001433015,0.003364500308193893,0.12011446731080581,1
4834,0.15653767,-0.07276468999999999,0.003364500308193893,0.003364500308193893,0.7224356001433015,0.003364500308193893,0.12011446731080581,1
4835,0.15653767,-0.07276468999999999,0.003364500308193893,0.003364500308193893,0.7224356001433015,0.003364500308193893,0.12011446731080581,1
4836,0.15653767,-0.07276468999999999,0.003364500308193893,0.003364500308193893,0.7224356001433015,0.003364500308193893,0.12011446731080581,1
4837,0.15653767,-0.07276468999999999,0.003364500308193893,0.003364500308193893,0.7224356001433015,0.003364500308193893,0.12011446731080581,1
4838,0.15653767,-0.07276468999999999,0.003364500308193893,0.003364500308193893,0.7224356001433015,0.003364500308193893,0.12011446731080581,1
4839,0.15653767,-0.07276468999999999,0.003364500308193893,0.003364500308193893,0.7224356001433015,0.003364500308193893,0.12011446731080581,1
4840,0.15653767,-0.07276468999999999,0.003364500308193893,0.003364500308193893,0.7224356001433015,0.003364500308193893,0.12011446731080581,1
4841,0.15653767,-0.07276468999999999,0.003364500308193893,0.003364500308193893,0.7224356001433015,0.003364500308193893,0.12011446731080581,1
4842,0.15653767,-0.07276468999999999,0.003364500308193893,0.003364500308193893,0.7224356001433015,0.003364500308193893,0.12011446731080581,1
4843,0.15653767,-0.07276468999999999,0.003364500308193893,0.003364500308193893,0.7224356001433015,0.003364500308193893,0.12011446731080581,1
4844,0.15653767,-0.07276468999999999,0.003364500308193893,0.003364500308193893,0.7224356001433015,0.003364500308193893,0.12011446731080581,1
4845,0.15653767,-0.07276468999999999,0.003364500308193893,0.003364500308193893,0.7224356001433015,0.003364500308193893,0.12011446731080581,1
4846,0.15653767,-0.07276468999999999,0.003364500308193893,0.003364500308193893,0.7224356001433015,0.003364500308193893,0.12011446731080581,1
4847,0.15653767,-0.07276468999999999,0.003364500308193893,0.003364500308193893,0.7224356001433015,0.003364500308193893,0.12011446731080581,1
4848,0.15653767,-0.07276468999999999,0.003364500308193893,0.003364500308193893,0.7224356001433015,0.003364500308193893,0.12011446731080581,1
4849,0.15653767,-0.07276468999999999,0.003364500308193893,0.003364500308193893,0.7224356001433015,0.003364500308193893,0.12011446731080581,1
4850,0.15653767,-0.07276468999999999,0.003364500308193893,0.003364500308193893,0.7224356001433015,0.003364500308193893,0.12011446731080581,1
4851,0.15653767,-0.07276468999999999,0.003364500308193893,0.003364500308193893,0.7224356001433015,0.003364500308193893,0.12011446731080581,1
4852,0.15653767,-0.07276468999999999,0.003364500308193893,0.003364500308193893,0.7224356001433015,0.003364500308193893,0.12011446731080581,1
4853,0.15653767,-0.07276468999999999,0.003364500308193893,0.003364500308193893,0.7224356001433015,0.003364500308193893,0.12011446731080581,1
4854,0.15653767,-0.07276468999999999,0.003364500308193893,0.003364500308193893,0.7224356001433015,0.003364500308193893,0.12011446731080581,1
4855,0.15653767,-0.07276468999999999,0.003364500308193893,0.003364500308193893,0.7224356001433015,0.003364500308193893,0.12011446731080581,1
4856,0.15653767,-0.07276468999999999,0.003364500308193893,0.003364500308193893,0.7224356001433015,0.003364500308193893,0.12011446731080581,1
4857,0.15653767,-0.07276468999999999,0.003364500308193893,0.003364500308193893,0.7224356001433015,0.003364500308193893,0.12011446731080581,1
4858,0.15653767,-0.07276468999999999,0.003364500308193893,0.003364500308193893,0.7224356001433015,0.003364500308193893,0.12011446731080581,1
4859,0.15653767,-0.07276468999999999,0.003364500308193893,0.003364500308193893,0.7224356001433015,0.003364500308193893,0.12011446731080581,1
4860,0.15653767,-0.07276468999999999,0.003364500308193893,0.003364500308193893,0.7224356001433015,0.003364500308193893,0.12011446731080581,1
4861,0.15653767,-0.07276468999999999,0.003364500308193893,0.003364500308193893,0.7224356001433015,0.003364500308193893,0.12011446731080581,1
4862,0.15653767,-0.07276468999999999,0.003364500308193893,0.003364500308193893,0.7224356001433015,0.003364500308193893,0.12011446731080581,1
4863,0.15653767,-0.07276468999999999,0.003364500308193893,0.003364500308193893,0.7224356001433015,0.003364500308193893,0.12011446731080581,1
4864,0.15653767,-0.07276468999999999,0.003364500308193893,0.003364500308193893,0.7224356001433015,0.003364500308193893,0.12011446731080581,1
4865,0.15653767,-0.07276468999999999,0.003364500308193893,0.003364500308193893,0.7224356001433015,0.003364500308193893,0.12011446731080581,1
4866,0.15653767,-0.07276468999999999,0.003364500308193893,0.003364500308193893,0.7224356001433015,0.003364500308193893,0.12011446731080581,1
4867,0.15653767,-0.07276468999999999,0.003364500308193893,0.003364500308193893,0.7224356001433015,0.003364500308193893,0.12011446731080581,1
4868,0.15653767,-0.07276468999999999,0.003364500308193893,0.003364500308193893,0.7224356001433015,0.003364500308193893,0.12011446731080581,1
4869,0.15653767,-0.07276468999999999,0.003364500308193893,0.003364500308193893,0.7224356001433015,0.003364500308193893,0.12011446731080581,1
4870,0.15653767,-0.07276468999999999,0.003364500308193893,0.003364500308193893,0.7224356001433015,0.003364500308193893,0.12011446731080581,1
4871,0.15653767,-0.07276468999999999,0.003364500308193893,0.003364500308193893,0.7224356001433015,0.003364500308193893,0.12011446731080581,1
4872,0.15653767,-0.07276468999999999,0.003364500308193893,0.003364500308193893,0.7224356001433015,0.003364500308193893,0.12011446731080581,1
4873,0.15653767,-0.07276468999999999,0.003364500308193893,0.003364500308193893,0.7224356001433015,0.003364500308193893,0.12011446731080581,1
4874,0.15653767,-0.07276468999999999,0.003364500308193893,0.003364500308193893,0.7224356001433015,0.003364500308193893,0.12011446731080581,1
4875,0.15653767,-0.07276468999999999,0.003364500308193893,0.003364500308193893,0.7224356001433015,0.003364500308193893,0.12011446731080581,1
4876,0.15653767,-0.07276468999999999,0.003364500308193893,0.003364500308193893,0.7224356001433015,0.003364500308193893,0.12011446731080581,1
4877,0.15653767,-0.07276468999999999,0.003364500308193893,0.003364500308193893,0.7224356001433015,0.003364500308193893,0.12011446731080581,1
4878,0.15653767,-0.07276468999999999,0.003364500308193893,0.003364500308193893,0.7224356001433015,0.003364500308193893,0.12011446731080581,1
4879,0.15653767,-0.07276468999999999,0.003364500308193893,0.003364500308193893,0.7224356001433015,0.003364500308193893,0.12011446731080581,1
4880,0.15653767,-0.07276468999999999,0.003364500308193893,0.003364500308193893,0.7224356001433015,0.003364500308193893,0.12011446731080581,1
4881,0.15653767,-0.07276468999999999,0.003364500308193893,0.003364500308193893,0.7224356001433015,0.003364500308193893,0.12011446731080581,1
4882,0.15653767,-0.07276468999999999,0.003364500308193893,0.003364500308193893,0.7224356001433015,0.003364500308193893,0.12011446731080581,1
4883,0.15653767,-0.07276468999999999,0.003364500308193893,0.003364500308193893,0.7224356001433015,0.003364500308193893,0.12011446731080581,1
4884,0.15653767,-0.07276468999999999,0.003364500308193893,0.003364500308193893,0.7224356001433015,0.003364500308193893,0.12011446731080581,1
4885,0.15653767,-0.07276468999999999,0.003364500308193893,0.003364500308193893,0.7224356001433015,0.003364500308193893,0.12011446731080581,1
4886,0.15653767,-0.07276468999999999,0.003364500308193893,0.003364500308193893,0.7224356001433015,0.003364500308193893,0.12011446731080581,1
4887,0.15653767,-0.07276468999999999,0.003364500308193893,0.003364500308193893,0.7224356001433015,0.003364500308193893,0.12011446731080581,1
4888,0.15653767,-0.07276468999999999,0.003364500308193893,0.003364500308193893,0.7224356001433015,0.003364500308193893,0.12011446731080581,1
4889,0.15653767,-0.07276468999999999,0.003364500308193893,0.003364500308193893,0.7224356001433015,0.003364500308193893,0.12011446731080581,1
4890,0.15653767,-0.07276468999999999,0.003364500308193893,0.003364500308193893,0.7224356001433015,0.003364500308193893,0.12011446731080581,1
4891,0.15653767,-0.07276468999999999,0.003364500308193893,0.003364500308193893,0.7224356001433015,0.003364500308193893,0.12011446731080581,1
4892,0.15653767,-0.07276468999999999,0.003364500308193893,0.003364500308193893,0.7224356001433015,0.003364500308193893,0.12011446731080581,1
4893,0.15653767,-0.07276468999999999,0.003364500308193893,0.003364500308193893,0.7224356001433015,0.003364500308193893,0.12011446731080581,1
4894,0.15653767,-0.07276468999999999,0.003364500308193893,0.003364500308193893,0.7224356001433015,0.003364500308193893,0.12011446731080581,1
4895,0.15653767,-0.07276468999999999,0.003364500308193893,0.003364500308193893,0.7224356001433015,0.003364500308193893,0.12011446731080581,1
4896,0.15653767,-0.07276468999999999,0.003364500308193893,0.003364500308193893,0.7224356001433015,0.003364500308193893,0.12011446731080581,1
4897,0.15653767,-0.07276468999999999,0.003364500308193893,0.003364500308193893,0.7224356001433015,0.003364500308193893,0.12011446731080581,1
4898,0.15653767,-0.07276468999999999,0.003364500308193893,0.003364500308193893,0.7224356001433015,0.003364500308193893,0.12011446731080581,1
4899,0.15653767,-0.07276468999999999,0.003364500308193893,0.003364500308193893,0.7224356001433015,0.003364500308193893,0.12011446731080581,1
4900,0.15653767,-0.07276468999999999,0.003364500308193893,0.003364500308193893,0.7224356001433015,0.003364500308193893,0.12011446731080581,1
4901,0.15653767,-0.07276468999999999,0.003364500308193893,0.003364500308193893,0.7224356001433015,0.003364500308193893,0.12011446731080581,1
4902,0.15653767,-0.07276468999999999,0.003364500308193893,0.003364500308193893,0.7224356001433015,0.003364500308193893,0.12011446731080581,1
4903,0.15653767,-0.07276468999999999,0.003364500308193893,0.003364500308193893,0.7224356001433015,0.003364500308193893,0.12011446731080581,1
4904,0.15653767,-0.07276468999999999,0.003364500308193893,0.003364500308193893,0.7224356001433015,0.003364500308193893,0.12011446731080581,1
4905,0.15653767,-0.07276468999999999,0.003364500308193893,0.003364500308193893,0.7224356001433015,0.003364500308193893,0.12011446731080581,1
4906,0.15653767,-0.07276468999999999,0.003364500308193893,0.003364500308193893,0.7224356001433015,0.003364500308193893,0.12011446731080581,1
4907,0.15653767,-0.07276468999999999,0.003364500308193893,0.003364500308193893,0.7224356001433015,0.003364500308193893,0.12011446731080581,1
4908,0.15653767,-0.07276468999999999,0.003364500308193893,0.003364500308193893,0.7224356001433015,0.003364500308193893,0.12011446731080581,1
4909,0.15653767,-0.07276468999999999,0.003364500308193893,0.003364500308193893,0.7224356001433015,0.003364500308193893,0.12011446731080581,1
4910,0.15653767,-0.07276468999999999,0.003364500308193893,0.003364500308193893,0.7224356001433015,0.003364500308193893,0.12011446731080581,1
4911,0.15653767,-0.07276468999999999,0.003364500308193893,0.003364500308193893,0.7224356001433015,0.003364500308193893,0.12011446731080581,1
4912,0.15653767,-0.07276468999999999,0.003364500308193893,0.003364500308193893,0.7224356001433015,0.003364500308193893,0.12011446731080581,1
4913,0.15653767,-0.07276468999999999,0.003364500308193893,0.003364500308193893,0.7224356001433015,0.003364500308193893,0.12011446731080581,1
4914,0.15653767,-0.07276468999999999,0.003364500308193893,0.003364500308193893,0.7224356001433015,0.003364500308193893,0.12011446731080581,1
4915,0.15653767,-0.07276468999999999,0.003364500308193893,0.003364500308193893,0.7224356001433015,0.003364500308193893,0.12011446731080581,1
4916,0.15653767,-0.07276468999999999,0.003364500308193893,0.003364500308193893,0.7224356001433015,0.003364500308193893,0.12011446731080581,1
4917,0.15653767,-0.07276468999999999,0.003364500308193893,0.003364500308193893,0.7224356001433015,0.003364500308193893,0.12011446731080581,1
4918,0.15653767,-0.07276468999999999,0.003364500308193893,0.003364500308193893,0.7224356001433015,0.003364500308193893,0.12011446731080581,1
4919,0.15653767,-0.07276468999999999,0.003364500308193893,0.003364500308193893,0.7224356001433015,0.003364500308193893,0.12011446731080581,1
4920,0.15653767,-0.07276468999999999,0.003364500308193893,0.003364500308193893,0.7224356001433015,0.003364500308193893,0.12011446731080581,1
4921,0.15653767,-0.07276468999999999,0.003364500308193893,0.003364500308193893,0.7224356001433015,0.003364500308193893,0.12011446731080581,1
4922,0.15653767,-0.07276468999999999,0.003364500308193893,0.003364500308193893,0.7224356001433015,0.003364500308193893,0.12011446731080581,1
4923,0.15653767,-0.07276468999999999,0.003364500308193893,0.003364500308193893,0.7224356001433015,0.003364500308193893,0.12011446731080581,1
4924,0.15653767,-0.07276468999999999,0.003364500308193893,0.003364500308193893,0.7224356001433015,0.003364500308193893,0.12011446731080581,1
4925,0.15653767,-0.07276468999999999,0.003364500308193893,0.003364500308193893,0.7224356001433015,0.003364500308193893,0.12011446731080581,1
4926,0.15653767,-0.07276468999999999,0.003364500308193893,0.003364500308193893,0.7224356001433015,0.003364500308193893,0.12011446731080581,1
4927,0.15653767,-0.07276468999999999,0.003364500308193893,0.003364500308193893,0.7224356001433015,0.003364500308193893,0.12011446731080581,1
4928,0.15653767,-0.07276468999999999,0.003364500308193893,0.003364500308193893,0.7224356001433015,0.003364500308193893,0.12011446731080581,1
4929,0.15653767,-0.07276468999999999,0.003364500308193893,0.003364500308193893,0.7224356001433015,0.003364500308193893,0.12011446731080581,1
4930,0.15653767,-0.07276468999999999,0.003364500308193893,0.003364500308193893,0.7224356001433015,0.003364500308193893,0.12011446731080581,1
4931,0.15653767,-0.07276468999999999,0.003364500308193893,0.003364500308193893,0.7224356001433015,0.003364500308193893,0.12011446731080581,1
4932,0.15653767,-0.07276468999999999,0.003364500308193893,0.003364500308193893,0.7224356001433015,0.003364500308193893,0.12011446731080581,1
4933,0.15653767,-0.07276468999999999,0.003364500308193893,0.003364500308193893,0.7224356001433015,0.003364500308193893,0.12011446731080581,1
4934,0.15653767,-0.07276468999999999,0.003364500308193893,0.003364500308193893,0.7224356001433015,0.003364500308193893,0.12011446731080581,1
4935,0.15653767,-0.07276468999999999,0.003364500308193893,0.003364500308193893,0.7224356001433015,0.003364500308193893,0.12011446731080581,1
4936,0.15653767,-0.07276468999999999,0.003364500308193893,0.003364500308193893,0.7224356001433015,0.003364500308193893,0.12011446731080581,1
4937,0.15653767,-0.07276468999999999,0.003364500308193893,0.003364500308193893,0.7224356001433015,0.003364500308193893,0.12011446731080581,1
4938,0.15653767,-0.07276468999999999,0.003364500308193893,0.003364500308193893,0.7224356001433015,0.003364500308193893,0.12011446731080581,1
4939,0.15653767,-0.07276468999999999,0.003364500308193893,0.003364500308193893,0.7224356001433015,0.003364500308193893,0.12011446731080581,1
4940,0.15653767,-0.07276468999999999,0.003364500308193893,0.003364500308193893,0.7224356001433015,0.003364500308193893,0.12011446731080581,1
4941,0.15653767,-0.07276468999999999,0.003364500308193893,0.003364500308193893,0.7224356001433015,0.003364500308193893,0.12011446731080581,1
4942,0.15653767,-0.07276468999999999,0.003364500308193893,0.003364500308193893,0.7224356001433015,0.003364500308193893,0.12011446731080581,1
4943,0.15653767,-0.07276468999999999,0.003364500308193893,0.003364500308193893,0.7224356001433015,0.003364500308193893,0.12011446731080581,1
4944,0.15653767,-0.07276468999999999,0.003364500308193893,0.003364500308193893,0.7224356001433015,0.003364500308193893,0.12011446731080581,1
4945,0.15653767,-0.07276468999999999,0.003364500308193893,0.003364500308193893,0.7224356001433015,0.003364500308193893,0.12011446731080581,1
4946,0.15653767,-0.07276468999999999,0.003364500308193893,0.003364500308193893,0.7224356001433015,0.003364500308193893,0.12011446731080581,1
4947,0.15653767,-0.07276468999999999,0.003364500308193893,0.003364500308193893,0.7224356001433015,0.003364500308193893,0.12011446731080581,1
4948,0.15653767,-0.07276468999999999,0.003364500308193893,0.003364500308193893,0.7224356001433015,0.003364500308193893,0.12011446731080581,1
4949,0.15653767,-0.07276468999999999,0.003364500308193893,0.003364500308193893,0.7224356001433015,0.003364500308193893,0.12011446731080581,1
4950,0.15653767,-0.07276468999999999,0.003364500308193893,0.003364500308193893,0.7224356001433015,0.003364500308193893,0.12011446731080581,1
4951,0.15653767,-0.07276468999999999,0.003364500308193893,0.003364500308193893,0.7224356001433015,0.003364500308193893,0.12011446731080581,1
4952,0.15653767,-0.07276468999999999,0.003364500308193893,0.003364500308193893,0.7224356001433015,0.003364500308193893,0.12011446731080581,1
4953,0.15653767,-0.07276468999999999,0.003364500308193893,0.003364500308193893,0.7224356001433015,0.003364500308193893,0.12011446731080581,1
4954,0.15653767,-0.07276468999999999,0.003364500308193893,0.003364500308193893,0.7224356001433015,0.003364500308193893,0.12011446731080581,1
4955,0.15653767,-0.07276468999999999,0.003364500308193893,0.003364500308193893,0.7224356001433015,0.003364500308193893,0.12011446731080581,1
4956,0.15653767,-0.07276468999999999,0.003364500308193893,0.003364500308193893,0.7224356001433015,0.003364500308193893,0.12011446731080581,1
4957,0.15653767,-0.07276468999999999,0.003364500308193893,0.003364500308193893,0.7224356001433015,0.003364500308193893,0.12011446731080581,1
4958,0.15653767,-0.07276468999999999,0.003364500308193893,0.003364500308193893,0.7224356001433015,0.003364500308193893,0.12011446731080581,1
4959,0.15653767,-0.07276468999999999,0.003364500308193893,0.003364500308193893,0.7224356001433015,0.003364500308193893,0.12011446731080581,1
4960,0.15653767,-0.07276468999999999,0.003364500308193893,0.003364500308193893,0.7224356001433015,0.003364500308193893,0.12011446731080581,1
4961,0.15653767,-0.07276468999999999,0.003364500308193893,0.003364500308193893,0.7224356001433015,0.003364500308193893,0.12011446731080581,1
4962,0.15653767,-0.07276468999999999,0.003364500308193893,0.003364500308193893,0.7224356001433015,0.003364500308193893,0.12011446731080581,1
4963,0.15653767,-0.07276468999999999,0.003364500308193893,0.003364500308193893,0.7224356001433015,0.003364500308193893,0.12011446731080581,1
4964,0.15653767,-0.07276468999999999,0.003364500308193893,0.003364500308193893,0.7224356001433015,0.003364500308193893,0.12011446731080581,1
4965,0.15653767,-0.07276468999999999,0.003364500308193893,0.003364500308193893,0.7224356001433015,0.003364500308193893,0.12011446731080581,1
4966,0.15653767,-0.07276468999999999,0.003364500308193893,0.003364500308193893,0.7224356001433015,0.003364500308193893,0.12011446731080581,1
4967,0.15653767,-0.07276468999999999,0.003364500308193893,0.003364500308193893,0.7224356001433015,0.003364500308193893,0.12011446731080581,1
4968,0.15653767,-0.07276468999999999,0.003364500308193893,0.003364500308193893,0.7224356001433015,0.003364500308193893,0.12011446731080581,1
4969,0.15653767,-0.07276468999999999,0.003364500308193893,0.003364500308193893,0.7224356001433015,0.003364500308193893,0.12011446731080581,1
4970,0.15653767,-0.07276468999999999,0.003364500308193893,0.003364500308193893,0.7224356001433015,0.003364500308193893,0.12011446731080581,1
4971,0.15653767,-0.07276468999999999,0.003364500308193893,0.003364500308193893,0.7224356001433015,0.003364500308193893,0.12011446731080581,1
4972,0.15653767,-0.07276468999999999,0.003364500308193893,0.003364500308193893,0.7224356001433015,0.003364500308193893,0.12011446731080581,1
4973,0.15653767,-0.07276468999999999,0.003364500308193893,0.003364500308193893,0.7224356001433015,0.003364500308193893,0.12011446731080581,1
4974,0.15653767,-0.07276468999999999,0.003364500308193893,0.003364500308193893,0.7224356001433015,0.003364500308193893,0.12011446731080581,1
4975,0.15653767,-0.07276468999999999,0.003364500308193893,0.003364500308193893,0.7224356001433015,0.003364500308193893,0.12011446731080581,1
4976,0.15653767,-0.07276468999999999,0.003364500308193893,0.003364500308193893,0.7224356001433015,0.003364500308193893,0.12011446731080581,1
4977,0.15653767,-0.07276468999999999,0.003364500308193893,0.003364500308193893,0.7224356001433015,0.003364500308193893,0.12011446731080581,1
4978,0.15653767,-0.07276468999999999,0.003364500308193893,0.003364500308193893,0.7224356001433015,0.003364500308193893,0.12011446731080581,1
4979,0.15653767,-0.07276468999999999,0.003364500308193893,0.003364500308193893,0.7224356001433015,0.003364500308193893,0.12011446731080581,1
4980,0.15653767,-0.07276468999999999,0.003364500308193893,0.003364500308193893,0.7224356001433015,0.003364500308193893,0.12011446731080581,1
4981,0.15653767,-0.07276468999999999,0.003364500308193893,0.003364500308193893,0.7224356001433015,0.003364500308193893,0.12011446731080581,1
4982,0.15653767,-0.07276468999999999,0.003364500308193893,0.003364500308193893,0.7224356001433015,0.003364500308193893,0.12011446731080581,1
4983,0.15653767,-0.07276468999999999,0.003364500308193893,0.003364500308193893,0.7224356001433015,0.003364500308193893,0.12011446731080581,1
4984,0.15653767,-0.07276468999999999,0.003364500308193893,0.003364500308193893,0.7224356001433015,0.003364500308193893,0.12011446731080581,1
4985,0.15653767,-0.07276468999999999,0.003364500308193893,0.003364500308193893,0.7224356001433015,0.003364500308193893,0.12011446731080581,1
4986,0.15653767,-0.07276468999999999,0.003364500308193893,0.003364500308193893,0.7224356001433015,0.003364500308193893,0.12011446731080581,1
4987,0.15653767,-0.07276468999999999,0.003364500308193893,0.003364500308193893,0.7224356001433015,0.003364500308193893,0.12011446731080581,1
4988,0.15653767,-0.07276468999999999,0.003364500308193893,0.003364500308193893,0.7224356001433015,0.003364500308193893,0.12011446731080581,1
4989,0.15653767,-0.07276468999999999,0.003364500308193893,0.003364500308193893,0.7224356001433015,0.003364500308193893,0.12011446731080581,1
4990,0.15653767,-0.07276468999999999,0.003364500308193893,0.003364500308193893,0.7224356001433015,0.003364500308193893,0.12011446731080581,1
4991,0.15653767,-0.07276468999999999,0.003364500308193893,0.003364500308193893,0.7224356001433015,0.003364500308193893,0.12011446731080581,1
4992,0.15653767,-0.07276468999999999,0.003364500308193893,0.003364500308193893,0.7224356001433015,0.003364500308193893,0.12011446731080581,1
4993,0.15653767,-0.07276468999999999,0.003364500308193893,0.003364500308193893,0.7224356001433015,0.003364500308193893,0.12011446731080581,1
4994,0.15653767,-0.07276468999999999,0.003364500308193893,0.003364500308193893,0.7224356001433015,0.003364500308193893,0.12011446731080581,1
4995,0.15653767,-0.07276468999999999,0.003364500308193893,0.003364500308193893,0.7224356001433015,0.003364500308193893,0.12011446731080581,1
4996,0.15653767,-0.07276468999999999,0.003364500308193893,0.003364500308193893,0.7224356001433015,0.003364500308193893,0.12011446731080581,1
4997,0.15653767,-0.07276468999999999,0.003364500308193893,0.003364500308193893,0.7224356001433015,0.003364500308193893,0.12011446731080581,1
4998,0.15653767,-0.07276468999999999,0.003364500308193893,0.003364500308193893,0.7224356001433015,0.003364500308193893,0.12011446731080581,1
4999,0.15653767,-0.07276468999999999,0.003364500308193893,0.003364500308193893,0.7224356001433015,0.003364500308193893,0.12011446731080581,1
5000,0.15653767,-0.07276468999999999,0.003364500308193893,0.003364500308193893,0.7224356001433015,0.003364500308193893,0.12011446731080581,1
5001,0.15653767,-0.07276468999999999,0.003364500308193893,0.003364500308193893,0.7224356001433015,0.003364500308193893,0.12011446731080581,1
5002,0.15653767,-0.07276468999999999,0.003364500308193893,0.003364500308193893,0.7224356001433015,0.003364500308193893,0.12011446731080581,1
5003,0.15653767,-0.07276468999999999,0.003364500308193893,0.003364500308193893,0.7224356001433015,0.003364500308193893,0.12011446731080581,1
5004,0.15653767,-0.07276468999999999,0.003364500308193893,0.003364500308193893,0.7224356001433015,0.003364500308193893,0.12011446731080581,1
5005,0.15653767,-0.07276468999999999,0.003364500308193893,0.003364500308193893,0.7224356001433015,0.003364500308193893,0.12011446731080581,1
5006,0.15653767,-0.07276468999999999,0.003364500308193893,0.003364500308193893,0.7224356001433015,0.003364500308193893,0.12011446731080581,1
5007,0.15653767,-0.07276468999999999,0.003364500308193893,0.003364500308193893,0.7224356001433015,0.003364500308193893,0.12011446731080581,1
5008,0.15653767,-0.07276468999999999,0.003364500308193893,0.003364500308193893,0.7224356001433015,0.003364500308193893,0.12011446731080581,1
5009,0.15653767,-0.07276468999999999,0.003364500308193893,0.003364500308193893,0.7224356001433015,0.003364500308193893,0.12011446731080581,1
5010,0.15653767,-0.07276468999999999,0.003364500308193893,0.003364500308193893,0.7224356001433015,0.003364500308193893,0.12011446731080581,1
5011,0.15653767,-0.07276468999999999,0.003364500308193893,0.003364500308193893,0.7224356001433015,0.003364500308193893,0.12011446731080581,1
5012,0.15653767,-0.07276468999999999,0.003364500308193893,0.003364500308193893,0.7224356001433015,0.003364500308193893,0.12011446731080581,1
5013,0.15653767,-0.07276468999999999,0.003364500308193893,0.003364500308193893,0.7224356001433015,0.003364500308193893,0.12011446731080581,1
5014,0.15653767,-0.07276468999999999,0.003364500308193893,0.003364500308193893,0.7224356001433015,0.003364500308193893,0.12011446731080581,1
5015,0.15653767,-0.07276468999999999,0.003364500308193893,0.003364500308193893,0.7224356001433015,0.003364500308193893,0.12011446731080581,1
5016,0.15653767,-0.07276468999999999,0.003364500308193893,0.003364500308193893,0.7224356001433015,0.003364500308193893,0.12011446731080581,1
5017,0.15653767,-0.07276468999999999,0.003364500308193893,0.003364500308193893,0.7224356001433015,0.003364500308193893,0.12011446731080581,1
5018,0.15653767,-0.07276468999999999,0.003364500308193893,0.003364500308193893,0.7224356001433015,0.003364500308193893,0.12011446731080581,1
5019,0.15653767,-0.07276468999999999,0.003364500308193893,0.003364500308193893,0.7224356001433015,0.003364500308193893,0.12011446731080581,1
5020,0.15653767,-0.07276468999999999,0.003364500308193893,0.003364500308193893,0.7224356001433015,0.003364500308193893,0.12011446731080581,1
5021,0.15653767,-0.07276468999999999,0.003364500308193893,0.003364500308193893,0.7224356001433015,0.003364500308193893,0.12011446731080581,1
5022,0.15653767,-0.07276468999999999,0.003364500308193893,0.003364500308193893,0.7224356001433015,0.003364500308193893,0.12011446731080581,1
5023,0.15653767,-0.07276468999999999,0.003364500308193893,0.003364500308193893,0.7224356001433015,0.003364500308193893,0.12011446731080581,1
5024,0.15653767,-0.07276468999999999,0.003364500308193893,0.003364500308193893,0.7224356001433015,0.003364500308193893,0.12011446731080581,1
5025,0.15653767,-0.07276468999999999,0.003364500308193893,0.003364500308193893,0.7224356001433015,0.003364500308193893,0.12011446731080581,1
5026,0.15653767,-0.07276468999999999,0.003364500308193893,0.003364500308193893,0.7224356001433015,0.003364500308193893,0.12011446731080581,1
5027,0.15653767,-0.07276468999999999,0.003364500308193893,0.003364500308193893,0.7224356001433015,0.003364500308193893,0.12011446731080581,1
5028,0.15653767,-0.07276468999999999,0.003364500308193893,0.003364500308193893,0.7224356001433015,0.003364500308193893,0.12011446731080581,1
5029,0.15653767,-0.07276468999999999,0.003364500308193893,0.003364500308193893,0.7224356001433015,0.003364500308193893,0.12011446731080581,1
5030,0.15653767,-0.07276468999999999,0.003364500308193893,0.003364500308193893,0.7224356001433015,0.003364500308193893,0.12011446731080581,1
5031,0.15653767,-0.07276468999999999,0.003364500308193893,0.003364500308193893,0.7224356001433015,0.003364500308193893,0.12011446731080581,1
5032,0.15653767,-0.07276468999999999,0.003364500308193893,0.003364500308193893,0.7224356001433015,0.003364500308193893,0.12011446731080581,1
5033,0.15653767,-0.07276468999999999,0.003364500308193893,0.003364500308193893,0.7224356001433015,0.003364500308193893,0.12011446731080581,1
5034,0.15653767,-0.07276468999999999,0.003364500308193893,0.003364500308193893,0.7224356001433015,0.003364500308193893,0.12011446731080581,1
5035,0.15653767,-0.07276468999999999,0.003364500308193893,0.003364500308193893,0.7224356001433015,0.003364500308193893,0.12011446731080581,1
5036,0.15653767,-0.07276468999999999,0.003364500308193893,0.003364500308193893,0.7224356001433015,0.003364500308193893,0.12011446731080581,1
5037,0.15653767,-0.07276468999999999,0.003364500308193893,0.003364500308193893,0.7224356001433015,0.003364500308193893,0.12011446731080581,1
5038,0.15653767,-0.07276468999999999,0.003364500308193893,0.003364500308193893,0.7224356001433015,0.003364500308193893,0.12011446731080581,1
5039,0.15653767,-0.07276468999999999,0.003364500308193893,0.003364500308193893,0.7224356001433015,0.003364500308193893,0.12011446731080581,1
5040,0.15653767,-0.07276468999999999,0.003364500308193893,0.003364500308193893,0.7224356001433015,0.003364500308193893,0.12011446731080581,1
5041,0.15653767,-0.07276468999999999,0.003364500308193893,0.003364500308193893,0.7224356001433015,0.003364500308193893,0.12011446731080581,1
5042,0.15653767,-0.07276468999999999,0.003364500308193893,0.003364500308193893,0.7224356001433015,0.003364500308193893,0.12011446731080581,1
5043,0.15653767,-0.07276468999999999,0.003364500308193893,0.003364500308193893,0.7224356001433015,0.003364500308193893,0.12011446731080581,1
5044,0.15653767,-0.07276468999999999,0.003364500308193893,0.003364500308193893,0.7224356001433015,0.003364500308193893,0.12011446731080581,1
5045,0.15653767,-0.07276468999999999,0.003364500308193893,0.003364500308193893,0.7224356001433015,0.003364500308193893,0.12011446731080581,1
5046,0.15653767,-0.07276468999999999,0.003364500308193893,0.003364500308193893,0.7224356001433015,0.003364500308193893,0.12011446731080581,1
5047,0.15653767,-0.07276468999999999,0.003364500308193893,0.003364500308193893,0.7224356001433015,0.003364500308193893,0.12011446731080581,1
5048,0.15653767,-0.07276468999999999,0.003364500308193893,0.003364500308193893,0.7224356001433015,0.003364500308193893,0.12011446731080581,1
5049,0.15653767,-0.07276468999999999,0.003364500308193893,0.003364500308193893,0.7224356001433015,0.003364500308193893,0.12011446731080581,1
5050,0.15653767,-0.07276468999999999,0.003364500308193893,0.003364500308193893,0.7224356001433015,0.003364500308193893,0.12011446731080581,1
5051,0.15653767,-0.07276468999999999,0.003364500308193893,0.003364500308193893,0.7224356001433015,0.003364500308193893,0.12011446731080581,1
5052,0.15653767,-0.07276468999999999,0.003364500308193893,0.003364500308193893,0.7224356001433015,0.003364500308193893,0.12011446731080581,1
5053,0.15653767,-0.07276468999999999,0.003364500308193893,0.003364500308193893,0.7224356001433015,0.003364500308193893,0.12011446731080581,1
5054,0.15653767,-0.07276468999999999,0.003364500308193893,0.003364500308193893,0.7224356001433015,0.003364500308193893,0.12011446731080581,1
5055,0.15653767,-0.07276468999999999,0.003364500308193893,0.003364500308193893,0.7224356001433015,0.003364500308193893,0.12011446731080581,1
5056,0.15653767,-0.07276468999999999,0.003364500308193893,0.003364500308193893,0.7224356001433015,0.003364500308193893,0.12011446731080581,1
5057,0.15653767,-0.07276468999999999,0.003364500308193893,0.003364500308193893,0.7224356001433015,0.003364500308193893,0.12011446731080581,1
5058,0.15653767,-0.07276468999999999,0.003364500308193893,0.003364500308193893,0.7224356001433015,0.003364500308193893,0.12011446731080581,1
5059,0.15653767,-0.07276468999999999,0.003364500308193893,0.003364500308193893,0.7224356001433015,0.003364500308193893,0.12011446731080581,1
5060,0.15653767,-0.07276468999999999,0.003364500308193893,0.003364500308193893,0.7224356001433015,0.003364500308193893,0.12011446731080581,1
5061,0.15653767,-0.07276468999999999,0.003364500308193893,0.003364500308193893,0.7224356001433015,0.003364500308193893,0.12011446731080581,1
5062,0.15653767,-0.07276468999999999,0.003364500308193893,0.003364500308193893,0.7224356001433015,0.003364500308193893,0.12011446731080581,1
5063,0.15653767,-0.07276468999999999,0.003364500308193893,0.003364500308193893,0.7224356001433015,0.003364500308193893,0.12011446731080581,1
5064,0.15653767,-0.07276468999999999,0.003364500308193893,0.003364500308193893,0.7224356001433015,0.003364500308193893,0.12011446731080581,1
5065,0.15653767,-0.07276468999999999,0.003364500308193893,0.003364500308193893,0.7224356001433015,0.003364500308193893,0.12011446731080581,1
5066,0.15653767,-0.07276468999999999,0.003364500308193893,0.003364500308193893,0.7224356001433015,0.003364500308193893,0.12011446731080581,1
5067,0.15653767,-0.07276468999999999,0.003364500308193893,0.003364500308193893,0.7224356001433015,0.003364500308193893,0.12011446731080581,1
5068,0.15653767,-0.07276468999999999,0.003364500308193893,0.003364500308193893,0.7224356001433015,0.003364500308193893,0.12011446731080581,1
5069,0.15653767,-0.07276468999999999,0.003364500308193893,0.003364500308193893,0.7224356001433015,0.003364500308193893,0.12011446731080581,1
5070,0.15653767,-0.07276468999999999,0.003364500308193893,0.003364500308193893,0.7224356001433015,0.003364500308193893,0.12011446731080581,1
5071,0.15653767,-0.07276468999999999,0.003364500308193893,0.003364500308193893,0.7224356001433015,0.003364500308193893,0.12011446731080581,1
5072,0.15653767,-0.07276468999999999,0.003364500308193893,0.003364500308193893,0.7224356001433015,0.003364500308193893,0.12011446731080581,1
5073,0.15653767,-0.07276468999999999,0.003364500308193893,0.003364500308193893,0.7224356001433015,0.003364500308193893,0.12011446731080581,1
5074,0.15653767,-0.07276468999999999,0.003364500308193893,0.003364500308193893,0.7224356001433015,0.003364500308193893,0.12011446731080581,1
5075,0.15653767,-0.07276468999999999,0.003364500308193893,0.003364500308193893,0.7224356001433015,0.003364500308193893,0.12011446731080581,1
5076,0.15653767,-0.07276468999999999,0.003364500308193893,0.003364500308193893,0.7224356001433015,0.003364500308193893,0.12011446731080581,1
5077,0.15653767,-0.07276468999999999,0.003364500308193893,0.003364500308193893,0.7224356001433015,0.003364500308193893,0.12011446731080581,1
5078,0.15653767,-0.07276468999999999,0.003364500308193893,0.003364500308193893,0.7224356001433015,0.003364500308193893,0.12011446731080581,1
5079,0.15653767,-0.07276468999999999,0.003364500308193893,0.003364500308193893,0.7224356001433015,0.003364500308193893,0.12011446731080581,1
5080,0.15653767,-0.07276468999999999,0.003364500308193893,0.003364500308193893,0.7224356001433015,0.003364500308193893,0.12011446731080581,1
5081,0.15653767,-0.07276468999999999,0.003364500308193893,0.003364500308193893,0.7224356001433015,0.003364500308193893,0.12011446731080581,1
5082,0.15653767,-0.07276468999999999,0.003364500308193893,0.003364500308193893,0.7224356001433015,0.003364500308193893,0.12011446731080581,1
5083,0.15653767,-0.07276468999999999,0.003364500308193893,0.003364500308193893,0.7224356001433015,0.003364500308193893,0.12011446731080581,1
5084,0.15653767,-0.07276468999999999,0.003364500308193893,0.003364500308193893,0.7224356001433015,0.003364500308193893,0.12011446731080581,1
5085,0.15653767,-0.07276468999999999,0.003364500308193893,0.003364500308193893,0.7224356001433015,0.003364500308193893,0.12011446731080581,1
5086,0.15653767,-0.07276468999999999,0.003364500308193893,0.003364500308193893,0.7224356001433015,0.003364500308193893,0.12011446731080581,1
5087,0.15653767,-0.07276468999999999,0.003364500308193893,0.003364500308193893,0.7224356001433015,0.003364500308193893,0.12011446731080581,1
5088,0.15653767,-0.07276468999999999,0.003364500308193893,0.003364500308193893,0.7224356001433015,0.003364500308193893,0.12011446731080581,1
5089,0.15653767,-0.07276468999999999,0.003364500308193893,0.003364500308193893,0.7224356001433015,0.003364500308193893,0.12011446731080581,1
5090,0.15653767,-0.07276468999999999,0.003364500308193893,0.003364500308193893,0.7224356001433015,0.003364500308193893,0.12011446731080581,1
5091,0.15653767,-0.07276468999999999,0.003364500308193893,0.003364500308193893,0.7224356001433015,0.003364500308193893,0.12011446731080581,1
5092,0.15653767,-0.07276468999999999,0.003364500308193893,0.003364500308193893,0.7224356001433015,0.003364500308193893,0.12011446731080581,1
5093,0.15653767,-0.07276468999999999,0.003364500308193893,0.003364500308193893,0.7224356001433015,0.003364500308193893,0.12011446731080581,1
5094,0.15653767,-0.07276468999999999,0.003364500308193893,0.003364500308193893,0.7224356001433015,0.003364500308193893,0.12011446731080581,1
5095,0.15653767,-0.07276468999999999,0.003364500308193893,0.003364500308193893,0.7224356001433015,0.003364500308193893,0.12011446731080581,1
5096,0.15653767,-0.07276468999999999,0.003364500308193893,0.003364500308193893,0.7224356001433015,0.003364500308193893,0.12011446731080581,1
5097,0.15653767,-0.07276468999999999,0.003364500308193893,0.003364500308193893,0.7224356001433015,0.003364500308193893,0.12011446731080581,1
5098,0.15653767,-0.07276468999999999,0.003364500308193893,0.003364500308193893,0.7224356001433015,0.003364500308193893,0.12011446731080581,1
5099,0.15653767,-0.07276468999999999,0.003364500308193893,0.003364500308193893,0.7224356001433015,0.003364500308193893,0.12011446731080581,1
5100,0.15653767,-0.07276468999999999,0.003364500308193893,0.003364500308193893,0.7224356001433015,0.003364500308193893,0.12011446731080581,1
5101,0.15653767,-0.07276468999999999,0.003364500308193893,0.003364500308193893,0.7224356001433015,0.003364500308193893,0.12011446731080581,1
5102,0.15653767,-0.07276468999999999,0.003364500308193893,0.003364500308193893,0.7224356001433015,0.003364500308193893,0.12011446731080581,1
5103,0.15653767,-0.07276468999999999,0.003364500308193893,0.003364500308193893,0.7224356001433015,0.003364500308193893,0.12011446731080581,1
5104,0.15653767,-0.07276468999999999,0.003364500308193893,0.003364500308193893,0.7224356001433015,0.003364500308193893,0.12011446731080581,1
5105,0.15653767,-0.07276468999999999,0.003364500308193893,0.003364500308193893,0.7224356001433015,0.003364500308193893,0.12011446731080581,1
5106,0.15653767,-0.07276468999999999,0.003364500308193893,0.003364500308193893,0.7224356001433015,0.003364500308193893,0.12011446731080581,1
5107,0.15653767,-0.07276468999999999,0.003364500308193893,0.003364500308193893,0.7224356001433015,0.003364500308193893,0.12011446731080581,1
5108,0.15653767,-0.07276468999999999,0.003364500308193893,0.003364500308193893,0.7224356001433015,0.003364500308193893,0.12011446731080581,1
5109,0.15653767,-0.07276468999999999,0.003364500308193893,0.003364500308193893,0.7224356001433015,0.003364500308193893,0.12011446731080581,1
5110,0.15653767,-0.07276468999999999,0.003364500308193893,0.003364500308193893,0.7224356001433015,0.003364500308193893,0.12011446731080581,1
5111,0.15653767,-0.07276468999999999,0.003364500308193893,0.003364500308193893,0.7224356001433015,0.003364500308193893,0.12011446731080581,1
5112,0.15653767,-0.07276468999999999,0.003364500308193893,0.003364500308193893,0.7224356001433015,0.003364500308193893,0.12011446731080581,1
5113,0.15653767,-0.07276468999999999,0.003364500308193893,0.003364500308193893,0.7224356001433015,0.003364500308193893,0.12011446731080581,1
5114,0.15653767,-0.07276468999999999,0.003364500308193893,0.003364500308193893,0.7224356001433015,0.003364500308193893,0.12011446731080581,1
5115,0.15653767,-0.07276468999999999,0.003364500308193893,0.003364500308193893,0.7224356001433015,0.003364500308193893,0.12011446731080581,1
5116,0.15653767,-0.07276468999999999,0.003364500308193893,0.003364500308193893,0.7224356001433015,0.003364500308193893,0.12011446731080581,1
5117,0.15653767,-0.07276468999999999,0.003364500308193893,0.003364500308193893,0.7224356001433015,0.003364500308193893,0.12011446731080581,1
5118,0.15653767,-0.07276468999999999,0.003364500308193893,0.003364500308193893,0.7224356001433015,0.003364500308193893,0.12011446731080581,1
5119,0.15653767,-0.07276468999999999,0.003364500308193893,0.003364500308193893,0.7224356001433015,0.003364500308193893,0.12011446731080581,1
5120,0.15653767,-0.07276468999999999,0.003364500308193893,0.003364500308193893,0.7224356001433015,0.003364500308193893,0.12011446731080581,1
5121,0.15653767,-0.07276468999999999,0.003364500308193893,0.003364500308193893,0.7224356001433015,0.003364500308193893,0.12011446731080581,1
5122,0.15653767,-0.07276468999999999,0.003364500308193893,0.003364500308193893,0.7224356001433015,0.003364500308193893,0.12011446731080581,1
5123,0.15653767,-0.07276468999999999,0.003364500308193893,0.003364500308193893,0.7224356001433015,0.003364500308193893,0.12011446731080581,1
5124,0.15653767,-0.07276468999999999,0.003364500308193893,0.003364500308193893,0.7224356001433015,0.003364500308193893,0.12011446731080581,1
5125,0.15653767,-0.07276468999999999,0.003364500308193893,0.003364500308193893,0.7224356001433015,0.003364500308193893,0.12011446731080581,1
5126,0.15653767,-0.07276468999999999,0.003364500308193893,0.003364500308193893,0.7224356001433015,0.003364500308193893,0.12011446731080581,1
5127,0.15653767,-0.07276468999999999,0.003364500308193893,0.003364500308193893,0.7224356001433015,0.003364500308193893,0.12011446731080581,1
5128,0.15653767,-0.07276468999999999,0.003364500308193893,0.003364500308193893,0.7224356001433015,0.003364500308193893,0.12011446731080581,1
5129,0.15653767,-0.07276468999999999,0.003364500308193893,0.003364500308193893,0.7224356001433015,0.003364500308193893,0.12011446731080581,1
5130,0.15653767,-0.07276468999999999,0.003364500308193893,0.003364500308193893,0.7224356001433015,0.003364500308193893,0.12011446731080581,1
5131,0.15653767,-0.07276468999999999,0.003364500308193893,0.003364500308193893,0.7224356001433015,0.003364500308193893,0.12011446731080581,1
5132,0.15653767,-0.07276468999999999,0.003364500308193893,0.003364500308193893,0.7224356001433015,0.003364500308193893,0.12011446731080581,1
5133,0.15653767,-0.07276468999999999,0.003364500308193893,0.003364500308193893,0.7224356001433015,0.003364500308193893,0.12011446731080581,1
5134,0.15653767,-0.07276468999999999,0.003364500308193893,0.003364500308193893,0.7224356001433015,0.003364500308193893,0.12011446731080581,1
5135,0.15653767,-0.07276468999999999,0.003364500308193893,0.003364500308193893,0.7224356001433015,0.003364500308193893,0.12011446731080581,1
5136,0.15653767,-0.07276468999999999,0.003364500308193893,0.003364500308193893,0.7224356001433015,0.003364500308193893,0.12011446731080581,1
5137,0.15653767,-0.07276468999999999,0.003364500308193893,0.003364500308193893,0.7224356001433015,0.003364500308193893,0.12011446731080581,1
5138,0.15653767,-0.07276468999999999,0.003364500308193893,0.003364500308193893,0.7224356001433015,0.003364500308193893,0.12011446731080581,1
5139,0.15653767,-0.07276468999999999,0.003364500308193893,0.003364500308193893,0.7224356001433015,0.003364500308193893,0.12011446731080581,1
5140,0.15653767,-0.07276468999999999,0.003364500308193893,0.003364500308193893,0.7224356001433015,0.003364500308193893,0.12011446731080581,1
5141,0.15653767,-0.07276468999999999,0.003364500308193893,0.003364500308193893,0.7224356001433015,0.003364500308193893,0.12011446731080581,1
5142,0.15653767,-0.07276468999999999,0.003364500308193893,0.003364500308193893,0.7224356001433015,0.003364500308193893,0.12011446731080581,1
5143,0.15653767,-0.07276468999999999,0.003364500308193893,0.003364500308193893,0.7224356001433015,0.003364500308193893,0.12011446731080581,1
5144,0.15653767,-0.07276468999999999,0.003364500308193893,0.003364500308193893,0.7224356001433015,0.003364500308193893,0.12011446731080581,1
5145,0.15653767,-0.07276468999999999,0.003364500308193893,0.003364500308193893,0.7224356001433015,0.003364500308193893,0.12011446731080581,1
5146,0.15653767,-0.07276468999999999,0.003364500308193893,0.003364500308193893,0.7224356001433015,0.003364500308193893,0.12011446731080581,1
5147,0.15653767,-0.07276468999999999,0.003364500308193893,0.003364500308193893,0.7224356001433015,0.003364500308193893,0.12011446731080581,1
5148,0.15653767,-0.07276468999999999,0.003364500308193893,0.003364500308193893,0.7224356001433015,0.003364500308193893,0.12011446731080581,1
5149,0.15653767,-0.07276468999999999,0.003364500308193893,0.003364500308193893,0.7224356001433015,0.003364500308193893,0.12011446731080581,1
5150,0.15653767,-0.07276468999999999,0.003364500308193893,0.003364500308193893,0.7224356001433015,0.003364500308193893,0.12011446731080581,1
5151,0.15653767,-0.07276468999999999,0.003364500308193893,0.003364500308193893,0.7224356001433015,0.003364500308193893,0.12011446731080581,1
5152,0.15653767,-0.07276468999999999,0.003364500308193893,0.003364500308193893,0.7224356001433015,0.003364500308193893,0.12011446731080581,1
5153,0.15653767,-0.07276468999999999,0.003364500308193893,0.003364500308193893,0.7224356001433015,0.003364500308193893,0.12011446731080581,1
5154,0.15653767,-0.07276468999999999,0.003364500308193893,0.003364500308193893,0.7224356001433015,0.003364500308193893,0.12011446731080581,1
5155,0.15653767,-0.07276468999999999,0.003364500308193893,0.003364500308193893,0.7224356001433015,0.003364500308193893,0.12011446731080581,1
5156,0.15653767,-0.07276468999999999,0.003364500308193893,0.003364500308193893,0.7224356001433015,0.003364500308193893,0.12011446731080581,1
5157,0.15653767,-0.07276468999999999,0.003364500308193893,0.003364500308193893,0.7224356001433015,0.003364500308193893,0.12011446731080581,1
5158,0.15653767,-0.07276468999999999,0.003364500308193893,0.003364500308193893,0.7224356001433015,0.003364500308193893,0.12011446731080581,1
5159,0.15653767,-0.07276468999999999,0.003364500308193893,0.003364500308193893,0.7224356001433015,0.003364500308193893,0.12011446731080581,1
5160,0.15653767,-0.07276468999999999,0.003364500308193893,0.003364500308193893,0.7224356001433015,0.003364500308193893,0.12011446731080581,1
5161,0.15653767,-0.07276468999999999,0.003364500308193893,0.003364500308193893,0.7224356001433015,0.003364500308193893,0.12011446731080581,1
5162,0.15653767,-0.07276468999999999,0.003364500308193893,0.003364500308193893,0.7224356001433015,0.003364500308193893,0.12011446731080581,1
5163,0.15653767,-0.07276468999999999,0.003364500308193893,0.003364500308193893,0.7224356001433015,0.003364500308193893,0.12011446731080581,1
5164,0.15653767,-0.07276468999999999,0.003364500308193893,0.003364500308193893,0.7224356001433015,0.003364500308193893,0.12011446731080581,1
5165,0.15653767,-0.07276468999999999,0.003364500308193893,0.003364500308193893,0.7224356001433015,0.003364500308193893,0.12011446731080581,1
5166,0.15653767,-0.07276468999999999,0.003364500308193893,0.003364500308193893,0.7224356001433015,0.003364500308193893,0.12011446731080581,1
5167,0.15653767,-0.07276468999999999,0.003364500308193893,0.003364500308193893,0.7224356001433015,0.003364500308193893,0.12011446731080581,1
5168,0.15653767,-0.07276468999999999,0.003364500308193893,0.003364500308193893,0.7224356001433015,0.003364500308193893,0.12011446731080581,1
5169,0.15653767,-0.07276468999999999,0.003364500308193893,0.003364500308193893,0.7224356001433015,0.003364500308193893,0.12011446731080581,1
5170,0.15653767,-0.07276468999999999,0.003364500308193893,0.003364500308193893,0.7224356001433015,0.003364500308193893,0.12011446731080581,1
5171,0.15653767,-0.07276468999999999,0.003364500308193893,0.003364500308193893,0.7224356001433015,0.003364500308193893,0.12011446731080581,1
5172,0.15653767,-0.07276468999999999,0.003364500308193893,0.003364500308193893,0.7224356001433015,0.003364500308193893,0.12011446731080581,1
5173,0.15653767,-0.07276468999999999,0.003364500308193893,0.003364500308193893,0.7224356001433015,0.003364500308193893,0.12011446731080581,1
5174,0.15653767,-0.07276468999999999,0.003364500308193893,0.003364500308193893,0.7224356001433015,0.003364500308193893,0.12011446731080581,1
5175,0.15653767,-0.07276468999999999,0.003364500308193893,0.003364500308193893,0.7224356001433015,0.003364500308193893,0.12011446731080581,1
5176,0.15653767,-0.07276468999999999,0.003364500308193893,0.003364500308193893,0.7224356001433015,0.003364500308193893,0.12011446731080581,1
5177,0.15653767,-0.07276468999999999,0.003364500308193893,0.003364500308193893,0.7224356001433015,0.003364500308193893,0.12011446731080581,1
5178,0.15653767,-0.07276468999999999,0.003364500308193893,0.003364500308193893,0.7224356001433015,0.003364500308193893,0.12011446731080581,1
5179,0.15653767,-0.07276468999999999,0.003364500308193893,0.003364500308193893,0.7224356001433015,0.003364500308193893,0.12011446731080581,1
5180,0.15653767,-0.07276468999999999,0.003364500308193893,0.003364500308193893,0.7224356001433015,0.003364500308193893,0.12011446731080581,1
5181,0.15653767,-0.07276468999999999,0.003364500308193893,0.003364500308193893,0.7224356001433015,0.003364500308193893,0.12011446731080581,1
5182,0.15653767,-0.07276468999999999,0.003364500308193893,0.003364500308193893,0.7224356001433015,0.003364500308193893,0.12011446731080581,1
5183,0.15653767,-0.07276468999999999,0.003364500308193893,0.003364500308193893,0.7224356001433015,0.003364500308193893,0.12011446731080581,1
5184,0.15653767,-0.07276468999999999,0.003364500308193893,0.003364500308193893,0.7224356001433015,0.003364500308193893,0.12011446731080581,1
5185,0.15653767,-0.07276468999999999,0.003364500308193893,0.003364500308193893,0.7224356001433015,0.003364500308193893,0.12011446731080581,1
5186,0.15653767,-0.07276468999999999,0.003364500308193893,0.003364500308193893,0.7224356001433015,0.003364500308193893,0.12011446731080581,1
5187,0.15653767,-0.07276468999999999,0.003364500308193893,0.003364500308193893,0.7224356001433015,0.003364500308193893,0.12011446731080581,1
5188,0.15653767,-0.07276468999999999,0.003364500308193893,0.003364500308193893,0.7224356001433015,0.003364500308193893,0.12011446731080581,1
5189,0.15653767,-0.07276468999999999,0.003364500308193893,0.003364500308193893,0.7224356001433015,0.003364500308193893,0.12011446731080581,1
5190,0.15653767,-0.07276468999999999,0.003364500308193893,0.003364500308193893,0.7224356001433015,0.003364500308193893,0.12011446731080581,1
5191,0.15653767,-0.07276468999999999,0.003364500308193893,0.003364500308193893,0.7224356001433015,0.003364500308193893,0.12011446731080581,1
5192,0.15653767,-0.07276468999999999,0.003364500308193893,0.003364500308193893,0.7224356001433015,0.003364500308193893,0.12011446731080581,1
5193,0.15653767,-0.07276468999999999,0.003364500308193893,0.003364500308193893,0.7224356001433015,0.003364500308193893,0.12011446731080581,1
5194,0.15653767,-0.07276468999999999,0.003364500308193893,0.003364500308193893,0.7224356001433015,0.003364500308193893,0.12011446731080581,1
5195,0.15653767,-0.07276468999999999,0.003364500308193893,0.003364500308193893,0.7224356001433015,0.003364500308193893,0.12011446731080581,1
5196,0.15653767,-0.07276468999999999,0.003364500308193893,0.003364500308193893,0.7224356001433015,0.003364500308193893,0.12011446731080581,1
5197,0.15653767,-0.07276468999999999,0.003364500308193893,0.003364500308193893,0.7224356001433015,0.003364500308193893,0.12011446731080581,1
5198,0.15653767,-0.07276468999999999,0.003364500308193893,0.003364500308193893,0.7224356001433015,0.003364500308193893,0.12011446731080581,1
5199,0.15653767,-0.07276468999999999,0.003364500308193893,0.003364500308193893,0.7224356001433015,0.003364500308193893,0.12011446731080581,1
5200,0.15653767,-0.07276468999999999,0.003364500308193893,0.003364500308193893,0.7224356001433015,0.003364500308193893,0.12011446731080581,1
5201,0.15653767,-0.07276468999999999,0.003364500308193893,0.003364500308193893,0.7224356001433015,0.003364500308193893,0.12011446731080581,1
5202,0.15653767,-0.07276468999999999,0.003364500308193893,0.003364500308193893,0.7224356001433015,0.003364500308193893,0.12011446731080581,1
5203,0.15653767,-0.07276468999999999,0.003364500308193893,0.003364500308193893,0.7224356001433015,0.003364500308193893,0.12011446731080581,1
5204,0.15653767,-0.07276468999999999,0.003364500308193893,0.003364500308193893,0.7224356001433015,0.003364500308193893,0.12011446731080581,1
5205,0.15653767,-0.07276468999999999,0.003364500308193893,0.003364500308193893,0.7224356001433015,0.003364500308193893,0.12011446731080581,1
5206,0.15653767,-0.07276468999999999,0.003364500308193893,0.003364500308193893,0.7224356001433015,0.003364500308193893,0.12011446731080581,1
5207,0.15653767,-0.07276468999999999,0.003364500308193893,0.003364500308193893,0.7224356001433015,0.003364500308193893,0.12011446731080581,1
5208,0.15653767,-0.07276468999999999,0.003364500308193893,0.003364500308193893,0.7224356001433015,0.003364500308193893,0.12011446731080581,1
5209,0.15653767,-0.07276468999999999,0.003364500308193893,0.003364500308193893,0.7224356001433015,0.003364500308193893,0.12011446731080581,1
5210,0.15653767,-0.07276468999999999,0.003364500308193893,0.003364500308193893,0.7224356001433015,0.003364500308193893,0.12011446731080581,1
5211,0.15653767,-0.07276468999999999,0.003364500308193893,0.003364500308193893,0.7224356001433015,0.003364500308193893,0.12011446731080581,1
5212,0.15653767,-0.07276468999999999,0.003364500308193893,0.003364500308193893,0.7224356001433015,0.003364500308193893,0.12011446731080581,1
5213,0.15653767,-0.07276468999999999,0.003364500308193893,0.003364500308193893,0.7224356001433015,0.003364500308193893,0.12011446731080581,1
5214,0.15653767,-0.07276468999999999,0.003364500308193893,0.003364500308193893,0.7224356001433015,0.003364500308193893,0.12011446731080581,1
5215,0.15653767,-0.07276468999999999,0.003364500308193893,0.003364500308193893,0.7224356001433015,0.003364500308193893,0.12011446731080581,1
5216,0.15653767,-0.07276468999999999,0.003364500308193893,0.003364500308193893,0.7224356001433015,0.003364500308193893,0.12011446731080581,1
5217,0.15653767,-0.07276468999999999,0.003364500308193893,0.003364500308193893,0.7224356001433015,0.003364500308193893,0.12011446731080581,1
5218,0.15653767,-0.07276468999999999,0.003364500308193893,0.003364500308193893,0.7224356001433015,0.003364500308193893,0.12011446731080581,1
5219,0.15653767,-0.07276468999999999,0.003364500308193893,0.003364500308193893,0.7224356001433015,0.003364500308193893,0.12011446731080581,1
5220,0.15653767,-0.07276468999999999,0.003364500308193893,0.003364500308193893,0.7224356001433015,0.003364500308193893,0.12011446731080581,1
5221,0.15653767,-0.07276468999999999,0.003364500308193893,0.003364500308193893,0.7224356001433015,0.003364500308193893,0.12011446731080581,1
5222,0.15653767,-0.07276468999999999,0.003364500308193893,0.003364500308193893,0.7224356001433015,0.003364500308193893,0.12011446731080581,1
5223,0.15653767,-0.07276468999999999,0.003364500308193893,0.003364500308193893,0.7224356001433015,0.003364500308193893,0.12011446731080581,1
5224,0.15653767,-0.07276468999999999,0.003364500308193893,0.003364500308193893,0.7224356001433015,0.003364500308193893,0.12011446731080581,1
5225,0.15653767,-0.07276468999999999,0.003364500308193893,0.003364500308193893,0.7224356001433015,0.003364500308193893,0.12011446731080581,1
5226,0.15653767,-0.07276468999999999,0.003364500308193893,0.003364500308193893,0.7224356001433015,0.003364500308193893,0.12011446731080581,1
5227,0.15653767,-0.07276468999999999,0.003364500308193893,0.003364500308193893,0.7224356001433015,0.003364500308193893,0.12011446731080581,1
5228,0.15653767,-0.07276468999999999,0.003364500308193893,0.003364500308193893,0.7224356001433015,0.003364500308193893,0.12011446731080581,1
5229,0.15653767,-0.07276468999999999,0.003364500308193893,0.003364500308193893,0.7224356001433015,0.003364500308193893,0.12011446731080581,1
5230,0.15653767,-0.07276468999999999,0.003364500308193893,0.003364500308193893,0.7224356001433015,0.003364500308193893,0.12011446731080581,1
5231,0.15653767,-0.07276468999999999,0.003364500308193893,0.003364500308193893,0.7224356001433015,0.003364500308193893,0.12011446731080581,1
5232,0.15653767,-0.07276468999999999,0.003364500308193893,0.003364500308193893,0.7224356001433015,0.003364500308193893,0.12011446731080581,1
5233,0.15653767,-0.07276468999999999,0.003364500308193893,0.003364500308193893,0.7224356001433015,0.003364500308193893,0.12011446731080581,1
5234,0.15653767,-0.07276468999999999,0.003364500308193893,0.003364500308193893,0.7224356001433015,0.003364500308193893,0.12011446731080581,1
5235,0.15653767,-0.07276468999999999,0.003364500308193893,0.003364500308193893,0.7224356001433015,0.003364500308193893,0.12011446731080581,1
5236,0.15653767,-0.07276468999999999,0.003364500308193893,0.003364500308193893,0.7224356001433015,0.003364500308193893,0.12011446731080581,1
5237,0.15653767,-0.07276468999999999,0.003364500308193893,0.003364500308193893,0.7224356001433015,0.003364500308193893,0.12011446731080581,1
5238,0.15653767,-0.07276468999999999,0.003364500308193893,0.003364500308193893,0.7224356001433015,0.003364500308193893,0.12011446731080581,1
5239,0.15653767,-0.07276468999999999,0.003364500308193893,0.003364500308193893,0.7224356001433015,0.003364500308193893,0.12011446731080581,1
5240,0.15653767,-0.07276468999999999,0.003364500308193893,0.003364500308193893,0.7224356001433015,0.003364500308193893,0.12011446731080581,1
5241,0.15653767,-0.07276468999999999,0.003364500308193893,0.003364500308193893,0.7224356001433015,0.003364500308193893,0.12011446731080581,1
5242,0.15653767,-0.07276468999999999,0.003364500308193893,0.003364500308193893,0.7224356001433015,0.003364500308193893,0.12011446731080581,1
5243,0.15653767,-0.07276468999999999,0.003364500308193893,0.003364500308193893,0.7224356001433015,0.003364500308193893,0.12011446731080581,1
5244,0.15653767,-0.07276468999999999,0.003364500308193893,0.003364500308193893,0.7224356001433015,0.003364500308193893,0.12011446731080581,1
5245,0.15653767,-0.07276468999999999,0.003364500308193893,0.003364500308193893,0.7224356001433015,0.003364500308193893,0.12011446731080581,1
5246,0.15653767,-0.07276468999999999,0.003364500308193893,0.003364500308193893,0.7224356001433015,0.003364500308193893,0.12011446731080581,1
5247,0.15653767,-0.07276468999999999,0.003364500308193893,0.003364500308193893,0.7224356001433015,0.003364500308193893,0.12011446731080581,1
5248,0.15653767,-0.07276468999999999,0.003364500308193893,0.003364500308193893,0.7224356001433015,0.003364500308193893,0.12011446731080581,1
5249,0.15653767,-0.07276468999999999,0.003364500308193893,0.003364500308193893,0.7224356001433015,0.003364500308193893,0.12011446731080581,1
5250,0.15653767,-0.07276468999999999,0.003364500308193893,0.003364500308193893,0.7224356001433015,0.003364500308193893,0.12011446731080581,1
5251,0.15653767,-0.07276468999999999,0.003364500308193893,0.003364500308193893,0.7224356001433015,0.003364500308193893,0.12011446731080581,1
5252,0.15653767,-0.07276468999999999,0.003364500308193893,0.003364500308193893,0.7224356001433015,0.003364500308193893,0.12011446731080581,1
5253,0.15653767,-0.07276468999999999,0.003364500308193893,0.003364500308193893,0.7224356001433015,0.003364500308193893,0.12011446731080581,1
5254,0.15653767,-0.07276468999999999,0.003364500308193893,0.003364500308193893,0.7224356001433015,0.003364500308193893,0.12011446731080581,1
5255,0.15653767,-0.07276468999999999,0.003364500308193893,0.003364500308193893,0.7224356001433015,0.003364500308193893,0.12011446731080581,1
5256,0.15653767,-0.07276468999999999,0.003364500308193893,0.003364500308193893,0.7224356001433015,0.003364500308193893,0.12011446731080581,1
5257,0.15653767,-0.07276468999999999,0.003364500308193893,0.003364500308193893,0.7224356001433015,0.003364500308193893,0.12011446731080581,1
5258,0.15653767,-0.07276468999999999,0.003364500308193893,0.003364500308193893,0.7224356001433015,0.003364500308193893,0.12011446731080581,1
5259,0.15653767,-0.07276468999999999,0.003364500308193893,0.003364500308193893,0.7224356001433015,0.003364500308193893,0.12011446731080581,1
5260,0.15653767,-0.07276468999999999,0.003364500308193893,0.003364500308193893,0.7224356001433015,0.003364500308193893,0.12011446731080581,1
5261,0.15653767,-0.07276468999999999,0.003364500308193893,0.003364500308193893,0.7224356001433015,0.003364500308193893,0.12011446731080581,1
5262,0.15653767,-0.07276468999999999,0.003364500308193893,0.003364500308193893,0.7224356001433015,0.003364500308193893,0.12011446731080581,1
5263,0.15653767,-0.07276468999999999,0.003364500308193893,0.003364500308193893,0.7224356001433015,0.003364500308193893,0.12011446731080581,1
5264,0.15653767,-0.07276468999999999,0.003364500308193893,0.003364500308193893,0.7224356001433015,0.003364500308193893,0.12011446731080581,1
5265,0.15653767,-0.07276468999999999,0.003364500308193893,0.003364500308193893,0.7224356001433015,0.003364500308193893,0.12011446731080581,1
5266,0.15653767,-0.07276468999999999,0.003364500308193893,0.003364500308193893,0.7224356001433015,0.003364500308193893,0.12011446731080581,1
5267,0.15653767,-0.07276468999999999,0.003364500308193893,0.003364500308193893,0.7224356001433015,0.003364500308193893,0.12011446731080581,1
5268,0.15653767,-0.07276468999999999,0.003364500308193893,0.003364500308193893,0.7224356001433015,0.003364500308193893,0.12011446731080581,1
5269,0.15653767,-0.07276468999999999,0.003364500308193893,0.003364500308193893,0.7224356001433015,0.003364500308193893,0.12011446731080581,1
5270,0.15653767,-0.07276468999999999,0.003364500308193893,0.003364500308193893,0.7224356001433015,0.003364500308193893,0.12011446731080581,1
5271,0.15653767,-0.07276468999999999,0.003364500308193893,0.003364500308193893,0.7224356001433015,0.003364500308193893,0.12011446731080581,1
5272,0.15653767,-0.07276468999999999,0.003364500308193893,0.003364500308193893,0.7224356001433015,0.003364500308193893,0.12011446731080581,1
5273,0.15653767,-0.07276468999999999,0.003364500308193893,0.003364500308193893,0.7224356001433015,0.003364500308193893,0.12011446731080581,1
5274,0.15653767,-0.07276468999999999,0.003364500308193893,0.003364500308193893,0.7224356001433015,0.003364500308193893,0.12011446731080581,1
5275,0.15653767,-0.07276468999999999,0.003364500308193893,0.003364500308193893,0.7224356001433015,0.003364500308193893,0.12011446731080581,1
5276,0.15653767,-0.07276468999999999,0.003364500308193893,0.003364500308193893,0.7224356001433015,0.003364500308193893,0.12011446731080581,1
5277,0.15653767,-0.07276468999999999,0.003364500308193893,0.003364500308193893,0.7224356001433015,0.003364500308193893,0.12011446731080581,1
5278,0.15653767,-0.07276468999999999,0.003364500308193893,0.003364500308193893,0.7224356001433015,0.003364500308193893,0.12011446731080581,1
5279,0.15653767,-0.07276468999999999,0.003364500308193893,0.003364500308193893,0.7224356001433015,0.003364500308193893,0.12011446731080581,1
5280,0.15653767,-0.07276468999999999,0.003364500308193893,0.003364500308193893,0.7224356001433015,0.003364500308193893,0.12011446731080581,1
5281,0.15653767,-0.07276468999999999,0.003364500308193893,0.003364500308193893,0.7224356001433015,0.003364500308193893,0.12011446731080581,1
5282,0.15653767,-0.07276468999999999,0.003364500308193893,0.003364500308193893,0.7224356001433015,0.003364500308193893,0.12011446731080581,1
5283,0.15653767,-0.07276468999999999,0.003364500308193893,0.003364500308193893,0.7224356001433015,0.003364500308193893,0.12011446731080581,1
5284,0.15653767,-0.07276468999999999,0.003364500308193893,0.003364500308193893,0.7224356001433015,0.003364500308193893,0.12011446731080581,1
5285,0.15653767,-0.07276468999999999,0.003364500308193893,0.003364500308193893,0.7224356001433015,0.003364500308193893,0.12011446731080581,1
5286,0.15653767,-0.07276468999999999,0.003364500308193893,0.003364500308193893,0.7224356001433015,0.003364500308193893,0.12011446731080581,1
5287,0.15653767,-0.07276468999999999,0.003364500308193893,0.003364500308193893,0.7224356001433015,0.003364500308193893,0.12011446731080581,1
5288,0.15653767,-0.07276468999999999,0.003364500308193893,0.003364500308193893,0.7224356001433015,0.003364500308193893,0.12011446731080581,1
5289,0.15653767,-0.07276468999999999,0.003364500308193893,0.003364500308193893,0.7224356001433015,0.003364500308193893,0.12011446731080581,1
5290,0.15653767,-0.07276468999999999,0.003364500308193893,0.003364500308193893,0.7224356001433015,0.003364500308193893,0.12011446731080581,1
5291,0.15653767,-0.07276468999999999,0.003364500308193893,0.003364500308193893,0.7224356001433015,0.003364500308193893,0.12011446731080581,1
5292,0.15653767,-0.07276468999999999,0.003364500308193893,0.003364500308193893,0.7224356001433015,0.003364500308193893,0.12011446731080581,1
5293,0.15653767,-0.07276468999999999,0.003364500308193893,0.003364500308193893,0.7224356001433015,0.003364500308193893,0.12011446731080581,1
5294,0.15653767,-0.07276468999999999,0.003364500308193893,0.003364500308193893,0.7224356001433015,0.003364500308193893,0.12011446731080581,1
5295,0.15653767,-0.07276468999999999,0.003364500308193893,0.003364500308193893,0.7224356001433015,0.003364500308193893,0.12011446731080581,1
5296,0.15653767,-0.07276468999999999,0.003364500308193893,0.003364500308193893,0.7224356001433015,0.003364500308193893,0.12011446731080581,1
5297,0.15653767,-0.07276468999999999,0.003364500308193893,0.003364500308193893,0.7224356001433015,0.003364500308193893,0.12011446731080581,1
5298,0.15653767,-0.07276468999999999,0.003364500308193893,0.003364500308193893,0.7224356001433015,0.003364500308193893,0.12011446731080581,1
5299,0.15653767,-0.07276468999999999,0.003364500308193893,0.003364500308193893,0.7224356001433015,0.003364500308193893,0.12011446731080581,1
5300,0.15653767,-0.07276468999999999,0.003364500308193893,0.003364500308193893,0.7224356001433015,0.003364500308193893,0.12011446731080581,1
5301,0.15653767,-0.07276468999999999,0.003364500308193893,0.003364500308193893,0.7224356001433015,0.003364500308193893,0.12011446731080581,1
5302,0.15653767,-0.07276468999999999,0.003364500308193893,0.003364500308193893,0.7224356001433015,0.003364500308193893,0.12011446731080581,1
5303,0.15653767,-0.07276468999999999,0.003364500308193893,0.003364500308193893,0.7224356001433015,0.003364500308193893,0.12011446731080581,1
5304,0.15653767,-0.07276468999999999,0.003364500308193893,0.003364500308193893,0.7224356001433015,0.003364500308193893,0.12011446731080581,1
5305,0.15653767,-0.07276468999999999,0.003364500308193893,0.003364500308193893,0.7224356001433015,0.003364500308193893,0.12011446731080581,1
5306,0.15653767,-0.07276468999999999,0.003364500308193893,0.003364500308193893,0.7224356001433015,0.003364500308193893,0.12011446731080581,1
5307,0.15653767,-0.07276468999999999,0.003364500308193893,0.003364500308193893,0.7224356001433015,0.003364500308193893,0.12011446731080581,1
5308,0.15653767,-0.07276468999999999,0.003364500308193893,0.003364500308193893,0.7224356001433015,0.003364500308193893,0.12011446731080581,1
5309,0.15653767,-0.07276468999999999,0.003364500308193893,0.003364500308193893,0.7224356001433015,0.003364500308193893,0.12011446731080581,1
5310,0.15653767,-0.07276468999999999,0.003364500308193893,0.003364500308193893,0.7224356001433015,0.003364500308193893,0.12011446731080581,1
5311,0.15653767,-0.07276468999999999,0.003364500308193893,0.003364500308193893,0.7224356001433015,0.003364500308193893,0.12011446731080581,1
5312,0.15653767,-0.07276468999999999,0.003364500308193893,0.003364500308193893,0.7224356001433015,0.003364500308193893,0.12011446731080581,1
5313,0.15653767,-0.07276468999999999,0.003364500308193893,0.003364500308193893,0.7224356001433015,0.003364500308193893,0.12011446731080581,1
5314,0.15653767,-0.07276468999999999,0.003364500308193893,0.003364500308193893,0.7224356001433015,0.003364500308193893,0.12011446731080581,1
5315,0.15653767,-0.07276468999999999,0.003364500308193893,0.003364500308193893,0.7224356001433015,0.003364500308193893,0.12011446731080581,1
5316,0.15653767,-0.07276468999999999,0.003364500308193893,0.003364500308193893,0.7224356001433015,0.003364500308193893,0.12011446731080581,1
5317,0.15653767,-0.07276468999999999,0.003364500308193893,0.003364500308193893,0.7224356001433015,0.003364500308193893,0.12011446731080581,1
5318,0.15653767,-0.07276468999999999,0.003364500308193893,0.003364500308193893,0.7224356001433015,0.003364500308193893,0.12011446731080581,1
5319,0.15653767,-0.07276468999999999,0.003364500308193893,0.003364500308193893,0.7224356001433015,0.003364500308193893,0.12011446731080581,1
5320,0.15653767,-0.07276468999999999,0.003364500308193893,0.003364500308193893,0.7224356001433015,0.003364500308193893,0.12011446731080581,1
5321,0.15653767,-0.07276468999999999,0.003364500308193893,0.003364500308193893,0.7224356001433015,0.003364500308193893,0.12011446731080581,1
5322,0.15653767,-0.07276468999999999,0.003364500308193893,0.003364500308193893,0.7224356001433015,0.003364500308193893,0.12011446731080581,1
5323,0.15653767,-0.07276468999999999,0.003364500308193893,0.003364500308193893,0.7224356001433015,0.003364500308193893,0.12011446731080581,1
5324,0.15653767,-0.07276468999999999,0.003364500308193893,0.003364500308193893,0.7224356001433015,0.003364500308193893,0.12011446731080581,1
5325,0.15653767,-0.07276468999999999,0.003364500308193893,0.003364500308193893,0.7224356001433015,0.003364500308193893,0.12011446731080581,1
5326,0.15653767,-0.07276468999999999,0.003364500308193893,0.003364500308193893,0.7224356001433015,0.003364500308193893,0.12011446731080581,1
5327,0.15653767,-0.07276468999999999,0.003364500308193893,0.003364500308193893,0.7224356001433015,0.003364500308193893,0.12011446731080581,1
5328,0.15653767,-0.07276468999999999,0.003364500308193893,0.003364500308193893,0.7224356001433015,0.003364500308193893,0.12011446731080581,1
5329,0.15653767,-0.07276468999999999,0.003364500308193893,0.003364500308193893,0.7224356001433015,0.003364500308193893,0.12011446731080581,1
5330,0.15653767,-0.07276468999999999,0.003364500308193893,0.003364500308193893,0.7224356001433015,0.003364500308193893,0.12011446731080581,1
5331,0.15653767,-0.07276468999999999,0.003364500308193893,0.003364500308193893,0.7224356001433015,0.003364500308193893,0.12011446731080581,1
5332,0.15653767,-0.07276468999999999,0.003364500308193893,0.003364500308193893,0.7224356001433015,0.003364500308193893,0.12011446731080581,1
5333,0.15653767,-0.07276468999999999,0.003364500308193893,0.003364500308193893,0.7224356001433015,0.003364500308193893,0.12011446731080581,1
5334,0.15653767,-0.07276468999999999,0.003364500308193893,0.003364500308193893,0.7224356001433015,0.003364500308193893,0.12011446731080581,1
5335,0.15653767,-0.07276468999999999,0.003364500308193893,0.003364500308193893,0.7224356001433015,0.003364500308193893,0.12011446731080581,1
5336,0.15653767,-0.07276468999999999,0.003364500308193893,0.003364500308193893,0.7224356001433015,0.003364500308193893,0.12011446731080581,1
5337,0.15653767,-0.07276468999999999,0.003364500308193893,0.003364500308193893,0.7224356001433015,0.003364500308193893,0.12011446731080581,1
5338,0.15653767,-0.07276468999999999,0.003364500308193893,0.003364500308193893,0.7224356001433015,0.003364500308193893,0.12011446731080581,1
5339,0.15653767,-0.07276468999999999,0.003364500308193893,0.003364500308193893,0.7224356001433015,0.003364500308193893,0.12011446731080581,1
5340,0.15653767,-0.07276468999999999,0.003364500308193893,0.003364500308193893,0.7224356001433015,0.003364500308193893,0.12011446731080581,1
5341,0.15653767,-0.07276468999999999,0.003364500308193893,0.003364500308193893,0.7224356001433015,0.003364500308193893,0.12011446731080581,1
5342,0.15653767,-0.07276468999999999,0.003364500308193893,0.003364500308193893,0.7224356001433015,0.003364500308193893,0.12011446731080581,1
5343,0.15653767,-0.07276468999999999,0.003364500308193893,0.003364500308193893,0.7224356001433015,0.003364500308193893,0.12011446731080581,1
5344,0.15653767,-0.07276468999999999,0.003364500308193893,0.003364500308193893,0.7224356001433015,0.003364500308193893,0.12011446731080581,1
5345,0.15653767,-0.07276468999999999,0.003364500308193893,0.003364500308193893,0.7224356001433015,0.003364500308193893,0.12011446731080581,1
5346,0.15653767,-0.07276468999999999,0.003364500308193893,0.003364500308193893,0.7224356001433015,0.003364500308193893,0.12011446731080581,1
5347,0.15653767,-0.07276468999999999,0.003364500308193893,0.003364500308193893,0.7224356001433015,0.003364500308193893,0.12011446731080581,1
5348,0.15653767,-0.07276468999999999,0.003364500308193893,0.003364500308193893,0.7224356001433015,0.003364500308193893,0.12011446731080581,1
5349,0.15653767,-0.07276468999999999,0.003364500308193893,0.003364500308193893,0.7224356001433015,0.003364500308193893,0.12011446731080581,1
5350,0.15653767,-0.07276468999999999,0.003364500308193893,0.003364500308193893,0.7224356001433015,0.003364500308193893,0.12011446731080581,1
5351,0.15653767,-0.07276468999999999,0.003364500308193893,0.003364500308193893,0.7224356001433015,0.003364500308193893,0.12011446731080581,1
5352,0.15653767,-0.07276468999999999,0.003364500308193893,0.003364500308193893,0.7224356001433015,0.003364500308193893,0.12011446731080581,1
5353,0.15653767,-0.07276468999999999,0.003364500308193893,0.003364500308193893,0.7224356001433015,0.003364500308193893,0.12011446731080581,1
5354,0.15653767,-0.07276468999999999,0.003364500308193893,0.003364500308193893,0.7224356001433015,0.003364500308193893,0.12011446731080581,1
5355,0.15653767,-0.07276468999999999,0.003364500308193893,0.003364500308193893,0.7224356001433015,0.003364500308193893,0.12011446731080581,1
5356,0.15653767,-0.07276468999999999,0.003364500308193893,0.003364500308193893,0.7224356001433015,0.003364500308193893,0.12011446731080581,1
5357,0.15653767,-0.07276468999999999,0.003364500308193893,0.003364500308193893,0.7224356001433015,0.003364500308193893,0.12011446731080581,1
5358,0.15653767,-0.07276468999999999,0.003364500308193893,0.003364500308193893,0.7224356001433015,0.003364500308193893,0.12011446731080581,1
5359,0.15653767,-0.07276468999999999,0.003364500308193893,0.003364500308193893,0.7224356001433015,0.003364500308193893,0.12011446731080581,1
5360,0.15653767,-0.07276468999999999,0.003364500308193893,0.003364500308193893,0.7224356001433015,0.003364500308193893,0.12011446731080581,1
5361,0.15653767,-0.07276468999999999,0.003364500308193893,0.003364500308193893,0.7224356001433015,0.003364500308193893,0.12011446731080581,1
5362,0.15653767,-0.07276468999999999,0.003364500308193893,0.003364500308193893,0.7224356001433015,0.003364500308193893,0.12011446731080581,1
5363,0.15653767,-0.07276468999999999,0.003364500308193893,0.003364500308193893,0.7224356001433015,0.003364500308193893,0.12011446731080581,1
5364,0.15653767,-0.07276468999999999,0.003364500308193893,0.003364500308193893,0.7224356001433015,0.003364500308193893,0.12011446731080581,1
5365,0.15653767,-0.07276468999999999,0.003364500308193893,0.003364500308193893,0.7224356001433015,0.003364500308193893,0.12011446731080581,1
5366,0.15653767,-0.07276468999999999,0.003364500308193893,0.003364500308193893,0.7224356001433015,0.003364500308193893,0.12011446731080581,1
5367,0.15653767,-0.07276468999999999,0.003364500308193893,0.003364500308193893,0.7224356001433015,0.003364500308193893,0.12011446731080581,1
5368,0.15653767,-0.07276468999999999,0.003364500308193893,0.003364500308193893,0.7224356001433015,0.003364500308193893,0.12011446731080581,1
5369,0.15653767,-0.07276468999999999,0.003364500308193893,0.003364500308193893,0.7224356001433015,0.003364500308193893,0.12011446731080581,1
5370,0.15653767,-0.07276468999999999,0.003364500308193893,0.003364500308193893,0.7224356001433015,0.003364500308193893,0.12011446731080581,1
5371,0.15653767,-0.07276468999999999,0.003364500308193893,0.003364500308193893,0.7224356001433015,0.003364500308193893,0.12011446731080581,1
5372,0.15653767,-0.07276468999999999,0.003364500308193893,0.003364500308193893,0.7224356001433015,0.003364500308193893,0.12011446731080581,1
5373,0.15653767,-0.07276468999999999,0.003364500308193893,0.003364500308193893,0.7224356001433015,0.003364500308193893,0.12011446731080581,1
5374,0.15653767,-0.07276468999999999,0.003364500308193893,0.003364500308193893,0.7224356001433015,0.003364500308193893,0.12011446731080581,1
5375,0.15653767,-0.07276468999999999,0.003364500308193893,0.003364500308193893,0.7224356001433015,0.003364500308193893,0.12011446731080581,1
5376,0.15653767,-0.07276468999999999,0.003364500308193893,0.003364500308193893,0.7224356001433015,0.003364500308193893,0.12011446731080581,1
5377,0.15653767,-0.07276468999999999,0.003364500308193893,0.003364500308193893,0.7224356001433015,0.003364500308193893,0.12011446731080581,1
5378,0.15653767,-0.07276468999999999,0.003364500308193893,0.003364500308193893,0.7224356001433015,0.003364500308193893,0.12011446731080581,1
5379,0.15653767,-0.07276468999999999,0.003364500308193893,0.003364500308193893,0.7224356001433015,0.003364500308193893,0.12011446731080581,1
5380,0.15653767,-0.07276468999999999,0.003364500308193893,0.003364500308193893,0.7224356001433015,0.003364500308193893,0.12011446731080581,1
5381,0.15653767,-0.07276468999999999,0.003364500308193893,0.003364500308193893,0.7224356001433015,0.003364500308193893,0.12011446731080581,1
5382,0.15653767,-0.07276468999999999,0.003364500308193893,0.003364500308193893,0.7224356001433015,0.003364500308193893,0.12011446731080581,1
5383,0.15653767,-0.07276468999999999,0.003364500308193893,0.003364500308193893,0.7224356001433015,0.003364500308193893,0.12011446731080581,1
5384,0.15653767,-0.07276468999999999,0.003364500308193893,0.003364500308193893,0.7224356001433015,0.003364500308193893,0.12011446731080581,1
5385,0.15653767,-0.07276468999999999,0.003364500308193893,0.003364500308193893,0.7224356001433015,0.003364500308193893,0.12011446731080581,1
5386,0.15653767,-0.07276468999999999,0.003364500308193893,0.003364500308193893,0.7224356001433015,0.003364500308193893,0.12011446731080581,1
5387,0.15653767,-0.07276468999999999,0.003364500308193893,0.003364500308193893,0.7224356001433015,0.003364500308193893,0.12011446731080581,1
5388,0.15653767,-0.07276468999999999,0.003364500308193893,0.003364500308193893,0.7224356001433015,0.003364500308193893,0.12011446731080581,1
5389,0.15653767,-0.07276468999999999,0.003364500308193893,0.003364500308193893,0.7224356001433015,0.003364500308193893,0.12011446731080581,1
5390,0.15653767,-0.07276468999999999,0.003364500308193893,0.003364500308193893,0.7224356001433015,0.003364500308193893,0.12011446731080581,1
5391,0.15653767,-0.07276468999999999,0.003364500308193893,0.003364500308193893,0.7224356001433015,0.003364500308193893,0.12011446731080581,1
5392,0.15653767,-0.07276468999999999,0.003364500308193893,0.003364500308193893,0.7224356001433015,0.003364500308193893,0.12011446731080581,1
5393,0.15653767,-0.07276468999999999,0.003364500308193893,0.003364500308193893,0.7224356001433015,0.003364500308193893,0.12011446731080581,1
5394,0.15653767,-0.07276468999999999,0.003364500308193893,0.003364500308193893,0.7224356001433015,0.003364500308193893,0.12011446731080581,1
5395,0.15653767,-0.07276468999999999,0.003364500308193893,0.003364500308193893,0.7224356001433015,0.003364500308193893,0.12011446731080581,1
5396,0.15653767,-0.07276468999999999,0.003364500308193893,0.003364500308193893,0.7224356001433015,0.003364500308193893,0.12011446731080581,1
5397,0.15653767,-0.07276468999999999,0.003364500308193893,0.003364500308193893,0.7224356001433015,0.003364500308193893,0.12011446731080581,1
5398,0.15653767,-0.07276468999999999,0.003364500308193893,0.003364500308193893,0.7224356001433015,0.003364500308193893,0.12011446731080581,1
5399,0.15653767,-0.07276468999999999,0.003364500308193893,0.003364500308193893,0.7224356001433015,0.003364500308193893,0.12011446731080581,1
5400,0.15653767,-0.07276468999999999,0.003364500308193893,0.003364500308193893,0.7224356001433015,0.003364500308193893,0.12011446731080581,1
5401,0.15653767,-0.07276468999999999,0.003364500308193893,0.003364500308193893,0.7224356001433015,0.003364500308193893,0.12011446731080581,1
5402,0.15653767,-0.07276468999999999,0.003364500308193893,0.003364500308193893,0.7224356001433015,0.003364500308193893,0.12011446731080581,1
5403,0.15653767,-0.07276468999999999,0.003364500308193893,0.003364500308193893,0.7224356001433015,0.003364500308193893,0.12011446731080581,1
5404,0.15653767,-0.07276468999999999,0.003364500308193893,0.003364500308193893,0.7224356001433015,0.003364500308193893,0.12011446731080581,1
5405,0.15653767,-0.07276468999999999,0.003364500308193893,0.003364500308193893,0.7224356001433015,0.003364500308193893,0.12011446731080581,1
5406,0.15653767,-0.07276468999999999,0.003364500308193893,0.003364500308193893,0.7224356001433015,0.003364500308193893,0.12011446731080581,1
5407,0.15653767,-0.07276468999999999,0.003364500308193893,0.003364500308193893,0.7224356001433015,0.003364500308193893,0.12011446731080581,1
5408,0.15653767,-0.07276468999999999,0.003364500308193893,0.003364500308193893,0.7224356001433015,0.003364500308193893,0.12011446731080581,1
5409,0.15653767,-0.07276468999999999,0.003364500308193893,0.003364500308193893,0.7224356001433015,0.003364500308193893,0.12011446731080581,1
5410,0.15653767,-0.07276468999999999,0.003364500308193893,0.003364500308193893,0.7224356001433015,0.003364500308193893,0.12011446731080581,1
5411,0.15653767,-0.07276468999999999,0.003364500308193893,0.003364500308193893,0.7224356001433015,0.003364500308193893,0.12011446731080581,1
5412,0.15653767,-0.07276468999999999,0.003364500308193893,0.003364500308193893,0.7224356001433015,0.003364500308193893,0.12011446731080581,1
5413,0.15653767,-0.07276468999999999,0.003364500308193893,0.003364500308193893,0.7224356001433015,0.003364500308193893,0.12011446731080581,1
5414,0.15653767,-0.07276468999999999,0.003364500308193893,0.003364500308193893,0.7224356001433015,0.003364500308193893,0.12011446731080581,1
5415,0.15653767,-0.07276468999999999,0.003364500308193893,0.003364500308193893,0.7224356001433015,0.003364500308193893,0.12011446731080581,1
5416,0.15653767,-0.07276468999999999,0.003364500308193893,0.003364500308193893,0.7224356001433015,0.003364500308193893,0.12011446731080581,1
5417,0.15653767,-0.07276468999999999,0.003364500308193893,0.003364500308193893,0.7224356001433015,0.003364500308193893,0.12011446731080581,1
5418,0.15653767,-0.07276468999999999,0.003364500308193893,0.003364500308193893,0.7224356001433015,0.003364500308193893,0.12011446731080581,1
5419,0.15653767,-0.07276468999999999,0.003364500308193893,0.003364500308193893,0.7224356001433015,0.003364500308193893,0.12011446731080581,1
5420,0.15653767,-0.07276468999999999,0.003364500308193893,0.003364500308193893,0.7224356001433015,0.003364500308193893,0.12011446731080581,1
5421,0.15653767,-0.07276468999999999,0.003364500308193893,0.003364500308193893,0.7224356001433015,0.003364500308193893,0.12011446731080581,1
5422,0.15653767,-0.07276468999999999,0.003364500308193893,0.003364500308193893,0.7224356001433015,0.003364500308193893,0.12011446731080581,1
5423,0.15653767,-0.07276468999999999,0.003364500308193893,0.003364500308193893,0.7224356001433015,0.003364500308193893,0.12011446731080581,1
5424,0.15653767,-0.07276468999999999,0.003364500308193893,0.003364500308193893,0.7224356001433015,0.003364500308193893,0.12011446731080581,1
5425,0.15653767,-0.07276468999999999,0.003364500308193893,0.003364500308193893,0.7224356001433015,0.003364500308193893,0.12011446731080581,1
5426,0.15653767,-0.07276468999999999,0.003364500308193893,0.003364500308193893,0.7224356001433015,0.003364500308193893,0.12011446731080581,1
5427,0.15653767,-0.07276468999999999,0.003364500308193893,0.003364500308193893,0.7224356001433015,0.003364500308193893,0.12011446731080581,1
5428,0.15653767,-0.07276468999999999,0.003364500308193893,0.003364500308193893,0.7224356001433015,0.003364500308193893,0.12011446731080581,1
5429,0.15653767,-0.07276468999999999,0.003364500308193893,0.003364500308193893,0.7224356001433015,0.003364500308193893,0.12011446731080581,1
5430,0.15653767,-0.07276468999999999,0.003364500308193893,0.003364500308193893,0.7224356001433015,0.003364500308193893,0.12011446731080581,1
5431,0.15653767,-0.07276468999999999,0.003364500308193893,0.003364500308193893,0.7224356001433015,0.003364500308193893,0.12011446731080581,1
5432,0.15653767,-0.07276468999999999,0.003364500308193893,0.003364500308193893,0.7224356001433015,0.003364500308193893,0.12011446731080581,1
5433,0.15653767,-0.07276468999999999,0.003364500308193893,0.003364500308193893,0.7224356001433015,0.003364500308193893,0.12011446731080581,1
5434,0.15653767,-0.07276468999999999,0.003364500308193893,0.003364500308193893,0.7224356001433015,0.003364500308193893,0.12011446731080581,1
5435,0.15653767,-0.07276468999999999,0.003364500308193893,0.003364500308193893,0.7224356001433015,0.003364500308193893,0.12011446731080581,1
5436,0.15653767,-0.07276468999999999,0.003364500308193893,0.003364500308193893,0.7224356001433015,0.003364500308193893,0.12011446731080581,1
5437,0.15653767,-0.07276468999999999,0.003364500308193893,0.003364500308193893,0.7224356001433015,0.003364500308193893,0.12011446731080581,1
5438,0.15653767,-0.07276468999999999,0.003364500308193893,0.003364500308193893,0.7224356001433015,0.003364500308193893,0.12011446731080581,1
5439,0.15653767,-0.07276468999999999,0.003364500308193893,0.003364500308193893,0.7224356001433015,0.003364500308193893,0.12011446731080581,1
5440,0.15653767,-0.07276468999999999,0.003364500308193893,0.003364500308193893,0.7224356001433015,0.003364500308193893,0.12011446731080581,1
5441,0.15653767,-0.07276468999999999,0.003364500308193893,0.003364500308193893,0.7224356001433015,0.003364500308193893,0.12011446731080581,1
5442,0.15653767,-0.07276468999999999,0.003364500308193893,0.003364500308193893,0.7224356001433015,0.003364500308193893,0.12011446731080581,1
5443,0.15653767,-0.07276468999999999,0.003364500308193893,0.003364500308193893,0.7224356001433015,0.003364500308193893,0.12011446731080581,1
5444,0.15653767,-0.07276468999999999,0.003364500308193893,0.003364500308193893,0.7224356001433015,0.003364500308193893,0.12011446731080581,1
5445,0.15653767,-0.07276468999999999,0.003364500308193893,0.003364500308193893,0.7224356001433015,0.003364500308193893,0.12011446731080581,1
5446,0.15653767,-0.07276468999999999,0.003364500308193893,0.003364500308193893,0.7224356001433015,0.003364500308193893,0.12011446731080581,1
5447,0.15653767,-0.07276468999999999,0.003364500308193893,0.003364500308193893,0.7224356001433015,0.003364500308193893,0.12011446731080581,1
5448,0.15653767,-0.07276468999999999,0.003364500308193893,0.003364500308193893,0.7224356001433015,0.003364500308193893,0.12011446731080581,1
5449,0.15653767,-0.07276468999999999,0.003364500308193893,0.003364500308193893,0.7224356001433015,0.003364500308193893,0.12011446731080581,1
5450,0.15653767,-0.07276468999999999,0.003364500308193893,0.003364500308193893,0.7224356001433015,0.003364500308193893,0.12011446731080581,1
5451,0.15653767,-0.07276468999999999,0.003364500308193893,0.003364500308193893,0.7224356001433015,0.003364500308193893,0.12011446731080581,1
5452,0.15653767,-0.07276468999999999,0.003364500308193893,0.003364500308193893,0.7224356001433015,0.003364500308193893,0.12011446731080581,1
5453,0.15653767,-0.07276468999999999,0.003364500308193893,0.003364500308193893,0.7224356001433015,0.003364500308193893,0.12011446731080581,1
5454,0.15653767,-0.07276468999999999,0.003364500308193893,0.003364500308193893,0.7224356001433015,0.003364500308193893,0.12011446731080581,1
5455,0.15653767,-0.07276468999999999,0.003364500308193893,0.003364500308193893,0.7224356001433015,0.003364500308193893,0.12011446731080581,1
5456,0.15653767,-0.07276468999999999,0.003364500308193893,0.003364500308193893,0.7224356001433015,0.003364500308193893,0.12011446731080581,1
5457,0.15653767,-0.07276468999999999,0.003364500308193893,0.003364500308193893,0.7224356001433015,0.003364500308193893,0.12011446731080581,1
5458,0.15653767,-0.07276468999999999,0.003364500308193893,0.003364500308193893,0.7224356001433015,0.003364500308193893,0.12011446731080581,1
5459,0.15653767,-0.07276468999999999,0.003364500308193893,0.003364500308193893,0.7224356001433015,0.003364500308193893,0.12011446731080581,1
5460,0.15653767,-0.07276468999999999,0.003364500308193893,0.003364500308193893,0.7224356001433015,0.003364500308193893,0.12011446731080581,1
5461,0.15653767,-0.07276468999999999,0.003364500308193893,0.003364500308193893,0.7224356001433015,0.003364500308193893,0.12011446731080581,1
5462,0.15653767,-0.07276468999999999,0.003364500308193893,0.003364500308193893,0.7224356001433015,0.003364500308193893,0.12011446731080581,1
5463,0.15653767,-0.07276468999999999,0.003364500308193893,0.003364500308193893,0.7224356001433015,0.003364500308193893,0.12011446731080581,1
5464,0.15653767,-0.07276468999999999,0.003364500308193893,0.003364500308193893,0.7224356001433015,0.003364500308193893,0.12011446731080581,1
5465,0.15653767,-0.07276468999999999,0.003364500308193893,0.003364500308193893,0.7224356001433015,0.003364500308193893,0.12011446731080581,1
5466,0.15653767,-0.07276468999999999,0.003364500308193893,0.003364500308193893,0.7224356001433015,0.003364500308193893,0.12011446731080581,1
5467,0.15653767,-0.07276468999999999,0.003364500308193893,0.003364500308193893,0.7224356001433015,0.003364500308193893,0.12011446731080581,1
5468,0.15653767,-0.07276468999999999,0.003364500308193893,0.003364500308193893,0.7224356001433015,0.003364500308193893,0.12011446731080581,1
5469,0.15653767,-0.07276468999999999,0.003364500308193893,0.003364500308193893,0.7224356001433015,0.003364500308193893,0.12011446731080581,1
5470,0.15653767,-0.07276468999999999,0.003364500308193893,0.003364500308193893,0.7224356001433015,0.003364500308193893,0.12011446731080581,1
5471,0.15653767,-0.07276468999999999,0.003364500308193893,0.003364500308193893,0.7224356001433015,0.003364500308193893,0.12011446731080581,1
5472,0.15653767,-0.07276468999999999,0.003364500308193893,0.003364500308193893,0.7224356001433015,0.003364500308193893,0.12011446731080581,1
5473,0.15653767,-0.07276468999999999,0.003364500308193893,0.003364500308193893,0.7224356001433015,0.003364500308193893,0.12011446731080581,1
5474,0.15653767,-0.07276468999999999,0.003364500308193893,0.003364500308193893,0.7224356001433015,0.003364500308193893,0.12011446731080581,1
5475,0.15653767,-0.07276468999999999,0.003364500308193893,0.003364500308193893,0.7224356001433015,0.003364500308193893,0.12011446731080581,1
5476,0.15653767,-0.07276468999999999,0.003364500308193893,0.003364500308193893,0.7224356001433015,0.003364500308193893,0.12011446731080581,1
5477,0.15653767,-0.07276468999999999,0.003364500308193893,0.003364500308193893,0.7224356001433015,0.003364500308193893,0.12011446731080581,1
5478,0.15653767,-0.07276468999999999,0.003364500308193893,0.003364500308193893,0.7224356001433015,0.003364500308193893,0.12011446731080581,1
5479,0.15653767,-0.07276468999999999,0.003364500308193893,0.003364500308193893,0.7224356001433015,0.003364500308193893,0.12011446731080581,1
5480,0.15653767,-0.07276468999999999,0.003364500308193893,0.003364500308193893,0.7224356001433015,0.003364500308193893,0.12011446731080581,1
5481,0.15653767,-0.07276468999999999,0.003364500308193893,0.003364500308193893,0.7224356001433015,0.003364500308193893,0.12011446731080581,1
5482,0.15653767,-0.07276468999999999,0.003364500308193893,0.003364500308193893,0.7224356001433015,0.003364500308193893,0.12011446731080581,1
5483,0.15653767,-0.07276468999999999,0.003364500308193893,0.003364500308193893,0.7224356001433015,0.003364500308193893,0.12011446731080581,1
5484,0.15653767,-0.07276468999999999,0.003364500308193893,0.003364500308193893,0.7224356001433015,0.003364500308193893,0.12011446731080581,1
5485,0.15653767,-0.07276468999999999,0.003364500308193893,0.003364500308193893,0.7224356001433015,0.003364500308193893,0.12011446731080581,1
5486,0.15653767,-0.07276468999999999,0.003364500308193893,0.003364500308193893,0.7224356001433015,0.003364500308193893,0.12011446731080581,1
5487,0.15653767,-0.07276468999999999,0.003364500308193893,0.003364500308193893,0.7224356001433015,0.003364500308193893,0.12011446731080581,1
5488,0.15653767,-0.07276468999999999,0.003364500308193893,0.003364500308193893,0.7224356001433015,0.003364500308193893,0.12011446731080581,1
5489,0.15653767,-0.07276468999999999,0.003364500308193893,0.003364500308193893,0.7224356001433015,0.003364500308193893,0.12011446731080581,1
5490,0.15653767,-0.07276468999999999,0.003364500308193893,0.003364500308193893,0.7224356001433015,0.003364500308193893,0.12011446731080581,1
5491,0.15653767,-0.07276468999999999,0.003364500308193893,0.003364500308193893,0.7224356001433015,0.003364500308193893,0.12011446731080581,1
5492,0.15653767,-0.07276468999999999,0.003364500308193893,0.003364500308193893,0.7224356001433015,0.003364500308193893,0.12011446731080581,1
5493,0.15653767,-0.07276468999999999,0.003364500308193893,0.003364500308193893,0.7224356001433015,0.003364500308193893,0.12011446731080581,1
5494,0.15653767,-0.07276468999999999,0.003364500308193893,0.003364500308193893,0.7224356001433015,0.003364500308193893,0.12011446731080581,1
5495,0.15653767,-0.07276468999999999,0.003364500308193893,0.003364500308193893,0.7224356001433015,0.003364500308193893,0.12011446731080581,1
5496,0.15653767,-0.07276468999999999,0.003364500308193893,0.003364500308193893,0.7224356001433015,0.003364500308193893,0.12011446731080581,1
5497,0.15653767,-0.07276468999999999,0.003364500308193893,0.003364500308193893,0.7224356001433015,0.003364500308193893,0.12011446731080581,1
5498,0.15653767,-0.07276468999999999,0.003364500308193893,0.003364500308193893,0.7224356001433015,0.003364500308193893,0.12011446731080581,1
5499,0.15653767,-0.07276468999999999,0.003364500308193893,0.003364500308193893,0.7224356001433015,0.003364500308193893,0.12011446731080581,1
5500,0.15653767,-0.07276468999999999,0.003364500308193893,0.003364500308193893,0.7224356001433015,0.003364500308193893,0.12011446731080581,1
5501,0.15653767,-0.07276468999999999,0.003364500308193893,0.003364500308193893,0.7224356001433015,0.003364500308193893,0.12011446731080581,1
5502,0.15653767,-0.07276468999999999,0.003364500308193893,0.003364500308193893,0.7224356001433015,0.003364500308193893,0.12011446731080581,1
5503,0.15653767,-0.07276468999999999,0.003364500308193893,0.003364500308193893,0.7224356001433015,0.003364500308193893,0.12011446731080581,1
5504,0.15653767,-0.07276468999999999,0.003364500308193893,0.003364500308193893,0.7224356001433015,0.003364500308193893,0.12011446731080581,1
5505,0.15653767,-0.07276468999999999,0.003364500308193893,0.003364500308193893,0.7224356001433015,0.003364500308193893,0.12011446731080581,1
5506,0.15653767,-0.07276468999999999,0.003364500308193893,0.003364500308193893,0.7224356001433015,0.003364500308193893,0.12011446731080581,1
5507,0.15653767,-0.07276468999999999,0.003364500308193893,0.003364500308193893,0.7224356001433015,0.003364500308193893,0.12011446731080581,1
5508,0.15653767,-0.07276468999999999,0.003364500308193893,0.003364500308193893,0.7224356001433015,0.003364500308193893,0.12011446731080581,1
5509,0.15653767,-0.07276468999999999,0.003364500308193893,0.003364500308193893,0.7224356001433015,0.003364500308193893,0.12011446731080581,1
5510,0.15653767,-0.07276468999999999,0.003364500308193893,0.003364500308193893,0.7224356001433015,0.003364500308193893,0.12011446731080581,1
5511,0.15653767,-0.07276468999999999,0.003364500308193893,0.003364500308193893,0.7224356001433015,0.003364500308193893,0.12011446731080581,1
5512,0.15653767,-0.07276468999999999,0.003364500308193893,0.003364500308193893,0.7224356001433015,0.003364500308193893,0.12011446731080581,1
5513,0.15653767,-0.07276468999999999,0.003364500308193893,0.003364500308193893,0.7224356001433015,0.003364500308193893,0.12011446731080581,1
5514,0.15653767,-0.07276468999999999,0.003364500308193893,0.003364500308193893,0.7224356001433015,0.003364500308193893,0.12011446731080581,1
5515,0.15653767,-0.07276468999999999,0.003364500308193893,0.003364500308193893,0.7224356001433015,0.003364500308193893,0.12011446731080581,1
5516,0.15653767,-0.07276468999999999,0.003364500308193893,0.003364500308193893,0.7224356001433015,0.003364500308193893,0.12011446731080581,1
5517,0.15653767,-0.07276468999999999,0.003364500308193893,0.003364500308193893,0.7224356001433015,0.003364500308193893,0.12011446731080581,1
5518,0.15653767,-0.07276468999999999,0.003364500308193893,0.003364500308193893,0.7224356001433015,0.003364500308193893,0.12011446731080581,1
5519,0.15653767,-0.07276468999999999,0.003364500308193893,0.003364500308193893,0.7224356001433015,0.003364500308193893,0.12011446731080581,1
5520,0.15653767,-0.07276468999999999,0.003364500308193893,0.003364500308193893,0.7224356001433015,0.003364500308193893,0.12011446731080581,1
5521,0.15653767,-0.07276468999999999,0.003364500308193893,0.003364500308193893,0.7224356001433015,0.003364500308193893,0.12011446731080581,1
5522,0.15653767,-0.07276468999999999,0.003364500308193893,0.003364500308193893,0.7224356001433015,0.003364500308193893,0.12011446731080581,1
5523,0.15653767,-0.07276468999999999,0.003364500308193893,0.003364500308193893,0.7224356001433015,0.003364500308193893,0.12011446731080581,1
5524,0.15653767,-0.07276468999999999,0.003364500308193893,0.003364500308193893,0.7224356001433015,0.003364500308193893,0.12011446731080581,1
5525,0.15653767,-0.07276468999999999,0.003364500308193893,0.003364500308193893,0.7224356001433015,0.003364500308193893,0.12011446731080581,1
5526,0.15653767,-0.07276468999999999,0.003364500308193893,0.003364500308193893,0.7224356001433015,0.003364500308193893,0.12011446731080581,1
5527,0.15653767,-0.07276468999999999,0.003364500308193893,0.003364500308193893,0.7224356001433015,0.003364500308193893,0.12011446731080581,1
5528,0.15653767,-0.07276468999999999,0.003364500308193893,0.003364500308193893,0.7224356001433015,0.003364500308193893,0.12011446731080581,1
5529,0.15653767,-0.07276468999999999,0.003364500308193893,0.003364500308193893,0.7224356001433015,0.003364500308193893,0.12011446731080581,1
5530,0.15653767,-0.07276468999999999,0.003364500308193893,0.003364500308193893,0.7224356001433015,0.003364500308193893,0.12011446731080581,1
5531,0.15653767,-0.07276468999999999,0.003364500308193893,0.003364500308193893,0.7224356001433015,0.003364500308193893,0.12011446731080581,1
5532,0.15653767,-0.07276468999999999,0.003364500308193893,0.003364500308193893,0.7224356001433015,0.003364500308193893,0.12011446731080581,1
5533,0.15653767,-0.07276468999999999,0.003364500308193893,0.003364500308193893,0.7224356001433015,0.003364500308193893,0.12011446731080581,1
5534,0.15653767,-0.07276468999999999,0.003364500308193893,0.003364500308193893,0.7224356001433015,0.003364500308193893,0.12011446731080581,1
5535,0.15653767,-0.07276468999999999,0.003364500308193893,0.003364500308193893,0.7224356001433015,0.003364500308193893,0.12011446731080581,1
5536,0.15653767,-0.07276468999999999,0.003364500308193893,0.003364500308193893,0.7224356001433015,0.003364500308193893,0.12011446731080581,1
5537,0.15653767,-0.07276468999999999,0.003364500308193893,0.003364500308193893,0.7224356001433015,0.003364500308193893,0.12011446731080581,1
5538,0.15653767,-0.07276468999999999,0.003364500308193893,0.003364500308193893,0.7224356001433015,0.003364500308193893,0.12011446731080581,1
5539,0.15653767,-0.07276468999999999,0.003364500308193893,0.003364500308193893,0.7224356001433015,0.003364500308193893,0.12011446731080581,1
5540,0.15653767,-0.07276468999999999,0.003364500308193893,0.003364500308193893,0.7224356001433015,0.003364500308193893,0.12011446731080581,1
5541,0.15653767,-0.07276468999999999,0.003364500308193893,0.003364500308193893,0.7224356001433015,0.003364500308193893,0.12011446731080581,1
5542,0.15653767,-0.07276468999999999,0.003364500308193893,0.003364500308193893,0.7224356001433015,0.003364500308193893,0.12011446731080581,1
5543,0.15653767,-0.07276468999999999,0.003364500308193893,0.003364500308193893,0.7224356001433015,0.003364500308193893,0.12011446731080581,1
5544,0.15653767,-0.07276468999999999,0.003364500308193893,0.003364500308193893,0.7224356001433015,0.003364500308193893,0.12011446731080581,1
5545,0.15653767,-0.07276468999999999,0.003364500308193893,0.003364500308193893,0.7224356001433015,0.003364500308193893,0.12011446731080581,1
5546,0.15653767,-0.07276468999999999,0.003364500308193893,0.003364500308193893,0.7224356001433015,0.003364500308193893,0.12011446731080581,1
5547,0.15653767,-0.07276468999999999,0.003364500308193893,0.003364500308193893,0.7224356001433015,0.003364500308193893,0.12011446731080581,1
5548,0.15653767,-0.07276468999999999,0.003364500308193893,0.003364500308193893,0.7224356001433015,0.003364500308193893,0.12011446731080581,1
5549,0.15653767,-0.07276468999999999,0.003364500308193893,0.003364500308193893,0.7224356001433015,0.003364500308193893,0.12011446731080581,1
5550,0.15653767,-0.07276468999999999,0.003364500308193893,0.003364500308193893,0.7224356001433015,0.003364500308193893,0.12011446731080581,1
5551,0.15653767,-0.07276468999999999,0.003364500308193893,0.003364500308193893,0.7224356001433015,0.003364500308193893,0.12011446731080581,1
5552,0.15653767,-0.07276468999999999,0.003364500308193893,0.003364500308193893,0.7224356001433015,0.003364500308193893,0.12011446731080581,1
5553,0.15653767,-0.07276468999999999,0.003364500308193893,0.003364500308193893,0.7224356001433015,0.003364500308193893,0.12011446731080581,1
5554,0.15653767,-0.07276468999999999,0.003364500308193893,0.003364500308193893,0.7224356001433015,0.003364500308193893,0.12011446731080581,1
5555,0.15653767,-0.07276468999999999,0.003364500308193893,0.003364500308193893,0.7224356001433015,0.003364500308193893,0.12011446731080581,1
5556,0.15653767,-0.07276468999999999,0.003364500308193893,0.003364500308193893,0.7224356001433015,0.003364500308193893,0.12011446731080581,1
5557,0.15653767,-0.07276468999999999,0.003364500308193893,0.003364500308193893,0.7224356001433015,0.003364500308193893,0.12011446731080581,1
5558,0.15653767,-0.07276468999999999,0.003364500308193893,0.003364500308193893,0.7224356001433015,0.003364500308193893,0.12011446731080581,1
5559,0.15653767,-0.07276468999999999,0.003364500308193893,0.003364500308193893,0.7224356001433015,0.003364500308193893,0.12011446731080581,1
5560,0.15653767,-0.07276468999999999,0.003364500308193893,0.003364500308193893,0.7224356001433015,0.003364500308193893,0.12011446731080581,1
5561,0.15653767,-0.07276468999999999,0.003364500308193893,0.003364500308193893,0.7224356001433015,0.003364500308193893,0.12011446731080581,1
5562,0.15653767,-0.07276468999999999,0.003364500308193893,0.003364500308193893,0.7224356001433015,0.003364500308193893,0.12011446731080581,1
5563,0.15653767,-0.07276468999999999,0.003364500308193893,0.003364500308193893,0.7224356001433015,0.003364500308193893,0.12011446731080581,1
5564,0.15653767,-0.07276468999999999,0.003364500308193893,0.003364500308193893,0.7224356001433015,0.003364500308193893,0.12011446731080581,1
5565,0.15653767,-0.07276468999999999,0.003364500308193893,0.003364500308193893,0.7224356001433015,0.003364500308193893,0.12011446731080581,1
5566,0.15653767,-0.07276468999999999,0.003364500308193893,0.003364500308193893,0.7224356001433015,0.003364500308193893,0.12011446731080581,1
5567,0.15653767,-0.07276468999999999,0.003364500308193893,0.003364500308193893,0.7224356001433015,0.003364500308193893,0.12011446731080581,1
5568,0.15653767,-0.07276468999999999,0.003364500308193893,0.003364500308193893,0.7224356001433015,0.003364500308193893,0.12011446731080581,1
5569,0.15653767,-0.07276468999999999,0.003364500308193893,0.003364500308193893,0.7224356001433015,0.003364500308193893,0.12011446731080581,1
5570,0.15653767,-0.07276468999999999,0.003364500308193893,0.003364500308193893,0.7224356001433015,0.003364500308193893,0.12011446731080581,1
5571,0.15653767,-0.07276468999999999,0.003364500308193893,0.003364500308193893,0.7224356001433015,0.003364500308193893,0.12011446731080581,1
5572,0.15653767,-0.07276468999999999,0.003364500308193893,0.003364500308193893,0.7224356001433015,0.003364500308193893,0.12011446731080581,1
5573,0.15653767,-0.07276468999999999,0.003364500308193893,0.003364500308193893,0.7224356001433015,0.003364500308193893,0.12011446731080581,1
5574,0.15653767,-0.07276468999999999,0.003364500308193893,0.003364500308193893,0.7224356001433015,0.003364500308193893,0.12011446731080581,1
5575,0.15653767,-0.07276468999999999,0.003364500308193893,0.003364500308193893,0.7224356001433015,0.003364500308193893,0.12011446731080581,1
5576,0.15653767,-0.07276468999999999,0.003364500308193893,0.003364500308193893,0.7224356001433015,0.003364500308193893,0.12011446731080581,1
5577,0.15653767,-0.07276468999999999,0.003364500308193893,0.003364500308193893,0.7224356001433015,0.003364500308193893,0.12011446731080581,1
5578,0.15653767,-0.07276468999999999,0.003364500308193893,0.003364500308193893,0.7224356001433015,0.003364500308193893,0.12011446731080581,1
5579,0.15653767,-0.07276468999999999,0.003364500308193893,0.003364500308193893,0.7224356001433015,0.003364500308193893,0.12011446731080581,1
5580,0.15653767,-0.07276468999999999,0.003364500308193893,0.003364500308193893,0.7224356001433015,0.003364500308193893,0.12011446731080581,1
5581,0.15653767,-0.07276468999999999,0.003364500308193893,0.003364500308193893,0.7224356001433015,0.003364500308193893,0.12011446731080581,1
5582,0.15653767,-0.07276468999999999,0.003364500308193893,0.003364500308193893,0.7224356001433015,0.003364500308193893,0.12011446731080581,1
5583,0.15653767,-0.07276468999999999,0.003364500308193893,0.003364500308193893,0.7224356001433015,0.003364500308193893,0.12011446731080581,1
5584,0.15653767,-0.07276468999999999,0.003364500308193893,0.003364500308193893,0.7224356001433015,0.003364500308193893,0.12011446731080581,1
5585,0.15653767,-0.07276468999999999,0.003364500308193893,0.003364500308193893,0.7224356001433015,0.003364500308193893,0.12011446731080581,1
5586,0.15653767,-0.07276468999999999,0.003364500308193893,0.003364500308193893,0.7224356001433015,0.003364500308193893,0.12011446731080581,1
5587,0.15653767,-0.07276468999999999,0.003364500308193893,0.003364500308193893,0.7224356001433015,0.003364500308193893,0.12011446731080581,1
5588,0.15653767,-0.07276468999999999,0.003364500308193893,0.003364500308193893,0.7224356001433015,0.003364500308193893,0.12011446731080581,1
5589,0.15653767,-0.07276468999999999,0.003364500308193893,0.003364500308193893,0.7224356001433015,0.003364500308193893,0.12011446731080581,1
5590,0.15653767,-0.07276468999999999,0.003364500308193893,0.003364500308193893,0.7224356001433015,0.003364500308193893,0.12011446731080581,1
5591,0.15653767,-0.07276468999999999,0.003364500308193893,0.003364500308193893,0.7224356001433015,0.003364500308193893,0.12011446731080581,1
5592,0.15653767,-0.07276468999999999,0.003364500308193893,0.003364500308193893,0.7224356001433015,0.003364500308193893,0.12011446731080581,1
5593,0.15653767,-0.07276468999999999,0.003364500308193893,0.003364500308193893,0.7224356001433015,0.003364500308193893,0.12011446731080581,1
5594,0.15653767,-0.07276468999999999,0.003364500308193893,0.003364500308193893,0.7224356001433015,0.003364500308193893,0.12011446731080581,1
5595,0.15653767,-0.07276468999999999,0.003364500308193893,0.003364500308193893,0.7224356001433015,0.003364500308193893,0.12011446731080581,1
5596,0.15653767,-0.07276468999999999,0.003364500308193893,0.003364500308193893,0.7224356001433015,0.003364500308193893,0.12011446731080581,1
5597,0.15653767,-0.07276468999999999,0.003364500308193893,0.003364500308193893,0.7224356001433015,0.003364500308193893,0.12011446731080581,1
5598,0.15653767,-0.07276468999999999,0.003364500308193893,0.003364500308193893,0.7224356001433015,0.003364500308193893,0.12011446731080581,1
5599,0.15653767,-0.07276468999999999,0.003364500308193893,0.003364500308193893,0.7224356001433015,0.003364500308193893,0.12011446731080581,1
5600,0.15653767,-0.07276468999999999,0.003364500308193893,0.003364500308193893,0.7224356001433015,0.003364500308193893,0.12011446731080581,1
5601,0.15653767,-0.07276468999999999,0.003364500308193893,0.003364500308193893,0.7224356001433015,0.003364500308193893,0.12011446731080581,1
5602,0.15653767,-0.07276468999999999,0.003364500308193893,0.003364500308193893,0.7224356001433015,0.003364500308193893,0.12011446731080581,1
5603,0.15653767,-0.07276468999999999,0.003364500308193893,0.003364500308193893,0.7224356001433015,0.003364500308193893,0.12011446731080581,1
5604,0.15653767,-0.07276468999999999,0.003364500308193893,0.003364500308193893,0.7224356001433015,0.003364500308193893,0.12011446731080581,1
5605,0.15653767,-0.07276468999999999,0.003364500308193893,0.003364500308193893,0.7224356001433015,0.003364500308193893,0.12011446731080581,1
5606,0.15653767,-0.07276468999999999,0.003364500308193893,0.003364500308193893,0.7224356001433015,0.003364500308193893,0.12011446731080581,1
5607,0.15653767,-0.07276468999999999,0.003364500308193893,0.003364500308193893,0.7224356001433015,0.003364500308193893,0.12011446731080581,1
5608,0.15653767,-0.07276468999999999,0.003364500308193893,0.003364500308193893,0.7224356001433015,0.003364500308193893,0.12011446731080581,1
5609,0.15653767,-0.07276468999999999,0.003364500308193893,0.003364500308193893,0.7224356001433015,0.003364500308193893,0.12011446731080581,1
5610,0.15653767,-0.07276468999999999,0.003364500308193893,0.003364500308193893,0.7224356001433015,0.003364500308193893,0.12011446731080581,1
5611,0.15653767,-0.07276468999999999,0.003364500308193893,0.003364500308193893,0.7224356001433015,0.003364500308193893,0.12011446731080581,1
5612,0.15653767,-0.07276468999999999,0.003364500308193893,0.003364500308193893,0.7224356001433015,0.003364500308193893,0.12011446731080581,1
5613,0.15653767,-0.07276468999999999,0.003364500308193893,0.003364500308193893,0.7224356001433015,0.003364500308193893,0.12011446731080581,1
5614,0.15653767,-0.07276468999999999,0.003364500308193893,0.003364500308193893,0.7224356001433015,0.003364500308193893,0.12011446731080581,1
5615,0.15653767,-0.07276468999999999,0.003364500308193893,0.003364500308193893,0.7224356001433015,0.003364500308193893,0.12011446731080581,1
5616,0.15653767,-0.07276468999999999,0.003364500308193893,0.003364500308193893,0.7224356001433015,0.003364500308193893,0.12011446731080581,1
5617,0.15653767,-0.07276468999999999,0.003364500308193893,0.003364500308193893,0.7224356001433015,0.003364500308193893,0.12011446731080581,1
5618,0.15653767,-0.07276468999999999,0.003364500308193893,0.003364500308193893,0.7224356001433015,0.003364500308193893,0.12011446731080581,1
5619,0.15653767,-0.07276468999999999,0.003364500308193893,0.003364500308193893,0.7224356001433015,0.003364500308193893,0.12011446731080581,1
5620,0.15653767,-0.07276468999999999,0.003364500308193893,0.003364500308193893,0.7224356001433015,0.003364500308193893,0.12011446731080581,1
5621,0.15653767,-0.07276468999999999,0.003364500308193893,0.003364500308193893,0.7224356001433015,0.003364500308193893,0.12011446731080581,1
5622,0.15653767,-0.07276468999999999,0.003364500308193893,0.003364500308193893,0.7224356001433015,0.003364500308193893,0.12011446731080581,1
5623,0.15653767,-0.07276468999999999,0.003364500308193893,0.003364500308193893,0.7224356001433015,0.003364500308193893,0.12011446731080581,1
5624,0.15653767,-0.07276468999999999,0.003364500308193893,0.003364500308193893,0.7224356001433015,0.003364500308193893,0.12011446731080581,1
5625,0.15653767,-0.07276468999999999,0.003364500308193893,0.003364500308193893,0.7224356001433015,0.003364500308193893,0.12011446731080581,1
5626,0.15653767,-0.07276468999999999,0.003364500308193893,0.003364500308193893,0.7224356001433015,0.003364500308193893,0.12011446731080581,1
5627,0.15653767,-0.07276468999999999,0.003364500308193893,0.003364500308193893,0.7224356001433015,0.003364500308193893,0.12011446731080581,1
5628,0.15653767,-0.07276468999999999,0.003364500308193893,0.003364500308193893,0.7224356001433015,0.003364500308193893,0.12011446731080581,1
5629,0.15653767,-0.07276468999999999,0.003364500308193893,0.003364500308193893,0.7224356001433015,0.003364500308193893,0.12011446731080581,1
5630,0.15653767,-0.07276468999999999,0.003364500308193893,0.003364500308193893,0.7224356001433015,0.003364500308193893,0.12011446731080581,1
5631,0.15653767,-0.07276468999999999,0.003364500308193893,0.003364500308193893,0.7224356001433015,0.003364500308193893,0.12011446731080581,1
5632,0.15653767,-0.07276468999999999,0.003364500308193893,0.003364500308193893,0.7224356001433015,0.003364500308193893,0.12011446731080581,1
5633,0.15653767,-0.07276468999999999,0.003364500308193893,0.003364500308193893,0.7224356001433015,0.003364500308193893,0.12011446731080581,1
5634,0.15653767,-0.07276468999999999,0.003364500308193893,0.003364500308193893,0.7224356001433015,0.003364500308193893,0.12011446731080581,1
5635,0.15653767,-0.07276468999999999,0.003364500308193893,0.003364500308193893,0.7224356001433015,0.003364500308193893,0.12011446731080581,1
5636,0.15653767,-0.07276468999999999,0.003364500308193893,0.003364500308193893,0.7224356001433015,0.003364500308193893,0.12011446731080581,1
5637,0.15653767,-0.07276468999999999,0.003364500308193893,0.003364500308193893,0.7224356001433015,0.003364500308193893,0.12011446731080581,1
5638,0.15653767,-0.07276468999999999,0.003364500308193893,0.003364500308193893,0.7224356001433015,0.003364500308193893,0.12011446731080581,1
5639,0.15653767,-0.07276468999999999,0.003364500308193893,0.003364500308193893,0.7224356001433015,0.003364500308193893,0.12011446731080581,1
5640,0.15653767,-0.07276468999999999,0.003364500308193893,0.003364500308193893,0.7224356001433015,0.003364500308193893,0.12011446731080581,1
5641,0.15653767,-0.07276468999999999,0.003364500308193893,0.003364500308193893,0.7224356001433015,0.003364500308193893,0.12011446731080581,1
5642,0.15653767,-0.07276468999999999,0.003364500308193893,0.003364500308193893,0.7224356001433015,0.003364500308193893,0.12011446731080581,1
5643,0.15653767,-0.07276468999999999,0.003364500308193893,0.003364500308193893,0.7224356001433015,0.003364500308193893,0.12011446731080581,1
5644,0.15653767,-0.07276468999999999,0.003364500308193893,0.003364500308193893,0.7224356001433015,0.003364500308193893,0.12011446731080581,1
5645,0.15653767,-0.07276468999999999,0.003364500308193893,0.003364500308193893,0.7224356001433015,0.003364500308193893,0.12011446731080581,1
5646,0.15653767,-0.07276468999999999,0.003364500308193893,0.003364500308193893,0.7224356001433015,0.003364500308193893,0.12011446731080581,1
5647,0.15653767,-0.07276468999999999,0.003364500308193893,0.003364500308193893,0.7224356001433015,0.003364500308193893,0.12011446731080581,1
5648,0.15653767,-0.07276468999999999,0.003364500308193893,0.003364500308193893,0.7224356001433015,0.003364500308193893,0.12011446731080581,1
5649,0.15653767,-0.07276468999999999,0.003364500308193893,0.003364500308193893,0.7224356001433015,0.003364500308193893,0.12011446731080581,1
5650,0.15653767,-0.07276468999999999,0.003364500308193893,0.003364500308193893,0.7224356001433015,0.003364500308193893,0.12011446731080581,1
5651,0.15653767,-0.07276468999999999,0.003364500308193893,0.003364500308193893,0.7224356001433015,0.003364500308193893,0.12011446731080581,1
5652,0.15653767,-0.07276468999999999,0.003364500308193893,0.003364500308193893,0.7224356001433015,0.003364500308193893,0.12011446731080581,1
5653,0.15653767,-0.07276468999999999,0.003364500308193893,0.003364500308193893,0.7224356001433015,0.003364500308193893,0.12011446731080581,1
5654,0.15653767,-0.07276468999999999,0.003364500308193893,0.003364500308193893,0.7224356001433015,0.003364500308193893,0.12011446731080581,1
5655,0.15653767,-0.07276468999999999,0.003364500308193893,0.003364500308193893,0.7224356001433015,0.003364500308193893,0.12011446731080581,1
5656,0.15653767,-0.07276468999999999,0.003364500308193893,0.003364500308193893,0.7224356001433015,0.003364500308193893,0.12011446731080581,1
5657,0.15653767,-0.07276468999999999,0.003364500308193893,0.003364500308193893,0.7224356001433015,0.003364500308193893,0.12011446731080581,1
5658,0.15653767,-0.07276468999999999,0.003364500308193893,0.003364500308193893,0.7224356001433015,0.003364500308193893,0.12011446731080581,1
5659,0.15653767,-0.07276468999999999,0.003364500308193893,0.003364500308193893,0.7224356001433015,0.003364500308193893,0.12011446731080581,1
5660,0.15653767,-0.07276468999999999,0.003364500308193893,0.003364500308193893,0.7224356001433015,0.003364500308193893,0.12011446731080581,1
5661,0.15653767,-0.07276468999999999,0.003364500308193893,0.003364500308193893,0.7224356001433015,0.003364500308193893,0.12011446731080581,1
5662,0.15653767,-0.07276468999999999,0.003364500308193893,0.003364500308193893,0.7224356001433015,0.003364500308193893,0.12011446731080581,1
5663,0.15653767,-0.07276468999999999,0.003364500308193893,0.003364500308193893,0.7224356001433015,0.003364500308193893,0.12011446731080581,1
5664,0.15653767,-0.07276468999999999,0.003364500308193893,0.003364500308193893,0.7224356001433015,0.003364500308193893,0.12011446731080581,1
5665,0.15653767,-0.07276468999999999,0.003364500308193893,0.003364500308193893,0.7224356001433015,0.003364500308193893,0.12011446731080581,1
5666,0.15653767,-0.07276468999999999,0.003364500308193893,0.003364500308193893,0.7224356001433015,0.003364500308193893,0.12011446731080581,1
5667,0.15653767,-0.07276468999999999,0.003364500308193893,0.003364500308193893,0.7224356001433015,0.003364500308193893,0.12011446731080581,1
5668,0.15653767,-0.07276468999999999,0.003364500308193893,0.003364500308193893,0.7224356001433015,0.003364500308193893,0.12011446731080581,1
5669,0.15653767,-0.07276468999999999,0.003364500308193893,0.003364500308193893,0.7224356001433015,0.003364500308193893,0.12011446731080581,1
5670,0.15653767,-0.07276468999999999,0.003364500308193893,0.003364500308193893,0.7224356001433015,0.003364500308193893,0.12011446731080581,1
5671,0.15653767,-0.07276468999999999,0.003364500308193893,0.003364500308193893,0.7224356001433015,0.003364500308193893,0.12011446731080581,1
5672,0.15653767,-0.07276468999999999,0.003364500308193893,0.003364500308193893,0.7224356001433015,0.003364500308193893,0.12011446731080581,1
5673,0.15653767,-0.07276468999999999,0.003364500308193893,0.003364500308193893,0.7224356001433015,0.003364500308193893,0.12011446731080581,1
5674,0.15653767,-0.07276468999999999,0.003364500308193893,0.003364500308193893,0.7224356001433015,0.003364500308193893,0.12011446731080581,1
5675,0.15653767,-0.07276468999999999,0.003364500308193893,0.003364500308193893,0.7224356001433015,0.003364500308193893,0.12011446731080581,1
5676,0.15653767,-0.07276468999999999,0.003364500308193893,0.003364500308193893,0.7224356001433015,0.003364500308193893,0.12011446731080581,1
5677,0.15653767,-0.07276468999999999,0.003364500308193893,0.003364500308193893,0.7224356001433015,0.003364500308193893,0.12011446731080581,1
5678,0.15653767,-0.07276468999999999,0.003364500308193893,0.003364500308193893,0.7224356001433015,0.003364500308193893,0.12011446731080581,1
5679,0.15653767,-0.07276468999999999,0.003364500308193893,0.003364500308193893,0.7224356001433015,0.003364500308193893,0.12011446731080581,1
5680,0.15653767,-0.07276468999999999,0.003364500308193893,0.003364500308193893,0.7224356001433015,0.003364500308193893,0.12011446731080581,1
5681,0.15653767,-0.07276468999999999,0.003364500308193893,0.003364500308193893,0.7224356001433015,0.003364500308193893,0.12011446731080581,1
5682,0.15653767,-0.07276468999999999,0.003364500308193893,0.003364500308193893,0.7224356001433015,0.003364500308193893,0.12011446731080581,1
5683,0.15653767,-0.07276468999999999,0.003364500308193893,0.003364500308193893,0.7224356001433015,0.003364500308193893,0.12011446731080581,1
5684,0.15653767,-0.07276468999999999,0.003364500308193893,0.003364500308193893,0.7224356001433015,0.003364500308193893,0.12011446731080581,1
5685,0.15653767,-0.07276468999999999,0.003364500308193893,0.003364500308193893,0.7224356001433015,0.003364500308193893,0.12011446731080581,1
5686,0.15653767,-0.07276468999999999,0.003364500308193893,0.003364500308193893,0.7224356001433015,0.003364500308193893,0.12011446731080581,1
5687,0.15653767,-0.07276468999999999,0.003364500308193893,0.003364500308193893,0.7224356001433015,0.003364500308193893,0.12011446731080581,1
5688,0.15653767,-0.07276468999999999,0.003364500308193893,0.003364500308193893,0.7224356001433015,0.003364500308193893,0.12011446731080581,1
5689,0.15653767,-0.07276468999999999,0.003364500308193893,0.003364500308193893,0.7224356001433015,0.003364500308193893,0.12011446731080581,1
5690,0.15653767,-0.07276468999999999,0.003364500308193893,0.003364500308193893,0.7224356001433015,0.003364500308193893,0.12011446731080581,1
5691,0.15653767,-0.07276468999999999,0.003364500308193893,0.003364500308193893,0.7224356001433015,0.003364500308193893,0.12011446731080581,1
5692,0.15653767,-0.07276468999999999,0.003364500308193893,0.003364500308193893,0.7224356001433015,0.003364500308193893,0.12011446731080581,1
5693,0.15653767,-0.07276468999999999,0.003364500308193893,0.003364500308193893,0.7224356001433015,0.003364500308193893,0.12011446731080581,1
5694,0.15653767,-0.07276468999999999,0.003364500308193893,0.003364500308193893,0.7224356001433015,0.003364500308193893,0.12011446731080581,1
5695,0.15653767,-0.07276468999999999,0.003364500308193893,0.003364500308193893,0.7224356001433015,0.003364500308193893,0.12011446731080581,1
5696,0.15653767,-0.07276468999999999,0.003364500308193893,0.003364500308193893,0.7224356001433015,0.003364500308193893,0.12011446731080581,1
5697,0.15653767,-0.07276468999999999,0.003364500308193893,0.003364500308193893,0.7224356001433015,0.003364500308193893,0.12011446731080581,1
5698,0.15653767,-0.07276468999999999,0.003364500308193893,0.003364500308193893,0.7224356001433015,0.003364500308193893,0.12011446731080581,1
5699,0.15653767,-0.07276468999999999,0.003364500308193893,0.003364500308193893,0.7224356001433015,0.003364500308193893,0.12011446731080581,1
5700,0.15653767,-0.07276468999999999,0.003364500308193893,0.003364500308193893,0.7224356001433015,0.003364500308193893,0.12011446731080581,1
5701,0.15653767,-0.07276468999999999,0.003364500308193893,0.003364500308193893,0.7224356001433015,0.003364500308193893,0.12011446731080581,1
5702,0.15653767,-0.07276468999999999,0.003364500308193893,0.003364500308193893,0.7224356001433015,0.003364500308193893,0.12011446731080581,1
5703,0.15653767,-0.07276468999999999,0.003364500308193893,0.003364500308193893,0.7224356001433015,0.003364500308193893,0.12011446731080581,1
5704,0.15653767,-0.07276468999999999,0.003364500308193893,0.003364500308193893,0.7224356001433015,0.003364500308193893,0.12011446731080581,1
5705,0.15653767,-0.07276468999999999,0.003364500308193893,0.003364500308193893,0.7224356001433015,0.003364500308193893,0.12011446731080581,1
5706,0.15653767,-0.07276468999999999,0.003364500308193893,0.003364500308193893,0.7224356001433015,0.003364500308193893,0.12011446731080581,1
5707,0.15653767,-0.07276468999999999,0.003364500308193893,0.003364500308193893,0.7224356001433015,0.003364500308193893,0.12011446731080581,1
5708,0.15653767,-0.07276468999999999,0.003364500308193893,0.003364500308193893,0.7224356001433015,0.003364500308193893,0.12011446731080581,1
5709,0.15653767,-0.07276468999999999,0.003364500308193893,0.003364500308193893,0.7224356001433015,0.003364500308193893,0.12011446731080581,1
5710,0.15653767,-0.07276468999999999,0.003364500308193893,0.003364500308193893,0.7224356001433015,0.003364500308193893,0.12011446731080581,1
5711,0.15653767,-0.07276468999999999,0.003364500308193893,0.003364500308193893,0.7224356001433015,0.003364500308193893,0.12011446731080581,1
5712,0.15653767,-0.07276468999999999,0.003364500308193893,0.003364500308193893,0.7224356001433015,0.003364500308193893,0.12011446731080581,1
5713,0.15653767,-0.07276468999999999,0.003364500308193893,0.003364500308193893,0.7224356001433015,0.003364500308193893,0.12011446731080581,1
5714,0.15653767,-0.07276468999999999,0.003364500308193893,0.003364500308193893,0.7224356001433015,0.003364500308193893,0.12011446731080581,1
5715,0.15653767,-0.07276468999999999,0.003364500308193893,0.003364500308193893,0.7224356001433015,0.003364500308193893,0.12011446731080581,1
5716,0.15653767,-0.07276468999999999,0.003364500308193893,0.003364500308193893,0.7224356001433015,0.003364500308193893,0.12011446731080581,1
5717,0.15653767,-0.07276468999999999,0.003364500308193893,0.003364500308193893,0.7224356001433015,0.003364500308193893,0.12011446731080581,1
5718,0.15653767,-0.07276468999999999,0.003364500308193893,0.003364500308193893,0.7224356001433015,0.003364500308193893,0.12011446731080581,1
5719,0.15653767,-0.07276468999999999,0.003364500308193893,0.003364500308193893,0.7224356001433015,0.003364500308193893,0.12011446731080581,1
5720,0.15653767,-0.07276468999999999,0.003364500308193893,0.003364500308193893,0.7224356001433015,0.003364500308193893,0.12011446731080581,1
5721,0.15653767,-0.07276468999999999,0.003364500308193893,0.003364500308193893,0.7224356001433015,0.003364500308193893,0.12011446731080581,1
5722,0.15653767,-0.07276468999999999,0.003364500308193893,0.003364500308193893,0.7224356001433015,0.003364500308193893,0.12011446731080581,1
5723,0.15653767,-0.07276468999999999,0.003364500308193893,0.003364500308193893,0.7224356001433015,0.003364500308193893,0.12011446731080581,1
5724,0.15653767,-0.07276468999999999,0.003364500308193893,0.003364500308193893,0.7224356001433015,0.003364500308193893,0.12011446731080581,1
5725,0.15653767,-0.07276468999999999,0.003364500308193893,0.003364500308193893,0.7224356001433015,0.003364500308193893,0.12011446731080581,1
5726,0.15653767,-0.07276468999999999,0.003364500308193893,0.003364500308193893,0.7224356001433015,0.003364500308193893,0.12011446731080581,1
5727,0.15653767,-0.07276468999999999,0.003364500308193893,0.003364500308193893,0.7224356001433015,0.003364500308193893,0.12011446731080581,1
5728,0.15653767,-0.07276468999999999,0.003364500308193893,0.003364500308193893,0.7224356001433015,0.003364500308193893,0.12011446731080581,1
5729,0.15653767,-0.07276468999999999,0.003364500308193893,0.003364500308193893,0.7224356001433015,0.003364500308193893,0.12011446731080581,1
5730,0.15653767,-0.07276468999999999,0.003364500308193893,0.003364500308193893,0.7224356001433015,0.003364500308193893,0.12011446731080581,1
5731,0.15653767,-0.07276468999999999,0.003364500308193893,0.003364500308193893,0.7224356001433015,0.003364500308193893,0.12011446731080581,1
5732,0.15653767,-0.07276468999999999,0.003364500308193893,0.003364500308193893,0.7224356001433015,0.003364500308193893,0.12011446731080581,1
5733,0.15653767,-0.07276468999999999,0.003364500308193893,0.003364500308193893,0.7224356001433015,0.003364500308193893,0.12011446731080581,1
5734,0.15653767,-0.07276468999999999,0.003364500308193893,0.003364500308193893,0.7224356001433015,0.003364500308193893,0.12011446731080581,1
5735,0.15653767,-0.07276468999999999,0.003364500308193893,0.003364500308193893,0.7224356001433015,0.003364500308193893,0.12011446731080581,1
5736,0.15653767,-0.07276468999999999,0.003364500308193893,0.003364500308193893,0.7224356001433015,0.003364500308193893,0.12011446731080581,1
5737,0.15653767,-0.07276468999999999,0.003364500308193893,0.003364500308193893,0.7224356001433015,0.003364500308193893,0.12011446731080581,1
5738,0.15653767,-0.07276468999999999,0.003364500308193893,0.003364500308193893,0.7224356001433015,0.003364500308193893,0.12011446731080581,1
5739,0.15653767,-0.07276468999999999,0.003364500308193893,0.003364500308193893,0.7224356001433015,0.003364500308193893,0.12011446731080581,1
5740,0.15653767,-0.07276468999999999,0.003364500308193893,0.003364500308193893,0.7224356001433015,0.003364500308193893,0.12011446731080581,1
5741,0.15653767,-0.07276468999999999,0.003364500308193893,0.003364500308193893,0.7224356001433015,0.003364500308193893,0.12011446731080581,1
5742,0.15653767,-0.07276468999999999,0.003364500308193893,0.003364500308193893,0.7224356001433015,0.003364500308193893,0.12011446731080581,1
5743,0.15653767,-0.07276468999999999,0.003364500308193893,0.003364500308193893,0.7224356001433015,0.003364500308193893,0.12011446731080581,1
5744,0.15653767,-0.07276468999999999,0.003364500308193893,0.003364500308193893,0.7224356001433015,0.003364500308193893,0.12011446731080581,1
5745,0.15653767,-0.07276468999999999,0.003364500308193893,0.003364500308193893,0.7224356001433015,0.003364500308193893,0.12011446731080581,1
5746,0.15653767,-0.07276468999999999,0.003364500308193893,0.003364500308193893,0.7224356001433015,0.003364500308193893,0.12011446731080581,1
5747,0.15653767,-0.07276468999999999,0.003364500308193893,0.003364500308193893,0.7224356001433015,0.003364500308193893,0.12011446731080581,1
5748,0.15653767,-0.07276468999999999,0.003364500308193893,0.003364500308193893,0.7224356001433015,0.003364500308193893,0.12011446731080581,1
5749,0.15653767,-0.07276468999999999,0.003364500308193893,0.003364500308193893,0.7224356001433015,0.003364500308193893,0.12011446731080581,1
5750,0.15653767,-0.07276468999999999,0.003364500308193893,0.003364500308193893,0.7224356001433015,0.003364500308193893,0.12011446731080581,1
5751,0.15653767,-0.07276468999999999,0.003364500308193893,0.003364500308193893,0.7224356001433015,0.003364500308193893,0.12011446731080581,1
5752,0.15653767,-0.07276468999999999,0.003364500308193893,0.003364500308193893,0.7224356001433015,0.003364500308193893,0.12011446731080581,1
5753,0.15653767,-0.07276468999999999,0.003364500308193893,0.003364500308193893,0.7224356001433015,0.003364500308193893,0.12011446731080581,1
5754,0.15653767,-0.07276468999999999,0.003364500308193893,0.003364500308193893,0.7224356001433015,0.003364500308193893,0.12011446731080581,1
5755,0.15653767,-0.07276468999999999,0.003364500308193893,0.003364500308193893,0.7224356001433015,0.003364500308193893,0.12011446731080581,1
5756,0.15653767,-0.07276468999999999,0.003364500308193893,0.003364500308193893,0.7224356001433015,0.003364500308193893,0.12011446731080581,1
5757,0.15653767,-0.07276468999999999,0.003364500308193893,0.003364500308193893,0.7224356001433015,0.003364500308193893,0.12011446731080581,1
5758,0.15653767,-0.07276468999999999,0.003364500308193893,0.003364500308193893,0.7224356001433015,0.003364500308193893,0.12011446731080581,1
5759,0.15653767,-0.07276468999999999,0.003364500308193893,0.003364500308193893,0.7224356001433015,0.003364500308193893,0.12011446731080581,1
5760,0.15653767,-0.07276468999999999,0.003364500308193893,0.003364500308193893,0.7224356001433015,0.003364500308193893,0.12011446731080581,1
5761,0.15653767,-0.07276468999999999,0.003364500308193893,0.003364500308193893,0.7224356001433015,0.003364500308193893,0.12011446731080581,1
5762,0.15653767,-0.07276468999999999,0.003364500308193893,0.003364500308193893,0.7224356001433015,0.003364500308193893,0.12011446731080581,1
5763,0.15653767,-0.07276468999999999,0.003364500308193893,0.003364500308193893,0.7224356001433015,0.003364500308193893,0.12011446731080581,1
5764,0.15653767,-0.07276468999999999,0.003364500308193893,0.003364500308193893,0.7224356001433015,0.003364500308193893,0.12011446731080581,1
5765,0.15653767,-0.07276468999999999,0.003364500308193893,0.003364500308193893,0.7224356001433015,0.003364500308193893,0.12011446731080581,1
5766,0.15653767,-0.07276468999999999,0.003364500308193893,0.003364500308193893,0.7224356001433015,0.003364500308193893,0.12011446731080581,1
5767,0.15653767,-0.07276468999999999,0.003364500308193893,0.003364500308193893,0.7224356001433015,0.003364500308193893,0.12011446731080581,1
5768,0.15653767,-0.07276468999999999,0.003364500308193893,0.003364500308193893,0.7224356001433015,0.003364500308193893,0.12011446731080581,1
5769,0.15653767,-0.07276468999999999,0.003364500308193893,0.003364500308193893,0.7224356001433015,0.003364500308193893,0.12011446731080581,1
5770,0.15653767,-0.07276468999999999,0.003364500308193893,0.003364500308193893,0.7224356001433015,0.003364500308193893,0.12011446731080581,1
5771,0.15653767,-0.07276468999999999,0.003364500308193893,0.003364500308193893,0.7224356001433015,0.003364500308193893,0.12011446731080581,1
5772,0.15653767,-0.07276468999999999,0.003364500308193893,0.003364500308193893,0.7224356001433015,0.003364500308193893,0.12011446731080581,1
5773,0.15653767,-0.07276468999999999,0.003364500308193893,0.003364500308193893,0.7224356001433015,0.003364500308193893,0.12011446731080581,1
5774,0.15653767,-0.07276468999999999,0.003364500308193893,0.003364500308193893,0.7224356001433015,0.003364500308193893,0.12011446731080581,1
5775,0.15653767,-0.07276468999999999,0.003364500308193893,0.003364500308193893,0.7224356001433015,0.003364500308193893,0.12011446731080581,1
5776,0.15653767,-0.07276468999999999,0.003364500308193893,0.003364500308193893,0.7224356001433015,0.003364500308193893,0.12011446731080581,1
5777,0.15653767,-0.07276468999999999,0.003364500308193893,0.003364500308193893,0.7224356001433015,0.003364500308193893,0.12011446731080581,1
5778,0.15653767,-0.07276468999999999,0.003364500308193893,0.003364500308193893,0.7224356001433015,0.003364500308193893,0.12011446731080581,1
5779,0.15653767,-0.07276468999999999,0.003364500308193893,0.003364500308193893,0.7224356001433015,0.003364500308193893,0.12011446731080581,1
5780,0.15653767,-0.07276468999999999,0.003364500308193893,0.003364500308193893,0.7224356001433015,0.003364500308193893,0.12011446731080581,1
5781,0.15653767,-0.07276468999999999,0.003364500308193893,0.003364500308193893,0.7224356001433015,0.003364500308193893,0.12011446731080581,1
5782,0.15653767,-0.07276468999999999,0.003364500308193893,0.003364500308193893,0.7224356001433015,0.003364500308193893,0.12011446731080581,1
5783,0.15653767,-0.07276468999999999,0.003364500308193893,0.003364500308193893,0.7224356001433015,0.003364500308193893,0.12011446731080581,1
5784,0.15653767,-0.07276468999999999,0.003364500308193893,0.003364500308193893,0.7224356001433015,0.003364500308193893,0.12011446731080581,1
5785,0.15653767,-0.07276468999999999,0.003364500308193893,0.003364500308193893,0.7224356001433015,0.003364500308193893,0.12011446731080581,1
5786,0.15653767,-0.07276468999999999,0.003364500308193893,0.003364500308193893,0.7224356001433015,0.003364500308193893,0.12011446731080581,1
5787,0.15653767,-0.07276468999999999,0.003364500308193893,0.003364500308193893,0.7224356001433015,0.003364500308193893,0.12011446731080581,1
5788,0.15653767,-0.07276468999999999,0.003364500308193893,0.003364500308193893,0.7224356001433015,0.003364500308193893,0.12011446731080581,1
5789,0.15653767,-0.07276468999999999,0.003364500308193893,0.003364500308193893,0.7224356001433015,0.003364500308193893,0.12011446731080581,1
5790,0.15653767,-0.07276468999999999,0.003364500308193893,0.003364500308193893,0.7224356001433015,0.003364500308193893,0.12011446731080581,1
5791,0.15653767,-0.07276468999999999,0.003364500308193893,0.003364500308193893,0.7224356001433015,0.003364500308193893,0.12011446731080581,1
5792,0.15653767,-0.07276468999999999,0.003364500308193893,0.003364500308193893,0.7224356001433015,0.003364500308193893,0.12011446731080581,1
5793,0.15653767,-0.07276468999999999,0.003364500308193893,0.003364500308193893,0.7224356001433015,0.003364500308193893,0.12011446731080581,1
5794,0.15653767,-0.07276468999999999,0.003364500308193893,0.003364500308193893,0.7224356001433015,0.003364500308193893,0.12011446731080581,1
5795,0.15653767,-0.07276468999999999,0.003364500308193893,0.003364500308193893,0.7224356001433015,0.003364500308193893,0.12011446731080581,1
5796,0.15653767,-0.07276468999999999,0.003364500308193893,0.003364500308193893,0.7224356001433015,0.003364500308193893,0.12011446731080581,1
5797,0.15653767,-0.07276468999999999,0.003364500308193893,0.003364500308193893,0.7224356001433015,0.003364500308193893,0.12011446731080581,1
5798,0.15653767,-0.07276468999999999,0.003364500308193893,0.003364500308193893,0.7224356001433015,0.003364500308193893,0.12011446731080581,1
5799,0.15653767,-0.07276468999999999,0.003364500308193893,0.003364500308193893,0.7224356001433015,0.003364500308193893,0.12011446731080581,1
5800,0.15653767,-0.07276468999999999,0.003364500308193893,0.003364500308193893,0.7224356001433015,0.003364500308193893,0.12011446731080581,1
5801,0.15653767,-0.07276468999999999,0.003364500308193893,0.003364500308193893,0.7224356001433015,0.003364500308193893,0.12011446731080581,1
5802,0.15653767,-0.07276468999999999,0.003364500308193893,0.003364500308193893,0.7224356001433015,0.003364500308193893,0.12011446731080581,1
5803,0.15653767,-0.07276468999999999,0.003364500308193893,0.003364500308193893,0.7224356001433015,0.003364500308193893,0.12011446731080581,1
5804,0.15653767,-0.07276468999999999,0.003364500308193893,0.003364500308193893,0.7224356001433015,0.003364500308193893,0.12011446731080581,1
5805,0.15653767,-0.07276468999999999,0.003364500308193893,0.003364500308193893,0.7224356001433015,0.003364500308193893,0.12011446731080581,1
5806,0.15653767,-0.07276468999999999,0.003364500308193893,0.003364500308193893,0.7224356001433015,0.003364500308193893,0.12011446731080581,1
5807,0.15653767,-0.07276468999999999,0.003364500308193893,0.003364500308193893,0.7224356001433015,0.003364500308193893,0.12011446731080581,1
5808,0.15653767,-0.07276468999999999,0.003364500308193893,0.003364500308193893,0.7224356001433015,0.003364500308193893,0.12011446731080581,1
5809,0.15653767,-0.07276468999999999,0.003364500308193893,0.003364500308193893,0.7224356001433015,0.003364500308193893,0.12011446731080581,1
5810,0.15653767,-0.07276468999999999,0.003364500308193893,0.003364500308193893,0.7224356001433015,0.003364500308193893,0.12011446731080581,1
5811,0.15653767,-0.07276468999999999,0.003364500308193893,0.003364500308193893,0.7224356001433015,0.003364500308193893,0.12011446731080581,1
5812,0.15653767,-0.07276468999999999,0.003364500308193893,0.003364500308193893,0.7224356001433015,0.003364500308193893,0.12011446731080581,1
5813,0.15653767,-0.07276468999999999,0.003364500308193893,0.003364500308193893,0.7224356001433015,0.003364500308193893,0.12011446731080581,1
5814,0.15653767,-0.07276468999999999,0.003364500308193893,0.003364500308193893,0.7224356001433015,0.003364500308193893,0.12011446731080581,1
5815,0.15653767,-0.07276468999999999,0.003364500308193893,0.003364500308193893,0.7224356001433015,0.003364500308193893,0.12011446731080581,1
5816,0.15653767,-0.07276468999999999,0.003364500308193893,0.003364500308193893,0.7224356001433015,0.003364500308193893,0.12011446731080581,1
5817,0.15653767,-0.07276468999999999,0.003364500308193893,0.003364500308193893,0.7224356001433015,0.003364500308193893,0.12011446731080581,1
5818,0.15653767,-0.07276468999999999,0.003364500308193893,0.003364500308193893,0.7224356001433015,0.003364500308193893,0.12011446731080581,1
5819,0.15653767,-0.07276468999999999,0.003364500308193893,0.003364500308193893,0.7224356001433015,0.003364500308193893,0.12011446731080581,1
5820,0.15653767,-0.07276468999999999,0.003364500308193893,0.003364500308193893,0.7224356001433015,0.003364500308193893,0.12011446731080581,1
5821,0.15653767,-0.07276468999999999,0.003364500308193893,0.003364500308193893,0.7224356001433015,0.003364500308193893,0.12011446731080581,1
5822,0.15653767,-0.07276468999999999,0.003364500308193893,0.003364500308193893,0.7224356001433015,0.003364500308193893,0.12011446731080581,1
5823,0.15653767,-0.07276468999999999,0.003364500308193893,0.003364500308193893,0.7224356001433015,0.003364500308193893,0.12011446731080581,1
5824,0.15653767,-0.07276468999999999,0.003364500308193893,0.003364500308193893,0.7224356001433015,0.003364500308193893,0.12011446731080581,1
5825,0.15653767,-0.07276468999999999,0.003364500308193893,0.003364500308193893,0.7224356001433015,0.003364500308193893,0.12011446731080581,1
5826,0.15653767,-0.07276468999999999,0.003364500308193893,0.003364500308193893,0.7224356001433015,0.003364500308193893,0.12011446731080581,1
5827,0.15653767,-0.07276468999999999,0.003364500308193893,0.003364500308193893,0.7224356001433015,0.003364500308193893,0.12011446731080581,1
5828,0.15653767,-0.07276468999999999,0.003364500308193893,0.003364500308193893,0.7224356001433015,0.003364500308193893,0.12011446731080581,1
5829,0.15653767,-0.07276468999999999,0.003364500308193893,0.003364500308193893,0.7224356001433015,0.003364500308193893,0.12011446731080581,1
5830,0.15653767,-0.07276468999999999,0.003364500308193893,0.003364500308193893,0.7224356001433015,0.003364500308193893,0.12011446731080581,1
5831,0.15653767,-0.07276468999999999,0.003364500308193893,0.003364500308193893,0.7224356001433015,0.003364500308193893,0.12011446731080581,1
5832,0.15653767,-0.07276468999999999,0.003364500308193893,0.003364500308193893,0.7224356001433015,0.003364500308193893,0.12011446731080581,1
5833,0.15653767,-0.07276468999999999,0.003364500308193893,0.003364500308193893,0.7224356001433015,0.003364500308193893,0.12011446731080581,1
5834,0.15653767,-0.07276468999999999,0.003364500308193893,0.003364500308193893,0.7224356001433015,0.003364500308193893,0.12011446731080581,1
5835,0.15653767,-0.07276468999999999,0.003364500308193893,0.003364500308193893,0.7224356001433015,0.003364500308193893,0.12011446731080581,1
5836,0.15653767,-0.07276468999999999,0.003364500308193893,0.003364500308193893,0.7224356001433015,0.003364500308193893,0.12011446731080581,1
5837,0.15653767,-0.07276468999999999,0.003364500308193893,0.003364500308193893,0.7224356001433015,0.003364500308193893,0.12011446731080581,1
5838,0.15653767,-0.07276468999999999,0.003364500308193893,0.003364500308193893,0.7224356001433015,0.003364500308193893,0.12011446731080581,1
5839,0.15653767,-0.07276468999999999,0.003364500308193893,0.003364500308193893,0.7224356001433015,0.003364500308193893,0.12011446731080581,1
5840,0.15653767,-0.07276468999999999,0.003364500308193893,0.003364500308193893,0.7224356001433015,0.003364500308193893,0.12011446731080581,1
5841,0.15653767,-0.07276468999999999,0.003364500308193893,0.003364500308193893,0.7224356001433015,0.003364500308193893,0.12011446731080581,1
5842,0.15653767,-0.07276468999999999,0.003364500308193893,0.003364500308193893,0.7224356001433015,0.003364500308193893,0.12011446731080581,1
5843,0.15653767,-0.07276468999999999,0.003364500308193893,0.003364500308193893,0.7224356001433015,0.003364500308193893,0.12011446731080581,1
5844,0.15653767,-0.07276468999999999,0.003364500308193893,0.003364500308193893,0.7224356001433015,0.003364500308193893,0.12011446731080581,1
5845,0.15653767,-0.07276468999999999,0.003364500308193893,0.003364500308193893,0.7224356001433015,0.003364500308193893,0.12011446731080581,1
5846,0.15653767,-0.07276468999999999,0.003364500308193893,0.003364500308193893,0.7224356001433015,0.003364500308193893,0.12011446731080581,1
5847,0.15653767,-0.07276468999999999,0.003364500308193893,0.003364500308193893,0.7224356001433015,0.003364500308193893,0.12011446731080581,1
5848,0.15653767,-0.07276468999999999,0.003364500308193893,0.003364500308193893,0.7224356001433015,0.003364500308193893,0.12011446731080581,1
5849,0.15653767,-0.07276468999999999,0.003364500308193893,0.003364500308193893,0.7224356001433015,0.003364500308193893,0.12011446731080581,1
5850,0.15653767,-0.07276468999999999,0.003364500308193893,0.003364500308193893,0.7224356001433015,0.003364500308193893,0.12011446731080581,1
5851,0.15653767,-0.07276468999999999,0.003364500308193893,0.003364500308193893,0.7224356001433015,0.003364500308193893,0.12011446731080581,1
5852,0.15653767,-0.07276468999999999,0.003364500308193893,0.003364500308193893,0.7224356001433015,0.003364500308193893,0.12011446731080581,1
5853,0.15653767,-0.07276468999999999,0.003364500308193893,0.003364500308193893,0.7224356001433015,0.003364500308193893,0.12011446731080581,1
5854,0.15653767,-0.07276468999999999,0.003364500308193893,0.003364500308193893,0.7224356001433015,0.003364500308193893,0.12011446731080581,1
5855,0.15653767,-0.07276468999999999,0.003364500308193893,0.003364500308193893,0.7224356001433015,0.003364500308193893,0.12011446731080581,1
5856,0.15653767,-0.07276468999999999,0.003364500308193893,0.003364500308193893,0.7224356001433015,0.003364500308193893,0.12011446731080581,1
5857,0.15653767,-0.07276468999999999,0.003364500308193893,0.003364500308193893,0.7224356001433015,0.003364500308193893,0.12011446731080581,1
5858,0.15653767,-0.07276468999999999,0.003364500308193893,0.003364500308193893,0.7224356001433015,0.003364500308193893,0.12011446731080581,1
5859,0.15653767,-0.07276468999999999,0.003364500308193893,0.003364500308193893,0.7224356001433015,0.003364500308193893,0.12011446731080581,1
5860,0.15653767,-0.07276468999999999,0.003364500308193893,0.003364500308193893,0.7224356001433015,0.003364500308193893,0.12011446731080581,1
5861,0.15653767,-0.07276468999999999,0.003364500308193893,0.003364500308193893,0.7224356001433015,0.003364500308193893,0.12011446731080581,1
5862,0.15653767,-0.07276468999999999,0.003364500308193893,0.003364500308193893,0.7224356001433015,0.003364500308193893,0.12011446731080581,1
5863,0.15653767,-0.07276468999999999,0.003364500308193893,0.003364500308193893,0.7224356001433015,0.003364500308193893,0.12011446731080581,1
5864,0.15653767,-0.07276468999999999,0.003364500308193893,0.003364500308193893,0.7224356001433015,0.003364500308193893,0.12011446731080581,1
5865,0.15653767,-0.07276468999999999,0.003364500308193893,0.003364500308193893,0.7224356001433015,0.003364500308193893,0.12011446731080581,1
5866,0.15653767,-0.07276468999999999,0.003364500308193893,0.003364500308193893,0.7224356001433015,0.003364500308193893,0.12011446731080581,1
5867,0.15653767,-0.07276468999999999,0.003364500308193893,0.003364500308193893,0.7224356001433015,0.003364500308193893,0.12011446731080581,1
5868,0.15653767,-0.07276468999999999,0.003364500308193893,0.003364500308193893,0.7224356001433015,0.003364500308193893,0.12011446731080581,1
5869,0.15653767,-0.07276468999999999,0.003364500308193893,0.003364500308193893,0.7224356001433015,0.003364500308193893,0.12011446731080581,1
5870,0.15653767,-0.07276468999999999,0.003364500308193893,0.003364500308193893,0.7224356001433015,0.003364500308193893,0.12011446731080581,1
5871,0.15653767,-0.07276468999999999,0.003364500308193893,0.003364500308193893,0.7224356001433015,0.003364500308193893,0.12011446731080581,1
5872,0.15653767,-0.07276468999999999,0.003364500308193893,0.003364500308193893,0.7224356001433015,0.003364500308193893,0.12011446731080581,1
5873,0.15653767,-0.07276468999999999,0.003364500308193893,0.003364500308193893,0.7224356001433015,0.003364500308193893,0.12011446731080581,1
5874,0.15653767,-0.07276468999999999,0.003364500308193893,0.003364500308193893,0.7224356001433015,0.003364500308193893,0.12011446731080581,1
5875,0.15653767,-0.07276468999999999,0.003364500308193893,0.003364500308193893,0.7224356001433015,0.003364500308193893,0.12011446731080581,1
5876,0.15653767,-0.07276468999999999,0.003364500308193893,0.003364500308193893,0.7224356001433015,0.003364500308193893,0.12011446731080581,1
5877,0.15653767,-0.07276468999999999,0.003364500308193893,0.003364500308193893,0.7224356001433015,0.003364500308193893,0.12011446731080581,1
5878,0.15653767,-0.07276468999999999,0.003364500308193893,0.003364500308193893,0.7224356001433015,0.003364500308193893,0.12011446731080581,1
5879,0.15653767,-0.07276468999999999,0.003364500308193893,0.003364500308193893,0.7224356001433015,0.003364500308193893,0.12011446731080581,1
5880,0.15653767,-0.07276468999999999,0.003364500308193893,0.003364500308193893,0.7224356001433015,0.003364500308193893,0.12011446731080581,1
5881,0.15653767,-0.07276468999999999,0.003364500308193893,0.003364500308193893,0.7224356001433015,0.003364500308193893,0.12011446731080581,1
5882,0.15653767,-0.07276468999999999,0.003364500308193893,0.003364500308193893,0.7224356001433015,0.003364500308193893,0.12011446731080581,1
5883,0.15653767,-0.07276468999999999,0.003364500308193893,0.003364500308193893,0.7224356001433015,0.003364500308193893,0.12011446731080581,1
5884,0.15653767,-0.07276468999999999,0.003364500308193893,0.003364500308193893,0.7224356001433015,0.003364500308193893,0.12011446731080581,1
5885,0.15653767,-0.07276468999999999,0.003364500308193893,0.003364500308193893,0.7224356001433015,0.003364500308193893,0.12011446731080581,1
5886,0.15653767,-0.07276468999999999,0.003364500308193893,0.003364500308193893,0.7224356001433015,0.003364500308193893,0.12011446731080581,1
5887,0.15653767,-0.07276468999999999,0.003364500308193893,0.003364500308193893,0.7224356001433015,0.003364500308193893,0.12011446731080581,1
5888,0.15653767,-0.07276468999999999,0.003364500308193893,0.003364500308193893,0.7224356001433015,0.003364500308193893,0.12011446731080581,1
5889,0.15653767,-0.07276468999999999,0.003364500308193893,0.003364500308193893,0.7224356001433015,0.003364500308193893,0.12011446731080581,1
5890,0.15653767,-0.07276468999999999,0.003364500308193893,0.003364500308193893,0.7224356001433015,0.003364500308193893,0.12011446731080581,1
5891,0.15653767,-0.07276468999999999,0.003364500308193893,0.003364500308193893,0.7224356001433015,0.003364500308193893,0.12011446731080581,1
5892,0.15653767,-0.07276468999999999,0.003364500308193893,0.003364500308193893,0.7224356001433015,0.003364500308193893,0.12011446731080581,1
5893,0.15653767,-0.07276468999999999,0.003364500308193893,0.003364500308193893,0.7224356001433015,0.003364500308193893,0.12011446731080581,1
5894,0.15653767,-0.07276468999999999,0.003364500308193893,0.003364500308193893,0.7224356001433015,0.003364500308193893,0.12011446731080581,1
5895,0.15653767,-0.07276468999999999,0.003364500308193893,0.003364500308193893,0.7224356001433015,0.003364500308193893,0.12011446731080581,1
5896,0.15653767,-0.07276468999999999,0.003364500308193893,0.003364500308193893,0.7224356001433015,0.003364500308193893,0.12011446731080581,1
5897,0.15653767,-0.07276468999999999,0.003364500308193893,0.003364500308193893,0.7224356001433015,0.003364500308193893,0.12011446731080581,1
5898,0.15653767,-0.07276468999999999,0.003364500308193893,0.003364500308193893,0.7224356001433015,0.003364500308193893,0.12011446731080581,1
5899,0.15653767,-0.07276468999999999,0.003364500308193893,0.003364500308193893,0.7224356001433015,0.003364500308193893,0.12011446731080581,1
5900,0.15653767,-0.07276468999999999,0.003364500308193893,0.003364500308193893,0.7224356001433015,0.003364500308193893,0.12011446731080581,1
5901,0.15653767,-0.07276468999999999,0.003364500308193893,0.003364500308193893,0.7224356001433015,0.003364500308193893,0.12011446731080581,1
5902,0.15653767,-0.07276468999999999,0.003364500308193893,0.003364500308193893,0.7224356001433015,0.003364500308193893,0.12011446731080581,1
5903,0.15653767,-0.07276468999999999,0.003364500308193893,0.003364500308193893,0.7224356001433015,0.003364500308193893,0.12011446731080581,1
5904,0.15653767,-0.07276468999999999,0.003364500308193893,0.003364500308193893,0.7224356001433015,0.003364500308193893,0.12011446731080581,1
5905,0.15653767,-0.07276468999999999,0.003364500308193893,0.003364500308193893,0.7224356001433015,0.003364500308193893,0.12011446731080581,1
5906,0.15653767,-0.07276468999999999,0.003364500308193893,0.003364500308193893,0.7224356001433015,0.003364500308193893,0.12011446731080581,1
5907,0.15653767,-0.07276468999999999,0.003364500308193893,0.003364500308193893,0.7224356001433015,0.003364500308193893,0.12011446731080581,1
5908,0.15653767,-0.07276468999999999,0.003364500308193893,0.003364500308193893,0.7224356001433015,0.003364500308193893,0.12011446731080581,1
5909,0.15653767,-0.07276468999999999,0.003364500308193893,0.003364500308193893,0.7224356001433015,0.003364500308193893,0.12011446731080581,1
5910,0.15653767,-0.07276468999999999,0.003364500308193893,0.003364500308193893,0.7224356001433015,0.003364500308193893,0.12011446731080581,1
5911,0.15653767,-0.07276468999999999,0.003364500308193893,0.003364500308193893,0.7224356001433015,0.003364500308193893,0.12011446731080581,1
5912,0.15653767,-0.07276468999999999,0.003364500308193893,0.003364500308193893,0.7224356001433015,0.003364500308193893,0.12011446731080581,1
5913,0.15653767,-0.07276468999999999,0.003364500308193893,0.003364500308193893,0.7224356001433015,0.003364500308193893,0.12011446731080581,1
5914,0.15653767,-0.07276468999999999,0.003364500308193893,0.003364500308193893,0.7224356001433015,0.003364500308193893,0.12011446731080581,1
5915,0.15653767,-0.07276468999999999,0.003364500308193893,0.003364500308193893,0.7224356001433015,0.003364500308193893,0.12011446731080581,1
5916,0.15653767,-0.07276468999999999,0.003364500308193893,0.003364500308193893,0.7224356001433015,0.003364500308193893,0.12011446731080581,1
5917,0.15653767,-0.07276468999999999,0.003364500308193893,0.003364500308193893,0.7224356001433015,0.003364500308193893,0.12011446731080581,1
5918,0.15653767,-0.07276468999999999,0.003364500308193893,0.003364500308193893,0.7224356001433015,0.003364500308193893,0.12011446731080581,1
5919,0.15653767,-0.07276468999999999,0.003364500308193893,0.003364500308193893,0.7224356001433015,0.003364500308193893,0.12011446731080581,1
5920,0.15653767,-0.07276468999999999,0.003364500308193893,0.003364500308193893,0.7224356001433015,0.003364500308193893,0.12011446731080581,1
5921,0.15653767,-0.07276468999999999,0.003364500308193893,0.003364500308193893,0.7224356001433015,0.003364500308193893,0.12011446731080581,1
5922,0.15653767,-0.07276468999999999,0.003364500308193893,0.003364500308193893,0.7224356001433015,0.003364500308193893,0.12011446731080581,1
5923,0.15653767,-0.07276468999999999,0.003364500308193893,0.003364500308193893,0.7224356001433015,0.003364500308193893,0.12011446731080581,1
5924,0.15653767,-0.07276468999999999,0.003364500308193893,0.003364500308193893,0.7224356001433015,0.003364500308193893,0.12011446731080581,1
5925,0.15653767,-0.07276468999999999,0.003364500308193893,0.003364500308193893,0.7224356001433015,0.003364500308193893,0.12011446731080581,1
5926,0.15653767,-0.07276468999999999,0.003364500308193893,0.003364500308193893,0.7224356001433015,0.003364500308193893,0.12011446731080581,1
5927,0.15653767,-0.07276468999999999,0.003364500308193893,0.003364500308193893,0.7224356001433015,0.003364500308193893,0.12011446731080581,1
5928,0.15653767,-0.07276468999999999,0.003364500308193893,0.003364500308193893,0.7224356001433015,0.003364500308193893,0.12011446731080581,1
5929,0.15653767,-0.07276468999999999,0.003364500308193893,0.003364500308193893,0.7224356001433015,0.003364500308193893,0.12011446731080581,1
5930,0.15653767,-0.07276468999999999,0.003364500308193893,0.003364500308193893,0.7224356001433015,0.003364500308193893,0.12011446731080581,1
5931,0.15653767,-0.07276468999999999,0.003364500308193893,0.003364500308193893,0.7224356001433015,0.003364500308193893,0.12011446731080581,1
5932,0.15653767,-0.07276468999999999,0.003364500308193893,0.003364500308193893,0.7224356001433015,0.003364500308193893,0.12011446731080581,1
5933,0.15653767,-0.07276468999999999,0.003364500308193893,0.003364500308193893,0.7224356001433015,0.003364500308193893,0.12011446731080581,1
5934,0.15653767,-0.07276468999999999,0.003364500308193893,0.003364500308193893,0.7224356001433015,0.003364500308193893,0.12011446731080581,1
5935,0.15653767,-0.07276468999999999,0.003364500308193893,0.003364500308193893,0.7224356001433015,0.003364500308193893,0.12011446731080581,1
5936,0.15653767,-0.07276468999999999,0.003364500308193893,0.003364500308193893,0.7224356001433015,0.003364500308193893,0.12011446731080581,1
5937,0.15653767,-0.07276468999999999,0.003364500308193893,0.003364500308193893,0.7224356001433015,0.003364500308193893,0.12011446731080581,1
5938,0.15653767,-0.07276468999999999,0.003364500308193893,0.003364500308193893,0.7224356001433015,0.003364500308193893,0.12011446731080581,1
5939,0.15653767,-0.07276468999999999,0.003364500308193893,0.003364500308193893,0.7224356001433015,0.003364500308193893,0.12011446731080581,1
5940,0.15653767,-0.07276468999999999,0.003364500308193893,0.003364500308193893,0.7224356001433015,0.003364500308193893,0.12011446731080581,1
5941,0.15653767,-0.07276468999999999,0.003364500308193893,0.003364500308193893,0.7224356001433015,0.003364500308193893,0.12011446731080581,1
5942,0.15653767,-0.07276468999999999,0.003364500308193893,0.003364500308193893,0.7224356001433015,0.003364500308193893,0.12011446731080581,1
5943,0.15653767,-0.07276468999999999,0.003364500308193893,0.003364500308193893,0.7224356001433015,0.003364500308193893,0.12011446731080581,1
5944,0.15653767,-0.07276468999999999,0.003364500308193893,0.003364500308193893,0.7224356001433015,0.003364500308193893,0.12011446731080581,1
5945,0.15653767,-0.07276468999999999,0.003364500308193893,0.003364500308193893,0.7224356001433015,0.003364500308193893,0.12011446731080581,1
5946,0.15653767,-0.07276468999999999,0.003364500308193893,0.003364500308193893,0.7224356001433015,0.003364500308193893,0.12011446731080581,1
5947,0.15653767,-0.07276468999999999,0.003364500308193893,0.003364500308193893,0.7224356001433015,0.003364500308193893,0.12011446731080581,1
5948,0.15653767,-0.07276468999999999,0.003364500308193893,0.003364500308193893,0.7224356001433015,0.003364500308193893,0.12011446731080581,1
5949,0.15653767,-0.07276468999999999,0.003364500308193893,0.003364500308193893,0.7224356001433015,0.003364500308193893,0.12011446731080581,1
5950,0.15653767,-0.07276468999999999,0.003364500308193893,0.003364500308193893,0.7224356001433015,0.003364500308193893,0.12011446731080581,1
5951,0.15653767,-0.07276468999999999,0.003364500308193893,0.003364500308193893,0.7224356001433015,0.003364500308193893,0.12011446731080581,1
5952,0.15653767,-0.07276468999999999,0.003364500308193893,0.003364500308193893,0.7224356001433015,0.003364500308193893,0.12011446731080581,1
5953,0.15653767,-0.07276468999999999,0.003364500308193893,0.003364500308193893,0.7224356001433015,0.003364500308193893,0.12011446731080581,1
5954,0.15653767,-0.07276468999999999,0.003364500308193893,0.003364500308193893,0.7224356001433015,0.003364500308193893,0.12011446731080581,1
5955,0.15653767,-0.07276468999999999,0.003364500308193893,0.003364500308193893,0.7224356001433015,0.003364500308193893,0.12011446731080581,1
5956,0.15653767,-0.07276468999999999,0.003364500308193893,0.003364500308193893,0.7224356001433015,0.003364500308193893,0.12011446731080581,1
5957,0.15653767,-0.07276468999999999,0.003364500308193893,0.003364500308193893,0.7224356001433015,0.003364500308193893,0.12011446731080581,1
5958,0.15653767,-0.07276468999999999,0.003364500308193893,0.003364500308193893,0.7224356001433015,0.003364500308193893,0.12011446731080581,1
5959,0.15653767,-0.07276468999999999,0.003364500308193893,0.003364500308193893,0.7224356001433015,0.003364500308193893,0.12011446731080581,1
5960,0.15653767,-0.07276468999999999,0.003364500308193893,0.003364500308193893,0.7224356001433015,0.003364500308193893,0.12011446731080581,1
5961,0.15653767,-0.07276468999999999,0.003364500308193893,0.003364500308193893,0.7224356001433015,0.003364500308193893,0.12011446731080581,1
5962,0.15653767,-0.07276468999999999,0.003364500308193893,0.003364500308193893,0.7224356001433015,0.003364500308193893,0.12011446731080581,1
5963,0.15653767,-0.07276468999999999,0.003364500308193893,0.003364500308193893,0.7224356001433015,0.003364500308193893,0.12011446731080581,1
5964,0.15653767,-0.07276468999999999,0.003364500308193893,0.003364500308193893,0.7224356001433015,0.003364500308193893,0.12011446731080581,1
5965,0.15653767,-0.07276468999999999,0.003364500308193893,0.003364500308193893,0.7224356001433015,0.003364500308193893,0.12011446731080581,1
5966,0.15653767,-0.07276468999999999,0.003364500308193893,0.003364500308193893,0.7224356001433015,0.003364500308193893,0.12011446731080581,1
5967,0.15653767,-0.07276468999999999,0.003364500308193893,0.003364500308193893,0.7224356001433015,0.003364500308193893,0.12011446731080581,1
5968,0.15653767,-0.07276468999999999,0.003364500308193893,0.003364500308193893,0.7224356001433015,0.003364500308193893,0.12011446731080581,1
5969,0.15653767,-0.07276468999999999,0.003364500308193893,0.003364500308193893,0.7224356001433015,0.003364500308193893,0.12011446731080581,1
5970,0.15653767,-0.07276468999999999,0.003364500308193893,0.003364500308193893,0.7224356001433015,0.003364500308193893,0.12011446731080581,1
5971,0.15653767,-0.07276468999999999,0.003364500308193893,0.003364500308193893,0.7224356001433015,0.003364500308193893,0.12011446731080581,1
5972,0.15653767,-0.07276468999999999,0.003364500308193893,0.003364500308193893,0.7224356001433015,0.003364500308193893,0.12011446731080581,1
5973,0.15653767,-0.07276468999999999,0.003364500308193893,0.003364500308193893,0.7224356001433015,0.003364500308193893,0.12011446731080581,1
5974,0.15653767,-0.07276468999999999,0.003364500308193893,0.003364500308193893,0.7224356001433015,0.003364500308193893,0.12011446731080581,1
5975,0.15653767,-0.07276468999999999,0.003364500308193893,0.003364500308193893,0.7224356001433015,0.003364500308193893,0.12011446731080581,1
5976,0.15653767,-0.07276468999999999,0.003364500308193893,0.003364500308193893,0.7224356001433015,0.003364500308193893,0.12011446731080581,1
5977,0.15653767,-0.07276468999999999,0.003364500308193893,0.003364500308193893,0.7224356001433015,0.003364500308193893,0.12011446731080581,1
5978,0.15653767,-0.07276468999999999,0.003364500308193893,0.003364500308193893,0.7224356001433015,0.003364500308193893,0.12011446731080581,1
5979,0.15653767,-0.07276468999999999,0.003364500308193893,0.003364500308193893,0.7224356001433015,0.003364500308193893,0.12011446731080581,1
5980,0.15653767,-0.07276468999999999,0.003364500308193893,0.003364500308193893,0.7224356001433015,0.003364500308193893,0.12011446731080581,1
5981,0.15653767,-0.07276468999999999,0.003364500308193893,0.003364500308193893,0.7224356001433015,0.003364500308193893,0.12011446731080581,1
5982,0.15653767,-0.07276468999999999,0.003364500308193893,0.003364500308193893,0.7224356001433015,0.003364500308193893,0.12011446731080581,1
5983,0.15653767,-0.07276468999999999,0.003364500308193893,0.003364500308193893,0.7224356001433015,0.003364500308193893,0.12011446731080581,1
5984,0.15653767,-0.07276468999999999,0.003364500308193893,0.003364500308193893,0.7224356001433015,0.003364500308193893,0.12011446731080581,1
5985,0.15653767,-0.07276468999999999,0.003364500308193893,0.003364500308193893,0.7224356001433015,0.003364500308193893,0.12011446731080581,1
5986,0.15653767,-0.07276468999999999,0.003364500308193893,0.003364500308193893,0.7224356001433015,0.003364500308193893,0.12011446731080581,1
5987,0.15653767,-0.07276468999999999,0.003364500308193893,0.003364500308193893,0.7224356001433015,0.003364500308193893,0.12011446731080581,1
5988,0.15653767,-0.07276468999999999,0.003364500308193893,0.003364500308193893,0.7224356001433015,0.003364500308193893,0.12011446731080581,1
5989,0.15653767,-0.07276468999999999,0.003364500308193893,0.003364500308193893,0.7224356001433015,0.003364500308193893,0.12011446731080581,1
5990,0.15653767,-0.07276468999999999,0.003364500308193893,0.003364500308193893,0.7224356001433015,0.003364500308193893,0.12011446731080581,1
5991,0.15653767,-0.07276468999999999,0.003364500308193893,0.003364500308193893,0.7224356001433015,0.003364500308193893,0.12011446731080581,1
5992,0.15653767,-0.07276468999999999,0.003364500308193893,0.003364500308193893,0.7224356001433015,0.003364500308193893,0.12011446731080581,1
5993,0.15653767,-0.07276468999999999,0.003364500308193893,0.003364500308193893,0.7224356001433015,0.003364500308193893,0.12011446731080581,1
5994,0.15653767,-0.07276468999999999,0.003364500308193893,0.003364500308193893,0.7224356001433015,0.003364500308193893,0.12011446731080581,1
5995,0.15653767,-0.07276468999999999,0.003364500308193893,0.003364500308193893,0.7224356001433015,0.003364500308193893,0.12011446731080581,1
5996,0.15653767,-0.07276468999999999,0.003364500308193893,0.003364500308193893,0.7224356001433015,0.003364500308193893,0.12011446731080581,1
5997,0.15653767,-0.07276468999999999,0.003364500308193893,0.003364500308193893,0.7224356001433015,0.003364500308193893,0.12011446731080581,1
5998,0.15653767,-0.07276468999999999,0.003364500308193893,0.003364500308193893,0.7224356001433015,0.003364500308193893,0.12011446731080581,1
5999,0.15653767,-0.07276468999999999,0.003364500308193893,0.003364500308193893,0.7224356001433015,0.003364500308193893,0.12011446731080581,1
6000,0.15653767,-0.07276468999999999,0.003364500308193893,0.003364500308193893,0.7224356001433015,0.003364500308193893,0.12011446731080581,1
